solid OpenSCAD_Model
  facet normal 0.991425 0.130673 1.16237e-18
    outer loop
      vertex 37.4753 77.5665 9
      vertex 37.4012 78.1287 5
      vertex 37.4012 78.1287 9
    endloop
  endfacet
  facet normal 0.991425 0.130673 1.16237e-18
    outer loop
      vertex 37.4012 78.1287 5
      vertex 37.4753 77.5665 9
      vertex 37.4753 77.5665 5
    endloop
  endfacet
  facet normal 0.999051 0.0435597 -2.85878e-19
    outer loop
      vertex 37.5 77 9
      vertex 37.4753 77.5665 5
      vertex 37.4753 77.5665 9
    endloop
  endfacet
  facet normal 0.999051 0.0435597 -2.85878e-19
    outer loop
      vertex 37.4753 77.5665 5
      vertex 37.5 77 9
      vertex 37.5 77 5
    endloop
  endfacet
  facet normal 0.976307 0.216389 1.64009e-18
    outer loop
      vertex 37.4012 78.1287 9
      vertex 37.2785 78.6823 5
      vertex 37.2785 78.6823 9
    endloop
  endfacet
  facet normal 0.976307 0.216389 1.64009e-18
    outer loop
      vertex 37.2785 78.6823 5
      vertex 37.4012 78.1287 9
      vertex 37.4012 78.1287 5
    endloop
  endfacet
  facet normal -0.887043 -0.461686 -1.08091e-18
    outer loop
      vertex 25.3708 73.75 5
      vertex 25.109 74.253 9
      vertex 25.109 74.253 5
    endloop
  endfacet
  facet normal -0.887043 -0.461686 -1.08091e-18
    outer loop
      vertex 25.109 74.253 9
      vertex 25.3708 73.75 5
      vertex 25.3708 73.75 9
    endloop
  endfacet
  facet normal 0.300684 0.953724 -0
    outer loop
      vertex 33.2231 83.108 5
      vertex 32.6823 83.2785 9
      vertex 33.2231 83.108 9
    endloop
  endfacet
  facet normal 0.300684 0.953724 0
    outer loop
      vertex 32.6823 83.2785 9
      vertex 33.2231 83.108 5
      vertex 32.6823 83.2785 5
    endloop
  endfacet
  facet normal -0.843349 -0.537366 -8.42088e-20
    outer loop
      vertex 25.6755 73.2718 5
      vertex 25.3708 73.75 9
      vertex 25.3708 73.75 5
    endloop
  endfacet
  facet normal -0.843349 -0.537366 -8.42088e-20
    outer loop
      vertex 25.3708 73.75 9
      vertex 25.6755 73.2718 5
      vertex 25.6755 73.2718 9
    endloop
  endfacet
  facet normal 0.923884 0.382674 1.13602e-18
    outer loop
      vertex 37.108 79.2231 9
      vertex 36.891 79.747 5
      vertex 36.891 79.747 9
    endloop
  endfacet
  facet normal 0.923884 0.382674 1.13602e-18
    outer loop
      vertex 36.891 79.747 5
      vertex 37.108 79.2231 9
      vertex 37.108 79.2231 5
    endloop
  endfacet
  facet normal -0.216557 0.97627 0
    outer loop
      vertex 29.8713 83.4013 5
      vertex 29.3177 83.2785 9
      vertex 29.8713 83.4013 9
    endloop
  endfacet
  facet normal -0.216557 0.97627 0
    outer loop
      vertex 29.3177 83.2785 9
      vertex 29.8713 83.4013 5
      vertex 29.3177 83.2785 5
    endloop
  endfacet
  facet normal 0.0435597 -0.999051 0
    outer loop
      vertex 31 70.5 5
      vertex 31.5665 70.5247 9
      vertex 31 70.5 9
    endloop
  endfacet
  facet normal 0.0435597 -0.999051 0
    outer loop
      vertex 31.5665 70.5247 9
      vertex 31 70.5 5
      vertex 31.5665 70.5247 5
    endloop
  endfacet
  facet normal 0.216557 -0.97627 0
    outer loop
      vertex 32.1287 70.5987 5
      vertex 32.6823 70.7215 9
      vertex 32.1287 70.5987 9
    endloop
  endfacet
  facet normal 0.216557 -0.97627 0
    outer loop
      vertex 32.6823 70.7215 9
      vertex 32.1287 70.5987 5
      vertex 32.6823 70.7215 5
    endloop
  endfacet
  facet normal 0.537366 -0.843349 0
    outer loop
      vertex 34.25 71.3708 5
      vertex 34.7282 71.6755 9
      vertex 34.25 71.3708 9
    endloop
  endfacet
  facet normal 0.537366 -0.843349 0
    outer loop
      vertex 34.7282 71.6755 9
      vertex 34.25 71.3708 5
      vertex 34.7282 71.6755 5
    endloop
  endfacet
  facet normal 0.793371 -0.608739 2.82726e-18
    outer loop
      vertex 35.9793 72.8219 9
      vertex 36.3245 73.2718 5
      vertex 36.3245 73.2718 9
    endloop
  endfacet
  facet normal 0.793371 -0.608739 2.82726e-18
    outer loop
      vertex 36.3245 73.2718 5
      vertex 35.9793 72.8219 9
      vertex 35.9793 72.8219 5
    endloop
  endfacet
  facet normal 0.382674 0.923884 -0
    outer loop
      vertex 33.747 82.891 5
      vertex 33.2231 83.108 9
      vertex 33.747 82.891 9
    endloop
  endfacet
  facet normal 0.382674 0.923884 0
    outer loop
      vertex 33.2231 83.108 9
      vertex 33.747 82.891 5
      vertex 33.2231 83.108 5
    endloop
  endfacet
  facet normal 0.216557 0.97627 -0
    outer loop
      vertex 32.6823 83.2785 5
      vertex 32.1287 83.4013 9
      vertex 32.6823 83.2785 9
    endloop
  endfacet
  facet normal 0.216557 0.97627 0
    outer loop
      vertex 32.1287 83.4013 9
      vertex 32.6823 83.2785 5
      vertex 32.1287 83.4013 5
    endloop
  endfacet
  facet normal 0.991425 -0.130673 -1.16237e-18
    outer loop
      vertex 37.4012 75.8713 9
      vertex 37.4753 76.4335 5
      vertex 37.4753 76.4335 9
    endloop
  endfacet
  facet normal 0.991425 -0.130673 -1.16237e-18
    outer loop
      vertex 37.4753 76.4335 5
      vertex 37.4012 75.8713 9
      vertex 37.4012 75.8713 5
    endloop
  endfacet
  facet normal -0.793371 -0.608739 2.22388e-18
    outer loop
      vertex 26.0207 72.8219 5
      vertex 25.6755 73.2718 9
      vertex 25.6755 73.2718 5
    endloop
  endfacet
  facet normal -0.793371 -0.608739 2.22388e-18
    outer loop
      vertex 25.6755 73.2718 9
      vertex 26.0207 72.8219 5
      vertex 26.0207 72.8219 9
    endloop
  endfacet
  facet normal -0.1305 -0.991448 0
    outer loop
      vertex 29.8713 70.5987 5
      vertex 30.4335 70.5247 9
      vertex 29.8713 70.5987 9
    endloop
  endfacet
  facet normal -0.1305 -0.991448 -0
    outer loop
      vertex 30.4335 70.5247 9
      vertex 29.8713 70.5987 5
      vertex 30.4335 70.5247 5
    endloop
  endfacet
  facet normal -0.953724 -0.300684 -2.42054e-18
    outer loop
      vertex 24.892 74.7769 5
      vertex 24.7215 75.3177 9
      vertex 24.7215 75.3177 5
    endloop
  endfacet
  facet normal -0.953724 -0.300684 -2.42054e-18
    outer loop
      vertex 24.7215 75.3177 9
      vertex 24.892 74.7769 5
      vertex 24.892 74.7769 9
    endloop
  endfacet
  facet normal 0.923884 -0.382674 -1.13602e-18
    outer loop
      vertex 36.891 74.253 9
      vertex 37.108 74.7769 5
      vertex 37.108 74.7769 9
    endloop
  endfacet
  facet normal 0.923884 -0.382674 -1.13602e-18
    outer loop
      vertex 37.108 74.7769 5
      vertex 36.891 74.253 9
      vertex 36.891 74.253 5
    endloop
  endfacet
  facet normal 0.976307 -0.216389 -1.64009e-18
    outer loop
      vertex 37.2785 75.3177 9
      vertex 37.4012 75.8713 5
      vertex 37.4012 75.8713 9
    endloop
  endfacet
  facet normal 0.976307 -0.216389 -1.64009e-18
    outer loop
      vertex 37.4012 75.8713 5
      vertex 37.2785 75.3177 9
      vertex 37.2785 75.3177 5
    endloop
  endfacet
  facet normal -0 0 1
    outer loop
      vertex 24.6823 78.7215 5
      vertex 24.7215 78.6823 5
      vertex 24.7395 78.7395 5
    endloop
  endfacet
  facet normal 0 0 1
    outer loop
      vertex 24.6823 78.7215 5
      vertex 24.5987 78.1287 5
      vertex 24.7215 78.6823 5
    endloop
  endfacet
  facet normal -0 0 1
    outer loop
      vertex 23.5665 78.5247 5
      vertex 24.5247 77.5665 5
      vertex 24.1287 78.5987 5
    endloop
  endfacet
  facet normal 0 0 1
    outer loop
      vertex 24.5987 78.1287 5
      vertex 24.1287 78.5987 5
      vertex 24.5247 77.5665 5
    endloop
  endfacet
  facet normal -0 0 1
    outer loop
      vertex 24.1287 78.5987 5
      vertex 24.5987 78.1287 5
      vertex 24.6823 78.7215 5
    endloop
  endfacet
  facet normal 0 0 1
    outer loop
      vertex 192.433 78.5247 5
      vertex 191.475 77.5665 5
      vertex 191.5 77 5
    endloop
  endfacet
  facet normal 0 0 1
    outer loop
      vertex 191.871 78.5987 5
      vertex 191.401 78.1287 5
      vertex 191.475 77.5665 5
    endloop
  endfacet
  facet normal 0 0 1
    outer loop
      vertex 191.318 78.7215 5
      vertex 191.401 78.1287 5
      vertex 191.871 78.5987 5
    endloop
  endfacet
  facet normal 0 0 1
    outer loop
      vertex 191.318 78.7215 5
      vertex 191.279 78.6823 5
      vertex 191.401 78.1287 5
    endloop
  endfacet
  facet normal 0 -0 1
    outer loop
      vertex 191.279 78.6823 5
      vertex 191.318 78.7215 5
      vertex 191.26 78.7395 5
    endloop
  endfacet
  facet normal 0 0 1
    outer loop
      vertex 212 108 5
      vertex 216 104 5
      vertex 215.985 104.349 5
    endloop
  endfacet
  facet normal 0 0 1
    outer loop
      vertex 216 104 5
      vertex 198.891 82.253 5
      vertex 216 4 5
    endloop
  endfacet
  facet normal 0 0 1
    outer loop
      vertex 212 108 5
      vertex 215.985 104.349 5
      vertex 215.939 104.695 5
    endloop
  endfacet
  facet normal -0 0 1
    outer loop
      vertex 198.629 81.75 5
      vertex 216 4 5
      vertex 198.891 82.253 5
    endloop
  endfacet
  facet normal 0 0 1
    outer loop
      vertex 212 108 5
      vertex 215.939 104.695 5
      vertex 215.864 105.035 5
    endloop
  endfacet
  facet normal -0 0 1
    outer loop
      vertex 194.452 31.4659 5
      vertex 216 4 5
      vertex 198.629 81.75 5
    endloop
  endfacet
  facet normal 0 0 1
    outer loop
      vertex 212 108 5
      vertex 215.864 105.035 5
      vertex 215.759 105.368 5
    endloop
  endfacet
  facet normal -0 -0 1
    outer loop
      vertex 196.865 23.8114 5
      vertex 216 4 5
      vertex 194.452 31.4659 5
    endloop
  endfacet
  facet normal 0 0 1
    outer loop
      vertex 212 108 5
      vertex 215.759 105.368 5
      vertex 215.625 105.69 5
    endloop
  endfacet
  facet normal -0 -0 1
    outer loop
      vertex 198.602 15.9756 5
      vertex 216 4 5
      vertex 196.865 23.8114 5
    endloop
  endfacet
  facet normal 0 0 1
    outer loop
      vertex 212 108 5
      vertex 215.625 105.69 5
      vertex 215.464 106 5
    endloop
  endfacet
  facet normal -0 -0 1
    outer loop
      vertex 199.65 8.01833 5
      vertex 216 4 5
      vertex 198.602 15.9756 5
    endloop
  endfacet
  facet normal 0 0 1
    outer loop
      vertex 212 108 5
      vertex 215.464 106 5
      vertex 215.277 106.294 5
    endloop
  endfacet
  facet normal 0 0 1
    outer loop
      vertex 216 104 5
      vertex 199.108 82.7769 5
      vertex 198.891 82.253 5
    endloop
  endfacet
  facet normal 0 0 1
    outer loop
      vertex 212 108 5
      vertex 215.277 106.294 5
      vertex 215.064 106.571 5
    endloop
  endfacet
  facet normal 0 -0 1
    outer loop
      vertex 212 0 5
      vertex 216 4 5
      vertex 199.65 8.01833 5
    endloop
  endfacet
  facet normal 0 0 1
    outer loop
      vertex 212 108 5
      vertex 215.064 106.571 5
      vertex 214.828 106.828 5
    endloop
  endfacet
  facet normal 0 0 1
    outer loop
      vertex 216 4 5
      vertex 212 0 5
      vertex 215.985 3.65138 5
    endloop
  endfacet
  facet normal 0 0 1
    outer loop
      vertex 212 108 5
      vertex 214.828 106.828 5
      vertex 214.571 107.064 5
    endloop
  endfacet
  facet normal 0 0 1
    outer loop
      vertex 215.985 3.65138 5
      vertex 212 0 5
      vertex 215.939 3.30541 5
    endloop
  endfacet
  facet normal 0 0 1
    outer loop
      vertex 212 108 5
      vertex 214.571 107.064 5
      vertex 214.294 107.277 5
    endloop
  endfacet
  facet normal 0 0 1
    outer loop
      vertex 215.864 2.96472 5
      vertex 212 0 5
      vertex 215.759 2.63192 5
    endloop
  endfacet
  facet normal 0 0 1
    outer loop
      vertex 212 108 5
      vertex 214.294 107.277 5
      vertex 214 107.464 5
    endloop
  endfacet
  facet normal 0 0 1
    outer loop
      vertex 215.759 2.63192 5
      vertex 212 0 5
      vertex 215.625 2.30953 5
    endloop
  endfacet
  facet normal 0 0 1
    outer loop
      vertex 212 108 5
      vertex 214 107.464 5
      vertex 213.69 107.625 5
    endloop
  endfacet
  facet normal 0 0 1
    outer loop
      vertex 215.625 2.30953 5
      vertex 212 0 5
      vertex 215.464 2 5
    endloop
  endfacet
  facet normal 0 0 1
    outer loop
      vertex 212 108 5
      vertex 213.69 107.625 5
      vertex 213.368 107.759 5
    endloop
  endfacet
  facet normal 0 0 1
    outer loop
      vertex 215.464 2 5
      vertex 212 0 5
      vertex 215.277 1.70569 5
    endloop
  endfacet
  facet normal 0 0 1
    outer loop
      vertex 212 108 5
      vertex 213.368 107.759 5
      vertex 213.035 107.864 5
    endloop
  endfacet
  facet normal 0 0 1
    outer loop
      vertex 215.277 1.70569 5
      vertex 212 0 5
      vertex 215.064 1.42885 5
    endloop
  endfacet
  facet normal 0 0 1
    outer loop
      vertex 212 108 5
      vertex 213.035 107.864 5
      vertex 212.695 107.939 5
    endloop
  endfacet
  facet normal 0 0 1
    outer loop
      vertex 215.064 1.42885 5
      vertex 212 0 5
      vertex 214.828 1.17157 5
    endloop
  endfacet
  facet normal 0 0 1
    outer loop
      vertex 212 108 5
      vertex 212.695 107.939 5
      vertex 212.349 107.985 5
    endloop
  endfacet
  facet normal 0 0 1
    outer loop
      vertex 214.828 1.17157 5
      vertex 212 0 5
      vertex 214.571 0.935822 5
    endloop
  endfacet
  facet normal 0 0 1
    outer loop
      vertex 216 104 5
      vertex 212 108 5
      vertex 197.596 89.5962 5
    endloop
  endfacet
  facet normal 0 0 1
    outer loop
      vertex 214.571 0.935822 5
      vertex 212 0 5
      vertex 214.294 0.723392 5
    endloop
  endfacet
  facet normal 0 0 1
    outer loop
      vertex 214.294 0.723392 5
      vertex 212 0 5
      vertex 214 0.535898 5
    endloop
  endfacet
  facet normal 0 0 1
    outer loop
      vertex 212 0 5
      vertex 199.65 8.01833 5
      vertex 200 0 5
    endloop
  endfacet
  facet normal 0 0 1
    outer loop
      vertex 216 104 5
      vertex 199.5 85 5
      vertex 199.475 84.4335 5
    endloop
  endfacet
  facet normal 0 0 1
    outer loop
      vertex 216 104 5
      vertex 199.475 85.5665 5
      vertex 199.5 85 5
    endloop
  endfacet
  facet normal 0 0 1
    outer loop
      vertex 216 104 5
      vertex 199.401 86.1287 5
      vertex 199.475 85.5665 5
    endloop
  endfacet
  facet normal 0 0 1
    outer loop
      vertex 216 104 5
      vertex 199.279 86.6823 5
      vertex 199.401 86.1287 5
    endloop
  endfacet
  facet normal 0 0 1
    outer loop
      vertex 216 104 5
      vertex 199.108 87.2231 5
      vertex 199.279 86.6823 5
    endloop
  endfacet
  facet normal 0 0 1
    outer loop
      vertex 216 104 5
      vertex 198.891 87.747 5
      vertex 199.108 87.2231 5
    endloop
  endfacet
  facet normal 0 0 1
    outer loop
      vertex 216 104 5
      vertex 198.629 88.25 5
      vertex 198.891 87.747 5
    endloop
  endfacet
  facet normal 0 0 1
    outer loop
      vertex 216 104 5
      vertex 198.324 88.7282 5
      vertex 198.629 88.25 5
    endloop
  endfacet
  facet normal 0 0 1
    outer loop
      vertex 216 104 5
      vertex 197.979 89.1781 5
      vertex 198.324 88.7282 5
    endloop
  endfacet
  facet normal 0 0 1
    outer loop
      vertex 216 104 5
      vertex 197.596 89.5962 5
      vertex 197.979 89.1781 5
    endloop
  endfacet
  facet normal 0 0 1
    outer loop
      vertex 212 108 5
      vertex 197.178 89.9793 5
      vertex 197.596 89.5962 5
    endloop
  endfacet
  facet normal 0 0 1
    outer loop
      vertex 212 108 5
      vertex 196.728 90.3245 5
      vertex 197.178 89.9793 5
    endloop
  endfacet
  facet normal 0 0 1
    outer loop
      vertex 212 108 5
      vertex 196.25 90.6292 5
      vertex 196.728 90.3245 5
    endloop
  endfacet
  facet normal 0 0 1
    outer loop
      vertex 212 108 5
      vertex 195.747 90.891 5
      vertex 196.25 90.6292 5
    endloop
  endfacet
  facet normal 0 0 1
    outer loop
      vertex 212 108 5
      vertex 195.223 91.108 5
      vertex 195.747 90.891 5
    endloop
  endfacet
  facet normal 0 0 1
    outer loop
      vertex 212 108 5
      vertex 194.682 91.2785 5
      vertex 195.223 91.108 5
    endloop
  endfacet
  facet normal 0 0 1
    outer loop
      vertex 212 108 5
      vertex 194.129 91.4013 5
      vertex 194.682 91.2785 5
    endloop
  endfacet
  facet normal 0 0 1
    outer loop
      vertex 212 108 5
      vertex 193.567 91.4753 5
      vertex 194.129 91.4013 5
    endloop
  endfacet
  facet normal 0 0 1
    outer loop
      vertex 212 108 5
      vertex 193 91.5 5
      vertex 193.567 91.4753 5
    endloop
  endfacet
  facet normal 0 0 1
    outer loop
      vertex 212 108 5
      vertex 192.433 91.4753 5
      vertex 193 91.5 5
    endloop
  endfacet
  facet normal 0 0 1
    outer loop
      vertex 212 108 5
      vertex 191.871 91.4013 5
      vertex 192.433 91.4753 5
    endloop
  endfacet
  facet normal 0 0 1
    outer loop
      vertex 212 108 5
      vertex 191.318 91.2785 5
      vertex 191.871 91.4013 5
    endloop
  endfacet
  facet normal 0 0 1
    outer loop
      vertex 212 108 5
      vertex 190.777 91.108 5
      vertex 191.318 91.2785 5
    endloop
  endfacet
  facet normal 0 0 1
    outer loop
      vertex 212 108 5
      vertex 190.253 90.891 5
      vertex 190.777 91.108 5
    endloop
  endfacet
  facet normal 0 0 1
    outer loop
      vertex 139.466 86.4517 5
      vertex 190.253 90.891 5
      vertex 212 108 5
    endloop
  endfacet
  facet normal 0 0 1
    outer loop
      vertex 190.253 90.891 5
      vertex 139.466 86.4517 5
      vertex 189.75 90.6292 5
    endloop
  endfacet
  facet normal 0 0 1
    outer loop
      vertex 189.75 90.6292 5
      vertex 139.466 86.4517 5
      vertex 189.272 90.3245 5
    endloop
  endfacet
  facet normal 0 0 1
    outer loop
      vertex 185 83.5 5
      vertex 186.5 85 5
      vertex 186.525 85.5665 5
    endloop
  endfacet
  facet normal 0 0 1
    outer loop
      vertex 184.433 83.4753 5
      vertex 186.525 85.5665 5
      vertex 186.599 86.1287 5
    endloop
  endfacet
  facet normal 0 0 1
    outer loop
      vertex 186.5 85 5
      vertex 185.567 83.4753 5
      vertex 186.129 83.4013 5
    endloop
  endfacet
  facet normal 0 0 1
    outer loop
      vertex 183.871 83.4013 5
      vertex 186.599 86.1287 5
      vertex 186.721 86.6823 5
    endloop
  endfacet
  facet normal 0 0 1
    outer loop
      vertex 183.318 83.2785 5
      vertex 186.721 86.6823 5
      vertex 186.892 87.2231 5
    endloop
  endfacet
  facet normal 0 0 1
    outer loop
      vertex 186.5 85 5
      vertex 185 83.5 5
      vertex 185.567 83.4753 5
    endloop
  endfacet
  facet normal 0 0 1
    outer loop
      vertex 182.777 83.108 5
      vertex 186.892 87.2231 5
      vertex 187.109 87.747 5
    endloop
  endfacet
  facet normal 0 0 1
    outer loop
      vertex 186.525 85.5665 5
      vertex 184.433 83.4753 5
      vertex 185 83.5 5
    endloop
  endfacet
  facet normal 0 0 1
    outer loop
      vertex 182.253 82.891 5
      vertex 187.109 87.747 5
      vertex 187.371 88.25 5
    endloop
  endfacet
  facet normal 0 0 1
    outer loop
      vertex 186.599 86.1287 5
      vertex 183.871 83.4013 5
      vertex 184.433 83.4753 5
    endloop
  endfacet
  facet normal 0 0 1
    outer loop
      vertex 181.75 82.6292 5
      vertex 187.371 88.25 5
      vertex 187.676 88.7282 5
    endloop
  endfacet
  facet normal 0 0 1
    outer loop
      vertex 186.721 86.6823 5
      vertex 183.318 83.2785 5
      vertex 183.871 83.4013 5
    endloop
  endfacet
  facet normal 0 0 1
    outer loop
      vertex 154 79.6743 5
      vertex 187.676 88.7282 5
      vertex 188.021 89.1781 5
    endloop
  endfacet
  facet normal 0 0 1
    outer loop
      vertex 186.892 87.2231 5
      vertex 182.777 83.108 5
      vertex 183.318 83.2785 5
    endloop
  endfacet
  facet normal 0 0 1
    outer loop
      vertex 187.109 87.747 5
      vertex 182.253 82.891 5
      vertex 182.777 83.108 5
    endloop
  endfacet
  facet normal 0 0 1
    outer loop
      vertex 146.881 83.3803 5
      vertex 188.021 89.1781 5
      vertex 188.404 89.5962 5
    endloop
  endfacet
  facet normal 0 0 1
    outer loop
      vertex 187.371 88.25 5
      vertex 181.75 82.6292 5
      vertex 182.253 82.891 5
    endloop
  endfacet
  facet normal 0 0 1
    outer loop
      vertex 187.676 88.7282 5
      vertex 181.272 82.3245 5
      vertex 181.75 82.6292 5
    endloop
  endfacet
  facet normal 0 0 1
    outer loop
      vertex 187.676 88.7282 5
      vertex 154 79.6743 5
      vertex 181.272 82.3245 5
    endloop
  endfacet
  facet normal 0 0 1
    outer loop
      vertex 181.272 82.3245 5
      vertex 154 79.6743 5
      vertex 180.822 81.9793 5
    endloop
  endfacet
  facet normal 0 0 1
    outer loop
      vertex 182.253 71.109 5
      vertex 173.054 65.0538 5
      vertex 178.476 59.1365 5
    endloop
  endfacet
  facet normal 0 0 1
    outer loop
      vertex 167.136 70.4761 5
      vertex 178.5 77 5
      vertex 178.525 77.5665 5
    endloop
  endfacet
  facet normal 0 0 1
    outer loop
      vertex 167.136 70.4761 5
      vertex 178.525 77.5665 5
      vertex 178.599 78.1287 5
    endloop
  endfacet
  facet normal 0 0 1
    outer loop
      vertex 160.769 75.362 5
      vertex 178.599 78.1287 5
      vertex 178.721 78.6823 5
    endloop
  endfacet
  facet normal 0 0 1
    outer loop
      vertex 160.769 75.362 5
      vertex 178.721 78.6823 5
      vertex 178.892 79.2231 5
    endloop
  endfacet
  facet normal 0 0 1
    outer loop
      vertex 178.525 76.4335 5
      vertex 167.136 70.4761 5
      vertex 173.054 65.0538 5
    endloop
  endfacet
  facet normal 0 0 1
    outer loop
      vertex 160.769 75.362 5
      vertex 178.892 79.2231 5
      vertex 179.109 79.747 5
    endloop
  endfacet
  facet normal 0 0 1
    outer loop
      vertex 160.769 75.362 5
      vertex 179.109 79.747 5
      vertex 179.371 80.25 5
    endloop
  endfacet
  facet normal 0 0 1
    outer loop
      vertex 160.769 75.362 5
      vertex 179.371 80.25 5
      vertex 179.676 80.7282 5
    endloop
  endfacet
  facet normal 0 0 1
    outer loop
      vertex 160.769 75.362 5
      vertex 179.676 80.7282 5
      vertex 180.021 81.1781 5
    endloop
  endfacet
  facet normal 0 0 1
    outer loop
      vertex 154 79.6743 5
      vertex 180.021 81.1781 5
      vertex 180.404 81.5962 5
    endloop
  endfacet
  facet normal 0 0 1
    outer loop
      vertex 180.822 81.9793 5
      vertex 154 79.6743 5
      vertex 180.404 81.5962 5
    endloop
  endfacet
  facet normal 0 0 1
    outer loop
      vertex 146.881 83.3803 5
      vertex 188.404 89.5962 5
      vertex 188.822 89.9793 5
    endloop
  endfacet
  facet normal 0 0 1
    outer loop
      vertex 178.599 78.1287 5
      vertex 160.769 75.362 5
      vertex 167.136 70.4761 5
    endloop
  endfacet
  facet normal 0 -0 1
    outer loop
      vertex 146.881 83.3803 5
      vertex 189.272 90.3245 5
      vertex 139.466 86.4517 5
    endloop
  endfacet
  facet normal 0 0 1
    outer loop
      vertex 180.021 81.1781 5
      vertex 154 79.6743 5
      vertex 160.769 75.362 5
    endloop
  endfacet
  facet normal 0 0 1
    outer loop
      vertex 188.021 89.1781 5
      vertex 146.881 83.3803 5
      vertex 154 79.6743 5
    endloop
  endfacet
  facet normal 0 0 1
    outer loop
      vertex 189.272 90.3245 5
      vertex 146.881 83.3803 5
      vertex 188.822 89.9793 5
    endloop
  endfacet
  facet normal 0 0 1
    outer loop
      vertex 212 108 5
      vertex 131.811 88.8652 5
      vertex 139.466 86.4517 5
    endloop
  endfacet
  facet normal 0 0 1
    outer loop
      vertex 212 108 5
      vertex 123.976 90.6023 5
      vertex 131.811 88.8652 5
    endloop
  endfacet
  facet normal 0 0 1
    outer loop
      vertex 212 108 5
      vertex 116.018 91.6499 5
      vertex 123.976 90.6023 5
    endloop
  endfacet
  facet normal 0 0 1
    outer loop
      vertex 212 108 5
      vertex 108 92 5
      vertex 116.018 91.6499 5
    endloop
  endfacet
  facet normal -0 0 1
    outer loop
      vertex 4 108 5
      vertex 108 92 5
      vertex 212 108 5
    endloop
  endfacet
  facet normal 0 0 1
    outer loop
      vertex 108 92 5
      vertex 4 108 5
      vertex 99.9817 91.6499 5
    endloop
  endfacet
  facet normal -0 0 1
    outer loop
      vertex 37.4012 75.8713 5
      vertex 48.8635 70.4761 5
      vertex 37.4753 76.4335 5
    endloop
  endfacet
  facet normal -0 0 1
    outer loop
      vertex 37.4753 76.4335 5
      vertex 48.8635 70.4761 5
      vertex 37.5 77 5
    endloop
  endfacet
  facet normal 0 0 1
    outer loop
      vertex 37.4012 78.1287 5
      vertex 48.8635 70.4761 5
      vertex 55.231 75.362 5
    endloop
  endfacet
  facet normal 0 0 1
    outer loop
      vertex 35.9793 81.1781 5
      vertex 55.231 75.362 5
      vertex 62 79.6743 5
    endloop
  endfacet
  facet normal 0 0 1
    outer loop
      vertex 27.9793 89.1781 5
      vertex 62 79.6743 5
      vertex 69.1191 83.3803 5
    endloop
  endfacet
  facet normal 0 0 1
    outer loop
      vertex 26.7282 90.3245 5
      vertex 69.1191 83.3803 5
      vertex 76.5341 86.4517 5
    endloop
  endfacet
  facet normal 0 0 1
    outer loop
      vertex 4 108 5
      vertex 76.5341 86.4517 5
      vertex 84.1886 88.8652 5
    endloop
  endfacet
  facet normal 0 0 1
    outer loop
      vertex 48.8635 70.4761 5
      vertex 37.4753 77.5665 5
      vertex 37.5 77 5
    endloop
  endfacet
  facet normal 0 0 1
    outer loop
      vertex 48.8635 70.4761 5
      vertex 37.4012 78.1287 5
      vertex 37.4753 77.5665 5
    endloop
  endfacet
  facet normal 0 0 1
    outer loop
      vertex 55.231 75.362 5
      vertex 37.2785 78.6823 5
      vertex 37.4012 78.1287 5
    endloop
  endfacet
  facet normal 0 0 1
    outer loop
      vertex 4 108 5
      vertex 84.1886 88.8652 5
      vertex 92.0244 90.6023 5
    endloop
  endfacet
  facet normal 0 0 1
    outer loop
      vertex 55.231 75.362 5
      vertex 37.108 79.2231 5
      vertex 37.2785 78.6823 5
    endloop
  endfacet
  facet normal 0 0 1
    outer loop
      vertex 55.231 75.362 5
      vertex 36.891 79.747 5
      vertex 37.108 79.2231 5
    endloop
  endfacet
  facet normal 0 0 1
    outer loop
      vertex 55.231 75.362 5
      vertex 36.6292 80.25 5
      vertex 36.891 79.747 5
    endloop
  endfacet
  facet normal 0 0 1
    outer loop
      vertex 55.231 75.362 5
      vertex 36.3245 80.7282 5
      vertex 36.6292 80.25 5
    endloop
  endfacet
  facet normal 0 0 1
    outer loop
      vertex 55.231 75.362 5
      vertex 35.9793 81.1781 5
      vertex 36.3245 80.7282 5
    endloop
  endfacet
  facet normal 0 0 1
    outer loop
      vertex 62 79.6743 5
      vertex 35.5962 81.5962 5
      vertex 35.9793 81.1781 5
    endloop
  endfacet
  facet normal 0 0 1
    outer loop
      vertex 62 79.6743 5
      vertex 35.1781 81.9793 5
      vertex 35.5962 81.5962 5
    endloop
  endfacet
  facet normal 0 0 1
    outer loop
      vertex 62 79.6743 5
      vertex 27.9793 89.1781 5
      vertex 28.3245 88.7282 5
    endloop
  endfacet
  facet normal 0 0 1
    outer loop
      vertex 99.9817 91.6499 5
      vertex 4 108 5
      vertex 92.0244 90.6023 5
    endloop
  endfacet
  facet normal 0 0 1
    outer loop
      vertex 62 79.6743 5
      vertex 34.7282 82.3245 5
      vertex 35.1781 81.9793 5
    endloop
  endfacet
  facet normal 0 0 1
    outer loop
      vertex 62 79.6743 5
      vertex 28.3245 88.7282 5
      vertex 34.7282 82.3245 5
    endloop
  endfacet
  facet normal 0 0 1
    outer loop
      vertex 34.7282 82.3245 5
      vertex 28.3245 88.7282 5
      vertex 34.25 82.6292 5
    endloop
  endfacet
  facet normal -0 -0 1
    outer loop
      vertex 28.6292 88.25 5
      vertex 34.25 82.6292 5
      vertex 28.3245 88.7282 5
    endloop
  endfacet
  facet normal -0 -0 1
    outer loop
      vertex 28.891 87.747 5
      vertex 33.747 82.891 5
      vertex 28.6292 88.25 5
    endloop
  endfacet
  facet normal 0 0 1
    outer loop
      vertex 33.747 82.891 5
      vertex 28.891 87.747 5
      vertex 33.2231 83.108 5
    endloop
  endfacet
  facet normal 0 0 1
    outer loop
      vertex 33.2231 83.108 5
      vertex 29.108 87.2231 5
      vertex 32.6823 83.2785 5
    endloop
  endfacet
  facet normal 0 0 1
    outer loop
      vertex 32.6823 83.2785 5
      vertex 29.2785 86.6823 5
      vertex 32.1287 83.4013 5
    endloop
  endfacet
  facet normal 0 0 1
    outer loop
      vertex 32.1287 83.4013 5
      vertex 29.4012 86.1287 5
      vertex 31.5665 83.4753 5
    endloop
  endfacet
  facet normal -0 -0 1
    outer loop
      vertex 29.5 85 5
      vertex 31 83.5 5
      vertex 29.4753 85.5665 5
    endloop
  endfacet
  facet normal -0 0 1
    outer loop
      vertex 29.4753 84.4335 5
      vertex 30.4335 83.4753 5
      vertex 29.5 85 5
    endloop
  endfacet
  facet normal 0 0 1
    outer loop
      vertex 31 83.5 5
      vertex 29.5 85 5
      vertex 30.4335 83.4753 5
    endloop
  endfacet
  facet normal 0 0 1
    outer loop
      vertex 31.5665 83.4753 5
      vertex 29.4753 85.5665 5
      vertex 31 83.5 5
    endloop
  endfacet
  facet normal -0 -0 1
    outer loop
      vertex 29.4753 85.5665 5
      vertex 31.5665 83.4753 5
      vertex 29.4012 86.1287 5
    endloop
  endfacet
  facet normal -0 -0 1
    outer loop
      vertex 29.4012 86.1287 5
      vertex 32.1287 83.4013 5
      vertex 29.2785 86.6823 5
    endloop
  endfacet
  facet normal -0 -0 1
    outer loop
      vertex 29.2785 86.6823 5
      vertex 32.6823 83.2785 5
      vertex 29.108 87.2231 5
    endloop
  endfacet
  facet normal -0 -0 1
    outer loop
      vertex 29.108 87.2231 5
      vertex 33.2231 83.108 5
      vertex 28.891 87.747 5
    endloop
  endfacet
  facet normal 0 0 1
    outer loop
      vertex 34.25 82.6292 5
      vertex 28.6292 88.25 5
      vertex 33.747 82.891 5
    endloop
  endfacet
  facet normal 0 0 1
    outer loop
      vertex 69.1191 83.3803 5
      vertex 27.5962 89.5962 5
      vertex 27.9793 89.1781 5
    endloop
  endfacet
  facet normal 0 0 1
    outer loop
      vertex 69.1191 83.3803 5
      vertex 27.1781 89.9793 5
      vertex 27.5962 89.5962 5
    endloop
  endfacet
  facet normal 0 0 1
    outer loop
      vertex 69.1191 83.3803 5
      vertex 26.7282 90.3245 5
      vertex 27.1781 89.9793 5
    endloop
  endfacet
  facet normal 0 0 1
    outer loop
      vertex 76.5341 86.4517 5
      vertex 26.25 90.6292 5
      vertex 26.7282 90.3245 5
    endloop
  endfacet
  facet normal 0 0 1
    outer loop
      vertex 76.5341 86.4517 5
      vertex 4 108 5
      vertex 25.747 90.891 5
    endloop
  endfacet
  facet normal 0 0 1
    outer loop
      vertex 76.5341 86.4517 5
      vertex 25.747 90.891 5
      vertex 26.25 90.6292 5
    endloop
  endfacet
  facet normal 0 0 1
    outer loop
      vertex 25.747 90.891 5
      vertex 4 108 5
      vertex 25.2231 91.108 5
    endloop
  endfacet
  facet normal 0 0 1
    outer loop
      vertex 25.2231 91.108 5
      vertex 4 108 5
      vertex 24.6823 91.2785 5
    endloop
  endfacet
  facet normal 0 0 1
    outer loop
      vertex 24.6823 91.2785 5
      vertex 4 108 5
      vertex 24.1287 91.4013 5
    endloop
  endfacet
  facet normal 0 0 1
    outer loop
      vertex 24.1287 91.4013 5
      vertex 4 108 5
      vertex 23.5665 91.4753 5
    endloop
  endfacet
  facet normal 0 0 1
    outer loop
      vertex 23.5665 91.4753 5
      vertex 4 108 5
      vertex 23 91.5 5
    endloop
  endfacet
  facet normal 0 0 1
    outer loop
      vertex 17.3977 15.9756 5
      vertex 0 4 5
      vertex 16.3501 8.01833 5
    endloop
  endfacet
  facet normal 0 0 1
    outer loop
      vertex 23 91.5 5
      vertex 4 108 5
      vertex 22.4335 91.4753 5
    endloop
  endfacet
  facet normal 0 0 1
    outer loop
      vertex 4 108 5
      vertex 21.8713 91.4013 5
      vertex 22.4335 91.4753 5
    endloop
  endfacet
  facet normal 0 0 1
    outer loop
      vertex 4 108 5
      vertex 21.3177 91.2785 5
      vertex 21.8713 91.4013 5
    endloop
  endfacet
  facet normal 0 0 1
    outer loop
      vertex 4 108 5
      vertex 20.7769 91.108 5
      vertex 21.3177 91.2785 5
    endloop
  endfacet
  facet normal 0 0 1
    outer loop
      vertex 4 108 5
      vertex 20.253 90.891 5
      vertex 20.7769 91.108 5
    endloop
  endfacet
  facet normal 0 0 1
    outer loop
      vertex 4 108 5
      vertex 19.75 90.6292 5
      vertex 20.253 90.891 5
    endloop
  endfacet
  facet normal 0 0 1
    outer loop
      vertex 4 108 5
      vertex 19.2718 90.3245 5
      vertex 19.75 90.6292 5
    endloop
  endfacet
  facet normal 0 0 1
    outer loop
      vertex 4 108 5
      vertex 18.8219 89.9793 5
      vertex 19.2718 90.3245 5
    endloop
  endfacet
  facet normal 0 0 1
    outer loop
      vertex 4 108 5
      vertex 18.4038 89.5962 5
      vertex 18.8219 89.9793 5
    endloop
  endfacet
  facet normal -0 0 1
    outer loop
      vertex 0 104 5
      vertex 18.4038 89.5962 5
      vertex 4 108 5
    endloop
  endfacet
  facet normal 0 0 1
    outer loop
      vertex 18.4038 89.5962 5
      vertex 0 104 5
      vertex 18.0207 89.1781 5
    endloop
  endfacet
  facet normal 0 0 1
    outer loop
      vertex 18.0207 89.1781 5
      vertex 0 104 5
      vertex 17.6755 88.7282 5
    endloop
  endfacet
  facet normal 0 0 1
    outer loop
      vertex 17.6755 88.7282 5
      vertex 0 104 5
      vertex 17.3708 88.25 5
    endloop
  endfacet
  facet normal 0 0 1
    outer loop
      vertex 17.3708 88.25 5
      vertex 0 104 5
      vertex 17.109 87.747 5
    endloop
  endfacet
  facet normal 0 0 1
    outer loop
      vertex 17.109 87.747 5
      vertex 0 104 5
      vertex 16.892 87.2231 5
    endloop
  endfacet
  facet normal 0 0 1
    outer loop
      vertex 16.892 87.2231 5
      vertex 0 104 5
      vertex 16.7215 86.6823 5
    endloop
  endfacet
  facet normal 0 0 1
    outer loop
      vertex 16.7215 86.6823 5
      vertex 0 104 5
      vertex 16.5987 86.1287 5
    endloop
  endfacet
  facet normal 0 0 1
    outer loop
      vertex 16.5987 86.1287 5
      vertex 0 104 5
      vertex 16.5247 85.5665 5
    endloop
  endfacet
  facet normal 0 0 1
    outer loop
      vertex 16.5247 85.5665 5
      vertex 0 104 5
      vertex 16.5 85 5
    endloop
  endfacet
  facet normal 0 0 1
    outer loop
      vertex 0 4 5
      vertex 16.5 85 5
      vertex 0 104 5
    endloop
  endfacet
  facet normal 0 0 1
    outer loop
      vertex 0 104 5
      vertex 4 108 5
      vertex 3.65138 107.985 5
    endloop
  endfacet
  facet normal 0 -0 1
    outer loop
      vertex 4 0 5
      vertex 16.3501 8.01833 5
      vertex 0 4 5
    endloop
  endfacet
  facet normal 0 0 1
    outer loop
      vertex 0 104 5
      vertex 3.65138 107.985 5
      vertex 3.30541 107.939 5
    endloop
  endfacet
  facet normal 0 0 1
    outer loop
      vertex 16.3501 8.01833 5
      vertex 4 0 5
      vertex 16 0 5
    endloop
  endfacet
  facet normal 0 0 1
    outer loop
      vertex 0 104 5
      vertex 3.30541 107.939 5
      vertex 2.96472 107.864 5
    endloop
  endfacet
  facet normal 0 0 1
    outer loop
      vertex 4 0 5
      vertex 0 4 5
      vertex 3.65138 0.0152206 5
    endloop
  endfacet
  facet normal 0 0 1
    outer loop
      vertex 0 104 5
      vertex 2.96472 107.864 5
      vertex 2.63192 107.759 5
    endloop
  endfacet
  facet normal 0 0 1
    outer loop
      vertex 3.65138 0.0152206 5
      vertex 0 4 5
      vertex 3.30541 0.0607681 5
    endloop
  endfacet
  facet normal 0 0 1
    outer loop
      vertex 0 104 5
      vertex 2.63192 107.759 5
      vertex 2.30953 107.625 5
    endloop
  endfacet
  facet normal 0 0 1
    outer loop
      vertex 3.30541 0.0607681 5
      vertex 0 4 5
      vertex 2.96472 0.136296 5
    endloop
  endfacet
  facet normal 0 0 1
    outer loop
      vertex 0 104 5
      vertex 2.30953 107.625 5
      vertex 2 107.464 5
    endloop
  endfacet
  facet normal 0 0 1
    outer loop
      vertex 2.96472 0.136296 5
      vertex 0 4 5
      vertex 2.63192 0.241229 5
    endloop
  endfacet
  facet normal 0 0 1
    outer loop
      vertex 0 104 5
      vertex 2 107.464 5
      vertex 1.70569 107.277 5
    endloop
  endfacet
  facet normal 0 0 1
    outer loop
      vertex 2.63192 0.241229 5
      vertex 0 4 5
      vertex 2.30953 0.374768 5
    endloop
  endfacet
  facet normal 0 0 1
    outer loop
      vertex 0 104 5
      vertex 1.70569 107.277 5
      vertex 1.42885 107.064 5
    endloop
  endfacet
  facet normal 0 0 1
    outer loop
      vertex 2.30953 0.374768 5
      vertex 0 4 5
      vertex 2 0.535898 5
    endloop
  endfacet
  facet normal 0 0 1
    outer loop
      vertex 0 104 5
      vertex 1.42885 107.064 5
      vertex 1.17157 106.828 5
    endloop
  endfacet
  facet normal 0 0 1
    outer loop
      vertex 2 0.535898 5
      vertex 0 4 5
      vertex 1.70569 0.723392 5
    endloop
  endfacet
  facet normal 0 0 1
    outer loop
      vertex 0 104 5
      vertex 1.17157 106.828 5
      vertex 0.935822 106.571 5
    endloop
  endfacet
  facet normal 0 0 1
    outer loop
      vertex 1.70569 0.723392 5
      vertex 0 4 5
      vertex 1.42885 0.935822 5
    endloop
  endfacet
  facet normal 0 0 1
    outer loop
      vertex 0 104 5
      vertex 0.935822 106.571 5
      vertex 0.723392 106.294 5
    endloop
  endfacet
  facet normal 0 0 1
    outer loop
      vertex 1.42885 0.935822 5
      vertex 0 4 5
      vertex 1.17157 1.17157 5
    endloop
  endfacet
  facet normal 0 0 1
    outer loop
      vertex 0 104 5
      vertex 0.723392 106.294 5
      vertex 0.535898 106 5
    endloop
  endfacet
  facet normal 0 0 1
    outer loop
      vertex 1.17157 1.17157 5
      vertex 0 4 5
      vertex 0.935822 1.42885 5
    endloop
  endfacet
  facet normal 0 0 1
    outer loop
      vertex 0 104 5
      vertex 0.535898 106 5
      vertex 0.374768 105.69 5
    endloop
  endfacet
  facet normal 0 0 1
    outer loop
      vertex 0.935822 1.42885 5
      vertex 0 4 5
      vertex 0.723392 1.70569 5
    endloop
  endfacet
  facet normal 0 0 1
    outer loop
      vertex 0 104 5
      vertex 0.374768 105.69 5
      vertex 0.241229 105.368 5
    endloop
  endfacet
  facet normal 0 0 1
    outer loop
      vertex 0.723392 1.70569 5
      vertex 0 4 5
      vertex 0.535898 2 5
    endloop
  endfacet
  facet normal 0 0 1
    outer loop
      vertex 0 104 5
      vertex 0.241229 105.368 5
      vertex 0.136296 105.035 5
    endloop
  endfacet
  facet normal 0 0 1
    outer loop
      vertex 0.535898 2 5
      vertex 0 4 5
      vertex 0.374768 2.30953 5
    endloop
  endfacet
  facet normal 0 0 1
    outer loop
      vertex 0 104 5
      vertex 0.136296 105.035 5
      vertex 0.0607681 104.695 5
    endloop
  endfacet
  facet normal 0 0 1
    outer loop
      vertex 0.374768 2.30953 5
      vertex 0 4 5
      vertex 0.241229 2.63192 5
    endloop
  endfacet
  facet normal 0 0 1
    outer loop
      vertex 0 104 5
      vertex 0.0607681 104.695 5
      vertex 0.0152206 104.349 5
    endloop
  endfacet
  facet normal 0 0 1
    outer loop
      vertex 0.241229 2.63192 5
      vertex 0 4 5
      vertex 0.136296 2.96472 5
    endloop
  endfacet
  facet normal 0 0 1
    outer loop
      vertex 0.136296 2.96472 5
      vertex 0 4 5
      vertex 0.0607681 3.30541 5
    endloop
  endfacet
  facet normal 0 0 1
    outer loop
      vertex 0.0607681 3.30541 5
      vertex 0 4 5
      vertex 0.0152206 3.65138 5
    endloop
  endfacet
  facet normal 0 0 1
    outer loop
      vertex 216 104 5
      vertex 199.475 84.4335 5
      vertex 199.401 83.8713 5
    endloop
  endfacet
  facet normal 0 0 1
    outer loop
      vertex 216 104 5
      vertex 199.401 83.8713 5
      vertex 199.279 83.3177 5
    endloop
  endfacet
  facet normal 0 0 1
    outer loop
      vertex 216 104 5
      vertex 199.279 83.3177 5
      vertex 199.108 82.7769 5
    endloop
  endfacet
  facet normal 0 0 1
    outer loop
      vertex 214 0.535898 5
      vertex 212 0 5
      vertex 213.69 0.374768 5
    endloop
  endfacet
  facet normal 0 0 1
    outer loop
      vertex 213.69 0.374768 5
      vertex 212 0 5
      vertex 213.368 0.241229 5
    endloop
  endfacet
  facet normal 0 0 1
    outer loop
      vertex 215.939 3.30541 5
      vertex 212 0 5
      vertex 215.864 2.96472 5
    endloop
  endfacet
  facet normal 0 0 1
    outer loop
      vertex 212.695 0.0607681 5
      vertex 212 0 5
      vertex 212.349 0.0152206 5
    endloop
  endfacet
  facet normal 0 0 1
    outer loop
      vertex 194.452 31.4659 5
      vertex 198.629 81.75 5
      vertex 198.324 81.2718 5
    endloop
  endfacet
  facet normal 0 0 1
    outer loop
      vertex 191.38 38.8809 5
      vertex 198.324 81.2718 5
      vertex 197.979 80.8219 5
    endloop
  endfacet
  facet normal 0 0 1
    outer loop
      vertex 191.38 38.8809 5
      vertex 197.979 80.8219 5
      vertex 197.596 80.4038 5
    endloop
  endfacet
  facet normal 0 0 1
    outer loop
      vertex 191.38 38.8809 5
      vertex 197.596 80.4038 5
      vertex 197.178 80.0207 5
    endloop
  endfacet
  facet normal 0 0 1
    outer loop
      vertex 213.035 0.136296 5
      vertex 212 0 5
      vertex 212.695 0.0607681 5
    endloop
  endfacet
  facet normal 0 0 1
    outer loop
      vertex 187.674 46 5
      vertex 197.178 80.0207 5
      vertex 196.728 79.6755 5
    endloop
  endfacet
  facet normal 0 0 1
    outer loop
      vertex 190.324 73.2718 5
      vertex 196.728 79.6755 5
      vertex 196.25 79.3708 5
    endloop
  endfacet
  facet normal 0 0 1
    outer loop
      vertex 190.629 73.75 5
      vertex 196.25 79.3708 5
      vertex 195.747 79.109 5
    endloop
  endfacet
  facet normal 0 0 1
    outer loop
      vertex 190.891 74.253 5
      vertex 195.747 79.109 5
      vertex 195.223 78.892 5
    endloop
  endfacet
  facet normal 0 0 1
    outer loop
      vertex 191.108 74.7769 5
      vertex 195.223 78.892 5
      vertex 194.682 78.7215 5
    endloop
  endfacet
  facet normal 0 0 1
    outer loop
      vertex 213.368 0.241229 5
      vertex 212 0 5
      vertex 213.035 0.136296 5
    endloop
  endfacet
  facet normal 0 0 1
    outer loop
      vertex 191.279 75.3177 5
      vertex 194.682 78.7215 5
      vertex 194.129 78.5987 5
    endloop
  endfacet
  facet normal 0 0 1
    outer loop
      vertex 191.401 75.8713 5
      vertex 194.129 78.5987 5
      vertex 193.567 78.5247 5
    endloop
  endfacet
  facet normal 0 0 1
    outer loop
      vertex 191.475 76.4335 5
      vertex 193.567 78.5247 5
      vertex 193 78.5 5
    endloop
  endfacet
  facet normal 0 0 1
    outer loop
      vertex 191.5 77 5
      vertex 193 78.5 5
      vertex 192.433 78.5247 5
    endloop
  endfacet
  facet normal 0 0 1
    outer loop
      vertex 191.475 77.5665 5
      vertex 192.433 78.5247 5
      vertex 191.871 78.5987 5
    endloop
  endfacet
  facet normal 0 0 1
    outer loop
      vertex 193 78.5 5
      vertex 191.5 77 5
      vertex 191.475 76.4335 5
    endloop
  endfacet
  facet normal 0 0 1
    outer loop
      vertex 193.567 78.5247 5
      vertex 191.475 76.4335 5
      vertex 191.401 75.8713 5
    endloop
  endfacet
  facet normal 0 0 1
    outer loop
      vertex 194.129 78.5987 5
      vertex 191.401 75.8713 5
      vertex 191.279 75.3177 5
    endloop
  endfacet
  facet normal 0 0 1
    outer loop
      vertex 194.682 78.7215 5
      vertex 191.279 75.3177 5
      vertex 191.108 74.7769 5
    endloop
  endfacet
  facet normal 0 0 1
    outer loop
      vertex 198.324 81.2718 5
      vertex 191.38 38.8809 5
      vertex 194.452 31.4659 5
    endloop
  endfacet
  facet normal 0 0 1
    outer loop
      vertex 195.223 78.892 5
      vertex 191.108 74.7769 5
      vertex 190.891 74.253 5
    endloop
  endfacet
  facet normal 0 0 1
    outer loop
      vertex 195.747 79.109 5
      vertex 190.891 74.253 5
      vertex 190.629 73.75 5
    endloop
  endfacet
  facet normal 0 0 1
    outer loop
      vertex 196.25 79.3708 5
      vertex 190.629 73.75 5
      vertex 190.324 73.2718 5
    endloop
  endfacet
  facet normal 0 0 1
    outer loop
      vertex 196.728 79.6755 5
      vertex 190.324 73.2718 5
      vertex 187.674 46 5
    endloop
  endfacet
  facet normal 0 0 1
    outer loop
      vertex 187.674 46 5
      vertex 190.324 73.2718 5
      vertex 189.979 72.8219 5
    endloop
  endfacet
  facet normal 0 0 1
    outer loop
      vertex 187.674 46 5
      vertex 189.979 72.8219 5
      vertex 189.596 72.4038 5
    endloop
  endfacet
  facet normal 0 0 1
    outer loop
      vertex 187.674 46 5
      vertex 189.596 72.4038 5
      vertex 189.178 72.0207 5
    endloop
  endfacet
  facet normal 0 0 1
    outer loop
      vertex 183.362 52.769 5
      vertex 189.178 72.0207 5
      vertex 188.728 71.6755 5
    endloop
  endfacet
  facet normal 0 0 1
    outer loop
      vertex 183.362 52.769 5
      vertex 188.728 71.6755 5
      vertex 188.25 71.3708 5
    endloop
  endfacet
  facet normal 0 0 1
    outer loop
      vertex 183.362 52.769 5
      vertex 188.25 71.3708 5
      vertex 187.747 71.109 5
    endloop
  endfacet
  facet normal 0 0 1
    outer loop
      vertex 197.178 80.0207 5
      vertex 187.674 46 5
      vertex 191.38 38.8809 5
    endloop
  endfacet
  facet normal 0 0 1
    outer loop
      vertex 183.362 52.769 5
      vertex 187.747 71.109 5
      vertex 187.223 70.892 5
    endloop
  endfacet
  facet normal 0 0 1
    outer loop
      vertex 183.362 52.769 5
      vertex 187.223 70.892 5
      vertex 186.682 70.7215 5
    endloop
  endfacet
  facet normal 0 0 1
    outer loop
      vertex 183.362 52.769 5
      vertex 186.682 70.7215 5
      vertex 186.129 70.5987 5
    endloop
  endfacet
  facet normal 0 0 1
    outer loop
      vertex 178.476 59.1365 5
      vertex 186.129 70.5987 5
      vertex 185.567 70.5247 5
    endloop
  endfacet
  facet normal 0 0 1
    outer loop
      vertex 178.476 59.1365 5
      vertex 185.567 70.5247 5
      vertex 185 70.5 5
    endloop
  endfacet
  facet normal 0 0 1
    outer loop
      vertex 178.476 59.1365 5
      vertex 185 70.5 5
      vertex 184.433 70.5247 5
    endloop
  endfacet
  facet normal 0 0 1
    outer loop
      vertex 178.476 59.1365 5
      vertex 184.433 70.5247 5
      vertex 183.871 70.5987 5
    endloop
  endfacet
  facet normal 0 0 1
    outer loop
      vertex 189.178 72.0207 5
      vertex 183.362 52.769 5
      vertex 187.674 46 5
    endloop
  endfacet
  facet normal 0 0 1
    outer loop
      vertex 178.476 59.1365 5
      vertex 183.871 70.5987 5
      vertex 183.318 70.7215 5
    endloop
  endfacet
  facet normal 0 0 1
    outer loop
      vertex 178.476 59.1365 5
      vertex 183.318 70.7215 5
      vertex 182.777 70.892 5
    endloop
  endfacet
  facet normal 0 0 1
    outer loop
      vertex 178.476 59.1365 5
      vertex 182.777 70.892 5
      vertex 182.253 71.109 5
    endloop
  endfacet
  facet normal 0 0 1
    outer loop
      vertex 173.054 65.0538 5
      vertex 182.253 71.109 5
      vertex 181.75 71.3708 5
    endloop
  endfacet
  facet normal 0 0 1
    outer loop
      vertex 173.054 65.0538 5
      vertex 181.75 71.3708 5
      vertex 181.272 71.6755 5
    endloop
  endfacet
  facet normal 0 0 1
    outer loop
      vertex 173.054 65.0538 5
      vertex 181.272 71.6755 5
      vertex 180.822 72.0207 5
    endloop
  endfacet
  facet normal 0 0 1
    outer loop
      vertex 173.054 65.0538 5
      vertex 180.822 72.0207 5
      vertex 180.404 72.4038 5
    endloop
  endfacet
  facet normal 0 0 1
    outer loop
      vertex 173.054 65.0538 5
      vertex 180.404 72.4038 5
      vertex 180.021 72.8219 5
    endloop
  endfacet
  facet normal 0 0 1
    outer loop
      vertex 173.054 65.0538 5
      vertex 180.021 72.8219 5
      vertex 179.676 73.2718 5
    endloop
  endfacet
  facet normal 0 0 1
    outer loop
      vertex 173.054 65.0538 5
      vertex 179.676 73.2718 5
      vertex 179.371 73.75 5
    endloop
  endfacet
  facet normal 0 0 1
    outer loop
      vertex 173.054 65.0538 5
      vertex 179.371 73.75 5
      vertex 179.109 74.253 5
    endloop
  endfacet
  facet normal 0 0 1
    outer loop
      vertex 173.054 65.0538 5
      vertex 179.109 74.253 5
      vertex 178.892 74.7769 5
    endloop
  endfacet
  facet normal 0 0 1
    outer loop
      vertex 173.054 65.0538 5
      vertex 178.892 74.7769 5
      vertex 178.721 75.3177 5
    endloop
  endfacet
  facet normal 0 0 1
    outer loop
      vertex 173.054 65.0538 5
      vertex 178.721 75.3177 5
      vertex 178.599 75.8713 5
    endloop
  endfacet
  facet normal 0 0 1
    outer loop
      vertex 186.129 70.5987 5
      vertex 178.476 59.1365 5
      vertex 183.362 52.769 5
    endloop
  endfacet
  facet normal 0 0 1
    outer loop
      vertex 173.054 65.0538 5
      vertex 178.599 75.8713 5
      vertex 178.525 76.4335 5
    endloop
  endfacet
  facet normal 0 0 1
    outer loop
      vertex 167.136 70.4761 5
      vertex 178.525 76.4335 5
      vertex 178.5 77 5
    endloop
  endfacet
  facet normal 0 0 1
    outer loop
      vertex 186.721 83.3177 5
      vertex 186.682 83.2785 5
      vertex 186.74 83.2605 5
    endloop
  endfacet
  facet normal 0 0 1
    outer loop
      vertex 186.599 83.8713 5
      vertex 186.682 83.2785 5
      vertex 186.721 83.3177 5
    endloop
  endfacet
  facet normal 0 0 1
    outer loop
      vertex 186.599 83.8713 5
      vertex 186.129 83.4013 5
      vertex 186.682 83.2785 5
    endloop
  endfacet
  facet normal 0 0 1
    outer loop
      vertex 186.525 84.4335 5
      vertex 186.129 83.4013 5
      vertex 186.599 83.8713 5
    endloop
  endfacet
  facet normal 0 0 1
    outer loop
      vertex 186.129 83.4013 5
      vertex 186.525 84.4335 5
      vertex 186.5 85 5
    endloop
  endfacet
  facet normal -0 0 1
    outer loop
      vertex 37.2785 75.3177 5
      vertex 48.8635 70.4761 5
      vertex 37.4012 75.8713 5
    endloop
  endfacet
  facet normal -0 0 1
    outer loop
      vertex 37.108 74.7769 5
      vertex 48.8635 70.4761 5
      vertex 37.2785 75.3177 5
    endloop
  endfacet
  facet normal -0 0 1
    outer loop
      vertex 36.891 74.253 5
      vertex 48.8635 70.4761 5
      vertex 37.108 74.7769 5
    endloop
  endfacet
  facet normal 0 0 1
    outer loop
      vertex 48.8635 70.4761 5
      vertex 36.891 74.253 5
      vertex 42.9462 65.0538 5
    endloop
  endfacet
  facet normal -0 0 1
    outer loop
      vertex 36.6292 73.75 5
      vertex 42.9462 65.0538 5
      vertex 36.891 74.253 5
    endloop
  endfacet
  facet normal -0 0 1
    outer loop
      vertex 36.3245 73.2718 5
      vertex 42.9462 65.0538 5
      vertex 36.6292 73.75 5
    endloop
  endfacet
  facet normal -0 0 1
    outer loop
      vertex 35.9793 72.8219 5
      vertex 42.9462 65.0538 5
      vertex 36.3245 73.2718 5
    endloop
  endfacet
  facet normal -0 0 1
    outer loop
      vertex 35.5962 72.4038 5
      vertex 42.9462 65.0538 5
      vertex 35.9793 72.8219 5
    endloop
  endfacet
  facet normal -0 0 1
    outer loop
      vertex 35.1781 72.0207 5
      vertex 42.9462 65.0538 5
      vertex 35.5962 72.4038 5
    endloop
  endfacet
  facet normal -0 0 1
    outer loop
      vertex 34.7282 71.6755 5
      vertex 42.9462 65.0538 5
      vertex 35.1781 72.0207 5
    endloop
  endfacet
  facet normal -0 0 1
    outer loop
      vertex 34.25 71.3708 5
      vertex 42.9462 65.0538 5
      vertex 34.7282 71.6755 5
    endloop
  endfacet
  facet normal -0 0 1
    outer loop
      vertex 33.747 71.109 5
      vertex 42.9462 65.0538 5
      vertex 34.25 71.3708 5
    endloop
  endfacet
  facet normal 0 0 1
    outer loop
      vertex 42.9462 65.0538 5
      vertex 33.747 71.109 5
      vertex 37.5239 59.1365 5
    endloop
  endfacet
  facet normal -0 0 1
    outer loop
      vertex 33.2231 70.892 5
      vertex 37.5239 59.1365 5
      vertex 33.747 71.109 5
    endloop
  endfacet
  facet normal -0 0 1
    outer loop
      vertex 32.6823 70.7215 5
      vertex 37.5239 59.1365 5
      vertex 33.2231 70.892 5
    endloop
  endfacet
  facet normal -0 0 1
    outer loop
      vertex 32.1287 70.5987 5
      vertex 37.5239 59.1365 5
      vertex 32.6823 70.7215 5
    endloop
  endfacet
  facet normal -0 0 1
    outer loop
      vertex 31.5665 70.5247 5
      vertex 37.5239 59.1365 5
      vertex 32.1287 70.5987 5
    endloop
  endfacet
  facet normal -0 0 1
    outer loop
      vertex 31 70.5 5
      vertex 37.5239 59.1365 5
      vertex 31.5665 70.5247 5
    endloop
  endfacet
  facet normal 0 0 1
    outer loop
      vertex 30.4335 70.5247 5
      vertex 37.5239 59.1365 5
      vertex 31 70.5 5
    endloop
  endfacet
  facet normal 0 0 1
    outer loop
      vertex 29.8713 70.5987 5
      vertex 37.5239 59.1365 5
      vertex 30.4335 70.5247 5
    endloop
  endfacet
  facet normal 0 0 1
    outer loop
      vertex 37.5239 59.1365 5
      vertex 29.8713 70.5987 5
      vertex 32.638 52.769 5
    endloop
  endfacet
  facet normal 0 0 1
    outer loop
      vertex 29.3177 70.7215 5
      vertex 32.638 52.769 5
      vertex 29.8713 70.5987 5
    endloop
  endfacet
  facet normal 0 0 1
    outer loop
      vertex 28.7769 70.892 5
      vertex 32.638 52.769 5
      vertex 29.3177 70.7215 5
    endloop
  endfacet
  facet normal 0 0 1
    outer loop
      vertex 28.253 71.109 5
      vertex 32.638 52.769 5
      vertex 28.7769 70.892 5
    endloop
  endfacet
  facet normal 0 0 1
    outer loop
      vertex 27.75 71.3708 5
      vertex 32.638 52.769 5
      vertex 28.253 71.109 5
    endloop
  endfacet
  facet normal 0 0 1
    outer loop
      vertex 27.2718 71.6755 5
      vertex 32.638 52.769 5
      vertex 27.75 71.3708 5
    endloop
  endfacet
  facet normal 0 0 1
    outer loop
      vertex 26.8219 72.0207 5
      vertex 32.638 52.769 5
      vertex 27.2718 71.6755 5
    endloop
  endfacet
  facet normal 0 0 1
    outer loop
      vertex 32.638 52.769 5
      vertex 26.8219 72.0207 5
      vertex 28.3257 46 5
    endloop
  endfacet
  facet normal 0 0 1
    outer loop
      vertex 26.4038 72.4038 5
      vertex 28.3257 46 5
      vertex 26.8219 72.0207 5
    endloop
  endfacet
  facet normal 0 0 1
    outer loop
      vertex 26.0207 72.8219 5
      vertex 28.3257 46 5
      vertex 26.4038 72.4038 5
    endloop
  endfacet
  facet normal 0 0 1
    outer loop
      vertex 25.6755 73.2718 5
      vertex 28.3257 46 5
      vertex 26.0207 72.8219 5
    endloop
  endfacet
  facet normal 0 0 1
    outer loop
      vertex 19.2718 79.6755 5
      vertex 25.6755 73.2718 5
      vertex 25.3708 73.75 5
    endloop
  endfacet
  facet normal 0 0 1
    outer loop
      vertex 19.75 79.3708 5
      vertex 25.3708 73.75 5
      vertex 25.109 74.253 5
    endloop
  endfacet
  facet normal 0 0 1
    outer loop
      vertex 20.253 79.109 5
      vertex 25.109 74.253 5
      vertex 24.892 74.7769 5
    endloop
  endfacet
  facet normal 0 0 1
    outer loop
      vertex 20.7769 78.892 5
      vertex 24.892 74.7769 5
      vertex 24.7215 75.3177 5
    endloop
  endfacet
  facet normal 0 0 1
    outer loop
      vertex 25.3708 73.75 5
      vertex 19.75 79.3708 5
      vertex 19.2718 79.6755 5
    endloop
  endfacet
  facet normal 0 0 1
    outer loop
      vertex 21.3177 78.7215 5
      vertex 24.7215 75.3177 5
      vertex 24.5987 75.8713 5
    endloop
  endfacet
  facet normal 0 0 1
    outer loop
      vertex 21.8713 78.5987 5
      vertex 24.5987 75.8713 5
      vertex 24.5247 76.4335 5
    endloop
  endfacet
  facet normal 0 0 1
    outer loop
      vertex 22.4335 78.5247 5
      vertex 24.5247 76.4335 5
      vertex 24.5 77 5
    endloop
  endfacet
  facet normal 0 0 1
    outer loop
      vertex 24.5247 77.5665 5
      vertex 23.5665 78.5247 5
      vertex 24.5 77 5
    endloop
  endfacet
  facet normal -0 0 1
    outer loop
      vertex 23 78.5 5
      vertex 24.5 77 5
      vertex 23.5665 78.5247 5
    endloop
  endfacet
  facet normal 0 0 1
    outer loop
      vertex 22.4335 78.5247 5
      vertex 24.5 77 5
      vertex 23 78.5 5
    endloop
  endfacet
  facet normal 0 0 1
    outer loop
      vertex 24.5247 76.4335 5
      vertex 22.4335 78.5247 5
      vertex 21.8713 78.5987 5
    endloop
  endfacet
  facet normal 0 0 1
    outer loop
      vertex 24.5987 75.8713 5
      vertex 21.8713 78.5987 5
      vertex 21.3177 78.7215 5
    endloop
  endfacet
  facet normal 0 0 1
    outer loop
      vertex 24.7215 75.3177 5
      vertex 21.3177 78.7215 5
      vertex 20.7769 78.892 5
    endloop
  endfacet
  facet normal 0 0 1
    outer loop
      vertex 24.892 74.7769 5
      vertex 20.7769 78.892 5
      vertex 20.253 79.109 5
    endloop
  endfacet
  facet normal 0 0 1
    outer loop
      vertex 25.109 74.253 5
      vertex 20.253 79.109 5
      vertex 19.75 79.3708 5
    endloop
  endfacet
  facet normal 0 0 1
    outer loop
      vertex 25.6755 73.2718 5
      vertex 19.2718 79.6755 5
      vertex 28.3257 46 5
    endloop
  endfacet
  facet normal 0 0 1
    outer loop
      vertex 18.8219 80.0207 5
      vertex 28.3257 46 5
      vertex 19.2718 79.6755 5
    endloop
  endfacet
  facet normal 0 0 1
    outer loop
      vertex 28.3257 46 5
      vertex 18.8219 80.0207 5
      vertex 24.6197 38.8809 5
    endloop
  endfacet
  facet normal 0 0 1
    outer loop
      vertex 18.4038 80.4038 5
      vertex 24.6197 38.8809 5
      vertex 18.8219 80.0207 5
    endloop
  endfacet
  facet normal 0 0 1
    outer loop
      vertex 18.0207 80.8219 5
      vertex 24.6197 38.8809 5
      vertex 18.4038 80.4038 5
    endloop
  endfacet
  facet normal 0 0 1
    outer loop
      vertex 17.6755 81.2718 5
      vertex 24.6197 38.8809 5
      vertex 18.0207 80.8219 5
    endloop
  endfacet
  facet normal 0 0 1
    outer loop
      vertex 24.6197 38.8809 5
      vertex 17.6755 81.2718 5
      vertex 21.5483 31.4659 5
    endloop
  endfacet
  facet normal 0 0 1
    outer loop
      vertex 17.3708 81.75 5
      vertex 21.5483 31.4659 5
      vertex 17.6755 81.2718 5
    endloop
  endfacet
  facet normal 0 0 1
    outer loop
      vertex 0 4 5
      vertex 17.3708 81.75 5
      vertex 17.109 82.253 5
    endloop
  endfacet
  facet normal 0 0 1
    outer loop
      vertex 17.3708 81.75 5
      vertex 0 4 5
      vertex 21.5483 31.4659 5
    endloop
  endfacet
  facet normal 0 0 1
    outer loop
      vertex 0 4 5
      vertex 17.109 82.253 5
      vertex 16.892 82.7769 5
    endloop
  endfacet
  facet normal 0 0 1
    outer loop
      vertex 0 4 5
      vertex 16.892 82.7769 5
      vertex 16.7215 83.3177 5
    endloop
  endfacet
  facet normal 0 0 1
    outer loop
      vertex 21.5483 31.4659 5
      vertex 0 4 5
      vertex 19.1348 23.8114 5
    endloop
  endfacet
  facet normal 0 0 1
    outer loop
      vertex 0 4 5
      vertex 16.7215 83.3177 5
      vertex 16.5987 83.8713 5
    endloop
  endfacet
  facet normal 0 0 1
    outer loop
      vertex 0 4 5
      vertex 16.5987 83.8713 5
      vertex 16.5247 84.4335 5
    endloop
  endfacet
  facet normal 0 0 1
    outer loop
      vertex 0 4 5
      vertex 16.5247 84.4335 5
      vertex 16.5 85 5
    endloop
  endfacet
  facet normal 0 0 1
    outer loop
      vertex 19.1348 23.8114 5
      vertex 0 4 5
      vertex 17.3977 15.9756 5
    endloop
  endfacet
  facet normal 0 0 1
    outer loop
      vertex 30.4335 83.4753 5
      vertex 29.4753 84.4335 5
      vertex 29.8713 83.4013 5
    endloop
  endfacet
  facet normal -0 0 1
    outer loop
      vertex 29.4012 83.8713 5
      vertex 29.8713 83.4013 5
      vertex 29.4753 84.4335 5
    endloop
  endfacet
  facet normal 0 0 1
    outer loop
      vertex 29.4012 83.8713 5
      vertex 29.3177 83.2785 5
      vertex 29.8713 83.4013 5
    endloop
  endfacet
  facet normal -0 0 1
    outer loop
      vertex 29.2785 83.3177 5
      vertex 29.3177 83.2785 5
      vertex 29.4012 83.8713 5
    endloop
  endfacet
  facet normal 0 0 1
    outer loop
      vertex 29.3177 83.2785 5
      vertex 29.2785 83.3177 5
      vertex 29.2605 83.2605 5
    endloop
  endfacet
  facet normal 0.300684 -0.953724 0
    outer loop
      vertex 32.6823 70.7215 5
      vertex 33.2231 70.892 9
      vertex 32.6823 70.7215 9
    endloop
  endfacet
  facet normal 0.300684 -0.953724 0
    outer loop
      vertex 33.2231 70.892 9
      vertex 32.6823 70.7215 5
      vertex 33.2231 70.892 5
    endloop
  endfacet
  facet normal -0.97627 0.216557 2.60283e-18
    outer loop
      vertex 24.5987 78.1287 5
      vertex 24.7215 78.6823 9
      vertex 24.7215 78.6823 5
    endloop
  endfacet
  facet normal -0.97627 0.216557 2.60283e-18
    outer loop
      vertex 24.7215 78.6823 9
      vertex 24.5987 78.1287 5
      vertex 24.5987 78.1287 9
    endloop
  endfacet
  facet normal -0.300173 0.953885 0
    outer loop
      vertex 29.3177 83.2785 5
      vertex 29.2605 83.2605 9
      vertex 29.3177 83.2785 9
    endloop
  endfacet
  facet normal -0.300173 0.953885 0
    outer loop
      vertex 29.2605 83.2605 9
      vertex 29.3177 83.2785 5
      vertex 29.2605 83.2605 5
    endloop
  endfacet
  facet normal 0.793371 0.608739 -2.82726e-18
    outer loop
      vertex 36.3245 80.7282 9
      vertex 35.9793 81.1781 5
      vertex 35.9793 81.1781 9
    endloop
  endfacet
  facet normal 0.793371 0.608739 -2.82726e-18
    outer loop
      vertex 35.9793 81.1781 5
      vertex 36.3245 80.7282 9
      vertex 36.3245 80.7282 5
    endloop
  endfacet
  facet normal -0.923884 -0.382674 4.11618e-19
    outer loop
      vertex 25.109 74.253 5
      vertex 24.892 74.7769 9
      vertex 24.892 74.7769 5
    endloop
  endfacet
  facet normal -0.923884 -0.382674 4.11618e-19
    outer loop
      vertex 24.892 74.7769 9
      vertex 25.109 74.253 5
      vertex 25.109 74.253 9
    endloop
  endfacet
  facet normal 0.999051 -0.0435597 2.85878e-19
    outer loop
      vertex 37.4753 76.4335 9
      vertex 37.5 77 5
      vertex 37.5 77 9
    endloop
  endfacet
  facet normal 0.999051 -0.0435597 2.85878e-19
    outer loop
      vertex 37.5 77 5
      vertex 37.4753 76.4335 9
      vertex 37.4753 76.4335 5
    endloop
  endfacet
  facet normal 0.1305 0.991448 -0
    outer loop
      vertex 32.1287 83.4013 5
      vertex 31.5665 83.4753 9
      vertex 32.1287 83.4013 9
    endloop
  endfacet
  facet normal 0.1305 0.991448 0
    outer loop
      vertex 31.5665 83.4753 9
      vertex 32.1287 83.4013 5
      vertex 31.5665 83.4753 5
    endloop
  endfacet
  facet normal 0.608739 0.793371 -0
    outer loop
      vertex 35.1781 81.9793 5
      vertex 34.7282 82.3245 9
      vertex 35.1781 81.9793 9
    endloop
  endfacet
  facet normal 0.608739 0.793371 0
    outer loop
      vertex 34.7282 82.3245 9
      vertex 35.1781 81.9793 5
      vertex 34.7282 82.3245 5
    endloop
  endfacet
  facet normal -0.216557 -0.97627 0
    outer loop
      vertex 29.3177 70.7215 5
      vertex 29.8713 70.5987 9
      vertex 29.3177 70.7215 9
    endloop
  endfacet
  facet normal -0.216557 -0.97627 -0
    outer loop
      vertex 29.8713 70.5987 9
      vertex 29.3177 70.7215 5
      vertex 29.8713 70.5987 5
    endloop
  endfacet
  facet normal 0.537366 0.843349 -0
    outer loop
      vertex 34.7282 82.3245 5
      vertex 34.25 82.6292 9
      vertex 34.7282 82.3245 9
    endloop
  endfacet
  facet normal 0.537366 0.843349 0
    outer loop
      vertex 34.25 82.6292 9
      vertex 34.7282 82.3245 5
      vertex 34.25 82.6292 5
    endloop
  endfacet
  facet normal 0.1305 -0.991448 0
    outer loop
      vertex 31.5665 70.5247 5
      vertex 32.1287 70.5987 9
      vertex 31.5665 70.5247 9
    endloop
  endfacet
  facet normal 0.1305 -0.991448 0
    outer loop
      vertex 32.1287 70.5987 9
      vertex 31.5665 70.5247 5
      vertex 32.1287 70.5987 5
    endloop
  endfacet
  facet normal 0.953724 0.300684 9.76457e-19
    outer loop
      vertex 37.2785 78.6823 9
      vertex 37.108 79.2231 5
      vertex 37.108 79.2231 9
    endloop
  endfacet
  facet normal 0.953724 0.300684 9.76457e-19
    outer loop
      vertex 37.108 79.2231 5
      vertex 37.2785 78.6823 9
      vertex 37.2785 78.6823 5
    endloop
  endfacet
  facet normal 0.843349 -0.537366 -2.48074e-18
    outer loop
      vertex 36.3245 73.2718 9
      vertex 36.6292 73.75 5
      vertex 36.6292 73.75 9
    endloop
  endfacet
  facet normal 0.843349 -0.537366 -2.48074e-18
    outer loop
      vertex 36.6292 73.75 5
      vertex 36.3245 73.2718 9
      vertex 36.3245 73.2718 5
    endloop
  endfacet
  facet normal 0.953724 -0.300684 -9.76457e-19
    outer loop
      vertex 37.108 74.7769 9
      vertex 37.2785 75.3177 5
      vertex 37.2785 75.3177 9
    endloop
  endfacet
  facet normal 0.953724 -0.300684 -9.76457e-19
    outer loop
      vertex 37.2785 75.3177 5
      vertex 37.108 74.7769 9
      vertex 37.108 74.7769 5
    endloop
  endfacet
  facet normal 0.461686 0.887043 -0
    outer loop
      vertex 34.25 82.6292 5
      vertex 33.747 82.891 9
      vertex 34.25 82.6292 9
    endloop
  endfacet
  facet normal 0.461686 0.887043 0
    outer loop
      vertex 33.747 82.891 9
      vertex 34.25 82.6292 5
      vertex 33.747 82.891 5
    endloop
  endfacet
  facet normal -0.1305 0.991448 0
    outer loop
      vertex 30.4335 83.4753 5
      vertex 29.8713 83.4013 9
      vertex 30.4335 83.4753 9
    endloop
  endfacet
  facet normal -0.1305 0.991448 0
    outer loop
      vertex 29.8713 83.4013 9
      vertex 30.4335 83.4753 5
      vertex 29.8713 83.4013 5
    endloop
  endfacet
  facet normal -0.953885 0.300173 -3.6485e-20
    outer loop
      vertex 24.7215 78.6823 5
      vertex 24.7395 78.7395 9
      vertex 24.7395 78.7395 5
    endloop
  endfacet
  facet normal -0.953885 0.300173 -3.6485e-20
    outer loop
      vertex 24.7395 78.7395 9
      vertex 24.7215 78.6823 5
      vertex 24.7215 78.6823 9
    endloop
  endfacet
  facet normal 0.675573 -0.737293 0
    outer loop
      vertex 35.1781 72.0207 5
      vertex 35.5962 72.4038 9
      vertex 35.1781 72.0207 9
    endloop
  endfacet
  facet normal 0.675573 -0.737293 0
    outer loop
      vertex 35.5962 72.4038 9
      vertex 35.1781 72.0207 5
      vertex 35.5962 72.4038 5
    endloop
  endfacet
  facet normal -0.300684 -0.953724 0
    outer loop
      vertex 28.7769 70.892 5
      vertex 29.3177 70.7215 9
      vertex 28.7769 70.892 9
    endloop
  endfacet
  facet normal -0.300684 -0.953724 -0
    outer loop
      vertex 29.3177 70.7215 9
      vertex 28.7769 70.892 5
      vertex 29.3177 70.7215 5
    endloop
  endfacet
  facet normal 0.843349 0.537366 2.48074e-18
    outer loop
      vertex 36.6292 80.25 9
      vertex 36.3245 80.7282 5
      vertex 36.3245 80.7282 9
    endloop
  endfacet
  facet normal 0.843349 0.537366 2.48074e-18
    outer loop
      vertex 36.3245 80.7282 5
      vertex 36.6292 80.25 9
      vertex 36.6292 80.25 5
    endloop
  endfacet
  facet normal 0.0435597 0.999051 -0
    outer loop
      vertex 31.5665 83.4753 5
      vertex 31 83.5 9
      vertex 31.5665 83.4753 9
    endloop
  endfacet
  facet normal 0.0435597 0.999051 0
    outer loop
      vertex 31 83.5 9
      vertex 31.5665 83.4753 5
      vertex 31 83.5 5
    endloop
  endfacet
  facet normal 0.675573 0.737293 -0
    outer loop
      vertex 35.5962 81.5962 5
      vertex 35.1781 81.9793 9
      vertex 35.5962 81.5962 9
    endloop
  endfacet
  facet normal 0.675573 0.737293 0
    outer loop
      vertex 35.1781 81.9793 9
      vertex 35.5962 81.5962 5
      vertex 35.1781 81.9793 5
    endloop
  endfacet
  facet normal -0.675573 -0.737293 0
    outer loop
      vertex 26.4038 72.4038 5
      vertex 26.8219 72.0207 9
      vertex 26.4038 72.4038 9
    endloop
  endfacet
  facet normal -0.675573 -0.737293 -0
    outer loop
      vertex 26.8219 72.0207 9
      vertex 26.4038 72.4038 5
      vertex 26.8219 72.0207 5
    endloop
  endfacet
  facet normal 0.737293 0.675573 -5.63276e-18
    outer loop
      vertex 35.9793 81.1781 9
      vertex 35.5962 81.5962 5
      vertex 35.5962 81.5962 9
    endloop
  endfacet
  facet normal 0.737293 0.675573 -5.63276e-18
    outer loop
      vertex 35.5962 81.5962 5
      vertex 35.9793 81.1781 9
      vertex 35.9793 81.1781 5
    endloop
  endfacet
  facet normal -0.97627 -0.216557 -2.60283e-18
    outer loop
      vertex 24.7215 75.3177 5
      vertex 24.5987 75.8713 9
      vertex 24.5987 75.8713 5
    endloop
  endfacet
  facet normal -0.97627 -0.216557 -2.60283e-18
    outer loop
      vertex 24.5987 75.8713 9
      vertex 24.7215 75.3177 5
      vertex 24.7215 75.3177 9
    endloop
  endfacet
  facet normal -0.0435597 0.999051 0
    outer loop
      vertex 31 83.5 5
      vertex 30.4335 83.4753 9
      vertex 31 83.5 9
    endloop
  endfacet
  facet normal -0.0435597 0.999051 0
    outer loop
      vertex 30.4335 83.4753 9
      vertex 31 83.5 5
      vertex 30.4335 83.4753 5
    endloop
  endfacet
  facet normal -0.737293 -0.675573 -5.63276e-18
    outer loop
      vertex 26.4038 72.4038 5
      vertex 26.0207 72.8219 9
      vertex 26.0207 72.8219 5
    endloop
  endfacet
  facet normal -0.737293 -0.675573 -5.63276e-18
    outer loop
      vertex 26.0207 72.8219 9
      vertex 26.4038 72.4038 5
      vertex 26.4038 72.4038 9
    endloop
  endfacet
  facet normal -0.991448 -0.1305 8.50588e-19
    outer loop
      vertex 24.5987 75.8713 5
      vertex 24.5247 76.4335 9
      vertex 24.5247 76.4335 5
    endloop
  endfacet
  facet normal -0.991448 -0.1305 8.50588e-19
    outer loop
      vertex 24.5247 76.4335 9
      vertex 24.5987 75.8713 5
      vertex 24.5987 75.8713 9
    endloop
  endfacet
  facet normal -0.991448 0.1305 -8.50588e-19
    outer loop
      vertex 24.5247 77.5665 5
      vertex 24.5987 78.1287 9
      vertex 24.5987 78.1287 5
    endloop
  endfacet
  facet normal -0.991448 0.1305 -8.50588e-19
    outer loop
      vertex 24.5987 78.1287 9
      vertex 24.5247 77.5665 5
      vertex 24.5247 77.5665 9
    endloop
  endfacet
  facet normal 0 0 1
    outer loop
      vertex 29.2605 83.2605 9
      vertex 24.6263 83.3737 9
      vertex 24.7395 78.7395 9
    endloop
  endfacet
  facet normal -0 0 1
    outer loop
      vertex 24.4784 83.2381 9
      vertex 24.7395 78.7395 9
      vertex 24.6263 83.3737 9
    endloop
  endfacet
  facet normal -0 0 1
    outer loop
      vertex 24.3192 83.116 9
      vertex 24.7395 78.7395 9
      vertex 24.4784 83.2381 9
    endloop
  endfacet
  facet normal -0 0 1
    outer loop
      vertex 24.15 83.0081 9
      vertex 24.7395 78.7395 9
      vertex 24.3192 83.116 9
    endloop
  endfacet
  facet normal -0 0 1
    outer loop
      vertex 23.972 82.9155 9
      vertex 24.7395 78.7395 9
      vertex 24.15 83.0081 9
    endloop
  endfacet
  facet normal -0 0 1
    outer loop
      vertex 23.7866 82.8387 9
      vertex 24.7395 78.7395 9
      vertex 23.972 82.9155 9
    endloop
  endfacet
  facet normal -0 0 1
    outer loop
      vertex 23.5953 82.7784 9
      vertex 24.7395 78.7395 9
      vertex 23.7866 82.8387 9
    endloop
  endfacet
  facet normal 0 0 1
    outer loop
      vertex 24.7395 78.7395 9
      vertex 23.5953 82.7784 9
      vertex 24.6823 78.7215 9
    endloop
  endfacet
  facet normal 0 0 1
    outer loop
      vertex 24.6823 78.7215 9
      vertex 23.5953 82.7784 9
      vertex 24.1287 78.5987 9
    endloop
  endfacet
  facet normal -0 0 1
    outer loop
      vertex 23.3994 82.7349 9
      vertex 24.1287 78.5987 9
      vertex 23.5953 82.7784 9
    endloop
  endfacet
  facet normal 0 0 1
    outer loop
      vertex 24.1287 78.5987 9
      vertex 23.3994 82.7349 9
      vertex 23.5665 78.5247 9
    endloop
  endfacet
  facet normal -0 0 1
    outer loop
      vertex 23.2005 82.7088 9
      vertex 23.5665 78.5247 9
      vertex 23.3994 82.7349 9
    endloop
  endfacet
  facet normal -0 0 1
    outer loop
      vertex 23 82.7 9
      vertex 23.5665 78.5247 9
      vertex 23.2005 82.7088 9
    endloop
  endfacet
  facet normal 0 0 1
    outer loop
      vertex 23 82.7 9
      vertex 23 78.5 9
      vertex 23.5665 78.5247 9
    endloop
  endfacet
  facet normal 0 0 1
    outer loop
      vertex 22.7995 82.7088 9
      vertex 23 78.5 9
      vertex 23 82.7 9
    endloop
  endfacet
  facet normal 0 0 1
    outer loop
      vertex 22.4335 78.5247 9
      vertex 22.7995 82.7088 9
      vertex 22.6006 82.7349 9
    endloop
  endfacet
  facet normal 0 0 1
    outer loop
      vertex 22.7995 82.7088 9
      vertex 22.4335 78.5247 9
      vertex 23 78.5 9
    endloop
  endfacet
  facet normal 0 0 1
    outer loop
      vertex 21.8713 78.5987 9
      vertex 22.6006 82.7349 9
      vertex 22.4047 82.7784 9
    endloop
  endfacet
  facet normal 0 0 1
    outer loop
      vertex 21.3177 78.7215 9
      vertex 22.4047 82.7784 9
      vertex 22.2134 82.8387 9
    endloop
  endfacet
  facet normal 0 0 1
    outer loop
      vertex 20.7769 78.892 9
      vertex 22.2134 82.8387 9
      vertex 22.028 82.9155 9
    endloop
  endfacet
  facet normal 0 0 1
    outer loop
      vertex 22.6006 82.7349 9
      vertex 21.8713 78.5987 9
      vertex 22.4335 78.5247 9
    endloop
  endfacet
  facet normal 0 0 1
    outer loop
      vertex 20.253 79.109 9
      vertex 22.028 82.9155 9
      vertex 21.85 83.0081 9
    endloop
  endfacet
  facet normal 0 0 1
    outer loop
      vertex 19.75 79.3708 9
      vertex 21.85 83.0081 9
      vertex 21.6808 83.116 9
    endloop
  endfacet
  facet normal 0 0 1
    outer loop
      vertex 19.2718 79.6755 9
      vertex 21.6808 83.116 9
      vertex 21.5216 83.2381 9
    endloop
  endfacet
  facet normal 0 0 1
    outer loop
      vertex 18.8219 80.0207 9
      vertex 21.5216 83.2381 9
      vertex 21.3737 83.3737 9
    endloop
  endfacet
  facet normal 0 0 1
    outer loop
      vertex 22.4047 82.7784 9
      vertex 21.3177 78.7215 9
      vertex 21.8713 78.5987 9
    endloop
  endfacet
  facet normal 0 0 1
    outer loop
      vertex 18.4038 80.4038 9
      vertex 21.3737 83.3737 9
      vertex 21.2381 83.5216 9
    endloop
  endfacet
  facet normal 0 0 1
    outer loop
      vertex 18.0207 80.8219 9
      vertex 21.2381 83.5216 9
      vertex 21.1159 83.6808 9
    endloop
  endfacet
  facet normal 0 0 1
    outer loop
      vertex 17.6755 81.2718 9
      vertex 21.1159 83.6808 9
      vertex 21.0081 83.85 9
    endloop
  endfacet
  facet normal 0 0 1
    outer loop
      vertex 17.3708 81.75 9
      vertex 21.0081 83.85 9
      vertex 20.9155 84.028 9
    endloop
  endfacet
  facet normal 0 0 1
    outer loop
      vertex 17.109 82.253 9
      vertex 20.9155 84.028 9
      vertex 20.8387 84.2134 9
    endloop
  endfacet
  facet normal 0 0 1
    outer loop
      vertex 16.892 82.7769 9
      vertex 20.8387 84.2134 9
      vertex 20.7784 84.4047 9
    endloop
  endfacet
  facet normal 0 0 1
    outer loop
      vertex 22.2134 82.8387 9
      vertex 20.7769 78.892 9
      vertex 21.3177 78.7215 9
    endloop
  endfacet
  facet normal 0 0 1
    outer loop
      vertex 16.7215 83.3177 9
      vertex 20.7784 84.4047 9
      vertex 20.7349 84.6006 9
    endloop
  endfacet
  facet normal 0 0 1
    outer loop
      vertex 16.5987 83.8713 9
      vertex 20.7349 84.6006 9
      vertex 20.7088 84.7995 9
    endloop
  endfacet
  facet normal 0 0 1
    outer loop
      vertex 16.5247 84.4335 9
      vertex 20.7088 84.7995 9
      vertex 20.7 85 9
    endloop
  endfacet
  facet normal -0 0 1
    outer loop
      vertex 17.3708 88.25 9
      vertex 21.0081 86.15 9
      vertex 17.6755 88.7282 9
    endloop
  endfacet
  facet normal 0 0 1
    outer loop
      vertex 22.028 82.9155 9
      vertex 20.253 79.109 9
      vertex 20.7769 78.892 9
    endloop
  endfacet
  facet normal 0 0 1
    outer loop
      vertex 21.0081 86.15 9
      vertex 17.3708 88.25 9
      vertex 20.9155 85.972 9
    endloop
  endfacet
  facet normal 0 0 1
    outer loop
      vertex 21.85 83.0081 9
      vertex 19.75 79.3708 9
      vertex 20.253 79.109 9
    endloop
  endfacet
  facet normal -0 0 1
    outer loop
      vertex 17.109 87.747 9
      vertex 20.9155 85.972 9
      vertex 17.3708 88.25 9
    endloop
  endfacet
  facet normal 0 0 1
    outer loop
      vertex 21.6808 83.116 9
      vertex 19.2718 79.6755 9
      vertex 19.75 79.3708 9
    endloop
  endfacet
  facet normal 0 0 1
    outer loop
      vertex 20.9155 85.972 9
      vertex 17.109 87.747 9
      vertex 20.8387 85.7866 9
    endloop
  endfacet
  facet normal 0 0 1
    outer loop
      vertex 21.5216 83.2381 9
      vertex 18.8219 80.0207 9
      vertex 19.2718 79.6755 9
    endloop
  endfacet
  facet normal -0 0 1
    outer loop
      vertex 16.892 87.2231 9
      vertex 20.8387 85.7866 9
      vertex 17.109 87.747 9
    endloop
  endfacet
  facet normal 0 0 1
    outer loop
      vertex 21.3737 83.3737 9
      vertex 18.4038 80.4038 9
      vertex 18.8219 80.0207 9
    endloop
  endfacet
  facet normal 0 0 1
    outer loop
      vertex 20.8387 85.7866 9
      vertex 16.892 87.2231 9
      vertex 20.7784 85.5953 9
    endloop
  endfacet
  facet normal 0 0 1
    outer loop
      vertex 21.2381 83.5216 9
      vertex 18.0207 80.8219 9
      vertex 18.4038 80.4038 9
    endloop
  endfacet
  facet normal -0 0 1
    outer loop
      vertex 16.7215 86.6823 9
      vertex 20.7784 85.5953 9
      vertex 16.892 87.2231 9
    endloop
  endfacet
  facet normal 0 0 1
    outer loop
      vertex 21.1159 83.6808 9
      vertex 17.6755 81.2718 9
      vertex 18.0207 80.8219 9
    endloop
  endfacet
  facet normal 0 0 1
    outer loop
      vertex 20.7784 85.5953 9
      vertex 16.7215 86.6823 9
      vertex 20.7349 85.3994 9
    endloop
  endfacet
  facet normal 0 0 1
    outer loop
      vertex 21.0081 83.85 9
      vertex 17.3708 81.75 9
      vertex 17.6755 81.2718 9
    endloop
  endfacet
  facet normal -0 0 1
    outer loop
      vertex 16.5987 86.1287 9
      vertex 20.7349 85.3994 9
      vertex 16.7215 86.6823 9
    endloop
  endfacet
  facet normal 0 0 1
    outer loop
      vertex 20.9155 84.028 9
      vertex 17.109 82.253 9
      vertex 17.3708 81.75 9
    endloop
  endfacet
  facet normal 0 0 1
    outer loop
      vertex 20.7349 85.3994 9
      vertex 16.5987 86.1287 9
      vertex 20.7088 85.2005 9
    endloop
  endfacet
  facet normal 0 0 1
    outer loop
      vertex 20.8387 84.2134 9
      vertex 16.892 82.7769 9
      vertex 17.109 82.253 9
    endloop
  endfacet
  facet normal -0 0 1
    outer loop
      vertex 16.5247 85.5665 9
      vertex 20.7088 85.2005 9
      vertex 16.5987 86.1287 9
    endloop
  endfacet
  facet normal 0 0 1
    outer loop
      vertex 20.7784 84.4047 9
      vertex 16.7215 83.3177 9
      vertex 16.892 82.7769 9
    endloop
  endfacet
  facet normal 0 0 1
    outer loop
      vertex 20.7088 85.2005 9
      vertex 16.5247 85.5665 9
      vertex 20.7 85 9
    endloop
  endfacet
  facet normal 0 0 1
    outer loop
      vertex 20.7349 84.6006 9
      vertex 16.5987 83.8713 9
      vertex 16.7215 83.3177 9
    endloop
  endfacet
  facet normal 0 0 1
    outer loop
      vertex 16.5 85 9
      vertex 20.7 85 9
      vertex 16.5247 85.5665 9
    endloop
  endfacet
  facet normal 0 0 1
    outer loop
      vertex 20.7088 84.7995 9
      vertex 16.5247 84.4335 9
      vertex 16.5987 83.8713 9
    endloop
  endfacet
  facet normal 0 0 1
    outer loop
      vertex 20.7 85 9
      vertex 16.5 85 9
      vertex 16.5247 84.4335 9
    endloop
  endfacet
  facet normal -0 0 1
    outer loop
      vertex 24.6263 83.3737 9
      vertex 29.2605 83.2605 9
      vertex 24.7619 83.5216 9
    endloop
  endfacet
  facet normal 0 0 1
    outer loop
      vertex 29.2605 83.2605 9
      vertex 24.7395 78.7395 9
      vertex 29.3737 78.6263 9
    endloop
  endfacet
  facet normal 0 0 1
    outer loop
      vertex 29.3737 78.6263 9
      vertex 24.7395 78.7395 9
      vertex 29.2381 78.4784 9
    endloop
  endfacet
  facet normal 0 0 1
    outer loop
      vertex 29.2381 78.4784 9
      vertex 24.7395 78.7395 9
      vertex 29.1159 78.3192 9
    endloop
  endfacet
  facet normal -0 0 1
    outer loop
      vertex 24.7215 78.6823 9
      vertex 28.7784 77.5953 9
      vertex 24.7395 78.7395 9
    endloop
  endfacet
  facet normal 0 0 1
    outer loop
      vertex 29.1159 78.3192 9
      vertex 24.7395 78.7395 9
      vertex 29.0081 78.15 9
    endloop
  endfacet
  facet normal 0 0 1
    outer loop
      vertex 29.0081 78.15 9
      vertex 24.7395 78.7395 9
      vertex 28.9155 77.972 9
    endloop
  endfacet
  facet normal 0 0 1
    outer loop
      vertex 28.7784 77.5953 9
      vertex 25.109 74.253 9
      vertex 25.3708 73.75 9
    endloop
  endfacet
  facet normal 0 0 1
    outer loop
      vertex 28.9155 77.972 9
      vertex 24.7395 78.7395 9
      vertex 28.8387 77.7866 9
    endloop
  endfacet
  facet normal 0 0 1
    outer loop
      vertex 28.8387 77.7866 9
      vertex 24.7395 78.7395 9
      vertex 28.7784 77.5953 9
    endloop
  endfacet
  facet normal 0 0 1
    outer loop
      vertex 28.7784 77.5953 9
      vertex 24.892 74.7769 9
      vertex 25.109 74.253 9
    endloop
  endfacet
  facet normal 0 0 1
    outer loop
      vertex 28.7784 77.5953 9
      vertex 24.7215 78.6823 9
      vertex 24.5987 78.1287 9
    endloop
  endfacet
  facet normal 0 0 1
    outer loop
      vertex 28.7784 77.5953 9
      vertex 24.7215 75.3177 9
      vertex 24.892 74.7769 9
    endloop
  endfacet
  facet normal 0 0 1
    outer loop
      vertex 24.5247 77.5665 9
      vertex 28.7784 77.5953 9
      vertex 24.5987 78.1287 9
    endloop
  endfacet
  facet normal 0 0 1
    outer loop
      vertex 28.7784 77.5953 9
      vertex 24.5987 75.8713 9
      vertex 24.7215 75.3177 9
    endloop
  endfacet
  facet normal 0 0 1
    outer loop
      vertex 24.5 77 9
      vertex 28.7784 77.5953 9
      vertex 24.5247 77.5665 9
    endloop
  endfacet
  facet normal 0 0 1
    outer loop
      vertex 28.7784 77.5953 9
      vertex 24.5247 76.4335 9
      vertex 24.5987 75.8713 9
    endloop
  endfacet
  facet normal 0 0 1
    outer loop
      vertex 28.7784 77.5953 9
      vertex 24.5 77 9
      vertex 24.5247 76.4335 9
    endloop
  endfacet
  facet normal 0 0 1
    outer loop
      vertex 25.3 85 9
      vertex 29.5 85 9
      vertex 29.4753 85.5665 9
    endloop
  endfacet
  facet normal 0 0 1
    outer loop
      vertex 25.2912 85.2005 9
      vertex 29.4753 85.5665 9
      vertex 29.4012 86.1287 9
    endloop
  endfacet
  facet normal 0 0 1
    outer loop
      vertex 29.5 85 9
      vertex 25.3 85 9
      vertex 29.4753 84.4335 9
    endloop
  endfacet
  facet normal 0 0 1
    outer loop
      vertex 25.2651 85.3994 9
      vertex 29.4012 86.1287 9
      vertex 29.2785 86.6823 9
    endloop
  endfacet
  facet normal -0 0 1
    outer loop
      vertex 25.2912 84.7995 9
      vertex 29.4753 84.4335 9
      vertex 25.3 85 9
    endloop
  endfacet
  facet normal 0 0 1
    outer loop
      vertex 29.4753 84.4335 9
      vertex 25.2912 84.7995 9
      vertex 29.4012 83.8713 9
    endloop
  endfacet
  facet normal -0 0 1
    outer loop
      vertex 25.2216 84.4047 9
      vertex 29.2785 83.3177 9
      vertex 25.2651 84.6006 9
    endloop
  endfacet
  facet normal -0 0 1
    outer loop
      vertex 25.2651 84.6006 9
      vertex 29.4012 83.8713 9
      vertex 25.2912 84.7995 9
    endloop
  endfacet
  facet normal 0 0 1
    outer loop
      vertex 25.2216 85.5953 9
      vertex 29.2785 86.6823 9
      vertex 29.108 87.2231 9
    endloop
  endfacet
  facet normal 0 0 1
    outer loop
      vertex 29.4012 83.8713 9
      vertex 25.2651 84.6006 9
      vertex 29.2785 83.3177 9
    endloop
  endfacet
  facet normal 0 0 1
    outer loop
      vertex 29.2785 83.3177 9
      vertex 25.2216 84.4047 9
      vertex 29.2605 83.2605 9
    endloop
  endfacet
  facet normal 0 0 1
    outer loop
      vertex 25.1613 85.7866 9
      vertex 29.108 87.2231 9
      vertex 28.891 87.747 9
    endloop
  endfacet
  facet normal -0 0 1
    outer loop
      vertex 25.1613 84.2134 9
      vertex 29.2605 83.2605 9
      vertex 25.2216 84.4047 9
    endloop
  endfacet
  facet normal -0 0 1
    outer loop
      vertex 25.0845 84.028 9
      vertex 29.2605 83.2605 9
      vertex 25.1613 84.2134 9
    endloop
  endfacet
  facet normal -0 0 1
    outer loop
      vertex 24.9919 83.85 9
      vertex 29.2605 83.2605 9
      vertex 25.0845 84.028 9
    endloop
  endfacet
  facet normal -0 0 1
    outer loop
      vertex 24.884 83.6808 9
      vertex 29.2605 83.2605 9
      vertex 24.9919 83.85 9
    endloop
  endfacet
  facet normal 0 0 1
    outer loop
      vertex 28.7784 77.5953 9
      vertex 25.3708 73.75 9
      vertex 28.7349 77.3994 9
    endloop
  endfacet
  facet normal 0 0 1
    outer loop
      vertex 25.0845 85.972 9
      vertex 28.891 87.747 9
      vertex 28.6292 88.25 9
    endloop
  endfacet
  facet normal 0 0 1
    outer loop
      vertex 33.3 77 9
      vertex 37.5 77 9
      vertex 37.4753 77.5665 9
    endloop
  endfacet
  facet normal 0 0 1
    outer loop
      vertex 33.2912 77.2005 9
      vertex 37.4753 77.5665 9
      vertex 37.4012 78.1287 9
    endloop
  endfacet
  facet normal 0 0 1
    outer loop
      vertex 37.5 77 9
      vertex 33.3 77 9
      vertex 37.4753 76.4335 9
    endloop
  endfacet
  facet normal 0 0 1
    outer loop
      vertex 33.2651 77.3994 9
      vertex 37.4012 78.1287 9
      vertex 37.2785 78.6823 9
    endloop
  endfacet
  facet normal -0 0 1
    outer loop
      vertex 33.2912 76.7995 9
      vertex 37.4753 76.4335 9
      vertex 33.3 77 9
    endloop
  endfacet
  facet normal 0 0 1
    outer loop
      vertex 33.2216 77.5953 9
      vertex 37.2785 78.6823 9
      vertex 37.108 79.2231 9
    endloop
  endfacet
  facet normal 0 0 1
    outer loop
      vertex 37.4753 76.4335 9
      vertex 33.2912 76.7995 9
      vertex 37.4012 75.8713 9
    endloop
  endfacet
  facet normal 0 0 1
    outer loop
      vertex 33.1613 77.7866 9
      vertex 37.108 79.2231 9
      vertex 36.891 79.747 9
    endloop
  endfacet
  facet normal -0 0 1
    outer loop
      vertex 33.2651 76.6006 9
      vertex 37.4012 75.8713 9
      vertex 33.2912 76.7995 9
    endloop
  endfacet
  facet normal 0 0 1
    outer loop
      vertex 33.0845 77.972 9
      vertex 36.891 79.747 9
      vertex 36.6292 80.25 9
    endloop
  endfacet
  facet normal 0 0 1
    outer loop
      vertex 37.4012 75.8713 9
      vertex 33.2651 76.6006 9
      vertex 37.2785 75.3177 9
    endloop
  endfacet
  facet normal 0 0 1
    outer loop
      vertex 32.9919 78.15 9
      vertex 36.6292 80.25 9
      vertex 36.3245 80.7282 9
    endloop
  endfacet
  facet normal -0 0 1
    outer loop
      vertex 33.2216 76.4047 9
      vertex 37.2785 75.3177 9
      vertex 33.2651 76.6006 9
    endloop
  endfacet
  facet normal 0 0 1
    outer loop
      vertex 32.884 78.3192 9
      vertex 36.3245 80.7282 9
      vertex 35.9793 81.1781 9
    endloop
  endfacet
  facet normal 0 0 1
    outer loop
      vertex 37.2785 75.3177 9
      vertex 33.2216 76.4047 9
      vertex 37.108 74.7769 9
    endloop
  endfacet
  facet normal 0 0 1
    outer loop
      vertex 32.7619 78.4784 9
      vertex 35.9793 81.1781 9
      vertex 35.5962 81.5962 9
    endloop
  endfacet
  facet normal -0 0 1
    outer loop
      vertex 33.1613 76.2134 9
      vertex 37.108 74.7769 9
      vertex 33.2216 76.4047 9
    endloop
  endfacet
  facet normal 0 0 1
    outer loop
      vertex 32.6263 78.6263 9
      vertex 35.5962 81.5962 9
      vertex 35.1781 81.9793 9
    endloop
  endfacet
  facet normal 0 0 1
    outer loop
      vertex 37.108 74.7769 9
      vertex 33.1613 76.2134 9
      vertex 36.891 74.253 9
    endloop
  endfacet
  facet normal 0 0 1
    outer loop
      vertex 32.4784 78.7619 9
      vertex 35.1781 81.9793 9
      vertex 34.7282 82.3245 9
    endloop
  endfacet
  facet normal -0 0 1
    outer loop
      vertex 33.0845 76.028 9
      vertex 36.891 74.253 9
      vertex 33.1613 76.2134 9
    endloop
  endfacet
  facet normal 0 0 1
    outer loop
      vertex 32.3192 78.884 9
      vertex 34.7282 82.3245 9
      vertex 34.25 82.6292 9
    endloop
  endfacet
  facet normal 0 0 1
    outer loop
      vertex 36.891 74.253 9
      vertex 33.0845 76.028 9
      vertex 36.6292 73.75 9
    endloop
  endfacet
  facet normal 0 0 1
    outer loop
      vertex 32.15 78.9919 9
      vertex 34.25 82.6292 9
      vertex 33.747 82.891 9
    endloop
  endfacet
  facet normal -0 0 1
    outer loop
      vertex 32.9919 75.85 9
      vertex 36.6292 73.75 9
      vertex 33.0845 76.028 9
    endloop
  endfacet
  facet normal 0 0 1
    outer loop
      vertex 36.6292 73.75 9
      vertex 32.9919 75.85 9
      vertex 36.3245 73.2718 9
    endloop
  endfacet
  facet normal 0 0 1
    outer loop
      vertex 37.4753 77.5665 9
      vertex 33.2912 77.2005 9
      vertex 33.3 77 9
    endloop
  endfacet
  facet normal 0 0 1
    outer loop
      vertex 37.4012 78.1287 9
      vertex 33.2651 77.3994 9
      vertex 33.2912 77.2005 9
    endloop
  endfacet
  facet normal 0 0 1
    outer loop
      vertex 31.972 79.0845 9
      vertex 33.747 82.891 9
      vertex 33.2231 83.108 9
    endloop
  endfacet
  facet normal 0 0 1
    outer loop
      vertex 37.2785 78.6823 9
      vertex 33.2216 77.5953 9
      vertex 33.2651 77.3994 9
    endloop
  endfacet
  facet normal 0 0 1
    outer loop
      vertex 37.108 79.2231 9
      vertex 33.1613 77.7866 9
      vertex 33.2216 77.5953 9
    endloop
  endfacet
  facet normal 0 0 1
    outer loop
      vertex 36.891 79.747 9
      vertex 33.0845 77.972 9
      vertex 33.1613 77.7866 9
    endloop
  endfacet
  facet normal 0 0 1
    outer loop
      vertex 36.6292 80.25 9
      vertex 32.9919 78.15 9
      vertex 33.0845 77.972 9
    endloop
  endfacet
  facet normal 0 0 1
    outer loop
      vertex 36.3245 80.7282 9
      vertex 32.884 78.3192 9
      vertex 32.9919 78.15 9
    endloop
  endfacet
  facet normal 0 0 1
    outer loop
      vertex 35.9793 81.1781 9
      vertex 32.7619 78.4784 9
      vertex 32.884 78.3192 9
    endloop
  endfacet
  facet normal 0 0 1
    outer loop
      vertex 31.7866 79.1613 9
      vertex 33.2231 83.108 9
      vertex 32.6823 83.2785 9
    endloop
  endfacet
  facet normal 0 0 1
    outer loop
      vertex 35.5962 81.5962 9
      vertex 32.6263 78.6263 9
      vertex 32.7619 78.4784 9
    endloop
  endfacet
  facet normal 0 0 1
    outer loop
      vertex 35.1781 81.9793 9
      vertex 32.4784 78.7619 9
      vertex 32.6263 78.6263 9
    endloop
  endfacet
  facet normal 0 0 1
    outer loop
      vertex 34.7282 82.3245 9
      vertex 32.3192 78.884 9
      vertex 32.4784 78.7619 9
    endloop
  endfacet
  facet normal 0 0 1
    outer loop
      vertex 34.25 82.6292 9
      vertex 32.15 78.9919 9
      vertex 32.3192 78.884 9
    endloop
  endfacet
  facet normal 0 0 1
    outer loop
      vertex 31.5953 79.2216 9
      vertex 32.6823 83.2785 9
      vertex 32.1287 83.4013 9
    endloop
  endfacet
  facet normal 0 0 1
    outer loop
      vertex 33.747 82.891 9
      vertex 31.972 79.0845 9
      vertex 32.15 78.9919 9
    endloop
  endfacet
  facet normal 0 0 1
    outer loop
      vertex 33.2231 83.108 9
      vertex 31.7866 79.1613 9
      vertex 31.972 79.0845 9
    endloop
  endfacet
  facet normal 0 0 1
    outer loop
      vertex 32.6823 83.2785 9
      vertex 31.5953 79.2216 9
      vertex 31.7866 79.1613 9
    endloop
  endfacet
  facet normal 0 0 1
    outer loop
      vertex 31.3994 79.2651 9
      vertex 32.1287 83.4013 9
      vertex 31.5665 83.4753 9
    endloop
  endfacet
  facet normal 0 0 1
    outer loop
      vertex 32.1287 83.4013 9
      vertex 31.3994 79.2651 9
      vertex 31.5953 79.2216 9
    endloop
  endfacet
  facet normal 0 0 1
    outer loop
      vertex 31.5665 83.4753 9
      vertex 31.2005 79.2912 9
      vertex 31.3994 79.2651 9
    endloop
  endfacet
  facet normal 0 0 1
    outer loop
      vertex 31 83.5 9
      vertex 31.2005 79.2912 9
      vertex 31.5665 83.4753 9
    endloop
  endfacet
  facet normal 0 0 1
    outer loop
      vertex 31 83.5 9
      vertex 31 79.3 9
      vertex 31.2005 79.2912 9
    endloop
  endfacet
  facet normal 0 0 1
    outer loop
      vertex 31 83.5 9
      vertex 30.7995 79.2912 9
      vertex 31 79.3 9
    endloop
  endfacet
  facet normal -0 0 1
    outer loop
      vertex 30.4335 83.4753 9
      vertex 30.7995 79.2912 9
      vertex 31 83.5 9
    endloop
  endfacet
  facet normal 0 0 1
    outer loop
      vertex 30.7995 79.2912 9
      vertex 30.4335 83.4753 9
      vertex 30.6006 79.2651 9
    endloop
  endfacet
  facet normal -0 0 1
    outer loop
      vertex 29.8713 83.4013 9
      vertex 30.6006 79.2651 9
      vertex 30.4335 83.4753 9
    endloop
  endfacet
  facet normal 0 0 1
    outer loop
      vertex 30.6006 79.2651 9
      vertex 29.8713 83.4013 9
      vertex 30.4047 79.2216 9
    endloop
  endfacet
  facet normal -0 0 1
    outer loop
      vertex 29.3177 83.2785 9
      vertex 30.4047 79.2216 9
      vertex 29.8713 83.4013 9
    endloop
  endfacet
  facet normal -0 0 1
    outer loop
      vertex 29.2605 83.2605 9
      vertex 30.4047 79.2216 9
      vertex 29.3177 83.2785 9
    endloop
  endfacet
  facet normal 0 0 1
    outer loop
      vertex 30.4047 79.2216 9
      vertex 29.2605 83.2605 9
      vertex 30.2134 79.1613 9
    endloop
  endfacet
  facet normal 0 0 1
    outer loop
      vertex 30.2134 79.1613 9
      vertex 29.2605 83.2605 9
      vertex 30.028 79.0845 9
    endloop
  endfacet
  facet normal 0 0 1
    outer loop
      vertex 30.028 79.0845 9
      vertex 29.2605 83.2605 9
      vertex 29.85 78.9919 9
    endloop
  endfacet
  facet normal 0 0 1
    outer loop
      vertex 29.85 78.9919 9
      vertex 29.2605 83.2605 9
      vertex 29.6808 78.884 9
    endloop
  endfacet
  facet normal 0 0 1
    outer loop
      vertex 29.6808 78.884 9
      vertex 29.2605 83.2605 9
      vertex 29.5216 78.7619 9
    endloop
  endfacet
  facet normal 0 0 1
    outer loop
      vertex 29.5216 78.7619 9
      vertex 29.2605 83.2605 9
      vertex 29.3737 78.6263 9
    endloop
  endfacet
  facet normal -0 0 1
    outer loop
      vertex 24.7619 83.5216 9
      vertex 29.2605 83.2605 9
      vertex 24.884 83.6808 9
    endloop
  endfacet
  facet normal -0 0 1
    outer loop
      vertex 32.884 75.6808 9
      vertex 36.3245 73.2718 9
      vertex 32.9919 75.85 9
    endloop
  endfacet
  facet normal 0 0 1
    outer loop
      vertex 36.3245 73.2718 9
      vertex 32.884 75.6808 9
      vertex 35.9793 72.8219 9
    endloop
  endfacet
  facet normal -0 0 1
    outer loop
      vertex 32.7619 75.5216 9
      vertex 35.9793 72.8219 9
      vertex 32.884 75.6808 9
    endloop
  endfacet
  facet normal 0 0 1
    outer loop
      vertex 35.9793 72.8219 9
      vertex 32.7619 75.5216 9
      vertex 35.5962 72.4038 9
    endloop
  endfacet
  facet normal -0 0 1
    outer loop
      vertex 32.6263 75.3737 9
      vertex 35.5962 72.4038 9
      vertex 32.7619 75.5216 9
    endloop
  endfacet
  facet normal 0 0 1
    outer loop
      vertex 35.5962 72.4038 9
      vertex 32.6263 75.3737 9
      vertex 35.1781 72.0207 9
    endloop
  endfacet
  facet normal -0 0 1
    outer loop
      vertex 32.4784 75.2381 9
      vertex 35.1781 72.0207 9
      vertex 32.6263 75.3737 9
    endloop
  endfacet
  facet normal 0 0 1
    outer loop
      vertex 35.1781 72.0207 9
      vertex 32.4784 75.2381 9
      vertex 34.7282 71.6755 9
    endloop
  endfacet
  facet normal -0 0 1
    outer loop
      vertex 32.3192 75.116 9
      vertex 34.7282 71.6755 9
      vertex 32.4784 75.2381 9
    endloop
  endfacet
  facet normal 0 0 1
    outer loop
      vertex 34.7282 71.6755 9
      vertex 32.3192 75.116 9
      vertex 34.25 71.3708 9
    endloop
  endfacet
  facet normal -0 0 1
    outer loop
      vertex 32.15 75.0081 9
      vertex 34.25 71.3708 9
      vertex 32.3192 75.116 9
    endloop
  endfacet
  facet normal 0 0 1
    outer loop
      vertex 34.25 71.3708 9
      vertex 32.15 75.0081 9
      vertex 33.747 71.109 9
    endloop
  endfacet
  facet normal -0 0 1
    outer loop
      vertex 31.972 74.9155 9
      vertex 33.747 71.109 9
      vertex 32.15 75.0081 9
    endloop
  endfacet
  facet normal 0 0 1
    outer loop
      vertex 33.747 71.109 9
      vertex 31.972 74.9155 9
      vertex 33.2231 70.892 9
    endloop
  endfacet
  facet normal -0 0 1
    outer loop
      vertex 31.7866 74.8387 9
      vertex 33.2231 70.892 9
      vertex 31.972 74.9155 9
    endloop
  endfacet
  facet normal 0 0 1
    outer loop
      vertex 33.2231 70.892 9
      vertex 31.7866 74.8387 9
      vertex 32.6823 70.7215 9
    endloop
  endfacet
  facet normal -0 0 1
    outer loop
      vertex 31.5953 74.7784 9
      vertex 32.6823 70.7215 9
      vertex 31.7866 74.8387 9
    endloop
  endfacet
  facet normal 0 0 1
    outer loop
      vertex 32.6823 70.7215 9
      vertex 31.5953 74.7784 9
      vertex 32.1287 70.5987 9
    endloop
  endfacet
  facet normal -0 0 1
    outer loop
      vertex 31.3994 74.7349 9
      vertex 32.1287 70.5987 9
      vertex 31.5953 74.7784 9
    endloop
  endfacet
  facet normal 0 0 1
    outer loop
      vertex 32.1287 70.5987 9
      vertex 31.3994 74.7349 9
      vertex 31.5665 70.5247 9
    endloop
  endfacet
  facet normal -0 0 1
    outer loop
      vertex 31.2005 74.7088 9
      vertex 31.5665 70.5247 9
      vertex 31.3994 74.7349 9
    endloop
  endfacet
  facet normal -0 0 1
    outer loop
      vertex 31 74.7 9
      vertex 31.5665 70.5247 9
      vertex 31.2005 74.7088 9
    endloop
  endfacet
  facet normal 0 0 1
    outer loop
      vertex 31 74.7 9
      vertex 31 70.5 9
      vertex 31.5665 70.5247 9
    endloop
  endfacet
  facet normal 0 0 1
    outer loop
      vertex 30.7995 74.7088 9
      vertex 31 70.5 9
      vertex 31 74.7 9
    endloop
  endfacet
  facet normal 0 0 1
    outer loop
      vertex 30.4335 70.5247 9
      vertex 30.7995 74.7088 9
      vertex 30.6006 74.7349 9
    endloop
  endfacet
  facet normal 0 0 1
    outer loop
      vertex 30.7995 74.7088 9
      vertex 30.4335 70.5247 9
      vertex 31 70.5 9
    endloop
  endfacet
  facet normal 0 0 1
    outer loop
      vertex 29.8713 70.5987 9
      vertex 30.6006 74.7349 9
      vertex 30.4047 74.7784 9
    endloop
  endfacet
  facet normal 0 0 1
    outer loop
      vertex 29.3177 70.7215 9
      vertex 30.4047 74.7784 9
      vertex 30.2134 74.8387 9
    endloop
  endfacet
  facet normal 0 0 1
    outer loop
      vertex 28.7769 70.892 9
      vertex 30.2134 74.8387 9
      vertex 30.028 74.9155 9
    endloop
  endfacet
  facet normal 0 0 1
    outer loop
      vertex 30.6006 74.7349 9
      vertex 29.8713 70.5987 9
      vertex 30.4335 70.5247 9
    endloop
  endfacet
  facet normal 0 0 1
    outer loop
      vertex 28.253 71.109 9
      vertex 30.028 74.9155 9
      vertex 29.85 75.0081 9
    endloop
  endfacet
  facet normal 0 0 1
    outer loop
      vertex 27.75 71.3708 9
      vertex 29.85 75.0081 9
      vertex 29.6808 75.116 9
    endloop
  endfacet
  facet normal 0 0 1
    outer loop
      vertex 27.2718 71.6755 9
      vertex 29.6808 75.116 9
      vertex 29.5216 75.2381 9
    endloop
  endfacet
  facet normal 0 0 1
    outer loop
      vertex 26.8219 72.0207 9
      vertex 29.5216 75.2381 9
      vertex 29.3737 75.3737 9
    endloop
  endfacet
  facet normal 0 0 1
    outer loop
      vertex 30.4047 74.7784 9
      vertex 29.3177 70.7215 9
      vertex 29.8713 70.5987 9
    endloop
  endfacet
  facet normal 0 0 1
    outer loop
      vertex 26.4038 72.4038 9
      vertex 29.3737 75.3737 9
      vertex 29.2381 75.5216 9
    endloop
  endfacet
  facet normal 0 0 1
    outer loop
      vertex 26.0207 72.8219 9
      vertex 29.2381 75.5216 9
      vertex 29.1159 75.6808 9
    endloop
  endfacet
  facet normal 0 0 1
    outer loop
      vertex 25.6755 73.2718 9
      vertex 29.1159 75.6808 9
      vertex 29.0081 75.85 9
    endloop
  endfacet
  facet normal 0 0 1
    outer loop
      vertex 25.3708 73.75 9
      vertex 29.0081 75.85 9
      vertex 28.9155 76.028 9
    endloop
  endfacet
  facet normal 0 0 1
    outer loop
      vertex 25.3708 73.75 9
      vertex 28.9155 76.028 9
      vertex 28.8387 76.2134 9
    endloop
  endfacet
  facet normal 0 0 1
    outer loop
      vertex 25.3708 73.75 9
      vertex 28.8387 76.2134 9
      vertex 28.7784 76.4047 9
    endloop
  endfacet
  facet normal 0 0 1
    outer loop
      vertex 30.2134 74.8387 9
      vertex 28.7769 70.892 9
      vertex 29.3177 70.7215 9
    endloop
  endfacet
  facet normal 0 0 1
    outer loop
      vertex 25.3708 73.75 9
      vertex 28.7784 76.4047 9
      vertex 28.7349 76.6006 9
    endloop
  endfacet
  facet normal 0 0 1
    outer loop
      vertex 25.3708 73.75 9
      vertex 28.7349 76.6006 9
      vertex 28.7088 76.7995 9
    endloop
  endfacet
  facet normal 0 0 1
    outer loop
      vertex 25.3708 73.75 9
      vertex 28.7088 76.7995 9
      vertex 28.7 77 9
    endloop
  endfacet
  facet normal 0 0 1
    outer loop
      vertex 24.9919 86.15 9
      vertex 28.6292 88.25 9
      vertex 28.3245 88.7282 9
    endloop
  endfacet
  facet normal 0 0 1
    outer loop
      vertex 28.7349 77.3994 9
      vertex 25.3708 73.75 9
      vertex 28.7088 77.2005 9
    endloop
  endfacet
  facet normal 0 0 1
    outer loop
      vertex 28.7088 77.2005 9
      vertex 25.3708 73.75 9
      vertex 28.7 77 9
    endloop
  endfacet
  facet normal 0 0 1
    outer loop
      vertex 24.884 86.3192 9
      vertex 28.3245 88.7282 9
      vertex 27.9793 89.1781 9
    endloop
  endfacet
  facet normal 0 0 1
    outer loop
      vertex 29.0081 75.85 9
      vertex 25.3708 73.75 9
      vertex 25.6755 73.2718 9
    endloop
  endfacet
  facet normal 0 0 1
    outer loop
      vertex 24.7619 86.4784 9
      vertex 27.9793 89.1781 9
      vertex 27.5962 89.5962 9
    endloop
  endfacet
  facet normal 0 0 1
    outer loop
      vertex 30.028 74.9155 9
      vertex 28.253 71.109 9
      vertex 28.7769 70.892 9
    endloop
  endfacet
  facet normal 0 0 1
    outer loop
      vertex 24.6263 86.6263 9
      vertex 27.5962 89.5962 9
      vertex 27.1781 89.9793 9
    endloop
  endfacet
  facet normal 0 0 1
    outer loop
      vertex 29.85 75.0081 9
      vertex 27.75 71.3708 9
      vertex 28.253 71.109 9
    endloop
  endfacet
  facet normal 0 0 1
    outer loop
      vertex 24.4784 86.7619 9
      vertex 27.1781 89.9793 9
      vertex 26.7282 90.3245 9
    endloop
  endfacet
  facet normal 0 0 1
    outer loop
      vertex 29.6808 75.116 9
      vertex 27.2718 71.6755 9
      vertex 27.75 71.3708 9
    endloop
  endfacet
  facet normal 0 0 1
    outer loop
      vertex 24.3192 86.884 9
      vertex 26.7282 90.3245 9
      vertex 26.25 90.6292 9
    endloop
  endfacet
  facet normal 0 0 1
    outer loop
      vertex 29.5216 75.2381 9
      vertex 26.8219 72.0207 9
      vertex 27.2718 71.6755 9
    endloop
  endfacet
  facet normal 0 0 1
    outer loop
      vertex 24.15 86.9919 9
      vertex 26.25 90.6292 9
      vertex 25.747 90.891 9
    endloop
  endfacet
  facet normal 0 0 1
    outer loop
      vertex 29.3737 75.3737 9
      vertex 26.4038 72.4038 9
      vertex 26.8219 72.0207 9
    endloop
  endfacet
  facet normal 0 0 1
    outer loop
      vertex 29.2381 75.5216 9
      vertex 26.0207 72.8219 9
      vertex 26.4038 72.4038 9
    endloop
  endfacet
  facet normal 0 0 1
    outer loop
      vertex 29.1159 75.6808 9
      vertex 25.6755 73.2718 9
      vertex 26.0207 72.8219 9
    endloop
  endfacet
  facet normal 0 0 1
    outer loop
      vertex 29.4753 85.5665 9
      vertex 25.2912 85.2005 9
      vertex 25.3 85 9
    endloop
  endfacet
  facet normal 0 0 1
    outer loop
      vertex 29.4012 86.1287 9
      vertex 25.2651 85.3994 9
      vertex 25.2912 85.2005 9
    endloop
  endfacet
  facet normal 0 0 1
    outer loop
      vertex 23.972 87.0845 9
      vertex 25.747 90.891 9
      vertex 25.2231 91.108 9
    endloop
  endfacet
  facet normal 0 0 1
    outer loop
      vertex 29.2785 86.6823 9
      vertex 25.2216 85.5953 9
      vertex 25.2651 85.3994 9
    endloop
  endfacet
  facet normal 0 0 1
    outer loop
      vertex 29.108 87.2231 9
      vertex 25.1613 85.7866 9
      vertex 25.2216 85.5953 9
    endloop
  endfacet
  facet normal 0 0 1
    outer loop
      vertex 28.891 87.747 9
      vertex 25.0845 85.972 9
      vertex 25.1613 85.7866 9
    endloop
  endfacet
  facet normal 0 0 1
    outer loop
      vertex 28.6292 88.25 9
      vertex 24.9919 86.15 9
      vertex 25.0845 85.972 9
    endloop
  endfacet
  facet normal 0 0 1
    outer loop
      vertex 28.3245 88.7282 9
      vertex 24.884 86.3192 9
      vertex 24.9919 86.15 9
    endloop
  endfacet
  facet normal 0 0 1
    outer loop
      vertex 27.9793 89.1781 9
      vertex 24.7619 86.4784 9
      vertex 24.884 86.3192 9
    endloop
  endfacet
  facet normal 0 0 1
    outer loop
      vertex 23.7866 87.1613 9
      vertex 25.2231 91.108 9
      vertex 24.6823 91.2785 9
    endloop
  endfacet
  facet normal 0 0 1
    outer loop
      vertex 27.5962 89.5962 9
      vertex 24.6263 86.6263 9
      vertex 24.7619 86.4784 9
    endloop
  endfacet
  facet normal 0 0 1
    outer loop
      vertex 27.1781 89.9793 9
      vertex 24.4784 86.7619 9
      vertex 24.6263 86.6263 9
    endloop
  endfacet
  facet normal 0 0 1
    outer loop
      vertex 26.7282 90.3245 9
      vertex 24.3192 86.884 9
      vertex 24.4784 86.7619 9
    endloop
  endfacet
  facet normal 0 0 1
    outer loop
      vertex 26.25 90.6292 9
      vertex 24.15 86.9919 9
      vertex 24.3192 86.884 9
    endloop
  endfacet
  facet normal 0 0 1
    outer loop
      vertex 23.5953 87.2216 9
      vertex 24.6823 91.2785 9
      vertex 24.1287 91.4013 9
    endloop
  endfacet
  facet normal 0 0 1
    outer loop
      vertex 25.747 90.891 9
      vertex 23.972 87.0845 9
      vertex 24.15 86.9919 9
    endloop
  endfacet
  facet normal 0 0 1
    outer loop
      vertex 25.2231 91.108 9
      vertex 23.7866 87.1613 9
      vertex 23.972 87.0845 9
    endloop
  endfacet
  facet normal 0 0 1
    outer loop
      vertex 24.6823 91.2785 9
      vertex 23.5953 87.2216 9
      vertex 23.7866 87.1613 9
    endloop
  endfacet
  facet normal 0 0 1
    outer loop
      vertex 23.3994 87.2651 9
      vertex 24.1287 91.4013 9
      vertex 23.5665 91.4753 9
    endloop
  endfacet
  facet normal 0 0 1
    outer loop
      vertex 24.1287 91.4013 9
      vertex 23.3994 87.2651 9
      vertex 23.5953 87.2216 9
    endloop
  endfacet
  facet normal 0 0 1
    outer loop
      vertex 23.5665 91.4753 9
      vertex 23.2005 87.2912 9
      vertex 23.3994 87.2651 9
    endloop
  endfacet
  facet normal 0 0 1
    outer loop
      vertex 23 91.5 9
      vertex 23.2005 87.2912 9
      vertex 23.5665 91.4753 9
    endloop
  endfacet
  facet normal 0 0 1
    outer loop
      vertex 23 91.5 9
      vertex 23 87.3 9
      vertex 23.2005 87.2912 9
    endloop
  endfacet
  facet normal 0 0 1
    outer loop
      vertex 23 91.5 9
      vertex 22.7995 87.2912 9
      vertex 23 87.3 9
    endloop
  endfacet
  facet normal -0 0 1
    outer loop
      vertex 22.4335 91.4753 9
      vertex 22.7995 87.2912 9
      vertex 23 91.5 9
    endloop
  endfacet
  facet normal 0 0 1
    outer loop
      vertex 22.7995 87.2912 9
      vertex 22.4335 91.4753 9
      vertex 22.6006 87.2651 9
    endloop
  endfacet
  facet normal -0 0 1
    outer loop
      vertex 21.8713 91.4013 9
      vertex 22.6006 87.2651 9
      vertex 22.4335 91.4753 9
    endloop
  endfacet
  facet normal 0 0 1
    outer loop
      vertex 22.6006 87.2651 9
      vertex 21.8713 91.4013 9
      vertex 22.4047 87.2216 9
    endloop
  endfacet
  facet normal -0 0 1
    outer loop
      vertex 21.3177 91.2785 9
      vertex 22.4047 87.2216 9
      vertex 21.8713 91.4013 9
    endloop
  endfacet
  facet normal 0 0 1
    outer loop
      vertex 22.4047 87.2216 9
      vertex 21.3177 91.2785 9
      vertex 22.2134 87.1613 9
    endloop
  endfacet
  facet normal -0 0 1
    outer loop
      vertex 20.7769 91.108 9
      vertex 22.2134 87.1613 9
      vertex 21.3177 91.2785 9
    endloop
  endfacet
  facet normal 0 0 1
    outer loop
      vertex 22.2134 87.1613 9
      vertex 20.7769 91.108 9
      vertex 22.028 87.0845 9
    endloop
  endfacet
  facet normal -0 0 1
    outer loop
      vertex 20.253 90.891 9
      vertex 22.028 87.0845 9
      vertex 20.7769 91.108 9
    endloop
  endfacet
  facet normal 0 0 1
    outer loop
      vertex 22.028 87.0845 9
      vertex 20.253 90.891 9
      vertex 21.85 86.9919 9
    endloop
  endfacet
  facet normal -0 0 1
    outer loop
      vertex 19.75 90.6292 9
      vertex 21.85 86.9919 9
      vertex 20.253 90.891 9
    endloop
  endfacet
  facet normal 0 0 1
    outer loop
      vertex 21.85 86.9919 9
      vertex 19.75 90.6292 9
      vertex 21.6808 86.884 9
    endloop
  endfacet
  facet normal -0 0 1
    outer loop
      vertex 19.2718 90.3245 9
      vertex 21.6808 86.884 9
      vertex 19.75 90.6292 9
    endloop
  endfacet
  facet normal 0 0 1
    outer loop
      vertex 21.6808 86.884 9
      vertex 19.2718 90.3245 9
      vertex 21.5216 86.7619 9
    endloop
  endfacet
  facet normal -0 0 1
    outer loop
      vertex 18.8219 89.9793 9
      vertex 21.5216 86.7619 9
      vertex 19.2718 90.3245 9
    endloop
  endfacet
  facet normal 0 0 1
    outer loop
      vertex 21.5216 86.7619 9
      vertex 18.8219 89.9793 9
      vertex 21.3737 86.6263 9
    endloop
  endfacet
  facet normal -0 0 1
    outer loop
      vertex 18.4038 89.5962 9
      vertex 21.3737 86.6263 9
      vertex 18.8219 89.9793 9
    endloop
  endfacet
  facet normal 0 0 1
    outer loop
      vertex 21.3737 86.6263 9
      vertex 18.4038 89.5962 9
      vertex 21.2381 86.4784 9
    endloop
  endfacet
  facet normal -0 0 1
    outer loop
      vertex 18.0207 89.1781 9
      vertex 21.2381 86.4784 9
      vertex 18.4038 89.5962 9
    endloop
  endfacet
  facet normal 0 0 1
    outer loop
      vertex 21.2381 86.4784 9
      vertex 18.0207 89.1781 9
      vertex 21.1159 86.3192 9
    endloop
  endfacet
  facet normal -0 0 1
    outer loop
      vertex 17.6755 88.7282 9
      vertex 21.1159 86.3192 9
      vertex 18.0207 89.1781 9
    endloop
  endfacet
  facet normal 0 0 1
    outer loop
      vertex 21.1159 86.3192 9
      vertex 17.6755 88.7282 9
      vertex 21.0081 86.15 9
    endloop
  endfacet
  facet normal 0.887043 0.461686 -5.77983e-18
    outer loop
      vertex 36.891 79.747 9
      vertex 36.6292 80.25 5
      vertex 36.6292 80.25 9
    endloop
  endfacet
  facet normal 0.887043 0.461686 -5.77983e-18
    outer loop
      vertex 36.6292 80.25 5
      vertex 36.891 79.747 9
      vertex 36.891 79.747 5
    endloop
  endfacet
  facet normal 0.608739 -0.793371 0
    outer loop
      vertex 34.7282 71.6755 5
      vertex 35.1781 72.0207 9
      vertex 34.7282 71.6755 9
    endloop
  endfacet
  facet normal 0.608739 -0.793371 0
    outer loop
      vertex 35.1781 72.0207 9
      vertex 34.7282 71.6755 5
      vertex 35.1781 72.0207 5
    endloop
  endfacet
  facet normal -0.382674 -0.923884 0
    outer loop
      vertex 28.253 71.109 5
      vertex 28.7769 70.892 9
      vertex 28.253 71.109 9
    endloop
  endfacet
  facet normal -0.382674 -0.923884 -0
    outer loop
      vertex 28.7769 70.892 9
      vertex 28.253 71.109 5
      vertex 28.7769 70.892 5
    endloop
  endfacet
  facet normal 0.887043 -0.461686 5.77983e-18
    outer loop
      vertex 36.6292 73.75 9
      vertex 36.891 74.253 5
      vertex 36.891 74.253 9
    endloop
  endfacet
  facet normal 0.887043 -0.461686 5.77983e-18
    outer loop
      vertex 36.891 74.253 5
      vertex 36.6292 73.75 9
      vertex 36.6292 73.75 5
    endloop
  endfacet
  facet normal -0.461686 -0.887043 0
    outer loop
      vertex 27.75 71.3708 5
      vertex 28.253 71.109 9
      vertex 27.75 71.3708 9
    endloop
  endfacet
  facet normal -0.461686 -0.887043 -0
    outer loop
      vertex 28.253 71.109 9
      vertex 27.75 71.3708 5
      vertex 28.253 71.109 5
    endloop
  endfacet
  facet normal -0.0435597 -0.999051 0
    outer loop
      vertex 30.4335 70.5247 5
      vertex 31 70.5 9
      vertex 30.4335 70.5247 9
    endloop
  endfacet
  facet normal -0.0435597 -0.999051 -0
    outer loop
      vertex 31 70.5 9
      vertex 30.4335 70.5247 5
      vertex 31 70.5 5
    endloop
  endfacet
  facet normal -0.608739 -0.793371 0
    outer loop
      vertex 26.8219 72.0207 5
      vertex 27.2718 71.6755 9
      vertex 26.8219 72.0207 9
    endloop
  endfacet
  facet normal -0.608739 -0.793371 -0
    outer loop
      vertex 27.2718 71.6755 9
      vertex 26.8219 72.0207 5
      vertex 27.2718 71.6755 5
    endloop
  endfacet
  facet normal -0.537366 -0.843349 0
    outer loop
      vertex 27.2718 71.6755 5
      vertex 27.75 71.3708 9
      vertex 27.2718 71.6755 9
    endloop
  endfacet
  facet normal -0.537366 -0.843349 -0
    outer loop
      vertex 27.75 71.3708 9
      vertex 27.2718 71.6755 5
      vertex 27.75 71.3708 5
    endloop
  endfacet
  facet normal -0.999051 0.0435597 1.39033e-19
    outer loop
      vertex 24.5 77 5
      vertex 24.5247 77.5665 9
      vertex 24.5247 77.5665 5
    endloop
  endfacet
  facet normal -0.999051 0.0435597 1.39033e-19
    outer loop
      vertex 24.5247 77.5665 9
      vertex 24.5 77 5
      vertex 24.5 77 9
    endloop
  endfacet
  facet normal -0.999051 -0.0435597 -1.39033e-19
    outer loop
      vertex 24.5247 76.4335 5
      vertex 24.5 77 9
      vertex 24.5 77 5
    endloop
  endfacet
  facet normal -0.999051 -0.0435597 -1.39033e-19
    outer loop
      vertex 24.5 77 9
      vertex 24.5247 76.4335 5
      vertex 24.5247 76.4335 9
    endloop
  endfacet
  facet normal 0.737293 -0.675573 5.63276e-18
    outer loop
      vertex 35.5962 72.4038 9
      vertex 35.9793 72.8219 5
      vertex 35.9793 72.8219 9
    endloop
  endfacet
  facet normal 0.737293 -0.675573 5.63276e-18
    outer loop
      vertex 35.9793 72.8219 5
      vertex 35.5962 72.4038 9
      vertex 35.5962 72.4038 5
    endloop
  endfacet
  facet normal 0.461686 -0.887043 0
    outer loop
      vertex 33.747 71.109 5
      vertex 34.25 71.3708 9
      vertex 33.747 71.109 9
    endloop
  endfacet
  facet normal 0.461686 -0.887043 0
    outer loop
      vertex 34.25 71.3708 9
      vertex 33.747 71.109 5
      vertex 34.25 71.3708 5
    endloop
  endfacet
  facet normal 0.382674 -0.923884 0
    outer loop
      vertex 33.2231 70.892 5
      vertex 33.747 71.109 9
      vertex 33.2231 70.892 9
    endloop
  endfacet
  facet normal 0.382674 -0.923884 0
    outer loop
      vertex 33.747 71.109 9
      vertex 33.2231 70.892 5
      vertex 33.747 71.109 5
    endloop
  endfacet
  facet normal 0.991448 0.1305 -1.49889e-18
    outer loop
      vertex 191.475 77.5665 9
      vertex 191.401 78.1287 5
      vertex 191.401 78.1287 9
    endloop
  endfacet
  facet normal 0.991448 0.1305 -1.49889e-18
    outer loop
      vertex 191.401 78.1287 5
      vertex 191.475 77.5665 9
      vertex 191.475 77.5665 5
    endloop
  endfacet
  facet normal 0.999028 0.0440877 7.09734e-20
    outer loop
      vertex 191.5 77 9
      vertex 191.475 77.5665 5
      vertex 191.475 77.5665 9
    endloop
  endfacet
  facet normal 0.999028 0.0440877 7.09734e-20
    outer loop
      vertex 191.475 77.5665 5
      vertex 191.5 77 9
      vertex 191.5 77 5
    endloop
  endfacet
  facet normal 0.976567 0.215212 5.3192e-20
    outer loop
      vertex 191.401 78.1287 9
      vertex 191.279 78.6823 5
      vertex 191.279 78.6823 9
    endloop
  endfacet
  facet normal 0.976567 0.215212 5.3192e-20
    outer loop
      vertex 191.279 78.6823 5
      vertex 191.401 78.1287 9
      vertex 191.401 78.1287 5
    endloop
  endfacet
  facet normal -0.886899 -0.461963 2.43286e-18
    outer loop
      vertex 179.371 73.75 5
      vertex 179.109 74.253 9
      vertex 179.109 74.253 5
    endloop
  endfacet
  facet normal -0.886899 -0.461963 2.43286e-18
    outer loop
      vertex 179.109 74.253 9
      vertex 179.371 73.75 5
      vertex 179.371 73.75 9
    endloop
  endfacet
  facet normal 0.296399 0.955064 -0
    outer loop
      vertex 186.74 83.2605 5
      vertex 186.682 83.2785 9
      vertex 186.74 83.2605 9
    endloop
  endfacet
  facet normal 0.296399 0.955064 0
    outer loop
      vertex 186.682 83.2785 9
      vertex 186.74 83.2605 5
      vertex 186.682 83.2785 5
    endloop
  endfacet
  facet normal -0.843109 -0.537742 -3.49439e-18
    outer loop
      vertex 179.676 73.2718 5
      vertex 179.371 73.75 9
      vertex 179.371 73.75 5
    endloop
  endfacet
  facet normal -0.843109 -0.537742 -3.49439e-18
    outer loop
      vertex 179.371 73.75 9
      vertex 179.676 73.2718 5
      vertex 179.676 73.2718 9
    endloop
  endfacet
  facet normal -0.216781 0.97622 0
    outer loop
      vertex 183.871 83.4013 5
      vertex 183.318 83.2785 9
      vertex 183.871 83.4013 9
    endloop
  endfacet
  facet normal -0.216781 0.97622 0
    outer loop
      vertex 183.318 83.2785 9
      vertex 183.871 83.4013 5
      vertex 183.318 83.2785 5
    endloop
  endfacet
  facet normal 0.0435213 -0.999052 0
    outer loop
      vertex 185 70.5 5
      vertex 185.567 70.5247 9
      vertex 185 70.5 9
    endloop
  endfacet
  facet normal 0.0435213 -0.999052 0
    outer loop
      vertex 185.567 70.5247 9
      vertex 185 70.5 5
      vertex 185.567 70.5247 5
    endloop
  endfacet
  facet normal 0.216781 -0.97622 0
    outer loop
      vertex 186.129 70.5987 5
      vertex 186.682 70.7215 9
      vertex 186.129 70.5987 9
    endloop
  endfacet
  facet normal 0.216781 -0.97622 0
    outer loop
      vertex 186.682 70.7215 9
      vertex 186.129 70.5987 5
      vertex 186.682 70.7215 5
    endloop
  endfacet
  facet normal 0.537526 -0.843247 0
    outer loop
      vertex 188.25 71.3708 5
      vertex 188.728 71.6755 9
      vertex 188.25 71.3708 9
    endloop
  endfacet
  facet normal 0.537526 -0.843247 0
    outer loop
      vertex 188.728 71.6755 9
      vertex 188.25 71.3708 5
      vertex 188.728 71.6755 5
    endloop
  endfacet
  facet normal 0.793541 -0.608517 5.04362e-18
    outer loop
      vertex 189.979 72.8219 9
      vertex 190.324 73.2718 5
      vertex 190.324 73.2718 9
    endloop
  endfacet
  facet normal 0.793541 -0.608517 5.04362e-18
    outer loop
      vertex 190.324 73.2718 5
      vertex 189.979 72.8219 9
      vertex 189.979 72.8219 5
    endloop
  endfacet
  facet normal 0.216781 0.97622 -0
    outer loop
      vertex 186.682 83.2785 5
      vertex 186.129 83.4013 9
      vertex 186.682 83.2785 9
    endloop
  endfacet
  facet normal 0.216781 0.97622 0
    outer loop
      vertex 186.129 83.4013 9
      vertex 186.682 83.2785 5
      vertex 186.129 83.4013 5
    endloop
  endfacet
  facet normal 0.991448 -0.1305 1.49889e-18
    outer loop
      vertex 191.401 75.8713 9
      vertex 191.475 76.4335 5
      vertex 191.475 76.4335 9
    endloop
  endfacet
  facet normal 0.991448 -0.1305 1.49889e-18
    outer loop
      vertex 191.475 76.4335 5
      vertex 191.401 75.8713 9
      vertex 191.401 75.8713 5
    endloop
  endfacet
  facet normal -0.537526 0.843247 0
    outer loop
      vertex 181.75 82.6292 5
      vertex 181.272 82.3245 9
      vertex 181.75 82.6292 9
    endloop
  endfacet
  facet normal -0.537526 0.843247 0
    outer loop
      vertex 181.272 82.3245 9
      vertex 181.75 82.6292 5
      vertex 181.272 82.3245 5
    endloop
  endfacet
  facet normal -0.793541 -0.608517 -5.04362e-18
    outer loop
      vertex 180.021 72.8219 5
      vertex 179.676 73.2718 9
      vertex 179.676 73.2718 5
    endloop
  endfacet
  facet normal -0.793541 -0.608517 -5.04362e-18
    outer loop
      vertex 179.676 73.2718 9
      vertex 180.021 72.8219 5
      vertex 180.021 72.8219 9
    endloop
  endfacet
  facet normal -0.130546 -0.991442 0
    outer loop
      vertex 183.871 70.5987 5
      vertex 184.433 70.5247 9
      vertex 183.871 70.5987 9
    endloop
  endfacet
  facet normal -0.130546 -0.991442 -0
    outer loop
      vertex 184.433 70.5247 9
      vertex 183.871 70.5987 5
      vertex 184.433 70.5247 5
    endloop
  endfacet
  facet normal -0.843109 0.537742 3.49439e-18
    outer loop
      vertex 179.371 80.25 5
      vertex 179.676 80.7282 9
      vertex 179.676 80.7282 5
    endloop
  endfacet
  facet normal -0.843109 0.537742 3.49439e-18
    outer loop
      vertex 179.676 80.7282 9
      vertex 179.371 80.25 5
      vertex 179.371 80.25 9
    endloop
  endfacet
  facet normal -0.953471 -0.301486 1.95036e-19
    outer loop
      vertex 178.892 74.7769 5
      vertex 178.721 75.3177 9
      vertex 178.721 75.3177 5
    endloop
  endfacet
  facet normal -0.953471 -0.301486 1.95036e-19
    outer loop
      vertex 178.721 75.3177 9
      vertex 178.892 74.7769 5
      vertex 178.892 74.7769 9
    endloop
  endfacet
  facet normal 0.923884 -0.382674 1.76159e-18
    outer loop
      vertex 190.891 74.253 9
      vertex 191.108 74.7769 5
      vertex 191.108 74.7769 9
    endloop
  endfacet
  facet normal 0.923884 -0.382674 1.76159e-18
    outer loop
      vertex 191.108 74.7769 5
      vertex 190.891 74.253 9
      vertex 190.891 74.253 5
    endloop
  endfacet
  facet normal 0.976567 -0.215212 -5.3192e-20
    outer loop
      vertex 191.279 75.3177 9
      vertex 191.401 75.8713 5
      vertex 191.401 75.8713 9
    endloop
  endfacet
  facet normal 0.976567 -0.215212 -5.3192e-20
    outer loop
      vertex 191.401 75.8713 5
      vertex 191.279 75.3177 9
      vertex 191.279 75.3177 5
    endloop
  endfacet
  facet normal -0.675661 0.737213 0
    outer loop
      vertex 180.822 81.9793 5
      vertex 180.404 81.5962 9
      vertex 180.822 81.9793 9
    endloop
  endfacet
  facet normal -0.675661 0.737213 0
    outer loop
      vertex 180.404 81.5962 9
      vertex 180.822 81.9793 5
      vertex 180.404 81.5962 5
    endloop
  endfacet
  facet normal 0.300583 -0.953756 0
    outer loop
      vertex 186.682 70.7215 5
      vertex 187.223 70.892 9
      vertex 186.682 70.7215 9
    endloop
  endfacet
  facet normal 0.300583 -0.953756 0
    outer loop
      vertex 187.223 70.892 9
      vertex 186.682 70.7215 5
      vertex 187.223 70.892 5
    endloop
  endfacet
  facet normal -0.976567 0.215212 -5.3192e-20
    outer loop
      vertex 178.599 78.1287 5
      vertex 178.721 78.6823 9
      vertex 178.721 78.6823 5
    endloop
  endfacet
  facet normal -0.976567 0.215212 -5.3192e-20
    outer loop
      vertex 178.721 78.6823 9
      vertex 178.599 78.1287 5
      vertex 178.599 78.1287 9
    endloop
  endfacet
  facet normal -0.300583 0.953756 0
    outer loop
      vertex 183.318 83.2785 5
      vertex 182.777 83.108 9
      vertex 183.318 83.2785 9
    endloop
  endfacet
  facet normal -0.300583 0.953756 0
    outer loop
      vertex 182.777 83.108 9
      vertex 183.318 83.2785 5
      vertex 182.777 83.108 5
    endloop
  endfacet
  facet normal -0.923884 -0.382674 -1.76159e-18
    outer loop
      vertex 179.109 74.253 5
      vertex 178.892 74.7769 9
      vertex 178.892 74.7769 5
    endloop
  endfacet
  facet normal -0.923884 -0.382674 -1.76159e-18
    outer loop
      vertex 178.892 74.7769 9
      vertex 179.109 74.253 5
      vertex 179.109 74.253 9
    endloop
  endfacet
  facet normal 0.999028 -0.0440877 -7.09734e-20
    outer loop
      vertex 191.475 76.4335 9
      vertex 191.5 77 5
      vertex 191.5 77 9
    endloop
  endfacet
  facet normal 0.999028 -0.0440877 -7.09734e-20
    outer loop
      vertex 191.5 77 5
      vertex 191.475 76.4335 9
      vertex 191.475 76.4335 5
    endloop
  endfacet
  facet normal 0.130546 0.991442 -0
    outer loop
      vertex 186.129 83.4013 5
      vertex 185.567 83.4753 9
      vertex 186.129 83.4013 9
    endloop
  endfacet
  facet normal 0.130546 0.991442 0
    outer loop
      vertex 185.567 83.4753 9
      vertex 186.129 83.4013 5
      vertex 185.567 83.4753 5
    endloop
  endfacet
  facet normal 0.130546 -0.991442 0
    outer loop
      vertex 185.567 70.5247 5
      vertex 186.129 70.5987 9
      vertex 185.567 70.5247 9
    endloop
  endfacet
  facet normal 0.130546 -0.991442 0
    outer loop
      vertex 186.129 70.5987 9
      vertex 185.567 70.5247 5
      vertex 186.129 70.5987 5
    endloop
  endfacet
  facet normal 0.949015 0.315232 2.9039e-19
    outer loop
      vertex 191.279 78.6823 9
      vertex 191.26 78.7395 5
      vertex 191.26 78.7395 9
    endloop
  endfacet
  facet normal 0.949015 0.315232 2.9039e-19
    outer loop
      vertex 191.26 78.7395 5
      vertex 191.279 78.6823 9
      vertex 191.279 78.6823 5
    endloop
  endfacet
  facet normal 0.843109 -0.537742 3.49439e-18
    outer loop
      vertex 190.324 73.2718 9
      vertex 190.629 73.75 5
      vertex 190.629 73.75 9
    endloop
  endfacet
  facet normal 0.843109 -0.537742 3.49439e-18
    outer loop
      vertex 190.629 73.75 5
      vertex 190.324 73.2718 9
      vertex 190.324 73.2718 5
    endloop
  endfacet
  facet normal -0.886899 0.461963 -2.43286e-18
    outer loop
      vertex 179.109 79.747 5
      vertex 179.371 80.25 9
      vertex 179.371 80.25 5
    endloop
  endfacet
  facet normal -0.886899 0.461963 -2.43286e-18
    outer loop
      vertex 179.371 80.25 9
      vertex 179.109 79.747 5
      vertex 179.109 79.747 9
    endloop
  endfacet
  facet normal 0.953471 -0.301486 -1.95036e-19
    outer loop
      vertex 191.108 74.7769 9
      vertex 191.279 75.3177 5
      vertex 191.279 75.3177 9
    endloop
  endfacet
  facet normal 0.953471 -0.301486 -1.95036e-19
    outer loop
      vertex 191.279 75.3177 5
      vertex 191.108 74.7769 9
      vertex 191.108 74.7769 5
    endloop
  endfacet
  facet normal -0.130546 0.991442 0
    outer loop
      vertex 184.433 83.4753 5
      vertex 183.871 83.4013 9
      vertex 184.433 83.4753 9
    endloop
  endfacet
  facet normal -0.130546 0.991442 0
    outer loop
      vertex 183.871 83.4013 9
      vertex 184.433 83.4753 5
      vertex 183.871 83.4013 5
    endloop
  endfacet
  facet normal 0.675661 -0.737213 0
    outer loop
      vertex 189.178 72.0207 5
      vertex 189.596 72.4038 9
      vertex 189.178 72.0207 9
    endloop
  endfacet
  facet normal 0.675661 -0.737213 0
    outer loop
      vertex 189.596 72.4038 9
      vertex 189.178 72.0207 5
      vertex 189.596 72.4038 5
    endloop
  endfacet
  facet normal -0.300583 -0.953756 0
    outer loop
      vertex 182.777 70.892 5
      vertex 183.318 70.7215 9
      vertex 182.777 70.892 9
    endloop
  endfacet
  facet normal -0.300583 -0.953756 -0
    outer loop
      vertex 183.318 70.7215 9
      vertex 182.777 70.892 5
      vertex 183.318 70.7215 5
    endloop
  endfacet
  facet normal 0.0435213 0.999052 -0
    outer loop
      vertex 185.567 83.4753 5
      vertex 185 83.5 9
      vertex 185.567 83.4753 9
    endloop
  endfacet
  facet normal 0.0435213 0.999052 0
    outer loop
      vertex 185 83.5 9
      vertex 185.567 83.4753 5
      vertex 185 83.5 5
    endloop
  endfacet
  facet normal -0.737381 0.675477 -4.23141e-18
    outer loop
      vertex 180.021 81.1781 5
      vertex 180.404 81.5962 9
      vertex 180.404 81.5962 5
    endloop
  endfacet
  facet normal -0.737381 0.675477 -4.23141e-18
    outer loop
      vertex 180.404 81.5962 9
      vertex 180.021 81.1781 5
      vertex 180.021 81.1781 9
    endloop
  endfacet
  facet normal -0.0435213 -0.999052 0
    outer loop
      vertex 184.433 70.5247 5
      vertex 185 70.5 9
      vertex 184.433 70.5247 9
    endloop
  endfacet
  facet normal -0.0435213 -0.999052 -0
    outer loop
      vertex 185 70.5 9
      vertex 184.433 70.5247 5
      vertex 185 70.5 5
    endloop
  endfacet
  facet normal -0.675661 -0.737213 0
    outer loop
      vertex 180.404 72.4038 5
      vertex 180.822 72.0207 9
      vertex 180.404 72.4038 9
    endloop
  endfacet
  facet normal -0.675661 -0.737213 -0
    outer loop
      vertex 180.822 72.0207 9
      vertex 180.404 72.4038 5
      vertex 180.822 72.0207 5
    endloop
  endfacet
  facet normal -0.976567 -0.215212 5.3192e-20
    outer loop
      vertex 178.721 75.3177 5
      vertex 178.599 75.8713 9
      vertex 178.599 75.8713 5
    endloop
  endfacet
  facet normal -0.976567 -0.215212 5.3192e-20
    outer loop
      vertex 178.599 75.8713 9
      vertex 178.721 75.3177 5
      vertex 178.721 75.3177 9
    endloop
  endfacet
  facet normal -0.461686 0.887043 0
    outer loop
      vertex 182.253 82.891 5
      vertex 181.75 82.6292 9
      vertex 182.253 82.891 9
    endloop
  endfacet
  facet normal -0.461686 0.887043 0
    outer loop
      vertex 181.75 82.6292 9
      vertex 182.253 82.891 5
      vertex 181.75 82.6292 5
    endloop
  endfacet
  facet normal -0.0435213 0.999052 0
    outer loop
      vertex 185 83.5 5
      vertex 184.433 83.4753 9
      vertex 185 83.5 9
    endloop
  endfacet
  facet normal -0.0435213 0.999052 0
    outer loop
      vertex 184.433 83.4753 9
      vertex 185 83.5 5
      vertex 184.433 83.4753 5
    endloop
  endfacet
  facet normal -0.737381 -0.675477 4.23141e-18
    outer loop
      vertex 180.404 72.4038 5
      vertex 180.021 72.8219 9
      vertex 180.021 72.8219 5
    endloop
  endfacet
  facet normal -0.737381 -0.675477 4.23141e-18
    outer loop
      vertex 180.021 72.8219 9
      vertex 180.404 72.4038 5
      vertex 180.404 72.4038 9
    endloop
  endfacet
  facet normal -0.608654 0.793436 0
    outer loop
      vertex 181.272 82.3245 5
      vertex 180.822 81.9793 9
      vertex 181.272 82.3245 9
    endloop
  endfacet
  facet normal -0.608654 0.793436 0
    outer loop
      vertex 180.822 81.9793 9
      vertex 181.272 82.3245 5
      vertex 180.822 81.9793 5
    endloop
  endfacet
  facet normal -0.991448 -0.1305 -1.49889e-18
    outer loop
      vertex 178.599 75.8713 5
      vertex 178.525 76.4335 9
      vertex 178.525 76.4335 5
    endloop
  endfacet
  facet normal -0.991448 -0.1305 -1.49889e-18
    outer loop
      vertex 178.525 76.4335 9
      vertex 178.599 75.8713 5
      vertex 178.599 75.8713 9
    endloop
  endfacet
  facet normal -0.991448 0.1305 1.49889e-18
    outer loop
      vertex 178.525 77.5665 5
      vertex 178.599 78.1287 9
      vertex 178.599 78.1287 5
    endloop
  endfacet
  facet normal -0.991448 0.1305 1.49889e-18
    outer loop
      vertex 178.599 78.1287 9
      vertex 178.525 77.5665 5
      vertex 178.525 77.5665 9
    endloop
  endfacet
  facet normal 0 0 1
    outer loop
      vertex 195.3 85 9
      vertex 199.5 85 9
      vertex 199.475 85.5665 9
    endloop
  endfacet
  facet normal 0 0 1
    outer loop
      vertex 195.291 85.2005 9
      vertex 199.475 85.5665 9
      vertex 199.401 86.1287 9
    endloop
  endfacet
  facet normal 0 0 1
    outer loop
      vertex 199.5 85 9
      vertex 195.3 85 9
      vertex 199.475 84.4335 9
    endloop
  endfacet
  facet normal 0 0 1
    outer loop
      vertex 195.265 85.3994 9
      vertex 199.401 86.1287 9
      vertex 199.279 86.6823 9
    endloop
  endfacet
  facet normal -0 0 1
    outer loop
      vertex 195.291 84.7995 9
      vertex 199.475 84.4335 9
      vertex 195.3 85 9
    endloop
  endfacet
  facet normal 0 0 1
    outer loop
      vertex 195.222 85.5953 9
      vertex 199.279 86.6823 9
      vertex 199.108 87.2231 9
    endloop
  endfacet
  facet normal 0 0 1
    outer loop
      vertex 199.475 84.4335 9
      vertex 195.291 84.7995 9
      vertex 199.401 83.8713 9
    endloop
  endfacet
  facet normal 0 0 1
    outer loop
      vertex 195.161 85.7866 9
      vertex 199.108 87.2231 9
      vertex 198.891 87.747 9
    endloop
  endfacet
  facet normal -0 0 1
    outer loop
      vertex 195.265 84.6006 9
      vertex 199.401 83.8713 9
      vertex 195.291 84.7995 9
    endloop
  endfacet
  facet normal 0 0 1
    outer loop
      vertex 195.085 85.972 9
      vertex 198.891 87.747 9
      vertex 198.629 88.25 9
    endloop
  endfacet
  facet normal 0 0 1
    outer loop
      vertex 199.401 83.8713 9
      vertex 195.265 84.6006 9
      vertex 199.279 83.3177 9
    endloop
  endfacet
  facet normal 0 0 1
    outer loop
      vertex 194.992 86.15 9
      vertex 198.629 88.25 9
      vertex 198.324 88.7282 9
    endloop
  endfacet
  facet normal -0 0 1
    outer loop
      vertex 195.222 84.4047 9
      vertex 199.279 83.3177 9
      vertex 195.265 84.6006 9
    endloop
  endfacet
  facet normal 0 0 1
    outer loop
      vertex 194.884 86.3192 9
      vertex 198.324 88.7282 9
      vertex 197.979 89.1781 9
    endloop
  endfacet
  facet normal 0 0 1
    outer loop
      vertex 199.279 83.3177 9
      vertex 195.222 84.4047 9
      vertex 199.108 82.7769 9
    endloop
  endfacet
  facet normal 0 0 1
    outer loop
      vertex 194.762 86.4784 9
      vertex 197.979 89.1781 9
      vertex 197.596 89.5962 9
    endloop
  endfacet
  facet normal -0 0 1
    outer loop
      vertex 195.161 84.2134 9
      vertex 199.108 82.7769 9
      vertex 195.222 84.4047 9
    endloop
  endfacet
  facet normal 0 0 1
    outer loop
      vertex 194.626 86.6263 9
      vertex 197.596 89.5962 9
      vertex 197.178 89.9793 9
    endloop
  endfacet
  facet normal 0 0 1
    outer loop
      vertex 199.108 82.7769 9
      vertex 195.161 84.2134 9
      vertex 198.891 82.253 9
    endloop
  endfacet
  facet normal 0 0 1
    outer loop
      vertex 194.478 86.7619 9
      vertex 197.178 89.9793 9
      vertex 196.728 90.3245 9
    endloop
  endfacet
  facet normal -0 0 1
    outer loop
      vertex 195.085 84.028 9
      vertex 198.891 82.253 9
      vertex 195.161 84.2134 9
    endloop
  endfacet
  facet normal 0 0 1
    outer loop
      vertex 194.319 86.884 9
      vertex 196.728 90.3245 9
      vertex 196.25 90.6292 9
    endloop
  endfacet
  facet normal 0 0 1
    outer loop
      vertex 198.891 82.253 9
      vertex 195.085 84.028 9
      vertex 198.629 81.75 9
    endloop
  endfacet
  facet normal 0 0 1
    outer loop
      vertex 194.15 86.9919 9
      vertex 196.25 90.6292 9
      vertex 195.747 90.891 9
    endloop
  endfacet
  facet normal -0 0 1
    outer loop
      vertex 194.992 83.85 9
      vertex 198.629 81.75 9
      vertex 195.085 84.028 9
    endloop
  endfacet
  facet normal 0 0 1
    outer loop
      vertex 198.629 81.75 9
      vertex 194.992 83.85 9
      vertex 198.324 81.2718 9
    endloop
  endfacet
  facet normal 0 0 1
    outer loop
      vertex 199.475 85.5665 9
      vertex 195.291 85.2005 9
      vertex 195.3 85 9
    endloop
  endfacet
  facet normal 0 0 1
    outer loop
      vertex 199.401 86.1287 9
      vertex 195.265 85.3994 9
      vertex 195.291 85.2005 9
    endloop
  endfacet
  facet normal 0 0 1
    outer loop
      vertex 193.972 87.0845 9
      vertex 195.747 90.891 9
      vertex 195.223 91.108 9
    endloop
  endfacet
  facet normal 0 0 1
    outer loop
      vertex 199.279 86.6823 9
      vertex 195.222 85.5953 9
      vertex 195.265 85.3994 9
    endloop
  endfacet
  facet normal 0 0 1
    outer loop
      vertex 199.108 87.2231 9
      vertex 195.161 85.7866 9
      vertex 195.222 85.5953 9
    endloop
  endfacet
  facet normal 0 0 1
    outer loop
      vertex 198.891 87.747 9
      vertex 195.085 85.972 9
      vertex 195.161 85.7866 9
    endloop
  endfacet
  facet normal 0 0 1
    outer loop
      vertex 198.629 88.25 9
      vertex 194.992 86.15 9
      vertex 195.085 85.972 9
    endloop
  endfacet
  facet normal 0 0 1
    outer loop
      vertex 198.324 88.7282 9
      vertex 194.884 86.3192 9
      vertex 194.992 86.15 9
    endloop
  endfacet
  facet normal 0 0 1
    outer loop
      vertex 197.979 89.1781 9
      vertex 194.762 86.4784 9
      vertex 194.884 86.3192 9
    endloop
  endfacet
  facet normal 0 0 1
    outer loop
      vertex 193.787 87.1613 9
      vertex 195.223 91.108 9
      vertex 194.682 91.2785 9
    endloop
  endfacet
  facet normal 0 0 1
    outer loop
      vertex 197.596 89.5962 9
      vertex 194.626 86.6263 9
      vertex 194.762 86.4784 9
    endloop
  endfacet
  facet normal 0 0 1
    outer loop
      vertex 197.178 89.9793 9
      vertex 194.478 86.7619 9
      vertex 194.626 86.6263 9
    endloop
  endfacet
  facet normal 0 0 1
    outer loop
      vertex 196.728 90.3245 9
      vertex 194.319 86.884 9
      vertex 194.478 86.7619 9
    endloop
  endfacet
  facet normal 0 0 1
    outer loop
      vertex 196.25 90.6292 9
      vertex 194.15 86.9919 9
      vertex 194.319 86.884 9
    endloop
  endfacet
  facet normal 0 0 1
    outer loop
      vertex 193.595 87.2216 9
      vertex 194.682 91.2785 9
      vertex 194.129 91.4013 9
    endloop
  endfacet
  facet normal 0 0 1
    outer loop
      vertex 195.747 90.891 9
      vertex 193.972 87.0845 9
      vertex 194.15 86.9919 9
    endloop
  endfacet
  facet normal 0 0 1
    outer loop
      vertex 195.223 91.108 9
      vertex 193.787 87.1613 9
      vertex 193.972 87.0845 9
    endloop
  endfacet
  facet normal 0 0 1
    outer loop
      vertex 194.682 91.2785 9
      vertex 193.595 87.2216 9
      vertex 193.787 87.1613 9
    endloop
  endfacet
  facet normal 0 0 1
    outer loop
      vertex 193.399 87.2651 9
      vertex 194.129 91.4013 9
      vertex 193.567 91.4753 9
    endloop
  endfacet
  facet normal 0 0 1
    outer loop
      vertex 194.129 91.4013 9
      vertex 193.399 87.2651 9
      vertex 193.595 87.2216 9
    endloop
  endfacet
  facet normal 0 0 1
    outer loop
      vertex 193.567 91.4753 9
      vertex 193.2 87.2912 9
      vertex 193.399 87.2651 9
    endloop
  endfacet
  facet normal 0 0 1
    outer loop
      vertex 193 91.5 9
      vertex 193.2 87.2912 9
      vertex 193.567 91.4753 9
    endloop
  endfacet
  facet normal 0 0 1
    outer loop
      vertex 193 91.5 9
      vertex 193 87.3 9
      vertex 193.2 87.2912 9
    endloop
  endfacet
  facet normal 0 0 1
    outer loop
      vertex 193 91.5 9
      vertex 192.8 87.2912 9
      vertex 193 87.3 9
    endloop
  endfacet
  facet normal -0 0 1
    outer loop
      vertex 192.433 91.4753 9
      vertex 192.8 87.2912 9
      vertex 193 91.5 9
    endloop
  endfacet
  facet normal 0 0 1
    outer loop
      vertex 192.8 87.2912 9
      vertex 192.433 91.4753 9
      vertex 192.601 87.2651 9
    endloop
  endfacet
  facet normal -0 0 1
    outer loop
      vertex 191.871 91.4013 9
      vertex 192.601 87.2651 9
      vertex 192.433 91.4753 9
    endloop
  endfacet
  facet normal 0 0 1
    outer loop
      vertex 192.601 87.2651 9
      vertex 191.871 91.4013 9
      vertex 192.405 87.2216 9
    endloop
  endfacet
  facet normal -0 0 1
    outer loop
      vertex 191.318 91.2785 9
      vertex 192.405 87.2216 9
      vertex 191.871 91.4013 9
    endloop
  endfacet
  facet normal 0 0 1
    outer loop
      vertex 192.405 87.2216 9
      vertex 191.318 91.2785 9
      vertex 192.213 87.1613 9
    endloop
  endfacet
  facet normal -0 0 1
    outer loop
      vertex 190.777 91.108 9
      vertex 192.213 87.1613 9
      vertex 191.318 91.2785 9
    endloop
  endfacet
  facet normal 0 0 1
    outer loop
      vertex 192.213 87.1613 9
      vertex 190.777 91.108 9
      vertex 192.028 87.0845 9
    endloop
  endfacet
  facet normal -0 0 1
    outer loop
      vertex 190.253 90.891 9
      vertex 192.028 87.0845 9
      vertex 190.777 91.108 9
    endloop
  endfacet
  facet normal 0 0 1
    outer loop
      vertex 192.028 87.0845 9
      vertex 190.253 90.891 9
      vertex 191.85 86.9919 9
    endloop
  endfacet
  facet normal -0 0 1
    outer loop
      vertex 189.75 90.6292 9
      vertex 191.85 86.9919 9
      vertex 190.253 90.891 9
    endloop
  endfacet
  facet normal 0 0 1
    outer loop
      vertex 191.85 86.9919 9
      vertex 189.75 90.6292 9
      vertex 191.681 86.884 9
    endloop
  endfacet
  facet normal -0 0 1
    outer loop
      vertex 189.272 90.3245 9
      vertex 191.681 86.884 9
      vertex 189.75 90.6292 9
    endloop
  endfacet
  facet normal 0 0 1
    outer loop
      vertex 191.681 86.884 9
      vertex 189.272 90.3245 9
      vertex 191.522 86.7619 9
    endloop
  endfacet
  facet normal -0 0 1
    outer loop
      vertex 188.822 89.9793 9
      vertex 191.522 86.7619 9
      vertex 189.272 90.3245 9
    endloop
  endfacet
  facet normal 0 0 1
    outer loop
      vertex 191.522 86.7619 9
      vertex 188.822 89.9793 9
      vertex 191.374 86.6263 9
    endloop
  endfacet
  facet normal -0 0 1
    outer loop
      vertex 188.404 89.5962 9
      vertex 191.374 86.6263 9
      vertex 188.822 89.9793 9
    endloop
  endfacet
  facet normal 0 0 1
    outer loop
      vertex 191.374 86.6263 9
      vertex 188.404 89.5962 9
      vertex 191.238 86.4784 9
    endloop
  endfacet
  facet normal -0 0 1
    outer loop
      vertex 188.021 89.1781 9
      vertex 191.238 86.4784 9
      vertex 188.404 89.5962 9
    endloop
  endfacet
  facet normal 0 0 1
    outer loop
      vertex 191.238 86.4784 9
      vertex 188.021 89.1781 9
      vertex 191.116 86.3192 9
    endloop
  endfacet
  facet normal -0 0 1
    outer loop
      vertex 187.676 88.7282 9
      vertex 191.116 86.3192 9
      vertex 188.021 89.1781 9
    endloop
  endfacet
  facet normal 0 0 1
    outer loop
      vertex 191.26 78.7395 9
      vertex 190.324 73.2718 9
      vertex 190.629 73.75 9
    endloop
  endfacet
  facet normal 0 0 1
    outer loop
      vertex 191.116 86.3192 9
      vertex 187.676 88.7282 9
      vertex 191.008 86.15 9
    endloop
  endfacet
  facet normal -0 0 1
    outer loop
      vertex 187.371 88.25 9
      vertex 191.008 86.15 9
      vertex 187.676 88.7282 9
    endloop
  endfacet
  facet normal 0 -0 1
    outer loop
      vertex 186.762 78.4784 9
      vertex 190.709 84.7995 9
      vertex 186.74 83.2605 9
    endloop
  endfacet
  facet normal 0 0 1
    outer loop
      vertex 191.008 86.15 9
      vertex 187.371 88.25 9
      vertex 190.915 85.972 9
    endloop
  endfacet
  facet normal 0 0 1
    outer loop
      vertex 190.709 84.7995 9
      vertex 187.161 77.7866 9
      vertex 187.222 77.5953 9
    endloop
  endfacet
  facet normal -0 0 1
    outer loop
      vertex 187.109 87.747 9
      vertex 190.915 85.972 9
      vertex 187.371 88.25 9
    endloop
  endfacet
  facet normal -0 -0 1
    outer loop
      vertex 187.291 77.2005 9
      vertex 190.324 73.2718 9
      vertex 187.265 77.3994 9
    endloop
  endfacet
  facet normal 0 0 1
    outer loop
      vertex 190.915 85.972 9
      vertex 187.109 87.747 9
      vertex 190.839 85.7866 9
    endloop
  endfacet
  facet normal -0 0 1
    outer loop
      vertex 187.291 76.7995 9
      vertex 190.324 73.2718 9
      vertex 187.3 77 9
    endloop
  endfacet
  facet normal -0 0 1
    outer loop
      vertex 186.892 87.2231 9
      vertex 190.839 85.7866 9
      vertex 187.109 87.747 9
    endloop
  endfacet
  facet normal -0 0 1
    outer loop
      vertex 187.265 76.6006 9
      vertex 190.324 73.2718 9
      vertex 187.291 76.7995 9
    endloop
  endfacet
  facet normal 0 0 1
    outer loop
      vertex 190.839 85.7866 9
      vertex 186.892 87.2231 9
      vertex 190.778 85.5953 9
    endloop
  endfacet
  facet normal -0 0 1
    outer loop
      vertex 187.161 76.2134 9
      vertex 190.324 73.2718 9
      vertex 187.222 76.4047 9
    endloop
  endfacet
  facet normal -0 0 1
    outer loop
      vertex 186.721 86.6823 9
      vertex 190.778 85.5953 9
      vertex 186.892 87.2231 9
    endloop
  endfacet
  facet normal 0 0 1
    outer loop
      vertex 190.778 85.5953 9
      vertex 186.721 86.6823 9
      vertex 190.735 85.3994 9
    endloop
  endfacet
  facet normal -0 0 1
    outer loop
      vertex 186.992 75.85 9
      vertex 190.324 73.2718 9
      vertex 187.085 76.028 9
    endloop
  endfacet
  facet normal -0 0 1
    outer loop
      vertex 186.884 75.6808 9
      vertex 190.324 73.2718 9
      vertex 186.992 75.85 9
    endloop
  endfacet
  facet normal 0 0 1
    outer loop
      vertex 190.324 73.2718 9
      vertex 186.884 75.6808 9
      vertex 189.979 72.8219 9
    endloop
  endfacet
  facet normal -0 0 1
    outer loop
      vertex 186.762 75.5216 9
      vertex 189.979 72.8219 9
      vertex 186.884 75.6808 9
    endloop
  endfacet
  facet normal 0 0 1
    outer loop
      vertex 189.979 72.8219 9
      vertex 186.762 75.5216 9
      vertex 189.596 72.4038 9
    endloop
  endfacet
  facet normal -0 0 1
    outer loop
      vertex 186.626 75.3737 9
      vertex 189.596 72.4038 9
      vertex 186.762 75.5216 9
    endloop
  endfacet
  facet normal 0 0 1
    outer loop
      vertex 189.596 72.4038 9
      vertex 186.626 75.3737 9
      vertex 189.178 72.0207 9
    endloop
  endfacet
  facet normal -0 0 1
    outer loop
      vertex 186.478 75.2381 9
      vertex 189.178 72.0207 9
      vertex 186.626 75.3737 9
    endloop
  endfacet
  facet normal 0 0 1
    outer loop
      vertex 189.178 72.0207 9
      vertex 186.478 75.2381 9
      vertex 188.728 71.6755 9
    endloop
  endfacet
  facet normal -0 0 1
    outer loop
      vertex 186.319 75.116 9
      vertex 188.728 71.6755 9
      vertex 186.478 75.2381 9
    endloop
  endfacet
  facet normal 0 0 1
    outer loop
      vertex 188.728 71.6755 9
      vertex 186.319 75.116 9
      vertex 188.25 71.3708 9
    endloop
  endfacet
  facet normal -0 0 1
    outer loop
      vertex 186.15 75.0081 9
      vertex 188.25 71.3708 9
      vertex 186.319 75.116 9
    endloop
  endfacet
  facet normal 0 0 1
    outer loop
      vertex 188.25 71.3708 9
      vertex 186.15 75.0081 9
      vertex 187.747 71.109 9
    endloop
  endfacet
  facet normal -0 0 1
    outer loop
      vertex 185.972 74.9155 9
      vertex 187.747 71.109 9
      vertex 186.15 75.0081 9
    endloop
  endfacet
  facet normal 0 0 1
    outer loop
      vertex 187.747 71.109 9
      vertex 185.972 74.9155 9
      vertex 187.223 70.892 9
    endloop
  endfacet
  facet normal -0 0 1
    outer loop
      vertex 185.787 74.8387 9
      vertex 187.223 70.892 9
      vertex 185.972 74.9155 9
    endloop
  endfacet
  facet normal 0 0 1
    outer loop
      vertex 187.223 70.892 9
      vertex 185.787 74.8387 9
      vertex 186.682 70.7215 9
    endloop
  endfacet
  facet normal -0 0 1
    outer loop
      vertex 185.595 74.7784 9
      vertex 186.682 70.7215 9
      vertex 185.787 74.8387 9
    endloop
  endfacet
  facet normal 0 0 1
    outer loop
      vertex 186.682 70.7215 9
      vertex 185.595 74.7784 9
      vertex 186.129 70.5987 9
    endloop
  endfacet
  facet normal -0 0 1
    outer loop
      vertex 185.399 74.7349 9
      vertex 186.129 70.5987 9
      vertex 185.595 74.7784 9
    endloop
  endfacet
  facet normal 0 0 1
    outer loop
      vertex 186.129 70.5987 9
      vertex 185.399 74.7349 9
      vertex 185.567 70.5247 9
    endloop
  endfacet
  facet normal -0 0 1
    outer loop
      vertex 185.2 74.7088 9
      vertex 185.567 70.5247 9
      vertex 185.399 74.7349 9
    endloop
  endfacet
  facet normal -0 0 1
    outer loop
      vertex 185 74.7 9
      vertex 185.567 70.5247 9
      vertex 185.2 74.7088 9
    endloop
  endfacet
  facet normal 0 0 1
    outer loop
      vertex 185 74.7 9
      vertex 185 70.5 9
      vertex 185.567 70.5247 9
    endloop
  endfacet
  facet normal 0 0 1
    outer loop
      vertex 184.8 74.7088 9
      vertex 185 70.5 9
      vertex 185 74.7 9
    endloop
  endfacet
  facet normal 0 0 1
    outer loop
      vertex 184.433 70.5247 9
      vertex 184.8 74.7088 9
      vertex 184.601 74.7349 9
    endloop
  endfacet
  facet normal 0 0 1
    outer loop
      vertex 184.8 74.7088 9
      vertex 184.433 70.5247 9
      vertex 185 70.5 9
    endloop
  endfacet
  facet normal 0 0 1
    outer loop
      vertex 183.871 70.5987 9
      vertex 184.601 74.7349 9
      vertex 184.405 74.7784 9
    endloop
  endfacet
  facet normal 0 0 1
    outer loop
      vertex 183.318 70.7215 9
      vertex 184.405 74.7784 9
      vertex 184.213 74.8387 9
    endloop
  endfacet
  facet normal 0 0 1
    outer loop
      vertex 182.777 70.892 9
      vertex 184.213 74.8387 9
      vertex 184.028 74.9155 9
    endloop
  endfacet
  facet normal 0 0 1
    outer loop
      vertex 184.601 74.7349 9
      vertex 183.871 70.5987 9
      vertex 184.433 70.5247 9
    endloop
  endfacet
  facet normal 0 0 1
    outer loop
      vertex 182.253 71.109 9
      vertex 184.028 74.9155 9
      vertex 183.85 75.0081 9
    endloop
  endfacet
  facet normal 0 0 1
    outer loop
      vertex 181.75 71.3708 9
      vertex 183.85 75.0081 9
      vertex 183.681 75.116 9
    endloop
  endfacet
  facet normal 0 0 1
    outer loop
      vertex 181.272 71.6755 9
      vertex 183.681 75.116 9
      vertex 183.522 75.2381 9
    endloop
  endfacet
  facet normal 0 0 1
    outer loop
      vertex 180.822 72.0207 9
      vertex 183.522 75.2381 9
      vertex 183.374 75.3737 9
    endloop
  endfacet
  facet normal 0 0 1
    outer loop
      vertex 184.405 74.7784 9
      vertex 183.318 70.7215 9
      vertex 183.871 70.5987 9
    endloop
  endfacet
  facet normal 0 0 1
    outer loop
      vertex 180.404 72.4038 9
      vertex 183.374 75.3737 9
      vertex 183.238 75.5216 9
    endloop
  endfacet
  facet normal 0 0 1
    outer loop
      vertex 180.021 72.8219 9
      vertex 183.238 75.5216 9
      vertex 183.116 75.6808 9
    endloop
  endfacet
  facet normal 0 0 1
    outer loop
      vertex 179.676 73.2718 9
      vertex 183.116 75.6808 9
      vertex 183.008 75.85 9
    endloop
  endfacet
  facet normal 0 0 1
    outer loop
      vertex 179.371 73.75 9
      vertex 183.008 75.85 9
      vertex 182.915 76.028 9
    endloop
  endfacet
  facet normal 0 0 1
    outer loop
      vertex 179.109 74.253 9
      vertex 182.915 76.028 9
      vertex 182.839 76.2134 9
    endloop
  endfacet
  facet normal 0 0 1
    outer loop
      vertex 178.892 74.7769 9
      vertex 182.839 76.2134 9
      vertex 182.778 76.4047 9
    endloop
  endfacet
  facet normal 0 0 1
    outer loop
      vertex 184.213 74.8387 9
      vertex 182.777 70.892 9
      vertex 183.318 70.7215 9
    endloop
  endfacet
  facet normal 0 0 1
    outer loop
      vertex 178.721 75.3177 9
      vertex 182.778 76.4047 9
      vertex 182.735 76.6006 9
    endloop
  endfacet
  facet normal 0 0 1
    outer loop
      vertex 178.599 75.8713 9
      vertex 182.735 76.6006 9
      vertex 182.709 76.7995 9
    endloop
  endfacet
  facet normal 0 0 1
    outer loop
      vertex 178.525 76.4335 9
      vertex 182.709 76.7995 9
      vertex 182.7 77 9
    endloop
  endfacet
  facet normal -0 0 1
    outer loop
      vertex 179.371 80.25 9
      vertex 183.008 78.15 9
      vertex 179.676 80.7282 9
    endloop
  endfacet
  facet normal 0 0 1
    outer loop
      vertex 184.028 74.9155 9
      vertex 182.253 71.109 9
      vertex 182.777 70.892 9
    endloop
  endfacet
  facet normal 0 0 1
    outer loop
      vertex 183.008 78.15 9
      vertex 179.371 80.25 9
      vertex 182.915 77.972 9
    endloop
  endfacet
  facet normal 0 0 1
    outer loop
      vertex 183.85 75.0081 9
      vertex 181.75 71.3708 9
      vertex 182.253 71.109 9
    endloop
  endfacet
  facet normal -0 0 1
    outer loop
      vertex 179.109 79.747 9
      vertex 182.915 77.972 9
      vertex 179.371 80.25 9
    endloop
  endfacet
  facet normal 0 0 1
    outer loop
      vertex 183.681 75.116 9
      vertex 181.272 71.6755 9
      vertex 181.75 71.3708 9
    endloop
  endfacet
  facet normal 0 0 1
    outer loop
      vertex 182.915 77.972 9
      vertex 179.109 79.747 9
      vertex 182.839 77.7866 9
    endloop
  endfacet
  facet normal 0 0 1
    outer loop
      vertex 183.522 75.2381 9
      vertex 180.822 72.0207 9
      vertex 181.272 71.6755 9
    endloop
  endfacet
  facet normal -0 0 1
    outer loop
      vertex 178.892 79.2231 9
      vertex 182.839 77.7866 9
      vertex 179.109 79.747 9
    endloop
  endfacet
  facet normal 0 0 1
    outer loop
      vertex 183.374 75.3737 9
      vertex 180.404 72.4038 9
      vertex 180.822 72.0207 9
    endloop
  endfacet
  facet normal 0 0 1
    outer loop
      vertex 182.839 77.7866 9
      vertex 178.892 79.2231 9
      vertex 182.778 77.5953 9
    endloop
  endfacet
  facet normal 0 0 1
    outer loop
      vertex 183.238 75.5216 9
      vertex 180.021 72.8219 9
      vertex 180.404 72.4038 9
    endloop
  endfacet
  facet normal -0 0 1
    outer loop
      vertex 178.721 78.6823 9
      vertex 182.778 77.5953 9
      vertex 178.892 79.2231 9
    endloop
  endfacet
  facet normal 0 0 1
    outer loop
      vertex 183.116 75.6808 9
      vertex 179.676 73.2718 9
      vertex 180.021 72.8219 9
    endloop
  endfacet
  facet normal 0 0 1
    outer loop
      vertex 182.778 77.5953 9
      vertex 178.721 78.6823 9
      vertex 182.735 77.3994 9
    endloop
  endfacet
  facet normal 0 0 1
    outer loop
      vertex 183.008 75.85 9
      vertex 179.371 73.75 9
      vertex 179.676 73.2718 9
    endloop
  endfacet
  facet normal -0 0 1
    outer loop
      vertex 178.599 78.1287 9
      vertex 182.735 77.3994 9
      vertex 178.721 78.6823 9
    endloop
  endfacet
  facet normal 0 0 1
    outer loop
      vertex 182.915 76.028 9
      vertex 179.109 74.253 9
      vertex 179.371 73.75 9
    endloop
  endfacet
  facet normal 0 0 1
    outer loop
      vertex 182.735 77.3994 9
      vertex 178.599 78.1287 9
      vertex 182.709 77.2005 9
    endloop
  endfacet
  facet normal 0 0 1
    outer loop
      vertex 182.839 76.2134 9
      vertex 178.892 74.7769 9
      vertex 179.109 74.253 9
    endloop
  endfacet
  facet normal -0 0 1
    outer loop
      vertex 178.525 77.5665 9
      vertex 182.709 77.2005 9
      vertex 178.599 78.1287 9
    endloop
  endfacet
  facet normal 0 0 1
    outer loop
      vertex 182.778 76.4047 9
      vertex 178.721 75.3177 9
      vertex 178.892 74.7769 9
    endloop
  endfacet
  facet normal 0 0 1
    outer loop
      vertex 182.709 77.2005 9
      vertex 178.525 77.5665 9
      vertex 182.7 77 9
    endloop
  endfacet
  facet normal 0 0 1
    outer loop
      vertex 182.735 76.6006 9
      vertex 178.599 75.8713 9
      vertex 178.721 75.3177 9
    endloop
  endfacet
  facet normal 0 0 1
    outer loop
      vertex 178.5 77 9
      vertex 182.7 77 9
      vertex 178.525 77.5665 9
    endloop
  endfacet
  facet normal 0 0 1
    outer loop
      vertex 182.709 76.7995 9
      vertex 178.525 76.4335 9
      vertex 178.599 75.8713 9
    endloop
  endfacet
  facet normal 0 0 1
    outer loop
      vertex 182.7 77 9
      vertex 178.5 77 9
      vertex 178.525 76.4335 9
    endloop
  endfacet
  facet normal -0 0 1
    outer loop
      vertex 194.884 83.6808 9
      vertex 198.324 81.2718 9
      vertex 194.992 83.85 9
    endloop
  endfacet
  facet normal 0 0 1
    outer loop
      vertex 198.324 81.2718 9
      vertex 194.884 83.6808 9
      vertex 197.979 80.8219 9
    endloop
  endfacet
  facet normal -0 0 1
    outer loop
      vertex 194.762 83.5216 9
      vertex 197.979 80.8219 9
      vertex 194.884 83.6808 9
    endloop
  endfacet
  facet normal 0 0 1
    outer loop
      vertex 197.979 80.8219 9
      vertex 194.762 83.5216 9
      vertex 197.596 80.4038 9
    endloop
  endfacet
  facet normal -0 0 1
    outer loop
      vertex 194.626 83.3737 9
      vertex 197.596 80.4038 9
      vertex 194.762 83.5216 9
    endloop
  endfacet
  facet normal 0 0 1
    outer loop
      vertex 197.596 80.4038 9
      vertex 194.626 83.3737 9
      vertex 197.178 80.0207 9
    endloop
  endfacet
  facet normal -0 0 1
    outer loop
      vertex 194.478 83.2381 9
      vertex 197.178 80.0207 9
      vertex 194.626 83.3737 9
    endloop
  endfacet
  facet normal 0 0 1
    outer loop
      vertex 197.178 80.0207 9
      vertex 194.478 83.2381 9
      vertex 196.728 79.6755 9
    endloop
  endfacet
  facet normal -0 0 1
    outer loop
      vertex 194.319 83.116 9
      vertex 196.728 79.6755 9
      vertex 194.478 83.2381 9
    endloop
  endfacet
  facet normal 0 0 1
    outer loop
      vertex 196.728 79.6755 9
      vertex 194.319 83.116 9
      vertex 196.25 79.3708 9
    endloop
  endfacet
  facet normal -0 0 1
    outer loop
      vertex 194.15 83.0081 9
      vertex 196.25 79.3708 9
      vertex 194.319 83.116 9
    endloop
  endfacet
  facet normal 0 0 1
    outer loop
      vertex 196.25 79.3708 9
      vertex 194.15 83.0081 9
      vertex 195.747 79.109 9
    endloop
  endfacet
  facet normal -0 0 1
    outer loop
      vertex 193.972 82.9155 9
      vertex 195.747 79.109 9
      vertex 194.15 83.0081 9
    endloop
  endfacet
  facet normal 0 0 1
    outer loop
      vertex 195.747 79.109 9
      vertex 193.972 82.9155 9
      vertex 195.223 78.892 9
    endloop
  endfacet
  facet normal -0 0 1
    outer loop
      vertex 193.787 82.8387 9
      vertex 195.223 78.892 9
      vertex 193.972 82.9155 9
    endloop
  endfacet
  facet normal 0 0 1
    outer loop
      vertex 195.223 78.892 9
      vertex 193.787 82.8387 9
      vertex 194.682 78.7215 9
    endloop
  endfacet
  facet normal -0 0 1
    outer loop
      vertex 193.595 82.7784 9
      vertex 194.682 78.7215 9
      vertex 193.787 82.8387 9
    endloop
  endfacet
  facet normal 0 0 1
    outer loop
      vertex 194.682 78.7215 9
      vertex 193.595 82.7784 9
      vertex 194.129 78.5987 9
    endloop
  endfacet
  facet normal -0 0 1
    outer loop
      vertex 193.399 82.7349 9
      vertex 194.129 78.5987 9
      vertex 193.595 82.7784 9
    endloop
  endfacet
  facet normal 0 0 1
    outer loop
      vertex 194.129 78.5987 9
      vertex 193.399 82.7349 9
      vertex 193.567 78.5247 9
    endloop
  endfacet
  facet normal -0 0 1
    outer loop
      vertex 193.2 82.7088 9
      vertex 193.567 78.5247 9
      vertex 193.399 82.7349 9
    endloop
  endfacet
  facet normal -0 0 1
    outer loop
      vertex 193 82.7 9
      vertex 193.567 78.5247 9
      vertex 193.2 82.7088 9
    endloop
  endfacet
  facet normal 0 0 1
    outer loop
      vertex 193 82.7 9
      vertex 193 78.5 9
      vertex 193.567 78.5247 9
    endloop
  endfacet
  facet normal 0 0 1
    outer loop
      vertex 192.8 82.7088 9
      vertex 193 78.5 9
      vertex 193 82.7 9
    endloop
  endfacet
  facet normal 0 0 1
    outer loop
      vertex 192.433 78.5247 9
      vertex 192.8 82.7088 9
      vertex 192.601 82.7349 9
    endloop
  endfacet
  facet normal 0 0 1
    outer loop
      vertex 192.8 82.7088 9
      vertex 192.433 78.5247 9
      vertex 193 78.5 9
    endloop
  endfacet
  facet normal 0 0 1
    outer loop
      vertex 191.871 78.5987 9
      vertex 192.601 82.7349 9
      vertex 192.405 82.7784 9
    endloop
  endfacet
  facet normal 0 0 1
    outer loop
      vertex 191.26 78.7395 9
      vertex 192.405 82.7784 9
      vertex 192.213 82.8387 9
    endloop
  endfacet
  facet normal 0 0 1
    outer loop
      vertex 191.26 78.7395 9
      vertex 192.213 82.8387 9
      vertex 192.028 82.9155 9
    endloop
  endfacet
  facet normal 0 0 1
    outer loop
      vertex 192.601 82.7349 9
      vertex 191.871 78.5987 9
      vertex 192.433 78.5247 9
    endloop
  endfacet
  facet normal 0 0 1
    outer loop
      vertex 191.26 78.7395 9
      vertex 192.028 82.9155 9
      vertex 191.85 83.0081 9
    endloop
  endfacet
  facet normal 0 0 1
    outer loop
      vertex 191.26 78.7395 9
      vertex 191.85 83.0081 9
      vertex 191.681 83.116 9
    endloop
  endfacet
  facet normal 0 0 1
    outer loop
      vertex 191.26 78.7395 9
      vertex 191.681 83.116 9
      vertex 191.522 83.2381 9
    endloop
  endfacet
  facet normal 0 0 1
    outer loop
      vertex 191.26 78.7395 9
      vertex 191.522 83.2381 9
      vertex 191.374 83.3737 9
    endloop
  endfacet
  facet normal 0 0 1
    outer loop
      vertex 192.405 82.7784 9
      vertex 191.318 78.7215 9
      vertex 191.871 78.5987 9
    endloop
  endfacet
  facet normal 0 0 1
    outer loop
      vertex 192.405 82.7784 9
      vertex 191.26 78.7395 9
      vertex 191.318 78.7215 9
    endloop
  endfacet
  facet normal 0 -0 1
    outer loop
      vertex 191.26 78.7395 9
      vertex 191.374 83.3737 9
      vertex 191.238 83.5216 9
    endloop
  endfacet
  facet normal 0 0 1
    outer loop
      vertex 191.475 77.5665 9
      vertex 191.475 76.4335 9
      vertex 191.5 77 9
    endloop
  endfacet
  facet normal 0 0 1
    outer loop
      vertex 191.401 78.1287 9
      vertex 191.475 76.4335 9
      vertex 191.475 77.5665 9
    endloop
  endfacet
  facet normal 0 0 1
    outer loop
      vertex 191.401 78.1287 9
      vertex 191.401 75.8713 9
      vertex 191.475 76.4335 9
    endloop
  endfacet
  facet normal 0 0 1
    outer loop
      vertex 191.26 78.7395 9
      vertex 191.401 78.1287 9
      vertex 191.279 78.6823 9
    endloop
  endfacet
  facet normal 0 0 1
    outer loop
      vertex 191.401 78.1287 9
      vertex 191.26 78.7395 9
      vertex 191.401 75.8713 9
    endloop
  endfacet
  facet normal 0 0 1
    outer loop
      vertex 191.401 75.8713 9
      vertex 191.26 78.7395 9
      vertex 191.279 75.3177 9
    endloop
  endfacet
  facet normal 0 0 1
    outer loop
      vertex 191.116 83.6808 9
      vertex 191.26 78.7395 9
      vertex 191.238 83.5216 9
    endloop
  endfacet
  facet normal 0 0 1
    outer loop
      vertex 191.008 83.85 9
      vertex 191.26 78.7395 9
      vertex 191.116 83.6808 9
    endloop
  endfacet
  facet normal 0 0 1
    outer loop
      vertex 190.915 84.028 9
      vertex 191.26 78.7395 9
      vertex 191.008 83.85 9
    endloop
  endfacet
  facet normal 0 0 1
    outer loop
      vertex 190.839 84.2134 9
      vertex 191.26 78.7395 9
      vertex 190.915 84.028 9
    endloop
  endfacet
  facet normal 0 0 1
    outer loop
      vertex 191.26 78.7395 9
      vertex 190.629 73.75 9
      vertex 191.279 75.3177 9
    endloop
  endfacet
  facet normal 0 0 1
    outer loop
      vertex 191.279 75.3177 9
      vertex 190.629 73.75 9
      vertex 191.108 74.7769 9
    endloop
  endfacet
  facet normal 0 0 1
    outer loop
      vertex 190.778 84.4047 9
      vertex 191.26 78.7395 9
      vertex 190.839 84.2134 9
    endloop
  endfacet
  facet normal 0 0 1
    outer loop
      vertex 190.735 84.6006 9
      vertex 191.26 78.7395 9
      vertex 190.778 84.4047 9
    endloop
  endfacet
  facet normal 0 0 1
    outer loop
      vertex 190.324 73.2718 9
      vertex 191.26 78.7395 9
      vertex 190.735 84.6006 9
    endloop
  endfacet
  facet normal 0 0 1
    outer loop
      vertex 190.324 73.2718 9
      vertex 190.735 84.6006 9
      vertex 190.709 84.7995 9
    endloop
  endfacet
  facet normal 0 0 1
    outer loop
      vertex 186.525 84.4335 9
      vertex 190.709 84.7995 9
      vertex 190.7 85 9
    endloop
  endfacet
  facet normal 0 0 1
    outer loop
      vertex 191.108 74.7769 9
      vertex 190.629 73.75 9
      vertex 190.891 74.253 9
    endloop
  endfacet
  facet normal -0 0 1
    outer loop
      vertex 187.085 76.028 9
      vertex 190.324 73.2718 9
      vertex 187.161 76.2134 9
    endloop
  endfacet
  facet normal -0 0 1
    outer loop
      vertex 187.222 76.4047 9
      vertex 190.324 73.2718 9
      vertex 187.265 76.6006 9
    endloop
  endfacet
  facet normal -0 -0 1
    outer loop
      vertex 187.265 77.3994 9
      vertex 190.324 73.2718 9
      vertex 187.222 77.5953 9
    endloop
  endfacet
  facet normal -0 -0 1
    outer loop
      vertex 187.3 77 9
      vertex 190.324 73.2718 9
      vertex 187.291 77.2005 9
    endloop
  endfacet
  facet normal -0 0 1
    outer loop
      vertex 186.599 86.1287 9
      vertex 190.735 85.3994 9
      vertex 186.721 86.6823 9
    endloop
  endfacet
  facet normal 0 0 1
    outer loop
      vertex 190.709 84.7995 9
      vertex 187.222 77.5953 9
      vertex 190.324 73.2718 9
    endloop
  endfacet
  facet normal 0 0 1
    outer loop
      vertex 190.709 84.7995 9
      vertex 187.085 77.972 9
      vertex 187.161 77.7866 9
    endloop
  endfacet
  facet normal 0 0 1
    outer loop
      vertex 190.735 85.3994 9
      vertex 186.599 86.1287 9
      vertex 190.709 85.2005 9
    endloop
  endfacet
  facet normal 0 0 1
    outer loop
      vertex 190.709 84.7995 9
      vertex 186.992 78.15 9
      vertex 187.085 77.972 9
    endloop
  endfacet
  facet normal 0 0 1
    outer loop
      vertex 190.709 84.7995 9
      vertex 186.884 78.3192 9
      vertex 186.992 78.15 9
    endloop
  endfacet
  facet normal 0 0 1
    outer loop
      vertex 190.709 84.7995 9
      vertex 186.762 78.4784 9
      vertex 186.884 78.3192 9
    endloop
  endfacet
  facet normal -0 0 1
    outer loop
      vertex 186.525 85.5665 9
      vertex 190.709 85.2005 9
      vertex 186.599 86.1287 9
    endloop
  endfacet
  facet normal 0 0 1
    outer loop
      vertex 190.709 85.2005 9
      vertex 186.525 85.5665 9
      vertex 190.7 85 9
    endloop
  endfacet
  facet normal 0 0 1
    outer loop
      vertex 190.709 84.7995 9
      vertex 186.599 83.8713 9
      vertex 186.721 83.3177 9
    endloop
  endfacet
  facet normal 0 0 1
    outer loop
      vertex 190.709 84.7995 9
      vertex 186.721 83.3177 9
      vertex 186.74 83.2605 9
    endloop
  endfacet
  facet normal 0 0 1
    outer loop
      vertex 186.5 85 9
      vertex 190.7 85 9
      vertex 186.525 85.5665 9
    endloop
  endfacet
  facet normal 0 0 1
    outer loop
      vertex 190.709 84.7995 9
      vertex 186.525 84.4335 9
      vertex 186.599 83.8713 9
    endloop
  endfacet
  facet normal 0 0 1
    outer loop
      vertex 190.7 85 9
      vertex 186.5 85 9
      vertex 186.525 84.4335 9
    endloop
  endfacet
  facet normal 0 0 1
    outer loop
      vertex 185.595 79.2216 9
      vertex 186.74 83.2605 9
      vertex 186.682 83.2785 9
    endloop
  endfacet
  facet normal 0 0 1
    outer loop
      vertex 186.74 83.2605 9
      vertex 186.626 78.6263 9
      vertex 186.762 78.4784 9
    endloop
  endfacet
  facet normal 0 0 1
    outer loop
      vertex 186.74 83.2605 9
      vertex 186.478 78.7619 9
      vertex 186.626 78.6263 9
    endloop
  endfacet
  facet normal 0 0 1
    outer loop
      vertex 186.74 83.2605 9
      vertex 186.319 78.884 9
      vertex 186.478 78.7619 9
    endloop
  endfacet
  facet normal 0 0 1
    outer loop
      vertex 186.74 83.2605 9
      vertex 186.15 78.9919 9
      vertex 186.319 78.884 9
    endloop
  endfacet
  facet normal 0 0 1
    outer loop
      vertex 185.595 79.2216 9
      vertex 186.682 83.2785 9
      vertex 186.129 83.4013 9
    endloop
  endfacet
  facet normal 0 0 1
    outer loop
      vertex 186.74 83.2605 9
      vertex 185.972 79.0845 9
      vertex 186.15 78.9919 9
    endloop
  endfacet
  facet normal 0 0 1
    outer loop
      vertex 186.74 83.2605 9
      vertex 185.787 79.1613 9
      vertex 185.972 79.0845 9
    endloop
  endfacet
  facet normal 0 0 1
    outer loop
      vertex 186.74 83.2605 9
      vertex 185.595 79.2216 9
      vertex 185.787 79.1613 9
    endloop
  endfacet
  facet normal 0 0 1
    outer loop
      vertex 185.399 79.2651 9
      vertex 186.129 83.4013 9
      vertex 185.567 83.4753 9
    endloop
  endfacet
  facet normal 0 0 1
    outer loop
      vertex 186.129 83.4013 9
      vertex 185.399 79.2651 9
      vertex 185.595 79.2216 9
    endloop
  endfacet
  facet normal 0 0 1
    outer loop
      vertex 185.567 83.4753 9
      vertex 185.2 79.2912 9
      vertex 185.399 79.2651 9
    endloop
  endfacet
  facet normal 0 0 1
    outer loop
      vertex 185 83.5 9
      vertex 185.2 79.2912 9
      vertex 185.567 83.4753 9
    endloop
  endfacet
  facet normal 0 0 1
    outer loop
      vertex 185 83.5 9
      vertex 185 79.3 9
      vertex 185.2 79.2912 9
    endloop
  endfacet
  facet normal 0 0 1
    outer loop
      vertex 185 83.5 9
      vertex 184.8 79.2912 9
      vertex 185 79.3 9
    endloop
  endfacet
  facet normal -0 0 1
    outer loop
      vertex 184.433 83.4753 9
      vertex 184.8 79.2912 9
      vertex 185 83.5 9
    endloop
  endfacet
  facet normal 0 0 1
    outer loop
      vertex 184.8 79.2912 9
      vertex 184.433 83.4753 9
      vertex 184.601 79.2651 9
    endloop
  endfacet
  facet normal -0 0 1
    outer loop
      vertex 183.871 83.4013 9
      vertex 184.601 79.2651 9
      vertex 184.433 83.4753 9
    endloop
  endfacet
  facet normal 0 0 1
    outer loop
      vertex 184.601 79.2651 9
      vertex 183.871 83.4013 9
      vertex 184.405 79.2216 9
    endloop
  endfacet
  facet normal -0 0 1
    outer loop
      vertex 183.318 83.2785 9
      vertex 184.405 79.2216 9
      vertex 183.871 83.4013 9
    endloop
  endfacet
  facet normal 0 0 1
    outer loop
      vertex 184.405 79.2216 9
      vertex 183.318 83.2785 9
      vertex 184.213 79.1613 9
    endloop
  endfacet
  facet normal -0 0 1
    outer loop
      vertex 182.777 83.108 9
      vertex 184.213 79.1613 9
      vertex 183.318 83.2785 9
    endloop
  endfacet
  facet normal 0 0 1
    outer loop
      vertex 184.213 79.1613 9
      vertex 182.777 83.108 9
      vertex 184.028 79.0845 9
    endloop
  endfacet
  facet normal -0 0 1
    outer loop
      vertex 182.253 82.891 9
      vertex 184.028 79.0845 9
      vertex 182.777 83.108 9
    endloop
  endfacet
  facet normal 0 0 1
    outer loop
      vertex 184.028 79.0845 9
      vertex 182.253 82.891 9
      vertex 183.85 78.9919 9
    endloop
  endfacet
  facet normal -0 0 1
    outer loop
      vertex 181.75 82.6292 9
      vertex 183.85 78.9919 9
      vertex 182.253 82.891 9
    endloop
  endfacet
  facet normal 0 0 1
    outer loop
      vertex 183.85 78.9919 9
      vertex 181.75 82.6292 9
      vertex 183.681 78.884 9
    endloop
  endfacet
  facet normal -0 0 1
    outer loop
      vertex 181.272 82.3245 9
      vertex 183.681 78.884 9
      vertex 181.75 82.6292 9
    endloop
  endfacet
  facet normal 0 0 1
    outer loop
      vertex 183.681 78.884 9
      vertex 181.272 82.3245 9
      vertex 183.522 78.7619 9
    endloop
  endfacet
  facet normal -0 0 1
    outer loop
      vertex 180.822 81.9793 9
      vertex 183.522 78.7619 9
      vertex 181.272 82.3245 9
    endloop
  endfacet
  facet normal 0 0 1
    outer loop
      vertex 183.522 78.7619 9
      vertex 180.822 81.9793 9
      vertex 183.374 78.6263 9
    endloop
  endfacet
  facet normal -0 0 1
    outer loop
      vertex 180.404 81.5962 9
      vertex 183.374 78.6263 9
      vertex 180.822 81.9793 9
    endloop
  endfacet
  facet normal 0 0 1
    outer loop
      vertex 183.374 78.6263 9
      vertex 180.404 81.5962 9
      vertex 183.238 78.4784 9
    endloop
  endfacet
  facet normal -0 0 1
    outer loop
      vertex 180.021 81.1781 9
      vertex 183.238 78.4784 9
      vertex 180.404 81.5962 9
    endloop
  endfacet
  facet normal 0 0 1
    outer loop
      vertex 183.238 78.4784 9
      vertex 180.021 81.1781 9
      vertex 183.116 78.3192 9
    endloop
  endfacet
  facet normal -0 0 1
    outer loop
      vertex 179.676 80.7282 9
      vertex 183.116 78.3192 9
      vertex 180.021 81.1781 9
    endloop
  endfacet
  facet normal 0 0 1
    outer loop
      vertex 183.116 78.3192 9
      vertex 179.676 80.7282 9
      vertex 183.008 78.15 9
    endloop
  endfacet
  facet normal 0.608654 -0.793436 0
    outer loop
      vertex 188.728 71.6755 5
      vertex 189.178 72.0207 9
      vertex 188.728 71.6755 9
    endloop
  endfacet
  facet normal 0.608654 -0.793436 0
    outer loop
      vertex 189.178 72.0207 9
      vertex 188.728 71.6755 5
      vertex 189.178 72.0207 5
    endloop
  endfacet
  facet normal -0.382611 -0.923909 0
    outer loop
      vertex 182.253 71.109 5
      vertex 182.777 70.892 9
      vertex 182.253 71.109 9
    endloop
  endfacet
  facet normal -0.382611 -0.923909 -0
    outer loop
      vertex 182.777 70.892 9
      vertex 182.253 71.109 5
      vertex 182.777 70.892 5
    endloop
  endfacet
  facet normal -0.382611 0.923909 0
    outer loop
      vertex 182.777 83.108 5
      vertex 182.253 82.891 9
      vertex 182.777 83.108 9
    endloop
  endfacet
  facet normal -0.382611 0.923909 0
    outer loop
      vertex 182.253 82.891 9
      vertex 182.777 83.108 5
      vertex 182.253 82.891 5
    endloop
  endfacet
  facet normal 0.886899 -0.461963 -2.43286e-18
    outer loop
      vertex 190.629 73.75 9
      vertex 190.891 74.253 5
      vertex 190.891 74.253 9
    endloop
  endfacet
  facet normal 0.886899 -0.461963 -2.43286e-18
    outer loop
      vertex 190.891 74.253 5
      vertex 190.629 73.75 9
      vertex 190.629 73.75 5
    endloop
  endfacet
  facet normal -0.461686 -0.887043 0
    outer loop
      vertex 181.75 71.3708 5
      vertex 182.253 71.109 9
      vertex 181.75 71.3708 9
    endloop
  endfacet
  facet normal -0.461686 -0.887043 -0
    outer loop
      vertex 182.253 71.109 9
      vertex 181.75 71.3708 5
      vertex 182.253 71.109 5
    endloop
  endfacet
  facet normal -0.793541 0.608517 5.04362e-18
    outer loop
      vertex 179.676 80.7282 5
      vertex 180.021 81.1781 9
      vertex 180.021 81.1781 5
    endloop
  endfacet
  facet normal -0.793541 0.608517 5.04362e-18
    outer loop
      vertex 180.021 81.1781 9
      vertex 179.676 80.7282 5
      vertex 179.676 80.7282 9
    endloop
  endfacet
  facet normal -0.608654 -0.793436 0
    outer loop
      vertex 180.822 72.0207 5
      vertex 181.272 71.6755 9
      vertex 180.822 72.0207 9
    endloop
  endfacet
  facet normal -0.608654 -0.793436 -0
    outer loop
      vertex 181.272 71.6755 9
      vertex 180.822 72.0207 5
      vertex 181.272 71.6755 5
    endloop
  endfacet
  facet normal -0.537526 -0.843247 0
    outer loop
      vertex 181.272 71.6755 5
      vertex 181.75 71.3708 9
      vertex 181.272 71.6755 9
    endloop
  endfacet
  facet normal -0.537526 -0.843247 -0
    outer loop
      vertex 181.75 71.3708 9
      vertex 181.272 71.6755 5
      vertex 181.75 71.3708 5
    endloop
  endfacet
  facet normal -0.999028 0.0440877 -7.09734e-20
    outer loop
      vertex 178.5 77 5
      vertex 178.525 77.5665 9
      vertex 178.525 77.5665 5
    endloop
  endfacet
  facet normal -0.999028 0.0440877 -7.09734e-20
    outer loop
      vertex 178.525 77.5665 9
      vertex 178.5 77 5
      vertex 178.5 77 9
    endloop
  endfacet
  facet normal -0.999028 -0.0440877 7.09734e-20
    outer loop
      vertex 178.525 76.4335 5
      vertex 178.5 77 9
      vertex 178.5 77 5
    endloop
  endfacet
  facet normal -0.999028 -0.0440877 7.09734e-20
    outer loop
      vertex 178.5 77 9
      vertex 178.525 76.4335 5
      vertex 178.525 76.4335 9
    endloop
  endfacet
  facet normal -0.216781 -0.97622 0
    outer loop
      vertex 183.318 70.7215 5
      vertex 183.871 70.5987 9
      vertex 183.318 70.7215 9
    endloop
  endfacet
  facet normal -0.216781 -0.97622 -0
    outer loop
      vertex 183.871 70.5987 9
      vertex 183.318 70.7215 5
      vertex 183.871 70.5987 5
    endloop
  endfacet
  facet normal 0.737381 -0.675477 -4.23141e-18
    outer loop
      vertex 189.596 72.4038 9
      vertex 189.979 72.8219 5
      vertex 189.979 72.8219 9
    endloop
  endfacet
  facet normal 0.737381 -0.675477 -4.23141e-18
    outer loop
      vertex 189.979 72.8219 5
      vertex 189.596 72.4038 9
      vertex 189.596 72.4038 5
    endloop
  endfacet
  facet normal 0.461686 -0.887043 0
    outer loop
      vertex 187.747 71.109 5
      vertex 188.25 71.3708 9
      vertex 187.747 71.109 9
    endloop
  endfacet
  facet normal 0.461686 -0.887043 0
    outer loop
      vertex 188.25 71.3708 9
      vertex 187.747 71.109 5
      vertex 188.25 71.3708 5
    endloop
  endfacet
  facet normal 0.382611 -0.923909 0
    outer loop
      vertex 187.223 70.892 5
      vertex 187.747 71.109 9
      vertex 187.223 70.892 9
    endloop
  endfacet
  facet normal 0.382611 -0.923909 0
    outer loop
      vertex 187.747 71.109 9
      vertex 187.223 70.892 5
      vertex 187.747 71.109 5
    endloop
  endfacet
  facet normal -0.953471 0.301486 -1.95036e-19
    outer loop
      vertex 178.721 78.6823 5
      vertex 178.892 79.2231 9
      vertex 178.892 79.2231 5
    endloop
  endfacet
  facet normal -0.953471 0.301486 -1.95036e-19
    outer loop
      vertex 178.892 79.2231 9
      vertex 178.721 78.6823 5
      vertex 178.721 78.6823 9
    endloop
  endfacet
  facet normal -0.923884 0.382674 1.76159e-18
    outer loop
      vertex 178.892 79.2231 5
      vertex 179.109 79.747 9
      vertex 179.109 79.747 5
    endloop
  endfacet
  facet normal -0.923884 0.382674 1.76159e-18
    outer loop
      vertex 179.109 79.747 9
      vertex 178.892 79.2231 5
      vertex 178.892 79.2231 9
    endloop
  endfacet
  facet normal 0.991425 0.130673 -9.57005e-19
    outer loop
      vertex 29.4753 85.5665 9
      vertex 29.4012 86.1287 5
      vertex 29.4012 86.1287 9
    endloop
  endfacet
  facet normal 0.991425 0.130673 -9.57005e-19
    outer loop
      vertex 29.4012 86.1287 5
      vertex 29.4753 85.5665 9
      vertex 29.4753 85.5665 5
    endloop
  endfacet
  facet normal 0.999051 0.0435597 -1.39033e-19
    outer loop
      vertex 29.5 85 9
      vertex 29.4753 85.5665 5
      vertex 29.4753 85.5665 9
    endloop
  endfacet
  facet normal 0.999051 0.0435597 -1.39033e-19
    outer loop
      vertex 29.4753 85.5665 5
      vertex 29.5 85 9
      vertex 29.5 85 5
    endloop
  endfacet
  facet normal 0.976307 0.216389 -6.33278e-20
    outer loop
      vertex 29.4012 86.1287 9
      vertex 29.2785 86.6823 5
      vertex 29.2785 86.6823 9
    endloop
  endfacet
  facet normal 0.976307 0.216389 -6.33278e-20
    outer loop
      vertex 29.2785 86.6823 5
      vertex 29.4012 86.1287 9
      vertex 29.4012 86.1287 5
    endloop
  endfacet
  facet normal -0.887043 -0.461686 -1.08091e-18
    outer loop
      vertex 17.3708 81.75 5
      vertex 17.109 82.253 9
      vertex 17.109 82.253 5
    endloop
  endfacet
  facet normal -0.887043 -0.461686 -1.08091e-18
    outer loop
      vertex 17.109 82.253 9
      vertex 17.3708 81.75 5
      vertex 17.3708 81.75 9
    endloop
  endfacet
  facet normal 0.300684 0.953724 -0
    outer loop
      vertex 25.2231 91.108 5
      vertex 24.6823 91.2785 9
      vertex 25.2231 91.108 9
    endloop
  endfacet
  facet normal 0.300684 0.953724 0
    outer loop
      vertex 24.6823 91.2785 9
      vertex 25.2231 91.108 5
      vertex 24.6823 91.2785 5
    endloop
  endfacet
  facet normal -0.843349 -0.537366 -8.42088e-20
    outer loop
      vertex 17.6755 81.2718 5
      vertex 17.3708 81.75 9
      vertex 17.3708 81.75 5
    endloop
  endfacet
  facet normal -0.843349 -0.537366 -8.42088e-20
    outer loop
      vertex 17.3708 81.75 9
      vertex 17.6755 81.2718 5
      vertex 17.6755 81.2718 9
    endloop
  endfacet
  facet normal 0.923884 0.382674 4.11618e-19
    outer loop
      vertex 29.108 87.2231 9
      vertex 28.891 87.747 5
      vertex 28.891 87.747 9
    endloop
  endfacet
  facet normal 0.923884 0.382674 4.11618e-19
    outer loop
      vertex 28.891 87.747 5
      vertex 29.108 87.2231 9
      vertex 29.108 87.2231 5
    endloop
  endfacet
  facet normal -0.216557 0.97627 0
    outer loop
      vertex 21.8713 91.4013 5
      vertex 21.3177 91.2785 9
      vertex 21.8713 91.4013 9
    endloop
  endfacet
  facet normal -0.216557 0.97627 0
    outer loop
      vertex 21.3177 91.2785 9
      vertex 21.8713 91.4013 5
      vertex 21.3177 91.2785 5
    endloop
  endfacet
  facet normal 0.0435597 -0.999051 0
    outer loop
      vertex 23 78.5 5
      vertex 23.5665 78.5247 9
      vertex 23 78.5 9
    endloop
  endfacet
  facet normal 0.0435597 -0.999051 0
    outer loop
      vertex 23.5665 78.5247 9
      vertex 23 78.5 5
      vertex 23.5665 78.5247 5
    endloop
  endfacet
  facet normal 0.216557 -0.97627 0
    outer loop
      vertex 24.1287 78.5987 5
      vertex 24.6823 78.7215 9
      vertex 24.1287 78.5987 9
    endloop
  endfacet
  facet normal 0.216557 -0.97627 0
    outer loop
      vertex 24.6823 78.7215 9
      vertex 24.1287 78.5987 5
      vertex 24.6823 78.7215 5
    endloop
  endfacet
  facet normal 0.382674 0.923884 -0
    outer loop
      vertex 25.747 90.891 5
      vertex 25.2231 91.108 9
      vertex 25.747 90.891 9
    endloop
  endfacet
  facet normal 0.382674 0.923884 0
    outer loop
      vertex 25.2231 91.108 9
      vertex 25.747 90.891 5
      vertex 25.2231 91.108 5
    endloop
  endfacet
  facet normal 0.216557 0.97627 -0
    outer loop
      vertex 24.6823 91.2785 5
      vertex 24.1287 91.4013 9
      vertex 24.6823 91.2785 9
    endloop
  endfacet
  facet normal 0.216557 0.97627 0
    outer loop
      vertex 24.1287 91.4013 9
      vertex 24.6823 91.2785 5
      vertex 24.1287 91.4013 5
    endloop
  endfacet
  facet normal 0.991425 -0.130673 9.57005e-19
    outer loop
      vertex 29.4012 83.8713 9
      vertex 29.4753 84.4335 5
      vertex 29.4753 84.4335 9
    endloop
  endfacet
  facet normal 0.991425 -0.130673 9.57005e-19
    outer loop
      vertex 29.4753 84.4335 5
      vertex 29.4012 83.8713 9
      vertex 29.4012 83.8713 5
    endloop
  endfacet
  facet normal -0.537366 0.843349 0
    outer loop
      vertex 19.75 90.6292 5
      vertex 19.2718 90.3245 9
      vertex 19.75 90.6292 9
    endloop
  endfacet
  facet normal -0.537366 0.843349 0
    outer loop
      vertex 19.2718 90.3245 9
      vertex 19.75 90.6292 5
      vertex 19.2718 90.3245 5
    endloop
  endfacet
  facet normal -0.793371 -0.608739 2.22388e-18
    outer loop
      vertex 18.0207 80.8219 5
      vertex 17.6755 81.2718 9
      vertex 17.6755 81.2718 5
    endloop
  endfacet
  facet normal -0.793371 -0.608739 2.22388e-18
    outer loop
      vertex 17.6755 81.2718 9
      vertex 18.0207 80.8219 5
      vertex 18.0207 80.8219 9
    endloop
  endfacet
  facet normal -0.1305 -0.991448 0
    outer loop
      vertex 21.8713 78.5987 5
      vertex 22.4335 78.5247 9
      vertex 21.8713 78.5987 9
    endloop
  endfacet
  facet normal -0.1305 -0.991448 -0
    outer loop
      vertex 22.4335 78.5247 9
      vertex 21.8713 78.5987 5
      vertex 22.4335 78.5247 5
    endloop
  endfacet
  facet normal -0.843349 0.537366 8.42088e-20
    outer loop
      vertex 17.3708 88.25 5
      vertex 17.6755 88.7282 9
      vertex 17.6755 88.7282 5
    endloop
  endfacet
  facet normal -0.843349 0.537366 8.42088e-20
    outer loop
      vertex 17.6755 88.7282 9
      vertex 17.3708 88.25 5
      vertex 17.3708 88.25 9
    endloop
  endfacet
  facet normal -0.953724 -0.300684 -2.42054e-18
    outer loop
      vertex 16.892 82.7769 5
      vertex 16.7215 83.3177 9
      vertex 16.7215 83.3177 5
    endloop
  endfacet
  facet normal -0.953724 -0.300684 -2.42054e-18
    outer loop
      vertex 16.7215 83.3177 9
      vertex 16.892 82.7769 5
      vertex 16.892 82.7769 9
    endloop
  endfacet
  facet normal 0.976307 -0.216389 6.33278e-20
    outer loop
      vertex 29.2785 83.3177 9
      vertex 29.4012 83.8713 5
      vertex 29.4012 83.8713 9
    endloop
  endfacet
  facet normal 0.976307 -0.216389 6.33278e-20
    outer loop
      vertex 29.4012 83.8713 5
      vertex 29.2785 83.3177 9
      vertex 29.2785 83.3177 5
    endloop
  endfacet
  facet normal -0.675573 0.737293 0
    outer loop
      vertex 18.8219 89.9793 5
      vertex 18.4038 89.5962 9
      vertex 18.8219 89.9793 9
    endloop
  endfacet
  facet normal -0.675573 0.737293 0
    outer loop
      vertex 18.4038 89.5962 9
      vertex 18.8219 89.9793 5
      vertex 18.4038 89.5962 5
    endloop
  endfacet
  facet normal 0.300173 -0.953885 0
    outer loop
      vertex 24.6823 78.7215 5
      vertex 24.7395 78.7395 9
      vertex 24.6823 78.7215 9
    endloop
  endfacet
  facet normal 0.300173 -0.953885 0
    outer loop
      vertex 24.7395 78.7395 9
      vertex 24.6823 78.7215 5
      vertex 24.7395 78.7395 5
    endloop
  endfacet
  facet normal -0.97627 0.216557 2.60283e-18
    outer loop
      vertex 16.5987 86.1287 5
      vertex 16.7215 86.6823 9
      vertex 16.7215 86.6823 5
    endloop
  endfacet
  facet normal -0.97627 0.216557 2.60283e-18
    outer loop
      vertex 16.7215 86.6823 9
      vertex 16.5987 86.1287 5
      vertex 16.5987 86.1287 9
    endloop
  endfacet
  facet normal -0.300684 0.953724 0
    outer loop
      vertex 21.3177 91.2785 5
      vertex 20.7769 91.108 9
      vertex 21.3177 91.2785 9
    endloop
  endfacet
  facet normal -0.300684 0.953724 0
    outer loop
      vertex 20.7769 91.108 9
      vertex 21.3177 91.2785 5
      vertex 20.7769 91.108 5
    endloop
  endfacet
  facet normal 0.793371 0.608739 2.22388e-18
    outer loop
      vertex 28.3245 88.7282 9
      vertex 27.9793 89.1781 5
      vertex 27.9793 89.1781 9
    endloop
  endfacet
  facet normal 0.793371 0.608739 2.22388e-18
    outer loop
      vertex 27.9793 89.1781 5
      vertex 28.3245 88.7282 9
      vertex 28.3245 88.7282 5
    endloop
  endfacet
  facet normal -0.923884 -0.382674 4.11618e-19
    outer loop
      vertex 17.109 82.253 5
      vertex 16.892 82.7769 9
      vertex 16.892 82.7769 5
    endloop
  endfacet
  facet normal -0.923884 -0.382674 4.11618e-19
    outer loop
      vertex 16.892 82.7769 9
      vertex 17.109 82.253 5
      vertex 17.109 82.253 9
    endloop
  endfacet
  facet normal 0.999051 -0.0435597 1.39033e-19
    outer loop
      vertex 29.4753 84.4335 9
      vertex 29.5 85 5
      vertex 29.5 85 9
    endloop
  endfacet
  facet normal 0.999051 -0.0435597 1.39033e-19
    outer loop
      vertex 29.5 85 5
      vertex 29.4753 84.4335 9
      vertex 29.4753 84.4335 5
    endloop
  endfacet
  facet normal 0.1305 0.991448 -0
    outer loop
      vertex 24.1287 91.4013 5
      vertex 23.5665 91.4753 9
      vertex 24.1287 91.4013 9
    endloop
  endfacet
  facet normal 0.1305 0.991448 0
    outer loop
      vertex 23.5665 91.4753 9
      vertex 24.1287 91.4013 5
      vertex 23.5665 91.4753 5
    endloop
  endfacet
  facet normal 0.608739 0.793371 -0
    outer loop
      vertex 27.1781 89.9793 5
      vertex 26.7282 90.3245 9
      vertex 27.1781 89.9793 9
    endloop
  endfacet
  facet normal 0.608739 0.793371 0
    outer loop
      vertex 26.7282 90.3245 9
      vertex 27.1781 89.9793 5
      vertex 26.7282 90.3245 5
    endloop
  endfacet
  facet normal -0.216557 -0.97627 0
    outer loop
      vertex 21.3177 78.7215 5
      vertex 21.8713 78.5987 9
      vertex 21.3177 78.7215 9
    endloop
  endfacet
  facet normal -0.216557 -0.97627 -0
    outer loop
      vertex 21.8713 78.5987 9
      vertex 21.3177 78.7215 5
      vertex 21.8713 78.5987 5
    endloop
  endfacet
  facet normal 0.537366 0.843349 -0
    outer loop
      vertex 26.7282 90.3245 5
      vertex 26.25 90.6292 9
      vertex 26.7282 90.3245 9
    endloop
  endfacet
  facet normal 0.537366 0.843349 0
    outer loop
      vertex 26.25 90.6292 9
      vertex 26.7282 90.3245 5
      vertex 26.25 90.6292 5
    endloop
  endfacet
  facet normal 0.1305 -0.991448 0
    outer loop
      vertex 23.5665 78.5247 5
      vertex 24.1287 78.5987 9
      vertex 23.5665 78.5247 9
    endloop
  endfacet
  facet normal 0.1305 -0.991448 0
    outer loop
      vertex 24.1287 78.5987 9
      vertex 23.5665 78.5247 5
      vertex 24.1287 78.5987 5
    endloop
  endfacet
  facet normal 0.953724 0.300684 -2.42054e-18
    outer loop
      vertex 29.2785 86.6823 9
      vertex 29.108 87.2231 5
      vertex 29.108 87.2231 9
    endloop
  endfacet
  facet normal 0.953724 0.300684 -2.42054e-18
    outer loop
      vertex 29.108 87.2231 5
      vertex 29.2785 86.6823 9
      vertex 29.2785 86.6823 5
    endloop
  endfacet
  facet normal -0.887043 0.461686 1.08091e-18
    outer loop
      vertex 17.109 87.747 5
      vertex 17.3708 88.25 9
      vertex 17.3708 88.25 5
    endloop
  endfacet
  facet normal -0.887043 0.461686 1.08091e-18
    outer loop
      vertex 17.3708 88.25 9
      vertex 17.109 87.747 5
      vertex 17.109 87.747 9
    endloop
  endfacet
  facet normal 0.953885 -0.300173 -3.6485e-20
    outer loop
      vertex 29.2605 83.2605 9
      vertex 29.2785 83.3177 5
      vertex 29.2785 83.3177 9
    endloop
  endfacet
  facet normal 0.953885 -0.300173 -3.6485e-20
    outer loop
      vertex 29.2785 83.3177 5
      vertex 29.2605 83.2605 9
      vertex 29.2605 83.2605 5
    endloop
  endfacet
  facet normal 0.461686 0.887043 -0
    outer loop
      vertex 26.25 90.6292 5
      vertex 25.747 90.891 9
      vertex 26.25 90.6292 9
    endloop
  endfacet
  facet normal 0.461686 0.887043 0
    outer loop
      vertex 25.747 90.891 9
      vertex 26.25 90.6292 5
      vertex 25.747 90.891 5
    endloop
  endfacet
  facet normal -0.1305 0.991448 0
    outer loop
      vertex 22.4335 91.4753 5
      vertex 21.8713 91.4013 9
      vertex 22.4335 91.4753 9
    endloop
  endfacet
  facet normal -0.1305 0.991448 0
    outer loop
      vertex 21.8713 91.4013 9
      vertex 22.4335 91.4753 5
      vertex 21.8713 91.4013 5
    endloop
  endfacet
  facet normal -0.953724 0.300684 2.42054e-18
    outer loop
      vertex 16.7215 86.6823 5
      vertex 16.892 87.2231 9
      vertex 16.892 87.2231 5
    endloop
  endfacet
  facet normal -0.953724 0.300684 2.42054e-18
    outer loop
      vertex 16.892 87.2231 9
      vertex 16.7215 86.6823 5
      vertex 16.7215 86.6823 9
    endloop
  endfacet
  facet normal -0.300684 -0.953724 0
    outer loop
      vertex 20.7769 78.892 5
      vertex 21.3177 78.7215 9
      vertex 20.7769 78.892 9
    endloop
  endfacet
  facet normal -0.300684 -0.953724 -0
    outer loop
      vertex 21.3177 78.7215 9
      vertex 20.7769 78.892 5
      vertex 21.3177 78.7215 5
    endloop
  endfacet
  facet normal 0.843349 0.537366 -8.42088e-20
    outer loop
      vertex 28.6292 88.25 9
      vertex 28.3245 88.7282 5
      vertex 28.3245 88.7282 9
    endloop
  endfacet
  facet normal 0.843349 0.537366 -8.42088e-20
    outer loop
      vertex 28.3245 88.7282 5
      vertex 28.6292 88.25 9
      vertex 28.6292 88.25 5
    endloop
  endfacet
  facet normal 0.0435597 0.999051 -0
    outer loop
      vertex 23.5665 91.4753 5
      vertex 23 91.5 9
      vertex 23.5665 91.4753 9
    endloop
  endfacet
  facet normal 0.0435597 0.999051 0
    outer loop
      vertex 23 91.5 9
      vertex 23.5665 91.4753 5
      vertex 23 91.5 5
    endloop
  endfacet
  facet normal -0.737293 0.675573 5.63276e-18
    outer loop
      vertex 18.0207 89.1781 5
      vertex 18.4038 89.5962 9
      vertex 18.4038 89.5962 5
    endloop
  endfacet
  facet normal -0.737293 0.675573 5.63276e-18
    outer loop
      vertex 18.4038 89.5962 9
      vertex 18.0207 89.1781 5
      vertex 18.0207 89.1781 9
    endloop
  endfacet
  facet normal 0.675573 0.737293 -0
    outer loop
      vertex 27.5962 89.5962 5
      vertex 27.1781 89.9793 9
      vertex 27.5962 89.5962 9
    endloop
  endfacet
  facet normal 0.675573 0.737293 0
    outer loop
      vertex 27.1781 89.9793 9
      vertex 27.5962 89.5962 5
      vertex 27.1781 89.9793 5
    endloop
  endfacet
  facet normal -0.675573 -0.737293 0
    outer loop
      vertex 18.4038 80.4038 5
      vertex 18.8219 80.0207 9
      vertex 18.4038 80.4038 9
    endloop
  endfacet
  facet normal -0.675573 -0.737293 -0
    outer loop
      vertex 18.8219 80.0207 9
      vertex 18.4038 80.4038 5
      vertex 18.8219 80.0207 5
    endloop
  endfacet
  facet normal 0.737293 0.675573 -5.63276e-18
    outer loop
      vertex 27.9793 89.1781 9
      vertex 27.5962 89.5962 5
      vertex 27.5962 89.5962 9
    endloop
  endfacet
  facet normal 0.737293 0.675573 -5.63276e-18
    outer loop
      vertex 27.5962 89.5962 5
      vertex 27.9793 89.1781 9
      vertex 27.9793 89.1781 5
    endloop
  endfacet
  facet normal -0.97627 -0.216557 -2.60283e-18
    outer loop
      vertex 16.7215 83.3177 5
      vertex 16.5987 83.8713 9
      vertex 16.5987 83.8713 5
    endloop
  endfacet
  facet normal -0.97627 -0.216557 -2.60283e-18
    outer loop
      vertex 16.5987 83.8713 9
      vertex 16.7215 83.3177 5
      vertex 16.7215 83.3177 9
    endloop
  endfacet
  facet normal -0.461686 0.887043 0
    outer loop
      vertex 20.253 90.891 5
      vertex 19.75 90.6292 9
      vertex 20.253 90.891 9
    endloop
  endfacet
  facet normal -0.461686 0.887043 0
    outer loop
      vertex 19.75 90.6292 9
      vertex 20.253 90.891 5
      vertex 19.75 90.6292 5
    endloop
  endfacet
  facet normal -0.0435597 0.999051 0
    outer loop
      vertex 23 91.5 5
      vertex 22.4335 91.4753 9
      vertex 23 91.5 9
    endloop
  endfacet
  facet normal -0.0435597 0.999051 0
    outer loop
      vertex 22.4335 91.4753 9
      vertex 23 91.5 5
      vertex 22.4335 91.4753 5
    endloop
  endfacet
  facet normal -0.737293 -0.675573 -5.63276e-18
    outer loop
      vertex 18.4038 80.4038 5
      vertex 18.0207 80.8219 9
      vertex 18.0207 80.8219 5
    endloop
  endfacet
  facet normal -0.737293 -0.675573 -5.63276e-18
    outer loop
      vertex 18.0207 80.8219 9
      vertex 18.4038 80.4038 5
      vertex 18.4038 80.4038 9
    endloop
  endfacet
  facet normal -0.608739 0.793371 0
    outer loop
      vertex 19.2718 90.3245 5
      vertex 18.8219 89.9793 9
      vertex 19.2718 90.3245 9
    endloop
  endfacet
  facet normal -0.608739 0.793371 0
    outer loop
      vertex 18.8219 89.9793 9
      vertex 19.2718 90.3245 5
      vertex 18.8219 89.9793 5
    endloop
  endfacet
  facet normal -0.991448 -0.1305 8.50588e-19
    outer loop
      vertex 16.5987 83.8713 5
      vertex 16.5247 84.4335 9
      vertex 16.5247 84.4335 5
    endloop
  endfacet
  facet normal -0.991448 -0.1305 8.50588e-19
    outer loop
      vertex 16.5247 84.4335 9
      vertex 16.5987 83.8713 5
      vertex 16.5987 83.8713 9
    endloop
  endfacet
  facet normal -0.991448 0.1305 -8.50588e-19
    outer loop
      vertex 16.5247 85.5665 5
      vertex 16.5987 86.1287 9
      vertex 16.5987 86.1287 5
    endloop
  endfacet
  facet normal -0.991448 0.1305 -8.50588e-19
    outer loop
      vertex 16.5987 86.1287 9
      vertex 16.5247 85.5665 5
      vertex 16.5247 85.5665 9
    endloop
  endfacet
  facet normal 0.887043 0.461686 -1.08091e-18
    outer loop
      vertex 28.891 87.747 9
      vertex 28.6292 88.25 5
      vertex 28.6292 88.25 9
    endloop
  endfacet
  facet normal 0.887043 0.461686 -1.08091e-18
    outer loop
      vertex 28.6292 88.25 5
      vertex 28.891 87.747 9
      vertex 28.891 87.747 5
    endloop
  endfacet
  facet normal -0.382674 -0.923884 0
    outer loop
      vertex 20.253 79.109 5
      vertex 20.7769 78.892 9
      vertex 20.253 79.109 9
    endloop
  endfacet
  facet normal -0.382674 -0.923884 -0
    outer loop
      vertex 20.7769 78.892 9
      vertex 20.253 79.109 5
      vertex 20.7769 78.892 5
    endloop
  endfacet
  facet normal -0.382674 0.923884 0
    outer loop
      vertex 20.7769 91.108 5
      vertex 20.253 90.891 9
      vertex 20.7769 91.108 9
    endloop
  endfacet
  facet normal -0.382674 0.923884 0
    outer loop
      vertex 20.253 90.891 9
      vertex 20.7769 91.108 5
      vertex 20.253 90.891 5
    endloop
  endfacet
  facet normal -0.461686 -0.887043 0
    outer loop
      vertex 19.75 79.3708 5
      vertex 20.253 79.109 9
      vertex 19.75 79.3708 9
    endloop
  endfacet
  facet normal -0.461686 -0.887043 -0
    outer loop
      vertex 20.253 79.109 9
      vertex 19.75 79.3708 5
      vertex 20.253 79.109 5
    endloop
  endfacet
  facet normal -0.793371 0.608739 -2.22388e-18
    outer loop
      vertex 17.6755 88.7282 5
      vertex 18.0207 89.1781 9
      vertex 18.0207 89.1781 5
    endloop
  endfacet
  facet normal -0.793371 0.608739 -2.22388e-18
    outer loop
      vertex 18.0207 89.1781 9
      vertex 17.6755 88.7282 5
      vertex 17.6755 88.7282 9
    endloop
  endfacet
  facet normal -0.0435597 -0.999051 0
    outer loop
      vertex 22.4335 78.5247 5
      vertex 23 78.5 9
      vertex 22.4335 78.5247 9
    endloop
  endfacet
  facet normal -0.0435597 -0.999051 -0
    outer loop
      vertex 23 78.5 9
      vertex 22.4335 78.5247 5
      vertex 23 78.5 5
    endloop
  endfacet
  facet normal -0.608739 -0.793371 0
    outer loop
      vertex 18.8219 80.0207 5
      vertex 19.2718 79.6755 9
      vertex 18.8219 80.0207 9
    endloop
  endfacet
  facet normal -0.608739 -0.793371 -0
    outer loop
      vertex 19.2718 79.6755 9
      vertex 18.8219 80.0207 5
      vertex 19.2718 79.6755 5
    endloop
  endfacet
  facet normal -0.537366 -0.843349 0
    outer loop
      vertex 19.2718 79.6755 5
      vertex 19.75 79.3708 9
      vertex 19.2718 79.6755 9
    endloop
  endfacet
  facet normal -0.537366 -0.843349 -0
    outer loop
      vertex 19.75 79.3708 9
      vertex 19.2718 79.6755 5
      vertex 19.75 79.3708 5
    endloop
  endfacet
  facet normal -0.999051 0.0435597 1.39033e-19
    outer loop
      vertex 16.5 85 5
      vertex 16.5247 85.5665 9
      vertex 16.5247 85.5665 5
    endloop
  endfacet
  facet normal -0.999051 0.0435597 1.39033e-19
    outer loop
      vertex 16.5247 85.5665 9
      vertex 16.5 85 5
      vertex 16.5 85 9
    endloop
  endfacet
  facet normal -0.999051 -0.0435597 -1.39033e-19
    outer loop
      vertex 16.5247 84.4335 5
      vertex 16.5 85 9
      vertex 16.5 85 5
    endloop
  endfacet
  facet normal -0.999051 -0.0435597 -1.39033e-19
    outer loop
      vertex 16.5 85 9
      vertex 16.5247 84.4335 5
      vertex 16.5247 84.4335 9
    endloop
  endfacet
  facet normal -0.923884 0.382674 -4.11618e-19
    outer loop
      vertex 16.892 87.2231 5
      vertex 17.109 87.747 9
      vertex 17.109 87.747 5
    endloop
  endfacet
  facet normal -0.923884 0.382674 -4.11618e-19
    outer loop
      vertex 17.109 87.747 9
      vertex 16.892 87.2231 5
      vertex 16.892 87.2231 9
    endloop
  endfacet
  facet normal 0.991448 0.1305 -1.49889e-18
    outer loop
      vertex 199.475 85.5665 9
      vertex 199.401 86.1287 5
      vertex 199.401 86.1287 9
    endloop
  endfacet
  facet normal 0.991448 0.1305 -1.49889e-18
    outer loop
      vertex 199.401 86.1287 5
      vertex 199.475 85.5665 9
      vertex 199.475 85.5665 5
    endloop
  endfacet
  facet normal 0.999028 0.0440877 7.09734e-20
    outer loop
      vertex 199.5 85 9
      vertex 199.475 85.5665 5
      vertex 199.475 85.5665 9
    endloop
  endfacet
  facet normal 0.999028 0.0440877 7.09734e-20
    outer loop
      vertex 199.475 85.5665 5
      vertex 199.5 85 9
      vertex 199.5 85 5
    endloop
  endfacet
  facet normal 0.976567 0.215212 5.3192e-20
    outer loop
      vertex 199.401 86.1287 9
      vertex 199.279 86.6823 5
      vertex 199.279 86.6823 9
    endloop
  endfacet
  facet normal 0.976567 0.215212 5.3192e-20
    outer loop
      vertex 199.279 86.6823 5
      vertex 199.401 86.1287 9
      vertex 199.401 86.1287 5
    endloop
  endfacet
  facet normal 0.300583 0.953756 -0
    outer loop
      vertex 195.223 91.108 5
      vertex 194.682 91.2785 9
      vertex 195.223 91.108 9
    endloop
  endfacet
  facet normal 0.300583 0.953756 0
    outer loop
      vertex 194.682 91.2785 9
      vertex 195.223 91.108 5
      vertex 194.682 91.2785 5
    endloop
  endfacet
  facet normal 0.923884 0.382674 -1.76159e-18
    outer loop
      vertex 199.108 87.2231 9
      vertex 198.891 87.747 5
      vertex 198.891 87.747 9
    endloop
  endfacet
  facet normal 0.923884 0.382674 -1.76159e-18
    outer loop
      vertex 198.891 87.747 5
      vertex 199.108 87.2231 9
      vertex 199.108 87.2231 5
    endloop
  endfacet
  facet normal -0.216781 0.97622 0
    outer loop
      vertex 191.871 91.4013 5
      vertex 191.318 91.2785 9
      vertex 191.871 91.4013 9
    endloop
  endfacet
  facet normal -0.216781 0.97622 0
    outer loop
      vertex 191.318 91.2785 9
      vertex 191.871 91.4013 5
      vertex 191.318 91.2785 5
    endloop
  endfacet
  facet normal 0.0435213 -0.999052 0
    outer loop
      vertex 193 78.5 5
      vertex 193.567 78.5247 9
      vertex 193 78.5 9
    endloop
  endfacet
  facet normal 0.0435213 -0.999052 0
    outer loop
      vertex 193.567 78.5247 9
      vertex 193 78.5 5
      vertex 193.567 78.5247 5
    endloop
  endfacet
  facet normal 0.216781 -0.97622 0
    outer loop
      vertex 194.129 78.5987 5
      vertex 194.682 78.7215 9
      vertex 194.129 78.5987 9
    endloop
  endfacet
  facet normal 0.216781 -0.97622 0
    outer loop
      vertex 194.682 78.7215 9
      vertex 194.129 78.5987 5
      vertex 194.682 78.7215 5
    endloop
  endfacet
  facet normal 0.537526 -0.843247 0
    outer loop
      vertex 196.25 79.3708 5
      vertex 196.728 79.6755 9
      vertex 196.25 79.3708 9
    endloop
  endfacet
  facet normal 0.537526 -0.843247 0
    outer loop
      vertex 196.728 79.6755 9
      vertex 196.25 79.3708 5
      vertex 196.728 79.6755 5
    endloop
  endfacet
  facet normal 0.793541 -0.608517 5.04362e-18
    outer loop
      vertex 197.979 80.8219 9
      vertex 198.324 81.2718 5
      vertex 198.324 81.2718 9
    endloop
  endfacet
  facet normal 0.793541 -0.608517 5.04362e-18
    outer loop
      vertex 198.324 81.2718 5
      vertex 197.979 80.8219 9
      vertex 197.979 80.8219 5
    endloop
  endfacet
  facet normal 0.382611 0.923909 -0
    outer loop
      vertex 195.747 90.891 5
      vertex 195.223 91.108 9
      vertex 195.747 90.891 9
    endloop
  endfacet
  facet normal 0.382611 0.923909 0
    outer loop
      vertex 195.223 91.108 9
      vertex 195.747 90.891 5
      vertex 195.223 91.108 5
    endloop
  endfacet
  facet normal 0.216781 0.97622 -0
    outer loop
      vertex 194.682 91.2785 5
      vertex 194.129 91.4013 9
      vertex 194.682 91.2785 9
    endloop
  endfacet
  facet normal 0.216781 0.97622 0
    outer loop
      vertex 194.129 91.4013 9
      vertex 194.682 91.2785 5
      vertex 194.129 91.4013 5
    endloop
  endfacet
  facet normal 0.991448 -0.1305 1.49889e-18
    outer loop
      vertex 199.401 83.8713 9
      vertex 199.475 84.4335 5
      vertex 199.475 84.4335 9
    endloop
  endfacet
  facet normal 0.991448 -0.1305 1.49889e-18
    outer loop
      vertex 199.475 84.4335 5
      vertex 199.401 83.8713 9
      vertex 199.401 83.8713 5
    endloop
  endfacet
  facet normal -0.537526 0.843247 0
    outer loop
      vertex 189.75 90.6292 5
      vertex 189.272 90.3245 9
      vertex 189.75 90.6292 9
    endloop
  endfacet
  facet normal -0.537526 0.843247 0
    outer loop
      vertex 189.272 90.3245 9
      vertex 189.75 90.6292 5
      vertex 189.272 90.3245 5
    endloop
  endfacet
  facet normal -0.130546 -0.991442 0
    outer loop
      vertex 191.871 78.5987 5
      vertex 192.433 78.5247 9
      vertex 191.871 78.5987 9
    endloop
  endfacet
  facet normal -0.130546 -0.991442 -0
    outer loop
      vertex 192.433 78.5247 9
      vertex 191.871 78.5987 5
      vertex 192.433 78.5247 5
    endloop
  endfacet
  facet normal -0.843109 0.537742 3.49439e-18
    outer loop
      vertex 187.371 88.25 5
      vertex 187.676 88.7282 9
      vertex 187.676 88.7282 5
    endloop
  endfacet
  facet normal -0.843109 0.537742 3.49439e-18
    outer loop
      vertex 187.676 88.7282 9
      vertex 187.371 88.25 5
      vertex 187.371 88.25 9
    endloop
  endfacet
  facet normal -0.949015 -0.315232 2.9039e-19
    outer loop
      vertex 186.74 83.2605 5
      vertex 186.721 83.3177 9
      vertex 186.721 83.3177 5
    endloop
  endfacet
  facet normal -0.949015 -0.315232 2.9039e-19
    outer loop
      vertex 186.721 83.3177 9
      vertex 186.74 83.2605 5
      vertex 186.74 83.2605 9
    endloop
  endfacet
  facet normal 0.923884 -0.382674 1.76159e-18
    outer loop
      vertex 198.891 82.253 9
      vertex 199.108 82.7769 5
      vertex 199.108 82.7769 9
    endloop
  endfacet
  facet normal 0.923884 -0.382674 1.76159e-18
    outer loop
      vertex 199.108 82.7769 5
      vertex 198.891 82.253 9
      vertex 198.891 82.253 5
    endloop
  endfacet
  facet normal 0.976567 -0.215212 -5.3192e-20
    outer loop
      vertex 199.279 83.3177 9
      vertex 199.401 83.8713 5
      vertex 199.401 83.8713 9
    endloop
  endfacet
  facet normal 0.976567 -0.215212 -5.3192e-20
    outer loop
      vertex 199.401 83.8713 5
      vertex 199.279 83.3177 9
      vertex 199.279 83.3177 5
    endloop
  endfacet
  facet normal -0.793541 0.608517 5.04362e-18
    outer loop
      vertex 187.676 88.7282 5
      vertex 188.021 89.1781 9
      vertex 188.021 89.1781 5
    endloop
  endfacet
  facet normal -0.793541 0.608517 5.04362e-18
    outer loop
      vertex 188.021 89.1781 9
      vertex 187.676 88.7282 5
      vertex 187.676 88.7282 9
    endloop
  endfacet
  facet normal -0.675661 0.737213 0
    outer loop
      vertex 188.822 89.9793 5
      vertex 188.404 89.5962 9
      vertex 188.822 89.9793 9
    endloop
  endfacet
  facet normal -0.675661 0.737213 0
    outer loop
      vertex 188.404 89.5962 9
      vertex 188.822 89.9793 5
      vertex 188.404 89.5962 5
    endloop
  endfacet
  facet normal 0.300583 -0.953756 0
    outer loop
      vertex 194.682 78.7215 5
      vertex 195.223 78.892 9
      vertex 194.682 78.7215 9
    endloop
  endfacet
  facet normal 0.300583 -0.953756 0
    outer loop
      vertex 195.223 78.892 9
      vertex 194.682 78.7215 5
      vertex 195.223 78.892 5
    endloop
  endfacet
  facet normal -0.976567 0.215212 -5.3192e-20
    outer loop
      vertex 186.599 86.1287 5
      vertex 186.721 86.6823 9
      vertex 186.721 86.6823 5
    endloop
  endfacet
  facet normal -0.976567 0.215212 -5.3192e-20
    outer loop
      vertex 186.721 86.6823 9
      vertex 186.599 86.1287 5
      vertex 186.599 86.1287 9
    endloop
  endfacet
  facet normal -0.300583 0.953756 0
    outer loop
      vertex 191.318 91.2785 5
      vertex 190.777 91.108 9
      vertex 191.318 91.2785 9
    endloop
  endfacet
  facet normal -0.300583 0.953756 0
    outer loop
      vertex 190.777 91.108 9
      vertex 191.318 91.2785 5
      vertex 190.777 91.108 5
    endloop
  endfacet
  facet normal 0.793541 0.608517 -5.04362e-18
    outer loop
      vertex 198.324 88.7282 9
      vertex 197.979 89.1781 5
      vertex 197.979 89.1781 9
    endloop
  endfacet
  facet normal 0.793541 0.608517 -5.04362e-18
    outer loop
      vertex 197.979 89.1781 5
      vertex 198.324 88.7282 9
      vertex 198.324 88.7282 5
    endloop
  endfacet
  facet normal 0.999028 -0.0440877 -7.09734e-20
    outer loop
      vertex 199.475 84.4335 9
      vertex 199.5 85 5
      vertex 199.5 85 9
    endloop
  endfacet
  facet normal 0.999028 -0.0440877 -7.09734e-20
    outer loop
      vertex 199.5 85 5
      vertex 199.475 84.4335 9
      vertex 199.475 84.4335 5
    endloop
  endfacet
  facet normal 0.130546 0.991442 -0
    outer loop
      vertex 194.129 91.4013 5
      vertex 193.567 91.4753 9
      vertex 194.129 91.4013 9
    endloop
  endfacet
  facet normal 0.130546 0.991442 0
    outer loop
      vertex 193.567 91.4753 9
      vertex 194.129 91.4013 5
      vertex 193.567 91.4753 5
    endloop
  endfacet
  facet normal 0.608654 0.793436 -0
    outer loop
      vertex 197.178 89.9793 5
      vertex 196.728 90.3245 9
      vertex 197.178 89.9793 9
    endloop
  endfacet
  facet normal 0.608654 0.793436 0
    outer loop
      vertex 196.728 90.3245 9
      vertex 197.178 89.9793 5
      vertex 196.728 90.3245 5
    endloop
  endfacet
  facet normal -0.216781 -0.97622 0
    outer loop
      vertex 191.318 78.7215 5
      vertex 191.871 78.5987 9
      vertex 191.318 78.7215 9
    endloop
  endfacet
  facet normal -0.216781 -0.97622 -0
    outer loop
      vertex 191.871 78.5987 9
      vertex 191.318 78.7215 5
      vertex 191.871 78.5987 5
    endloop
  endfacet
  facet normal 0.537526 0.843247 -0
    outer loop
      vertex 196.728 90.3245 5
      vertex 196.25 90.6292 9
      vertex 196.728 90.3245 9
    endloop
  endfacet
  facet normal 0.537526 0.843247 0
    outer loop
      vertex 196.25 90.6292 9
      vertex 196.728 90.3245 5
      vertex 196.25 90.6292 5
    endloop
  endfacet
  facet normal 0.130546 -0.991442 0
    outer loop
      vertex 193.567 78.5247 5
      vertex 194.129 78.5987 9
      vertex 193.567 78.5247 9
    endloop
  endfacet
  facet normal 0.130546 -0.991442 0
    outer loop
      vertex 194.129 78.5987 9
      vertex 193.567 78.5247 5
      vertex 194.129 78.5987 5
    endloop
  endfacet
  facet normal 0.953471 0.301486 1.95036e-19
    outer loop
      vertex 199.279 86.6823 9
      vertex 199.108 87.2231 5
      vertex 199.108 87.2231 9
    endloop
  endfacet
  facet normal 0.953471 0.301486 1.95036e-19
    outer loop
      vertex 199.108 87.2231 5
      vertex 199.279 86.6823 9
      vertex 199.279 86.6823 5
    endloop
  endfacet
  facet normal 0.843109 -0.537742 3.49439e-18
    outer loop
      vertex 198.324 81.2718 9
      vertex 198.629 81.75 5
      vertex 198.629 81.75 9
    endloop
  endfacet
  facet normal 0.843109 -0.537742 3.49439e-18
    outer loop
      vertex 198.629 81.75 5
      vertex 198.324 81.2718 9
      vertex 198.324 81.2718 5
    endloop
  endfacet
  facet normal -0.886899 0.461963 -2.43286e-18
    outer loop
      vertex 187.109 87.747 5
      vertex 187.371 88.25 9
      vertex 187.371 88.25 5
    endloop
  endfacet
  facet normal -0.886899 0.461963 -2.43286e-18
    outer loop
      vertex 187.371 88.25 9
      vertex 187.109 87.747 5
      vertex 187.109 87.747 9
    endloop
  endfacet
  facet normal 0.953471 -0.301486 -1.95036e-19
    outer loop
      vertex 199.108 82.7769 9
      vertex 199.279 83.3177 5
      vertex 199.279 83.3177 9
    endloop
  endfacet
  facet normal 0.953471 -0.301486 -1.95036e-19
    outer loop
      vertex 199.279 83.3177 5
      vertex 199.108 82.7769 9
      vertex 199.108 82.7769 5
    endloop
  endfacet
  facet normal 0.461686 0.887043 -0
    outer loop
      vertex 196.25 90.6292 5
      vertex 195.747 90.891 9
      vertex 196.25 90.6292 9
    endloop
  endfacet
  facet normal 0.461686 0.887043 0
    outer loop
      vertex 195.747 90.891 9
      vertex 196.25 90.6292 5
      vertex 195.747 90.891 5
    endloop
  endfacet
  facet normal -0.130546 0.991442 0
    outer loop
      vertex 192.433 91.4753 5
      vertex 191.871 91.4013 9
      vertex 192.433 91.4753 9
    endloop
  endfacet
  facet normal -0.130546 0.991442 0
    outer loop
      vertex 191.871 91.4013 9
      vertex 192.433 91.4753 5
      vertex 191.871 91.4013 5
    endloop
  endfacet
  facet normal -0.953471 0.301486 -1.95036e-19
    outer loop
      vertex 186.721 86.6823 5
      vertex 186.892 87.2231 9
      vertex 186.892 87.2231 5
    endloop
  endfacet
  facet normal -0.953471 0.301486 -1.95036e-19
    outer loop
      vertex 186.892 87.2231 9
      vertex 186.721 86.6823 5
      vertex 186.721 86.6823 9
    endloop
  endfacet
  facet normal 0.675661 -0.737213 0
    outer loop
      vertex 197.178 80.0207 5
      vertex 197.596 80.4038 9
      vertex 197.178 80.0207 9
    endloop
  endfacet
  facet normal 0.675661 -0.737213 0
    outer loop
      vertex 197.596 80.4038 9
      vertex 197.178 80.0207 5
      vertex 197.596 80.4038 5
    endloop
  endfacet
  facet normal -0.296399 -0.955064 0
    outer loop
      vertex 191.26 78.7395 5
      vertex 191.318 78.7215 9
      vertex 191.26 78.7395 9
    endloop
  endfacet
  facet normal -0.296399 -0.955064 -0
    outer loop
      vertex 191.318 78.7215 9
      vertex 191.26 78.7395 5
      vertex 191.318 78.7215 5
    endloop
  endfacet
  facet normal 0.843109 0.537742 -3.49439e-18
    outer loop
      vertex 198.629 88.25 9
      vertex 198.324 88.7282 5
      vertex 198.324 88.7282 9
    endloop
  endfacet
  facet normal 0.843109 0.537742 -3.49439e-18
    outer loop
      vertex 198.324 88.7282 5
      vertex 198.629 88.25 9
      vertex 198.629 88.25 5
    endloop
  endfacet
  facet normal 0.0435213 0.999052 -0
    outer loop
      vertex 193.567 91.4753 5
      vertex 193 91.5 9
      vertex 193.567 91.4753 9
    endloop
  endfacet
  facet normal 0.0435213 0.999052 0
    outer loop
      vertex 193 91.5 9
      vertex 193.567 91.4753 5
      vertex 193 91.5 5
    endloop
  endfacet
  facet normal -0.737381 0.675477 -4.23141e-18
    outer loop
      vertex 188.021 89.1781 5
      vertex 188.404 89.5962 9
      vertex 188.404 89.5962 5
    endloop
  endfacet
  facet normal -0.737381 0.675477 -4.23141e-18
    outer loop
      vertex 188.404 89.5962 9
      vertex 188.021 89.1781 5
      vertex 188.021 89.1781 9
    endloop
  endfacet
  facet normal 0.675661 0.737213 -0
    outer loop
      vertex 197.596 89.5962 5
      vertex 197.178 89.9793 9
      vertex 197.596 89.5962 9
    endloop
  endfacet
  facet normal 0.675661 0.737213 0
    outer loop
      vertex 197.178 89.9793 9
      vertex 197.596 89.5962 5
      vertex 197.178 89.9793 5
    endloop
  endfacet
  facet normal 0.737381 0.675477 4.23141e-18
    outer loop
      vertex 197.979 89.1781 9
      vertex 197.596 89.5962 5
      vertex 197.596 89.5962 9
    endloop
  endfacet
  facet normal 0.737381 0.675477 4.23141e-18
    outer loop
      vertex 197.596 89.5962 5
      vertex 197.979 89.1781 9
      vertex 197.979 89.1781 5
    endloop
  endfacet
  facet normal -0.976567 -0.215212 5.3192e-20
    outer loop
      vertex 186.721 83.3177 5
      vertex 186.599 83.8713 9
      vertex 186.599 83.8713 5
    endloop
  endfacet
  facet normal -0.976567 -0.215212 5.3192e-20
    outer loop
      vertex 186.599 83.8713 9
      vertex 186.721 83.3177 5
      vertex 186.721 83.3177 9
    endloop
  endfacet
  facet normal -0.461686 0.887043 0
    outer loop
      vertex 190.253 90.891 5
      vertex 189.75 90.6292 9
      vertex 190.253 90.891 9
    endloop
  endfacet
  facet normal -0.461686 0.887043 0
    outer loop
      vertex 189.75 90.6292 9
      vertex 190.253 90.891 5
      vertex 189.75 90.6292 5
    endloop
  endfacet
  facet normal -0.0435213 0.999052 0
    outer loop
      vertex 193 91.5 5
      vertex 192.433 91.4753 9
      vertex 193 91.5 9
    endloop
  endfacet
  facet normal -0.0435213 0.999052 0
    outer loop
      vertex 192.433 91.4753 9
      vertex 193 91.5 5
      vertex 192.433 91.4753 5
    endloop
  endfacet
  facet normal -0.608654 0.793436 0
    outer loop
      vertex 189.272 90.3245 5
      vertex 188.822 89.9793 9
      vertex 189.272 90.3245 9
    endloop
  endfacet
  facet normal -0.608654 0.793436 0
    outer loop
      vertex 188.822 89.9793 9
      vertex 189.272 90.3245 5
      vertex 188.822 89.9793 5
    endloop
  endfacet
  facet normal -0.991448 -0.1305 -1.49889e-18
    outer loop
      vertex 186.599 83.8713 5
      vertex 186.525 84.4335 9
      vertex 186.525 84.4335 5
    endloop
  endfacet
  facet normal -0.991448 -0.1305 -1.49889e-18
    outer loop
      vertex 186.525 84.4335 9
      vertex 186.599 83.8713 5
      vertex 186.599 83.8713 9
    endloop
  endfacet
  facet normal -0.991448 0.1305 1.49889e-18
    outer loop
      vertex 186.525 85.5665 5
      vertex 186.599 86.1287 9
      vertex 186.599 86.1287 5
    endloop
  endfacet
  facet normal -0.991448 0.1305 1.49889e-18
    outer loop
      vertex 186.599 86.1287 9
      vertex 186.525 85.5665 5
      vertex 186.525 85.5665 9
    endloop
  endfacet
  facet normal 0.886899 0.461963 2.43286e-18
    outer loop
      vertex 198.891 87.747 9
      vertex 198.629 88.25 5
      vertex 198.629 88.25 9
    endloop
  endfacet
  facet normal 0.886899 0.461963 2.43286e-18
    outer loop
      vertex 198.629 88.25 5
      vertex 198.891 87.747 9
      vertex 198.891 87.747 5
    endloop
  endfacet
  facet normal 0.608654 -0.793436 0
    outer loop
      vertex 196.728 79.6755 5
      vertex 197.178 80.0207 9
      vertex 196.728 79.6755 9
    endloop
  endfacet
  facet normal 0.608654 -0.793436 0
    outer loop
      vertex 197.178 80.0207 9
      vertex 196.728 79.6755 5
      vertex 197.178 80.0207 5
    endloop
  endfacet
  facet normal -0.382611 0.923909 0
    outer loop
      vertex 190.777 91.108 5
      vertex 190.253 90.891 9
      vertex 190.777 91.108 9
    endloop
  endfacet
  facet normal -0.382611 0.923909 0
    outer loop
      vertex 190.253 90.891 9
      vertex 190.777 91.108 5
      vertex 190.253 90.891 5
    endloop
  endfacet
  facet normal 0.886899 -0.461963 -2.43286e-18
    outer loop
      vertex 198.629 81.75 9
      vertex 198.891 82.253 5
      vertex 198.891 82.253 9
    endloop
  endfacet
  facet normal 0.886899 -0.461963 -2.43286e-18
    outer loop
      vertex 198.891 82.253 5
      vertex 198.629 81.75 9
      vertex 198.629 81.75 5
    endloop
  endfacet
  facet normal -0.0435213 -0.999052 0
    outer loop
      vertex 192.433 78.5247 5
      vertex 193 78.5 9
      vertex 192.433 78.5247 9
    endloop
  endfacet
  facet normal -0.0435213 -0.999052 -0
    outer loop
      vertex 193 78.5 9
      vertex 192.433 78.5247 5
      vertex 193 78.5 5
    endloop
  endfacet
  facet normal -0.999028 0.0440877 -7.09734e-20
    outer loop
      vertex 186.5 85 5
      vertex 186.525 85.5665 9
      vertex 186.525 85.5665 5
    endloop
  endfacet
  facet normal -0.999028 0.0440877 -7.09734e-20
    outer loop
      vertex 186.525 85.5665 9
      vertex 186.5 85 5
      vertex 186.5 85 9
    endloop
  endfacet
  facet normal -0.999028 -0.0440877 7.09734e-20
    outer loop
      vertex 186.525 84.4335 5
      vertex 186.5 85 9
      vertex 186.5 85 5
    endloop
  endfacet
  facet normal -0.999028 -0.0440877 7.09734e-20
    outer loop
      vertex 186.5 85 9
      vertex 186.525 84.4335 5
      vertex 186.525 84.4335 9
    endloop
  endfacet
  facet normal 0.737381 -0.675477 -4.23141e-18
    outer loop
      vertex 197.596 80.4038 9
      vertex 197.979 80.8219 5
      vertex 197.979 80.8219 9
    endloop
  endfacet
  facet normal 0.737381 -0.675477 -4.23141e-18
    outer loop
      vertex 197.979 80.8219 5
      vertex 197.596 80.4038 9
      vertex 197.596 80.4038 5
    endloop
  endfacet
  facet normal 0.461686 -0.887043 0
    outer loop
      vertex 195.747 79.109 5
      vertex 196.25 79.3708 9
      vertex 195.747 79.109 9
    endloop
  endfacet
  facet normal 0.461686 -0.887043 0
    outer loop
      vertex 196.25 79.3708 9
      vertex 195.747 79.109 5
      vertex 196.25 79.3708 5
    endloop
  endfacet
  facet normal 0.382611 -0.923909 0
    outer loop
      vertex 195.223 78.892 5
      vertex 195.747 79.109 9
      vertex 195.223 78.892 9
    endloop
  endfacet
  facet normal 0.382611 -0.923909 0
    outer loop
      vertex 195.747 79.109 9
      vertex 195.223 78.892 5
      vertex 195.747 79.109 5
    endloop
  endfacet
  facet normal -0.923884 0.382674 1.76159e-18
    outer loop
      vertex 186.892 87.2231 5
      vertex 187.109 87.747 9
      vertex 187.109 87.747 5
    endloop
  endfacet
  facet normal -0.923884 0.382674 1.76159e-18
    outer loop
      vertex 187.109 87.747 9
      vertex 186.892 87.2231 5
      vertex 186.892 87.2231 9
    endloop
  endfacet
  facet normal 0 0 -1
    outer loop
      vertex 30.7995 79.2912 0
      vertex 25.2912 84.7995 0
      vertex 25.3 85 0
    endloop
  endfacet
  facet normal 0 0 -1
    outer loop
      vertex 28.7784 76.4047 0
      vertex 25.2651 84.6006 0
      vertex 25.2912 84.7995 0
    endloop
  endfacet
  facet normal 0 0 -1
    outer loop
      vertex 28.7784 76.4047 0
      vertex 25.2216 84.4047 0
      vertex 25.2651 84.6006 0
    endloop
  endfacet
  facet normal 0 0 -1
    outer loop
      vertex 28.7784 76.4047 0
      vertex 25.1613 84.2134 0
      vertex 25.2216 84.4047 0
    endloop
  endfacet
  facet normal 0 0 -1
    outer loop
      vertex 28.7784 76.4047 0
      vertex 25.0845 84.028 0
      vertex 25.1613 84.2134 0
    endloop
  endfacet
  facet normal 0 0 -1
    outer loop
      vertex 28.7784 76.4047 0
      vertex 24.9919 83.85 0
      vertex 25.0845 84.028 0
    endloop
  endfacet
  facet normal 0 0 -1
    outer loop
      vertex 28.7784 76.4047 0
      vertex 24.884 83.6808 0
      vertex 24.9919 83.85 0
    endloop
  endfacet
  facet normal 0 0 -1
    outer loop
      vertex 28.7784 76.4047 0
      vertex 24.7619 83.5216 0
      vertex 24.884 83.6808 0
    endloop
  endfacet
  facet normal 0 0 -1
    outer loop
      vertex 28.7784 76.4047 0
      vertex 24.6263 83.3737 0
      vertex 24.7619 83.5216 0
    endloop
  endfacet
  facet normal 0 0 -1
    outer loop
      vertex 21.3737 83.3737 0
      vertex 28.3257 46 0
      vertex 24.6197 38.8809 0
    endloop
  endfacet
  facet normal 0 0 -1
    outer loop
      vertex 28.7784 76.4047 0
      vertex 24.4784 83.2381 0
      vertex 24.6263 83.3737 0
    endloop
  endfacet
  facet normal 0 0 -1
    outer loop
      vertex 28.7784 76.4047 0
      vertex 24.3192 83.116 0
      vertex 24.4784 83.2381 0
    endloop
  endfacet
  facet normal 0 0 -1
    outer loop
      vertex 28.7784 76.4047 0
      vertex 24.15 83.0081 0
      vertex 24.3192 83.116 0
    endloop
  endfacet
  facet normal 0 0 -1
    outer loop
      vertex 28.7784 76.4047 0
      vertex 23.972 82.9155 0
      vertex 24.15 83.0081 0
    endloop
  endfacet
  facet normal 0 0 -1
    outer loop
      vertex 28.7784 76.4047 0
      vertex 23.7866 82.8387 0
      vertex 23.972 82.9155 0
    endloop
  endfacet
  facet normal 0 0 -1
    outer loop
      vertex 28.7784 76.4047 0
      vertex 23.5953 82.7784 0
      vertex 23.7866 82.8387 0
    endloop
  endfacet
  facet normal 0 0 -1
    outer loop
      vertex 28.7784 76.4047 0
      vertex 23.3994 82.7349 0
      vertex 23.5953 82.7784 0
    endloop
  endfacet
  facet normal 0 0 -1
    outer loop
      vertex 28.7784 76.4047 0
      vertex 23.2005 82.7088 0
      vertex 23.3994 82.7349 0
    endloop
  endfacet
  facet normal 0 0 -1
    outer loop
      vertex 28.7784 76.4047 0
      vertex 23 82.7 0
      vertex 23.2005 82.7088 0
    endloop
  endfacet
  facet normal 0 0 -1
    outer loop
      vertex 28.7784 76.4047 0
      vertex 22.7995 82.7088 0
      vertex 23 82.7 0
    endloop
  endfacet
  facet normal 0 0 -1
    outer loop
      vertex 28.7784 76.4047 0
      vertex 22.6006 82.7349 0
      vertex 22.7995 82.7088 0
    endloop
  endfacet
  facet normal 0 0 -1
    outer loop
      vertex 28.7784 76.4047 0
      vertex 22.4047 82.7784 0
      vertex 22.6006 82.7349 0
    endloop
  endfacet
  facet normal 0 0 -1
    outer loop
      vertex 28.7784 76.4047 0
      vertex 22.2134 82.8387 0
      vertex 22.4047 82.7784 0
    endloop
  endfacet
  facet normal 0 0 -1
    outer loop
      vertex 28.8387 76.2134 0
      vertex 22.2134 82.8387 0
      vertex 28.7784 76.4047 0
    endloop
  endfacet
  facet normal -0 -0 -1
    outer loop
      vertex 22.2134 82.8387 0
      vertex 28.8387 76.2134 0
      vertex 22.028 82.9155 0
    endloop
  endfacet
  facet normal 0 0 -1
    outer loop
      vertex 28.3257 46 0
      vertex 21.6808 83.116 0
      vertex 21.85 83.0081 0
    endloop
  endfacet
  facet normal 0 0 -1
    outer loop
      vertex 0 104 0
      vertex 24.6197 38.8809 0
      vertex 21.5483 31.4659 0
    endloop
  endfacet
  facet normal 0 0 -1
    outer loop
      vertex 28.3257 46 0
      vertex 21.5216 83.2381 0
      vertex 21.6808 83.116 0
    endloop
  endfacet
  facet normal 0 0 -1
    outer loop
      vertex 28.3257 46 0
      vertex 21.3737 83.3737 0
      vertex 21.5216 83.2381 0
    endloop
  endfacet
  facet normal 0 0 -1
    outer loop
      vertex 24.6197 38.8809 0
      vertex 21.2381 83.5216 0
      vertex 21.3737 83.3737 0
    endloop
  endfacet
  facet normal 0 0 -1
    outer loop
      vertex 24.6197 38.8809 0
      vertex 21.1159 83.6808 0
      vertex 21.2381 83.5216 0
    endloop
  endfacet
  facet normal 0 0 -1
    outer loop
      vertex 24.6197 38.8809 0
      vertex 21.0081 83.85 0
      vertex 21.1159 83.6808 0
    endloop
  endfacet
  facet normal 0 0 -1
    outer loop
      vertex 24.6197 38.8809 0
      vertex 0 104 0
      vertex 21.0081 83.85 0
    endloop
  endfacet
  facet normal 0 0 -1
    outer loop
      vertex 21.0081 83.85 0
      vertex 0 104 0
      vertex 20.9155 84.028 0
    endloop
  endfacet
  facet normal 0 0 -1
    outer loop
      vertex 20.9155 84.028 0
      vertex 0 104 0
      vertex 20.8387 84.2134 0
    endloop
  endfacet
  facet normal 0 0 -1
    outer loop
      vertex 20.8387 84.2134 0
      vertex 0 104 0
      vertex 20.7784 84.4047 0
    endloop
  endfacet
  facet normal 0 0 -1
    outer loop
      vertex 20.7784 84.4047 0
      vertex 0 104 0
      vertex 20.7349 84.6006 0
    endloop
  endfacet
  facet normal 0 0 -1
    outer loop
      vertex 20.7349 84.6006 0
      vertex 0 104 0
      vertex 20.7088 84.7995 0
    endloop
  endfacet
  facet normal 0 0 -1
    outer loop
      vertex 0 4 0
      vertex 21.5483 31.4659 0
      vertex 19.1348 23.8114 0
    endloop
  endfacet
  facet normal 0 0 -1
    outer loop
      vertex 48.8635 70.4761 0
      vertex 33.2912 76.7995 0
      vertex 33.3 77 0
    endloop
  endfacet
  facet normal 0 0 -1
    outer loop
      vertex 42.9462 65.0538 0
      vertex 33.2651 76.6006 0
      vertex 33.2912 76.7995 0
    endloop
  endfacet
  facet normal 0 0 -1
    outer loop
      vertex 42.9462 65.0538 0
      vertex 33.2216 76.4047 0
      vertex 33.2651 76.6006 0
    endloop
  endfacet
  facet normal 0 0 -1
    outer loop
      vertex 42.9462 65.0538 0
      vertex 33.1613 76.2134 0
      vertex 33.2216 76.4047 0
    endloop
  endfacet
  facet normal 0 0 -1
    outer loop
      vertex 42.9462 65.0538 0
      vertex 33.0845 76.028 0
      vertex 33.1613 76.2134 0
    endloop
  endfacet
  facet normal 0 0 -1
    outer loop
      vertex 42.9462 65.0538 0
      vertex 32.9919 75.85 0
      vertex 33.0845 76.028 0
    endloop
  endfacet
  facet normal 0 0 -1
    outer loop
      vertex 42.9462 65.0538 0
      vertex 32.884 75.6808 0
      vertex 32.9919 75.85 0
    endloop
  endfacet
  facet normal 0 0 -1
    outer loop
      vertex 42.9462 65.0538 0
      vertex 32.7619 75.5216 0
      vertex 32.884 75.6808 0
    endloop
  endfacet
  facet normal 0 0 -1
    outer loop
      vertex 30.2134 74.8387 0
      vertex 37.5239 59.1365 0
      vertex 32.638 52.769 0
    endloop
  endfacet
  facet normal 0 0 -1
    outer loop
      vertex 42.9462 65.0538 0
      vertex 32.6263 75.3737 0
      vertex 32.7619 75.5216 0
    endloop
  endfacet
  facet normal 0 0 -1
    outer loop
      vertex 42.9462 65.0538 0
      vertex 32.4784 75.2381 0
      vertex 32.6263 75.3737 0
    endloop
  endfacet
  facet normal 0 0 -1
    outer loop
      vertex 42.9462 65.0538 0
      vertex 32.3192 75.116 0
      vertex 32.4784 75.2381 0
    endloop
  endfacet
  facet normal 0 0 -1
    outer loop
      vertex 42.9462 65.0538 0
      vertex 32.15 75.0081 0
      vertex 32.3192 75.116 0
    endloop
  endfacet
  facet normal 0 0 -1
    outer loop
      vertex 42.9462 65.0538 0
      vertex 31.972 74.9155 0
      vertex 32.15 75.0081 0
    endloop
  endfacet
  facet normal 0 0 -1
    outer loop
      vertex 42.9462 65.0538 0
      vertex 31.7866 74.8387 0
      vertex 31.972 74.9155 0
    endloop
  endfacet
  facet normal 0 0 -1
    outer loop
      vertex 37.5239 59.1365 0
      vertex 31.5953 74.7784 0
      vertex 31.7866 74.8387 0
    endloop
  endfacet
  facet normal 0 0 -1
    outer loop
      vertex 37.5239 59.1365 0
      vertex 31.3994 74.7349 0
      vertex 31.5953 74.7784 0
    endloop
  endfacet
  facet normal 0 0 -1
    outer loop
      vertex 37.5239 59.1365 0
      vertex 31.2005 74.7088 0
      vertex 31.3994 74.7349 0
    endloop
  endfacet
  facet normal 0 0 -1
    outer loop
      vertex 37.5239 59.1365 0
      vertex 31 74.7 0
      vertex 31.2005 74.7088 0
    endloop
  endfacet
  facet normal 0 0 -1
    outer loop
      vertex 37.5239 59.1365 0
      vertex 30.7995 74.7088 0
      vertex 31 74.7 0
    endloop
  endfacet
  facet normal 0 0 -1
    outer loop
      vertex 37.5239 59.1365 0
      vertex 30.6006 74.7349 0
      vertex 30.7995 74.7088 0
    endloop
  endfacet
  facet normal 0 0 -1
    outer loop
      vertex 37.5239 59.1365 0
      vertex 30.4047 74.7784 0
      vertex 30.6006 74.7349 0
    endloop
  endfacet
  facet normal 0 0 -1
    outer loop
      vertex 37.5239 59.1365 0
      vertex 30.2134 74.8387 0
      vertex 30.4047 74.7784 0
    endloop
  endfacet
  facet normal 0 0 -1
    outer loop
      vertex 32.638 52.769 0
      vertex 30.028 74.9155 0
      vertex 30.2134 74.8387 0
    endloop
  endfacet
  facet normal 0 0 -1
    outer loop
      vertex 32.638 52.769 0
      vertex 29.85 75.0081 0
      vertex 30.028 74.9155 0
    endloop
  endfacet
  facet normal 0 0 -1
    outer loop
      vertex 32.638 52.769 0
      vertex 29.6808 75.116 0
      vertex 29.85 75.0081 0
    endloop
  endfacet
  facet normal 0 0 -1
    outer loop
      vertex 32.638 52.769 0
      vertex 29.5216 75.2381 0
      vertex 29.6808 75.116 0
    endloop
  endfacet
  facet normal 0 0 -1
    outer loop
      vertex 32.638 52.769 0
      vertex 29.3737 75.3737 0
      vertex 29.5216 75.2381 0
    endloop
  endfacet
  facet normal 0 0 -1
    outer loop
      vertex 32.638 52.769 0
      vertex 29.2381 75.5216 0
      vertex 29.3737 75.3737 0
    endloop
  endfacet
  facet normal 0 0 -1
    outer loop
      vertex 28.3257 46 0
      vertex 29.2381 75.5216 0
      vertex 32.638 52.769 0
    endloop
  endfacet
  facet normal -0 0 -1
    outer loop
      vertex 29.2381 75.5216 0
      vertex 28.3257 46 0
      vertex 29.1159 75.6808 0
    endloop
  endfacet
  facet normal 0 0 -1
    outer loop
      vertex 21.85 83.0081 0
      vertex 29.1159 75.6808 0
      vertex 28.3257 46 0
    endloop
  endfacet
  facet normal 0 0 -1
    outer loop
      vertex 29.1159 75.6808 0
      vertex 21.85 83.0081 0
      vertex 29.0081 75.85 0
    endloop
  endfacet
  facet normal 0 0 -1
    outer loop
      vertex 29.0081 75.85 0
      vertex 21.85 83.0081 0
      vertex 28.9155 76.028 0
    endloop
  endfacet
  facet normal -0 -0 -1
    outer loop
      vertex 22.028 82.9155 0
      vertex 28.9155 76.028 0
      vertex 21.85 83.0081 0
    endloop
  endfacet
  facet normal 0 0 -1
    outer loop
      vertex 25.2912 84.7995 0
      vertex 28.7088 76.7995 0
      vertex 28.7349 76.6006 0
    endloop
  endfacet
  facet normal 0 0 -1
    outer loop
      vertex 25.2912 84.7995 0
      vertex 28.7349 76.6006 0
      vertex 28.7784 76.4047 0
    endloop
  endfacet
  facet normal 0 0 -1
    outer loop
      vertex 28.9155 76.028 0
      vertex 22.028 82.9155 0
      vertex 28.8387 76.2134 0
    endloop
  endfacet
  facet normal 0 0 -1
    outer loop
      vertex 193.2 82.7088 0
      vertex 187.291 76.7995 0
      vertex 187.3 77 0
    endloop
  endfacet
  facet normal 0 0 -1
    outer loop
      vertex 194.15 83.0081 0
      vertex 187.265 76.6006 0
      vertex 187.291 76.7995 0
    endloop
  endfacet
  facet normal 0 0 -1
    outer loop
      vertex 194.15 83.0081 0
      vertex 187.222 76.4047 0
      vertex 187.265 76.6006 0
    endloop
  endfacet
  facet normal 0 0 -1
    outer loop
      vertex 194.15 83.0081 0
      vertex 187.161 76.2134 0
      vertex 187.222 76.4047 0
    endloop
  endfacet
  facet normal 0 0 -1
    outer loop
      vertex 194.15 83.0081 0
      vertex 187.085 76.028 0
      vertex 187.161 76.2134 0
    endloop
  endfacet
  facet normal 0 0 -1
    outer loop
      vertex 194.15 83.0081 0
      vertex 186.992 75.85 0
      vertex 187.085 76.028 0
    endloop
  endfacet
  facet normal 0 0 -1
    outer loop
      vertex 194.15 83.0081 0
      vertex 186.884 75.6808 0
      vertex 186.992 75.85 0
    endloop
  endfacet
  facet normal 0 0 -1
    outer loop
      vertex 187.674 46 0
      vertex 186.762 75.5216 0
      vertex 186.884 75.6808 0
    endloop
  endfacet
  facet normal 0 0 -1
    outer loop
      vertex 183.362 52.769 0
      vertex 186.762 75.5216 0
      vertex 187.674 46 0
    endloop
  endfacet
  facet normal 0 0 -1
    outer loop
      vertex 186.762 75.5216 0
      vertex 183.362 52.769 0
      vertex 186.626 75.3737 0
    endloop
  endfacet
  facet normal 0 0 -1
    outer loop
      vertex 186.626 75.3737 0
      vertex 183.362 52.769 0
      vertex 186.478 75.2381 0
    endloop
  endfacet
  facet normal 0 0 -1
    outer loop
      vertex 186.478 75.2381 0
      vertex 183.362 52.769 0
      vertex 186.319 75.116 0
    endloop
  endfacet
  facet normal 0 0 -1
    outer loop
      vertex 186.319 75.116 0
      vertex 183.362 52.769 0
      vertex 186.15 75.0081 0
    endloop
  endfacet
  facet normal 0 0 -1
    outer loop
      vertex 186.15 75.0081 0
      vertex 183.362 52.769 0
      vertex 185.972 74.9155 0
    endloop
  endfacet
  facet normal 0 0 -1
    outer loop
      vertex 185.972 74.9155 0
      vertex 183.362 52.769 0
      vertex 185.787 74.8387 0
    endloop
  endfacet
  facet normal 0 0 -1
    outer loop
      vertex 178.476 59.1365 0
      vertex 185.787 74.8387 0
      vertex 183.362 52.769 0
    endloop
  endfacet
  facet normal 0 0 -1
    outer loop
      vertex 185.787 74.8387 0
      vertex 178.476 59.1365 0
      vertex 185.595 74.7784 0
    endloop
  endfacet
  facet normal 0 0 -1
    outer loop
      vertex 185.595 74.7784 0
      vertex 178.476 59.1365 0
      vertex 185.399 74.7349 0
    endloop
  endfacet
  facet normal 0 0 -1
    outer loop
      vertex 185.399 74.7349 0
      vertex 178.476 59.1365 0
      vertex 185.2 74.7088 0
    endloop
  endfacet
  facet normal 0 0 -1
    outer loop
      vertex 185.2 74.7088 0
      vertex 178.476 59.1365 0
      vertex 185 74.7 0
    endloop
  endfacet
  facet normal -0 0 -1
    outer loop
      vertex 185 74.7 0
      vertex 178.476 59.1365 0
      vertex 184.8 74.7088 0
    endloop
  endfacet
  facet normal -0 0 -1
    outer loop
      vertex 184.8 74.7088 0
      vertex 178.476 59.1365 0
      vertex 184.601 74.7349 0
    endloop
  endfacet
  facet normal -0 0 -1
    outer loop
      vertex 184.601 74.7349 0
      vertex 178.476 59.1365 0
      vertex 184.405 74.7784 0
    endloop
  endfacet
  facet normal -0 0 -1
    outer loop
      vertex 184.405 74.7784 0
      vertex 178.476 59.1365 0
      vertex 184.213 74.8387 0
    endloop
  endfacet
  facet normal 0 0 -1
    outer loop
      vertex 173.054 65.0538 0
      vertex 184.213 74.8387 0
      vertex 178.476 59.1365 0
    endloop
  endfacet
  facet normal -0 0 -1
    outer loop
      vertex 184.213 74.8387 0
      vertex 173.054 65.0538 0
      vertex 184.028 74.9155 0
    endloop
  endfacet
  facet normal -0 0 -1
    outer loop
      vertex 184.028 74.9155 0
      vertex 173.054 65.0538 0
      vertex 183.85 75.0081 0
    endloop
  endfacet
  facet normal -0 0 -1
    outer loop
      vertex 183.85 75.0081 0
      vertex 173.054 65.0538 0
      vertex 183.681 75.116 0
    endloop
  endfacet
  facet normal -0 0 -1
    outer loop
      vertex 183.681 75.116 0
      vertex 173.054 65.0538 0
      vertex 183.522 75.2381 0
    endloop
  endfacet
  facet normal -0 0 -1
    outer loop
      vertex 183.522 75.2381 0
      vertex 173.054 65.0538 0
      vertex 183.374 75.3737 0
    endloop
  endfacet
  facet normal -0 0 -1
    outer loop
      vertex 183.374 75.3737 0
      vertex 173.054 65.0538 0
      vertex 183.238 75.5216 0
    endloop
  endfacet
  facet normal -0 0 -1
    outer loop
      vertex 183.238 75.5216 0
      vertex 173.054 65.0538 0
      vertex 183.116 75.6808 0
    endloop
  endfacet
  facet normal -0 0 -1
    outer loop
      vertex 183.116 75.6808 0
      vertex 173.054 65.0538 0
      vertex 183.008 75.85 0
    endloop
  endfacet
  facet normal -0 0 -1
    outer loop
      vertex 183.008 75.85 0
      vertex 173.054 65.0538 0
      vertex 182.915 76.028 0
    endloop
  endfacet
  facet normal -0 0 -1
    outer loop
      vertex 182.915 76.028 0
      vertex 173.054 65.0538 0
      vertex 182.839 76.2134 0
    endloop
  endfacet
  facet normal 0 0 -1
    outer loop
      vertex 167.136 70.4761 0
      vertex 182.839 76.2134 0
      vertex 173.054 65.0538 0
    endloop
  endfacet
  facet normal -0 0 -1
    outer loop
      vertex 182.839 76.2134 0
      vertex 167.136 70.4761 0
      vertex 182.778 76.4047 0
    endloop
  endfacet
  facet normal -0 0 -1
    outer loop
      vertex 182.778 76.4047 0
      vertex 167.136 70.4761 0
      vertex 182.735 76.6006 0
    endloop
  endfacet
  facet normal 0 0 -1
    outer loop
      vertex 216 104 0
      vertex 195.291 84.7995 0
      vertex 195.3 85 0
    endloop
  endfacet
  facet normal 0 0 -1
    outer loop
      vertex 216 104 0
      vertex 195.265 84.6006 0
      vertex 195.291 84.7995 0
    endloop
  endfacet
  facet normal 0 0 -1
    outer loop
      vertex 216 104 0
      vertex 195.222 84.4047 0
      vertex 195.265 84.6006 0
    endloop
  endfacet
  facet normal 0 0 -1
    outer loop
      vertex 191.38 38.8809 0
      vertex 216 104 0
      vertex 194.452 31.4659 0
    endloop
  endfacet
  facet normal 0 0 -1
    outer loop
      vertex 216 104 0
      vertex 195.161 84.2134 0
      vertex 195.222 84.4047 0
    endloop
  endfacet
  facet normal 0 0 -1
    outer loop
      vertex 216 104 0
      vertex 195.085 84.028 0
      vertex 195.161 84.2134 0
    endloop
  endfacet
  facet normal 0 0 -1
    outer loop
      vertex 216 104 0
      vertex 194.992 83.85 0
      vertex 195.085 84.028 0
    endloop
  endfacet
  facet normal 0 0 -1
    outer loop
      vertex 216 104 0
      vertex 191.38 38.8809 0
      vertex 194.992 83.85 0
    endloop
  endfacet
  facet normal 0 0 -1
    outer loop
      vertex 194.992 83.85 0
      vertex 191.38 38.8809 0
      vertex 194.884 83.6808 0
    endloop
  endfacet
  facet normal 0 0 -1
    outer loop
      vertex 194.884 83.6808 0
      vertex 191.38 38.8809 0
      vertex 194.762 83.5216 0
    endloop
  endfacet
  facet normal 0 0 -1
    outer loop
      vertex 194.762 83.5216 0
      vertex 191.38 38.8809 0
      vertex 194.626 83.3737 0
    endloop
  endfacet
  facet normal 0 0 -1
    outer loop
      vertex 187.674 46 0
      vertex 194.626 83.3737 0
      vertex 191.38 38.8809 0
    endloop
  endfacet
  facet normal 0 0 -1
    outer loop
      vertex 194.626 83.3737 0
      vertex 187.674 46 0
      vertex 194.478 83.2381 0
    endloop
  endfacet
  facet normal 0 0 -1
    outer loop
      vertex 194.478 83.2381 0
      vertex 187.674 46 0
      vertex 194.319 83.116 0
    endloop
  endfacet
  facet normal 0 0 -1
    outer loop
      vertex 186.884 75.6808 0
      vertex 194.319 83.116 0
      vertex 187.674 46 0
    endloop
  endfacet
  facet normal 0 0 -1
    outer loop
      vertex 194.319 83.116 0
      vertex 186.884 75.6808 0
      vertex 194.15 83.0081 0
    endloop
  endfacet
  facet normal 0 0 -1
    outer loop
      vertex 187.291 76.7995 0
      vertex 193.972 82.9155 0
      vertex 194.15 83.0081 0
    endloop
  endfacet
  facet normal 0 0 -1
    outer loop
      vertex 187.291 76.7995 0
      vertex 193.787 82.8387 0
      vertex 193.972 82.9155 0
    endloop
  endfacet
  facet normal 0 0 -1
    outer loop
      vertex 187.291 76.7995 0
      vertex 193.595 82.7784 0
      vertex 193.787 82.8387 0
    endloop
  endfacet
  facet normal 0 0 -1
    outer loop
      vertex 187.291 76.7995 0
      vertex 193.399 82.7349 0
      vertex 193.595 82.7784 0
    endloop
  endfacet
  facet normal 0 0 -1
    outer loop
      vertex 187.291 76.7995 0
      vertex 193.2 82.7088 0
      vertex 193.399 82.7349 0
    endloop
  endfacet
  facet normal 0 0 -1
    outer loop
      vertex 193.2 82.7088 0
      vertex 187.3 77 0
      vertex 193 82.7 0
    endloop
  endfacet
  facet normal -0 0 -1
    outer loop
      vertex 193 82.7 0
      vertex 187.3 77 0
      vertex 192.8 82.7088 0
    endloop
  endfacet
  facet normal 0 0 -1
    outer loop
      vertex 187.291 77.2005 0
      vertex 192.8 82.7088 0
      vertex 187.3 77 0
    endloop
  endfacet
  facet normal -0 0 -1
    outer loop
      vertex 192.8 82.7088 0
      vertex 187.291 77.2005 0
      vertex 192.601 82.7349 0
    endloop
  endfacet
  facet normal 0 0 -1
    outer loop
      vertex 187.265 77.3994 0
      vertex 192.601 82.7349 0
      vertex 187.291 77.2005 0
    endloop
  endfacet
  facet normal -0 0 -1
    outer loop
      vertex 192.601 82.7349 0
      vertex 187.265 77.3994 0
      vertex 192.405 82.7784 0
    endloop
  endfacet
  facet normal 0 0 -1
    outer loop
      vertex 187.222 77.5953 0
      vertex 192.405 82.7784 0
      vertex 187.265 77.3994 0
    endloop
  endfacet
  facet normal -0 0 -1
    outer loop
      vertex 192.405 82.7784 0
      vertex 187.222 77.5953 0
      vertex 192.213 82.8387 0
    endloop
  endfacet
  facet normal 0 0 -1
    outer loop
      vertex 187.161 77.7866 0
      vertex 192.213 82.8387 0
      vertex 187.222 77.5953 0
    endloop
  endfacet
  facet normal -0 0 -1
    outer loop
      vertex 192.213 82.8387 0
      vertex 187.161 77.7866 0
      vertex 192.028 82.9155 0
    endloop
  endfacet
  facet normal 0 0 -1
    outer loop
      vertex 187.085 77.972 0
      vertex 192.028 82.9155 0
      vertex 187.161 77.7866 0
    endloop
  endfacet
  facet normal -0 0 -1
    outer loop
      vertex 192.028 82.9155 0
      vertex 187.085 77.972 0
      vertex 191.85 83.0081 0
    endloop
  endfacet
  facet normal 0 0 -1
    outer loop
      vertex 186.992 78.15 0
      vertex 191.85 83.0081 0
      vertex 187.085 77.972 0
    endloop
  endfacet
  facet normal 0 0 -1
    outer loop
      vertex 186.884 78.3192 0
      vertex 191.681 83.116 0
      vertex 186.992 78.15 0
    endloop
  endfacet
  facet normal -0 0 -1
    outer loop
      vertex 191.681 83.116 0
      vertex 186.884 78.3192 0
      vertex 191.522 83.2381 0
    endloop
  endfacet
  facet normal 0 0 -1
    outer loop
      vertex 186.762 78.4784 0
      vertex 191.522 83.2381 0
      vertex 186.884 78.3192 0
    endloop
  endfacet
  facet normal -0 0 -1
    outer loop
      vertex 191.522 83.2381 0
      vertex 186.762 78.4784 0
      vertex 191.374 83.3737 0
    endloop
  endfacet
  facet normal -0 0 -1
    outer loop
      vertex 191.85 83.0081 0
      vertex 186.992 78.15 0
      vertex 191.681 83.116 0
    endloop
  endfacet
  facet normal 0 0 -1
    outer loop
      vertex 212 0 0
      vertex 216 4 0
      vertex 215.985 3.65138 0
    endloop
  endfacet
  facet normal 0 0 -1
    outer loop
      vertex 194.452 31.4659 0
      vertex 216 4 0
      vertex 196.865 23.8114 0
    endloop
  endfacet
  facet normal 0 0 -1
    outer loop
      vertex 212 0 0
      vertex 215.985 3.65138 0
      vertex 215.939 3.30541 0
    endloop
  endfacet
  facet normal 0 0 -1
    outer loop
      vertex 216 4 0
      vertex 194.452 31.4659 0
      vertex 216 104 0
    endloop
  endfacet
  facet normal 0 0 -1
    outer loop
      vertex 212 0 0
      vertex 215.939 3.30541 0
      vertex 215.864 2.96472 0
    endloop
  endfacet
  facet normal 0 0 -1
    outer loop
      vertex 195.291 85.2005 0
      vertex 216 104 0
      vertex 195.3 85 0
    endloop
  endfacet
  facet normal 0 0 -1
    outer loop
      vertex 212 0 0
      vertex 215.864 2.96472 0
      vertex 215.759 2.63192 0
    endloop
  endfacet
  facet normal 0 0 -1
    outer loop
      vertex 195.265 85.3994 0
      vertex 216 104 0
      vertex 195.291 85.2005 0
    endloop
  endfacet
  facet normal 0 0 -1
    outer loop
      vertex 212 0 0
      vertex 215.759 2.63192 0
      vertex 215.625 2.30953 0
    endloop
  endfacet
  facet normal 0 0 -1
    outer loop
      vertex 195.222 85.5953 0
      vertex 216 104 0
      vertex 195.265 85.3994 0
    endloop
  endfacet
  facet normal 0 0 -1
    outer loop
      vertex 212 0 0
      vertex 215.625 2.30953 0
      vertex 215.464 2 0
    endloop
  endfacet
  facet normal 0 0 -1
    outer loop
      vertex 195.161 85.7866 0
      vertex 216 104 0
      vertex 195.222 85.5953 0
    endloop
  endfacet
  facet normal 0 0 -1
    outer loop
      vertex 212 0 0
      vertex 215.464 2 0
      vertex 215.277 1.70569 0
    endloop
  endfacet
  facet normal 0 0 -1
    outer loop
      vertex 195.085 85.972 0
      vertex 216 104 0
      vertex 195.161 85.7866 0
    endloop
  endfacet
  facet normal 0 0 -1
    outer loop
      vertex 212 0 0
      vertex 215.277 1.70569 0
      vertex 215.064 1.42885 0
    endloop
  endfacet
  facet normal 0 0 -1
    outer loop
      vertex 194.992 86.15 0
      vertex 216 104 0
      vertex 195.085 85.972 0
    endloop
  endfacet
  facet normal 0 0 -1
    outer loop
      vertex 212 0 0
      vertex 215.064 1.42885 0
      vertex 214.828 1.17157 0
    endloop
  endfacet
  facet normal 0 0 -1
    outer loop
      vertex 194.884 86.3192 0
      vertex 216 104 0
      vertex 194.992 86.15 0
    endloop
  endfacet
  facet normal 0 0 -1
    outer loop
      vertex 212 0 0
      vertex 214.828 1.17157 0
      vertex 214.571 0.935822 0
    endloop
  endfacet
  facet normal 0 0 -1
    outer loop
      vertex 194.762 86.4784 0
      vertex 216 104 0
      vertex 194.884 86.3192 0
    endloop
  endfacet
  facet normal 0 0 -1
    outer loop
      vertex 212 0 0
      vertex 214.571 0.935822 0
      vertex 214.294 0.723392 0
    endloop
  endfacet
  facet normal 0 0 -1
    outer loop
      vertex 194.626 86.6263 0
      vertex 216 104 0
      vertex 194.762 86.4784 0
    endloop
  endfacet
  facet normal 0 0 -1
    outer loop
      vertex 212 0 0
      vertex 214.294 0.723392 0
      vertex 214 0.535898 0
    endloop
  endfacet
  facet normal 0 -0 -1
    outer loop
      vertex 212 108 0
      vertex 216 104 0
      vertex 194.626 86.6263 0
    endloop
  endfacet
  facet normal 0 0 -1
    outer loop
      vertex 212 0 0
      vertex 214 0.535898 0
      vertex 213.69 0.374768 0
    endloop
  endfacet
  facet normal 0 0 -1
    outer loop
      vertex 215.985 104.349 0
      vertex 212 108 0
      vertex 215.939 104.695 0
    endloop
  endfacet
  facet normal 0 0 -1
    outer loop
      vertex 212 0 0
      vertex 213.69 0.374768 0
      vertex 213.368 0.241229 0
    endloop
  endfacet
  facet normal 0 0 -1
    outer loop
      vertex 215.939 104.695 0
      vertex 212 108 0
      vertex 215.864 105.035 0
    endloop
  endfacet
  facet normal 0 0 -1
    outer loop
      vertex 212 0 0
      vertex 213.368 0.241229 0
      vertex 213.035 0.136296 0
    endloop
  endfacet
  facet normal 0 0 -1
    outer loop
      vertex 215.759 105.368 0
      vertex 212 108 0
      vertex 215.625 105.69 0
    endloop
  endfacet
  facet normal 0 0 -1
    outer loop
      vertex 212 0 0
      vertex 213.035 0.136296 0
      vertex 212.695 0.0607681 0
    endloop
  endfacet
  facet normal 0 0 -1
    outer loop
      vertex 215.625 105.69 0
      vertex 212 108 0
      vertex 215.464 106 0
    endloop
  endfacet
  facet normal 0 0 -1
    outer loop
      vertex 212 0 0
      vertex 212.695 0.0607681 0
      vertex 212.349 0.0152206 0
    endloop
  endfacet
  facet normal 0 0 -1
    outer loop
      vertex 215.277 106.294 0
      vertex 212 108 0
      vertex 215.064 106.571 0
    endloop
  endfacet
  facet normal -0 0 -1
    outer loop
      vertex 216 4 0
      vertex 212 0 0
      vertex 199.65 8.01833 0
    endloop
  endfacet
  facet normal 0 0 -1
    outer loop
      vertex 215.064 106.571 0
      vertex 212 108 0
      vertex 214.828 106.828 0
    endloop
  endfacet
  facet normal 0 0 -1
    outer loop
      vertex 199.65 8.01833 0
      vertex 212 0 0
      vertex 200 0 0
    endloop
  endfacet
  facet normal 0 0 -1
    outer loop
      vertex 216 4 0
      vertex 199.65 8.01833 0
      vertex 198.602 15.9756 0
    endloop
  endfacet
  facet normal 0 0 -1
    outer loop
      vertex 216 4 0
      vertex 198.602 15.9756 0
      vertex 196.865 23.8114 0
    endloop
  endfacet
  facet normal 0 0 -1
    outer loop
      vertex 214.571 107.064 0
      vertex 212 108 0
      vertex 214.294 107.277 0
    endloop
  endfacet
  facet normal 0 0 -1
    outer loop
      vertex 214.294 107.277 0
      vertex 212 108 0
      vertex 214 107.464 0
    endloop
  endfacet
  facet normal 0 0 -1
    outer loop
      vertex 213.69 107.625 0
      vertex 212 108 0
      vertex 213.368 107.759 0
    endloop
  endfacet
  facet normal 0 0 -1
    outer loop
      vertex 213.368 107.759 0
      vertex 212 108 0
      vertex 213.035 107.864 0
    endloop
  endfacet
  facet normal 0 0 -1
    outer loop
      vertex 212.695 107.939 0
      vertex 212 108 0
      vertex 212.349 107.985 0
    endloop
  endfacet
  facet normal 0 0 -1
    outer loop
      vertex 213.035 107.864 0
      vertex 212 108 0
      vertex 212.695 107.939 0
    endloop
  endfacet
  facet normal 0 0 -1
    outer loop
      vertex 214 107.464 0
      vertex 212 108 0
      vertex 213.69 107.625 0
    endloop
  endfacet
  facet normal 0 0 -1
    outer loop
      vertex 214.828 106.828 0
      vertex 212 108 0
      vertex 214.571 107.064 0
    endloop
  endfacet
  facet normal 0 0 -1
    outer loop
      vertex 215.464 106 0
      vertex 212 108 0
      vertex 215.277 106.294 0
    endloop
  endfacet
  facet normal 0 0 -1
    outer loop
      vertex 215.864 105.035 0
      vertex 212 108 0
      vertex 215.759 105.368 0
    endloop
  endfacet
  facet normal 0 0 -1
    outer loop
      vertex 216 104 0
      vertex 212 108 0
      vertex 215.985 104.349 0
    endloop
  endfacet
  facet normal 0 0 -1
    outer loop
      vertex 194.478 86.7619 0
      vertex 212 108 0
      vertex 194.626 86.6263 0
    endloop
  endfacet
  facet normal 0 0 -1
    outer loop
      vertex 194.319 86.884 0
      vertex 212 108 0
      vertex 194.478 86.7619 0
    endloop
  endfacet
  facet normal 0 0 -1
    outer loop
      vertex 194.15 86.9919 0
      vertex 212 108 0
      vertex 194.319 86.884 0
    endloop
  endfacet
  facet normal 0 0 -1
    outer loop
      vertex 193.972 87.0845 0
      vertex 212 108 0
      vertex 194.15 86.9919 0
    endloop
  endfacet
  facet normal 0 0 -1
    outer loop
      vertex 193.787 87.1613 0
      vertex 212 108 0
      vertex 193.972 87.0845 0
    endloop
  endfacet
  facet normal 0 0 -1
    outer loop
      vertex 193.595 87.2216 0
      vertex 212 108 0
      vertex 193.787 87.1613 0
    endloop
  endfacet
  facet normal 0 0 -1
    outer loop
      vertex 193.399 87.2651 0
      vertex 212 108 0
      vertex 193.595 87.2216 0
    endloop
  endfacet
  facet normal 0 0 -1
    outer loop
      vertex 193.2 87.2912 0
      vertex 212 108 0
      vertex 193.399 87.2651 0
    endloop
  endfacet
  facet normal 0 0 -1
    outer loop
      vertex 193 87.3 0
      vertex 212 108 0
      vertex 193.2 87.2912 0
    endloop
  endfacet
  facet normal 0 0 -1
    outer loop
      vertex 192.8 87.2912 0
      vertex 212 108 0
      vertex 193 87.3 0
    endloop
  endfacet
  facet normal 0 0 -1
    outer loop
      vertex 192.601 87.2651 0
      vertex 212 108 0
      vertex 192.8 87.2912 0
    endloop
  endfacet
  facet normal 0 0 -1
    outer loop
      vertex 192.405 87.2216 0
      vertex 212 108 0
      vertex 192.601 87.2651 0
    endloop
  endfacet
  facet normal 0 0 -1
    outer loop
      vertex 192.213 87.1613 0
      vertex 212 108 0
      vertex 192.405 87.2216 0
    endloop
  endfacet
  facet normal 0 0 -1
    outer loop
      vertex 192.028 87.0845 0
      vertex 212 108 0
      vertex 192.213 87.1613 0
    endloop
  endfacet
  facet normal 0 0 -1
    outer loop
      vertex 191.85 86.9919 0
      vertex 212 108 0
      vertex 192.028 87.0845 0
    endloop
  endfacet
  facet normal 0 0 -1
    outer loop
      vertex 146.881 83.3803 0
      vertex 191.85 86.9919 0
      vertex 191.681 86.884 0
    endloop
  endfacet
  facet normal 0 0 -1
    outer loop
      vertex 146.881 83.3803 0
      vertex 191.681 86.884 0
      vertex 191.522 86.7619 0
    endloop
  endfacet
  facet normal 0 0 -1
    outer loop
      vertex 146.881 83.3803 0
      vertex 191.522 86.7619 0
      vertex 191.374 86.6263 0
    endloop
  endfacet
  facet normal 0 0 -1
    outer loop
      vertex 186.626 78.6263 0
      vertex 191.374 83.3737 0
      vertex 186.762 78.4784 0
    endloop
  endfacet
  facet normal -0 0 -1
    outer loop
      vertex 191.374 83.3737 0
      vertex 186.626 78.6263 0
      vertex 191.238 83.5216 0
    endloop
  endfacet
  facet normal 0 0 -1
    outer loop
      vertex 186.478 78.7619 0
      vertex 191.238 83.5216 0
      vertex 186.626 78.6263 0
    endloop
  endfacet
  facet normal -0 0 -1
    outer loop
      vertex 191.238 83.5216 0
      vertex 186.478 78.7619 0
      vertex 191.116 83.6808 0
    endloop
  endfacet
  facet normal 0 0 -1
    outer loop
      vertex 186.319 78.884 0
      vertex 191.116 83.6808 0
      vertex 186.478 78.7619 0
    endloop
  endfacet
  facet normal -0 0 -1
    outer loop
      vertex 191.116 83.6808 0
      vertex 186.319 78.884 0
      vertex 191.008 83.85 0
    endloop
  endfacet
  facet normal 0 0 -1
    outer loop
      vertex 186.15 78.9919 0
      vertex 191.008 83.85 0
      vertex 186.319 78.884 0
    endloop
  endfacet
  facet normal -0 0 -1
    outer loop
      vertex 191.008 83.85 0
      vertex 186.15 78.9919 0
      vertex 190.915 84.028 0
    endloop
  endfacet
  facet normal 0 0 -1
    outer loop
      vertex 185.972 79.0845 0
      vertex 190.915 84.028 0
      vertex 186.15 78.9919 0
    endloop
  endfacet
  facet normal -0 0 -1
    outer loop
      vertex 190.915 84.028 0
      vertex 185.972 79.0845 0
      vertex 190.839 84.2134 0
    endloop
  endfacet
  facet normal 0 0 -1
    outer loop
      vertex 185.787 79.1613 0
      vertex 190.839 84.2134 0
      vertex 185.972 79.0845 0
    endloop
  endfacet
  facet normal -0 0 -1
    outer loop
      vertex 190.839 84.2134 0
      vertex 185.787 79.1613 0
      vertex 190.778 84.4047 0
    endloop
  endfacet
  facet normal 0 0 -1
    outer loop
      vertex 185.595 79.2216 0
      vertex 190.778 84.4047 0
      vertex 185.787 79.1613 0
    endloop
  endfacet
  facet normal -0 0 -1
    outer loop
      vertex 190.778 84.4047 0
      vertex 185.595 79.2216 0
      vertex 190.735 84.6006 0
    endloop
  endfacet
  facet normal 0 0 -1
    outer loop
      vertex 185.399 79.2651 0
      vertex 190.735 84.6006 0
      vertex 185.595 79.2216 0
    endloop
  endfacet
  facet normal -0 0 -1
    outer loop
      vertex 190.735 84.6006 0
      vertex 185.399 79.2651 0
      vertex 190.709 84.7995 0
    endloop
  endfacet
  facet normal 0 0 -1
    outer loop
      vertex 185.2 79.2912 0
      vertex 190.709 84.7995 0
      vertex 185.399 79.2651 0
    endloop
  endfacet
  facet normal -0 0 -1
    outer loop
      vertex 190.709 84.7995 0
      vertex 185.2 79.2912 0
      vertex 190.7 85 0
    endloop
  endfacet
  facet normal 0 0 -1
    outer loop
      vertex 185 79.3 0
      vertex 190.7 85 0
      vertex 185.2 79.2912 0
    endloop
  endfacet
  facet normal -0 0 -1
    outer loop
      vertex 190.7 85 0
      vertex 185 79.3 0
      vertex 190.709 85.2005 0
    endloop
  endfacet
  facet normal 0 0 -1
    outer loop
      vertex 184.8 79.2912 0
      vertex 190.709 85.2005 0
      vertex 185 79.3 0
    endloop
  endfacet
  facet normal -0 0 -1
    outer loop
      vertex 190.709 85.2005 0
      vertex 184.8 79.2912 0
      vertex 190.735 85.3994 0
    endloop
  endfacet
  facet normal 0 0 -1
    outer loop
      vertex 184.601 79.2651 0
      vertex 190.735 85.3994 0
      vertex 184.8 79.2912 0
    endloop
  endfacet
  facet normal -0 0 -1
    outer loop
      vertex 190.735 85.3994 0
      vertex 184.601 79.2651 0
      vertex 190.778 85.5953 0
    endloop
  endfacet
  facet normal 0 0 -1
    outer loop
      vertex 184.405 79.2216 0
      vertex 190.778 85.5953 0
      vertex 184.601 79.2651 0
    endloop
  endfacet
  facet normal -0 0 -1
    outer loop
      vertex 190.778 85.5953 0
      vertex 184.405 79.2216 0
      vertex 190.839 85.7866 0
    endloop
  endfacet
  facet normal 0 0 -1
    outer loop
      vertex 184.213 79.1613 0
      vertex 190.839 85.7866 0
      vertex 184.405 79.2216 0
    endloop
  endfacet
  facet normal -0 0 -1
    outer loop
      vertex 190.839 85.7866 0
      vertex 184.213 79.1613 0
      vertex 190.915 85.972 0
    endloop
  endfacet
  facet normal 0 0 -1
    outer loop
      vertex 184.028 79.0845 0
      vertex 190.915 85.972 0
      vertex 184.213 79.1613 0
    endloop
  endfacet
  facet normal -0 0 -1
    outer loop
      vertex 190.915 85.972 0
      vertex 184.028 79.0845 0
      vertex 191.008 86.15 0
    endloop
  endfacet
  facet normal 0 0 -1
    outer loop
      vertex 183.85 78.9919 0
      vertex 191.008 86.15 0
      vertex 184.028 79.0845 0
    endloop
  endfacet
  facet normal -0 0 -1
    outer loop
      vertex 191.008 86.15 0
      vertex 183.85 78.9919 0
      vertex 191.116 86.3192 0
    endloop
  endfacet
  facet normal 0 0 -1
    outer loop
      vertex 183.681 78.884 0
      vertex 191.116 86.3192 0
      vertex 183.85 78.9919 0
    endloop
  endfacet
  facet normal 0 0 -1
    outer loop
      vertex 154 79.6743 0
      vertex 191.116 86.3192 0
      vertex 183.681 78.884 0
    endloop
  endfacet
  facet normal -0 0 -1
    outer loop
      vertex 191.116 86.3192 0
      vertex 154 79.6743 0
      vertex 191.238 86.4784 0
    endloop
  endfacet
  facet normal -0 0 -1
    outer loop
      vertex 191.238 86.4784 0
      vertex 154 79.6743 0
      vertex 191.374 86.6263 0
    endloop
  endfacet
  facet normal 0 0 -1
    outer loop
      vertex 154 79.6743 0
      vertex 183.681 78.884 0
      vertex 183.522 78.7619 0
    endloop
  endfacet
  facet normal 0 0 -1
    outer loop
      vertex 160.769 75.362 0
      vertex 183.522 78.7619 0
      vertex 183.374 78.6263 0
    endloop
  endfacet
  facet normal -0 0 -1
    outer loop
      vertex 182.735 76.6006 0
      vertex 167.136 70.4761 0
      vertex 182.709 76.7995 0
    endloop
  endfacet
  facet normal -0 0 -1
    outer loop
      vertex 182.709 76.7995 0
      vertex 167.136 70.4761 0
      vertex 182.7 77 0
    endloop
  endfacet
  facet normal -0 0 -1
    outer loop
      vertex 182.7 77 0
      vertex 167.136 70.4761 0
      vertex 182.709 77.2005 0
    endloop
  endfacet
  facet normal -0 0 -1
    outer loop
      vertex 182.709 77.2005 0
      vertex 167.136 70.4761 0
      vertex 182.735 77.3994 0
    endloop
  endfacet
  facet normal -0 0 -1
    outer loop
      vertex 182.735 77.3994 0
      vertex 167.136 70.4761 0
      vertex 182.778 77.5953 0
    endloop
  endfacet
  facet normal -0 0 -1
    outer loop
      vertex 182.778 77.5953 0
      vertex 167.136 70.4761 0
      vertex 182.839 77.7866 0
    endloop
  endfacet
  facet normal 0 0 -1
    outer loop
      vertex 160.769 75.362 0
      vertex 182.839 77.7866 0
      vertex 167.136 70.4761 0
    endloop
  endfacet
  facet normal -0 0 -1
    outer loop
      vertex 182.839 77.7866 0
      vertex 160.769 75.362 0
      vertex 182.915 77.972 0
    endloop
  endfacet
  facet normal -0 0 -1
    outer loop
      vertex 182.915 77.972 0
      vertex 160.769 75.362 0
      vertex 183.008 78.15 0
    endloop
  endfacet
  facet normal -0 0 -1
    outer loop
      vertex 183.008 78.15 0
      vertex 160.769 75.362 0
      vertex 183.116 78.3192 0
    endloop
  endfacet
  facet normal -0 0 -1
    outer loop
      vertex 183.116 78.3192 0
      vertex 160.769 75.362 0
      vertex 183.238 78.4784 0
    endloop
  endfacet
  facet normal -0 0 -1
    outer loop
      vertex 183.238 78.4784 0
      vertex 160.769 75.362 0
      vertex 183.374 78.6263 0
    endloop
  endfacet
  facet normal -0 0 -1
    outer loop
      vertex 183.522 78.7619 0
      vertex 160.769 75.362 0
      vertex 154 79.6743 0
    endloop
  endfacet
  facet normal 0 0 -1
    outer loop
      vertex 191.374 86.6263 0
      vertex 154 79.6743 0
      vertex 146.881 83.3803 0
    endloop
  endfacet
  facet normal -0 0 -1
    outer loop
      vertex 191.85 86.9919 0
      vertex 146.881 83.3803 0
      vertex 212 108 0
    endloop
  endfacet
  facet normal 0 0 -1
    outer loop
      vertex 139.466 86.4517 0
      vertex 212 108 0
      vertex 146.881 83.3803 0
    endloop
  endfacet
  facet normal 0 0 -1
    outer loop
      vertex 131.811 88.8652 0
      vertex 212 108 0
      vertex 139.466 86.4517 0
    endloop
  endfacet
  facet normal 0 0 -1
    outer loop
      vertex 123.976 90.6023 0
      vertex 212 108 0
      vertex 131.811 88.8652 0
    endloop
  endfacet
  facet normal 0 0 -1
    outer loop
      vertex 116.018 91.6499 0
      vertex 212 108 0
      vertex 123.976 90.6023 0
    endloop
  endfacet
  facet normal 0 0 -1
    outer loop
      vertex 108 92 0
      vertex 212 108 0
      vertex 116.018 91.6499 0
    endloop
  endfacet
  facet normal 0 0 -1
    outer loop
      vertex 4 108 0
      vertex 108 92 0
      vertex 99.9817 91.6499 0
    endloop
  endfacet
  facet normal 0 0 -1
    outer loop
      vertex 4 108 0
      vertex 99.9817 91.6499 0
      vertex 92.0244 90.6023 0
    endloop
  endfacet
  facet normal 0 0 -1
    outer loop
      vertex 31.7866 74.8387 0
      vertex 42.9462 65.0538 0
      vertex 37.5239 59.1365 0
    endloop
  endfacet
  facet normal 0 0 -1
    outer loop
      vertex 33.2912 76.7995 0
      vertex 48.8635 70.4761 0
      vertex 42.9462 65.0538 0
    endloop
  endfacet
  facet normal 0 0 -1
    outer loop
      vertex 33.2912 77.2005 0
      vertex 48.8635 70.4761 0
      vertex 33.3 77 0
    endloop
  endfacet
  facet normal 0 0 -1
    outer loop
      vertex 33.2651 77.3994 0
      vertex 48.8635 70.4761 0
      vertex 33.2912 77.2005 0
    endloop
  endfacet
  facet normal 0 0 -1
    outer loop
      vertex 33.2216 77.5953 0
      vertex 48.8635 70.4761 0
      vertex 33.2651 77.3994 0
    endloop
  endfacet
  facet normal 0 0 -1
    outer loop
      vertex 33.1613 77.7866 0
      vertex 48.8635 70.4761 0
      vertex 33.2216 77.5953 0
    endloop
  endfacet
  facet normal 0 0 -1
    outer loop
      vertex 48.8635 70.4761 0
      vertex 33.1613 77.7866 0
      vertex 55.231 75.362 0
    endloop
  endfacet
  facet normal 0 0 -1
    outer loop
      vertex 33.0845 77.972 0
      vertex 55.231 75.362 0
      vertex 33.1613 77.7866 0
    endloop
  endfacet
  facet normal 0 0 -1
    outer loop
      vertex 32.9919 78.15 0
      vertex 55.231 75.362 0
      vertex 33.0845 77.972 0
    endloop
  endfacet
  facet normal 0 0 -1
    outer loop
      vertex 32.884 78.3192 0
      vertex 55.231 75.362 0
      vertex 32.9919 78.15 0
    endloop
  endfacet
  facet normal 0 0 -1
    outer loop
      vertex 32.7619 78.4784 0
      vertex 55.231 75.362 0
      vertex 32.884 78.3192 0
    endloop
  endfacet
  facet normal 0 0 -1
    outer loop
      vertex 32.6263 78.6263 0
      vertex 55.231 75.362 0
      vertex 32.7619 78.4784 0
    endloop
  endfacet
  facet normal 0 0 -1
    outer loop
      vertex 32.4784 78.7619 0
      vertex 55.231 75.362 0
      vertex 32.6263 78.6263 0
    endloop
  endfacet
  facet normal 0 0 -1
    outer loop
      vertex 55.231 75.362 0
      vertex 32.4784 78.7619 0
      vertex 62 79.6743 0
    endloop
  endfacet
  facet normal 0 0 -1
    outer loop
      vertex 32.3192 78.884 0
      vertex 62 79.6743 0
      vertex 32.4784 78.7619 0
    endloop
  endfacet
  facet normal 0 0 -1
    outer loop
      vertex 24.884 86.3192 0
      vertex 62 79.6743 0
      vertex 32.3192 78.884 0
    endloop
  endfacet
  facet normal 0 0 -1
    outer loop
      vertex 24.7619 86.4784 0
      vertex 62 79.6743 0
      vertex 24.884 86.3192 0
    endloop
  endfacet
  facet normal 0 0 -1
    outer loop
      vertex 24.6263 86.6263 0
      vertex 62 79.6743 0
      vertex 24.7619 86.4784 0
    endloop
  endfacet
  facet normal 0 0 -1
    outer loop
      vertex 62 79.6743 0
      vertex 24.6263 86.6263 0
      vertex 69.1191 83.3803 0
    endloop
  endfacet
  facet normal 0 0 -1
    outer loop
      vertex 24.884 86.3192 0
      vertex 32.3192 78.884 0
      vertex 32.15 78.9919 0
    endloop
  endfacet
  facet normal 0 0 -1
    outer loop
      vertex 24.9919 86.15 0
      vertex 32.15 78.9919 0
      vertex 31.972 79.0845 0
    endloop
  endfacet
  facet normal 0 0 -1
    outer loop
      vertex 25.0845 85.972 0
      vertex 31.972 79.0845 0
      vertex 31.7866 79.1613 0
    endloop
  endfacet
  facet normal 0 0 -1
    outer loop
      vertex 25.1613 85.7866 0
      vertex 31.7866 79.1613 0
      vertex 31.5953 79.2216 0
    endloop
  endfacet
  facet normal 0 0 -1
    outer loop
      vertex 25.2216 85.5953 0
      vertex 31.5953 79.2216 0
      vertex 31.3994 79.2651 0
    endloop
  endfacet
  facet normal 0 0 -1
    outer loop
      vertex 25.2651 85.3994 0
      vertex 31.3994 79.2651 0
      vertex 31.2005 79.2912 0
    endloop
  endfacet
  facet normal 0 0 -1
    outer loop
      vertex 25.2912 85.2005 0
      vertex 31.2005 79.2912 0
      vertex 31 79.3 0
    endloop
  endfacet
  facet normal 0 0 -1
    outer loop
      vertex 25.3 85 0
      vertex 31 79.3 0
      vertex 30.7995 79.2912 0
    endloop
  endfacet
  facet normal 0 0 -1
    outer loop
      vertex 25.2912 84.7995 0
      vertex 30.7995 79.2912 0
      vertex 30.6006 79.2651 0
    endloop
  endfacet
  facet normal 0 0 -1
    outer loop
      vertex 25.2912 84.7995 0
      vertex 28.7 77 0
      vertex 28.7088 76.7995 0
    endloop
  endfacet
  facet normal 0 0 -1
    outer loop
      vertex 25.2912 84.7995 0
      vertex 28.7088 77.2005 0
      vertex 28.7 77 0
    endloop
  endfacet
  facet normal 0 0 -1
    outer loop
      vertex 25.2912 84.7995 0
      vertex 28.7349 77.3994 0
      vertex 28.7088 77.2005 0
    endloop
  endfacet
  facet normal 0 0 -1
    outer loop
      vertex 25.2912 84.7995 0
      vertex 28.7784 77.5953 0
      vertex 28.7349 77.3994 0
    endloop
  endfacet
  facet normal 0 0 -1
    outer loop
      vertex 25.2912 84.7995 0
      vertex 28.8387 77.7866 0
      vertex 28.7784 77.5953 0
    endloop
  endfacet
  facet normal 0 0 -1
    outer loop
      vertex 25.2912 84.7995 0
      vertex 28.9155 77.972 0
      vertex 28.8387 77.7866 0
    endloop
  endfacet
  facet normal 0 0 -1
    outer loop
      vertex 25.2912 84.7995 0
      vertex 29.0081 78.15 0
      vertex 28.9155 77.972 0
    endloop
  endfacet
  facet normal 0 0 -1
    outer loop
      vertex 25.2912 84.7995 0
      vertex 29.1159 78.3192 0
      vertex 29.0081 78.15 0
    endloop
  endfacet
  facet normal 0 0 -1
    outer loop
      vertex 25.2912 84.7995 0
      vertex 29.2381 78.4784 0
      vertex 29.1159 78.3192 0
    endloop
  endfacet
  facet normal 0 0 -1
    outer loop
      vertex 25.2912 84.7995 0
      vertex 29.3737 78.6263 0
      vertex 29.2381 78.4784 0
    endloop
  endfacet
  facet normal 0 0 -1
    outer loop
      vertex 25.2912 84.7995 0
      vertex 29.5216 78.7619 0
      vertex 29.3737 78.6263 0
    endloop
  endfacet
  facet normal 0 0 -1
    outer loop
      vertex 25.2912 84.7995 0
      vertex 29.6808 78.884 0
      vertex 29.5216 78.7619 0
    endloop
  endfacet
  facet normal 0 0 -1
    outer loop
      vertex 25.2912 84.7995 0
      vertex 29.85 78.9919 0
      vertex 29.6808 78.884 0
    endloop
  endfacet
  facet normal 0 0 -1
    outer loop
      vertex 25.2912 84.7995 0
      vertex 30.028 79.0845 0
      vertex 29.85 78.9919 0
    endloop
  endfacet
  facet normal 0 0 -1
    outer loop
      vertex 25.2912 84.7995 0
      vertex 30.2134 79.1613 0
      vertex 30.028 79.0845 0
    endloop
  endfacet
  facet normal 0 0 -1
    outer loop
      vertex 25.2912 84.7995 0
      vertex 30.4047 79.2216 0
      vertex 30.2134 79.1613 0
    endloop
  endfacet
  facet normal 0 0 -1
    outer loop
      vertex 25.2912 84.7995 0
      vertex 30.6006 79.2651 0
      vertex 30.4047 79.2216 0
    endloop
  endfacet
  facet normal 0 0 -1
    outer loop
      vertex 31 79.3 0
      vertex 25.3 85 0
      vertex 25.2912 85.2005 0
    endloop
  endfacet
  facet normal 0 0 -1
    outer loop
      vertex 31.2005 79.2912 0
      vertex 25.2912 85.2005 0
      vertex 25.2651 85.3994 0
    endloop
  endfacet
  facet normal 0 0 -1
    outer loop
      vertex 31.3994 79.2651 0
      vertex 25.2651 85.3994 0
      vertex 25.2216 85.5953 0
    endloop
  endfacet
  facet normal 0 0 -1
    outer loop
      vertex 31.5953 79.2216 0
      vertex 25.2216 85.5953 0
      vertex 25.1613 85.7866 0
    endloop
  endfacet
  facet normal 0 0 -1
    outer loop
      vertex 31.7866 79.1613 0
      vertex 25.1613 85.7866 0
      vertex 25.0845 85.972 0
    endloop
  endfacet
  facet normal 0 0 -1
    outer loop
      vertex 31.972 79.0845 0
      vertex 25.0845 85.972 0
      vertex 24.9919 86.15 0
    endloop
  endfacet
  facet normal 0 0 -1
    outer loop
      vertex 32.15 78.9919 0
      vertex 24.9919 86.15 0
      vertex 24.884 86.3192 0
    endloop
  endfacet
  facet normal 0 0 -1
    outer loop
      vertex 24.4784 86.7619 0
      vertex 69.1191 83.3803 0
      vertex 24.6263 86.6263 0
    endloop
  endfacet
  facet normal 0 0 -1
    outer loop
      vertex 24.3192 86.884 0
      vertex 69.1191 83.3803 0
      vertex 24.4784 86.7619 0
    endloop
  endfacet
  facet normal 0 0 -1
    outer loop
      vertex 24.15 86.9919 0
      vertex 69.1191 83.3803 0
      vertex 24.3192 86.884 0
    endloop
  endfacet
  facet normal 0 0 -1
    outer loop
      vertex 4 108 0
      vertex 69.1191 83.3803 0
      vertex 24.15 86.9919 0
    endloop
  endfacet
  facet normal 0 0 -1
    outer loop
      vertex 69.1191 83.3803 0
      vertex 4 108 0
      vertex 76.5341 86.4517 0
    endloop
  endfacet
  facet normal 0 0 -1
    outer loop
      vertex 76.5341 86.4517 0
      vertex 4 108 0
      vertex 84.1886 88.8652 0
    endloop
  endfacet
  facet normal 0 0 -1
    outer loop
      vertex 84.1886 88.8652 0
      vertex 4 108 0
      vertex 92.0244 90.6023 0
    endloop
  endfacet
  facet normal 0 0 -1
    outer loop
      vertex 4 108 0
      vertex 24.15 86.9919 0
      vertex 23.972 87.0845 0
    endloop
  endfacet
  facet normal 0 0 -1
    outer loop
      vertex 4 108 0
      vertex 23.972 87.0845 0
      vertex 23.7866 87.1613 0
    endloop
  endfacet
  facet normal 0 0 -1
    outer loop
      vertex 4 108 0
      vertex 23.7866 87.1613 0
      vertex 23.5953 87.2216 0
    endloop
  endfacet
  facet normal 0 0 -1
    outer loop
      vertex 4 108 0
      vertex 23.5953 87.2216 0
      vertex 23.3994 87.2651 0
    endloop
  endfacet
  facet normal 0 0 -1
    outer loop
      vertex 4 108 0
      vertex 23.3994 87.2651 0
      vertex 23.2005 87.2912 0
    endloop
  endfacet
  facet normal 0 0 -1
    outer loop
      vertex 4 108 0
      vertex 23.2005 87.2912 0
      vertex 23 87.3 0
    endloop
  endfacet
  facet normal 0 0 -1
    outer loop
      vertex 4 108 0
      vertex 23 87.3 0
      vertex 22.7995 87.2912 0
    endloop
  endfacet
  facet normal 0 0 -1
    outer loop
      vertex 0 4 0
      vertex 19.1348 23.8114 0
      vertex 17.3977 15.9756 0
    endloop
  endfacet
  facet normal -0 0 -1
    outer loop
      vertex 21.5483 31.4659 0
      vertex 0 4 0
      vertex 0 104 0
    endloop
  endfacet
  facet normal 0 0 -1
    outer loop
      vertex 0 4 0
      vertex 17.3977 15.9756 0
      vertex 16.3501 8.01833 0
    endloop
  endfacet
  facet normal 0 0 -1
    outer loop
      vertex 4 0 0
      vertex 16.3501 8.01833 0
      vertex 16 0 0
    endloop
  endfacet
  facet normal 0 0 -1
    outer loop
      vertex 0 4 0
      vertex 16.3501 8.01833 0
      vertex 4 0 0
    endloop
  endfacet
  facet normal 0 0 -1
    outer loop
      vertex 20.7088 84.7995 0
      vertex 0 104 0
      vertex 20.7 85 0
    endloop
  endfacet
  facet normal 0 0 -1
    outer loop
      vertex 108 92 0
      vertex 4 108 0
      vertex 212 108 0
    endloop
  endfacet
  facet normal 0 0 -1
    outer loop
      vertex 22.6006 87.2651 0
      vertex 4 108 0
      vertex 22.7995 87.2912 0
    endloop
  endfacet
  facet normal 0 0 -1
    outer loop
      vertex 22.4047 87.2216 0
      vertex 4 108 0
      vertex 22.6006 87.2651 0
    endloop
  endfacet
  facet normal 0 0 -1
    outer loop
      vertex 22.2134 87.1613 0
      vertex 4 108 0
      vertex 22.4047 87.2216 0
    endloop
  endfacet
  facet normal 0 0 -1
    outer loop
      vertex 22.028 87.0845 0
      vertex 4 108 0
      vertex 22.2134 87.1613 0
    endloop
  endfacet
  facet normal 0 0 -1
    outer loop
      vertex 21.85 86.9919 0
      vertex 4 108 0
      vertex 22.028 87.0845 0
    endloop
  endfacet
  facet normal 0 0 -1
    outer loop
      vertex 21.6808 86.884 0
      vertex 4 108 0
      vertex 21.85 86.9919 0
    endloop
  endfacet
  facet normal 0 0 -1
    outer loop
      vertex 21.5216 86.7619 0
      vertex 4 108 0
      vertex 21.6808 86.884 0
    endloop
  endfacet
  facet normal 0 0 -1
    outer loop
      vertex 21.3737 86.6263 0
      vertex 4 108 0
      vertex 21.5216 86.7619 0
    endloop
  endfacet
  facet normal 0 0 -1
    outer loop
      vertex 0 104 0
      vertex 21.3737 86.6263 0
      vertex 21.2381 86.4784 0
    endloop
  endfacet
  facet normal 0 0 -1
    outer loop
      vertex 0 104 0
      vertex 21.2381 86.4784 0
      vertex 21.1159 86.3192 0
    endloop
  endfacet
  facet normal 0 0 -1
    outer loop
      vertex 0 104 0
      vertex 21.1159 86.3192 0
      vertex 21.0081 86.15 0
    endloop
  endfacet
  facet normal 0 0 -1
    outer loop
      vertex 0 104 0
      vertex 21.0081 86.15 0
      vertex 20.9155 85.972 0
    endloop
  endfacet
  facet normal 0 0 -1
    outer loop
      vertex 0 104 0
      vertex 20.9155 85.972 0
      vertex 20.8387 85.7866 0
    endloop
  endfacet
  facet normal 0 0 -1
    outer loop
      vertex 0 104 0
      vertex 20.8387 85.7866 0
      vertex 20.7784 85.5953 0
    endloop
  endfacet
  facet normal 0 0 -1
    outer loop
      vertex 0 104 0
      vertex 20.7784 85.5953 0
      vertex 20.7349 85.3994 0
    endloop
  endfacet
  facet normal 0 0 -1
    outer loop
      vertex 20.7 85 0
      vertex 0 104 0
      vertex 20.7088 85.2005 0
    endloop
  endfacet
  facet normal 0 0 -1
    outer loop
      vertex 0 4 0
      vertex 4 0 0
      vertex 3.65138 0.0152206 0
    endloop
  endfacet
  facet normal 0 0 -1
    outer loop
      vertex 20.7088 85.2005 0
      vertex 0 104 0
      vertex 20.7349 85.3994 0
    endloop
  endfacet
  facet normal 0 0 -1
    outer loop
      vertex 0 4 0
      vertex 3.65138 0.0152206 0
      vertex 3.30541 0.0607681 0
    endloop
  endfacet
  facet normal 0 0 -1
    outer loop
      vertex 21.3737 86.6263 0
      vertex 0 104 0
      vertex 4 108 0
    endloop
  endfacet
  facet normal 0 0 -1
    outer loop
      vertex 0 4 0
      vertex 3.30541 0.0607681 0
      vertex 2.96472 0.136296 0
    endloop
  endfacet
  facet normal 0 0 -1
    outer loop
      vertex 4 108 0
      vertex 0 104 0
      vertex 3.65138 107.985 0
    endloop
  endfacet
  facet normal 0 0 -1
    outer loop
      vertex 0 4 0
      vertex 2.96472 0.136296 0
      vertex 2.63192 0.241229 0
    endloop
  endfacet
  facet normal 0 0 -1
    outer loop
      vertex 3.65138 107.985 0
      vertex 0 104 0
      vertex 3.30541 107.939 0
    endloop
  endfacet
  facet normal 0 0 -1
    outer loop
      vertex 0 4 0
      vertex 2.63192 0.241229 0
      vertex 2.30953 0.374768 0
    endloop
  endfacet
  facet normal 0 0 -1
    outer loop
      vertex 3.30541 107.939 0
      vertex 0 104 0
      vertex 2.96472 107.864 0
    endloop
  endfacet
  facet normal 0 0 -1
    outer loop
      vertex 0 4 0
      vertex 2.30953 0.374768 0
      vertex 2 0.535898 0
    endloop
  endfacet
  facet normal 0 0 -1
    outer loop
      vertex 2.96472 107.864 0
      vertex 0 104 0
      vertex 2.63192 107.759 0
    endloop
  endfacet
  facet normal 0 0 -1
    outer loop
      vertex 0 4 0
      vertex 2 0.535898 0
      vertex 1.70569 0.723392 0
    endloop
  endfacet
  facet normal 0 0 -1
    outer loop
      vertex 2.63192 107.759 0
      vertex 0 104 0
      vertex 2.30953 107.625 0
    endloop
  endfacet
  facet normal 0 0 -1
    outer loop
      vertex 0 4 0
      vertex 1.70569 0.723392 0
      vertex 1.42885 0.935822 0
    endloop
  endfacet
  facet normal 0 0 -1
    outer loop
      vertex 2.30953 107.625 0
      vertex 0 104 0
      vertex 2 107.464 0
    endloop
  endfacet
  facet normal 0 0 -1
    outer loop
      vertex 0 4 0
      vertex 1.42885 0.935822 0
      vertex 1.17157 1.17157 0
    endloop
  endfacet
  facet normal 0 0 -1
    outer loop
      vertex 2 107.464 0
      vertex 0 104 0
      vertex 1.70569 107.277 0
    endloop
  endfacet
  facet normal 0 0 -1
    outer loop
      vertex 0 4 0
      vertex 1.17157 1.17157 0
      vertex 0.935822 1.42885 0
    endloop
  endfacet
  facet normal 0 0 -1
    outer loop
      vertex 1.70569 107.277 0
      vertex 0 104 0
      vertex 1.42885 107.064 0
    endloop
  endfacet
  facet normal 0 0 -1
    outer loop
      vertex 0 4 0
      vertex 0.935822 1.42885 0
      vertex 0.723392 1.70569 0
    endloop
  endfacet
  facet normal 0 0 -1
    outer loop
      vertex 1.42885 107.064 0
      vertex 0 104 0
      vertex 1.17157 106.828 0
    endloop
  endfacet
  facet normal 0 0 -1
    outer loop
      vertex 0 4 0
      vertex 0.723392 1.70569 0
      vertex 0.535898 2 0
    endloop
  endfacet
  facet normal 0 0 -1
    outer loop
      vertex 1.17157 106.828 0
      vertex 0 104 0
      vertex 0.935822 106.571 0
    endloop
  endfacet
  facet normal 0 0 -1
    outer loop
      vertex 0 4 0
      vertex 0.535898 2 0
      vertex 0.374768 2.30953 0
    endloop
  endfacet
  facet normal 0 0 -1
    outer loop
      vertex 0.935822 106.571 0
      vertex 0 104 0
      vertex 0.723392 106.294 0
    endloop
  endfacet
  facet normal 0 0 -1
    outer loop
      vertex 0 4 0
      vertex 0.374768 2.30953 0
      vertex 0.241229 2.63192 0
    endloop
  endfacet
  facet normal 0 0 -1
    outer loop
      vertex 0.723392 106.294 0
      vertex 0 104 0
      vertex 0.535898 106 0
    endloop
  endfacet
  facet normal 0 0 -1
    outer loop
      vertex 0 4 0
      vertex 0.241229 2.63192 0
      vertex 0.136296 2.96472 0
    endloop
  endfacet
  facet normal 0 0 -1
    outer loop
      vertex 0.535898 106 0
      vertex 0 104 0
      vertex 0.374768 105.69 0
    endloop
  endfacet
  facet normal 0 0 -1
    outer loop
      vertex 0 4 0
      vertex 0.136296 2.96472 0
      vertex 0.0607681 3.30541 0
    endloop
  endfacet
  facet normal 0 0 -1
    outer loop
      vertex 0.374768 105.69 0
      vertex 0 104 0
      vertex 0.241229 105.368 0
    endloop
  endfacet
  facet normal 0 0 -1
    outer loop
      vertex 0 4 0
      vertex 0.0607681 3.30541 0
      vertex 0.0152206 3.65138 0
    endloop
  endfacet
  facet normal 0 0 -1
    outer loop
      vertex 0.241229 105.368 0
      vertex 0 104 0
      vertex 0.136296 105.035 0
    endloop
  endfacet
  facet normal 0 0 -1
    outer loop
      vertex 0.136296 105.035 0
      vertex 0 104 0
      vertex 0.0607681 104.695 0
    endloop
  endfacet
  facet normal 0 0 -1
    outer loop
      vertex 0.0607681 104.695 0
      vertex 0 104 0
      vertex 0.0152206 104.349 0
    endloop
  endfacet
  facet normal -0.216436 -0.976297 0
    outer loop
      vertex 2.96472 0.136296 0
      vertex 3.30541 0.0607681 5
      vertex 2.96472 0.136296 5
    endloop
  endfacet
  facet normal -0.216436 -0.976297 -0
    outer loop
      vertex 3.30541 0.0607681 5
      vertex 2.96472 0.136296 0
      vertex 3.30541 0.0607681 0
    endloop
  endfacet
  facet normal -0.953767 0.300546 1.14801e-20
    outer loop
      vertex 0.136296 105.035 0
      vertex 0.241229 105.368 5
      vertex 0.241229 105.368 0
    endloop
  endfacet
  facet normal -0.953767 0.300546 1.14801e-20
    outer loop
      vertex 0.241229 105.368 5
      vertex 0.136296 105.035 0
      vertex 0.136296 105.035 5
    endloop
  endfacet
  facet normal 0.384208 0.923246 -0
    outer loop
      vertex 213.69 107.625 0
      vertex 213.368 107.759 5
      vertex 213.69 107.625 5
    endloop
  endfacet
  facet normal 0.384208 0.923246 0
    outer loop
      vertex 213.368 107.759 5
      vertex 213.69 107.625 0
      vertex 213.368 107.759 0
    endloop
  endfacet
  facet normal 0 1 -0
    outer loop
      vertex 212 108 0
      vertex 4 108 5
      vertex 212 108 5
    endloop
  endfacet
  facet normal 0 1 0
    outer loop
      vertex 4 108 5
      vertex 212 108 0
      vertex 4 108 0
    endloop
  endfacet
  facet normal 1 -0 0
    outer loop
      vertex 216 4 5
      vertex 216 104 0
      vertex 216 104 5
    endloop
  endfacet
  facet normal 1 0 0
    outer loop
      vertex 216 104 0
      vertex 216 4 5
      vertex 216 4 0
    endloop
  endfacet
  facet normal -0.976204 0.216855 -5.44e-19
    outer loop
      vertex 0.0607681 104.695 0
      vertex 0.136296 105.035 5
      vertex 0.136296 105.035 0
    endloop
  endfacet
  facet normal -0.976204 0.216855 -5.44e-19
    outer loop
      vertex 0.136296 105.035 5
      vertex 0.0607681 104.695 0
      vertex 0.0607681 104.695 5
    endloop
  endfacet
  facet normal -0.382685 -0.923879 0
    outer loop
      vertex 2.30953 0.374768 0
      vertex 2.63192 0.241229 5
      vertex 2.30953 0.374768 5
    endloop
  endfacet
  facet normal -0.382685 -0.923879 -0
    outer loop
      vertex 2.63192 0.241229 5
      vertex 2.30953 0.374768 0
      vertex 2.63192 0.241229 0
    endloop
  endfacet
  facet normal -0.887299 0.461195 6.31887e-19
    outer loop
      vertex 0.374768 105.69 0
      vertex 0.535898 106 5
      vertex 0.535898 106 0
    endloop
  endfacet
  facet normal -0.887299 0.461195 6.31887e-19
    outer loop
      vertex 0.535898 106 5
      vertex 0.374768 105.69 0
      vertex 0.374768 105.69 5
    endloop
  endfacet
  facet normal -1 0 0
    outer loop
      vertex 0 4 0
      vertex 0 104 5
      vertex 0 104 0
    endloop
  endfacet
  facet normal -1 -0 0
    outer loop
      vertex 0 104 5
      vertex 0 4 0
      vertex 0 4 5
    endloop
  endfacet
  facet normal 0.676373 0.736559 -0
    outer loop
      vertex 214.828 106.828 0
      vertex 214.571 107.064 5
      vertex 214.828 106.828 5
    endloop
  endfacet
  facet normal 0.676373 0.736559 0
    outer loop
      vertex 214.571 107.064 5
      vertex 214.828 106.828 0
      vertex 214.571 107.064 0
    endloop
  endfacet
  facet normal 0.976615 -0.214994 8.49357e-19
    outer loop
      vertex 215.864 2.96472 5
      vertex 215.939 3.30541 0
      vertex 215.939 3.30541 5
    endloop
  endfacet
  facet normal 0.976615 -0.214994 8.49357e-19
    outer loop
      vertex 215.939 3.30541 0
      vertex 215.864 2.96472 5
      vertex 215.864 2.96472 0
    endloop
  endfacet
  facet normal 0.999078 0.0429403 2.45994e-19
    outer loop
      vertex 216 104 5
      vertex 215.985 104.349 0
      vertex 215.985 104.349 5
    endloop
  endfacet
  facet normal 0.999078 0.0429403 2.45994e-19
    outer loop
      vertex 215.985 104.349 0
      vertex 216 104 5
      vertex 216 104 0
    endloop
  endfacet
  facet normal -0.793519 0.608546 2.07039e-19
    outer loop
      vertex 0.723392 106.294 0
      vertex 0.935822 106.571 5
      vertex 0.935822 106.571 0
    endloop
  endfacet
  facet normal -0.793519 0.608546 2.07039e-19
    outer loop
      vertex 0.935822 106.571 5
      vertex 0.723392 106.294 0
      vertex 0.723392 106.294 5
    endloop
  endfacet
  facet normal 0.130514 -0.991446 0
    outer loop
      vertex 212.349 0.0152206 0
      vertex 212.695 0.0607681 5
      vertex 212.349 0.0152206 5
    endloop
  endfacet
  facet normal 0.130514 -0.991446 0
    outer loop
      vertex 212.695 0.0607681 5
      vertex 212.349 0.0152206 0
      vertex 212.695 0.0607681 0
    endloop
  endfacet
  facet normal 0.460902 0.887451 -0
    outer loop
      vertex 214 107.464 0
      vertex 213.69 107.625 5
      vertex 214 107.464 5
    endloop
  endfacet
  facet normal 0.460902 0.887451 0
    outer loop
      vertex 213.69 107.625 5
      vertex 214 107.464 0
      vertex 213.69 107.625 0
    endloop
  endfacet
  facet normal 0 -1 0
    outer loop
      vertex 200 0 0
      vertex 212 0 5
      vertex 200 0 5
    endloop
  endfacet
  facet normal 0 -1 -0
    outer loop
      vertex 212 0 5
      vertex 200 0 0
      vertex 212 0 0
    endloop
  endfacet
  facet normal 0 -1 0
    outer loop
      vertex 4 0 0
      vertex 16 0 5
      vertex 4 0 5
    endloop
  endfacet
  facet normal 0 -1 -0
    outer loop
      vertex 16 0 5
      vertex 4 0 0
      vertex 16 0 0
    endloop
  endfacet
  facet normal 0.736559 0.676373 2.40805e-19
    outer loop
      vertex 215.064 106.571 5
      vertex 214.828 106.828 0
      vertex 214.828 106.828 5
    endloop
  endfacet
  facet normal 0.736559 0.676373 2.40805e-19
    outer loop
      vertex 214.828 106.828 0
      vertex 215.064 106.571 5
      vertex 215.064 106.571 0
    endloop
  endfacet
  facet normal 0.844036 -0.536287 -3.60566e-19
    outer loop
      vertex 215.277 1.70569 5
      vertex 215.464 2 0
      vertex 215.464 2 5
    endloop
  endfacet
  facet normal 0.844036 -0.536287 -3.60566e-19
    outer loop
      vertex 215.464 2 0
      vertex 215.277 1.70569 5
      vertex 215.277 1.70569 0
    endloop
  endfacet
  facet normal -0.991446 0.130514 6.70965e-19
    outer loop
      vertex 0.0152206 104.349 0
      vertex 0.0607681 104.695 5
      vertex 0.0607681 104.695 0
    endloop
  endfacet
  facet normal -0.991446 0.130514 6.70965e-19
    outer loop
      vertex 0.0607681 104.695 5
      vertex 0.0152206 104.349 0
      vertex 0.0152206 104.349 5
    endloop
  endfacet
  facet normal -0.675974 0.736926 0
    outer loop
      vertex 1.42885 107.064 0
      vertex 1.17157 106.828 5
      vertex 1.42885 107.064 5
    endloop
  endfacet
  facet normal -0.675974 0.736926 0
    outer loop
      vertex 1.17157 106.828 5
      vertex 1.42885 107.064 0
      vertex 1.17157 106.828 0
    endloop
  endfacet
  facet normal 0.736926 -0.675974 1.46183e-18
    outer loop
      vertex 214.828 1.17157 5
      vertex 215.064 1.42885 0
      vertex 215.064 1.42885 5
    endloop
  endfacet
  facet normal 0.736926 -0.675974 1.46183e-18
    outer loop
      vertex 215.064 1.42885 0
      vertex 214.828 1.17157 5
      vertex 214.828 1.17157 0
    endloop
  endfacet
  facet normal -0.461453 0.887165 0
    outer loop
      vertex 2.30953 107.625 0
      vertex 2 107.464 5
      vertex 2.30953 107.625 5
    endloop
  endfacet
  facet normal -0.461453 0.887165 0
    outer loop
      vertex 2 107.464 5
      vertex 2.30953 107.625 0
      vertex 2 107.464 0
    endloop
  endfacet
  facet normal 0.887165 -0.461453 1.33677e-18
    outer loop
      vertex 215.464 2 5
      vertex 215.625 2.30953 0
      vertex 215.625 2.30953 5
    endloop
  endfacet
  facet normal 0.887165 -0.461453 1.33677e-18
    outer loop
      vertex 215.625 2.30953 0
      vertex 215.464 2 5
      vertex 215.464 2 0
    endloop
  endfacet
  facet normal 0.131788 0.991278 -0
    outer loop
      vertex 212.695 107.939 0
      vertex 212.349 107.985 5
      vertex 212.695 107.939 5
    endloop
  endfacet
  facet normal 0.131788 0.991278 0
    outer loop
      vertex 212.349 107.985 5
      vertex 212.695 107.939 0
      vertex 212.349 107.985 0
    endloop
  endfacet
  facet normal 0.79273 0.609572 1.42927e-18
    outer loop
      vertex 215.277 106.294 5
      vertex 215.064 106.571 0
      vertex 215.064 106.571 5
    endloop
  endfacet
  facet normal 0.79273 0.609572 1.42927e-18
    outer loop
      vertex 215.064 106.571 0
      vertex 215.277 106.294 5
      vertex 215.277 106.294 0
    endloop
  endfacet
  facet normal -0.1318 0.991276 0
    outer loop
      vertex 3.65138 107.985 0
      vertex 3.30541 107.939 5
      vertex 3.65138 107.985 5
    endloop
  endfacet
  facet normal -0.1318 0.991276 0
    outer loop
      vertex 3.30541 107.939 5
      vertex 3.65138 107.985 0
      vertex 3.30541 107.939 0
    endloop
  endfacet
  facet normal -0.843394 -0.537295 -1.8654e-18
    outer loop
      vertex 0.723392 1.70569 0
      vertex 0.535898 2 5
      vertex 0.535898 2 0
    endloop
  endfacet
  facet normal -0.843394 -0.537295 -1.8654e-18
    outer loop
      vertex 0.535898 2 5
      vertex 0.723392 1.70569 0
      vertex 0.723392 1.70569 5
    endloop
  endfacet
  facet normal 0.923411 -0.383812 4.10985e-19
    outer loop
      vertex 215.625 2.30953 5
      vertex 215.759 2.63192 0
      vertex 215.759 2.63192 5
    endloop
  endfacet
  facet normal 0.923411 -0.383812 4.10985e-19
    outer loop
      vertex 215.759 2.63192 0
      vertex 215.625 2.30953 5
      vertex 215.625 2.30953 0
    endloop
  endfacet
  facet normal -0.536287 0.844036 0
    outer loop
      vertex 2 107.464 0
      vertex 1.70569 107.277 5
      vertex 2 107.464 5
    endloop
  endfacet
  facet normal -0.536287 0.844036 0
    outer loop
      vertex 1.70569 107.277 5
      vertex 2 107.464 0
      vertex 1.70569 107.277 0
    endloop
  endfacet
  facet normal 0.79256 -0.609794 1.73895e-18
    outer loop
      vertex 215.064 1.42885 5
      vertex 215.277 1.70569 0
      vertex 215.277 1.70569 5
    endloop
  endfacet
  facet normal 0.79256 -0.609794 1.73895e-18
    outer loop
      vertex 215.277 1.70569 0
      vertex 215.064 1.42885 5
      vertex 215.064 1.42885 0
    endloop
  endfacet
  facet normal 0.953712 0.30072 -1.66742e-18
    outer loop
      vertex 215.864 105.035 5
      vertex 215.759 105.368 0
      vertex 215.759 105.368 5
    endloop
  endfacet
  facet normal 0.953712 0.30072 -1.66742e-18
    outer loop
      vertex 215.759 105.368 0
      vertex 215.864 105.035 5
      vertex 215.864 105.035 0
    endloop
  endfacet
  facet normal -0.953716 -0.30071 1.08841e-18
    outer loop
      vertex 0.241229 2.63192 0
      vertex 0.136296 2.96472 5
      vertex 0.136296 2.96472 0
    endloop
  endfacet
  facet normal -0.953716 -0.30071 1.08841e-18
    outer loop
      vertex 0.136296 2.96472 5
      vertex 0.241229 2.63192 0
      vertex 0.241229 2.63192 5
    endloop
  endfacet
  facet normal 0.0435706 -0.99905 0
    outer loop
      vertex 212 0 0
      vertex 212.349 0.0152206 5
      vertex 212 0 5
    endloop
  endfacet
  facet normal 0.0435706 -0.99905 0
    outer loop
      vertex 212.349 0.0152206 5
      vertex 212 0 0
      vertex 212.349 0.0152206 0
    endloop
  endfacet
  facet normal 0.461195 -0.887299 0
    outer loop
      vertex 213.69 0.374768 0
      vertex 214 0.535898 5
      vertex 213.69 0.374768 5
    endloop
  endfacet
  facet normal 0.461195 -0.887299 0
    outer loop
      vertex 214 0.535898 5
      vertex 213.69 0.374768 0
      vertex 214 0.535898 0
    endloop
  endfacet
  facet normal -0.214994 0.976615 0
    outer loop
      vertex 3.30541 107.939 0
      vertex 2.96472 107.864 5
      vertex 3.30541 107.939 5
    endloop
  endfacet
  facet normal -0.214994 0.976615 0
    outer loop
      vertex 2.96472 107.864 5
      vertex 3.30541 107.939 0
      vertex 2.96472 107.864 0
    endloop
  endfacet
  facet normal -0.999048 -0.043618 -9.13239e-20
    outer loop
      vertex 0.0152206 3.65138 0
      vertex 0 4 5
      vertex 0 4 0
    endloop
  endfacet
  facet normal -0.999048 -0.043618 -9.13239e-20
    outer loop
      vertex 0 4 5
      vertex 0.0152206 3.65138 0
      vertex 0.0152206 3.65138 5
    endloop
  endfacet
  facet normal -0.383812 0.923411 0
    outer loop
      vertex 2.63192 107.759 0
      vertex 2.30953 107.625 5
      vertex 2.63192 107.759 5
    endloop
  endfacet
  facet normal -0.383812 0.923411 0
    outer loop
      vertex 2.30953 107.625 5
      vertex 2.63192 107.759 0
      vertex 2.30953 107.625 0
    endloop
  endfacet
  facet normal 0.608546 -0.793519 0
    outer loop
      vertex 214.294 0.723392 0
      vertex 214.571 0.935822 5
      vertex 214.294 0.723392 5
    endloop
  endfacet
  facet normal 0.608546 -0.793519 0
    outer loop
      vertex 214.571 0.935822 5
      vertex 214.294 0.723392 0
      vertex 214.571 0.935822 0
    endloop
  endfacet
  facet normal 0.999076 -0.042987 1.79727e-19
    outer loop
      vertex 215.985 3.65138 5
      vertex 216 4 0
      vertex 216 4 5
    endloop
  endfacet
  facet normal 0.999076 -0.042987 1.79727e-19
    outer loop
      vertex 216 4 0
      vertex 215.985 3.65138 5
      vertex 215.985 3.65138 0
    endloop
  endfacet
  facet normal 0.976524 0.21541 -1.75379e-19
    outer loop
      vertex 215.939 104.695 5
      vertex 215.864 105.035 0
      vertex 215.864 105.035 5
    endloop
  endfacet
  facet normal 0.976524 0.21541 -1.75379e-19
    outer loop
      vertex 215.864 105.035 0
      vertex 215.939 104.695 5
      vertex 215.939 104.695 0
    endloop
  endfacet
  facet normal 0.383081 -0.923715 0
    outer loop
      vertex 213.368 0.241229 0
      vertex 213.69 0.374768 5
      vertex 213.368 0.241229 5
    endloop
  endfacet
  facet normal 0.383081 -0.923715 0
    outer loop
      vertex 213.69 0.374768 5
      vertex 213.368 0.241229 0
      vertex 213.69 0.374768 0
    endloop
  endfacet
  facet normal 0.991276 -0.1318 -8.59705e-19
    outer loop
      vertex 215.939 3.30541 5
      vertex 215.985 3.65138 0
      vertex 215.985 3.65138 5
    endloop
  endfacet
  facet normal 0.991276 -0.1318 -8.59705e-19
    outer loop
      vertex 215.985 3.65138 0
      vertex 215.939 3.30541 5
      vertex 215.939 3.30541 0
    endloop
  endfacet
  facet normal -0.923715 0.383081 2.4552e-19
    outer loop
      vertex 0.241229 105.368 0
      vertex 0.374768 105.69 5
      vertex 0.374768 105.69 0
    endloop
  endfacet
  facet normal -0.923715 0.383081 2.4552e-19
    outer loop
      vertex 0.374768 105.69 5
      vertex 0.241229 105.368 0
      vertex 0.241229 105.368 5
    endloop
  endfacet
  facet normal -0.043618 -0.999048 0
    outer loop
      vertex 3.65138 0.0152206 0
      vertex 4 0 5
      vertex 3.65138 0.0152206 5
    endloop
  endfacet
  facet normal -0.043618 -0.999048 -0
    outer loop
      vertex 4 0 5
      vertex 3.65138 0.0152206 0
      vertex 4 0 0
    endloop
  endfacet
  facet normal -0.130525 -0.991445 0
    outer loop
      vertex 3.30541 0.0607681 0
      vertex 3.65138 0.0152206 5
      vertex 3.30541 0.0607681 5
    endloop
  endfacet
  facet normal -0.130525 -0.991445 -0
    outer loop
      vertex 3.65138 0.0152206 5
      vertex 3.30541 0.0607681 0
      vertex 3.65138 0.0152206 0
    endloop
  endfacet
  facet normal -0.608767 -0.793349 0
    outer loop
      vertex 1.42885 0.935822 0
      vertex 1.70569 0.723392 5
      vertex 1.42885 0.935822 5
    endloop
  endfacet
  facet normal -0.608767 -0.793349 -0
    outer loop
      vertex 1.70569 0.723392 5
      vertex 1.42885 0.935822 0
      vertex 1.70569 0.723392 0
    endloop
  endfacet
  facet normal -0.793349 -0.608767 -1.24106e-18
    outer loop
      vertex 0.935822 1.42885 0
      vertex 0.723392 1.70569 5
      vertex 0.723392 1.70569 0
    endloop
  endfacet
  facet normal -0.793349 -0.608767 -1.24106e-18
    outer loop
      vertex 0.723392 1.70569 5
      vertex 0.935822 1.42885 0
      vertex 0.935822 1.42885 5
    endloop
  endfacet
  facet normal 0.216855 -0.976204 0
    outer loop
      vertex 212.695 0.0607681 0
      vertex 213.035 0.136296 5
      vertex 212.695 0.0607681 5
    endloop
  endfacet
  facet normal 0.216855 -0.976204 0
    outer loop
      vertex 213.035 0.136296 5
      vertex 212.695 0.0607681 0
      vertex 213.035 0.136296 0
    endloop
  endfacet
  facet normal -0.736919 0.675981 -8.79343e-21
    outer loop
      vertex 0.935822 106.571 0
      vertex 1.17157 106.828 5
      vertex 1.17157 106.828 0
    endloop
  endfacet
  facet normal -0.736919 0.675981 -8.79343e-21
    outer loop
      vertex 1.17157 106.828 5
      vertex 0.935822 106.571 0
      vertex 0.935822 106.571 5
    endloop
  endfacet
  facet normal 0.53669 0.84378 -0
    outer loop
      vertex 214.294 107.277 0
      vertex 214 107.464 5
      vertex 214.294 107.277 5
    endloop
  endfacet
  facet normal 0.53669 0.84378 0
    outer loop
      vertex 214 107.464 5
      vertex 214.294 107.277 0
      vertex 214 107.464 0
    endloop
  endfacet
  facet normal -0.99905 0.0435706 2.27841e-19
    outer loop
      vertex 0 104 0
      vertex 0.0152206 104.349 5
      vertex 0.0152206 104.349 0
    endloop
  endfacet
  facet normal -0.99905 0.0435706 2.27841e-19
    outer loop
      vertex 0.0152206 104.349 5
      vertex 0 104 0
      vertex 0 104 5
    endloop
  endfacet
  facet normal -0.737285 -0.675581 -1.50748e-18
    outer loop
      vertex 1.17157 1.17157 0
      vertex 0.935822 1.42885 5
      vertex 0.935822 1.42885 0
    endloop
  endfacet
  facet normal -0.737285 -0.675581 -1.50748e-18
    outer loop
      vertex 0.935822 1.42885 5
      vertex 1.17157 1.17157 0
      vertex 1.17157 1.17157 5
    endloop
  endfacet
  facet normal 0.675981 -0.736919 0
    outer loop
      vertex 214.571 0.935822 0
      vertex 214.828 1.17157 5
      vertex 214.571 0.935822 5
    endloop
  endfacet
  facet normal 0.675981 -0.736919 0
    outer loop
      vertex 214.828 1.17157 5
      vertex 214.571 0.935822 0
      vertex 214.828 1.17157 0
    endloop
  endfacet
  facet normal -0.537295 -0.843394 0
    outer loop
      vertex 1.70569 0.723392 0
      vertex 2 0.535898 5
      vertex 1.70569 0.723392 5
    endloop
  endfacet
  facet normal -0.537295 -0.843394 -0
    outer loop
      vertex 2 0.535898 5
      vertex 1.70569 0.723392 0
      vertex 2 0.535898 0
    endloop
  endfacet
  facet normal -0.461746 -0.887012 0
    outer loop
      vertex 2 0.535898 0
      vertex 2.30953 0.374768 5
      vertex 2 0.535898 5
    endloop
  endfacet
  facet normal -0.461746 -0.887012 -0
    outer loop
      vertex 2.30953 0.374768 5
      vertex 2 0.535898 0
      vertex 2.30953 0.374768 0
    endloop
  endfacet
  facet normal 0.21541 0.976524 -0
    outer loop
      vertex 213.035 107.864 0
      vertex 212.695 107.939 5
      vertex 213.035 107.864 5
    endloop
  endfacet
  facet normal 0.21541 0.976524 0
    outer loop
      vertex 212.695 107.939 5
      vertex 213.035 107.864 0
      vertex 212.695 107.939 0
    endloop
  endfacet
  facet normal -0.991445 -0.130525 8.4209e-19
    outer loop
      vertex 0.0607681 3.30541 0
      vertex 0.0152206 3.65138 5
      vertex 0.0152206 3.65138 0
    endloop
  endfacet
  facet normal -0.991445 -0.130525 8.4209e-19
    outer loop
      vertex 0.0152206 3.65138 5
      vertex 0.0607681 3.30541 0
      vertex 0.0607681 3.30541 5
    endloop
  endfacet
  facet normal 0.609572 0.79273 -0
    outer loop
      vertex 214.571 107.064 0
      vertex 214.294 107.277 5
      vertex 214.571 107.064 5
    endloop
  endfacet
  facet normal 0.609572 0.79273 0
    outer loop
      vertex 214.294 107.277 5
      vertex 214.571 107.064 0
      vertex 214.294 107.277 0
    endloop
  endfacet
  facet normal -0.923879 -0.382685 1.02072e-18
    outer loop
      vertex 0.374768 2.30953 0
      vertex 0.241229 2.63192 5
      vertex 0.241229 2.63192 0
    endloop
  endfacet
  facet normal -0.923879 -0.382685 1.02072e-18
    outer loop
      vertex 0.241229 2.63192 5
      vertex 0.374768 2.30953 0
      vertex 0.374768 2.30953 5
    endloop
  endfacet
  facet normal 0.887451 0.460902 -1.09842e-18
    outer loop
      vertex 215.625 105.69 5
      vertex 215.464 106 0
      vertex 215.464 106 5
    endloop
  endfacet
  facet normal 0.887451 0.460902 -1.09842e-18
    outer loop
      vertex 215.464 106 0
      vertex 215.625 105.69 5
      vertex 215.625 105.69 0
    endloop
  endfacet
  facet normal -0.300885 0.953661 0
    outer loop
      vertex 2.96472 107.864 0
      vertex 2.63192 107.759 5
      vertex 2.96472 107.864 5
    endloop
  endfacet
  facet normal -0.300885 0.953661 0
    outer loop
      vertex 2.63192 107.759 5
      vertex 2.96472 107.864 0
      vertex 2.63192 107.759 0
    endloop
  endfacet
  facet normal -0.30071 -0.953716 0
    outer loop
      vertex 2.63192 0.241229 0
      vertex 2.96472 0.136296 5
      vertex 2.63192 0.241229 5
    endloop
  endfacet
  facet normal -0.30071 -0.953716 -0
    outer loop
      vertex 2.96472 0.136296 5
      vertex 2.63192 0.241229 0
      vertex 2.96472 0.136296 0
    endloop
  endfacet
  facet normal -0.609794 0.79256 0
    outer loop
      vertex 1.70569 107.277 0
      vertex 1.42885 107.064 5
      vertex 1.70569 107.277 5
    endloop
  endfacet
  facet normal -0.609794 0.79256 0
    outer loop
      vertex 1.42885 107.064 5
      vertex 1.70569 107.277 0
      vertex 1.42885 107.064 0
    endloop
  endfacet
  facet normal -0.843137 0.537698 1.15677e-18
    outer loop
      vertex 0.535898 106 0
      vertex 0.723392 106.294 5
      vertex 0.723392 106.294 0
    endloop
  endfacet
  facet normal -0.843137 0.537698 1.15677e-18
    outer loop
      vertex 0.723392 106.294 5
      vertex 0.535898 106 0
      vertex 0.535898 106 5
    endloop
  endfacet
  facet normal 0.953661 -0.300885 1.65128e-18
    outer loop
      vertex 215.759 2.63192 5
      vertex 215.864 2.96472 0
      vertex 215.864 2.96472 5
    endloop
  endfacet
  facet normal 0.953661 -0.300885 1.65128e-18
    outer loop
      vertex 215.864 2.96472 0
      vertex 215.759 2.63192 5
      vertex 215.759 2.63192 0
    endloop
  endfacet
  facet normal 0.0429403 0.999078 -0
    outer loop
      vertex 212.349 107.985 0
      vertex 212 108 5
      vertex 212.349 107.985 5
    endloop
  endfacet
  facet normal 0.0429403 0.999078 0
    outer loop
      vertex 212 108 5
      vertex 212.349 107.985 0
      vertex 212 108 0
    endloop
  endfacet
  facet normal 0.84378 0.53669 -1.4545e-18
    outer loop
      vertex 215.464 106 5
      vertex 215.277 106.294 0
      vertex 215.277 106.294 5
    endloop
  endfacet
  facet normal 0.84378 0.53669 -1.4545e-18
    outer loop
      vertex 215.277 106.294 0
      vertex 215.464 106 5
      vertex 215.464 106 0
    endloop
  endfacet
  facet normal -0.042987 0.999076 0
    outer loop
      vertex 4 108 0
      vertex 3.65138 107.985 5
      vertex 4 108 5
    endloop
  endfacet
  facet normal -0.042987 0.999076 0
    outer loop
      vertex 3.65138 107.985 5
      vertex 4 108 0
      vertex 3.65138 107.985 0
    endloop
  endfacet
  facet normal 0.537698 -0.843137 0
    outer loop
      vertex 214 0.535898 0
      vertex 214.294 0.723392 5
      vertex 214 0.535898 5
    endloop
  endfacet
  facet normal 0.537698 -0.843137 0
    outer loop
      vertex 214.294 0.723392 5
      vertex 214 0.535898 0
      vertex 214.294 0.723392 0
    endloop
  endfacet
  facet normal 0.30072 0.953712 -0
    outer loop
      vertex 213.368 107.759 0
      vertex 213.035 107.864 5
      vertex 213.368 107.759 5
    endloop
  endfacet
  facet normal 0.30072 0.953712 0
    outer loop
      vertex 213.035 107.864 5
      vertex 213.368 107.759 0
      vertex 213.035 107.864 0
    endloop
  endfacet
  facet normal 0.923246 0.384208 -9.03027e-19
    outer loop
      vertex 215.759 105.368 5
      vertex 215.625 105.69 0
      vertex 215.625 105.69 5
    endloop
  endfacet
  facet normal 0.923246 0.384208 -9.03027e-19
    outer loop
      vertex 215.625 105.69 0
      vertex 215.759 105.368 5
      vertex 215.759 105.368 0
    endloop
  endfacet
  facet normal 0.991278 0.131788 -8.00149e-19
    outer loop
      vertex 215.985 104.349 5
      vertex 215.939 104.695 0
      vertex 215.939 104.695 5
    endloop
  endfacet
  facet normal 0.991278 0.131788 -8.00149e-19
    outer loop
      vertex 215.939 104.695 0
      vertex 215.985 104.349 5
      vertex 215.985 104.349 0
    endloop
  endfacet
  facet normal -0.887012 -0.461746 6.54019e-19
    outer loop
      vertex 0.535898 2 0
      vertex 0.374768 2.30953 5
      vertex 0.374768 2.30953 0
    endloop
  endfacet
  facet normal -0.887012 -0.461746 6.54019e-19
    outer loop
      vertex 0.374768 2.30953 5
      vertex 0.535898 2 0
      vertex 0.535898 2 5
    endloop
  endfacet
  facet normal -0.675581 -0.737285 0
    outer loop
      vertex 1.17157 1.17157 0
      vertex 1.42885 0.935822 5
      vertex 1.17157 1.17157 5
    endloop
  endfacet
  facet normal -0.675581 -0.737285 -0
    outer loop
      vertex 1.42885 0.935822 5
      vertex 1.17157 1.17157 0
      vertex 1.42885 0.935822 0
    endloop
  endfacet
  facet normal -0.976297 -0.216436 9.84351e-19
    outer loop
      vertex 0.136296 2.96472 0
      vertex 0.0607681 3.30541 5
      vertex 0.0607681 3.30541 0
    endloop
  endfacet
  facet normal -0.976297 -0.216436 9.84351e-19
    outer loop
      vertex 0.0607681 3.30541 5
      vertex 0.136296 2.96472 0
      vertex 0.136296 2.96472 5
    endloop
  endfacet
  facet normal 0.300546 -0.953767 0
    outer loop
      vertex 213.035 0.136296 0
      vertex 213.368 0.241229 5
      vertex 213.035 0.136296 5
    endloop
  endfacet
  facet normal 0.300546 -0.953767 0
    outer loop
      vertex 213.368 0.241229 5
      vertex 213.035 0.136296 0
      vertex 213.368 0.241229 0
    endloop
  endfacet
  facet normal -0.9915 -0.130106 4.28717e-20
    outer loop
      vertex 33.2912 77.2005 0
      vertex 33.2651 77.3994 9
      vertex 33.2651 77.3994 0
    endloop
  endfacet
  facet normal -0.9915 -0.130106 4.28717e-20
    outer loop
      vertex 33.2651 77.3994 9
      vertex 33.2912 77.2005 0
      vertex 33.2912 77.2005 9
    endloop
  endfacet
  facet normal -0.999038 -0.0438481 2.21155e-20
    outer loop
      vertex 33.3 77 0
      vertex 33.2912 77.2005 9
      vertex 33.2912 77.2005 0
    endloop
  endfacet
  facet normal -0.999038 -0.0438481 2.21155e-20
    outer loop
      vertex 33.2912 77.2005 9
      vertex 33.3 77 0
      vertex 33.3 77 9
    endloop
  endfacet
  facet normal -0.976222 -0.216772 3.85311e-20
    outer loop
      vertex 33.2651 77.3994 0
      vertex 33.2216 77.5953 9
      vertex 33.2216 77.5953 0
    endloop
  endfacet
  facet normal -0.976222 -0.216772 3.85311e-20
    outer loop
      vertex 33.2216 77.5953 9
      vertex 33.2651 77.3994 0
      vertex 33.2651 77.3994 9
    endloop
  endfacet
  facet normal 0.30063 0.953741 -0
    outer loop
      vertex 30.4047 74.7784 0
      vertex 30.2134 74.8387 9
      vertex 30.4047 74.7784 9
    endloop
  endfacet
  facet normal 0.30063 0.953741 0
    outer loop
      vertex 30.2134 74.8387 9
      vertex 30.4047 74.7784 0
      vertex 30.2134 74.8387 0
    endloop
  endfacet
  facet normal 0.216772 -0.976222 0
    outer loop
      vertex 30.4047 79.2216 0
      vertex 30.6006 79.2651 9
      vertex 30.4047 79.2216 9
    endloop
  endfacet
  facet normal 0.216772 -0.976222 0
    outer loop
      vertex 30.6006 79.2651 9
      vertex 30.4047 79.2216 0
      vertex 30.6006 79.2651 0
    endloop
  endfacet
  facet normal 0.887135 0.46151 1.95975e-19
    outer loop
      vertex 29.0081 75.85 9
      vertex 28.9155 76.028 0
      vertex 28.9155 76.028 9
    endloop
  endfacet
  facet normal 0.887135 0.46151 1.95975e-19
    outer loop
      vertex 28.9155 76.028 0
      vertex 29.0081 75.85 9
      vertex 29.0081 75.85 0
    endloop
  endfacet
  facet normal -0.923871 -0.382704 2.46513e-19
    outer loop
      vertex 33.1613 77.7866 0
      vertex 33.0845 77.972 9
      vertex 33.0845 77.972 0
    endloop
  endfacet
  facet normal -0.923871 -0.382704 2.46513e-19
    outer loop
      vertex 33.0845 77.972 9
      vertex 33.1613 77.7866 0
      vertex 33.1613 77.7866 9
    endloop
  endfacet
  facet normal -0.537681 0.843148 0
    outer loop
      vertex 32.3192 75.116 0
      vertex 32.15 75.0081 9
      vertex 32.3192 75.116 9
    endloop
  endfacet
  facet normal -0.537681 0.843148 0
    outer loop
      vertex 32.15 75.0081 9
      vertex 32.3192 75.116 0
      vertex 32.15 75.0081 0
    endloop
  endfacet
  facet normal 0.9915 -0.130106 -2.29657e-19
    outer loop
      vertex 28.7088 77.2005 9
      vertex 28.7349 77.3994 0
      vertex 28.7349 77.3994 9
    endloop
  endfacet
  facet normal 0.9915 -0.130106 -2.29657e-19
    outer loop
      vertex 28.7349 77.3994 0
      vertex 28.7088 77.2005 9
      vertex 28.7088 77.2005 0
    endloop
  endfacet
  facet normal 0.675792 -0.737092 0
    outer loop
      vertex 29.3737 78.6263 0
      vertex 29.5216 78.7619 9
      vertex 29.3737 78.6263 9
    endloop
  endfacet
  facet normal 0.675792 -0.737092 0
    outer loop
      vertex 29.5216 78.7619 9
      vertex 29.3737 78.6263 0
      vertex 29.5216 78.7619 0
    endloop
  endfacet
  facet normal -0.216772 0.976222 0
    outer loop
      vertex 31.5953 74.7784 0
      vertex 31.3994 74.7349 9
      vertex 31.5953 74.7784 9
    endloop
  endfacet
  facet normal -0.216772 0.976222 0
    outer loop
      vertex 31.3994 74.7349 9
      vertex 31.5953 74.7784 0
      vertex 31.3994 74.7349 0
    endloop
  endfacet
  facet normal 0.887135 -0.46151 -1.95975e-19
    outer loop
      vertex 28.9155 77.972 9
      vertex 29.0081 78.15 0
      vertex 29.0081 78.15 9
    endloop
  endfacet
  facet normal 0.887135 -0.46151 -1.95975e-19
    outer loop
      vertex 29.0081 78.15 0
      vertex 28.9155 77.972 9
      vertex 28.9155 77.972 0
    endloop
  endfacet
  facet normal -0.887135 -0.46151 1.95975e-19
    outer loop
      vertex 33.0845 77.972 0
      vertex 32.9919 78.15 9
      vertex 32.9919 78.15 0
    endloop
  endfacet
  facet normal -0.887135 -0.46151 1.95975e-19
    outer loop
      vertex 32.9919 78.15 9
      vertex 33.0845 77.972 0
      vertex 33.0845 77.972 9
    endloop
  endfacet
  facet normal -0.793494 0.608578 2.38965e-19
    outer loop
      vertex 32.7619 75.5216 0
      vertex 32.884 75.6808 9
      vertex 32.884 75.6808 0
    endloop
  endfacet
  facet normal -0.793494 0.608578 2.38965e-19
    outer loop
      vertex 32.884 75.6808 9
      vertex 32.7619 75.5216 0
      vertex 32.7619 75.5216 9
    endloop
  endfacet
  facet normal 0.46151 0.887135 -0
    outer loop
      vertex 30.028 74.9155 0
      vertex 29.85 75.0081 9
      vertex 30.028 74.9155 9
    endloop
  endfacet
  facet normal 0.46151 0.887135 0
    outer loop
      vertex 29.85 75.0081 9
      vertex 30.028 74.9155 0
      vertex 29.85 75.0081 0
    endloop
  endfacet
  facet normal -0.608578 -0.793494 0
    outer loop
      vertex 32.3192 78.884 0
      vertex 32.4784 78.7619 9
      vertex 32.3192 78.884 9
    endloop
  endfacet
  facet normal -0.608578 -0.793494 -0
    outer loop
      vertex 32.4784 78.7619 9
      vertex 32.3192 78.884 0
      vertex 32.4784 78.7619 0
    endloop
  endfacet
  facet normal 0.608578 -0.793494 0
    outer loop
      vertex 29.5216 78.7619 0
      vertex 29.6808 78.884 9
      vertex 29.5216 78.7619 9
    endloop
  endfacet
  facet normal 0.608578 -0.793494 0
    outer loop
      vertex 29.6808 78.884 9
      vertex 29.5216 78.7619 0
      vertex 29.6808 78.884 0
    endloop
  endfacet
  facet normal -0.0438481 -0.999038 0
    outer loop
      vertex 31 79.3 0
      vertex 31.2005 79.2912 9
      vertex 31 79.3 9
    endloop
  endfacet
  facet normal -0.0438481 -0.999038 -0
    outer loop
      vertex 31.2005 79.2912 9
      vertex 31 79.3 0
      vertex 31.2005 79.2912 0
    endloop
  endfacet
  facet normal 0.537681 0.843148 -0
    outer loop
      vertex 29.85 75.0081 0
      vertex 29.6808 75.116 9
      vertex 29.85 75.0081 9
    endloop
  endfacet
  facet normal 0.537681 0.843148 0
    outer loop
      vertex 29.6808 75.116 9
      vertex 29.85 75.0081 0
      vertex 29.6808 75.116 0
    endloop
  endfacet
  facet normal -0.793494 -0.608578 -2.38965e-19
    outer loop
      vertex 32.884 78.3192 0
      vertex 32.7619 78.4784 9
      vertex 32.7619 78.4784 0
    endloop
  endfacet
  facet normal -0.793494 -0.608578 -2.38965e-19
    outer loop
      vertex 32.7619 78.4784 9
      vertex 32.884 78.3192 0
      vertex 32.884 78.3192 9
    endloop
  endfacet
  facet normal -0.537681 -0.843148 0
    outer loop
      vertex 32.15 78.9919 0
      vertex 32.3192 78.884 9
      vertex 32.15 78.9919 9
    endloop
  endfacet
  facet normal -0.537681 -0.843148 -0
    outer loop
      vertex 32.3192 78.884 9
      vertex 32.15 78.9919 0
      vertex 32.3192 78.884 0
    endloop
  endfacet
  facet normal -0.999038 0.0438481 -2.21155e-20
    outer loop
      vertex 33.2912 76.7995 0
      vertex 33.3 77 9
      vertex 33.3 77 0
    endloop
  endfacet
  facet normal -0.999038 0.0438481 -2.21155e-20
    outer loop
      vertex 33.3 77 9
      vertex 33.2912 76.7995 0
      vertex 33.2912 76.7995 9
    endloop
  endfacet
  facet normal 0.46151 -0.887135 0
    outer loop
      vertex 29.85 78.9919 0
      vertex 30.028 79.0845 9
      vertex 29.85 78.9919 9
    endloop
  endfacet
  facet normal 0.46151 -0.887135 0
    outer loop
      vertex 30.028 79.0845 9
      vertex 29.85 78.9919 0
      vertex 30.028 79.0845 0
    endloop
  endfacet
  facet normal -0.887135 0.46151 -1.95975e-19
    outer loop
      vertex 32.9919 75.85 0
      vertex 33.0845 76.028 9
      vertex 33.0845 76.028 0
    endloop
  endfacet
  facet normal -0.887135 0.46151 -1.95975e-19
    outer loop
      vertex 33.0845 76.028 9
      vertex 32.9919 75.85 0
      vertex 32.9919 75.85 9
    endloop
  endfacet
  facet normal -0.953741 -0.30063 1.83389e-19
    outer loop
      vertex 33.2216 77.5953 0
      vertex 33.1613 77.7866 9
      vertex 33.1613 77.7866 0
    endloop
  endfacet
  facet normal -0.953741 -0.30063 1.83389e-19
    outer loop
      vertex 33.1613 77.7866 9
      vertex 33.2216 77.5953 0
      vertex 33.2216 77.5953 9
    endloop
  endfacet
  facet normal -0.923871 0.382704 -2.46513e-19
    outer loop
      vertex 33.0845 76.028 0
      vertex 33.1613 76.2134 9
      vertex 33.1613 76.2134 0
    endloop
  endfacet
  facet normal -0.923871 0.382704 -2.46513e-19
    outer loop
      vertex 33.1613 76.2134 9
      vertex 33.0845 76.028 0
      vertex 33.0845 76.028 9
    endloop
  endfacet
  facet normal -0.382704 -0.923871 0
    outer loop
      vertex 31.7866 79.1613 0
      vertex 31.972 79.0845 9
      vertex 31.7866 79.1613 9
    endloop
  endfacet
  facet normal -0.382704 -0.923871 -0
    outer loop
      vertex 31.972 79.0845 9
      vertex 31.7866 79.1613 0
      vertex 31.972 79.0845 0
    endloop
  endfacet
  facet normal -0.0438481 0.999038 0
    outer loop
      vertex 31.2005 74.7088 0
      vertex 31 74.7 9
      vertex 31.2005 74.7088 9
    endloop
  endfacet
  facet normal -0.0438481 0.999038 0
    outer loop
      vertex 31 74.7 9
      vertex 31.2005 74.7088 0
      vertex 31 74.7 0
    endloop
  endfacet
  facet normal -0.30063 -0.953741 0
    outer loop
      vertex 31.5953 79.2216 0
      vertex 31.7866 79.1613 9
      vertex 31.5953 79.2216 9
    endloop
  endfacet
  facet normal -0.30063 -0.953741 -0
    outer loop
      vertex 31.7866 79.1613 9
      vertex 31.5953 79.2216 0
      vertex 31.7866 79.1613 0
    endloop
  endfacet
  facet normal -0.976222 0.216772 -3.85311e-20
    outer loop
      vertex 33.2216 76.4047 0
      vertex 33.2651 76.6006 9
      vertex 33.2651 76.6006 0
    endloop
  endfacet
  facet normal -0.976222 0.216772 -3.85311e-20
    outer loop
      vertex 33.2651 76.6006 9
      vertex 33.2216 76.4047 0
      vertex 33.2216 76.4047 9
    endloop
  endfacet
  facet normal -0.9915 0.130106 -4.28717e-20
    outer loop
      vertex 33.2651 76.6006 0
      vertex 33.2912 76.7995 9
      vertex 33.2912 76.7995 0
    endloop
  endfacet
  facet normal -0.9915 0.130106 -4.28717e-20
    outer loop
      vertex 33.2912 76.7995 9
      vertex 33.2651 76.6006 0
      vertex 33.2651 76.6006 9
    endloop
  endfacet
  facet normal -0.737092 -0.675792 7.43768e-19
    outer loop
      vertex 32.7619 78.4784 0
      vertex 32.6263 78.6263 9
      vertex 32.6263 78.6263 0
    endloop
  endfacet
  facet normal -0.737092 -0.675792 7.43768e-19
    outer loop
      vertex 32.6263 78.6263 9
      vertex 32.7619 78.4784 0
      vertex 32.7619 78.4784 9
    endloop
  endfacet
  facet normal -0.382704 0.923871 0
    outer loop
      vertex 31.972 74.9155 0
      vertex 31.7866 74.8387 9
      vertex 31.972 74.9155 9
    endloop
  endfacet
  facet normal -0.382704 0.923871 0
    outer loop
      vertex 31.7866 74.8387 9
      vertex 31.972 74.9155 0
      vertex 31.7866 74.8387 0
    endloop
  endfacet
  facet normal -0.130106 0.9915 0
    outer loop
      vertex 31.3994 74.7349 0
      vertex 31.2005 74.7088 9
      vertex 31.3994 74.7349 9
    endloop
  endfacet
  facet normal -0.130106 0.9915 0
    outer loop
      vertex 31.2005 74.7088 9
      vertex 31.3994 74.7349 0
      vertex 31.2005 74.7088 0
    endloop
  endfacet
  facet normal -0.843148 0.537681 -9.11405e-19
    outer loop
      vertex 32.884 75.6808 0
      vertex 32.9919 75.85 9
      vertex 32.9919 75.85 0
    endloop
  endfacet
  facet normal -0.843148 0.537681 -9.11405e-19
    outer loop
      vertex 32.9919 75.85 9
      vertex 32.884 75.6808 0
      vertex 32.884 75.6808 9
    endloop
  endfacet
  facet normal 0.999038 -0.0438481 -2.40363e-20
    outer loop
      vertex 28.7 77 9
      vertex 28.7088 77.2005 0
      vertex 28.7088 77.2005 9
    endloop
  endfacet
  facet normal 0.999038 -0.0438481 -2.40363e-20
    outer loop
      vertex 28.7088 77.2005 0
      vertex 28.7 77 9
      vertex 28.7 77 0
    endloop
  endfacet
  facet normal 0.843374 -0.537327 4.52431e-19
    outer loop
      vertex 29.0081 78.15 9
      vertex 29.1159 78.3192 0
      vertex 29.1159 78.3192 9
    endloop
  endfacet
  facet normal 0.843374 -0.537327 4.52431e-19
    outer loop
      vertex 29.1159 78.3192 0
      vertex 29.0081 78.15 9
      vertex 29.0081 78.15 0
    endloop
  endfacet
  facet normal -0.46151 -0.887135 0
    outer loop
      vertex 31.972 79.0845 0
      vertex 32.15 78.9919 9
      vertex 31.972 79.0845 9
    endloop
  endfacet
  facet normal -0.46151 -0.887135 -0
    outer loop
      vertex 32.15 78.9919 9
      vertex 31.972 79.0845 0
      vertex 32.15 78.9919 0
    endloop
  endfacet
  facet normal 0.0438481 0.999038 -0
    outer loop
      vertex 31 74.7 0
      vertex 30.7995 74.7088 9
      vertex 31 74.7 9
    endloop
  endfacet
  facet normal 0.0438481 0.999038 0
    outer loop
      vertex 30.7995 74.7088 9
      vertex 31 74.7 0
      vertex 30.7995 74.7088 0
    endloop
  endfacet
  facet normal 0.976222 -0.216772 3.5182e-19
    outer loop
      vertex 28.7349 77.3994 9
      vertex 28.7784 77.5953 0
      vertex 28.7784 77.5953 9
    endloop
  endfacet
  facet normal 0.976222 -0.216772 3.5182e-19
    outer loop
      vertex 28.7784 77.5953 0
      vertex 28.7349 77.3994 9
      vertex 28.7349 77.3994 0
    endloop
  endfacet
  facet normal 0.923871 -0.382704 4.25056e-19
    outer loop
      vertex 28.8387 77.7866 9
      vertex 28.9155 77.972 0
      vertex 28.9155 77.972 9
    endloop
  endfacet
  facet normal 0.923871 -0.382704 4.25056e-19
    outer loop
      vertex 28.9155 77.972 0
      vertex 28.8387 77.7866 9
      vertex 28.8387 77.7866 0
    endloop
  endfacet
  facet normal 0.843374 0.537327 -4.52431e-19
    outer loop
      vertex 29.1159 75.6808 9
      vertex 29.0081 75.85 0
      vertex 29.0081 75.85 9
    endloop
  endfacet
  facet normal 0.843374 0.537327 -4.52431e-19
    outer loop
      vertex 29.0081 75.85 0
      vertex 29.1159 75.6808 9
      vertex 29.1159 75.6808 0
    endloop
  endfacet
  facet normal 0.923871 0.382704 -4.25056e-19
    outer loop
      vertex 28.9155 76.028 9
      vertex 28.8387 76.2134 0
      vertex 28.8387 76.2134 9
    endloop
  endfacet
  facet normal 0.923871 0.382704 -4.25056e-19
    outer loop
      vertex 28.8387 76.2134 0
      vertex 28.9155 76.028 9
      vertex 28.9155 76.028 0
    endloop
  endfacet
  facet normal -0.843148 -0.537681 9.11405e-19
    outer loop
      vertex 32.9919 78.15 0
      vertex 32.884 78.3192 9
      vertex 32.884 78.3192 0
    endloop
  endfacet
  facet normal -0.843148 -0.537681 9.11405e-19
    outer loop
      vertex 32.884 78.3192 9
      vertex 32.9919 78.15 0
      vertex 32.9919 78.15 9
    endloop
  endfacet
  facet normal 0.793253 -0.608892 -7.37968e-19
    outer loop
      vertex 29.1159 78.3192 9
      vertex 29.2381 78.4784 0
      vertex 29.2381 78.4784 9
    endloop
  endfacet
  facet normal 0.793253 -0.608892 -7.37968e-19
    outer loop
      vertex 29.2381 78.4784 0
      vertex 29.1159 78.3192 9
      vertex 29.1159 78.3192 0
    endloop
  endfacet
  facet normal 0.0438481 -0.999038 0
    outer loop
      vertex 30.7995 79.2912 0
      vertex 31 79.3 9
      vertex 30.7995 79.2912 9
    endloop
  endfacet
  facet normal 0.0438481 -0.999038 0
    outer loop
      vertex 31 79.3 9
      vertex 30.7995 79.2912 0
      vertex 31 79.3 0
    endloop
  endfacet
  facet normal 0.999038 0.0438481 2.40363e-20
    outer loop
      vertex 28.7088 76.7995 9
      vertex 28.7 77 0
      vertex 28.7 77 9
    endloop
  endfacet
  facet normal 0.999038 0.0438481 2.40363e-20
    outer loop
      vertex 28.7 77 0
      vertex 28.7088 76.7995 9
      vertex 28.7088 76.7995 0
    endloop
  endfacet
  facet normal 0.953741 0.30063 -2.34819e-19
    outer loop
      vertex 28.8387 76.2134 9
      vertex 28.7784 76.4047 0
      vertex 28.7784 76.4047 9
    endloop
  endfacet
  facet normal 0.953741 0.30063 -2.34819e-19
    outer loop
      vertex 28.7784 76.4047 0
      vertex 28.8387 76.2134 9
      vertex 28.8387 76.2134 0
    endloop
  endfacet
  facet normal 0.737092 -0.675792 1.20001e-19
    outer loop
      vertex 29.2381 78.4784 9
      vertex 29.3737 78.6263 0
      vertex 29.3737 78.6263 9
    endloop
  endfacet
  facet normal 0.737092 -0.675792 1.20001e-19
    outer loop
      vertex 29.3737 78.6263 0
      vertex 29.2381 78.4784 9
      vertex 29.2381 78.4784 0
    endloop
  endfacet
  facet normal 0.793253 0.608892 7.37968e-19
    outer loop
      vertex 29.2381 75.5216 9
      vertex 29.1159 75.6808 0
      vertex 29.1159 75.6808 9
    endloop
  endfacet
  facet normal 0.793253 0.608892 7.37968e-19
    outer loop
      vertex 29.1159 75.6808 0
      vertex 29.2381 75.5216 9
      vertex 29.2381 75.5216 0
    endloop
  endfacet
  facet normal 0.130106 -0.9915 0
    outer loop
      vertex 30.6006 79.2651 0
      vertex 30.7995 79.2912 9
      vertex 30.6006 79.2651 9
    endloop
  endfacet
  facet normal 0.130106 -0.9915 0
    outer loop
      vertex 30.7995 79.2912 9
      vertex 30.6006 79.2651 0
      vertex 30.7995 79.2912 0
    endloop
  endfacet
  facet normal -0.30063 0.953741 0
    outer loop
      vertex 31.7866 74.8387 0
      vertex 31.5953 74.7784 9
      vertex 31.7866 74.8387 9
    endloop
  endfacet
  facet normal -0.30063 0.953741 0
    outer loop
      vertex 31.5953 74.7784 9
      vertex 31.7866 74.8387 0
      vertex 31.5953 74.7784 0
    endloop
  endfacet
  facet normal 0.976222 0.216772 -3.5182e-19
    outer loop
      vertex 28.7784 76.4047 9
      vertex 28.7349 76.6006 0
      vertex 28.7349 76.6006 9
    endloop
  endfacet
  facet normal 0.976222 0.216772 -3.5182e-19
    outer loop
      vertex 28.7349 76.6006 0
      vertex 28.7784 76.4047 9
      vertex 28.7784 76.4047 0
    endloop
  endfacet
  facet normal 0.216772 0.976222 -0
    outer loop
      vertex 30.6006 74.7349 0
      vertex 30.4047 74.7784 9
      vertex 30.6006 74.7349 9
    endloop
  endfacet
  facet normal 0.216772 0.976222 0
    outer loop
      vertex 30.4047 74.7784 9
      vertex 30.6006 74.7349 0
      vertex 30.4047 74.7784 0
    endloop
  endfacet
  facet normal 0.675792 0.737092 -0
    outer loop
      vertex 29.5216 75.2381 0
      vertex 29.3737 75.3737 9
      vertex 29.5216 75.2381 9
    endloop
  endfacet
  facet normal 0.675792 0.737092 0
    outer loop
      vertex 29.3737 75.3737 9
      vertex 29.5216 75.2381 0
      vertex 29.3737 75.3737 0
    endloop
  endfacet
  facet normal -0.675792 -0.737092 0
    outer loop
      vertex 32.4784 78.7619 0
      vertex 32.6263 78.6263 9
      vertex 32.4784 78.7619 9
    endloop
  endfacet
  facet normal -0.675792 -0.737092 -0
    outer loop
      vertex 32.6263 78.6263 9
      vertex 32.4784 78.7619 0
      vertex 32.6263 78.6263 0
    endloop
  endfacet
  facet normal -0.216772 -0.976222 0
    outer loop
      vertex 31.3994 79.2651 0
      vertex 31.5953 79.2216 9
      vertex 31.3994 79.2651 9
    endloop
  endfacet
  facet normal -0.216772 -0.976222 -0
    outer loop
      vertex 31.5953 79.2216 9
      vertex 31.3994 79.2651 0
      vertex 31.5953 79.2216 0
    endloop
  endfacet
  facet normal 0.737092 0.675792 -1.20001e-19
    outer loop
      vertex 29.3737 75.3737 9
      vertex 29.2381 75.5216 0
      vertex 29.2381 75.5216 9
    endloop
  endfacet
  facet normal 0.737092 0.675792 -1.20001e-19
    outer loop
      vertex 29.2381 75.5216 0
      vertex 29.3737 75.3737 9
      vertex 29.3737 75.3737 0
    endloop
  endfacet
  facet normal -0.46151 0.887135 0
    outer loop
      vertex 32.15 75.0081 0
      vertex 31.972 74.9155 9
      vertex 32.15 75.0081 9
    endloop
  endfacet
  facet normal -0.46151 0.887135 0
    outer loop
      vertex 31.972 74.9155 9
      vertex 32.15 75.0081 0
      vertex 31.972 74.9155 0
    endloop
  endfacet
  facet normal 0.537681 -0.843148 0
    outer loop
      vertex 29.6808 78.884 0
      vertex 29.85 78.9919 9
      vertex 29.6808 78.884 9
    endloop
  endfacet
  facet normal 0.537681 -0.843148 0
    outer loop
      vertex 29.85 78.9919 9
      vertex 29.6808 78.884 0
      vertex 29.85 78.9919 0
    endloop
  endfacet
  facet normal 0.9915 0.130106 2.29657e-19
    outer loop
      vertex 28.7349 76.6006 9
      vertex 28.7088 76.7995 0
      vertex 28.7088 76.7995 9
    endloop
  endfacet
  facet normal 0.9915 0.130106 2.29657e-19
    outer loop
      vertex 28.7088 76.7995 0
      vertex 28.7349 76.6006 9
      vertex 28.7349 76.6006 0
    endloop
  endfacet
  facet normal -0.608578 0.793494 0
    outer loop
      vertex 32.4784 75.2381 0
      vertex 32.3192 75.116 9
      vertex 32.4784 75.2381 9
    endloop
  endfacet
  facet normal -0.608578 0.793494 0
    outer loop
      vertex 32.3192 75.116 9
      vertex 32.4784 75.2381 0
      vertex 32.3192 75.116 0
    endloop
  endfacet
  facet normal -0.130106 -0.9915 0
    outer loop
      vertex 31.2005 79.2912 0
      vertex 31.3994 79.2651 9
      vertex 31.2005 79.2912 9
    endloop
  endfacet
  facet normal -0.130106 -0.9915 -0
    outer loop
      vertex 31.3994 79.2651 9
      vertex 31.2005 79.2912 0
      vertex 31.3994 79.2651 0
    endloop
  endfacet
  facet normal 0.608578 0.793494 -0
    outer loop
      vertex 29.6808 75.116 0
      vertex 29.5216 75.2381 9
      vertex 29.6808 75.116 9
    endloop
  endfacet
  facet normal 0.608578 0.793494 0
    outer loop
      vertex 29.5216 75.2381 9
      vertex 29.6808 75.116 0
      vertex 29.5216 75.2381 0
    endloop
  endfacet
  facet normal 0.382704 -0.923871 0
    outer loop
      vertex 30.028 79.0845 0
      vertex 30.2134 79.1613 9
      vertex 30.028 79.0845 9
    endloop
  endfacet
  facet normal 0.382704 -0.923871 0
    outer loop
      vertex 30.2134 79.1613 9
      vertex 30.028 79.0845 0
      vertex 30.2134 79.1613 0
    endloop
  endfacet
  facet normal 0.953741 -0.30063 2.34819e-19
    outer loop
      vertex 28.7784 77.5953 9
      vertex 28.8387 77.7866 0
      vertex 28.8387 77.7866 9
    endloop
  endfacet
  facet normal 0.953741 -0.30063 2.34819e-19
    outer loop
      vertex 28.8387 77.7866 0
      vertex 28.7784 77.5953 9
      vertex 28.7784 77.5953 0
    endloop
  endfacet
  facet normal 0.130106 0.9915 -0
    outer loop
      vertex 30.7995 74.7088 0
      vertex 30.6006 74.7349 9
      vertex 30.7995 74.7088 9
    endloop
  endfacet
  facet normal 0.130106 0.9915 0
    outer loop
      vertex 30.6006 74.7349 9
      vertex 30.7995 74.7088 0
      vertex 30.6006 74.7349 0
    endloop
  endfacet
  facet normal 0.30063 -0.953741 0
    outer loop
      vertex 30.2134 79.1613 0
      vertex 30.4047 79.2216 9
      vertex 30.2134 79.1613 9
    endloop
  endfacet
  facet normal 0.30063 -0.953741 0
    outer loop
      vertex 30.4047 79.2216 9
      vertex 30.2134 79.1613 0
      vertex 30.4047 79.2216 0
    endloop
  endfacet
  facet normal -0.953741 0.30063 -1.83389e-19
    outer loop
      vertex 33.1613 76.2134 0
      vertex 33.2216 76.4047 9
      vertex 33.2216 76.4047 0
    endloop
  endfacet
  facet normal -0.953741 0.30063 -1.83389e-19
    outer loop
      vertex 33.2216 76.4047 9
      vertex 33.1613 76.2134 0
      vertex 33.1613 76.2134 9
    endloop
  endfacet
  facet normal -0.737092 0.675792 -7.43768e-19
    outer loop
      vertex 32.6263 75.3737 0
      vertex 32.7619 75.5216 9
      vertex 32.7619 75.5216 0
    endloop
  endfacet
  facet normal -0.737092 0.675792 -7.43768e-19
    outer loop
      vertex 32.7619 75.5216 9
      vertex 32.6263 75.3737 0
      vertex 32.6263 75.3737 9
    endloop
  endfacet
  facet normal -0.675792 0.737092 0
    outer loop
      vertex 32.6263 75.3737 0
      vertex 32.4784 75.2381 9
      vertex 32.6263 75.3737 9
    endloop
  endfacet
  facet normal -0.675792 0.737092 0
    outer loop
      vertex 32.4784 75.2381 9
      vertex 32.6263 75.3737 0
      vertex 32.4784 75.2381 0
    endloop
  endfacet
  facet normal 0.382704 0.923871 -0
    outer loop
      vertex 30.2134 74.8387 0
      vertex 30.028 74.9155 9
      vertex 30.2134 74.8387 9
    endloop
  endfacet
  facet normal 0.382704 0.923871 0
    outer loop
      vertex 30.028 74.9155 9
      vertex 30.2134 74.8387 0
      vertex 30.028 74.9155 0
    endloop
  endfacet
  facet normal -0.991564 -0.129616 -2.24999e-19
    outer loop
      vertex 187.291 77.2005 0
      vertex 187.265 77.3994 9
      vertex 187.265 77.3994 0
    endloop
  endfacet
  facet normal -0.991564 -0.129616 -2.24999e-19
    outer loop
      vertex 187.265 77.3994 9
      vertex 187.291 77.2005 0
      vertex 187.291 77.2005 9
    endloop
  endfacet
  facet normal -0.998994 -0.0448426 1.73788e-20
    outer loop
      vertex 187.3 77 0
      vertex 187.291 77.2005 9
      vertex 187.291 77.2005 0
    endloop
  endfacet
  facet normal -0.998994 -0.0448426 1.73788e-20
    outer loop
      vertex 187.291 77.2005 9
      vertex 187.3 77 0
      vertex 187.3 77 9
    endloop
  endfacet
  facet normal -0.976747 -0.214396 2.35899e-19
    outer loop
      vertex 187.265 77.3994 0
      vertex 187.222 77.5953 9
      vertex 187.222 77.5953 0
    endloop
  endfacet
  facet normal -0.976747 -0.214396 2.35899e-19
    outer loop
      vertex 187.222 77.5953 9
      vertex 187.265 77.3994 0
      vertex 187.265 77.3994 9
    endloop
  endfacet
  facet normal 0.299633 0.954055 -0
    outer loop
      vertex 184.405 74.7784 0
      vertex 184.213 74.8387 9
      vertex 184.405 74.7784 9
    endloop
  endfacet
  facet normal 0.299633 0.954055 0
    outer loop
      vertex 184.213 74.8387 9
      vertex 184.405 74.7784 0
      vertex 184.213 74.8387 0
    endloop
  endfacet
  facet normal 0.216667 -0.976246 0
    outer loop
      vertex 184.405 79.2216 0
      vertex 184.601 79.2651 9
      vertex 184.405 79.2216 9
    endloop
  endfacet
  facet normal 0.216667 -0.976246 0
    outer loop
      vertex 184.601 79.2651 9
      vertex 184.405 79.2216 0
      vertex 184.601 79.2651 0
    endloop
  endfacet
  facet normal 0.886318 0.463076 1.88449e-19
    outer loop
      vertex 183.008 75.85 9
      vertex 182.915 76.028 0
      vertex 182.915 76.028 9
    endloop
  endfacet
  facet normal 0.886318 0.463076 1.88449e-19
    outer loop
      vertex 182.915 76.028 0
      vertex 183.008 75.85 9
      vertex 183.008 75.85 0
    endloop
  endfacet
  facet normal -0.925276 -0.379293 2.17125e-19
    outer loop
      vertex 187.161 77.7866 0
      vertex 187.085 77.972 9
      vertex 187.085 77.972 0
    endloop
  endfacet
  facet normal -0.925276 -0.379293 2.17125e-19
    outer loop
      vertex 187.085 77.972 9
      vertex 187.161 77.7866 0
      vertex 187.161 77.7866 9
    endloop
  endfacet
  facet normal -0.538133 0.84286 0
    outer loop
      vertex 186.319 75.116 0
      vertex 186.15 75.0081 9
      vertex 186.319 75.116 9
    endloop
  endfacet
  facet normal -0.538133 0.84286 0
    outer loop
      vertex 186.15 75.0081 9
      vertex 186.319 75.116 0
      vertex 186.15 75.0081 0
    endloop
  endfacet
  facet normal 0.991564 -0.129616 2.24999e-19
    outer loop
      vertex 182.709 77.2005 9
      vertex 182.735 77.3994 0
      vertex 182.735 77.3994 9
    endloop
  endfacet
  facet normal 0.991564 -0.129616 2.24999e-19
    outer loop
      vertex 182.735 77.3994 0
      vertex 182.709 77.2005 9
      vertex 182.709 77.2005 0
    endloop
  endfacet
  facet normal 0.675544 -0.73732 0
    outer loop
      vertex 183.374 78.6263 0
      vertex 183.522 78.7619 9
      vertex 183.374 78.6263 9
    endloop
  endfacet
  facet normal 0.675544 -0.73732 0
    outer loop
      vertex 183.522 78.7619 9
      vertex 183.374 78.6263 0
      vertex 183.522 78.7619 0
    endloop
  endfacet
  facet normal -0.216667 0.976246 0
    outer loop
      vertex 185.595 74.7784 0
      vertex 185.399 74.7349 9
      vertex 185.595 74.7784 9
    endloop
  endfacet
  facet normal -0.216667 0.976246 0
    outer loop
      vertex 185.399 74.7349 9
      vertex 185.595 74.7784 0
      vertex 185.399 74.7349 0
    endloop
  endfacet
  facet normal 0.886318 -0.463076 -1.88449e-19
    outer loop
      vertex 182.915 77.972 9
      vertex 183.008 78.15 0
      vertex 183.008 78.15 9
    endloop
  endfacet
  facet normal 0.886318 -0.463076 -1.88449e-19
    outer loop
      vertex 183.008 78.15 0
      vertex 182.915 77.972 9
      vertex 182.915 77.972 0
    endloop
  endfacet
  facet normal -0.886318 -0.463076 1.88449e-19
    outer loop
      vertex 187.085 77.972 0
      vertex 186.992 78.15 9
      vertex 186.992 78.15 0
    endloop
  endfacet
  facet normal -0.886318 -0.463076 1.88449e-19
    outer loop
      vertex 186.992 78.15 9
      vertex 187.085 77.972 0
      vertex 187.085 77.972 9
    endloop
  endfacet
  facet normal -0.793735 0.608264 -9.45358e-19
    outer loop
      vertex 186.762 75.5216 0
      vertex 186.884 75.6808 9
      vertex 186.884 75.6808 0
    endloop
  endfacet
  facet normal -0.793735 0.608264 -9.45358e-19
    outer loop
      vertex 186.884 75.6808 9
      vertex 186.762 75.5216 0
      vertex 186.762 75.5216 9
    endloop
  endfacet
  facet normal 0.46151 0.887135 -0
    outer loop
      vertex 184.028 74.9155 0
      vertex 183.85 75.0081 9
      vertex 184.028 74.9155 9
    endloop
  endfacet
  facet normal 0.46151 0.887135 0
    outer loop
      vertex 183.85 75.0081 9
      vertex 184.028 74.9155 0
      vertex 183.85 75.0081 0
    endloop
  endfacet
  facet normal -0.60906 -0.793124 0
    outer loop
      vertex 186.319 78.884 0
      vertex 186.478 78.7619 9
      vertex 186.319 78.884 9
    endloop
  endfacet
  facet normal -0.60906 -0.793124 -0
    outer loop
      vertex 186.478 78.7619 9
      vertex 186.319 78.884 0
      vertex 186.478 78.7619 0
    endloop
  endfacet
  facet normal 0.60906 -0.793124 0
    outer loop
      vertex 183.522 78.7619 0
      vertex 183.681 78.884 9
      vertex 183.522 78.7619 9
    endloop
  endfacet
  facet normal 0.60906 -0.793124 0
    outer loop
      vertex 183.681 78.884 9
      vertex 183.522 78.7619 0
      vertex 183.681 78.884 0
    endloop
  endfacet
  facet normal -0.0439575 -0.999033 0
    outer loop
      vertex 185 79.3 0
      vertex 185.2 79.2912 9
      vertex 185 79.3 9
    endloop
  endfacet
  facet normal -0.0439575 -0.999033 -0
    outer loop
      vertex 185.2 79.2912 9
      vertex 185 79.3 0
      vertex 185.2 79.2912 0
    endloop
  endfacet
  facet normal 0.538133 0.84286 -0
    outer loop
      vertex 183.85 75.0081 0
      vertex 183.681 75.116 9
      vertex 183.85 75.0081 9
    endloop
  endfacet
  facet normal 0.538133 0.84286 0
    outer loop
      vertex 183.681 75.116 9
      vertex 183.85 75.0081 0
      vertex 183.681 75.116 0
    endloop
  endfacet
  facet normal -0.793735 -0.608264 9.45358e-19
    outer loop
      vertex 186.884 78.3192 0
      vertex 186.762 78.4784 9
      vertex 186.762 78.4784 0
    endloop
  endfacet
  facet normal -0.793735 -0.608264 9.45358e-19
    outer loop
      vertex 186.762 78.4784 9
      vertex 186.884 78.3192 0
      vertex 186.884 78.3192 9
    endloop
  endfacet
  facet normal -0.538133 -0.84286 0
    outer loop
      vertex 186.15 78.9919 0
      vertex 186.319 78.884 9
      vertex 186.15 78.9919 9
    endloop
  endfacet
  facet normal -0.538133 -0.84286 -0
    outer loop
      vertex 186.319 78.884 9
      vertex 186.15 78.9919 0
      vertex 186.319 78.884 0
    endloop
  endfacet
  facet normal -0.998994 0.0448426 -1.73788e-20
    outer loop
      vertex 187.291 76.7995 0
      vertex 187.3 77 9
      vertex 187.3 77 0
    endloop
  endfacet
  facet normal -0.998994 0.0448426 -1.73788e-20
    outer loop
      vertex 187.3 77 9
      vertex 187.291 76.7995 0
      vertex 187.291 76.7995 9
    endloop
  endfacet
  facet normal 0.46151 -0.887135 0
    outer loop
      vertex 183.85 78.9919 0
      vertex 184.028 79.0845 9
      vertex 183.85 78.9919 9
    endloop
  endfacet
  facet normal 0.46151 -0.887135 0
    outer loop
      vertex 184.028 79.0845 9
      vertex 183.85 78.9919 0
      vertex 184.028 79.0845 0
    endloop
  endfacet
  facet normal -0.886318 0.463076 -1.88449e-19
    outer loop
      vertex 186.992 75.85 0
      vertex 187.085 76.028 9
      vertex 187.085 76.028 0
    endloop
  endfacet
  facet normal -0.886318 0.463076 -1.88449e-19
    outer loop
      vertex 187.085 76.028 9
      vertex 186.992 75.85 0
      vertex 186.992 75.85 9
    endloop
  endfacet
  facet normal -0.952736 -0.3038 -1.46182e-19
    outer loop
      vertex 187.222 77.5953 0
      vertex 187.161 77.7866 9
      vertex 187.161 77.7866 0
    endloop
  endfacet
  facet normal -0.952736 -0.3038 -1.46182e-19
    outer loop
      vertex 187.161 77.7866 9
      vertex 187.222 77.5953 0
      vertex 187.222 77.5953 9
    endloop
  endfacet
  facet normal -0.925276 0.379293 -2.17125e-19
    outer loop
      vertex 187.085 76.028 0
      vertex 187.161 76.2134 9
      vertex 187.161 76.2134 0
    endloop
  endfacet
  facet normal -0.925276 0.379293 -2.17125e-19
    outer loop
      vertex 187.161 76.2134 9
      vertex 187.085 76.028 0
      vertex 187.085 76.028 9
    endloop
  endfacet
  facet normal -0.38341 -0.923578 0
    outer loop
      vertex 185.787 79.1613 0
      vertex 185.972 79.0845 9
      vertex 185.787 79.1613 9
    endloop
  endfacet
  facet normal -0.38341 -0.923578 -0
    outer loop
      vertex 185.972 79.0845 9
      vertex 185.787 79.1613 0
      vertex 185.972 79.0845 0
    endloop
  endfacet
  facet normal -0.0439575 0.999033 0
    outer loop
      vertex 185.2 74.7088 0
      vertex 185 74.7 9
      vertex 185.2 74.7088 9
    endloop
  endfacet
  facet normal -0.0439575 0.999033 0
    outer loop
      vertex 185 74.7 9
      vertex 185.2 74.7088 0
      vertex 185 74.7 0
    endloop
  endfacet
  facet normal -0.299633 -0.954055 0
    outer loop
      vertex 185.595 79.2216 0
      vertex 185.787 79.1613 9
      vertex 185.595 79.2216 9
    endloop
  endfacet
  facet normal -0.299633 -0.954055 -0
    outer loop
      vertex 185.787 79.1613 9
      vertex 185.595 79.2216 0
      vertex 185.787 79.1613 0
    endloop
  endfacet
  facet normal -0.976747 0.214396 -2.35899e-19
    outer loop
      vertex 187.222 76.4047 0
      vertex 187.265 76.6006 9
      vertex 187.265 76.6006 0
    endloop
  endfacet
  facet normal -0.976747 0.214396 -2.35899e-19
    outer loop
      vertex 187.265 76.6006 9
      vertex 187.222 76.4047 0
      vertex 187.222 76.4047 9
    endloop
  endfacet
  facet normal -0.991564 0.129616 2.24999e-19
    outer loop
      vertex 187.265 76.6006 0
      vertex 187.291 76.7995 9
      vertex 187.291 76.7995 0
    endloop
  endfacet
  facet normal -0.991564 0.129616 2.24999e-19
    outer loop
      vertex 187.291 76.7995 9
      vertex 187.265 76.6006 0
      vertex 187.265 76.6006 9
    endloop
  endfacet
  facet normal -0.7361 -0.676873 9.72995e-20
    outer loop
      vertex 186.762 78.4784 0
      vertex 186.626 78.6263 9
      vertex 186.626 78.6263 0
    endloop
  endfacet
  facet normal -0.7361 -0.676873 9.72995e-20
    outer loop
      vertex 186.626 78.6263 9
      vertex 186.762 78.4784 0
      vertex 186.762 78.4784 9
    endloop
  endfacet
  facet normal -0.38341 0.923578 0
    outer loop
      vertex 185.972 74.9155 0
      vertex 185.787 74.8387 9
      vertex 185.972 74.9155 9
    endloop
  endfacet
  facet normal -0.38341 0.923578 0
    outer loop
      vertex 185.787 74.8387 9
      vertex 185.972 74.9155 0
      vertex 185.787 74.8387 0
    endloop
  endfacet
  facet normal -0.130042 0.991508 0
    outer loop
      vertex 185.399 74.7349 0
      vertex 185.2 74.7088 9
      vertex 185.399 74.7349 9
    endloop
  endfacet
  facet normal -0.130042 0.991508 0
    outer loop
      vertex 185.2 74.7088 9
      vertex 185.399 74.7349 0
      vertex 185.2 74.7088 0
    endloop
  endfacet
  facet normal -0.842922 0.538035 1.46803e-19
    outer loop
      vertex 186.884 75.6808 0
      vertex 186.992 75.85 9
      vertex 186.992 75.85 0
    endloop
  endfacet
  facet normal -0.842922 0.538035 1.46803e-19
    outer loop
      vertex 186.992 75.85 9
      vertex 186.884 75.6808 0
      vertex 186.884 75.6808 9
    endloop
  endfacet
  facet normal 0.998994 -0.0448426 -1.73788e-20
    outer loop
      vertex 182.7 77 9
      vertex 182.709 77.2005 0
      vertex 182.709 77.2005 9
    endloop
  endfacet
  facet normal 0.998994 -0.0448426 -1.73788e-20
    outer loop
      vertex 182.709 77.2005 0
      vertex 182.7 77 9
      vertex 182.7 77 0
    endloop
  endfacet
  facet normal 0.842922 -0.538035 1.46803e-19
    outer loop
      vertex 183.008 78.15 9
      vertex 183.116 78.3192 0
      vertex 183.116 78.3192 9
    endloop
  endfacet
  facet normal 0.842922 -0.538035 1.46803e-19
    outer loop
      vertex 183.116 78.3192 0
      vertex 183.008 78.15 9
      vertex 183.008 78.15 0
    endloop
  endfacet
  facet normal -0.46151 -0.887135 0
    outer loop
      vertex 185.972 79.0845 0
      vertex 186.15 78.9919 9
      vertex 185.972 79.0845 9
    endloop
  endfacet
  facet normal -0.46151 -0.887135 -0
    outer loop
      vertex 186.15 78.9919 9
      vertex 185.972 79.0845 0
      vertex 186.15 78.9919 0
    endloop
  endfacet
  facet normal 0.0439575 0.999033 -0
    outer loop
      vertex 185 74.7 0
      vertex 184.8 74.7088 9
      vertex 185 74.7 9
    endloop
  endfacet
  facet normal 0.0439575 0.999033 0
    outer loop
      vertex 184.8 74.7088 9
      vertex 185 74.7 0
      vertex 184.8 74.7088 0
    endloop
  endfacet
  facet normal 0.976747 -0.214396 -2.35899e-19
    outer loop
      vertex 182.735 77.3994 9
      vertex 182.778 77.5953 0
      vertex 182.778 77.5953 9
    endloop
  endfacet
  facet normal 0.976747 -0.214396 -2.35899e-19
    outer loop
      vertex 182.778 77.5953 0
      vertex 182.735 77.3994 9
      vertex 182.735 77.3994 0
    endloop
  endfacet
  facet normal 0.925276 -0.379293 -2.17125e-19
    outer loop
      vertex 182.839 77.7866 9
      vertex 182.915 77.972 0
      vertex 182.915 77.972 9
    endloop
  endfacet
  facet normal 0.925276 -0.379293 -2.17125e-19
    outer loop
      vertex 182.915 77.972 0
      vertex 182.839 77.7866 9
      vertex 182.839 77.7866 0
    endloop
  endfacet
  facet normal 0.842922 0.538035 -1.46803e-19
    outer loop
      vertex 183.116 75.6808 9
      vertex 183.008 75.85 0
      vertex 183.008 75.85 9
    endloop
  endfacet
  facet normal 0.842922 0.538035 -1.46803e-19
    outer loop
      vertex 183.008 75.85 0
      vertex 183.116 75.6808 9
      vertex 183.116 75.6808 0
    endloop
  endfacet
  facet normal 0.925276 0.379293 2.17125e-19
    outer loop
      vertex 182.915 76.028 9
      vertex 182.839 76.2134 0
      vertex 182.839 76.2134 9
    endloop
  endfacet
  facet normal 0.925276 0.379293 2.17125e-19
    outer loop
      vertex 182.839 76.2134 0
      vertex 182.915 76.028 9
      vertex 182.915 76.028 0
    endloop
  endfacet
  facet normal -0.842922 -0.538035 -1.46803e-19
    outer loop
      vertex 186.992 78.15 0
      vertex 186.884 78.3192 9
      vertex 186.884 78.3192 0
    endloop
  endfacet
  facet normal -0.842922 -0.538035 -1.46803e-19
    outer loop
      vertex 186.884 78.3192 9
      vertex 186.992 78.15 0
      vertex 186.992 78.15 9
    endloop
  endfacet
  facet normal 0.793735 -0.608264 -9.45358e-19
    outer loop
      vertex 183.116 78.3192 9
      vertex 183.238 78.4784 0
      vertex 183.238 78.4784 9
    endloop
  endfacet
  facet normal 0.793735 -0.608264 -9.45358e-19
    outer loop
      vertex 183.238 78.4784 0
      vertex 183.116 78.3192 9
      vertex 183.116 78.3192 0
    endloop
  endfacet
  facet normal 0.0439575 -0.999033 0
    outer loop
      vertex 184.8 79.2912 0
      vertex 185 79.3 9
      vertex 184.8 79.2912 9
    endloop
  endfacet
  facet normal 0.0439575 -0.999033 0
    outer loop
      vertex 185 79.3 9
      vertex 184.8 79.2912 0
      vertex 185 79.3 0
    endloop
  endfacet
  facet normal 0.998994 0.0448426 1.73788e-20
    outer loop
      vertex 182.709 76.7995 9
      vertex 182.7 77 0
      vertex 182.7 77 9
    endloop
  endfacet
  facet normal 0.998994 0.0448426 1.73788e-20
    outer loop
      vertex 182.7 77 0
      vertex 182.709 76.7995 9
      vertex 182.709 76.7995 0
    endloop
  endfacet
  facet normal 0.952736 0.3038 -1.46182e-19
    outer loop
      vertex 182.839 76.2134 9
      vertex 182.778 76.4047 0
      vertex 182.778 76.4047 9
    endloop
  endfacet
  facet normal 0.952736 0.3038 -1.46182e-19
    outer loop
      vertex 182.778 76.4047 0
      vertex 182.839 76.2134 9
      vertex 182.839 76.2134 0
    endloop
  endfacet
  facet normal 0.7361 -0.676873 -9.72995e-20
    outer loop
      vertex 183.238 78.4784 9
      vertex 183.374 78.6263 0
      vertex 183.374 78.6263 9
    endloop
  endfacet
  facet normal 0.7361 -0.676873 -9.72995e-20
    outer loop
      vertex 183.374 78.6263 0
      vertex 183.238 78.4784 9
      vertex 183.238 78.4784 0
    endloop
  endfacet
  facet normal 0.793735 0.608264 9.45358e-19
    outer loop
      vertex 183.238 75.5216 9
      vertex 183.116 75.6808 0
      vertex 183.116 75.6808 9
    endloop
  endfacet
  facet normal 0.793735 0.608264 9.45358e-19
    outer loop
      vertex 183.116 75.6808 0
      vertex 183.238 75.5216 9
      vertex 183.238 75.5216 0
    endloop
  endfacet
  facet normal 0.130042 -0.991508 0
    outer loop
      vertex 184.601 79.2651 0
      vertex 184.8 79.2912 9
      vertex 184.601 79.2651 9
    endloop
  endfacet
  facet normal 0.130042 -0.991508 0
    outer loop
      vertex 184.8 79.2912 9
      vertex 184.601 79.2651 0
      vertex 184.8 79.2912 0
    endloop
  endfacet
  facet normal -0.299633 0.954055 0
    outer loop
      vertex 185.787 74.8387 0
      vertex 185.595 74.7784 9
      vertex 185.787 74.8387 9
    endloop
  endfacet
  facet normal -0.299633 0.954055 0
    outer loop
      vertex 185.595 74.7784 9
      vertex 185.787 74.8387 0
      vertex 185.595 74.7784 0
    endloop
  endfacet
  facet normal 0.976747 0.214396 2.35899e-19
    outer loop
      vertex 182.778 76.4047 9
      vertex 182.735 76.6006 0
      vertex 182.735 76.6006 9
    endloop
  endfacet
  facet normal 0.976747 0.214396 2.35899e-19
    outer loop
      vertex 182.735 76.6006 0
      vertex 182.778 76.4047 9
      vertex 182.778 76.4047 0
    endloop
  endfacet
  facet normal 0.216667 0.976246 -0
    outer loop
      vertex 184.601 74.7349 0
      vertex 184.405 74.7784 9
      vertex 184.601 74.7349 9
    endloop
  endfacet
  facet normal 0.216667 0.976246 0
    outer loop
      vertex 184.405 74.7784 9
      vertex 184.601 74.7349 0
      vertex 184.405 74.7784 0
    endloop
  endfacet
  facet normal 0.675544 0.73732 -0
    outer loop
      vertex 183.522 75.2381 0
      vertex 183.374 75.3737 9
      vertex 183.522 75.2381 9
    endloop
  endfacet
  facet normal 0.675544 0.73732 0
    outer loop
      vertex 183.374 75.3737 9
      vertex 183.522 75.2381 0
      vertex 183.374 75.3737 0
    endloop
  endfacet
  facet normal -0.675544 -0.73732 0
    outer loop
      vertex 186.478 78.7619 0
      vertex 186.626 78.6263 9
      vertex 186.478 78.7619 9
    endloop
  endfacet
  facet normal -0.675544 -0.73732 -0
    outer loop
      vertex 186.626 78.6263 9
      vertex 186.478 78.7619 0
      vertex 186.626 78.6263 0
    endloop
  endfacet
  facet normal -0.216667 -0.976246 0
    outer loop
      vertex 185.399 79.2651 0
      vertex 185.595 79.2216 9
      vertex 185.399 79.2651 9
    endloop
  endfacet
  facet normal -0.216667 -0.976246 -0
    outer loop
      vertex 185.595 79.2216 9
      vertex 185.399 79.2651 0
      vertex 185.595 79.2216 0
    endloop
  endfacet
  facet normal 0.7361 0.676873 9.72995e-20
    outer loop
      vertex 183.374 75.3737 9
      vertex 183.238 75.5216 0
      vertex 183.238 75.5216 9
    endloop
  endfacet
  facet normal 0.7361 0.676873 9.72995e-20
    outer loop
      vertex 183.238 75.5216 0
      vertex 183.374 75.3737 9
      vertex 183.374 75.3737 0
    endloop
  endfacet
  facet normal -0.46151 0.887135 0
    outer loop
      vertex 186.15 75.0081 0
      vertex 185.972 74.9155 9
      vertex 186.15 75.0081 9
    endloop
  endfacet
  facet normal -0.46151 0.887135 0
    outer loop
      vertex 185.972 74.9155 9
      vertex 186.15 75.0081 0
      vertex 185.972 74.9155 0
    endloop
  endfacet
  facet normal 0.538133 -0.84286 0
    outer loop
      vertex 183.681 78.884 0
      vertex 183.85 78.9919 9
      vertex 183.681 78.884 9
    endloop
  endfacet
  facet normal 0.538133 -0.84286 0
    outer loop
      vertex 183.85 78.9919 9
      vertex 183.681 78.884 0
      vertex 183.85 78.9919 0
    endloop
  endfacet
  facet normal 0.991564 0.129616 -2.24999e-19
    outer loop
      vertex 182.735 76.6006 9
      vertex 182.709 76.7995 0
      vertex 182.709 76.7995 9
    endloop
  endfacet
  facet normal 0.991564 0.129616 -2.24999e-19
    outer loop
      vertex 182.709 76.7995 0
      vertex 182.735 76.6006 9
      vertex 182.735 76.6006 0
    endloop
  endfacet
  facet normal -0.60906 0.793124 0
    outer loop
      vertex 186.478 75.2381 0
      vertex 186.319 75.116 9
      vertex 186.478 75.2381 9
    endloop
  endfacet
  facet normal -0.60906 0.793124 0
    outer loop
      vertex 186.319 75.116 9
      vertex 186.478 75.2381 0
      vertex 186.319 75.116 0
    endloop
  endfacet
  facet normal -0.130042 -0.991508 0
    outer loop
      vertex 185.2 79.2912 0
      vertex 185.399 79.2651 9
      vertex 185.2 79.2912 9
    endloop
  endfacet
  facet normal -0.130042 -0.991508 -0
    outer loop
      vertex 185.399 79.2651 9
      vertex 185.2 79.2912 0
      vertex 185.399 79.2651 0
    endloop
  endfacet
  facet normal 0.60906 0.793124 -0
    outer loop
      vertex 183.681 75.116 0
      vertex 183.522 75.2381 9
      vertex 183.681 75.116 9
    endloop
  endfacet
  facet normal 0.60906 0.793124 0
    outer loop
      vertex 183.522 75.2381 9
      vertex 183.681 75.116 0
      vertex 183.522 75.2381 0
    endloop
  endfacet
  facet normal 0.38341 -0.923578 0
    outer loop
      vertex 184.028 79.0845 0
      vertex 184.213 79.1613 9
      vertex 184.028 79.0845 9
    endloop
  endfacet
  facet normal 0.38341 -0.923578 0
    outer loop
      vertex 184.213 79.1613 9
      vertex 184.028 79.0845 0
      vertex 184.213 79.1613 0
    endloop
  endfacet
  facet normal 0.952736 -0.3038 1.46182e-19
    outer loop
      vertex 182.778 77.5953 9
      vertex 182.839 77.7866 0
      vertex 182.839 77.7866 9
    endloop
  endfacet
  facet normal 0.952736 -0.3038 1.46182e-19
    outer loop
      vertex 182.839 77.7866 0
      vertex 182.778 77.5953 9
      vertex 182.778 77.5953 0
    endloop
  endfacet
  facet normal 0.130042 0.991508 -0
    outer loop
      vertex 184.8 74.7088 0
      vertex 184.601 74.7349 9
      vertex 184.8 74.7088 9
    endloop
  endfacet
  facet normal 0.130042 0.991508 0
    outer loop
      vertex 184.601 74.7349 9
      vertex 184.8 74.7088 0
      vertex 184.601 74.7349 0
    endloop
  endfacet
  facet normal 0.299633 -0.954055 0
    outer loop
      vertex 184.213 79.1613 0
      vertex 184.405 79.2216 9
      vertex 184.213 79.1613 9
    endloop
  endfacet
  facet normal 0.299633 -0.954055 0
    outer loop
      vertex 184.405 79.2216 9
      vertex 184.213 79.1613 0
      vertex 184.405 79.2216 0
    endloop
  endfacet
  facet normal -0.952736 0.3038 1.46182e-19
    outer loop
      vertex 187.161 76.2134 0
      vertex 187.222 76.4047 9
      vertex 187.222 76.4047 0
    endloop
  endfacet
  facet normal -0.952736 0.3038 1.46182e-19
    outer loop
      vertex 187.222 76.4047 9
      vertex 187.161 76.2134 0
      vertex 187.161 76.2134 9
    endloop
  endfacet
  facet normal -0.7361 0.676873 -9.72995e-20
    outer loop
      vertex 186.626 75.3737 0
      vertex 186.762 75.5216 9
      vertex 186.762 75.5216 0
    endloop
  endfacet
  facet normal -0.7361 0.676873 -9.72995e-20
    outer loop
      vertex 186.762 75.5216 9
      vertex 186.626 75.3737 0
      vertex 186.626 75.3737 9
    endloop
  endfacet
  facet normal -0.675544 0.73732 0
    outer loop
      vertex 186.626 75.3737 0
      vertex 186.478 75.2381 9
      vertex 186.626 75.3737 9
    endloop
  endfacet
  facet normal -0.675544 0.73732 0
    outer loop
      vertex 186.478 75.2381 9
      vertex 186.626 75.3737 0
      vertex 186.478 75.2381 0
    endloop
  endfacet
  facet normal 0.38341 0.923578 -0
    outer loop
      vertex 184.213 74.8387 0
      vertex 184.028 74.9155 9
      vertex 184.213 74.8387 9
    endloop
  endfacet
  facet normal 0.38341 0.923578 0
    outer loop
      vertex 184.028 74.9155 9
      vertex 184.213 74.8387 0
      vertex 184.028 74.9155 0
    endloop
  endfacet
  facet normal -0.9915 -0.130106 2.29657e-19
    outer loop
      vertex 25.2912 85.2005 0
      vertex 25.2651 85.3994 9
      vertex 25.2651 85.3994 0
    endloop
  endfacet
  facet normal -0.9915 -0.130106 2.29657e-19
    outer loop
      vertex 25.2651 85.3994 9
      vertex 25.2912 85.2005 0
      vertex 25.2912 85.2005 9
    endloop
  endfacet
  facet normal -0.999038 -0.0438481 2.40363e-20
    outer loop
      vertex 25.3 85 0
      vertex 25.2912 85.2005 9
      vertex 25.2912 85.2005 0
    endloop
  endfacet
  facet normal -0.999038 -0.0438481 2.40363e-20
    outer loop
      vertex 25.2912 85.2005 9
      vertex 25.3 85 0
      vertex 25.3 85 9
    endloop
  endfacet
  facet normal -0.976222 -0.216772 -3.5182e-19
    outer loop
      vertex 25.2651 85.3994 0
      vertex 25.2216 85.5953 9
      vertex 25.2216 85.5953 0
    endloop
  endfacet
  facet normal -0.976222 -0.216772 -3.5182e-19
    outer loop
      vertex 25.2216 85.5953 9
      vertex 25.2651 85.3994 0
      vertex 25.2651 85.3994 9
    endloop
  endfacet
  facet normal 0.30063 0.953741 -0
    outer loop
      vertex 22.4047 82.7784 0
      vertex 22.2134 82.8387 9
      vertex 22.4047 82.7784 9
    endloop
  endfacet
  facet normal 0.30063 0.953741 0
    outer loop
      vertex 22.2134 82.8387 9
      vertex 22.4047 82.7784 0
      vertex 22.2134 82.8387 0
    endloop
  endfacet
  facet normal 0.216772 -0.976222 0
    outer loop
      vertex 22.4047 87.2216 0
      vertex 22.6006 87.2651 9
      vertex 22.4047 87.2216 9
    endloop
  endfacet
  facet normal 0.216772 -0.976222 0
    outer loop
      vertex 22.6006 87.2651 9
      vertex 22.4047 87.2216 0
      vertex 22.6006 87.2651 0
    endloop
  endfacet
  facet normal 0.887135 0.46151 1.95975e-19
    outer loop
      vertex 21.0081 83.85 9
      vertex 20.9155 84.028 0
      vertex 20.9155 84.028 9
    endloop
  endfacet
  facet normal 0.887135 0.46151 1.95975e-19
    outer loop
      vertex 20.9155 84.028 0
      vertex 21.0081 83.85 9
      vertex 21.0081 83.85 0
    endloop
  endfacet
  facet normal -0.923871 -0.382704 -4.25056e-19
    outer loop
      vertex 25.1613 85.7866 0
      vertex 25.0845 85.972 9
      vertex 25.0845 85.972 0
    endloop
  endfacet
  facet normal -0.923871 -0.382704 -4.25056e-19
    outer loop
      vertex 25.0845 85.972 9
      vertex 25.1613 85.7866 0
      vertex 25.1613 85.7866 9
    endloop
  endfacet
  facet normal -0.537681 0.843148 0
    outer loop
      vertex 24.3192 83.116 0
      vertex 24.15 83.0081 9
      vertex 24.3192 83.116 9
    endloop
  endfacet
  facet normal -0.537681 0.843148 0
    outer loop
      vertex 24.15 83.0081 9
      vertex 24.3192 83.116 0
      vertex 24.15 83.0081 0
    endloop
  endfacet
  facet normal 0.9915 -0.130106 -2.29657e-19
    outer loop
      vertex 20.7088 85.2005 9
      vertex 20.7349 85.3994 0
      vertex 20.7349 85.3994 9
    endloop
  endfacet
  facet normal 0.9915 -0.130106 -2.29657e-19
    outer loop
      vertex 20.7349 85.3994 0
      vertex 20.7088 85.2005 9
      vertex 20.7088 85.2005 0
    endloop
  endfacet
  facet normal 0.675792 -0.737092 0
    outer loop
      vertex 21.3737 86.6263 0
      vertex 21.5216 86.7619 9
      vertex 21.3737 86.6263 9
    endloop
  endfacet
  facet normal 0.675792 -0.737092 0
    outer loop
      vertex 21.5216 86.7619 9
      vertex 21.3737 86.6263 0
      vertex 21.5216 86.7619 0
    endloop
  endfacet
  facet normal -0.216772 0.976222 0
    outer loop
      vertex 23.5953 82.7784 0
      vertex 23.3994 82.7349 9
      vertex 23.5953 82.7784 9
    endloop
  endfacet
  facet normal -0.216772 0.976222 0
    outer loop
      vertex 23.3994 82.7349 9
      vertex 23.5953 82.7784 0
      vertex 23.3994 82.7349 0
    endloop
  endfacet
  facet normal 0.887135 -0.46151 -1.95975e-19
    outer loop
      vertex 20.9155 85.972 9
      vertex 21.0081 86.15 0
      vertex 21.0081 86.15 9
    endloop
  endfacet
  facet normal 0.887135 -0.46151 -1.95975e-19
    outer loop
      vertex 21.0081 86.15 0
      vertex 20.9155 85.972 9
      vertex 20.9155 85.972 0
    endloop
  endfacet
  facet normal -0.887135 -0.46151 1.95975e-19
    outer loop
      vertex 25.0845 85.972 0
      vertex 24.9919 86.15 9
      vertex 24.9919 86.15 0
    endloop
  endfacet
  facet normal -0.887135 -0.46151 1.95975e-19
    outer loop
      vertex 24.9919 86.15 9
      vertex 25.0845 85.972 0
      vertex 25.0845 85.972 9
    endloop
  endfacet
  facet normal -0.793494 0.608578 1.99e-19
    outer loop
      vertex 24.7619 83.5216 0
      vertex 24.884 83.6808 9
      vertex 24.884 83.6808 0
    endloop
  endfacet
  facet normal -0.793494 0.608578 1.99e-19
    outer loop
      vertex 24.884 83.6808 9
      vertex 24.7619 83.5216 0
      vertex 24.7619 83.5216 9
    endloop
  endfacet
  facet normal 0.46151 0.887135 -0
    outer loop
      vertex 22.028 82.9155 0
      vertex 21.85 83.0081 9
      vertex 22.028 82.9155 9
    endloop
  endfacet
  facet normal 0.46151 0.887135 0
    outer loop
      vertex 21.85 83.0081 9
      vertex 22.028 82.9155 0
      vertex 21.85 83.0081 0
    endloop
  endfacet
  facet normal -0.608578 -0.793494 0
    outer loop
      vertex 24.3192 86.884 0
      vertex 24.4784 86.7619 9
      vertex 24.3192 86.884 9
    endloop
  endfacet
  facet normal -0.608578 -0.793494 -0
    outer loop
      vertex 24.4784 86.7619 9
      vertex 24.3192 86.884 0
      vertex 24.4784 86.7619 0
    endloop
  endfacet
  facet normal 0.608578 -0.793494 0
    outer loop
      vertex 21.5216 86.7619 0
      vertex 21.6808 86.884 9
      vertex 21.5216 86.7619 9
    endloop
  endfacet
  facet normal 0.608578 -0.793494 0
    outer loop
      vertex 21.6808 86.884 9
      vertex 21.5216 86.7619 0
      vertex 21.6808 86.884 0
    endloop
  endfacet
  facet normal -0.0438481 -0.999038 0
    outer loop
      vertex 23 87.3 0
      vertex 23.2005 87.2912 9
      vertex 23 87.3 9
    endloop
  endfacet
  facet normal -0.0438481 -0.999038 -0
    outer loop
      vertex 23.2005 87.2912 9
      vertex 23 87.3 0
      vertex 23.2005 87.2912 0
    endloop
  endfacet
  facet normal 0.537681 0.843148 -0
    outer loop
      vertex 21.85 83.0081 0
      vertex 21.6808 83.116 9
      vertex 21.85 83.0081 9
    endloop
  endfacet
  facet normal 0.537681 0.843148 0
    outer loop
      vertex 21.6808 83.116 9
      vertex 21.85 83.0081 0
      vertex 21.6808 83.116 0
    endloop
  endfacet
  facet normal -0.793494 -0.608578 -1.99e-19
    outer loop
      vertex 24.884 86.3192 0
      vertex 24.7619 86.4784 9
      vertex 24.7619 86.4784 0
    endloop
  endfacet
  facet normal -0.793494 -0.608578 -1.99e-19
    outer loop
      vertex 24.7619 86.4784 9
      vertex 24.884 86.3192 0
      vertex 24.884 86.3192 9
    endloop
  endfacet
  facet normal 0.130106 -0.9915 0
    outer loop
      vertex 22.6006 87.2651 0
      vertex 22.7995 87.2912 9
      vertex 22.6006 87.2651 9
    endloop
  endfacet
  facet normal 0.130106 -0.9915 0
    outer loop
      vertex 22.7995 87.2912 9
      vertex 22.6006 87.2651 0
      vertex 22.7995 87.2912 0
    endloop
  endfacet
  facet normal -0.537681 -0.843148 0
    outer loop
      vertex 24.15 86.9919 0
      vertex 24.3192 86.884 9
      vertex 24.15 86.9919 9
    endloop
  endfacet
  facet normal -0.537681 -0.843148 -0
    outer loop
      vertex 24.3192 86.884 9
      vertex 24.15 86.9919 0
      vertex 24.3192 86.884 0
    endloop
  endfacet
  facet normal -0.999038 0.0438481 -2.40363e-20
    outer loop
      vertex 25.2912 84.7995 0
      vertex 25.3 85 9
      vertex 25.3 85 0
    endloop
  endfacet
  facet normal -0.999038 0.0438481 -2.40363e-20
    outer loop
      vertex 25.3 85 9
      vertex 25.2912 84.7995 0
      vertex 25.2912 84.7995 9
    endloop
  endfacet
  facet normal 0.46151 -0.887135 0
    outer loop
      vertex 21.85 86.9919 0
      vertex 22.028 87.0845 9
      vertex 21.85 86.9919 9
    endloop
  endfacet
  facet normal 0.46151 -0.887135 0
    outer loop
      vertex 22.028 87.0845 9
      vertex 21.85 86.9919 0
      vertex 22.028 87.0845 0
    endloop
  endfacet
  facet normal -0.887135 0.46151 -1.95975e-19
    outer loop
      vertex 24.9919 83.85 0
      vertex 25.0845 84.028 9
      vertex 25.0845 84.028 0
    endloop
  endfacet
  facet normal -0.887135 0.46151 -1.95975e-19
    outer loop
      vertex 25.0845 84.028 9
      vertex 24.9919 83.85 0
      vertex 24.9919 83.85 9
    endloop
  endfacet
  facet normal -0.953741 -0.30063 -2.34819e-19
    outer loop
      vertex 25.2216 85.5953 0
      vertex 25.1613 85.7866 9
      vertex 25.1613 85.7866 0
    endloop
  endfacet
  facet normal -0.953741 -0.30063 -2.34819e-19
    outer loop
      vertex 25.1613 85.7866 9
      vertex 25.2216 85.5953 0
      vertex 25.2216 85.5953 9
    endloop
  endfacet
  facet normal -0.923871 0.382704 4.25056e-19
    outer loop
      vertex 25.0845 84.028 0
      vertex 25.1613 84.2134 9
      vertex 25.1613 84.2134 0
    endloop
  endfacet
  facet normal -0.923871 0.382704 4.25056e-19
    outer loop
      vertex 25.1613 84.2134 9
      vertex 25.0845 84.028 0
      vertex 25.0845 84.028 9
    endloop
  endfacet
  facet normal 0.0438481 -0.999038 0
    outer loop
      vertex 22.7995 87.2912 0
      vertex 23 87.3 9
      vertex 22.7995 87.2912 9
    endloop
  endfacet
  facet normal 0.0438481 -0.999038 0
    outer loop
      vertex 23 87.3 9
      vertex 22.7995 87.2912 0
      vertex 23 87.3 0
    endloop
  endfacet
  facet normal -0.382704 -0.923871 0
    outer loop
      vertex 23.7866 87.1613 0
      vertex 23.972 87.0845 9
      vertex 23.7866 87.1613 9
    endloop
  endfacet
  facet normal -0.382704 -0.923871 -0
    outer loop
      vertex 23.972 87.0845 9
      vertex 23.7866 87.1613 0
      vertex 23.972 87.0845 0
    endloop
  endfacet
  facet normal -0.0438481 0.999038 0
    outer loop
      vertex 23.2005 82.7088 0
      vertex 23 82.7 9
      vertex 23.2005 82.7088 9
    endloop
  endfacet
  facet normal -0.0438481 0.999038 0
    outer loop
      vertex 23 82.7 9
      vertex 23.2005 82.7088 0
      vertex 23 82.7 0
    endloop
  endfacet
  facet normal -0.30063 -0.953741 0
    outer loop
      vertex 23.5953 87.2216 0
      vertex 23.7866 87.1613 9
      vertex 23.5953 87.2216 9
    endloop
  endfacet
  facet normal -0.30063 -0.953741 -0
    outer loop
      vertex 23.7866 87.1613 9
      vertex 23.5953 87.2216 0
      vertex 23.7866 87.1613 0
    endloop
  endfacet
  facet normal -0.976222 0.216772 3.5182e-19
    outer loop
      vertex 25.2216 84.4047 0
      vertex 25.2651 84.6006 9
      vertex 25.2651 84.6006 0
    endloop
  endfacet
  facet normal -0.976222 0.216772 3.5182e-19
    outer loop
      vertex 25.2651 84.6006 9
      vertex 25.2216 84.4047 0
      vertex 25.2216 84.4047 9
    endloop
  endfacet
  facet normal -0.9915 0.130106 -2.29657e-19
    outer loop
      vertex 25.2651 84.6006 0
      vertex 25.2912 84.7995 9
      vertex 25.2912 84.7995 0
    endloop
  endfacet
  facet normal -0.9915 0.130106 -2.29657e-19
    outer loop
      vertex 25.2912 84.7995 9
      vertex 25.2651 84.6006 0
      vertex 25.2651 84.6006 9
    endloop
  endfacet
  facet normal -0.737092 -0.675792 -1.20001e-19
    outer loop
      vertex 24.7619 86.4784 0
      vertex 24.6263 86.6263 9
      vertex 24.6263 86.6263 0
    endloop
  endfacet
  facet normal -0.737092 -0.675792 -1.20001e-19
    outer loop
      vertex 24.6263 86.6263 9
      vertex 24.7619 86.4784 0
      vertex 24.7619 86.4784 9
    endloop
  endfacet
  facet normal -0.382704 0.923871 0
    outer loop
      vertex 23.972 82.9155 0
      vertex 23.7866 82.8387 9
      vertex 23.972 82.9155 9
    endloop
  endfacet
  facet normal -0.382704 0.923871 0
    outer loop
      vertex 23.7866 82.8387 9
      vertex 23.972 82.9155 0
      vertex 23.7866 82.8387 0
    endloop
  endfacet
  facet normal -0.130106 0.9915 0
    outer loop
      vertex 23.3994 82.7349 0
      vertex 23.2005 82.7088 9
      vertex 23.3994 82.7349 9
    endloop
  endfacet
  facet normal -0.130106 0.9915 0
    outer loop
      vertex 23.2005 82.7088 9
      vertex 23.3994 82.7349 0
      vertex 23.2005 82.7088 0
    endloop
  endfacet
  facet normal -0.843148 0.537681 -9.11405e-19
    outer loop
      vertex 24.884 83.6808 0
      vertex 24.9919 83.85 9
      vertex 24.9919 83.85 0
    endloop
  endfacet
  facet normal -0.843148 0.537681 -9.11405e-19
    outer loop
      vertex 24.9919 83.85 9
      vertex 24.884 83.6808 0
      vertex 24.884 83.6808 9
    endloop
  endfacet
  facet normal 0.999038 -0.0438481 -2.40363e-20
    outer loop
      vertex 20.7 85 9
      vertex 20.7088 85.2005 0
      vertex 20.7088 85.2005 9
    endloop
  endfacet
  facet normal 0.999038 -0.0438481 -2.40363e-20
    outer loop
      vertex 20.7088 85.2005 0
      vertex 20.7 85 9
      vertex 20.7 85 0
    endloop
  endfacet
  facet normal 0.843374 -0.537327 4.52431e-19
    outer loop
      vertex 21.0081 86.15 9
      vertex 21.1159 86.3192 0
      vertex 21.1159 86.3192 9
    endloop
  endfacet
  facet normal 0.843374 -0.537327 4.52431e-19
    outer loop
      vertex 21.1159 86.3192 0
      vertex 21.0081 86.15 9
      vertex 21.0081 86.15 0
    endloop
  endfacet
  facet normal -0.46151 -0.887135 0
    outer loop
      vertex 23.972 87.0845 0
      vertex 24.15 86.9919 9
      vertex 23.972 87.0845 9
    endloop
  endfacet
  facet normal -0.46151 -0.887135 -0
    outer loop
      vertex 24.15 86.9919 9
      vertex 23.972 87.0845 0
      vertex 24.15 86.9919 0
    endloop
  endfacet
  facet normal 0.0438481 0.999038 -0
    outer loop
      vertex 23 82.7 0
      vertex 22.7995 82.7088 9
      vertex 23 82.7 9
    endloop
  endfacet
  facet normal 0.0438481 0.999038 0
    outer loop
      vertex 22.7995 82.7088 9
      vertex 23 82.7 0
      vertex 22.7995 82.7088 0
    endloop
  endfacet
  facet normal 0.976222 -0.216772 3.5182e-19
    outer loop
      vertex 20.7349 85.3994 9
      vertex 20.7784 85.5953 0
      vertex 20.7784 85.5953 9
    endloop
  endfacet
  facet normal 0.976222 -0.216772 3.5182e-19
    outer loop
      vertex 20.7784 85.5953 0
      vertex 20.7349 85.3994 9
      vertex 20.7349 85.3994 0
    endloop
  endfacet
  facet normal 0.923871 -0.382704 4.25056e-19
    outer loop
      vertex 20.8387 85.7866 9
      vertex 20.9155 85.972 0
      vertex 20.9155 85.972 9
    endloop
  endfacet
  facet normal 0.923871 -0.382704 4.25056e-19
    outer loop
      vertex 20.9155 85.972 0
      vertex 20.8387 85.7866 9
      vertex 20.8387 85.7866 0
    endloop
  endfacet
  facet normal 0.843374 0.537327 -4.52431e-19
    outer loop
      vertex 21.1159 83.6808 9
      vertex 21.0081 83.85 0
      vertex 21.0081 83.85 9
    endloop
  endfacet
  facet normal 0.843374 0.537327 -4.52431e-19
    outer loop
      vertex 21.0081 83.85 0
      vertex 21.1159 83.6808 9
      vertex 21.1159 83.6808 0
    endloop
  endfacet
  facet normal 0.923871 0.382704 -4.25056e-19
    outer loop
      vertex 20.9155 84.028 9
      vertex 20.8387 84.2134 0
      vertex 20.8387 84.2134 9
    endloop
  endfacet
  facet normal 0.923871 0.382704 -4.25056e-19
    outer loop
      vertex 20.8387 84.2134 0
      vertex 20.9155 84.028 9
      vertex 20.9155 84.028 0
    endloop
  endfacet
  facet normal -0.843148 -0.537681 9.11405e-19
    outer loop
      vertex 24.9919 86.15 0
      vertex 24.884 86.3192 9
      vertex 24.884 86.3192 0
    endloop
  endfacet
  facet normal -0.843148 -0.537681 9.11405e-19
    outer loop
      vertex 24.884 86.3192 9
      vertex 24.9919 86.15 0
      vertex 24.9919 86.15 9
    endloop
  endfacet
  facet normal 0.793253 -0.608892 -7.37968e-19
    outer loop
      vertex 21.1159 86.3192 9
      vertex 21.2381 86.4784 0
      vertex 21.2381 86.4784 9
    endloop
  endfacet
  facet normal 0.793253 -0.608892 -7.37968e-19
    outer loop
      vertex 21.2381 86.4784 0
      vertex 21.1159 86.3192 9
      vertex 21.1159 86.3192 0
    endloop
  endfacet
  facet normal 0.999038 0.0438481 2.40363e-20
    outer loop
      vertex 20.7088 84.7995 9
      vertex 20.7 85 0
      vertex 20.7 85 9
    endloop
  endfacet
  facet normal 0.999038 0.0438481 2.40363e-20
    outer loop
      vertex 20.7 85 0
      vertex 20.7088 84.7995 9
      vertex 20.7088 84.7995 0
    endloop
  endfacet
  facet normal 0.953741 0.30063 -2.34819e-19
    outer loop
      vertex 20.8387 84.2134 9
      vertex 20.7784 84.4047 0
      vertex 20.7784 84.4047 9
    endloop
  endfacet
  facet normal 0.953741 0.30063 -2.34819e-19
    outer loop
      vertex 20.7784 84.4047 0
      vertex 20.8387 84.2134 9
      vertex 20.8387 84.2134 0
    endloop
  endfacet
  facet normal 0.737092 -0.675792 1.20001e-19
    outer loop
      vertex 21.2381 86.4784 9
      vertex 21.3737 86.6263 0
      vertex 21.3737 86.6263 9
    endloop
  endfacet
  facet normal 0.737092 -0.675792 1.20001e-19
    outer loop
      vertex 21.3737 86.6263 0
      vertex 21.2381 86.4784 9
      vertex 21.2381 86.4784 0
    endloop
  endfacet
  facet normal 0.793253 0.608892 7.37968e-19
    outer loop
      vertex 21.2381 83.5216 9
      vertex 21.1159 83.6808 0
      vertex 21.1159 83.6808 9
    endloop
  endfacet
  facet normal 0.793253 0.608892 7.37968e-19
    outer loop
      vertex 21.1159 83.6808 0
      vertex 21.2381 83.5216 9
      vertex 21.2381 83.5216 0
    endloop
  endfacet
  facet normal -0.30063 0.953741 0
    outer loop
      vertex 23.7866 82.8387 0
      vertex 23.5953 82.7784 9
      vertex 23.7866 82.8387 9
    endloop
  endfacet
  facet normal -0.30063 0.953741 0
    outer loop
      vertex 23.5953 82.7784 9
      vertex 23.7866 82.8387 0
      vertex 23.5953 82.7784 0
    endloop
  endfacet
  facet normal 0.216772 0.976222 -0
    outer loop
      vertex 22.6006 82.7349 0
      vertex 22.4047 82.7784 9
      vertex 22.6006 82.7349 9
    endloop
  endfacet
  facet normal 0.216772 0.976222 0
    outer loop
      vertex 22.4047 82.7784 9
      vertex 22.6006 82.7349 0
      vertex 22.4047 82.7784 0
    endloop
  endfacet
  facet normal 0.675792 0.737092 -0
    outer loop
      vertex 21.5216 83.2381 0
      vertex 21.3737 83.3737 9
      vertex 21.5216 83.2381 9
    endloop
  endfacet
  facet normal 0.675792 0.737092 0
    outer loop
      vertex 21.3737 83.3737 9
      vertex 21.5216 83.2381 0
      vertex 21.3737 83.3737 0
    endloop
  endfacet
  facet normal -0.675792 -0.737092 0
    outer loop
      vertex 24.4784 86.7619 0
      vertex 24.6263 86.6263 9
      vertex 24.4784 86.7619 9
    endloop
  endfacet
  facet normal -0.675792 -0.737092 -0
    outer loop
      vertex 24.6263 86.6263 9
      vertex 24.4784 86.7619 0
      vertex 24.6263 86.6263 0
    endloop
  endfacet
  facet normal -0.216772 -0.976222 0
    outer loop
      vertex 23.3994 87.2651 0
      vertex 23.5953 87.2216 9
      vertex 23.3994 87.2651 9
    endloop
  endfacet
  facet normal -0.216772 -0.976222 -0
    outer loop
      vertex 23.5953 87.2216 9
      vertex 23.3994 87.2651 0
      vertex 23.5953 87.2216 0
    endloop
  endfacet
  facet normal 0.976222 0.216772 -3.5182e-19
    outer loop
      vertex 20.7784 84.4047 9
      vertex 20.7349 84.6006 0
      vertex 20.7349 84.6006 9
    endloop
  endfacet
  facet normal 0.976222 0.216772 -3.5182e-19
    outer loop
      vertex 20.7349 84.6006 0
      vertex 20.7784 84.4047 9
      vertex 20.7784 84.4047 0
    endloop
  endfacet
  facet normal 0.737092 0.675792 -1.20001e-19
    outer loop
      vertex 21.3737 83.3737 9
      vertex 21.2381 83.5216 0
      vertex 21.2381 83.5216 9
    endloop
  endfacet
  facet normal 0.737092 0.675792 -1.20001e-19
    outer loop
      vertex 21.2381 83.5216 0
      vertex 21.3737 83.3737 9
      vertex 21.3737 83.3737 0
    endloop
  endfacet
  facet normal -0.46151 0.887135 0
    outer loop
      vertex 24.15 83.0081 0
      vertex 23.972 82.9155 9
      vertex 24.15 83.0081 9
    endloop
  endfacet
  facet normal -0.46151 0.887135 0
    outer loop
      vertex 23.972 82.9155 9
      vertex 24.15 83.0081 0
      vertex 23.972 82.9155 0
    endloop
  endfacet
  facet normal 0.537681 -0.843148 0
    outer loop
      vertex 21.6808 86.884 0
      vertex 21.85 86.9919 9
      vertex 21.6808 86.884 9
    endloop
  endfacet
  facet normal 0.537681 -0.843148 0
    outer loop
      vertex 21.85 86.9919 9
      vertex 21.6808 86.884 0
      vertex 21.85 86.9919 0
    endloop
  endfacet
  facet normal 0.9915 0.130106 2.29657e-19
    outer loop
      vertex 20.7349 84.6006 9
      vertex 20.7088 84.7995 0
      vertex 20.7088 84.7995 9
    endloop
  endfacet
  facet normal 0.9915 0.130106 2.29657e-19
    outer loop
      vertex 20.7088 84.7995 0
      vertex 20.7349 84.6006 9
      vertex 20.7349 84.6006 0
    endloop
  endfacet
  facet normal -0.608578 0.793494 0
    outer loop
      vertex 24.4784 83.2381 0
      vertex 24.3192 83.116 9
      vertex 24.4784 83.2381 9
    endloop
  endfacet
  facet normal -0.608578 0.793494 0
    outer loop
      vertex 24.3192 83.116 9
      vertex 24.4784 83.2381 0
      vertex 24.3192 83.116 0
    endloop
  endfacet
  facet normal -0.130106 -0.9915 0
    outer loop
      vertex 23.2005 87.2912 0
      vertex 23.3994 87.2651 9
      vertex 23.2005 87.2912 9
    endloop
  endfacet
  facet normal -0.130106 -0.9915 -0
    outer loop
      vertex 23.3994 87.2651 9
      vertex 23.2005 87.2912 0
      vertex 23.3994 87.2651 0
    endloop
  endfacet
  facet normal 0.608578 0.793494 -0
    outer loop
      vertex 21.6808 83.116 0
      vertex 21.5216 83.2381 9
      vertex 21.6808 83.116 9
    endloop
  endfacet
  facet normal 0.608578 0.793494 0
    outer loop
      vertex 21.5216 83.2381 9
      vertex 21.6808 83.116 0
      vertex 21.5216 83.2381 0
    endloop
  endfacet
  facet normal 0.382704 -0.923871 0
    outer loop
      vertex 22.028 87.0845 0
      vertex 22.2134 87.1613 9
      vertex 22.028 87.0845 9
    endloop
  endfacet
  facet normal 0.382704 -0.923871 0
    outer loop
      vertex 22.2134 87.1613 9
      vertex 22.028 87.0845 0
      vertex 22.2134 87.1613 0
    endloop
  endfacet
  facet normal 0.953741 -0.30063 2.34819e-19
    outer loop
      vertex 20.7784 85.5953 9
      vertex 20.8387 85.7866 0
      vertex 20.8387 85.7866 9
    endloop
  endfacet
  facet normal 0.953741 -0.30063 2.34819e-19
    outer loop
      vertex 20.8387 85.7866 0
      vertex 20.7784 85.5953 9
      vertex 20.7784 85.5953 0
    endloop
  endfacet
  facet normal 0.130106 0.9915 -0
    outer loop
      vertex 22.7995 82.7088 0
      vertex 22.6006 82.7349 9
      vertex 22.7995 82.7088 9
    endloop
  endfacet
  facet normal 0.130106 0.9915 0
    outer loop
      vertex 22.6006 82.7349 9
      vertex 22.7995 82.7088 0
      vertex 22.6006 82.7349 0
    endloop
  endfacet
  facet normal 0.30063 -0.953741 0
    outer loop
      vertex 22.2134 87.1613 0
      vertex 22.4047 87.2216 9
      vertex 22.2134 87.1613 9
    endloop
  endfacet
  facet normal 0.30063 -0.953741 0
    outer loop
      vertex 22.4047 87.2216 9
      vertex 22.2134 87.1613 0
      vertex 22.4047 87.2216 0
    endloop
  endfacet
  facet normal -0.953741 0.30063 2.34819e-19
    outer loop
      vertex 25.1613 84.2134 0
      vertex 25.2216 84.4047 9
      vertex 25.2216 84.4047 0
    endloop
  endfacet
  facet normal -0.953741 0.30063 2.34819e-19
    outer loop
      vertex 25.2216 84.4047 9
      vertex 25.1613 84.2134 0
      vertex 25.1613 84.2134 9
    endloop
  endfacet
  facet normal -0.737092 0.675792 1.20001e-19
    outer loop
      vertex 24.6263 83.3737 0
      vertex 24.7619 83.5216 9
      vertex 24.7619 83.5216 0
    endloop
  endfacet
  facet normal -0.737092 0.675792 1.20001e-19
    outer loop
      vertex 24.7619 83.5216 9
      vertex 24.6263 83.3737 0
      vertex 24.6263 83.3737 9
    endloop
  endfacet
  facet normal -0.675792 0.737092 0
    outer loop
      vertex 24.6263 83.3737 0
      vertex 24.4784 83.2381 9
      vertex 24.6263 83.3737 9
    endloop
  endfacet
  facet normal -0.675792 0.737092 0
    outer loop
      vertex 24.4784 83.2381 9
      vertex 24.6263 83.3737 0
      vertex 24.4784 83.2381 0
    endloop
  endfacet
  facet normal 0.382704 0.923871 -0
    outer loop
      vertex 22.2134 82.8387 0
      vertex 22.028 82.9155 9
      vertex 22.2134 82.8387 9
    endloop
  endfacet
  facet normal 0.382704 0.923871 0
    outer loop
      vertex 22.028 82.9155 9
      vertex 22.2134 82.8387 0
      vertex 22.028 82.9155 0
    endloop
  endfacet
  facet normal -0.991564 -0.129616 -2.24999e-19
    outer loop
      vertex 195.291 85.2005 0
      vertex 195.265 85.3994 9
      vertex 195.265 85.3994 0
    endloop
  endfacet
  facet normal -0.991564 -0.129616 -2.24999e-19
    outer loop
      vertex 195.265 85.3994 9
      vertex 195.291 85.2005 0
      vertex 195.291 85.2005 9
    endloop
  endfacet
  facet normal -0.998994 -0.0448426 1.73788e-20
    outer loop
      vertex 195.3 85 0
      vertex 195.291 85.2005 9
      vertex 195.291 85.2005 0
    endloop
  endfacet
  facet normal -0.998994 -0.0448426 1.73788e-20
    outer loop
      vertex 195.291 85.2005 9
      vertex 195.3 85 0
      vertex 195.3 85 9
    endloop
  endfacet
  facet normal -0.976747 -0.214396 2.35899e-19
    outer loop
      vertex 195.265 85.3994 0
      vertex 195.222 85.5953 9
      vertex 195.222 85.5953 0
    endloop
  endfacet
  facet normal -0.976747 -0.214396 2.35899e-19
    outer loop
      vertex 195.222 85.5953 9
      vertex 195.265 85.3994 0
      vertex 195.265 85.3994 9
    endloop
  endfacet
  facet normal 0.299633 0.954055 -0
    outer loop
      vertex 192.405 82.7784 0
      vertex 192.213 82.8387 9
      vertex 192.405 82.7784 9
    endloop
  endfacet
  facet normal 0.299633 0.954055 0
    outer loop
      vertex 192.213 82.8387 9
      vertex 192.405 82.7784 0
      vertex 192.213 82.8387 0
    endloop
  endfacet
  facet normal 0.216667 -0.976246 0
    outer loop
      vertex 192.405 87.2216 0
      vertex 192.601 87.2651 9
      vertex 192.405 87.2216 9
    endloop
  endfacet
  facet normal 0.216667 -0.976246 0
    outer loop
      vertex 192.601 87.2651 9
      vertex 192.405 87.2216 0
      vertex 192.601 87.2651 0
    endloop
  endfacet
  facet normal 0.886318 0.463076 1.88449e-19
    outer loop
      vertex 191.008 83.85 9
      vertex 190.915 84.028 0
      vertex 190.915 84.028 9
    endloop
  endfacet
  facet normal 0.886318 0.463076 1.88449e-19
    outer loop
      vertex 190.915 84.028 0
      vertex 191.008 83.85 9
      vertex 191.008 83.85 0
    endloop
  endfacet
  facet normal -0.925276 -0.379293 2.17125e-19
    outer loop
      vertex 195.161 85.7866 0
      vertex 195.085 85.972 9
      vertex 195.085 85.972 0
    endloop
  endfacet
  facet normal -0.925276 -0.379293 2.17125e-19
    outer loop
      vertex 195.085 85.972 9
      vertex 195.161 85.7866 0
      vertex 195.161 85.7866 9
    endloop
  endfacet
  facet normal -0.538133 0.84286 0
    outer loop
      vertex 194.319 83.116 0
      vertex 194.15 83.0081 9
      vertex 194.319 83.116 9
    endloop
  endfacet
  facet normal -0.538133 0.84286 0
    outer loop
      vertex 194.15 83.0081 9
      vertex 194.319 83.116 0
      vertex 194.15 83.0081 0
    endloop
  endfacet
  facet normal 0.991564 -0.129616 2.24999e-19
    outer loop
      vertex 190.709 85.2005 9
      vertex 190.735 85.3994 0
      vertex 190.735 85.3994 9
    endloop
  endfacet
  facet normal 0.991564 -0.129616 2.24999e-19
    outer loop
      vertex 190.735 85.3994 0
      vertex 190.709 85.2005 9
      vertex 190.709 85.2005 0
    endloop
  endfacet
  facet normal 0.675544 -0.73732 0
    outer loop
      vertex 191.374 86.6263 0
      vertex 191.522 86.7619 9
      vertex 191.374 86.6263 9
    endloop
  endfacet
  facet normal 0.675544 -0.73732 0
    outer loop
      vertex 191.522 86.7619 9
      vertex 191.374 86.6263 0
      vertex 191.522 86.7619 0
    endloop
  endfacet
  facet normal -0.216667 0.976246 0
    outer loop
      vertex 193.595 82.7784 0
      vertex 193.399 82.7349 9
      vertex 193.595 82.7784 9
    endloop
  endfacet
  facet normal -0.216667 0.976246 0
    outer loop
      vertex 193.399 82.7349 9
      vertex 193.595 82.7784 0
      vertex 193.399 82.7349 0
    endloop
  endfacet
  facet normal 0.886318 -0.463076 -1.88449e-19
    outer loop
      vertex 190.915 85.972 9
      vertex 191.008 86.15 0
      vertex 191.008 86.15 9
    endloop
  endfacet
  facet normal 0.886318 -0.463076 -1.88449e-19
    outer loop
      vertex 191.008 86.15 0
      vertex 190.915 85.972 9
      vertex 190.915 85.972 0
    endloop
  endfacet
  facet normal -0.886318 -0.463076 1.88449e-19
    outer loop
      vertex 195.085 85.972 0
      vertex 194.992 86.15 9
      vertex 194.992 86.15 0
    endloop
  endfacet
  facet normal -0.886318 -0.463076 1.88449e-19
    outer loop
      vertex 194.992 86.15 9
      vertex 195.085 85.972 0
      vertex 195.085 85.972 9
    endloop
  endfacet
  facet normal -0.793735 0.608264 -9.45358e-19
    outer loop
      vertex 194.762 83.5216 0
      vertex 194.884 83.6808 9
      vertex 194.884 83.6808 0
    endloop
  endfacet
  facet normal -0.793735 0.608264 -9.45358e-19
    outer loop
      vertex 194.884 83.6808 9
      vertex 194.762 83.5216 0
      vertex 194.762 83.5216 9
    endloop
  endfacet
  facet normal 0.46151 0.887135 -0
    outer loop
      vertex 192.028 82.9155 0
      vertex 191.85 83.0081 9
      vertex 192.028 82.9155 9
    endloop
  endfacet
  facet normal 0.46151 0.887135 0
    outer loop
      vertex 191.85 83.0081 9
      vertex 192.028 82.9155 0
      vertex 191.85 83.0081 0
    endloop
  endfacet
  facet normal -0.60906 -0.793124 0
    outer loop
      vertex 194.319 86.884 0
      vertex 194.478 86.7619 9
      vertex 194.319 86.884 9
    endloop
  endfacet
  facet normal -0.60906 -0.793124 -0
    outer loop
      vertex 194.478 86.7619 9
      vertex 194.319 86.884 0
      vertex 194.478 86.7619 0
    endloop
  endfacet
  facet normal 0.60906 -0.793124 0
    outer loop
      vertex 191.522 86.7619 0
      vertex 191.681 86.884 9
      vertex 191.522 86.7619 9
    endloop
  endfacet
  facet normal 0.60906 -0.793124 0
    outer loop
      vertex 191.681 86.884 9
      vertex 191.522 86.7619 0
      vertex 191.681 86.884 0
    endloop
  endfacet
  facet normal -0.0439575 -0.999033 0
    outer loop
      vertex 193 87.3 0
      vertex 193.2 87.2912 9
      vertex 193 87.3 9
    endloop
  endfacet
  facet normal -0.0439575 -0.999033 -0
    outer loop
      vertex 193.2 87.2912 9
      vertex 193 87.3 0
      vertex 193.2 87.2912 0
    endloop
  endfacet
  facet normal 0.538133 0.84286 -0
    outer loop
      vertex 191.85 83.0081 0
      vertex 191.681 83.116 9
      vertex 191.85 83.0081 9
    endloop
  endfacet
  facet normal 0.538133 0.84286 0
    outer loop
      vertex 191.681 83.116 9
      vertex 191.85 83.0081 0
      vertex 191.681 83.116 0
    endloop
  endfacet
  facet normal -0.793735 -0.608264 9.45358e-19
    outer loop
      vertex 194.884 86.3192 0
      vertex 194.762 86.4784 9
      vertex 194.762 86.4784 0
    endloop
  endfacet
  facet normal -0.793735 -0.608264 9.45358e-19
    outer loop
      vertex 194.762 86.4784 9
      vertex 194.884 86.3192 0
      vertex 194.884 86.3192 9
    endloop
  endfacet
  facet normal -0.538133 -0.84286 0
    outer loop
      vertex 194.15 86.9919 0
      vertex 194.319 86.884 9
      vertex 194.15 86.9919 9
    endloop
  endfacet
  facet normal -0.538133 -0.84286 -0
    outer loop
      vertex 194.319 86.884 9
      vertex 194.15 86.9919 0
      vertex 194.319 86.884 0
    endloop
  endfacet
  facet normal -0.998994 0.0448426 -1.73788e-20
    outer loop
      vertex 195.291 84.7995 0
      vertex 195.3 85 9
      vertex 195.3 85 0
    endloop
  endfacet
  facet normal -0.998994 0.0448426 -1.73788e-20
    outer loop
      vertex 195.3 85 9
      vertex 195.291 84.7995 0
      vertex 195.291 84.7995 9
    endloop
  endfacet
  facet normal 0.46151 -0.887135 0
    outer loop
      vertex 191.85 86.9919 0
      vertex 192.028 87.0845 9
      vertex 191.85 86.9919 9
    endloop
  endfacet
  facet normal 0.46151 -0.887135 0
    outer loop
      vertex 192.028 87.0845 9
      vertex 191.85 86.9919 0
      vertex 192.028 87.0845 0
    endloop
  endfacet
  facet normal -0.886318 0.463076 -1.88449e-19
    outer loop
      vertex 194.992 83.85 0
      vertex 195.085 84.028 9
      vertex 195.085 84.028 0
    endloop
  endfacet
  facet normal -0.886318 0.463076 -1.88449e-19
    outer loop
      vertex 195.085 84.028 9
      vertex 194.992 83.85 0
      vertex 194.992 83.85 9
    endloop
  endfacet
  facet normal -0.952736 -0.3038 -1.46182e-19
    outer loop
      vertex 195.222 85.5953 0
      vertex 195.161 85.7866 9
      vertex 195.161 85.7866 0
    endloop
  endfacet
  facet normal -0.952736 -0.3038 -1.46182e-19
    outer loop
      vertex 195.161 85.7866 9
      vertex 195.222 85.5953 0
      vertex 195.222 85.5953 9
    endloop
  endfacet
  facet normal -0.925276 0.379293 -2.17125e-19
    outer loop
      vertex 195.085 84.028 0
      vertex 195.161 84.2134 9
      vertex 195.161 84.2134 0
    endloop
  endfacet
  facet normal -0.925276 0.379293 -2.17125e-19
    outer loop
      vertex 195.161 84.2134 9
      vertex 195.085 84.028 0
      vertex 195.085 84.028 9
    endloop
  endfacet
  facet normal -0.38341 -0.923578 0
    outer loop
      vertex 193.787 87.1613 0
      vertex 193.972 87.0845 9
      vertex 193.787 87.1613 9
    endloop
  endfacet
  facet normal -0.38341 -0.923578 -0
    outer loop
      vertex 193.972 87.0845 9
      vertex 193.787 87.1613 0
      vertex 193.972 87.0845 0
    endloop
  endfacet
  facet normal -0.0439575 0.999033 0
    outer loop
      vertex 193.2 82.7088 0
      vertex 193 82.7 9
      vertex 193.2 82.7088 9
    endloop
  endfacet
  facet normal -0.0439575 0.999033 0
    outer loop
      vertex 193 82.7 9
      vertex 193.2 82.7088 0
      vertex 193 82.7 0
    endloop
  endfacet
  facet normal -0.299633 -0.954055 0
    outer loop
      vertex 193.595 87.2216 0
      vertex 193.787 87.1613 9
      vertex 193.595 87.2216 9
    endloop
  endfacet
  facet normal -0.299633 -0.954055 -0
    outer loop
      vertex 193.787 87.1613 9
      vertex 193.595 87.2216 0
      vertex 193.787 87.1613 0
    endloop
  endfacet
  facet normal -0.976747 0.214396 -2.35899e-19
    outer loop
      vertex 195.222 84.4047 0
      vertex 195.265 84.6006 9
      vertex 195.265 84.6006 0
    endloop
  endfacet
  facet normal -0.976747 0.214396 -2.35899e-19
    outer loop
      vertex 195.265 84.6006 9
      vertex 195.222 84.4047 0
      vertex 195.222 84.4047 9
    endloop
  endfacet
  facet normal -0.991564 0.129616 2.24999e-19
    outer loop
      vertex 195.265 84.6006 0
      vertex 195.291 84.7995 9
      vertex 195.291 84.7995 0
    endloop
  endfacet
  facet normal -0.991564 0.129616 2.24999e-19
    outer loop
      vertex 195.291 84.7995 9
      vertex 195.265 84.6006 0
      vertex 195.265 84.6006 9
    endloop
  endfacet
  facet normal -0.7361 -0.676873 9.72995e-20
    outer loop
      vertex 194.762 86.4784 0
      vertex 194.626 86.6263 9
      vertex 194.626 86.6263 0
    endloop
  endfacet
  facet normal -0.7361 -0.676873 9.72995e-20
    outer loop
      vertex 194.626 86.6263 9
      vertex 194.762 86.4784 0
      vertex 194.762 86.4784 9
    endloop
  endfacet
  facet normal -0.38341 0.923578 0
    outer loop
      vertex 193.972 82.9155 0
      vertex 193.787 82.8387 9
      vertex 193.972 82.9155 9
    endloop
  endfacet
  facet normal -0.38341 0.923578 0
    outer loop
      vertex 193.787 82.8387 9
      vertex 193.972 82.9155 0
      vertex 193.787 82.8387 0
    endloop
  endfacet
  facet normal -0.130042 0.991508 0
    outer loop
      vertex 193.399 82.7349 0
      vertex 193.2 82.7088 9
      vertex 193.399 82.7349 9
    endloop
  endfacet
  facet normal -0.130042 0.991508 0
    outer loop
      vertex 193.2 82.7088 9
      vertex 193.399 82.7349 0
      vertex 193.2 82.7088 0
    endloop
  endfacet
  facet normal -0.842922 0.538035 1.46803e-19
    outer loop
      vertex 194.884 83.6808 0
      vertex 194.992 83.85 9
      vertex 194.992 83.85 0
    endloop
  endfacet
  facet normal -0.842922 0.538035 1.46803e-19
    outer loop
      vertex 194.992 83.85 9
      vertex 194.884 83.6808 0
      vertex 194.884 83.6808 9
    endloop
  endfacet
  facet normal 0.998994 -0.0448426 -1.73788e-20
    outer loop
      vertex 190.7 85 9
      vertex 190.709 85.2005 0
      vertex 190.709 85.2005 9
    endloop
  endfacet
  facet normal 0.998994 -0.0448426 -1.73788e-20
    outer loop
      vertex 190.709 85.2005 0
      vertex 190.7 85 9
      vertex 190.7 85 0
    endloop
  endfacet
  facet normal 0.842922 -0.538035 1.46803e-19
    outer loop
      vertex 191.008 86.15 9
      vertex 191.116 86.3192 0
      vertex 191.116 86.3192 9
    endloop
  endfacet
  facet normal 0.842922 -0.538035 1.46803e-19
    outer loop
      vertex 191.116 86.3192 0
      vertex 191.008 86.15 9
      vertex 191.008 86.15 0
    endloop
  endfacet
  facet normal -0.46151 -0.887135 0
    outer loop
      vertex 193.972 87.0845 0
      vertex 194.15 86.9919 9
      vertex 193.972 87.0845 9
    endloop
  endfacet
  facet normal -0.46151 -0.887135 -0
    outer loop
      vertex 194.15 86.9919 9
      vertex 193.972 87.0845 0
      vertex 194.15 86.9919 0
    endloop
  endfacet
  facet normal 0.0439575 0.999033 -0
    outer loop
      vertex 193 82.7 0
      vertex 192.8 82.7088 9
      vertex 193 82.7 9
    endloop
  endfacet
  facet normal 0.0439575 0.999033 0
    outer loop
      vertex 192.8 82.7088 9
      vertex 193 82.7 0
      vertex 192.8 82.7088 0
    endloop
  endfacet
  facet normal 0.976747 -0.214396 -2.35899e-19
    outer loop
      vertex 190.735 85.3994 9
      vertex 190.778 85.5953 0
      vertex 190.778 85.5953 9
    endloop
  endfacet
  facet normal 0.976747 -0.214396 -2.35899e-19
    outer loop
      vertex 190.778 85.5953 0
      vertex 190.735 85.3994 9
      vertex 190.735 85.3994 0
    endloop
  endfacet
  facet normal 0.925276 -0.379293 -2.17125e-19
    outer loop
      vertex 190.839 85.7866 9
      vertex 190.915 85.972 0
      vertex 190.915 85.972 9
    endloop
  endfacet
  facet normal 0.925276 -0.379293 -2.17125e-19
    outer loop
      vertex 190.915 85.972 0
      vertex 190.839 85.7866 9
      vertex 190.839 85.7866 0
    endloop
  endfacet
  facet normal 0.842922 0.538035 -1.46803e-19
    outer loop
      vertex 191.116 83.6808 9
      vertex 191.008 83.85 0
      vertex 191.008 83.85 9
    endloop
  endfacet
  facet normal 0.842922 0.538035 -1.46803e-19
    outer loop
      vertex 191.008 83.85 0
      vertex 191.116 83.6808 9
      vertex 191.116 83.6808 0
    endloop
  endfacet
  facet normal 0.925276 0.379293 2.17125e-19
    outer loop
      vertex 190.915 84.028 9
      vertex 190.839 84.2134 0
      vertex 190.839 84.2134 9
    endloop
  endfacet
  facet normal 0.925276 0.379293 2.17125e-19
    outer loop
      vertex 190.839 84.2134 0
      vertex 190.915 84.028 9
      vertex 190.915 84.028 0
    endloop
  endfacet
  facet normal -0.842922 -0.538035 -1.46803e-19
    outer loop
      vertex 194.992 86.15 0
      vertex 194.884 86.3192 9
      vertex 194.884 86.3192 0
    endloop
  endfacet
  facet normal -0.842922 -0.538035 -1.46803e-19
    outer loop
      vertex 194.884 86.3192 9
      vertex 194.992 86.15 0
      vertex 194.992 86.15 9
    endloop
  endfacet
  facet normal 0.793735 -0.608264 -9.45358e-19
    outer loop
      vertex 191.116 86.3192 9
      vertex 191.238 86.4784 0
      vertex 191.238 86.4784 9
    endloop
  endfacet
  facet normal 0.793735 -0.608264 -9.45358e-19
    outer loop
      vertex 191.238 86.4784 0
      vertex 191.116 86.3192 9
      vertex 191.116 86.3192 0
    endloop
  endfacet
  facet normal 0.0439575 -0.999033 0
    outer loop
      vertex 192.8 87.2912 0
      vertex 193 87.3 9
      vertex 192.8 87.2912 9
    endloop
  endfacet
  facet normal 0.0439575 -0.999033 0
    outer loop
      vertex 193 87.3 9
      vertex 192.8 87.2912 0
      vertex 193 87.3 0
    endloop
  endfacet
  facet normal 0.998994 0.0448426 1.73788e-20
    outer loop
      vertex 190.709 84.7995 9
      vertex 190.7 85 0
      vertex 190.7 85 9
    endloop
  endfacet
  facet normal 0.998994 0.0448426 1.73788e-20
    outer loop
      vertex 190.7 85 0
      vertex 190.709 84.7995 9
      vertex 190.709 84.7995 0
    endloop
  endfacet
  facet normal 0.952736 0.3038 -1.46182e-19
    outer loop
      vertex 190.839 84.2134 9
      vertex 190.778 84.4047 0
      vertex 190.778 84.4047 9
    endloop
  endfacet
  facet normal 0.952736 0.3038 -1.46182e-19
    outer loop
      vertex 190.778 84.4047 0
      vertex 190.839 84.2134 9
      vertex 190.839 84.2134 0
    endloop
  endfacet
  facet normal 0.7361 -0.676873 -9.72995e-20
    outer loop
      vertex 191.238 86.4784 9
      vertex 191.374 86.6263 0
      vertex 191.374 86.6263 9
    endloop
  endfacet
  facet normal 0.7361 -0.676873 -9.72995e-20
    outer loop
      vertex 191.374 86.6263 0
      vertex 191.238 86.4784 9
      vertex 191.238 86.4784 0
    endloop
  endfacet
  facet normal 0.793735 0.608264 9.45358e-19
    outer loop
      vertex 191.238 83.5216 9
      vertex 191.116 83.6808 0
      vertex 191.116 83.6808 9
    endloop
  endfacet
  facet normal 0.793735 0.608264 9.45358e-19
    outer loop
      vertex 191.116 83.6808 0
      vertex 191.238 83.5216 9
      vertex 191.238 83.5216 0
    endloop
  endfacet
  facet normal 0.130042 -0.991508 0
    outer loop
      vertex 192.601 87.2651 0
      vertex 192.8 87.2912 9
      vertex 192.601 87.2651 9
    endloop
  endfacet
  facet normal 0.130042 -0.991508 0
    outer loop
      vertex 192.8 87.2912 9
      vertex 192.601 87.2651 0
      vertex 192.8 87.2912 0
    endloop
  endfacet
  facet normal -0.299633 0.954055 0
    outer loop
      vertex 193.787 82.8387 0
      vertex 193.595 82.7784 9
      vertex 193.787 82.8387 9
    endloop
  endfacet
  facet normal -0.299633 0.954055 0
    outer loop
      vertex 193.595 82.7784 9
      vertex 193.787 82.8387 0
      vertex 193.595 82.7784 0
    endloop
  endfacet
  facet normal 0.976747 0.214396 2.35899e-19
    outer loop
      vertex 190.778 84.4047 9
      vertex 190.735 84.6006 0
      vertex 190.735 84.6006 9
    endloop
  endfacet
  facet normal 0.976747 0.214396 2.35899e-19
    outer loop
      vertex 190.735 84.6006 0
      vertex 190.778 84.4047 9
      vertex 190.778 84.4047 0
    endloop
  endfacet
  facet normal 0.216667 0.976246 -0
    outer loop
      vertex 192.601 82.7349 0
      vertex 192.405 82.7784 9
      vertex 192.601 82.7349 9
    endloop
  endfacet
  facet normal 0.216667 0.976246 0
    outer loop
      vertex 192.405 82.7784 9
      vertex 192.601 82.7349 0
      vertex 192.405 82.7784 0
    endloop
  endfacet
  facet normal 0.675544 0.73732 -0
    outer loop
      vertex 191.522 83.2381 0
      vertex 191.374 83.3737 9
      vertex 191.522 83.2381 9
    endloop
  endfacet
  facet normal 0.675544 0.73732 0
    outer loop
      vertex 191.374 83.3737 9
      vertex 191.522 83.2381 0
      vertex 191.374 83.3737 0
    endloop
  endfacet
  facet normal -0.675544 -0.73732 0
    outer loop
      vertex 194.478 86.7619 0
      vertex 194.626 86.6263 9
      vertex 194.478 86.7619 9
    endloop
  endfacet
  facet normal -0.675544 -0.73732 -0
    outer loop
      vertex 194.626 86.6263 9
      vertex 194.478 86.7619 0
      vertex 194.626 86.6263 0
    endloop
  endfacet
  facet normal -0.216667 -0.976246 0
    outer loop
      vertex 193.399 87.2651 0
      vertex 193.595 87.2216 9
      vertex 193.399 87.2651 9
    endloop
  endfacet
  facet normal -0.216667 -0.976246 -0
    outer loop
      vertex 193.595 87.2216 9
      vertex 193.399 87.2651 0
      vertex 193.595 87.2216 0
    endloop
  endfacet
  facet normal 0.7361 0.676873 9.72995e-20
    outer loop
      vertex 191.374 83.3737 9
      vertex 191.238 83.5216 0
      vertex 191.238 83.5216 9
    endloop
  endfacet
  facet normal 0.7361 0.676873 9.72995e-20
    outer loop
      vertex 191.238 83.5216 0
      vertex 191.374 83.3737 9
      vertex 191.374 83.3737 0
    endloop
  endfacet
  facet normal -0.46151 0.887135 0
    outer loop
      vertex 194.15 83.0081 0
      vertex 193.972 82.9155 9
      vertex 194.15 83.0081 9
    endloop
  endfacet
  facet normal -0.46151 0.887135 0
    outer loop
      vertex 193.972 82.9155 9
      vertex 194.15 83.0081 0
      vertex 193.972 82.9155 0
    endloop
  endfacet
  facet normal 0.538133 -0.84286 0
    outer loop
      vertex 191.681 86.884 0
      vertex 191.85 86.9919 9
      vertex 191.681 86.884 9
    endloop
  endfacet
  facet normal 0.538133 -0.84286 0
    outer loop
      vertex 191.85 86.9919 9
      vertex 191.681 86.884 0
      vertex 191.85 86.9919 0
    endloop
  endfacet
  facet normal 0.991564 0.129616 -2.24999e-19
    outer loop
      vertex 190.735 84.6006 9
      vertex 190.709 84.7995 0
      vertex 190.709 84.7995 9
    endloop
  endfacet
  facet normal 0.991564 0.129616 -2.24999e-19
    outer loop
      vertex 190.709 84.7995 0
      vertex 190.735 84.6006 9
      vertex 190.735 84.6006 0
    endloop
  endfacet
  facet normal -0.60906 0.793124 0
    outer loop
      vertex 194.478 83.2381 0
      vertex 194.319 83.116 9
      vertex 194.478 83.2381 9
    endloop
  endfacet
  facet normal -0.60906 0.793124 0
    outer loop
      vertex 194.319 83.116 9
      vertex 194.478 83.2381 0
      vertex 194.319 83.116 0
    endloop
  endfacet
  facet normal -0.130042 -0.991508 0
    outer loop
      vertex 193.2 87.2912 0
      vertex 193.399 87.2651 9
      vertex 193.2 87.2912 9
    endloop
  endfacet
  facet normal -0.130042 -0.991508 -0
    outer loop
      vertex 193.399 87.2651 9
      vertex 193.2 87.2912 0
      vertex 193.399 87.2651 0
    endloop
  endfacet
  facet normal 0.60906 0.793124 -0
    outer loop
      vertex 191.681 83.116 0
      vertex 191.522 83.2381 9
      vertex 191.681 83.116 9
    endloop
  endfacet
  facet normal 0.60906 0.793124 0
    outer loop
      vertex 191.522 83.2381 9
      vertex 191.681 83.116 0
      vertex 191.522 83.2381 0
    endloop
  endfacet
  facet normal 0.38341 -0.923578 0
    outer loop
      vertex 192.028 87.0845 0
      vertex 192.213 87.1613 9
      vertex 192.028 87.0845 9
    endloop
  endfacet
  facet normal 0.38341 -0.923578 0
    outer loop
      vertex 192.213 87.1613 9
      vertex 192.028 87.0845 0
      vertex 192.213 87.1613 0
    endloop
  endfacet
  facet normal 0.952736 -0.3038 1.46182e-19
    outer loop
      vertex 190.778 85.5953 9
      vertex 190.839 85.7866 0
      vertex 190.839 85.7866 9
    endloop
  endfacet
  facet normal 0.952736 -0.3038 1.46182e-19
    outer loop
      vertex 190.839 85.7866 0
      vertex 190.778 85.5953 9
      vertex 190.778 85.5953 0
    endloop
  endfacet
  facet normal 0.130042 0.991508 -0
    outer loop
      vertex 192.8 82.7088 0
      vertex 192.601 82.7349 9
      vertex 192.8 82.7088 9
    endloop
  endfacet
  facet normal 0.130042 0.991508 0
    outer loop
      vertex 192.601 82.7349 9
      vertex 192.8 82.7088 0
      vertex 192.601 82.7349 0
    endloop
  endfacet
  facet normal 0.299633 -0.954055 0
    outer loop
      vertex 192.213 87.1613 0
      vertex 192.405 87.2216 9
      vertex 192.213 87.1613 9
    endloop
  endfacet
  facet normal 0.299633 -0.954055 0
    outer loop
      vertex 192.405 87.2216 9
      vertex 192.213 87.1613 0
      vertex 192.405 87.2216 0
    endloop
  endfacet
  facet normal -0.952736 0.3038 1.46182e-19
    outer loop
      vertex 195.161 84.2134 0
      vertex 195.222 84.4047 9
      vertex 195.222 84.4047 0
    endloop
  endfacet
  facet normal -0.952736 0.3038 1.46182e-19
    outer loop
      vertex 195.222 84.4047 9
      vertex 195.161 84.2134 0
      vertex 195.161 84.2134 9
    endloop
  endfacet
  facet normal -0.7361 0.676873 -9.72995e-20
    outer loop
      vertex 194.626 83.3737 0
      vertex 194.762 83.5216 9
      vertex 194.762 83.5216 0
    endloop
  endfacet
  facet normal -0.7361 0.676873 -9.72995e-20
    outer loop
      vertex 194.762 83.5216 9
      vertex 194.626 83.3737 0
      vertex 194.626 83.3737 9
    endloop
  endfacet
  facet normal -0.675544 0.73732 0
    outer loop
      vertex 194.626 83.3737 0
      vertex 194.478 83.2381 9
      vertex 194.626 83.3737 9
    endloop
  endfacet
  facet normal -0.675544 0.73732 0
    outer loop
      vertex 194.478 83.2381 9
      vertex 194.626 83.3737 0
      vertex 194.478 83.2381 0
    endloop
  endfacet
  facet normal 0.38341 0.923578 -0
    outer loop
      vertex 192.213 82.8387 0
      vertex 192.028 82.9155 9
      vertex 192.213 82.8387 9
    endloop
  endfacet
  facet normal 0.38341 0.923578 0
    outer loop
      vertex 192.028 82.9155 9
      vertex 192.213 82.8387 0
      vertex 192.028 82.9155 0
    endloop
  endfacet
  facet normal -0.991438 -0.130576 1.36228e-17
    outer loop
      vertex 199.65 8.01833 0
      vertex 198.602 15.9756 5
      vertex 198.602 15.9756 0
    endloop
  endfacet
  facet normal -0.991438 -0.130576 1.36228e-17
    outer loop
      vertex 198.602 15.9756 5
      vertex 199.65 8.01833 0
      vertex 199.65 8.01833 5
    endloop
  endfacet
  facet normal -0.999049 -0.0436085 3.8316e-19
    outer loop
      vertex 200 0 0
      vertex 199.65 8.01833 5
      vertex 199.65 8.01833 0
    endloop
  endfacet
  facet normal -0.999049 -0.0436085 3.8316e-19
    outer loop
      vertex 199.65 8.01833 5
      vertex 200 0 0
      vertex 200 0 5
    endloop
  endfacet
  facet normal -0.9763 -0.216421 1.667e-17
    outer loop
      vertex 198.602 15.9756 0
      vertex 196.865 23.8114 5
      vertex 196.865 23.8114 0
    endloop
  endfacet
  facet normal -0.9763 -0.216421 1.667e-17
    outer loop
      vertex 196.865 23.8114 5
      vertex 198.602 15.9756 0
      vertex 198.602 15.9756 5
    endloop
  endfacet
  facet normal 0.216433 -0.976297 0
    outer loop
      vertex 84.1886 88.8652 0
      vertex 92.0244 90.6023 5
      vertex 84.1886 88.8652 5
    endloop
  endfacet
  facet normal 0.216433 -0.976297 0
    outer loop
      vertex 92.0244 90.6023 5
      vertex 84.1886 88.8652 0
      vertex 92.0244 90.6023 0
    endloop
  endfacet
  facet normal 0.130526 -0.991445 0
    outer loop
      vertex 92.0244 90.6023 0
      vertex 99.9817 91.6499 5
      vertex 92.0244 90.6023 5
    endloop
  endfacet
  facet normal 0.130526 -0.991445 0
    outer loop
      vertex 99.9817 91.6499 5
      vertex 92.0244 90.6023 0
      vertex 99.9817 91.6499 0
    endloop
  endfacet
  facet normal -0.793351 -0.608765 3.28337e-17
    outer loop
      vertex 183.362 52.769 0
      vertex 178.476 59.1365 5
      vertex 178.476 59.1365 0
    endloop
  endfacet
  facet normal -0.793351 -0.608765 3.28337e-17
    outer loop
      vertex 178.476 59.1365 5
      vertex 183.362 52.769 0
      vertex 183.362 52.769 5
    endloop
  endfacet
  facet normal -0.923853 -0.382748 3.26917e-17
    outer loop
      vertex 194.452 31.4659 0
      vertex 191.38 38.8809 5
      vertex 191.38 38.8809 0
    endloop
  endfacet
  facet normal -0.923853 -0.382748 3.26917e-17
    outer loop
      vertex 191.38 38.8809 5
      vertex 194.452 31.4659 0
      vertex 194.452 31.4659 5
    endloop
  endfacet
  facet normal 0.887009 -0.461752 3.75195e-17
    outer loop
      vertex 24.6197 38.8809 5
      vertex 28.3257 46 0
      vertex 28.3257 46 5
    endloop
  endfacet
  facet normal 0.887009 -0.461752 3.75195e-17
    outer loop
      vertex 28.3257 46 0
      vertex 24.6197 38.8809 5
      vertex 24.6197 38.8809 0
    endloop
  endfacet
  facet normal 0.793357 -0.608757 -8.48753e-18
    outer loop
      vertex 32.638 52.769 5
      vertex 37.5239 59.1365 0
      vertex 37.5239 59.1365 5
    endloop
  endfacet
  facet normal 0.793357 -0.608757 -8.48753e-18
    outer loop
      vertex 37.5239 59.1365 0
      vertex 32.638 52.769 5
      vertex 32.638 52.769 0
    endloop
  endfacet
  facet normal 0.382684 -0.923879 0
    outer loop
      vertex 69.1191 83.3803 0
      vertex 76.5341 86.4517 5
      vertex 69.1191 83.3803 5
    endloop
  endfacet
  facet normal 0.382684 -0.923879 0
    outer loop
      vertex 76.5341 86.4517 5
      vertex 69.1191 83.3803 0
      vertex 76.5341 86.4517 0
    endloop
  endfacet
  facet normal 0.300711 -0.953715 0
    outer loop
      vertex 76.5341 86.4517 0
      vertex 84.1886 88.8652 5
      vertex 76.5341 86.4517 5
    endloop
  endfacet
  facet normal 0.300711 -0.953715 0
    outer loop
      vertex 84.1886 88.8652 5
      vertex 76.5341 86.4517 0
      vertex 84.1886 88.8652 0
    endloop
  endfacet
  facet normal -0.887009 -0.461752 -5.8875e-18
    outer loop
      vertex 191.38 38.8809 0
      vertex 187.674 46 5
      vertex 187.674 46 0
    endloop
  endfacet
  facet normal -0.887009 -0.461752 -5.8875e-18
    outer loop
      vertex 187.674 46 5
      vertex 191.38 38.8809 0
      vertex 191.38 38.8809 5
    endloop
  endfacet
  facet normal -0.382684 -0.923879 0
    outer loop
      vertex 139.466 86.4517 0
      vertex 146.881 83.3803 5
      vertex 139.466 86.4517 5
    endloop
  endfacet
  facet normal -0.382684 -0.923879 -0
    outer loop
      vertex 146.881 83.3803 5
      vertex 139.466 86.4517 0
      vertex 146.881 83.3803 0
    endloop
  endfacet
  facet normal -0.216454 -0.976293 0
    outer loop
      vertex 123.976 90.6023 0
      vertex 131.811 88.8652 5
      vertex 123.976 90.6023 5
    endloop
  endfacet
  facet normal -0.216454 -0.976293 -0
    outer loop
      vertex 131.811 88.8652 5
      vertex 123.976 90.6023 0
      vertex 131.811 88.8652 0
    endloop
  endfacet
  facet normal 0.537297 -0.843393 0
    outer loop
      vertex 55.231 75.362 0
      vertex 62 79.6743 5
      vertex 55.231 75.362 5
    endloop
  endfacet
  facet normal 0.537297 -0.843393 0
    outer loop
      vertex 62 79.6743 5
      vertex 55.231 75.362 0
      vertex 62 79.6743 0
    endloop
  endfacet
  facet normal -0.608787 -0.793334 0
    outer loop
      vertex 160.769 75.362 0
      vertex 167.136 70.4761 5
      vertex 160.769 75.362 5
    endloop
  endfacet
  facet normal -0.608787 -0.793334 -0
    outer loop
      vertex 167.136 70.4761 5
      vertex 160.769 75.362 0
      vertex 167.136 70.4761 0
    endloop
  endfacet
  facet normal -0.675553 -0.737311 0
    outer loop
      vertex 167.136 70.4761 0
      vertex 173.054 65.0538 5
      vertex 167.136 70.4761 5
    endloop
  endfacet
  facet normal -0.675553 -0.737311 -0
    outer loop
      vertex 173.054 65.0538 5
      vertex 167.136 70.4761 0
      vertex 173.054 65.0538 0
    endloop
  endfacet
  facet normal 0.991445 -0.130527 -1.62684e-17
    outer loop
      vertex 16.3501 8.01833 5
      vertex 17.3977 15.9756 0
      vertex 17.3977 15.9756 5
    endloop
  endfacet
  facet normal 0.991445 -0.130527 -1.62684e-17
    outer loop
      vertex 17.3977 15.9756 0
      vertex 16.3501 8.01833 5
      vertex 16.3501 8.01833 0
    endloop
  endfacet
  facet normal -0.537297 -0.843393 0
    outer loop
      vertex 154 79.6743 0
      vertex 160.769 75.362 5
      vertex 154 79.6743 5
    endloop
  endfacet
  facet normal -0.537297 -0.843393 -0
    outer loop
      vertex 160.769 75.362 5
      vertex 154 79.6743 0
      vertex 160.769 75.362 0
    endloop
  endfacet
  facet normal -0.461757 -0.887007 0
    outer loop
      vertex 146.881 83.3803 0
      vertex 154 79.6743 5
      vertex 146.881 83.3803 5
    endloop
  endfacet
  facet normal -0.461757 -0.887007 -0
    outer loop
      vertex 154 79.6743 5
      vertex 146.881 83.3803 0
      vertex 154 79.6743 0
    endloop
  endfacet
  facet normal -0.0436227 -0.999048 0
    outer loop
      vertex 108 92 0
      vertex 116.018 91.6499 5
      vertex 108 92 5
    endloop
  endfacet
  facet normal -0.0436227 -0.999048 -0
    outer loop
      vertex 116.018 91.6499 5
      vertex 108 92 0
      vertex 116.018 91.6499 0
    endloop
  endfacet
  facet normal 0.976297 -0.216433 6.1328e-18
    outer loop
      vertex 17.3977 15.9756 5
      vertex 19.1348 23.8114 0
      vertex 19.1348 23.8114 5
    endloop
  endfacet
  facet normal 0.976297 -0.216433 6.1328e-18
    outer loop
      vertex 19.1348 23.8114 0
      vertex 17.3977 15.9756 5
      vertex 17.3977 15.9756 0
    endloop
  endfacet
  facet normal -0.300693 -0.953721 0
    outer loop
      vertex 131.811 88.8652 0
      vertex 139.466 86.4517 5
      vertex 131.811 88.8652 5
    endloop
  endfacet
  facet normal -0.300693 -0.953721 -0
    outer loop
      vertex 139.466 86.4517 5
      vertex 131.811 88.8652 0
      vertex 139.466 86.4517 0
    endloop
  endfacet
  facet normal -0.84341 -0.53727 2.76902e-17
    outer loop
      vertex 187.674 46 0
      vertex 183.362 52.769 5
      vertex 183.362 52.769 0
    endloop
  endfacet
  facet normal -0.84341 -0.53727 2.76902e-17
    outer loop
      vertex 183.362 52.769 5
      vertex 187.674 46 0
      vertex 187.674 46 5
    endloop
  endfacet
  facet normal 0.0436211 -0.999048 0
    outer loop
      vertex 99.9817 91.6499 0
      vertex 108 92 5
      vertex 99.9817 91.6499 5
    endloop
  endfacet
  facet normal 0.0436211 -0.999048 0
    outer loop
      vertex 108 92 5
      vertex 99.9817 91.6499 0
      vertex 108 92 0
    endloop
  endfacet
  facet normal 0.737272 -0.675597 -3.30413e-17
    outer loop
      vertex 37.5239 59.1365 5
      vertex 42.9462 65.0538 0
      vertex 42.9462 65.0538 5
    endloop
  endfacet
  facet normal 0.737272 -0.675597 -3.30413e-17
    outer loop
      vertex 42.9462 65.0538 0
      vertex 37.5239 59.1365 5
      vertex 37.5239 59.1365 0
    endloop
  endfacet
  facet normal -0.953733 -0.300654 3.22589e-17
    outer loop
      vertex 196.865 23.8114 0
      vertex 194.452 31.4659 5
      vertex 194.452 31.4659 0
    endloop
  endfacet
  facet normal -0.953733 -0.300654 3.22589e-17
    outer loop
      vertex 194.452 31.4659 5
      vertex 196.865 23.8114 0
      vertex 196.865 23.8114 5
    endloop
  endfacet
  facet normal 0.923879 -0.382684 3.77552e-17
    outer loop
      vertex 21.5483 31.4659 5
      vertex 24.6197 38.8809 0
      vertex 24.6197 38.8809 5
    endloop
  endfacet
  facet normal 0.923879 -0.382684 3.77552e-17
    outer loop
      vertex 24.6197 38.8809 0
      vertex 21.5483 31.4659 5
      vertex 21.5483 31.4659 0
    endloop
  endfacet
  facet normal 0.953715 -0.300711 -2.88212e-17
    outer loop
      vertex 19.1348 23.8114 5
      vertex 21.5483 31.4659 0
      vertex 21.5483 31.4659 5
    endloop
  endfacet
  facet normal 0.953715 -0.300711 -2.88212e-17
    outer loop
      vertex 21.5483 31.4659 0
      vertex 19.1348 23.8114 5
      vertex 19.1348 23.8114 0
    endloop
  endfacet
  facet normal -0.73729 -0.675576 1.01984e-17
    outer loop
      vertex 178.476 59.1365 0
      vertex 173.054 65.0538 5
      vertex 173.054 65.0538 0
    endloop
  endfacet
  facet normal -0.73729 -0.675576 1.01984e-17
    outer loop
      vertex 173.054 65.0538 5
      vertex 178.476 59.1365 0
      vertex 178.476 59.1365 5
    endloop
  endfacet
  facet normal 0.461752 -0.887009 0
    outer loop
      vertex 62 79.6743 0
      vertex 69.1191 83.3803 5
      vertex 62 79.6743 5
    endloop
  endfacet
  facet normal 0.461752 -0.887009 0
    outer loop
      vertex 69.1191 83.3803 5
      vertex 62 79.6743 0
      vertex 69.1191 83.3803 0
    endloop
  endfacet
  facet normal 0.675597 -0.737272 0
    outer loop
      vertex 42.9462 65.0538 0
      vertex 48.8635 70.4761 5
      vertex 42.9462 65.0538 5
    endloop
  endfacet
  facet normal 0.675597 -0.737272 0
    outer loop
      vertex 48.8635 70.4761 5
      vertex 42.9462 65.0538 0
      vertex 48.8635 70.4761 0
    endloop
  endfacet
  facet normal 0.999048 -0.0436209 -2.94102e-18
    outer loop
      vertex 16 0 5
      vertex 16.3501 8.01833 0
      vertex 16.3501 8.01833 5
    endloop
  endfacet
  facet normal 0.999048 -0.0436209 -2.94102e-18
    outer loop
      vertex 16.3501 8.01833 0
      vertex 16 0 5
      vertex 16 0 0
    endloop
  endfacet
  facet normal 0.608757 -0.793357 0
    outer loop
      vertex 48.8635 70.4761 0
      vertex 55.231 75.362 5
      vertex 48.8635 70.4761 5
    endloop
  endfacet
  facet normal 0.608757 -0.793357 0
    outer loop
      vertex 55.231 75.362 5
      vertex 48.8635 70.4761 0
      vertex 55.231 75.362 0
    endloop
  endfacet
  facet normal -0.130515 -0.991446 0
    outer loop
      vertex 116.018 91.6499 0
      vertex 123.976 90.6023 5
      vertex 116.018 91.6499 5
    endloop
  endfacet
  facet normal -0.130515 -0.991446 -0
    outer loop
      vertex 123.976 90.6023 5
      vertex 116.018 91.6499 0
      vertex 123.976 90.6023 0
    endloop
  endfacet
  facet normal 0.843393 -0.537297 -3.4696e-17
    outer loop
      vertex 28.3257 46 5
      vertex 32.638 52.769 0
      vertex 32.638 52.769 5
    endloop
  endfacet
  facet normal 0.843393 -0.537297 -3.4696e-17
    outer loop
      vertex 32.638 52.769 0
      vertex 28.3257 46 5
      vertex 28.3257 46 0
    endloop
  endfacet
endsolid OpenSCAD_Model
