solid OpenSCAD_Model
  facet normal 0.300624 0.953743 -0
    outer loop
      vertex 25.3681 27.7588 0
      vertex 25.0353 27.8637 14
      vertex 25.3681 27.7588 14
    endloop
  endfacet
  facet normal 0.300624 0.953743 0
    outer loop
      vertex 25.0353 27.8637 14
      vertex 25.3681 27.7588 0
      vertex 25.0353 27.8637 0
    endloop
  endfacet
  facet normal -0.999048 0.0436188 -3.35555e-20
    outer loop
      vertex 8 24 0
      vertex 8.01522 24.3486 14
      vertex 8.01522 24.3486 0
    endloop
  endfacet
  facet normal -0.999048 0.0436188 -3.35555e-20
    outer loop
      vertex 8.01522 24.3486 14
      vertex 8 24 0
      vertex 8 24 14
    endloop
  endfacet
  facet normal -0.537307 0.843386 0
    outer loop
      vertex 10 27.4641 0
      vertex 9.70569 27.2766 14
      vertex 10 27.4641 14
    endloop
  endfacet
  facet normal -0.537307 0.843386 0
    outer loop
      vertex 9.70569 27.2766 14
      vertex 10 27.4641 0
      vertex 9.70569 27.2766 0
    endloop
  endfacet
  facet normal 0.923821 -0.382824 2.98612e-19
    outer loop
      vertex 27.6252 10.3095 14
      vertex 27.7588 10.6319 0
      vertex 27.7588 10.6319 14
    endloop
  endfacet
  facet normal 0.923821 -0.382824 2.98612e-19
    outer loop
      vertex 27.7588 10.6319 0
      vertex 27.6252 10.3095 14
      vertex 27.6252 10.3095 0
    endloop
  endfacet
  facet normal 0.999051 -0.0435616 4.42631e-21
    outer loop
      vertex 27.9848 11.6514 14
      vertex 28 12 0
      vertex 28 12 14
    endloop
  endfacet
  facet normal 0.999051 -0.0435616 4.42631e-21
    outer loop
      vertex 28 12 0
      vertex 27.9848 11.6514 14
      vertex 27.9848 11.6514 0
    endloop
  endfacet
  facet normal -0.976297 -0.216436 -2.00737e-19
    outer loop
      vertex 8.1363 10.9647 0
      vertex 8.06077 11.3054 14
      vertex 8.06077 11.3054 0
    endloop
  endfacet
  facet normal -0.976297 -0.216436 -2.00737e-19
    outer loop
      vertex 8.06077 11.3054 14
      vertex 8.1363 10.9647 0
      vertex 8.1363 10.9647 14
    endloop
  endfacet
  facet normal -0.991446 0.130521 -3.44852e-20
    outer loop
      vertex 8.01522 24.3486 0
      vertex 8.06077 24.6946 14
      vertex 8.06077 24.6946 0
    endloop
  endfacet
  facet normal -0.991446 0.130521 -3.44852e-20
    outer loop
      vertex 8.06077 24.6946 14
      vertex 8.01522 24.3486 0
      vertex 8.01522 24.3486 14
    endloop
  endfacet
  facet normal -0.843391 0.5373 -2.65451e-19
    outer loop
      vertex 8.5359 26 0
      vertex 8.72339 26.2943 14
      vertex 8.72339 26.2943 0
    endloop
  endfacet
  facet normal -0.843391 0.5373 -2.65451e-19
    outer loop
      vertex 8.72339 26.2943 14
      vertex 8.5359 26 0
      vertex 8.5359 26 14
    endloop
  endfacet
  facet normal 0.216436 -0.976297 0
    outer loop
      vertex 24.6946 8.06077 0
      vertex 25.0353 8.1363 14
      vertex 24.6946 8.06077 14
    endloop
  endfacet
  facet normal 0.216436 -0.976297 0
    outer loop
      vertex 25.0353 8.1363 14
      vertex 24.6946 8.06077 0
      vertex 25.0353 8.1363 0
    endloop
  endfacet
  facet normal -0.300624 0.953743 0
    outer loop
      vertex 10.9647 27.8637 0
      vertex 10.6319 27.7588 14
      vertex 10.9647 27.8637 14
    endloop
  endfacet
  facet normal -0.300624 0.953743 0
    outer loop
      vertex 10.6319 27.7588 14
      vertex 10.9647 27.8637 0
      vertex 10.6319 27.7588 0
    endloop
  endfacet
  facet normal -0.608713 0.79339 0
    outer loop
      vertex 9.70569 27.2766 0
      vertex 9.42885 27.0642 14
      vertex 9.70569 27.2766 14
    endloop
  endfacet
  facet normal -0.608713 0.79339 0
    outer loop
      vertex 9.42885 27.0642 14
      vertex 9.70569 27.2766 0
      vertex 9.42885 27.0642 0
    endloop
  endfacet
  facet normal 0 -1 0
    outer loop
      vertex 12 8 0
      vertex 24 8 14
      vertex 12 8 14
    endloop
  endfacet
  facet normal 0 -1 -0
    outer loop
      vertex 24 8 14
      vertex 12 8 0
      vertex 24 8 0
    endloop
  endfacet
  facet normal 0.737211 -0.675662 5.86915e-19
    outer loop
      vertex 26.8284 9.17157 14
      vertex 27.0642 9.42885 0
      vertex 27.0642 9.42885 14
    endloop
  endfacet
  facet normal 0.737211 -0.675662 5.86915e-19
    outer loop
      vertex 27.0642 9.42885 0
      vertex 26.8284 9.17157 14
      vertex 26.8284 9.17157 0
    endloop
  endfacet
  facet normal 0.130662 0.991427 -0
    outer loop
      vertex 24.6946 27.9392 0
      vertex 24.3486 27.9848 14
      vertex 24.6946 27.9392 14
    endloop
  endfacet
  facet normal 0.130662 0.991427 0
    outer loop
      vertex 24.3486 27.9848 14
      vertex 24.6946 27.9392 0
      vertex 24.3486 27.9848 0
    endloop
  endfacet
  facet normal -1 0 0
    outer loop
      vertex 8 12 0
      vertex 8 24 14
      vertex 8 24 0
    endloop
  endfacet
  facet normal -1 -0 0
    outer loop
      vertex 8 24 14
      vertex 8 12 0
      vertex 8 12 14
    endloop
  endfacet
  facet normal 0.382824 0.923821 -0
    outer loop
      vertex 25.6905 27.6252 0
      vertex 25.3681 27.7588 14
      vertex 25.6905 27.6252 14
    endloop
  endfacet
  facet normal 0.382824 0.923821 0
    outer loop
      vertex 25.3681 27.7588 14
      vertex 25.6905 27.6252 0
      vertex 25.3681 27.7588 0
    endloop
  endfacet
  facet normal -0.999048 -0.0436188 6.38392e-20
    outer loop
      vertex 8.01522 11.6514 0
      vertex 8 12 14
      vertex 8 12 0
    endloop
  endfacet
  facet normal -0.999048 -0.0436188 6.38392e-20
    outer loop
      vertex 8 12 14
      vertex 8.01522 11.6514 0
      vertex 8.01522 11.6514 14
    endloop
  endfacet
  facet normal -0.991446 -0.130521 3.44852e-20
    outer loop
      vertex 8.06077 11.3054 0
      vertex 8.01522 11.6514 14
      vertex 8.01522 11.6514 0
    endloop
  endfacet
  facet normal -0.991446 -0.130521 3.44852e-20
    outer loop
      vertex 8.01522 11.6514 14
      vertex 8.06077 11.3054 0
      vertex 8.06077 11.3054 14
    endloop
  endfacet
  facet normal 0.0435616 0.999051 -0
    outer loop
      vertex 24.3486 27.9848 0
      vertex 24 28 14
      vertex 24.3486 27.9848 14
    endloop
  endfacet
  facet normal 0.0435616 0.999051 0
    outer loop
      vertex 24 28 14
      vertex 24.3486 27.9848 0
      vertex 24 28 0
    endloop
  endfacet
  facet normal -0.737309 0.675556 3.97513e-19
    outer loop
      vertex 8.93582 26.5711 0
      vertex 9.17157 26.8284 14
      vertex 9.17157 26.8284 0
    endloop
  endfacet
  facet normal -0.737309 0.675556 3.97513e-19
    outer loop
      vertex 9.17157 26.8284 14
      vertex 8.93582 26.5711 0
      vertex 8.93582 26.5711 14
    endloop
  endfacet
  facet normal -0.675662 0.737211 0
    outer loop
      vertex 9.42885 27.0642 0
      vertex 9.17157 26.8284 14
      vertex 9.42885 27.0642 14
    endloop
  endfacet
  facet normal -0.675662 0.737211 0
    outer loop
      vertex 9.17157 26.8284 14
      vertex 9.42885 27.0642 0
      vertex 9.17157 26.8284 0
    endloop
  endfacet
  facet normal 0.608768 0.793348 -0
    outer loop
      vertex 26.5711 27.0642 0
      vertex 26.2943 27.2766 14
      vertex 26.5711 27.0642 14
    endloop
  endfacet
  facet normal 0.608768 0.793348 0
    outer loop
      vertex 26.2943 27.2766 14
      vertex 26.5711 27.0642 0
      vertex 26.2943 27.2766 0
    endloop
  endfacet
  facet normal -0.923882 -0.382677 -4.59735e-19
    outer loop
      vertex 8.37477 10.3095 0
      vertex 8.24123 10.6319 14
      vertex 8.24123 10.6319 0
    endloop
  endfacet
  facet normal -0.923882 -0.382677 -4.59735e-19
    outer loop
      vertex 8.24123 10.6319 14
      vertex 8.37477 10.3095 0
      vertex 8.37477 10.3095 14
    endloop
  endfacet
  facet normal -0.461714 0.887029 0
    outer loop
      vertex 10.3095 27.6252 0
      vertex 10 27.4641 14
      vertex 10.3095 27.6252 14
    endloop
  endfacet
  facet normal -0.461714 0.887029 0
    outer loop
      vertex 10 27.4641 14
      vertex 10.3095 27.6252 0
      vertex 10 27.4641 0
    endloop
  endfacet
  facet normal -0.923882 0.382677 -6.96058e-19
    outer loop
      vertex 8.24123 25.3681 0
      vertex 8.37477 25.6905 14
      vertex 8.37477 25.6905 0
    endloop
  endfacet
  facet normal -0.923882 0.382677 -6.96058e-19
    outer loop
      vertex 8.37477 25.6905 14
      vertex 8.24123 25.3681 0
      vertex 8.24123 25.3681 14
    endloop
  endfacet
  facet normal 0 1 -0
    outer loop
      vertex 24 28 0
      vertex 12 28 14
      vertex 24 28 14
    endloop
  endfacet
  facet normal 0 1 0
    outer loop
      vertex 12 28 14
      vertex 24 28 0
      vertex 12 28 0
    endloop
  endfacet
  facet normal -0.0435616 0.999051 0
    outer loop
      vertex 12 28 0
      vertex 11.6514 27.9848 14
      vertex 12 28 14
    endloop
  endfacet
  facet normal -0.0435616 0.999051 0
    outer loop
      vertex 11.6514 27.9848 14
      vertex 12 28 0
      vertex 11.6514 27.9848 0
    endloop
  endfacet
  facet normal -0.793306 0.608823 5.18671e-19
    outer loop
      vertex 8.72339 26.2943 0
      vertex 8.93582 26.5711 14
      vertex 8.93582 26.5711 0
    endloop
  endfacet
  facet normal -0.793306 0.608823 5.18671e-19
    outer loop
      vertex 8.93582 26.5711 14
      vertex 8.72339 26.2943 0
      vertex 8.72339 26.2943 14
    endloop
  endfacet
  facet normal 0.130521 -0.991446 0
    outer loop
      vertex 24.3486 8.01522 0
      vertex 24.6946 8.06077 14
      vertex 24.3486 8.01522 14
    endloop
  endfacet
  facet normal 0.130521 -0.991446 0
    outer loop
      vertex 24.6946 8.06077 14
      vertex 24.3486 8.01522 0
      vertex 24.6946 8.06077 0
    endloop
  endfacet
  facet normal 0.53732 0.843378 -0
    outer loop
      vertex 26.2943 27.2766 0
      vertex 26 27.4641 14
      vertex 26.2943 27.2766 14
    endloop
  endfacet
  facet normal 0.53732 0.843378 0
    outer loop
      vertex 26 27.4641 14
      vertex 26.2943 27.2766 0
      vertex 26 27.4641 0
    endloop
  endfacet
  facet normal -0.608767 -0.793349 0
    outer loop
      vertex 9.42885 8.93582 0
      vertex 9.70569 8.72339 14
      vertex 9.42885 8.93582 14
    endloop
  endfacet
  facet normal -0.608767 -0.793349 -0
    outer loop
      vertex 9.70569 8.72339 14
      vertex 9.42885 8.93582 0
      vertex 9.70569 8.72339 0
    endloop
  endfacet
  facet normal 0.953743 -0.300624 -6.07572e-19
    outer loop
      vertex 27.7588 10.6319 14
      vertex 27.8637 10.9647 0
      vertex 27.8637 10.9647 14
    endloop
  endfacet
  facet normal 0.953743 -0.300624 -6.07572e-19
    outer loop
      vertex 27.8637 10.9647 0
      vertex 27.7588 10.6319 14
      vertex 27.7588 10.6319 0
    endloop
  endfacet
  facet normal 1 -0 0
    outer loop
      vertex 28 12 14
      vertex 28 24 0
      vertex 28 24 14
    endloop
  endfacet
  facet normal 1 0 0
    outer loop
      vertex 28 24 0
      vertex 28 12 14
      vertex 28 12 0
    endloop
  endfacet
  facet normal -0.886994 0.461781 5.56877e-19
    outer loop
      vertex 8.37477 25.6905 0
      vertex 8.5359 26 14
      vertex 8.5359 26 0
    endloop
  endfacet
  facet normal -0.886994 0.461781 5.56877e-19
    outer loop
      vertex 8.5359 26 14
      vertex 8.37477 25.6905 0
      vertex 8.37477 25.6905 14
    endloop
  endfacet
  facet normal -0.953718 0.300702 -5.87197e-19
    outer loop
      vertex 8.1363 25.0353 0
      vertex 8.24123 25.3681 14
      vertex 8.24123 25.3681 0
    endloop
  endfacet
  facet normal -0.953718 0.300702 -5.87197e-19
    outer loop
      vertex 8.24123 25.3681 14
      vertex 8.1363 25.0353 0
      vertex 8.1363 25.0353 14
    endloop
  endfacet
  facet normal 0.79339 -0.608713 1.11482e-20
    outer loop
      vertex 27.0642 9.42885 14
      vertex 27.2766 9.70569 0
      vertex 27.2766 9.70569 14
    endloop
  endfacet
  facet normal 0.79339 -0.608713 1.11482e-20
    outer loop
      vertex 27.2766 9.70569 0
      vertex 27.0642 9.42885 14
      vertex 27.0642 9.42885 0
    endloop
  endfacet
  facet normal -0.382824 0.923821 0
    outer loop
      vertex 10.6319 27.7588 0
      vertex 10.3095 27.6252 14
      vertex 10.6319 27.7588 14
    endloop
  endfacet
  facet normal -0.382824 0.923821 0
    outer loop
      vertex 10.3095 27.6252 14
      vertex 10.6319 27.7588 0
      vertex 10.3095 27.6252 0
    endloop
  endfacet
  facet normal -0.737283 -0.675584 -7.02231e-20
    outer loop
      vertex 9.17157 9.17157 0
      vertex 8.93582 9.42885 14
      vertex 8.93582 9.42885 0
    endloop
  endfacet
  facet normal -0.737283 -0.675584 -7.02231e-20
    outer loop
      vertex 8.93582 9.42885 14
      vertex 9.17157 9.17157 0
      vertex 9.17157 9.17157 14
    endloop
  endfacet
  facet normal -0.537287 -0.843399 0
    outer loop
      vertex 9.70569 8.72339 0
      vertex 10 8.5359 14
      vertex 9.70569 8.72339 14
    endloop
  endfacet
  facet normal -0.537287 -0.843399 -0
    outer loop
      vertex 10 8.5359 14
      vertex 9.70569 8.72339 0
      vertex 10 8.5359 0
    endloop
  endfacet
  facet normal 0.999051 0.0435616 -2.74374e-20
    outer loop
      vertex 28 24 14
      vertex 27.9848 24.3486 0
      vertex 27.9848 24.3486 14
    endloop
  endfacet
  facet normal 0.999051 0.0435616 -2.74374e-20
    outer loop
      vertex 27.9848 24.3486 0
      vertex 28 24 14
      vertex 28 24 0
    endloop
  endfacet
  facet normal -0.382677 -0.923882 0
    outer loop
      vertex 10.3095 8.37477 0
      vertex 10.6319 8.24123 14
      vertex 10.3095 8.37477 14
    endloop
  endfacet
  facet normal -0.382677 -0.923882 -0
    outer loop
      vertex 10.6319 8.24123 14
      vertex 10.3095 8.37477 0
      vertex 10.6319 8.24123 0
    endloop
  endfacet
  facet normal -0.130662 0.991427 0
    outer loop
      vertex 11.6514 27.9848 0
      vertex 11.3054 27.9392 14
      vertex 11.6514 27.9848 14
    endloop
  endfacet
  facet normal -0.130662 0.991427 0
    outer loop
      vertex 11.3054 27.9392 14
      vertex 11.6514 27.9848 0
      vertex 11.3054 27.9392 0
    endloop
  endfacet
  facet normal 0.461781 -0.886994 0
    outer loop
      vertex 25.6905 8.37477 0
      vertex 26 8.5359 14
      vertex 25.6905 8.37477 14
    endloop
  endfacet
  facet normal 0.461781 -0.886994 0
    outer loop
      vertex 26 8.5359 14
      vertex 25.6905 8.37477 0
      vertex 26 8.5359 0
    endloop
  endfacet
  facet normal 0.675556 -0.737309 0
    outer loop
      vertex 26.5711 8.93582 0
      vertex 26.8284 9.17157 14
      vertex 26.5711 8.93582 14
    endloop
  endfacet
  facet normal 0.675556 -0.737309 0
    outer loop
      vertex 26.8284 9.17157 14
      vertex 26.5711 8.93582 0
      vertex 26.8284 9.17157 0
    endloop
  endfacet
  facet normal -0.300702 -0.953718 0
    outer loop
      vertex 10.6319 8.24123 0
      vertex 10.9647 8.1363 14
      vertex 10.6319 8.24123 14
    endloop
  endfacet
  facet normal -0.300702 -0.953718 -0
    outer loop
      vertex 10.9647 8.1363 14
      vertex 10.6319 8.24123 0
      vertex 10.9647 8.1363 0
    endloop
  endfacet
  facet normal 0.793348 0.608768 1.47316e-19
    outer loop
      vertex 27.2766 26.2943 14
      vertex 27.0642 26.5711 0
      vertex 27.0642 26.5711 14
    endloop
  endfacet
  facet normal 0.793348 0.608768 1.47316e-19
    outer loop
      vertex 27.0642 26.5711 0
      vertex 27.2766 26.2943 14
      vertex 27.2766 26.2943 0
    endloop
  endfacet
  facet normal 0.953743 0.300624 4.00762e-19
    outer loop
      vertex 27.8637 25.0353 14
      vertex 27.7588 25.3681 0
      vertex 27.7588 25.3681 14
    endloop
  endfacet
  facet normal 0.953743 0.300624 4.00762e-19
    outer loop
      vertex 27.7588 25.3681 0
      vertex 27.8637 25.0353 14
      vertex 27.8637 25.0353 0
    endloop
  endfacet
  facet normal 0 0 -1
    outer loop
      vertex 12 100 14
      vertex 16 108 14
      vertex 16.3493 100 14
    endloop
  endfacet
  facet normal 0 0 -1
    outer loop
      vertex 11.6514 99.9848 14
      vertex 16 108 14
      vertex 12 100 14
    endloop
  endfacet
  facet normal 0 0 -1
    outer loop
      vertex 11.3054 99.9392 14
      vertex 16 108 14
      vertex 11.6514 99.9848 14
    endloop
  endfacet
  facet normal 0 0 -1
    outer loop
      vertex 4 108 14
      vertex 11.3054 99.9392 14
      vertex 10.9647 99.8637 14
    endloop
  endfacet
  facet normal 0 0 -1
    outer loop
      vertex 4 108 14
      vertex 10.9647 99.8637 14
      vertex 10.6319 99.7588 14
    endloop
  endfacet
  facet normal 0 0 -1
    outer loop
      vertex 4 108 14
      vertex 10.6319 99.7588 14
      vertex 10.3095 99.6252 14
    endloop
  endfacet
  facet normal 0 0 -1
    outer loop
      vertex 4 108 14
      vertex 10.3095 99.6252 14
      vertex 10 99.4641 14
    endloop
  endfacet
  facet normal 0 0 -1
    outer loop
      vertex 4 108 14
      vertex 10 99.4641 14
      vertex 9.70569 99.2766 14
    endloop
  endfacet
  facet normal 0 0 -1
    outer loop
      vertex 4 108 14
      vertex 9.70569 99.2766 14
      vertex 9.42885 99.0642 14
    endloop
  endfacet
  facet normal 0 0 -1
    outer loop
      vertex 4 108 14
      vertex 9.42885 99.0642 14
      vertex 9.17157 98.8284 14
    endloop
  endfacet
  facet normal 0 0 -1
    outer loop
      vertex 4 108 14
      vertex 9.17157 98.8284 14
      vertex 8.93582 98.5712 14
    endloop
  endfacet
  facet normal 0 0 -1
    outer loop
      vertex 4 108 14
      vertex 8.93582 98.5712 14
      vertex 8.72339 98.2943 14
    endloop
  endfacet
  facet normal 0 0 -1
    outer loop
      vertex 11.3054 99.9392 14
      vertex 4 108 14
      vertex 16 108 14
    endloop
  endfacet
  facet normal 0 0 -1
    outer loop
      vertex 8.5359 98 14
      vertex 4 108 14
      vertex 8.72339 98.2943 14
    endloop
  endfacet
  facet normal 0 0 -1
    outer loop
      vertex 8.37477 97.6905 14
      vertex 4 108 14
      vertex 8.5359 98 14
    endloop
  endfacet
  facet normal 0 0 -1
    outer loop
      vertex 8.24123 97.3681 14
      vertex 4 108 14
      vertex 8.37477 97.6905 14
    endloop
  endfacet
  facet normal 0 0 -1
    outer loop
      vertex 8.1363 97.0353 14
      vertex 4 108 14
      vertex 8.24123 97.3681 14
    endloop
  endfacet
  facet normal 0 0 -1
    outer loop
      vertex 8.06077 96.6946 14
      vertex 4 108 14
      vertex 8.1363 97.0353 14
    endloop
  endfacet
  facet normal 0 0 -1
    outer loop
      vertex 8.01522 96.3486 14
      vertex 4 108 14
      vertex 8.06077 96.6946 14
    endloop
  endfacet
  facet normal 0 0 -1
    outer loop
      vertex 8 96 14
      vertex 4 108 14
      vertex 8.01522 96.3486 14
    endloop
  endfacet
  facet normal 0 0 -1
    outer loop
      vertex 8 84 14
      vertex 4 108 14
      vertex 8 96 14
    endloop
  endfacet
  facet normal 0 0 -1
    outer loop
      vertex 0 4 14
      vertex 4 0 14
      vertex 3.65138 0.0152206 14
    endloop
  endfacet
  facet normal 0 0 -1
    outer loop
      vertex 0 104 14
      vertex 8.30647 32.1482 14
      vertex 0 4 14
    endloop
  endfacet
  facet normal 0 0 -1
    outer loop
      vertex 0 4 14
      vertex 3.65138 0.0152206 14
      vertex 3.30541 0.0607681 14
    endloop
  endfacet
  facet normal 0 0 -1
    outer loop
      vertex 8.30647 32.1482 14
      vertex 0 104 14
      vertex 4 108 14
    endloop
  endfacet
  facet normal 0 0 -1
    outer loop
      vertex 0 4 14
      vertex 3.30541 0.0607681 14
      vertex 2.96472 0.136296 14
    endloop
  endfacet
  facet normal 0 0 -1
    outer loop
      vertex 4 108 14
      vertex 0 104 14
      vertex 3.65138 107.985 14
    endloop
  endfacet
  facet normal 0 0 -1
    outer loop
      vertex 0 4 14
      vertex 2.96472 0.136296 14
      vertex 2.63192 0.241229 14
    endloop
  endfacet
  facet normal 0 0 -1
    outer loop
      vertex 3.65138 107.985 14
      vertex 0 104 14
      vertex 3.30541 107.939 14
    endloop
  endfacet
  facet normal 0 0 -1
    outer loop
      vertex 0 4 14
      vertex 2.63192 0.241229 14
      vertex 2.30953 0.374768 14
    endloop
  endfacet
  facet normal 0 0 -1
    outer loop
      vertex 3.30541 107.939 14
      vertex 0 104 14
      vertex 2.96472 107.864 14
    endloop
  endfacet
  facet normal 0 0 -1
    outer loop
      vertex 0 4 14
      vertex 2.30953 0.374768 14
      vertex 2 0.535898 14
    endloop
  endfacet
  facet normal 0 0 -1
    outer loop
      vertex 2.96472 107.864 14
      vertex 0 104 14
      vertex 2.63192 107.759 14
    endloop
  endfacet
  facet normal 0 0 -1
    outer loop
      vertex 0 4 14
      vertex 2 0.535898 14
      vertex 1.70569 0.723392 14
    endloop
  endfacet
  facet normal 0 0 -1
    outer loop
      vertex 2.63192 107.759 14
      vertex 0 104 14
      vertex 2.30953 107.625 14
    endloop
  endfacet
  facet normal 0 0 -1
    outer loop
      vertex 0 4 14
      vertex 1.70569 0.723392 14
      vertex 1.42885 0.935822 14
    endloop
  endfacet
  facet normal 0 0 -1
    outer loop
      vertex 2.30953 107.625 14
      vertex 0 104 14
      vertex 2 107.464 14
    endloop
  endfacet
  facet normal 0 0 -1
    outer loop
      vertex 0 4 14
      vertex 1.42885 0.935822 14
      vertex 1.17157 1.17157 14
    endloop
  endfacet
  facet normal 0 0 -1
    outer loop
      vertex 2 107.464 14
      vertex 0 104 14
      vertex 1.70569 107.277 14
    endloop
  endfacet
  facet normal 0 0 -1
    outer loop
      vertex 0 4 14
      vertex 1.17157 1.17157 14
      vertex 0.935822 1.42885 14
    endloop
  endfacet
  facet normal 0 0 -1
    outer loop
      vertex 1.70569 107.277 14
      vertex 0 104 14
      vertex 1.42885 107.064 14
    endloop
  endfacet
  facet normal 0 0 -1
    outer loop
      vertex 0 4 14
      vertex 0.935822 1.42885 14
      vertex 0.723392 1.70569 14
    endloop
  endfacet
  facet normal 0 0 -1
    outer loop
      vertex 1.42885 107.064 14
      vertex 0 104 14
      vertex 1.17157 106.828 14
    endloop
  endfacet
  facet normal 0 0 -1
    outer loop
      vertex 0 4 14
      vertex 0.723392 1.70569 14
      vertex 0.535898 2 14
    endloop
  endfacet
  facet normal 0 0 -1
    outer loop
      vertex 1.17157 106.828 14
      vertex 0 104 14
      vertex 0.935822 106.571 14
    endloop
  endfacet
  facet normal 0 0 -1
    outer loop
      vertex 0 4 14
      vertex 0.535898 2 14
      vertex 0.374768 2.30953 14
    endloop
  endfacet
  facet normal 0 0 -1
    outer loop
      vertex 0.935822 106.571 14
      vertex 0 104 14
      vertex 0.723392 106.294 14
    endloop
  endfacet
  facet normal 0 0 -1
    outer loop
      vertex 0 4 14
      vertex 0.374768 2.30953 14
      vertex 0.241229 2.63192 14
    endloop
  endfacet
  facet normal 0 0 -1
    outer loop
      vertex 0.723392 106.294 14
      vertex 0 104 14
      vertex 0.535898 106 14
    endloop
  endfacet
  facet normal 0 0 -1
    outer loop
      vertex 0 4 14
      vertex 0.241229 2.63192 14
      vertex 0.136296 2.96472 14
    endloop
  endfacet
  facet normal 0 0 -1
    outer loop
      vertex 0.535898 106 14
      vertex 0 104 14
      vertex 0.374768 105.69 14
    endloop
  endfacet
  facet normal 0 0 -1
    outer loop
      vertex 0 4 14
      vertex 0.136296 2.96472 14
      vertex 0.0607681 3.30541 14
    endloop
  endfacet
  facet normal 0 0 -1
    outer loop
      vertex 0.374768 105.69 14
      vertex 0 104 14
      vertex 0.241229 105.368 14
    endloop
  endfacet
  facet normal 0 0 -1
    outer loop
      vertex 0 4 14
      vertex 0.0607681 3.30541 14
      vertex 0.0152206 3.65138 14
    endloop
  endfacet
  facet normal 0 0 -1
    outer loop
      vertex 0.241229 105.368 14
      vertex 0 104 14
      vertex 0.136296 105.035 14
    endloop
  endfacet
  facet normal 0 0 -1
    outer loop
      vertex 0.136296 105.035 14
      vertex 0 104 14
      vertex 0.0607681 104.695 14
    endloop
  endfacet
  facet normal 0 0 -1
    outer loop
      vertex 0.0607681 104.695 14
      vertex 0 104 14
      vertex 0.0152206 104.349 14
    endloop
  endfacet
  facet normal 0 0 -1
    outer loop
      vertex 192 28 14
      vertex 186.992 32.15 14
      vertex 204.528 32.85 14
    endloop
  endfacet
  facet normal 0 0 -1
    outer loop
      vertex 186.884 32.3192 14
      vertex 204.528 32.85 14
      vertex 186.992 32.15 14
    endloop
  endfacet
  facet normal -0 0 -1
    outer loop
      vertex 204.528 32.85 14
      vertex 186.884 32.3192 14
      vertex 204.607 32.9751 14
    endloop
  endfacet
  facet normal 0 0 -1
    outer loop
      vertex 186.762 32.4784 14
      vertex 204.607 32.9751 14
      vertex 186.884 32.3192 14
    endloop
  endfacet
  facet normal -0 0 -1
    outer loop
      vertex 204.607 32.9751 14
      vertex 186.762 32.4784 14
      vertex 204.698 33.0927 14
    endloop
  endfacet
  facet normal 0 0 -1
    outer loop
      vertex 186.626 32.6263 14
      vertex 204.698 33.0927 14
      vertex 186.762 32.4784 14
    endloop
  endfacet
  facet normal -0 0 -1
    outer loop
      vertex 204.698 33.0927 14
      vertex 186.626 32.6263 14
      vertex 204.798 33.2021 14
    endloop
  endfacet
  facet normal 0 0 -1
    outer loop
      vertex 186.478 32.7619 14
      vertex 204.798 33.2021 14
      vertex 186.626 32.6263 14
    endloop
  endfacet
  facet normal -0 0 -1
    outer loop
      vertex 204.798 33.2021 14
      vertex 186.478 32.7619 14
      vertex 204.907 33.3023 14
    endloop
  endfacet
  facet normal 0 0 -1
    outer loop
      vertex 186.319 32.884 14
      vertex 204.907 33.3023 14
      vertex 186.478 32.7619 14
    endloop
  endfacet
  facet normal -0 0 -1
    outer loop
      vertex 204.907 33.3023 14
      vertex 186.319 32.884 14
      vertex 183.362 55.231 14
    endloop
  endfacet
  facet normal 0 0 -1
    outer loop
      vertex 183.362 55.231 14
      vertex 186.319 32.884 14
      vertex 186.15 32.9919 14
    endloop
  endfacet
  facet normal 0 0 -1
    outer loop
      vertex 183.362 55.231 14
      vertex 186.15 32.9919 14
      vertex 185.972 33.0845 14
    endloop
  endfacet
  facet normal 0 0 -1
    outer loop
      vertex 183.362 55.231 14
      vertex 185.972 33.0845 14
      vertex 185.787 33.1613 14
    endloop
  endfacet
  facet normal 0 0 -1
    outer loop
      vertex 178.476 48.8635 14
      vertex 185.787 33.1613 14
      vertex 185.595 33.2216 14
    endloop
  endfacet
  facet normal 0 0 -1
    outer loop
      vertex 178.476 48.8635 14
      vertex 185.595 33.2216 14
      vertex 185.399 33.2651 14
    endloop
  endfacet
  facet normal 0 0 -1
    outer loop
      vertex 178.476 48.8635 14
      vertex 185.399 33.2651 14
      vertex 185.2 33.2912 14
    endloop
  endfacet
  facet normal 0 0 -1
    outer loop
      vertex 178.476 48.8635 14
      vertex 185.2 33.2912 14
      vertex 185 33.3 14
    endloop
  endfacet
  facet normal 0 0 -1
    outer loop
      vertex 178.476 48.8635 14
      vertex 185 33.3 14
      vertex 184.8 33.2912 14
    endloop
  endfacet
  facet normal 0 0 -1
    outer loop
      vertex 178.476 48.8635 14
      vertex 184.8 33.2912 14
      vertex 184.601 33.2651 14
    endloop
  endfacet
  facet normal 0 0 -1
    outer loop
      vertex 178.476 48.8635 14
      vertex 184.601 33.2651 14
      vertex 184.405 33.2216 14
    endloop
  endfacet
  facet normal 0 0 -1
    outer loop
      vertex 178.476 48.8635 14
      vertex 184.405 33.2216 14
      vertex 184.213 33.1613 14
    endloop
  endfacet
  facet normal 0 0 -1
    outer loop
      vertex 173.054 42.9462 14
      vertex 184.213 33.1613 14
      vertex 184.028 33.0845 14
    endloop
  endfacet
  facet normal 0 0 -1
    outer loop
      vertex 173.054 42.9462 14
      vertex 184.028 33.0845 14
      vertex 183.85 32.9919 14
    endloop
  endfacet
  facet normal 0 0 -1
    outer loop
      vertex 173.054 42.9462 14
      vertex 183.85 32.9919 14
      vertex 183.681 32.884 14
    endloop
  endfacet
  facet normal 0 0 -1
    outer loop
      vertex 173.054 42.9462 14
      vertex 183.681 32.884 14
      vertex 183.522 32.7619 14
    endloop
  endfacet
  facet normal 0 0 -1
    outer loop
      vertex 173.054 42.9462 14
      vertex 183.522 32.7619 14
      vertex 183.374 32.6263 14
    endloop
  endfacet
  facet normal 0 0 -1
    outer loop
      vertex 204.907 33.3023 14
      vertex 183.362 55.231 14
      vertex 187.674 62 14
    endloop
  endfacet
  facet normal 0 0 -1
    outer loop
      vertex 173.054 42.9462 14
      vertex 183.374 32.6263 14
      vertex 183.238 32.4784 14
    endloop
  endfacet
  facet normal 0 0 -1
    outer loop
      vertex 173.054 42.9462 14
      vertex 183.238 32.4784 14
      vertex 183.116 32.3192 14
    endloop
  endfacet
  facet normal 0 0 -1
    outer loop
      vertex 173.054 42.9462 14
      vertex 183.116 32.3192 14
      vertex 183.008 32.15 14
    endloop
  endfacet
  facet normal 0 0 -1
    outer loop
      vertex 173.054 42.9462 14
      vertex 183.008 32.15 14
      vertex 182.915 31.972 14
    endloop
  endfacet
  facet normal 0 0 -1
    outer loop
      vertex 173.054 42.9462 14
      vertex 182.915 31.972 14
      vertex 182.839 31.7866 14
    endloop
  endfacet
  facet normal 0 0 -1
    outer loop
      vertex 173.054 42.9462 14
      vertex 182.839 31.7866 14
      vertex 182.778 31.5953 14
    endloop
  endfacet
  facet normal 0 0 -1
    outer loop
      vertex 173.054 42.9462 14
      vertex 182.778 31.5953 14
      vertex 182.735 31.3994 14
    endloop
  endfacet
  facet normal 0 0 -1
    outer loop
      vertex 173.054 42.9462 14
      vertex 182.735 31.3994 14
      vertex 182.709 31.2005 14
    endloop
  endfacet
  facet normal 0 0 -1
    outer loop
      vertex 173.054 42.9462 14
      vertex 182.709 31.2005 14
      vertex 182.7 31 14
    endloop
  endfacet
  facet normal 0 0 -1
    outer loop
      vertex 185.787 33.1613 14
      vertex 178.476 48.8635 14
      vertex 183.362 55.231 14
    endloop
  endfacet
  facet normal 0 0 -1
    outer loop
      vertex 167.202 15.2021 14
      vertex 183.238 29.5216 14
      vertex 167.302 15.0927 14
    endloop
  endfacet
  facet normal -0 0 -1
    outer loop
      vertex 183.238 29.5216 14
      vertex 167.202 15.2021 14
      vertex 183.116 29.6808 14
    endloop
  endfacet
  facet normal 0 0 -1
    outer loop
      vertex 167.093 15.3023 14
      vertex 183.116 29.6808 14
      vertex 167.202 15.2021 14
    endloop
  endfacet
  facet normal -0 0 -1
    outer loop
      vertex 183.116 29.6808 14
      vertex 167.093 15.3023 14
      vertex 183.008 29.85 14
    endloop
  endfacet
  facet normal 0 0 -1
    outer loop
      vertex 166.975 15.3926 14
      vertex 183.008 29.85 14
      vertex 167.093 15.3023 14
    endloop
  endfacet
  facet normal -0 0 -1
    outer loop
      vertex 183.008 29.85 14
      vertex 166.975 15.3926 14
      vertex 182.915 30.028 14
    endloop
  endfacet
  facet normal 0 0 -1
    outer loop
      vertex 166.85 15.4722 14
      vertex 182.915 30.028 14
      vertex 166.975 15.3926 14
    endloop
  endfacet
  facet normal -0 0 -1
    outer loop
      vertex 182.915 30.028 14
      vertex 166.85 15.4722 14
      vertex 182.839 30.2134 14
    endloop
  endfacet
  facet normal 0 0 -1
    outer loop
      vertex 166.718 15.5407 14
      vertex 182.839 30.2134 14
      vertex 166.85 15.4722 14
    endloop
  endfacet
  facet normal 0 0 -1
    outer loop
      vertex 182.709 30.7995 14
      vertex 167.136 37.5239 14
      vertex 173.054 42.9462 14
    endloop
  endfacet
  facet normal 0 -0 -1
    outer loop
      vertex 167.136 37.5239 14
      vertex 182.839 30.2134 14
      vertex 166.718 15.5407 14
    endloop
  endfacet
  facet normal 0 0 -1
    outer loop
      vertex 182.839 30.2134 14
      vertex 167.136 37.5239 14
      vertex 182.778 30.4047 14
    endloop
  endfacet
  facet normal 0 0 -1
    outer loop
      vertex 182.778 30.4047 14
      vertex 167.136 37.5239 14
      vertex 182.735 30.6006 14
    endloop
  endfacet
  facet normal 0 0 -1
    outer loop
      vertex 182.735 30.6006 14
      vertex 167.136 37.5239 14
      vertex 182.709 30.7995 14
    endloop
  endfacet
  facet normal 0 0 -1
    outer loop
      vertex 166.581 15.5975 14
      vertex 167.136 37.5239 14
      vertex 166.718 15.5407 14
    endloop
  endfacet
  facet normal 0 0 -1
    outer loop
      vertex 160.769 32.638 14
      vertex 166.581 15.5975 14
      vertex 166.44 15.6421 14
    endloop
  endfacet
  facet normal 0 0 -1
    outer loop
      vertex 160.769 32.638 14
      vertex 166.44 15.6421 14
      vertex 166.295 15.6742 14
    endloop
  endfacet
  facet normal 0 0 -1
    outer loop
      vertex 160.769 32.638 14
      vertex 166.295 15.6742 14
      vertex 166.148 15.6935 14
    endloop
  endfacet
  facet normal 0 0 -1
    outer loop
      vertex 160.769 32.638 14
      vertex 166.148 15.6935 14
      vertex 166 15.7 14
    endloop
  endfacet
  facet normal 0 0 -1
    outer loop
      vertex 160.769 32.638 14
      vertex 166 15.7 14
      vertex 165.852 15.6935 14
    endloop
  endfacet
  facet normal 0 0 -1
    outer loop
      vertex 160.769 32.638 14
      vertex 165.852 15.6935 14
      vertex 165.705 15.6742 14
    endloop
  endfacet
  facet normal 0 0 -1
    outer loop
      vertex 160.769 32.638 14
      vertex 165.705 15.6742 14
      vertex 165.56 15.6421 14
    endloop
  endfacet
  facet normal 0 0 -1
    outer loop
      vertex 160.769 32.638 14
      vertex 165.56 15.6421 14
      vertex 165.419 15.5975 14
    endloop
  endfacet
  facet normal 0 0 -1
    outer loop
      vertex 160.769 32.638 14
      vertex 165.419 15.5975 14
      vertex 165.282 15.5407 14
    endloop
  endfacet
  facet normal 0 0 -1
    outer loop
      vertex 154 28.3257 14
      vertex 165.282 15.5407 14
      vertex 165.15 15.4722 14
    endloop
  endfacet
  facet normal 0 0 -1
    outer loop
      vertex 154 28.3257 14
      vertex 165.15 15.4722 14
      vertex 165.025 15.3926 14
    endloop
  endfacet
  facet normal 0 0 -1
    outer loop
      vertex 154 28.3257 14
      vertex 165.025 15.3926 14
      vertex 164.907 15.3023 14
    endloop
  endfacet
  facet normal 0 0 -1
    outer loop
      vertex 154 28.3257 14
      vertex 164.907 15.3023 14
      vertex 164.798 15.2021 14
    endloop
  endfacet
  facet normal 0 0 -1
    outer loop
      vertex 154 28.3257 14
      vertex 164.798 15.2021 14
      vertex 164.698 15.0927 14
    endloop
  endfacet
  facet normal 0 0 -1
    outer loop
      vertex 154 28.3257 14
      vertex 164.698 15.0927 14
      vertex 164.607 14.9751 14
    endloop
  endfacet
  facet normal 0 0 -1
    outer loop
      vertex 154 28.3257 14
      vertex 164.607 14.9751 14
      vertex 164.528 14.85 14
    endloop
  endfacet
  facet normal 0 0 -1
    outer loop
      vertex 154 28.3257 14
      vertex 164.528 14.85 14
      vertex 164.459 14.7185 14
    endloop
  endfacet
  facet normal 0 0 -1
    outer loop
      vertex 154 28.3257 14
      vertex 164.459 14.7185 14
      vertex 164.403 14.5814 14
    endloop
  endfacet
  facet normal 0 0 -1
    outer loop
      vertex 146.881 24.6197 14
      vertex 164.403 14.5814 14
      vertex 164.358 14.44 14
    endloop
  endfacet
  facet normal 0 0 -1
    outer loop
      vertex 146.881 24.6197 14
      vertex 164.358 14.44 14
      vertex 164.326 14.2952 14
    endloop
  endfacet
  facet normal 0 0 -1
    outer loop
      vertex 146.881 24.6197 14
      vertex 164.326 14.2952 14
      vertex 164.306 14.1482 14
    endloop
  endfacet
  facet normal 0 0 -1
    outer loop
      vertex 166.581 15.5975 14
      vertex 160.769 32.638 14
      vertex 167.136 37.5239 14
    endloop
  endfacet
  facet normal 0 0 -1
    outer loop
      vertex 146.881 24.6197 14
      vertex 164.306 14.1482 14
      vertex 164.3 14 14
    endloop
  endfacet
  facet normal 0 0 -1
    outer loop
      vertex 51.6421 14.44 14
      vertex 69.1191 24.6197 14
      vertex 51.6742 14.2952 14
    endloop
  endfacet
  facet normal 0 0 -1
    outer loop
      vertex 51.5975 14.5814 14
      vertex 69.1191 24.6197 14
      vertex 51.6421 14.44 14
    endloop
  endfacet
  facet normal -0 0 -1
    outer loop
      vertex 69.1191 24.6197 14
      vertex 51.5975 14.5814 14
      vertex 62 28.3257 14
    endloop
  endfacet
  facet normal 0 0 -1
    outer loop
      vertex 51.5407 14.7185 14
      vertex 62 28.3257 14
      vertex 51.5975 14.5814 14
    endloop
  endfacet
  facet normal 0 0 -1
    outer loop
      vertex 51.4722 14.85 14
      vertex 62 28.3257 14
      vertex 51.5407 14.7185 14
    endloop
  endfacet
  facet normal 0 0 -1
    outer loop
      vertex 51.3926 14.9751 14
      vertex 62 28.3257 14
      vertex 51.4722 14.85 14
    endloop
  endfacet
  facet normal 0 0 -1
    outer loop
      vertex 51.3023 15.0927 14
      vertex 62 28.3257 14
      vertex 51.3926 14.9751 14
    endloop
  endfacet
  facet normal 0 0 -1
    outer loop
      vertex 51.2021 15.2021 14
      vertex 62 28.3257 14
      vertex 51.3023 15.0927 14
    endloop
  endfacet
  facet normal 0 0 -1
    outer loop
      vertex 51.0927 15.3023 14
      vertex 62 28.3257 14
      vertex 51.2021 15.2021 14
    endloop
  endfacet
  facet normal 0 0 -1
    outer loop
      vertex 50.9751 15.3926 14
      vertex 62 28.3257 14
      vertex 51.0927 15.3023 14
    endloop
  endfacet
  facet normal 0 0 -1
    outer loop
      vertex 50.85 15.4722 14
      vertex 62 28.3257 14
      vertex 50.9751 15.3926 14
    endloop
  endfacet
  facet normal 0 0 -1
    outer loop
      vertex 50.7185 15.5407 14
      vertex 62 28.3257 14
      vertex 50.85 15.4722 14
    endloop
  endfacet
  facet normal -0 0 -1
    outer loop
      vertex 62 28.3257 14
      vertex 50.7185 15.5407 14
      vertex 55.231 32.638 14
    endloop
  endfacet
  facet normal 0 0 -1
    outer loop
      vertex 50.5814 15.5975 14
      vertex 55.231 32.638 14
      vertex 50.7185 15.5407 14
    endloop
  endfacet
  facet normal 0 0 -1
    outer loop
      vertex 50.44 15.6421 14
      vertex 55.231 32.638 14
      vertex 50.5814 15.5975 14
    endloop
  endfacet
  facet normal 0 0 -1
    outer loop
      vertex 50.2952 15.6742 14
      vertex 55.231 32.638 14
      vertex 50.44 15.6421 14
    endloop
  endfacet
  facet normal 0 0 -1
    outer loop
      vertex 50.1482 15.6935 14
      vertex 55.231 32.638 14
      vertex 50.2952 15.6742 14
    endloop
  endfacet
  facet normal 0 0 -1
    outer loop
      vertex 50 15.7 14
      vertex 55.231 32.638 14
      vertex 50.1482 15.6935 14
    endloop
  endfacet
  facet normal 0 0 -1
    outer loop
      vertex 49.8518 15.6935 14
      vertex 55.231 32.638 14
      vertex 50 15.7 14
    endloop
  endfacet
  facet normal 0 0 -1
    outer loop
      vertex 49.7048 15.6742 14
      vertex 55.231 32.638 14
      vertex 49.8518 15.6935 14
    endloop
  endfacet
  facet normal 0 0 -1
    outer loop
      vertex 49.56 15.6421 14
      vertex 55.231 32.638 14
      vertex 49.7048 15.6742 14
    endloop
  endfacet
  facet normal 0 0 -1
    outer loop
      vertex 49.4186 15.5975 14
      vertex 55.231 32.638 14
      vertex 49.56 15.6421 14
    endloop
  endfacet
  facet normal 0 0 -1
    outer loop
      vertex 48.8635 37.5239 14
      vertex 49.4186 15.5975 14
      vertex 49.2815 15.5407 14
    endloop
  endfacet
  facet normal 0 0 -1
    outer loop
      vertex 33.1613 30.2134 14
      vertex 49.2815 15.5407 14
      vertex 49.15 15.4722 14
    endloop
  endfacet
  facet normal 0 0 -1
    outer loop
      vertex 33.0845 30.028 14
      vertex 49.15 15.4722 14
      vertex 49.0249 15.3926 14
    endloop
  endfacet
  facet normal 0 0 -1
    outer loop
      vertex 32.9919 29.85 14
      vertex 49.0249 15.3926 14
      vertex 48.9073 15.3023 14
    endloop
  endfacet
  facet normal 0 0 -1
    outer loop
      vertex 49.4186 15.5975 14
      vertex 48.8635 37.5239 14
      vertex 55.231 32.638 14
    endloop
  endfacet
  facet normal 0 0 -1
    outer loop
      vertex 32.884 29.6808 14
      vertex 48.9073 15.3023 14
      vertex 48.7979 15.2021 14
    endloop
  endfacet
  facet normal 0 0 -1
    outer loop
      vertex 32.7619 29.5216 14
      vertex 48.7979 15.2021 14
      vertex 48.6977 15.0927 14
    endloop
  endfacet
  facet normal 0 0 -1
    outer loop
      vertex 32.6263 29.3737 14
      vertex 48.6977 15.0927 14
      vertex 48.6074 14.9751 14
    endloop
  endfacet
  facet normal 0 0 -1
    outer loop
      vertex 32.4784 29.2381 14
      vertex 48.6074 14.9751 14
      vertex 48.5278 14.85 14
    endloop
  endfacet
  facet normal 0 0 -1
    outer loop
      vertex 32.3192 29.1159 14
      vertex 48.5278 14.85 14
      vertex 48.4593 14.7185 14
    endloop
  endfacet
  facet normal 0 0 -1
    outer loop
      vertex 28 24 14
      vertex 48.4593 14.7185 14
      vertex 48.4025 14.5814 14
    endloop
  endfacet
  facet normal 0 0 -1
    outer loop
      vertex 28 24 14
      vertex 48.4025 14.5814 14
      vertex 48.3579 14.44 14
    endloop
  endfacet
  facet normal 0 0 -1
    outer loop
      vertex 28 12 14
      vertex 48.3579 14.44 14
      vertex 48.3258 14.2952 14
    endloop
  endfacet
  facet normal 0 0 -1
    outer loop
      vertex 28 12 14
      vertex 48.3258 14.2952 14
      vertex 48.3065 14.1482 14
    endloop
  endfacet
  facet normal 0 0 -1
    outer loop
      vertex 28 12 14
      vertex 48.3065 14.1482 14
      vertex 48.3 14 14
    endloop
  endfacet
  facet normal 0 0 -1
    outer loop
      vertex 49.2815 15.5407 14
      vertex 33.1613 30.2134 14
      vertex 48.8635 37.5239 14
    endloop
  endfacet
  facet normal 0 0 -1
    outer loop
      vertex 33.2216 31.5953 14
      vertex 48.8635 37.5239 14
      vertex 33.2651 31.3994 14
    endloop
  endfacet
  facet normal 0 0 -1
    outer loop
      vertex 33.1613 31.7866 14
      vertex 48.8635 37.5239 14
      vertex 33.2216 31.5953 14
    endloop
  endfacet
  facet normal -0 0 -1
    outer loop
      vertex 48.8635 37.5239 14
      vertex 33.1613 31.7866 14
      vertex 42.9462 42.9462 14
    endloop
  endfacet
  facet normal 0 0 -1
    outer loop
      vertex 33.0845 31.972 14
      vertex 42.9462 42.9462 14
      vertex 33.1613 31.7866 14
    endloop
  endfacet
  facet normal 0 0 -1
    outer loop
      vertex 32.9919 32.15 14
      vertex 42.9462 42.9462 14
      vertex 33.0845 31.972 14
    endloop
  endfacet
  facet normal 0 0 -1
    outer loop
      vertex 32.884 32.3192 14
      vertex 42.9462 42.9462 14
      vertex 32.9919 32.15 14
    endloop
  endfacet
  facet normal 0 0 -1
    outer loop
      vertex 32.7619 32.4784 14
      vertex 42.9462 42.9462 14
      vertex 32.884 32.3192 14
    endloop
  endfacet
  facet normal 0 0 -1
    outer loop
      vertex 32.6263 32.6263 14
      vertex 42.9462 42.9462 14
      vertex 32.7619 32.4784 14
    endloop
  endfacet
  facet normal 0 0 -1
    outer loop
      vertex 32.4784 32.7619 14
      vertex 42.9462 42.9462 14
      vertex 32.6263 32.6263 14
    endloop
  endfacet
  facet normal 0 0 -1
    outer loop
      vertex 32.3192 32.884 14
      vertex 42.9462 42.9462 14
      vertex 32.4784 32.7619 14
    endloop
  endfacet
  facet normal 0 0 -1
    outer loop
      vertex 32.15 32.9919 14
      vertex 42.9462 42.9462 14
      vertex 32.3192 32.884 14
    endloop
  endfacet
  facet normal 0 0 -1
    outer loop
      vertex 31.972 33.0845 14
      vertex 42.9462 42.9462 14
      vertex 32.15 32.9919 14
    endloop
  endfacet
  facet normal 0 0 -1
    outer loop
      vertex 31.7866 33.1613 14
      vertex 42.9462 42.9462 14
      vertex 31.972 33.0845 14
    endloop
  endfacet
  facet normal -0 0 -1
    outer loop
      vertex 42.9462 42.9462 14
      vertex 31.7866 33.1613 14
      vertex 37.5239 48.8635 14
    endloop
  endfacet
  facet normal 0 0 -1
    outer loop
      vertex 31.5953 33.2216 14
      vertex 37.5239 48.8635 14
      vertex 31.7866 33.1613 14
    endloop
  endfacet
  facet normal 0 0 -1
    outer loop
      vertex 31.3994 33.2651 14
      vertex 37.5239 48.8635 14
      vertex 31.5953 33.2216 14
    endloop
  endfacet
  facet normal 0 0 -1
    outer loop
      vertex 31.2005 33.2912 14
      vertex 37.5239 48.8635 14
      vertex 31.3994 33.2651 14
    endloop
  endfacet
  facet normal 0 0 -1
    outer loop
      vertex 31 33.3 14
      vertex 37.5239 48.8635 14
      vertex 31.2005 33.2912 14
    endloop
  endfacet
  facet normal 0 0 -1
    outer loop
      vertex 30.7995 33.2912 14
      vertex 37.5239 48.8635 14
      vertex 31 33.3 14
    endloop
  endfacet
  facet normal 0 0 -1
    outer loop
      vertex 30.6006 33.2651 14
      vertex 37.5239 48.8635 14
      vertex 30.7995 33.2912 14
    endloop
  endfacet
  facet normal 0 0 -1
    outer loop
      vertex 30.4047 33.2216 14
      vertex 37.5239 48.8635 14
      vertex 30.6006 33.2651 14
    endloop
  endfacet
  facet normal 0 0 -1
    outer loop
      vertex 30.2134 33.1613 14
      vertex 37.5239 48.8635 14
      vertex 30.4047 33.2216 14
    endloop
  endfacet
  facet normal -0 0 -1
    outer loop
      vertex 37.5239 48.8635 14
      vertex 30.2134 33.1613 14
      vertex 32.638 55.231 14
    endloop
  endfacet
  facet normal 0 0 -1
    outer loop
      vertex 30.028 33.0845 14
      vertex 32.638 55.231 14
      vertex 30.2134 33.1613 14
    endloop
  endfacet
  facet normal 0 0 -1
    outer loop
      vertex 29.85 32.9919 14
      vertex 32.638 55.231 14
      vertex 30.028 33.0845 14
    endloop
  endfacet
  facet normal 0 0 -1
    outer loop
      vertex 29.6808 32.884 14
      vertex 32.638 55.231 14
      vertex 29.85 32.9919 14
    endloop
  endfacet
  facet normal 0 0 -1
    outer loop
      vertex 11.0927 33.3023 14
      vertex 29.6808 32.884 14
      vertex 29.5216 32.7619 14
    endloop
  endfacet
  facet normal 0 0 -1
    outer loop
      vertex 11.2021 33.2021 14
      vertex 29.5216 32.7619 14
      vertex 29.3737 32.6263 14
    endloop
  endfacet
  facet normal 0 0 -1
    outer loop
      vertex 11.3023 33.0927 14
      vertex 29.3737 32.6263 14
      vertex 29.2381 32.4784 14
    endloop
  endfacet
  facet normal 0 0 -1
    outer loop
      vertex 11.3926 32.9751 14
      vertex 29.2381 32.4784 14
      vertex 29.1159 32.3192 14
    endloop
  endfacet
  facet normal 0 0 -1
    outer loop
      vertex 11.4722 32.85 14
      vertex 29.1159 32.3192 14
      vertex 29.0081 32.15 14
    endloop
  endfacet
  facet normal 0 0 -1
    outer loop
      vertex 24 28 14
      vertex 29.0081 32.15 14
      vertex 28.9155 31.972 14
    endloop
  endfacet
  facet normal 0 0 -1
    outer loop
      vertex 24 28 14
      vertex 28.9155 31.972 14
      vertex 28.8387 31.7866 14
    endloop
  endfacet
  facet normal 0 0 -1
    outer loop
      vertex 24 28 14
      vertex 28.8387 31.7866 14
      vertex 28.7784 31.5953 14
    endloop
  endfacet
  facet normal 0 0 -1
    outer loop
      vertex 24 28 14
      vertex 28.7784 31.5953 14
      vertex 28.7349 31.3994 14
    endloop
  endfacet
  facet normal 0 0 -1
    outer loop
      vertex 29.6808 32.884 14
      vertex 11.0927 33.3023 14
      vertex 32.638 55.231 14
    endloop
  endfacet
  facet normal 0 0 -1
    outer loop
      vertex 24.3486 27.9848 14
      vertex 28.7349 31.3994 14
      vertex 28.7088 31.2005 14
    endloop
  endfacet
  facet normal 0 0 -1
    outer loop
      vertex 24.6946 27.9392 14
      vertex 28.7088 31.2005 14
      vertex 28.7 31 14
    endloop
  endfacet
  facet normal -0 0 -1
    outer loop
      vertex 29.3737 29.3737 14
      vertex 26.8284 26.8284 14
      vertex 29.2381 29.5216 14
    endloop
  endfacet
  facet normal 0 0 -1
    outer loop
      vertex 26.5711 27.0642 14
      vertex 29.2381 29.5216 14
      vertex 26.8284 26.8284 14
    endloop
  endfacet
  facet normal -0 0 -1
    outer loop
      vertex 29.2381 29.5216 14
      vertex 26.5711 27.0642 14
      vertex 29.1159 29.6808 14
    endloop
  endfacet
  facet normal 0 0 -1
    outer loop
      vertex 26.2943 27.2766 14
      vertex 29.1159 29.6808 14
      vertex 26.5711 27.0642 14
    endloop
  endfacet
  facet normal -0 0 -1
    outer loop
      vertex 29.1159 29.6808 14
      vertex 26.2943 27.2766 14
      vertex 29.0081 29.85 14
    endloop
  endfacet
  facet normal -0 0 -1
    outer loop
      vertex 29.0081 29.85 14
      vertex 26.2943 27.2766 14
      vertex 28.9155 30.028 14
    endloop
  endfacet
  facet normal 0 0 -1
    outer loop
      vertex 26 27.4641 14
      vertex 28.9155 30.028 14
      vertex 26.2943 27.2766 14
    endloop
  endfacet
  facet normal -0 0 -1
    outer loop
      vertex 28.9155 30.028 14
      vertex 26 27.4641 14
      vertex 28.8387 30.2134 14
    endloop
  endfacet
  facet normal 0 0 -1
    outer loop
      vertex 25.6905 27.6252 14
      vertex 28.8387 30.2134 14
      vertex 26 27.4641 14
    endloop
  endfacet
  facet normal -0 0 -1
    outer loop
      vertex 28.8387 30.2134 14
      vertex 25.6905 27.6252 14
      vertex 28.7784 30.4047 14
    endloop
  endfacet
  facet normal 0 0 -1
    outer loop
      vertex 25.3681 27.7588 14
      vertex 28.7784 30.4047 14
      vertex 25.6905 27.6252 14
    endloop
  endfacet
  facet normal -0 0 -1
    outer loop
      vertex 28.7784 30.4047 14
      vertex 25.3681 27.7588 14
      vertex 28.7349 30.6006 14
    endloop
  endfacet
  facet normal -0 0 -1
    outer loop
      vertex 28.7349 30.6006 14
      vertex 25.3681 27.7588 14
      vertex 28.7088 30.7995 14
    endloop
  endfacet
  facet normal 0 0 -1
    outer loop
      vertex 25.0353 27.8637 14
      vertex 28.7088 30.7995 14
      vertex 25.3681 27.7588 14
    endloop
  endfacet
  facet normal -0 0 -1
    outer loop
      vertex 28.7088 30.7995 14
      vertex 25.0353 27.8637 14
      vertex 28.7 31 14
    endloop
  endfacet
  facet normal 0 0 -1
    outer loop
      vertex 24.6946 27.9392 14
      vertex 28.7 31 14
      vertex 25.0353 27.8637 14
    endloop
  endfacet
  facet normal 0 0 -1
    outer loop
      vertex 28.7088 31.2005 14
      vertex 24.6946 27.9392 14
      vertex 24.3486 27.9848 14
    endloop
  endfacet
  facet normal 0 0 -1
    outer loop
      vertex 28.7349 31.3994 14
      vertex 24.3486 27.9848 14
      vertex 24 28 14
    endloop
  endfacet
  facet normal -0 0 -1
    outer loop
      vertex 29.0081 32.15 14
      vertex 24 28 14
      vertex 11.4722 32.85 14
    endloop
  endfacet
  facet normal 0 0 -1
    outer loop
      vertex 29.5216 32.7619 14
      vertex 11.2021 33.2021 14
      vertex 11.0927 33.3023 14
    endloop
  endfacet
  facet normal 0 0 -1
    outer loop
      vertex 10.85 33.4722 14
      vertex 32.638 55.231 14
      vertex 10.9751 33.3926 14
    endloop
  endfacet
  facet normal 0 0 -1
    outer loop
      vertex 10.7185 33.5407 14
      vertex 32.638 55.231 14
      vertex 10.85 33.4722 14
    endloop
  endfacet
  facet normal 0 0 -1
    outer loop
      vertex 11.6742 31.7048 14
      vertex 24 28 14
      vertex 12 28 14
    endloop
  endfacet
  facet normal 0 0 -1
    outer loop
      vertex 11.6742 32.2952 14
      vertex 24 28 14
      vertex 11.6935 32.1482 14
    endloop
  endfacet
  facet normal 0 0 -1
    outer loop
      vertex 24 28 14
      vertex 11.7 32 14
      vertex 11.6935 32.1482 14
    endloop
  endfacet
  facet normal 0 0 -1
    outer loop
      vertex 24 28 14
      vertex 11.6935 31.8518 14
      vertex 11.7 32 14
    endloop
  endfacet
  facet normal 0 0 -1
    outer loop
      vertex 24 28 14
      vertex 11.6742 31.7048 14
      vertex 11.6935 31.8518 14
    endloop
  endfacet
  facet normal 0 0 -1
    outer loop
      vertex 10.9751 30.6074 14
      vertex 12 28 14
      vertex 11.6514 27.9848 14
    endloop
  endfacet
  facet normal 0 0 -1
    outer loop
      vertex 12 28 14
      vertex 11.6421 31.56 14
      vertex 11.6742 31.7048 14
    endloop
  endfacet
  facet normal 0 0 -1
    outer loop
      vertex 12 28 14
      vertex 11.5975 31.4186 14
      vertex 11.6421 31.56 14
    endloop
  endfacet
  facet normal 0 0 -1
    outer loop
      vertex 12 28 14
      vertex 11.5407 31.2815 14
      vertex 11.5975 31.4186 14
    endloop
  endfacet
  facet normal 0 0 -1
    outer loop
      vertex 12 28 14
      vertex 11.4722 31.15 14
      vertex 11.5407 31.2815 14
    endloop
  endfacet
  facet normal 0 0 -1
    outer loop
      vertex 12 28 14
      vertex 11.3926 31.0249 14
      vertex 11.4722 31.15 14
    endloop
  endfacet
  facet normal 0 0 -1
    outer loop
      vertex 10.7185 30.4593 14
      vertex 11.6514 27.9848 14
      vertex 11.3054 27.9392 14
    endloop
  endfacet
  facet normal 0 0 -1
    outer loop
      vertex 12 28 14
      vertex 11.3023 30.9073 14
      vertex 11.3926 31.0249 14
    endloop
  endfacet
  facet normal 0 0 -1
    outer loop
      vertex 12 28 14
      vertex 11.2021 30.7979 14
      vertex 11.3023 30.9073 14
    endloop
  endfacet
  facet normal 0 0 -1
    outer loop
      vertex 12 28 14
      vertex 11.0927 30.6977 14
      vertex 11.2021 30.7979 14
    endloop
  endfacet
  facet normal 0 0 -1
    outer loop
      vertex 12 28 14
      vertex 10.9751 30.6074 14
      vertex 11.0927 30.6977 14
    endloop
  endfacet
  facet normal 0 0 -1
    outer loop
      vertex 10.44 30.3579 14
      vertex 11.3054 27.9392 14
      vertex 10.9647 27.8637 14
    endloop
  endfacet
  facet normal 0 0 -1
    outer loop
      vertex 11.6514 27.9848 14
      vertex 10.85 30.5278 14
      vertex 10.9751 30.6074 14
    endloop
  endfacet
  facet normal 0 0 -1
    outer loop
      vertex 11.6514 27.9848 14
      vertex 10.7185 30.4593 14
      vertex 10.85 30.5278 14
    endloop
  endfacet
  facet normal 0 0 -1
    outer loop
      vertex 10.2952 30.3258 14
      vertex 10.9647 27.8637 14
      vertex 10.6319 27.7588 14
    endloop
  endfacet
  facet normal 0 0 -1
    outer loop
      vertex 11.3054 27.9392 14
      vertex 10.5814 30.4025 14
      vertex 10.7185 30.4593 14
    endloop
  endfacet
  facet normal 0 0 -1
    outer loop
      vertex 11.3054 27.9392 14
      vertex 10.44 30.3579 14
      vertex 10.5814 30.4025 14
    endloop
  endfacet
  facet normal 0 0 -1
    outer loop
      vertex 10 30.3 14
      vertex 10.6319 27.7588 14
      vertex 10.3095 27.6252 14
    endloop
  endfacet
  facet normal 0 0 -1
    outer loop
      vertex 10.9647 27.8637 14
      vertex 10.2952 30.3258 14
      vertex 10.44 30.3579 14
    endloop
  endfacet
  facet normal 0 0 -1
    outer loop
      vertex 10.6319 27.7588 14
      vertex 10.1482 30.3065 14
      vertex 10.2952 30.3258 14
    endloop
  endfacet
  facet normal 0 0 -1
    outer loop
      vertex 9.7048 30.3258 14
      vertex 10.3095 27.6252 14
      vertex 10 27.4641 14
    endloop
  endfacet
  facet normal 0 0 -1
    outer loop
      vertex 10.6319 27.7588 14
      vertex 10 30.3 14
      vertex 10.1482 30.3065 14
    endloop
  endfacet
  facet normal 0 0 -1
    outer loop
      vertex 10.3095 27.6252 14
      vertex 9.85183 30.3065 14
      vertex 10 30.3 14
    endloop
  endfacet
  facet normal 0 0 -1
    outer loop
      vertex 9.41857 30.4025 14
      vertex 10 27.4641 14
      vertex 9.70569 27.2766 14
    endloop
  endfacet
  facet normal 0 0 -1
    outer loop
      vertex 10.3095 27.6252 14
      vertex 9.7048 30.3258 14
      vertex 9.85183 30.3065 14
    endloop
  endfacet
  facet normal 0 0 -1
    outer loop
      vertex 10 27.4641 14
      vertex 9.56001 30.3579 14
      vertex 9.7048 30.3258 14
    endloop
  endfacet
  facet normal 0 0 -1
    outer loop
      vertex 9.28155 30.4593 14
      vertex 9.70569 27.2766 14
      vertex 9.42885 27.0642 14
    endloop
  endfacet
  facet normal 0 0 -1
    outer loop
      vertex 10 27.4641 14
      vertex 9.41857 30.4025 14
      vertex 9.56001 30.3579 14
    endloop
  endfacet
  facet normal 0 0 -1
    outer loop
      vertex 9.70569 27.2766 14
      vertex 9.28155 30.4593 14
      vertex 9.41857 30.4025 14
    endloop
  endfacet
  facet normal 0 0 -1
    outer loop
      vertex 9.02492 30.6074 14
      vertex 9.42885 27.0642 14
      vertex 9.17157 26.8284 14
    endloop
  endfacet
  facet normal 0 0 -1
    outer loop
      vertex 9.42885 27.0642 14
      vertex 9.15 30.5278 14
      vertex 9.28155 30.4593 14
    endloop
  endfacet
  facet normal 0 0 -1
    outer loop
      vertex 9.42885 27.0642 14
      vertex 9.02492 30.6074 14
      vertex 9.15 30.5278 14
    endloop
  endfacet
  facet normal 0 0 -1
    outer loop
      vertex 8.90726 30.6977 14
      vertex 9.17157 26.8284 14
      vertex 8.93582 26.5711 14
    endloop
  endfacet
  facet normal 0 0 -1
    outer loop
      vertex 9.17157 26.8284 14
      vertex 8.90726 30.6977 14
      vertex 9.02492 30.6074 14
    endloop
  endfacet
  facet normal 0 0 -1
    outer loop
      vertex 8.93582 26.5711 14
      vertex 8.79792 30.7979 14
      vertex 8.90726 30.6977 14
    endloop
  endfacet
  facet normal 0 0 -1
    outer loop
      vertex 8.69772 30.9073 14
      vertex 8.93582 26.5711 14
      vertex 8.72339 26.2943 14
    endloop
  endfacet
  facet normal 0 0 -1
    outer loop
      vertex 8.93582 26.5711 14
      vertex 8.69772 30.9073 14
      vertex 8.79792 30.7979 14
    endloop
  endfacet
  facet normal 0 0 -1
    outer loop
      vertex 8.72339 26.2943 14
      vertex 8.60744 31.0249 14
      vertex 8.69772 30.9073 14
    endloop
  endfacet
  facet normal 0 0 -1
    outer loop
      vertex 8.5359 26 14
      vertex 8.60744 31.0249 14
      vertex 8.72339 26.2943 14
    endloop
  endfacet
  facet normal 0 0 -1
    outer loop
      vertex 8.5359 26 14
      vertex 8.52776 31.15 14
      vertex 8.60744 31.0249 14
    endloop
  endfacet
  facet normal 0 0 -1
    outer loop
      vertex 8.5359 26 14
      vertex 8.45928 31.2815 14
      vertex 8.52776 31.15 14
    endloop
  endfacet
  facet normal 0 0 -1
    outer loop
      vertex 8.37477 25.6905 14
      vertex 8.45928 31.2815 14
      vertex 8.5359 26 14
    endloop
  endfacet
  facet normal -0 0 -1
    outer loop
      vertex 8.45928 31.2815 14
      vertex 8.37477 25.6905 14
      vertex 8.40252 31.4186 14
    endloop
  endfacet
  facet normal 0 0 -1
    outer loop
      vertex 8.24123 25.3681 14
      vertex 8.40252 31.4186 14
      vertex 8.37477 25.6905 14
    endloop
  endfacet
  facet normal -0 0 -1
    outer loop
      vertex 8.40252 31.4186 14
      vertex 8.24123 25.3681 14
      vertex 8.35793 31.56 14
    endloop
  endfacet
  facet normal 0 0 -1
    outer loop
      vertex 8.1363 25.0353 14
      vertex 8.35793 31.56 14
      vertex 8.24123 25.3681 14
    endloop
  endfacet
  facet normal -0 0 -1
    outer loop
      vertex 8.35793 31.56 14
      vertex 8.1363 25.0353 14
      vertex 8.32583 31.7048 14
    endloop
  endfacet
  facet normal 0 0 -1
    outer loop
      vertex 8.06077 24.6946 14
      vertex 8.32583 31.7048 14
      vertex 8.1363 25.0353 14
    endloop
  endfacet
  facet normal 0 0 -1
    outer loop
      vertex 11.6421 32.44 14
      vertex 24 28 14
      vertex 11.6742 32.2952 14
    endloop
  endfacet
  facet normal 0 0 -1
    outer loop
      vertex 11.5975 32.5814 14
      vertex 24 28 14
      vertex 11.6421 32.44 14
    endloop
  endfacet
  facet normal 0 0 -1
    outer loop
      vertex 11.5407 32.7185 14
      vertex 24 28 14
      vertex 11.5975 32.5814 14
    endloop
  endfacet
  facet normal 0 0 -1
    outer loop
      vertex 11.4722 32.85 14
      vertex 24 28 14
      vertex 11.5407 32.7185 14
    endloop
  endfacet
  facet normal 0 0 -1
    outer loop
      vertex 29.1159 32.3192 14
      vertex 11.4722 32.85 14
      vertex 11.3926 32.9751 14
    endloop
  endfacet
  facet normal 0 0 -1
    outer loop
      vertex 29.2381 32.4784 14
      vertex 11.3926 32.9751 14
      vertex 11.3023 33.0927 14
    endloop
  endfacet
  facet normal 0 0 -1
    outer loop
      vertex 29.3737 32.6263 14
      vertex 11.3023 33.0927 14
      vertex 11.2021 33.2021 14
    endloop
  endfacet
  facet normal 0 0 -1
    outer loop
      vertex 10.9751 33.3926 14
      vertex 32.638 55.231 14
      vertex 11.0927 33.3023 14
    endloop
  endfacet
  facet normal 0 0 -1
    outer loop
      vertex 10.5814 33.5975 14
      vertex 32.638 55.231 14
      vertex 10.7185 33.5407 14
    endloop
  endfacet
  facet normal -0 0 -1
    outer loop
      vertex 32.638 55.231 14
      vertex 10.5814 33.5975 14
      vertex 28.3257 62 14
    endloop
  endfacet
  facet normal 0 0 -1
    outer loop
      vertex 10.44 33.6421 14
      vertex 28.3257 62 14
      vertex 10.5814 33.5975 14
    endloop
  endfacet
  facet normal 0 0 -1
    outer loop
      vertex 10.2952 33.6742 14
      vertex 28.3257 62 14
      vertex 10.44 33.6421 14
    endloop
  endfacet
  facet normal 0 0 -1
    outer loop
      vertex 10.1482 33.6935 14
      vertex 28.3257 62 14
      vertex 10.2952 33.6742 14
    endloop
  endfacet
  facet normal 0 0 -1
    outer loop
      vertex 10 33.7 14
      vertex 28.3257 62 14
      vertex 10.1482 33.6935 14
    endloop
  endfacet
  facet normal 0 0 -1
    outer loop
      vertex 21.5483 76.5341 14
      vertex 12 80 14
      vertex 20.4555 80 14
    endloop
  endfacet
  facet normal 0 0 -1
    outer loop
      vertex 9.85183 33.6935 14
      vertex 28.3257 62 14
      vertex 10 33.7 14
    endloop
  endfacet
  facet normal -0 0 -1
    outer loop
      vertex 28.3257 62 14
      vertex 9.85183 33.6935 14
      vertex 24.6197 69.1191 14
    endloop
  endfacet
  facet normal -0 -0 -1
    outer loop
      vertex 12 80 14
      vertex 24.6197 69.1191 14
      vertex 11.6514 80.0152 14
    endloop
  endfacet
  facet normal 0 0 -1
    outer loop
      vertex 24.6197 69.1191 14
      vertex 12 80 14
      vertex 21.5483 76.5341 14
    endloop
  endfacet
  facet normal 0 0 -1
    outer loop
      vertex 9.7048 33.6742 14
      vertex 24.6197 69.1191 14
      vertex 9.85183 33.6935 14
    endloop
  endfacet
  facet normal 0 0 -1
    outer loop
      vertex 24.6197 69.1191 14
      vertex 11.3054 80.0608 14
      vertex 11.6514 80.0152 14
    endloop
  endfacet
  facet normal 0 0 -1
    outer loop
      vertex 9.56001 33.6421 14
      vertex 24.6197 69.1191 14
      vertex 9.7048 33.6742 14
    endloop
  endfacet
  facet normal 0 0 -1
    outer loop
      vertex 24.6197 69.1191 14
      vertex 10.9647 80.1363 14
      vertex 11.3054 80.0608 14
    endloop
  endfacet
  facet normal -0 0 -1
    outer loop
      vertex 24.6197 69.1191 14
      vertex 9.56001 33.6421 14
      vertex 10.9647 80.1363 14
    endloop
  endfacet
  facet normal -0 0 -1
    outer loop
      vertex 10.9647 80.1363 14
      vertex 9.56001 33.6421 14
      vertex 10.6319 80.2412 14
    endloop
  endfacet
  facet normal 0 0 -1
    outer loop
      vertex 9.41857 33.5975 14
      vertex 10.6319 80.2412 14
      vertex 9.56001 33.6421 14
    endloop
  endfacet
  facet normal -0 0 -1
    outer loop
      vertex 10.6319 80.2412 14
      vertex 9.41857 33.5975 14
      vertex 10.3095 80.3748 14
    endloop
  endfacet
  facet normal 0 0 -1
    outer loop
      vertex 9.28155 33.5407 14
      vertex 10.3095 80.3748 14
      vertex 9.41857 33.5975 14
    endloop
  endfacet
  facet normal -0 0 -1
    outer loop
      vertex 10.3095 80.3748 14
      vertex 9.28155 33.5407 14
      vertex 10 80.5359 14
    endloop
  endfacet
  facet normal 0 0 -1
    outer loop
      vertex 9.15 33.4722 14
      vertex 10 80.5359 14
      vertex 9.28155 33.5407 14
    endloop
  endfacet
  facet normal -0 0 -1
    outer loop
      vertex 10 80.5359 14
      vertex 9.15 33.4722 14
      vertex 9.70569 80.7234 14
    endloop
  endfacet
  facet normal 0 0 -1
    outer loop
      vertex 9.02492 33.3926 14
      vertex 9.70569 80.7234 14
      vertex 9.15 33.4722 14
    endloop
  endfacet
  facet normal -0 0 -1
    outer loop
      vertex 9.70569 80.7234 14
      vertex 9.02492 33.3926 14
      vertex 9.42885 80.9358 14
    endloop
  endfacet
  facet normal 0 0 -1
    outer loop
      vertex 8.90726 33.3023 14
      vertex 9.42885 80.9358 14
      vertex 9.02492 33.3926 14
    endloop
  endfacet
  facet normal -0 0 -1
    outer loop
      vertex 9.42885 80.9358 14
      vertex 8.90726 33.3023 14
      vertex 9.17157 81.1716 14
    endloop
  endfacet
  facet normal 0 0 -1
    outer loop
      vertex 8.79792 33.2021 14
      vertex 9.17157 81.1716 14
      vertex 8.90726 33.3023 14
    endloop
  endfacet
  facet normal -0 0 -1
    outer loop
      vertex 9.17157 81.1716 14
      vertex 8.79792 33.2021 14
      vertex 8.93582 81.4288 14
    endloop
  endfacet
  facet normal 0 0 -1
    outer loop
      vertex 8.69772 33.0927 14
      vertex 8.93582 81.4288 14
      vertex 8.79792 33.2021 14
    endloop
  endfacet
  facet normal -0 0 -1
    outer loop
      vertex 8.93582 81.4288 14
      vertex 8.69772 33.0927 14
      vertex 8.72339 81.7057 14
    endloop
  endfacet
  facet normal 0 0 -1
    outer loop
      vertex 8.60744 32.9751 14
      vertex 8.72339 81.7057 14
      vertex 8.69772 33.0927 14
    endloop
  endfacet
  facet normal 0 0 -1
    outer loop
      vertex 8.60744 32.9751 14
      vertex 8.5359 82 14
      vertex 8.72339 81.7057 14
    endloop
  endfacet
  facet normal 0 0 -1
    outer loop
      vertex 8.52776 32.85 14
      vertex 8.5359 82 14
      vertex 8.60744 32.9751 14
    endloop
  endfacet
  facet normal 0 0 -1
    outer loop
      vertex 8.45928 32.7185 14
      vertex 8.5359 82 14
      vertex 8.52776 32.85 14
    endloop
  endfacet
  facet normal 0 0 -1
    outer loop
      vertex 8.37477 82.3095 14
      vertex 8.45928 32.7185 14
      vertex 8.40252 32.5814 14
    endloop
  endfacet
  facet normal 0 0 -1
    outer loop
      vertex 8.45928 32.7185 14
      vertex 8.37477 82.3095 14
      vertex 8.5359 82 14
    endloop
  endfacet
  facet normal 0 0 -1
    outer loop
      vertex 8.24123 82.6319 14
      vertex 8.40252 32.5814 14
      vertex 8.35793 32.44 14
    endloop
  endfacet
  facet normal 0 0 -1
    outer loop
      vertex 8.1363 82.9647 14
      vertex 8.35793 32.44 14
      vertex 8.32583 32.2952 14
    endloop
  endfacet
  facet normal 0 0 -1
    outer loop
      vertex 8.06077 83.3054 14
      vertex 8.32583 32.2952 14
      vertex 8.30647 32.1482 14
    endloop
  endfacet
  facet normal -0 0 -1
    outer loop
      vertex 8.01522 24.3486 14
      vertex 0 4 14
      vertex 8.3 32 14
    endloop
  endfacet
  facet normal -0 0 -1
    outer loop
      vertex 8.32583 31.7048 14
      vertex 8.06077 24.6946 14
      vertex 8.30647 31.8518 14
    endloop
  endfacet
  facet normal 0 0 -1
    outer loop
      vertex 8.40252 32.5814 14
      vertex 8.24123 82.6319 14
      vertex 8.37477 82.3095 14
    endloop
  endfacet
  facet normal 0 0 -1
    outer loop
      vertex 8.01522 24.3486 14
      vertex 8.30647 31.8518 14
      vertex 8.06077 24.6946 14
    endloop
  endfacet
  facet normal 0 0 -1
    outer loop
      vertex 8.35793 32.44 14
      vertex 8.1363 82.9647 14
      vertex 8.24123 82.6319 14
    endloop
  endfacet
  facet normal -0 0 -1
    outer loop
      vertex 8.30647 31.8518 14
      vertex 8.01522 24.3486 14
      vertex 8.3 32 14
    endloop
  endfacet
  facet normal 0 0 -1
    outer loop
      vertex 8.32583 32.2952 14
      vertex 8.06077 83.3054 14
      vertex 8.1363 82.9647 14
    endloop
  endfacet
  facet normal -0 0 -1
    outer loop
      vertex 8 24 14
      vertex 0 4 14
      vertex 8.01522 24.3486 14
    endloop
  endfacet
  facet normal 0 0 -1
    outer loop
      vertex 8.30647 32.1482 14
      vertex 8.01522 83.6514 14
      vertex 8.06077 83.3054 14
    endloop
  endfacet
  facet normal -0 0 -1
    outer loop
      vertex 8 12 14
      vertex 0 4 14
      vertex 8 24 14
    endloop
  endfacet
  facet normal -0 0 -1
    outer loop
      vertex 8.3 32 14
      vertex 0 4 14
      vertex 8.30647 32.1482 14
    endloop
  endfacet
  facet normal 0 0 -1
    outer loop
      vertex 207.694 32.1482 14
      vertex 216 4 14
      vertex 207.7 32 14
    endloop
  endfacet
  facet normal 0 0 -1
    outer loop
      vertex 216 104 14
      vertex 207.985 83.6514 14
      vertex 208 84 14
    endloop
  endfacet
  facet normal 0 0 -1
    outer loop
      vertex 207.694 31.8518 14
      vertex 207.985 24.3486 14
      vertex 207.939 24.6946 14
    endloop
  endfacet
  facet normal 0 0 -1
    outer loop
      vertex 207.674 32.2952 14
      vertex 216 4 14
      vertex 207.694 32.1482 14
    endloop
  endfacet
  facet normal 0 0 -1
    outer loop
      vertex 207.674 31.7048 14
      vertex 207.939 24.6946 14
      vertex 207.864 25.0353 14
    endloop
  endfacet
  facet normal 0 0 -1
    outer loop
      vertex 216 4 14
      vertex 207.674 32.2952 14
      vertex 216 104 14
    endloop
  endfacet
  facet normal 0 0 -1
    outer loop
      vertex 207.642 31.56 14
      vertex 207.864 25.0353 14
      vertex 207.759 25.3681 14
    endloop
  endfacet
  facet normal 0 0 -1
    outer loop
      vertex 216 104 14
      vertex 207.939 83.3054 14
      vertex 207.985 83.6514 14
    endloop
  endfacet
  facet normal 0 0 -1
    outer loop
      vertex 207.642 32.44 14
      vertex 216 104 14
      vertex 207.674 32.2952 14
    endloop
  endfacet
  facet normal 0 0 -1
    outer loop
      vertex 207.985 24.3486 14
      vertex 207.694 31.8518 14
      vertex 207.7 32 14
    endloop
  endfacet
  facet normal 0 0 -1
    outer loop
      vertex 207.939 24.6946 14
      vertex 207.674 31.7048 14
      vertex 207.694 31.8518 14
    endloop
  endfacet
  facet normal 0 0 -1
    outer loop
      vertex 207.864 25.0353 14
      vertex 207.642 31.56 14
      vertex 207.674 31.7048 14
    endloop
  endfacet
  facet normal 0 0 -1
    outer loop
      vertex 207.597 31.4186 14
      vertex 207.759 25.3681 14
      vertex 207.625 25.6905 14
    endloop
  endfacet
  facet normal 0 0 -1
    outer loop
      vertex 207.759 25.3681 14
      vertex 207.597 31.4186 14
      vertex 207.642 31.56 14
    endloop
  endfacet
  facet normal 0 0 -1
    outer loop
      vertex 207.625 25.6905 14
      vertex 207.541 31.2815 14
      vertex 207.597 31.4186 14
    endloop
  endfacet
  facet normal 0 0 -1
    outer loop
      vertex 207.464 26 14
      vertex 207.541 31.2815 14
      vertex 207.625 25.6905 14
    endloop
  endfacet
  facet normal 0 0 -1
    outer loop
      vertex 207.541 31.2815 14
      vertex 207.464 26 14
      vertex 207.472 31.15 14
    endloop
  endfacet
  facet normal 0 0 -1
    outer loop
      vertex 207.464 26 14
      vertex 207.393 31.0249 14
      vertex 207.472 31.15 14
    endloop
  endfacet
  facet normal 0 0 -1
    outer loop
      vertex 207.277 26.2943 14
      vertex 207.393 31.0249 14
      vertex 207.464 26 14
    endloop
  endfacet
  facet normal 0 0 -1
    outer loop
      vertex 207.393 31.0249 14
      vertex 207.277 26.2943 14
      vertex 207.302 30.9073 14
    endloop
  endfacet
  facet normal 0 0 -1
    outer loop
      vertex 207.064 26.5711 14
      vertex 207.302 30.9073 14
      vertex 207.277 26.2943 14
    endloop
  endfacet
  facet normal 0 0 -1
    outer loop
      vertex 207.302 30.9073 14
      vertex 207.064 26.5711 14
      vertex 207.202 30.7979 14
    endloop
  endfacet
  facet normal 0 0 -1
    outer loop
      vertex 207.202 30.7979 14
      vertex 207.064 26.5711 14
      vertex 207.093 30.6977 14
    endloop
  endfacet
  facet normal 0 0 -1
    outer loop
      vertex 206.828 26.8284 14
      vertex 207.093 30.6977 14
      vertex 207.064 26.5711 14
    endloop
  endfacet
  facet normal 0 0 -1
    outer loop
      vertex 207.093 30.6977 14
      vertex 206.828 26.8284 14
      vertex 206.975 30.6074 14
    endloop
  endfacet
  facet normal 0 0 -1
    outer loop
      vertex 206.571 27.0642 14
      vertex 206.975 30.6074 14
      vertex 206.828 26.8284 14
    endloop
  endfacet
  facet normal 0 0 -1
    outer loop
      vertex 206.975 30.6074 14
      vertex 206.571 27.0642 14
      vertex 206.85 30.5278 14
    endloop
  endfacet
  facet normal 0 0 -1
    outer loop
      vertex 206.85 30.5278 14
      vertex 206.571 27.0642 14
      vertex 206.718 30.4593 14
    endloop
  endfacet
  facet normal 0 0 -1
    outer loop
      vertex 206.294 27.2766 14
      vertex 206.718 30.4593 14
      vertex 206.571 27.0642 14
    endloop
  endfacet
  facet normal 0 0 -1
    outer loop
      vertex 206.718 30.4593 14
      vertex 206.294 27.2766 14
      vertex 206.581 30.4025 14
    endloop
  endfacet
  facet normal 0 0 -1
    outer loop
      vertex 206 27.4641 14
      vertex 206.581 30.4025 14
      vertex 206.294 27.2766 14
    endloop
  endfacet
  facet normal 0 0 -1
    outer loop
      vertex 206.581 30.4025 14
      vertex 206 27.4641 14
      vertex 206.44 30.3579 14
    endloop
  endfacet
  facet normal 0 0 -1
    outer loop
      vertex 206.44 30.3579 14
      vertex 206 27.4641 14
      vertex 206.295 30.3258 14
    endloop
  endfacet
  facet normal 0 0 -1
    outer loop
      vertex 205.69 27.6252 14
      vertex 206.295 30.3258 14
      vertex 206 27.4641 14
    endloop
  endfacet
  facet normal 0 0 -1
    outer loop
      vertex 206.295 30.3258 14
      vertex 205.69 27.6252 14
      vertex 206.148 30.3065 14
    endloop
  endfacet
  facet normal 0 0 -1
    outer loop
      vertex 206.148 30.3065 14
      vertex 205.69 27.6252 14
      vertex 206 30.3 14
    endloop
  endfacet
  facet normal 0 0 -1
    outer loop
      vertex 205.368 27.7588 14
      vertex 206 30.3 14
      vertex 205.69 27.6252 14
    endloop
  endfacet
  facet normal -0 0 -1
    outer loop
      vertex 206 30.3 14
      vertex 205.368 27.7588 14
      vertex 205.852 30.3065 14
    endloop
  endfacet
  facet normal -0 0 -1
    outer loop
      vertex 205.852 30.3065 14
      vertex 205.368 27.7588 14
      vertex 205.705 30.3258 14
    endloop
  endfacet
  facet normal 0 0 -1
    outer loop
      vertex 205.035 27.8637 14
      vertex 205.705 30.3258 14
      vertex 205.368 27.7588 14
    endloop
  endfacet
  facet normal -0 0 -1
    outer loop
      vertex 205.705 30.3258 14
      vertex 205.035 27.8637 14
      vertex 205.56 30.3579 14
    endloop
  endfacet
  facet normal 0 0 -1
    outer loop
      vertex 204.695 27.9392 14
      vertex 205.56 30.3579 14
      vertex 205.035 27.8637 14
    endloop
  endfacet
  facet normal -0 0 -1
    outer loop
      vertex 205.56 30.3579 14
      vertex 204.695 27.9392 14
      vertex 205.419 30.4025 14
    endloop
  endfacet
  facet normal -0 0 -1
    outer loop
      vertex 205.419 30.4025 14
      vertex 204.695 27.9392 14
      vertex 205.282 30.4593 14
    endloop
  endfacet
  facet normal 0 0 -1
    outer loop
      vertex 204.349 27.9848 14
      vertex 205.282 30.4593 14
      vertex 204.695 27.9392 14
    endloop
  endfacet
  facet normal -0 0 -1
    outer loop
      vertex 205.282 30.4593 14
      vertex 204.349 27.9848 14
      vertex 205.15 30.5278 14
    endloop
  endfacet
  facet normal -0 0 -1
    outer loop
      vertex 205.15 30.5278 14
      vertex 204.349 27.9848 14
      vertex 205.025 30.6074 14
    endloop
  endfacet
  facet normal 0 0 -1
    outer loop
      vertex 204 28 14
      vertex 205.025 30.6074 14
      vertex 204.349 27.9848 14
    endloop
  endfacet
  facet normal -0 0 -1
    outer loop
      vertex 205.025 30.6074 14
      vertex 204 28 14
      vertex 204.907 30.6977 14
    endloop
  endfacet
  facet normal -0 0 -1
    outer loop
      vertex 204.907 30.6977 14
      vertex 204 28 14
      vertex 204.798 30.7979 14
    endloop
  endfacet
  facet normal -0 0 -1
    outer loop
      vertex 204.798 30.7979 14
      vertex 204 28 14
      vertex 204.698 30.9073 14
    endloop
  endfacet
  facet normal -0 0 -1
    outer loop
      vertex 204.698 30.9073 14
      vertex 204 28 14
      vertex 204.607 31.0249 14
    endloop
  endfacet
  facet normal -0 0 -1
    outer loop
      vertex 204.607 31.0249 14
      vertex 204 28 14
      vertex 204.528 31.15 14
    endloop
  endfacet
  facet normal -0 0 -1
    outer loop
      vertex 204.528 31.15 14
      vertex 204 28 14
      vertex 204.459 31.2815 14
    endloop
  endfacet
  facet normal -0 0 -1
    outer loop
      vertex 204.459 31.2815 14
      vertex 204 28 14
      vertex 204.403 31.4186 14
    endloop
  endfacet
  facet normal -0 0 -1
    outer loop
      vertex 204.403 31.4186 14
      vertex 204 28 14
      vertex 204.358 31.56 14
    endloop
  endfacet
  facet normal -0 0 -1
    outer loop
      vertex 204.358 31.56 14
      vertex 204 28 14
      vertex 204.326 31.7048 14
    endloop
  endfacet
  facet normal 0 0 -1
    outer loop
      vertex 192 28 14
      vertex 204.326 31.7048 14
      vertex 204 28 14
    endloop
  endfacet
  facet normal -0 0 -1
    outer loop
      vertex 204.326 31.7048 14
      vertex 192 28 14
      vertex 204.306 31.8518 14
    endloop
  endfacet
  facet normal 0 0 -1
    outer loop
      vertex 212 0 14
      vertex 216 4 14
      vertex 215.985 3.65138 14
    endloop
  endfacet
  facet normal 0 0 -1
    outer loop
      vertex 207.985 24.3486 14
      vertex 216 4 14
      vertex 208 24 14
    endloop
  endfacet
  facet normal 0 0 -1
    outer loop
      vertex 212 0 14
      vertex 215.985 3.65138 14
      vertex 215.939 3.30541 14
    endloop
  endfacet
  facet normal 0 0 -1
    outer loop
      vertex 207.7 32 14
      vertex 216 4 14
      vertex 207.985 24.3486 14
    endloop
  endfacet
  facet normal 0 0 -1
    outer loop
      vertex 212 0 14
      vertex 215.939 3.30541 14
      vertex 215.864 2.96472 14
    endloop
  endfacet
  facet normal 0 0 -1
    outer loop
      vertex 208 96 14
      vertex 216 104 14
      vertex 208 84 14
    endloop
  endfacet
  facet normal 0 0 -1
    outer loop
      vertex 212 0 14
      vertex 215.864 2.96472 14
      vertex 215.759 2.63192 14
    endloop
  endfacet
  facet normal 0 0 -1
    outer loop
      vertex 207.985 96.3486 14
      vertex 216 104 14
      vertex 208 96 14
    endloop
  endfacet
  facet normal 0 0 -1
    outer loop
      vertex 212 0 14
      vertex 215.759 2.63192 14
      vertex 215.625 2.30953 14
    endloop
  endfacet
  facet normal 0 0 -1
    outer loop
      vertex 207.939 96.6946 14
      vertex 216 104 14
      vertex 207.985 96.3486 14
    endloop
  endfacet
  facet normal 0 0 -1
    outer loop
      vertex 212 0 14
      vertex 215.625 2.30953 14
      vertex 215.464 2 14
    endloop
  endfacet
  facet normal 0 0 -1
    outer loop
      vertex 207.864 97.0353 14
      vertex 216 104 14
      vertex 207.939 96.6946 14
    endloop
  endfacet
  facet normal 0 0 -1
    outer loop
      vertex 212 0 14
      vertex 215.464 2 14
      vertex 215.277 1.70569 14
    endloop
  endfacet
  facet normal 0 0 -1
    outer loop
      vertex 207.759 97.3681 14
      vertex 216 104 14
      vertex 207.864 97.0353 14
    endloop
  endfacet
  facet normal 0 0 -1
    outer loop
      vertex 212 0 14
      vertex 215.277 1.70569 14
      vertex 215.064 1.42885 14
    endloop
  endfacet
  facet normal 0 0 -1
    outer loop
      vertex 207.625 97.6905 14
      vertex 216 104 14
      vertex 207.759 97.3681 14
    endloop
  endfacet
  facet normal 0 0 -1
    outer loop
      vertex 212 0 14
      vertex 215.064 1.42885 14
      vertex 214.828 1.17157 14
    endloop
  endfacet
  facet normal 0 0 -1
    outer loop
      vertex 207.464 98 14
      vertex 216 104 14
      vertex 207.625 97.6905 14
    endloop
  endfacet
  facet normal 0 0 -1
    outer loop
      vertex 212 0 14
      vertex 214.828 1.17157 14
      vertex 214.571 0.935822 14
    endloop
  endfacet
  facet normal 0 0 -1
    outer loop
      vertex 207.277 98.2943 14
      vertex 216 104 14
      vertex 207.464 98 14
    endloop
  endfacet
  facet normal 0 0 -1
    outer loop
      vertex 212 0 14
      vertex 214.571 0.935822 14
      vertex 214.294 0.723392 14
    endloop
  endfacet
  facet normal 0 0 -1
    outer loop
      vertex 207.064 98.5712 14
      vertex 216 104 14
      vertex 207.277 98.2943 14
    endloop
  endfacet
  facet normal 0 0 -1
    outer loop
      vertex 212 0 14
      vertex 214.294 0.723392 14
      vertex 214 0.535898 14
    endloop
  endfacet
  facet normal 0 0 -1
    outer loop
      vertex 206.828 98.8284 14
      vertex 216 104 14
      vertex 207.064 98.5712 14
    endloop
  endfacet
  facet normal 0 0 -1
    outer loop
      vertex 212 0 14
      vertex 214 0.535898 14
      vertex 213.69 0.374768 14
    endloop
  endfacet
  facet normal 0 -0 -1
    outer loop
      vertex 212 108 14
      vertex 216 104 14
      vertex 206.828 98.8284 14
    endloop
  endfacet
  facet normal 0 0 -1
    outer loop
      vertex 212 0 14
      vertex 213.69 0.374768 14
      vertex 213.368 0.241229 14
    endloop
  endfacet
  facet normal 0 0 -1
    outer loop
      vertex 216 104 14
      vertex 212 108 14
      vertex 215.985 104.349 14
    endloop
  endfacet
  facet normal 0 0 -1
    outer loop
      vertex 212 0 14
      vertex 213.368 0.241229 14
      vertex 213.035 0.136296 14
    endloop
  endfacet
  facet normal 0 0 -1
    outer loop
      vertex 215.985 104.349 14
      vertex 212 108 14
      vertex 215.939 104.695 14
    endloop
  endfacet
  facet normal 0 0 -1
    outer loop
      vertex 212 0 14
      vertex 213.035 0.136296 14
      vertex 212.695 0.0607681 14
    endloop
  endfacet
  facet normal 0 0 -1
    outer loop
      vertex 215.939 104.695 14
      vertex 212 108 14
      vertex 215.864 105.035 14
    endloop
  endfacet
  facet normal 0 0 -1
    outer loop
      vertex 212 0 14
      vertex 212.695 0.0607681 14
      vertex 212.349 0.0152206 14
    endloop
  endfacet
  facet normal 0 0 -1
    outer loop
      vertex 215.759 105.368 14
      vertex 212 108 14
      vertex 215.625 105.69 14
    endloop
  endfacet
  facet normal -0 0 -1
    outer loop
      vertex 216 4 14
      vertex 212 0 14
      vertex 206.828 9.17157 14
    endloop
  endfacet
  facet normal 0 0 -1
    outer loop
      vertex 215.625 105.69 14
      vertex 212 108 14
      vertex 215.464 106 14
    endloop
  endfacet
  facet normal 0 0 -1
    outer loop
      vertex 216 4 14
      vertex 208 12 14
      vertex 208 24 14
    endloop
  endfacet
  facet normal 0 0 -1
    outer loop
      vertex 216 4 14
      vertex 207.985 11.6514 14
      vertex 208 12 14
    endloop
  endfacet
  facet normal 0 0 -1
    outer loop
      vertex 216 4 14
      vertex 207.939 11.3054 14
      vertex 207.985 11.6514 14
    endloop
  endfacet
  facet normal 0 0 -1
    outer loop
      vertex 216 4 14
      vertex 207.864 10.9647 14
      vertex 207.939 11.3054 14
    endloop
  endfacet
  facet normal 0 0 -1
    outer loop
      vertex 216 4 14
      vertex 207.759 10.6319 14
      vertex 207.864 10.9647 14
    endloop
  endfacet
  facet normal 0 0 -1
    outer loop
      vertex 216 4 14
      vertex 207.625 10.3095 14
      vertex 207.759 10.6319 14
    endloop
  endfacet
  facet normal 0 0 -1
    outer loop
      vertex 216 4 14
      vertex 207.464 10 14
      vertex 207.625 10.3095 14
    endloop
  endfacet
  facet normal 0 0 -1
    outer loop
      vertex 216 4 14
      vertex 207.277 9.70569 14
      vertex 207.464 10 14
    endloop
  endfacet
  facet normal 0 0 -1
    outer loop
      vertex 216 4 14
      vertex 207.064 9.42885 14
      vertex 207.277 9.70569 14
    endloop
  endfacet
  facet normal 0 0 -1
    outer loop
      vertex 216 4 14
      vertex 206.828 9.17157 14
      vertex 207.064 9.42885 14
    endloop
  endfacet
  facet normal 0 0 -1
    outer loop
      vertex 212 0 14
      vertex 206.571 8.93582 14
      vertex 206.828 9.17157 14
    endloop
  endfacet
  facet normal 0 0 -1
    outer loop
      vertex 212 0 14
      vertex 206.294 8.72339 14
      vertex 206.571 8.93582 14
    endloop
  endfacet
  facet normal 0 0 -1
    outer loop
      vertex 212 0 14
      vertex 206 8.5359 14
      vertex 206.294 8.72339 14
    endloop
  endfacet
  facet normal 0 0 -1
    outer loop
      vertex 212 0 14
      vertex 205.69 8.37477 14
      vertex 206 8.5359 14
    endloop
  endfacet
  facet normal 0 0 -1
    outer loop
      vertex 212 0 14
      vertex 205.368 8.24123 14
      vertex 205.69 8.37477 14
    endloop
  endfacet
  facet normal 0 0 -1
    outer loop
      vertex 212 0 14
      vertex 205.035 8.1363 14
      vertex 205.368 8.24123 14
    endloop
  endfacet
  facet normal 0 0 -1
    outer loop
      vertex 212 0 14
      vertex 204.695 8.06077 14
      vertex 205.035 8.1363 14
    endloop
  endfacet
  facet normal 0 0 -1
    outer loop
      vertex 212 0 14
      vertex 204.349 8.01522 14
      vertex 204.695 8.06077 14
    endloop
  endfacet
  facet normal 0 0 -1
    outer loop
      vertex 212 0 14
      vertex 204 8 14
      vertex 204.349 8.01522 14
    endloop
  endfacet
  facet normal 0 0 -1
    outer loop
      vertex 212 0 14
      vertex 192 8 14
      vertex 204 8 14
    endloop
  endfacet
  facet normal 0 0 -1
    outer loop
      vertex 212 0 14
      vertex 191.651 8.01522 14
      vertex 192 8 14
    endloop
  endfacet
  facet normal 0 0 -1
    outer loop
      vertex 212 0 14
      vertex 191.305 8.06077 14
      vertex 191.651 8.01522 14
    endloop
  endfacet
  facet normal 0 0 -1
    outer loop
      vertex 212 0 14
      vertex 190.965 8.1363 14
      vertex 191.305 8.06077 14
    endloop
  endfacet
  facet normal 0 0 -1
    outer loop
      vertex 165.852 12.3065 14
      vertex 190.965 8.1363 14
      vertex 212 0 14
    endloop
  endfacet
  facet normal 0 0 -1
    outer loop
      vertex 167.694 14.1482 14
      vertex 188 12 14
      vertex 167.7 14 14
    endloop
  endfacet
  facet normal 0 0 -1
    outer loop
      vertex 187.291 31.2005 14
      vertex 188 24 14
      vertex 187.3 31 14
    endloop
  endfacet
  facet normal 0 0 -1
    outer loop
      vertex 188 24 14
      vertex 187.291 30.7995 14
      vertex 187.3 31 14
    endloop
  endfacet
  facet normal 0 0 -1
    outer loop
      vertex 188 24 14
      vertex 187.265 30.6006 14
      vertex 187.291 30.7995 14
    endloop
  endfacet
  facet normal 0 0 -1
    outer loop
      vertex 188 24 14
      vertex 187.222 30.4047 14
      vertex 187.265 30.6006 14
    endloop
  endfacet
  facet normal 0 0 -1
    outer loop
      vertex 188 24 14
      vertex 187.161 30.2134 14
      vertex 187.222 30.4047 14
    endloop
  endfacet
  facet normal 0 0 -1
    outer loop
      vertex 167.674 13.7048 14
      vertex 188 12 14
      vertex 188.015 11.6514 14
    endloop
  endfacet
  facet normal 0 0 -1
    outer loop
      vertex 188 24 14
      vertex 187.085 30.028 14
      vertex 187.161 30.2134 14
    endloop
  endfacet
  facet normal 0 0 -1
    outer loop
      vertex 188 24 14
      vertex 186.992 29.85 14
      vertex 187.085 30.028 14
    endloop
  endfacet
  facet normal 0 0 -1
    outer loop
      vertex 188 24 14
      vertex 186.884 29.6808 14
      vertex 186.992 29.85 14
    endloop
  endfacet
  facet normal 0 0 -1
    outer loop
      vertex 188 24 14
      vertex 186.762 29.5216 14
      vertex 186.884 29.6808 14
    endloop
  endfacet
  facet normal 0 0 -1
    outer loop
      vertex 188 24 14
      vertex 186.626 29.3737 14
      vertex 186.762 29.5216 14
    endloop
  endfacet
  facet normal 0 0 -1
    outer loop
      vertex 188 24 14
      vertex 186.478 29.2381 14
      vertex 186.626 29.3737 14
    endloop
  endfacet
  facet normal 0 0 -1
    outer loop
      vertex 188 24 14
      vertex 186.319 29.1159 14
      vertex 186.478 29.2381 14
    endloop
  endfacet
  facet normal 0 0 -1
    outer loop
      vertex 188 24 14
      vertex 186.15 29.0081 14
      vertex 186.319 29.1159 14
    endloop
  endfacet
  facet normal 0 0 -1
    outer loop
      vertex 188 24 14
      vertex 185.972 28.9155 14
      vertex 186.15 29.0081 14
    endloop
  endfacet
  facet normal 0 0 -1
    outer loop
      vertex 188 24 14
      vertex 185.787 28.8387 14
      vertex 185.972 28.9155 14
    endloop
  endfacet
  facet normal 0 0 -1
    outer loop
      vertex 188 24 14
      vertex 185.595 28.7784 14
      vertex 185.787 28.8387 14
    endloop
  endfacet
  facet normal 0 0 -1
    outer loop
      vertex 167.597 13.4186 14
      vertex 188.015 11.6514 14
      vertex 188.061 11.3054 14
    endloop
  endfacet
  facet normal 0 0 -1
    outer loop
      vertex 188 24 14
      vertex 185.399 28.7349 14
      vertex 185.595 28.7784 14
    endloop
  endfacet
  facet normal 0 0 -1
    outer loop
      vertex 188 24 14
      vertex 185.2 28.7088 14
      vertex 185.399 28.7349 14
    endloop
  endfacet
  facet normal 0 0 -1
    outer loop
      vertex 188 24 14
      vertex 185 28.7 14
      vertex 185.2 28.7088 14
    endloop
  endfacet
  facet normal 0 0 -1
    outer loop
      vertex 188 24 14
      vertex 184.8 28.7088 14
      vertex 185 28.7 14
    endloop
  endfacet
  facet normal 0 0 -1
    outer loop
      vertex 188 24 14
      vertex 184.601 28.7349 14
      vertex 184.8 28.7088 14
    endloop
  endfacet
  facet normal 0 0 -1
    outer loop
      vertex 188 24 14
      vertex 184.405 28.7784 14
      vertex 184.601 28.7349 14
    endloop
  endfacet
  facet normal 0 0 -1
    outer loop
      vertex 188 24 14
      vertex 184.213 28.8387 14
      vertex 184.405 28.7784 14
    endloop
  endfacet
  facet normal 0 0 -1
    outer loop
      vertex 188 24 14
      vertex 184.028 28.9155 14
      vertex 184.213 28.8387 14
    endloop
  endfacet
  facet normal 0 0 -1
    outer loop
      vertex 167.541 13.2815 14
      vertex 188.061 11.3054 14
      vertex 188.136 10.9647 14
    endloop
  endfacet
  facet normal 0 0 -1
    outer loop
      vertex 167.674 14.2952 14
      vertex 188 12 14
      vertex 167.694 14.1482 14
    endloop
  endfacet
  facet normal 0 0 -1
    outer loop
      vertex 188 24 14
      vertex 183.85 29.0081 14
      vertex 184.028 28.9155 14
    endloop
  endfacet
  facet normal 0 0 -1
    outer loop
      vertex 188 24 14
      vertex 183.681 29.1159 14
      vertex 183.85 29.0081 14
    endloop
  endfacet
  facet normal 0 0 -1
    outer loop
      vertex 167.642 14.44 14
      vertex 188 12 14
      vertex 167.674 14.2952 14
    endloop
  endfacet
  facet normal 0 0 -1
    outer loop
      vertex 188 12 14
      vertex 167.642 14.44 14
      vertex 188 24 14
    endloop
  endfacet
  facet normal 0 0 -1
    outer loop
      vertex 167.597 14.5814 14
      vertex 188 24 14
      vertex 167.642 14.44 14
    endloop
  endfacet
  facet normal 0 0 -1
    outer loop
      vertex 167.541 14.7185 14
      vertex 188 24 14
      vertex 167.597 14.5814 14
    endloop
  endfacet
  facet normal -0 0 -1
    outer loop
      vertex 188 24 14
      vertex 167.541 14.7185 14
      vertex 183.681 29.1159 14
    endloop
  endfacet
  facet normal 0 0 -1
    outer loop
      vertex 167.472 14.85 14
      vertex 183.681 29.1159 14
      vertex 167.541 14.7185 14
    endloop
  endfacet
  facet normal -0 0 -1
    outer loop
      vertex 183.681 29.1159 14
      vertex 167.472 14.85 14
      vertex 183.522 29.2381 14
    endloop
  endfacet
  facet normal 0 0 -1
    outer loop
      vertex 173.054 42.9462 14
      vertex 182.7 31 14
      vertex 182.709 30.7995 14
    endloop
  endfacet
  facet normal 0 0 -1
    outer loop
      vertex 167.302 15.0927 14
      vertex 183.374 29.3737 14
      vertex 167.393 14.9751 14
    endloop
  endfacet
  facet normal -0 0 -1
    outer loop
      vertex 183.522 29.2381 14
      vertex 167.393 14.9751 14
      vertex 183.374 29.3737 14
    endloop
  endfacet
  facet normal 0 0 -1
    outer loop
      vertex 184.213 33.1613 14
      vertex 173.054 42.9462 14
      vertex 178.476 48.8635 14
    endloop
  endfacet
  facet normal 0 0 -1
    outer loop
      vertex 167.393 14.9751 14
      vertex 183.522 29.2381 14
      vertex 167.472 14.85 14
    endloop
  endfacet
  facet normal 0 0 -1
    outer loop
      vertex 167.472 13.15 14
      vertex 188.136 10.9647 14
      vertex 188.241 10.6319 14
    endloop
  endfacet
  facet normal 0 0 -1
    outer loop
      vertex 167.393 13.0249 14
      vertex 188.241 10.6319 14
      vertex 188.375 10.3095 14
    endloop
  endfacet
  facet normal -0 0 -1
    outer loop
      vertex 183.374 29.3737 14
      vertex 167.302 15.0927 14
      vertex 183.238 29.5216 14
    endloop
  endfacet
  facet normal 0 0 -1
    outer loop
      vertex 167.302 12.9073 14
      vertex 188.375 10.3095 14
      vertex 188.536 10 14
    endloop
  endfacet
  facet normal 0 0 -1
    outer loop
      vertex 167.202 12.7979 14
      vertex 188.536 10 14
      vertex 188.723 9.70569 14
    endloop
  endfacet
  facet normal 0 0 -1
    outer loop
      vertex 166.975 12.6074 14
      vertex 188.723 9.70569 14
      vertex 188.936 9.42885 14
    endloop
  endfacet
  facet normal 0 0 -1
    outer loop
      vertex 166.85 12.5278 14
      vertex 188.936 9.42885 14
      vertex 189.172 9.17157 14
    endloop
  endfacet
  facet normal 0 0 -1
    outer loop
      vertex 166.718 12.4593 14
      vertex 189.172 9.17157 14
      vertex 189.429 8.93582 14
    endloop
  endfacet
  facet normal 0 0 -1
    outer loop
      vertex 166.581 12.4025 14
      vertex 189.429 8.93582 14
      vertex 189.706 8.72339 14
    endloop
  endfacet
  facet normal 0 0 -1
    outer loop
      vertex 166.44 12.3579 14
      vertex 189.706 8.72339 14
      vertex 190 8.5359 14
    endloop
  endfacet
  facet normal 0 0 -1
    outer loop
      vertex 166.295 12.3258 14
      vertex 190 8.5359 14
      vertex 190.31 8.37477 14
    endloop
  endfacet
  facet normal 0 0 -1
    outer loop
      vertex 166.148 12.3065 14
      vertex 190.31 8.37477 14
      vertex 190.632 8.24123 14
    endloop
  endfacet
  facet normal -0 -0 -1
    outer loop
      vertex 166 12.3 14
      vertex 190.965 8.1363 14
      vertex 165.852 12.3065 14
    endloop
  endfacet
  facet normal 0 0 -1
    outer loop
      vertex 188 12 14
      vertex 167.694 13.8518 14
      vertex 167.7 14 14
    endloop
  endfacet
  facet normal 0 0 -1
    outer loop
      vertex 188 12 14
      vertex 167.674 13.7048 14
      vertex 167.694 13.8518 14
    endloop
  endfacet
  facet normal 0 0 -1
    outer loop
      vertex 188.015 11.6514 14
      vertex 167.642 13.56 14
      vertex 167.674 13.7048 14
    endloop
  endfacet
  facet normal 0 0 -1
    outer loop
      vertex 188.015 11.6514 14
      vertex 167.597 13.4186 14
      vertex 167.642 13.56 14
    endloop
  endfacet
  facet normal 0 0 -1
    outer loop
      vertex 188.061 11.3054 14
      vertex 167.541 13.2815 14
      vertex 167.597 13.4186 14
    endloop
  endfacet
  facet normal 0 0 -1
    outer loop
      vertex 188.136 10.9647 14
      vertex 167.472 13.15 14
      vertex 167.541 13.2815 14
    endloop
  endfacet
  facet normal 0 0 -1
    outer loop
      vertex 188.241 10.6319 14
      vertex 167.393 13.0249 14
      vertex 167.472 13.15 14
    endloop
  endfacet
  facet normal 0 0 -1
    outer loop
      vertex 188.375 10.3095 14
      vertex 167.302 12.9073 14
      vertex 167.393 13.0249 14
    endloop
  endfacet
  facet normal 0 0 -1
    outer loop
      vertex 188.536 10 14
      vertex 167.202 12.7979 14
      vertex 167.302 12.9073 14
    endloop
  endfacet
  facet normal 0 0 -1
    outer loop
      vertex 188.723 9.70569 14
      vertex 167.093 12.6977 14
      vertex 167.202 12.7979 14
    endloop
  endfacet
  facet normal 0 0 -1
    outer loop
      vertex 188.723 9.70569 14
      vertex 166.975 12.6074 14
      vertex 167.093 12.6977 14
    endloop
  endfacet
  facet normal 0 0 -1
    outer loop
      vertex 188.936 9.42885 14
      vertex 166.85 12.5278 14
      vertex 166.975 12.6074 14
    endloop
  endfacet
  facet normal 0 0 -1
    outer loop
      vertex 189.172 9.17157 14
      vertex 166.718 12.4593 14
      vertex 166.85 12.5278 14
    endloop
  endfacet
  facet normal 0 0 -1
    outer loop
      vertex 189.429 8.93582 14
      vertex 166.581 12.4025 14
      vertex 166.718 12.4593 14
    endloop
  endfacet
  facet normal 0 0 -1
    outer loop
      vertex 189.706 8.72339 14
      vertex 166.44 12.3579 14
      vertex 166.581 12.4025 14
    endloop
  endfacet
  facet normal 0 0 -1
    outer loop
      vertex 190 8.5359 14
      vertex 166.295 12.3258 14
      vertex 166.44 12.3579 14
    endloop
  endfacet
  facet normal 0 0 -1
    outer loop
      vertex 190.31 8.37477 14
      vertex 166.148 12.3065 14
      vertex 166.295 12.3258 14
    endloop
  endfacet
  facet normal 0 0 -1
    outer loop
      vertex 190.632 8.24123 14
      vertex 166 12.3 14
      vertex 166.148 12.3065 14
    endloop
  endfacet
  facet normal 0 0 -1
    outer loop
      vertex 190.965 8.1363 14
      vertex 166 12.3 14
      vertex 190.632 8.24123 14
    endloop
  endfacet
  facet normal 0 0 -1
    outer loop
      vertex 212 0 14
      vertex 165.705 12.3258 14
      vertex 165.852 12.3065 14
    endloop
  endfacet
  facet normal 0 0 -1
    outer loop
      vertex 108 16 14
      vertex 165.705 12.3258 14
      vertex 212 0 14
    endloop
  endfacet
  facet normal 0 0 -1
    outer loop
      vertex 146.881 24.6197 14
      vertex 164.3 14 14
      vertex 164.306 13.8518 14
    endloop
  endfacet
  facet normal 0 0 -1
    outer loop
      vertex 146.881 24.6197 14
      vertex 164.306 13.8518 14
      vertex 164.326 13.7048 14
    endloop
  endfacet
  facet normal 0 0 -1
    outer loop
      vertex 165.282 15.5407 14
      vertex 154 28.3257 14
      vertex 160.769 32.638 14
    endloop
  endfacet
  facet normal 0 0 -1
    outer loop
      vertex 146.881 24.6197 14
      vertex 164.326 13.7048 14
      vertex 164.358 13.56 14
    endloop
  endfacet
  facet normal 0 0 -1
    outer loop
      vertex 146.881 24.6197 14
      vertex 164.358 13.56 14
      vertex 164.403 13.4186 14
    endloop
  endfacet
  facet normal 0 0 -1
    outer loop
      vertex 139.466 21.5483 14
      vertex 164.403 13.4186 14
      vertex 164.459 13.2815 14
    endloop
  endfacet
  facet normal 0 0 -1
    outer loop
      vertex 139.466 21.5483 14
      vertex 164.459 13.2815 14
      vertex 164.528 13.15 14
    endloop
  endfacet
  facet normal 0 0 -1
    outer loop
      vertex 139.466 21.5483 14
      vertex 164.528 13.15 14
      vertex 164.607 13.0249 14
    endloop
  endfacet
  facet normal 0 0 -1
    outer loop
      vertex 164.403 14.5814 14
      vertex 146.881 24.6197 14
      vertex 154 28.3257 14
    endloop
  endfacet
  facet normal 0 0 -1
    outer loop
      vertex 139.466 21.5483 14
      vertex 164.607 13.0249 14
      vertex 164.698 12.9073 14
    endloop
  endfacet
  facet normal 0 0 -1
    outer loop
      vertex 139.466 21.5483 14
      vertex 164.698 12.9073 14
      vertex 164.798 12.7979 14
    endloop
  endfacet
  facet normal 0 0 -1
    outer loop
      vertex 131.811 19.1348 14
      vertex 164.798 12.7979 14
      vertex 164.907 12.6977 14
    endloop
  endfacet
  facet normal 0 0 -1
    outer loop
      vertex 131.811 19.1348 14
      vertex 164.907 12.6977 14
      vertex 165.025 12.6074 14
    endloop
  endfacet
  facet normal 0 0 -1
    outer loop
      vertex 164.403 13.4186 14
      vertex 139.466 21.5483 14
      vertex 146.881 24.6197 14
    endloop
  endfacet
  facet normal 0 0 -1
    outer loop
      vertex 131.811 19.1348 14
      vertex 165.025 12.6074 14
      vertex 165.15 12.5278 14
    endloop
  endfacet
  facet normal 0 0 -1
    outer loop
      vertex 123.976 17.3977 14
      vertex 165.15 12.5278 14
      vertex 165.282 12.4593 14
    endloop
  endfacet
  facet normal 0 0 -1
    outer loop
      vertex 123.976 17.3977 14
      vertex 165.282 12.4593 14
      vertex 165.419 12.4025 14
    endloop
  endfacet
  facet normal 0 0 -1
    outer loop
      vertex 164.798 12.7979 14
      vertex 131.811 19.1348 14
      vertex 139.466 21.5483 14
    endloop
  endfacet
  facet normal 0 0 -1
    outer loop
      vertex 116.018 16.3501 14
      vertex 165.419 12.4025 14
      vertex 165.56 12.3579 14
    endloop
  endfacet
  facet normal 0 -0 -1
    outer loop
      vertex 116.018 16.3501 14
      vertex 165.705 12.3258 14
      vertex 108 16 14
    endloop
  endfacet
  facet normal 0 0 -1
    outer loop
      vertex 165.15 12.5278 14
      vertex 123.976 17.3977 14
      vertex 131.811 19.1348 14
    endloop
  endfacet
  facet normal 0 0 -1
    outer loop
      vertex 165.419 12.4025 14
      vertex 116.018 16.3501 14
      vertex 123.976 17.3977 14
    endloop
  endfacet
  facet normal 0 0 -1
    outer loop
      vertex 165.705 12.3258 14
      vertex 116.018 16.3501 14
      vertex 165.56 12.3579 14
    endloop
  endfacet
  facet normal 0 0 -1
    outer loop
      vertex 4 0 14
      vertex 108 16 14
      vertex 212 0 14
    endloop
  endfacet
  facet normal 0 -0 -1
    outer loop
      vertex 50.2952 12.3258 14
      vertex 108 16 14
      vertex 4 0 14
    endloop
  endfacet
  facet normal 0 0 -1
    outer loop
      vertex 51.6742 14.2952 14
      vertex 69.1191 24.6197 14
      vertex 51.6935 14.1482 14
    endloop
  endfacet
  facet normal 0 0 -1
    outer loop
      vertex 51.6935 14.1482 14
      vertex 69.1191 24.6197 14
      vertex 51.7 14 14
    endloop
  endfacet
  facet normal 0 0 -1
    outer loop
      vertex 51.6421 13.56 14
      vertex 69.1191 24.6197 14
      vertex 76.5341 21.5483 14
    endloop
  endfacet
  facet normal 0 0 -1
    outer loop
      vertex 51.3023 12.9073 14
      vertex 76.5341 21.5483 14
      vertex 84.1886 19.1348 14
    endloop
  endfacet
  facet normal 0 0 -1
    outer loop
      vertex 50.85 12.5278 14
      vertex 84.1886 19.1348 14
      vertex 92.0244 17.3977 14
    endloop
  endfacet
  facet normal 0 -0 -1
    outer loop
      vertex 50.44 12.3579 14
      vertex 99.9817 16.3501 14
      vertex 50.2952 12.3258 14
    endloop
  endfacet
  facet normal 0 0 -1
    outer loop
      vertex 69.1191 24.6197 14
      vertex 51.6935 13.8518 14
      vertex 51.7 14 14
    endloop
  endfacet
  facet normal 0 0 -1
    outer loop
      vertex 69.1191 24.6197 14
      vertex 51.6742 13.7048 14
      vertex 51.6935 13.8518 14
    endloop
  endfacet
  facet normal 0 0 -1
    outer loop
      vertex 69.1191 24.6197 14
      vertex 51.6421 13.56 14
      vertex 51.6742 13.7048 14
    endloop
  endfacet
  facet normal 0 0 -1
    outer loop
      vertex 76.5341 21.5483 14
      vertex 51.5975 13.4186 14
      vertex 51.6421 13.56 14
    endloop
  endfacet
  facet normal 0 0 -1
    outer loop
      vertex 76.5341 21.5483 14
      vertex 51.5407 13.2815 14
      vertex 51.5975 13.4186 14
    endloop
  endfacet
  facet normal 0 0 -1
    outer loop
      vertex 76.5341 21.5483 14
      vertex 51.4722 13.15 14
      vertex 51.5407 13.2815 14
    endloop
  endfacet
  facet normal 0 0 -1
    outer loop
      vertex 76.5341 21.5483 14
      vertex 51.3926 13.0249 14
      vertex 51.4722 13.15 14
    endloop
  endfacet
  facet normal 0 0 -1
    outer loop
      vertex 76.5341 21.5483 14
      vertex 51.3023 12.9073 14
      vertex 51.3926 13.0249 14
    endloop
  endfacet
  facet normal 0 0 -1
    outer loop
      vertex 84.1886 19.1348 14
      vertex 51.2021 12.7979 14
      vertex 51.3023 12.9073 14
    endloop
  endfacet
  facet normal 0 0 -1
    outer loop
      vertex 84.1886 19.1348 14
      vertex 51.0927 12.6977 14
      vertex 51.2021 12.7979 14
    endloop
  endfacet
  facet normal 0 0 -1
    outer loop
      vertex 84.1886 19.1348 14
      vertex 50.9751 12.6074 14
      vertex 51.0927 12.6977 14
    endloop
  endfacet
  facet normal 0 0 -1
    outer loop
      vertex 84.1886 19.1348 14
      vertex 50.85 12.5278 14
      vertex 50.9751 12.6074 14
    endloop
  endfacet
  facet normal 0 0 -1
    outer loop
      vertex 92.0244 17.3977 14
      vertex 50.7185 12.4593 14
      vertex 50.85 12.5278 14
    endloop
  endfacet
  facet normal 0 0 -1
    outer loop
      vertex 92.0244 17.3977 14
      vertex 50.5814 12.4025 14
      vertex 50.7185 12.4593 14
    endloop
  endfacet
  facet normal -0 0 -1
    outer loop
      vertex 99.9817 16.3501 14
      vertex 50.5814 12.4025 14
      vertex 92.0244 17.3977 14
    endloop
  endfacet
  facet normal 0 -0 -1
    outer loop
      vertex 50.5814 12.4025 14
      vertex 99.9817 16.3501 14
      vertex 50.44 12.3579 14
    endloop
  endfacet
  facet normal -0 0 -1
    outer loop
      vertex 108 16 14
      vertex 50.2952 12.3258 14
      vertex 99.9817 16.3501 14
    endloop
  endfacet
  facet normal 0 0 -1
    outer loop
      vertex 50.2952 12.3258 14
      vertex 4 0 14
      vertex 50.1482 12.3065 14
    endloop
  endfacet
  facet normal 0 -0 -1
    outer loop
      vertex 25.0353 8.1363 14
      vertex 50.1482 12.3065 14
      vertex 4 0 14
    endloop
  endfacet
  facet normal 0 0 -1
    outer loop
      vertex 28 12 14
      vertex 48.3 14 14
      vertex 48.3065 13.8518 14
    endloop
  endfacet
  facet normal 0 0 -1
    outer loop
      vertex 28 12 14
      vertex 48.3065 13.8518 14
      vertex 48.3258 13.7048 14
    endloop
  endfacet
  facet normal 0 -0 -1
    outer loop
      vertex 33.3 31 14
      vertex 48.8635 37.5239 14
      vertex 33.2912 30.7995 14
    endloop
  endfacet
  facet normal 0 0 -1
    outer loop
      vertex 28 12 14
      vertex 48.3258 13.7048 14
      vertex 48.3579 13.56 14
    endloop
  endfacet
  facet normal 0 0 -1
    outer loop
      vertex 33.2651 31.3994 14
      vertex 48.8635 37.5239 14
      vertex 33.2912 31.2005 14
    endloop
  endfacet
  facet normal 0 0 -1
    outer loop
      vertex 27.9848 11.6514 14
      vertex 48.3579 13.56 14
      vertex 48.4025 13.4186 14
    endloop
  endfacet
  facet normal 0 0 -1
    outer loop
      vertex 27.9392 11.3054 14
      vertex 48.4025 13.4186 14
      vertex 48.4593 13.2815 14
    endloop
  endfacet
  facet normal 0 0 -1
    outer loop
      vertex 27.8637 10.9647 14
      vertex 48.4593 13.2815 14
      vertex 48.5278 13.15 14
    endloop
  endfacet
  facet normal 0 0 -1
    outer loop
      vertex 27.7588 10.6319 14
      vertex 48.5278 13.15 14
      vertex 48.6074 13.0249 14
    endloop
  endfacet
  facet normal 0 0 -1
    outer loop
      vertex 27.6252 10.3095 14
      vertex 48.6074 13.0249 14
      vertex 48.6977 12.9073 14
    endloop
  endfacet
  facet normal 0 0 -1
    outer loop
      vertex 33.2912 31.2005 14
      vertex 48.8635 37.5239 14
      vertex 33.3 31 14
    endloop
  endfacet
  facet normal 0 0 -1
    outer loop
      vertex 48.8635 37.5239 14
      vertex 33.2651 30.6006 14
      vertex 33.2912 30.7995 14
    endloop
  endfacet
  facet normal 0 0 -1
    outer loop
      vertex 48.8635 37.5239 14
      vertex 33.2216 30.4047 14
      vertex 33.2651 30.6006 14
    endloop
  endfacet
  facet normal 0 0 -1
    outer loop
      vertex 48.8635 37.5239 14
      vertex 33.1613 30.2134 14
      vertex 33.2216 30.4047 14
    endloop
  endfacet
  facet normal 0 0 -1
    outer loop
      vertex 49.15 15.4722 14
      vertex 33.0845 30.028 14
      vertex 33.1613 30.2134 14
    endloop
  endfacet
  facet normal 0 0 -1
    outer loop
      vertex 49.0249 15.3926 14
      vertex 32.9919 29.85 14
      vertex 33.0845 30.028 14
    endloop
  endfacet
  facet normal 0 0 -1
    outer loop
      vertex 27.6252 10.3095 14
      vertex 48.6977 12.9073 14
      vertex 48.7979 12.7979 14
    endloop
  endfacet
  facet normal 0 0 -1
    outer loop
      vertex 48.9073 15.3023 14
      vertex 32.884 29.6808 14
      vertex 32.9919 29.85 14
    endloop
  endfacet
  facet normal 0 0 -1
    outer loop
      vertex 48.7979 15.2021 14
      vertex 32.7619 29.5216 14
      vertex 32.884 29.6808 14
    endloop
  endfacet
  facet normal 0 0 -1
    outer loop
      vertex 48.6977 15.0927 14
      vertex 32.6263 29.3737 14
      vertex 32.7619 29.5216 14
    endloop
  endfacet
  facet normal 0 0 -1
    outer loop
      vertex 48.6074 14.9751 14
      vertex 32.4784 29.2381 14
      vertex 32.6263 29.3737 14
    endloop
  endfacet
  facet normal 0 0 -1
    outer loop
      vertex 48.5278 14.85 14
      vertex 32.3192 29.1159 14
      vertex 32.4784 29.2381 14
    endloop
  endfacet
  facet normal 0 0 -1
    outer loop
      vertex 48.4593 14.7185 14
      vertex 28 24 14
      vertex 32.3192 29.1159 14
    endloop
  endfacet
  facet normal -0 0 -1
    outer loop
      vertex 48.3579 14.44 14
      vertex 28 12 14
      vertex 28 24 14
    endloop
  endfacet
  facet normal 0 0 -1
    outer loop
      vertex 32.3192 29.1159 14
      vertex 28 24 14
      vertex 32.15 29.0081 14
    endloop
  endfacet
  facet normal 0 0 -1
    outer loop
      vertex 32.15 29.0081 14
      vertex 28 24 14
      vertex 31.972 28.9155 14
    endloop
  endfacet
  facet normal 0 0 -1
    outer loop
      vertex 31.972 28.9155 14
      vertex 28 24 14
      vertex 31.7866 28.8387 14
    endloop
  endfacet
  facet normal 0 0 -1
    outer loop
      vertex 27.4641 10 14
      vertex 48.7979 12.7979 14
      vertex 48.9073 12.6977 14
    endloop
  endfacet
  facet normal 0 0 -1
    outer loop
      vertex 31.7866 28.8387 14
      vertex 28 24 14
      vertex 31.5953 28.7784 14
    endloop
  endfacet
  facet normal 0 0 -1
    outer loop
      vertex 31.5953 28.7784 14
      vertex 28 24 14
      vertex 31.3994 28.7349 14
    endloop
  endfacet
  facet normal 0 0 -1
    outer loop
      vertex 27.9848 24.3486 14
      vertex 31.3994 28.7349 14
      vertex 28 24 14
    endloop
  endfacet
  facet normal 0 0 -1
    outer loop
      vertex 31.3994 28.7349 14
      vertex 27.9848 24.3486 14
      vertex 31.2005 28.7088 14
    endloop
  endfacet
  facet normal 0 0 -1
    outer loop
      vertex 27.9392 24.6946 14
      vertex 31.2005 28.7088 14
      vertex 27.9848 24.3486 14
    endloop
  endfacet
  facet normal 0 0 -1
    outer loop
      vertex 31.2005 28.7088 14
      vertex 27.9392 24.6946 14
      vertex 31 28.7 14
    endloop
  endfacet
  facet normal 0 0 -1
    outer loop
      vertex 27.8637 25.0353 14
      vertex 31 28.7 14
      vertex 27.9392 24.6946 14
    endloop
  endfacet
  facet normal -0 0 -1
    outer loop
      vertex 31 28.7 14
      vertex 27.8637 25.0353 14
      vertex 30.7995 28.7088 14
    endloop
  endfacet
  facet normal 0 0 -1
    outer loop
      vertex 27.7588 25.3681 14
      vertex 30.7995 28.7088 14
      vertex 27.8637 25.0353 14
    endloop
  endfacet
  facet normal -0 0 -1
    outer loop
      vertex 30.7995 28.7088 14
      vertex 27.7588 25.3681 14
      vertex 30.6006 28.7349 14
    endloop
  endfacet
  facet normal -0 0 -1
    outer loop
      vertex 29.5216 29.2381 14
      vertex 26.8284 26.8284 14
      vertex 29.3737 29.3737 14
    endloop
  endfacet
  facet normal 0 0 -1
    outer loop
      vertex 26.8284 26.8284 14
      vertex 29.5216 29.2381 14
      vertex 27.0642 26.5711 14
    endloop
  endfacet
  facet normal -0 0 -1
    outer loop
      vertex 29.6808 29.1159 14
      vertex 27.0642 26.5711 14
      vertex 29.5216 29.2381 14
    endloop
  endfacet
  facet normal 0 0 -1
    outer loop
      vertex 27.0642 26.5711 14
      vertex 29.6808 29.1159 14
      vertex 27.2766 26.2943 14
    endloop
  endfacet
  facet normal -0 0 -1
    outer loop
      vertex 29.85 29.0081 14
      vertex 27.2766 26.2943 14
      vertex 29.6808 29.1159 14
    endloop
  endfacet
  facet normal 0 0 -1
    outer loop
      vertex 27.2766 26.2943 14
      vertex 29.85 29.0081 14
      vertex 27.4641 26 14
    endloop
  endfacet
  facet normal -0 0 -1
    outer loop
      vertex 30.028 28.9155 14
      vertex 27.4641 26 14
      vertex 29.85 29.0081 14
    endloop
  endfacet
  facet normal -0 0 -1
    outer loop
      vertex 30.2134 28.8387 14
      vertex 27.4641 26 14
      vertex 30.028 28.9155 14
    endloop
  endfacet
  facet normal 0 0 -1
    outer loop
      vertex 27.4641 26 14
      vertex 30.2134 28.8387 14
      vertex 27.6252 25.6905 14
    endloop
  endfacet
  facet normal -0 0 -1
    outer loop
      vertex 30.4047 28.7784 14
      vertex 27.6252 25.6905 14
      vertex 30.2134 28.8387 14
    endloop
  endfacet
  facet normal 0 0 -1
    outer loop
      vertex 27.6252 25.6905 14
      vertex 30.4047 28.7784 14
      vertex 27.7588 25.3681 14
    endloop
  endfacet
  facet normal -0 0 -1
    outer loop
      vertex 30.6006 28.7349 14
      vertex 27.7588 25.3681 14
      vertex 30.4047 28.7784 14
    endloop
  endfacet
  facet normal 0 0 -1
    outer loop
      vertex 27.2766 9.70569 14
      vertex 48.9073 12.6977 14
      vertex 49.0249 12.6074 14
    endloop
  endfacet
  facet normal 0 0 -1
    outer loop
      vertex 27.0642 9.42885 14
      vertex 49.0249 12.6074 14
      vertex 49.15 12.5278 14
    endloop
  endfacet
  facet normal 0 0 -1
    outer loop
      vertex 26.8284 9.17157 14
      vertex 49.15 12.5278 14
      vertex 49.2815 12.4593 14
    endloop
  endfacet
  facet normal 0 0 -1
    outer loop
      vertex 26.5711 8.93582 14
      vertex 49.2815 12.4593 14
      vertex 49.4186 12.4025 14
    endloop
  endfacet
  facet normal 0 0 -1
    outer loop
      vertex 26.2943 8.72339 14
      vertex 49.4186 12.4025 14
      vertex 49.56 12.3579 14
    endloop
  endfacet
  facet normal 0 0 -1
    outer loop
      vertex 26 8.5359 14
      vertex 49.56 12.3579 14
      vertex 49.7048 12.3258 14
    endloop
  endfacet
  facet normal 0 0 -1
    outer loop
      vertex 25.6905 8.37477 14
      vertex 49.7048 12.3258 14
      vertex 49.8518 12.3065 14
    endloop
  endfacet
  facet normal 0 0 -1
    outer loop
      vertex 50.1482 12.3065 14
      vertex 25.0353 8.1363 14
      vertex 50 12.3 14
    endloop
  endfacet
  facet normal 0 0 -1
    outer loop
      vertex 48.3579 13.56 14
      vertex 27.9848 11.6514 14
      vertex 28 12 14
    endloop
  endfacet
  facet normal 0 0 -1
    outer loop
      vertex 48.4025 13.4186 14
      vertex 27.9392 11.3054 14
      vertex 27.9848 11.6514 14
    endloop
  endfacet
  facet normal 0 0 -1
    outer loop
      vertex 48.4593 13.2815 14
      vertex 27.8637 10.9647 14
      vertex 27.9392 11.3054 14
    endloop
  endfacet
  facet normal 0 0 -1
    outer loop
      vertex 48.5278 13.15 14
      vertex 27.7588 10.6319 14
      vertex 27.8637 10.9647 14
    endloop
  endfacet
  facet normal 0 0 -1
    outer loop
      vertex 48.6074 13.0249 14
      vertex 27.6252 10.3095 14
      vertex 27.7588 10.6319 14
    endloop
  endfacet
  facet normal 0 0 -1
    outer loop
      vertex 48.7979 12.7979 14
      vertex 27.4641 10 14
      vertex 27.6252 10.3095 14
    endloop
  endfacet
  facet normal 0 0 -1
    outer loop
      vertex 48.9073 12.6977 14
      vertex 27.2766 9.70569 14
      vertex 27.4641 10 14
    endloop
  endfacet
  facet normal 0 0 -1
    outer loop
      vertex 49.0249 12.6074 14
      vertex 27.0642 9.42885 14
      vertex 27.2766 9.70569 14
    endloop
  endfacet
  facet normal 0 0 -1
    outer loop
      vertex 49.15 12.5278 14
      vertex 26.8284 9.17157 14
      vertex 27.0642 9.42885 14
    endloop
  endfacet
  facet normal 0 0 -1
    outer loop
      vertex 49.2815 12.4593 14
      vertex 26.5711 8.93582 14
      vertex 26.8284 9.17157 14
    endloop
  endfacet
  facet normal 0 0 -1
    outer loop
      vertex 49.4186 12.4025 14
      vertex 26.2943 8.72339 14
      vertex 26.5711 8.93582 14
    endloop
  endfacet
  facet normal 0 0 -1
    outer loop
      vertex 49.56 12.3579 14
      vertex 26 8.5359 14
      vertex 26.2943 8.72339 14
    endloop
  endfacet
  facet normal 0 0 -1
    outer loop
      vertex 49.7048 12.3258 14
      vertex 25.6905 8.37477 14
      vertex 26 8.5359 14
    endloop
  endfacet
  facet normal 0 0 -1
    outer loop
      vertex 49.8518 12.3065 14
      vertex 25.3681 8.24123 14
      vertex 25.6905 8.37477 14
    endloop
  endfacet
  facet normal 0 -0 -1
    outer loop
      vertex 25.3681 8.24123 14
      vertex 50 12.3 14
      vertex 25.0353 8.1363 14
    endloop
  endfacet
  facet normal -0 0 -1
    outer loop
      vertex 50 12.3 14
      vertex 25.3681 8.24123 14
      vertex 49.8518 12.3065 14
    endloop
  endfacet
  facet normal 0 0 -1
    outer loop
      vertex 25.0353 8.1363 14
      vertex 4 0 14
      vertex 24.6946 8.06077 14
    endloop
  endfacet
  facet normal 0 0 -1
    outer loop
      vertex 24.6946 8.06077 14
      vertex 4 0 14
      vertex 24.3486 8.01522 14
    endloop
  endfacet
  facet normal 0 0 -1
    outer loop
      vertex 24.3486 8.01522 14
      vertex 4 0 14
      vertex 24 8 14
    endloop
  endfacet
  facet normal -0 0 -1
    outer loop
      vertex 8.01522 11.6514 14
      vertex 0 4 14
      vertex 8 12 14
    endloop
  endfacet
  facet normal 0 0 -1
    outer loop
      vertex 8.30647 32.1482 14
      vertex 4 108 14
      vertex 8.01522 83.6514 14
    endloop
  endfacet
  facet normal 0 0 -1
    outer loop
      vertex 8.01522 83.6514 14
      vertex 4 108 14
      vertex 8 84 14
    endloop
  endfacet
  facet normal -0 0 -1
    outer loop
      vertex 8.06077 11.3054 14
      vertex 0 4 14
      vertex 8.01522 11.6514 14
    endloop
  endfacet
  facet normal -0 0 -1
    outer loop
      vertex 8.1363 10.9647 14
      vertex 0 4 14
      vertex 8.06077 11.3054 14
    endloop
  endfacet
  facet normal -0 0 -1
    outer loop
      vertex 8.24123 10.6319 14
      vertex 0 4 14
      vertex 8.1363 10.9647 14
    endloop
  endfacet
  facet normal -0 0 -1
    outer loop
      vertex 8.37477 10.3095 14
      vertex 0 4 14
      vertex 8.24123 10.6319 14
    endloop
  endfacet
  facet normal -0 0 -1
    outer loop
      vertex 8.5359 10 14
      vertex 0 4 14
      vertex 8.37477 10.3095 14
    endloop
  endfacet
  facet normal -0 0 -1
    outer loop
      vertex 8.72339 9.70569 14
      vertex 0 4 14
      vertex 8.5359 10 14
    endloop
  endfacet
  facet normal -0 0 -1
    outer loop
      vertex 8.93582 9.42885 14
      vertex 0 4 14
      vertex 8.72339 9.70569 14
    endloop
  endfacet
  facet normal -0 0 -1
    outer loop
      vertex 9.17157 9.17157 14
      vertex 0 4 14
      vertex 8.93582 9.42885 14
    endloop
  endfacet
  facet normal 0 0 -1
    outer loop
      vertex 0 4 14
      vertex 9.17157 9.17157 14
      vertex 4 0 14
    endloop
  endfacet
  facet normal -0 0 -1
    outer loop
      vertex 9.42885 8.93582 14
      vertex 4 0 14
      vertex 9.17157 9.17157 14
    endloop
  endfacet
  facet normal -0 0 -1
    outer loop
      vertex 9.70569 8.72339 14
      vertex 4 0 14
      vertex 9.42885 8.93582 14
    endloop
  endfacet
  facet normal -0 0 -1
    outer loop
      vertex 10 8.5359 14
      vertex 4 0 14
      vertex 9.70569 8.72339 14
    endloop
  endfacet
  facet normal -0 0 -1
    outer loop
      vertex 10.3095 8.37477 14
      vertex 4 0 14
      vertex 10 8.5359 14
    endloop
  endfacet
  facet normal -0 0 -1
    outer loop
      vertex 10.6319 8.24123 14
      vertex 4 0 14
      vertex 10.3095 8.37477 14
    endloop
  endfacet
  facet normal -0 0 -1
    outer loop
      vertex 10.9647 8.1363 14
      vertex 4 0 14
      vertex 10.6319 8.24123 14
    endloop
  endfacet
  facet normal -0 0 -1
    outer loop
      vertex 11.3054 8.06077 14
      vertex 4 0 14
      vertex 10.9647 8.1363 14
    endloop
  endfacet
  facet normal -0 0 -1
    outer loop
      vertex 11.6514 8.01522 14
      vertex 4 0 14
      vertex 11.3054 8.06077 14
    endloop
  endfacet
  facet normal -0 0 -1
    outer loop
      vertex 12 8 14
      vertex 4 0 14
      vertex 11.6514 8.01522 14
    endloop
  endfacet
  facet normal -0 0 -1
    outer loop
      vertex 24 8 14
      vertex 4 0 14
      vertex 12 8 14
    endloop
  endfacet
  facet normal 0 0 -1
    outer loop
      vertex 215.464 106 14
      vertex 212 108 14
      vertex 215.277 106.294 14
    endloop
  endfacet
  facet normal 0 0 -1
    outer loop
      vertex 215.277 106.294 14
      vertex 212 108 14
      vertex 215.064 106.571 14
    endloop
  endfacet
  facet normal 0 0 -1
    outer loop
      vertex 215.064 106.571 14
      vertex 212 108 14
      vertex 214.828 106.828 14
    endloop
  endfacet
  facet normal 0 0 -1
    outer loop
      vertex 214.828 106.828 14
      vertex 212 108 14
      vertex 214.571 107.064 14
    endloop
  endfacet
  facet normal 0 0 -1
    outer loop
      vertex 214.571 107.064 14
      vertex 212 108 14
      vertex 214.294 107.277 14
    endloop
  endfacet
  facet normal 0 0 -1
    outer loop
      vertex 214.294 107.277 14
      vertex 212 108 14
      vertex 214 107.464 14
    endloop
  endfacet
  facet normal 0 0 -1
    outer loop
      vertex 214 107.464 14
      vertex 212 108 14
      vertex 213.69 107.625 14
    endloop
  endfacet
  facet normal 0 0 -1
    outer loop
      vertex 213.69 107.625 14
      vertex 212 108 14
      vertex 213.368 107.759 14
    endloop
  endfacet
  facet normal 0 0 -1
    outer loop
      vertex 213.035 107.864 14
      vertex 212 108 14
      vertex 212.695 107.939 14
    endloop
  endfacet
  facet normal 0 0 -1
    outer loop
      vertex 212.695 107.939 14
      vertex 212 108 14
      vertex 212.349 107.985 14
    endloop
  endfacet
  facet normal 0 0 -1
    outer loop
      vertex 213.368 107.759 14
      vertex 212 108 14
      vertex 213.035 107.864 14
    endloop
  endfacet
  facet normal 0 0 -1
    outer loop
      vertex 215.864 105.035 14
      vertex 212 108 14
      vertex 215.759 105.368 14
    endloop
  endfacet
  facet normal 0 0 -1
    outer loop
      vertex 206.571 99.0642 14
      vertex 212 108 14
      vertex 206.828 98.8284 14
    endloop
  endfacet
  facet normal 0 0 -1
    outer loop
      vertex 206.294 99.2766 14
      vertex 212 108 14
      vertex 206.571 99.0642 14
    endloop
  endfacet
  facet normal 0 0 -1
    outer loop
      vertex 206 99.4641 14
      vertex 212 108 14
      vertex 206.294 99.2766 14
    endloop
  endfacet
  facet normal 0 0 -1
    outer loop
      vertex 205.69 99.6252 14
      vertex 212 108 14
      vertex 206 99.4641 14
    endloop
  endfacet
  facet normal 0 0 -1
    outer loop
      vertex 205.368 99.7588 14
      vertex 212 108 14
      vertex 205.69 99.6252 14
    endloop
  endfacet
  facet normal 0 0 -1
    outer loop
      vertex 205.035 99.8637 14
      vertex 212 108 14
      vertex 205.368 99.7588 14
    endloop
  endfacet
  facet normal 0 0 -1
    outer loop
      vertex 204.695 99.9392 14
      vertex 212 108 14
      vertex 205.035 99.8637 14
    endloop
  endfacet
  facet normal 0 0 -1
    outer loop
      vertex 200 108 14
      vertex 204.695 99.9392 14
      vertex 204.349 99.9848 14
    endloop
  endfacet
  facet normal 0 0 -1
    outer loop
      vertex 200 108 14
      vertex 204.349 99.9848 14
      vertex 204 100 14
    endloop
  endfacet
  facet normal 0 0 -1
    outer loop
      vertex 204.695 99.9392 14
      vertex 200 108 14
      vertex 212 108 14
    endloop
  endfacet
  facet normal 0 -0 -1
    outer loop
      vertex 200 108 14
      vertex 204 100 14
      vertex 199.651 100 14
    endloop
  endfacet
  facet normal 0 0 -1
    outer loop
      vertex 216 104 14
      vertex 207.864 82.9647 14
      vertex 207.939 83.3054 14
    endloop
  endfacet
  facet normal 0 0 -1
    outer loop
      vertex 216 104 14
      vertex 207.642 32.44 14
      vertex 207.864 82.9647 14
    endloop
  endfacet
  facet normal 0 0 -1
    outer loop
      vertex 207.864 82.9647 14
      vertex 207.642 32.44 14
      vertex 207.759 82.6319 14
    endloop
  endfacet
  facet normal 0 0 -1
    outer loop
      vertex 207.597 32.5814 14
      vertex 207.759 82.6319 14
      vertex 207.642 32.44 14
    endloop
  endfacet
  facet normal 0 0 -1
    outer loop
      vertex 207.759 82.6319 14
      vertex 207.597 32.5814 14
      vertex 207.625 82.3095 14
    endloop
  endfacet
  facet normal 0 0 -1
    outer loop
      vertex 207.541 32.7185 14
      vertex 207.625 82.3095 14
      vertex 207.597 32.5814 14
    endloop
  endfacet
  facet normal 0 0 -1
    outer loop
      vertex 207.472 32.85 14
      vertex 207.625 82.3095 14
      vertex 207.541 32.7185 14
    endloop
  endfacet
  facet normal 0 0 -1
    outer loop
      vertex 207.472 32.85 14
      vertex 207.464 82 14
      vertex 207.625 82.3095 14
    endloop
  endfacet
  facet normal 0 0 -1
    outer loop
      vertex 207.393 32.9751 14
      vertex 207.464 82 14
      vertex 207.472 32.85 14
    endloop
  endfacet
  facet normal 0 0 -1
    outer loop
      vertex 207.277 81.7057 14
      vertex 207.393 32.9751 14
      vertex 207.302 33.0927 14
    endloop
  endfacet
  facet normal 0 0 -1
    outer loop
      vertex 207.393 32.9751 14
      vertex 207.277 81.7057 14
      vertex 207.464 82 14
    endloop
  endfacet
  facet normal 0 0 -1
    outer loop
      vertex 207.064 81.4288 14
      vertex 207.302 33.0927 14
      vertex 207.202 33.2021 14
    endloop
  endfacet
  facet normal 0 0 -1
    outer loop
      vertex 206.828 81.1716 14
      vertex 207.202 33.2021 14
      vertex 207.093 33.3023 14
    endloop
  endfacet
  facet normal 0 0 -1
    outer loop
      vertex 207.302 33.0927 14
      vertex 207.064 81.4288 14
      vertex 207.277 81.7057 14
    endloop
  endfacet
  facet normal 0 0 -1
    outer loop
      vertex 206.571 80.9358 14
      vertex 207.093 33.3023 14
      vertex 206.975 33.3926 14
    endloop
  endfacet
  facet normal 0 0 -1
    outer loop
      vertex 206.294 80.7234 14
      vertex 206.975 33.3926 14
      vertex 206.85 33.4722 14
    endloop
  endfacet
  facet normal 0 0 -1
    outer loop
      vertex 207.202 33.2021 14
      vertex 206.828 81.1716 14
      vertex 207.064 81.4288 14
    endloop
  endfacet
  facet normal 0 0 -1
    outer loop
      vertex 206 80.5359 14
      vertex 206.85 33.4722 14
      vertex 206.718 33.5407 14
    endloop
  endfacet
  facet normal 0 0 -1
    outer loop
      vertex 205.69 80.3748 14
      vertex 206.718 33.5407 14
      vertex 206.581 33.5975 14
    endloop
  endfacet
  facet normal 0 0 -1
    outer loop
      vertex 207.093 33.3023 14
      vertex 206.571 80.9358 14
      vertex 206.828 81.1716 14
    endloop
  endfacet
  facet normal 0 0 -1
    outer loop
      vertex 205.368 80.2412 14
      vertex 206.581 33.5975 14
      vertex 206.44 33.6421 14
    endloop
  endfacet
  facet normal 0 0 -1
    outer loop
      vertex 191.38 69.1191 14
      vertex 206.44 33.6421 14
      vertex 206.295 33.6742 14
    endloop
  endfacet
  facet normal 0 0 -1
    outer loop
      vertex 206.975 33.3926 14
      vertex 206.294 80.7234 14
      vertex 206.571 80.9358 14
    endloop
  endfacet
  facet normal 0 0 -1
    outer loop
      vertex 191.38 69.1191 14
      vertex 206.295 33.6742 14
      vertex 206.148 33.6935 14
    endloop
  endfacet
  facet normal 0 0 -1
    outer loop
      vertex 187.674 62 14
      vertex 206.148 33.6935 14
      vertex 206 33.7 14
    endloop
  endfacet
  facet normal 0 0 -1
    outer loop
      vertex 206.85 33.4722 14
      vertex 206 80.5359 14
      vertex 206.294 80.7234 14
    endloop
  endfacet
  facet normal 0 0 -1
    outer loop
      vertex 187.674 62 14
      vertex 206 33.7 14
      vertex 205.852 33.6935 14
    endloop
  endfacet
  facet normal 0 0 -1
    outer loop
      vertex 187.674 62 14
      vertex 205.852 33.6935 14
      vertex 205.705 33.6742 14
    endloop
  endfacet
  facet normal 0 0 -1
    outer loop
      vertex 206.718 33.5407 14
      vertex 205.69 80.3748 14
      vertex 206 80.5359 14
    endloop
  endfacet
  facet normal 0 0 -1
    outer loop
      vertex 187.674 62 14
      vertex 205.705 33.6742 14
      vertex 205.56 33.6421 14
    endloop
  endfacet
  facet normal 0 0 -1
    outer loop
      vertex 187.674 62 14
      vertex 205.56 33.6421 14
      vertex 205.419 33.5975 14
    endloop
  endfacet
  facet normal 0 0 -1
    outer loop
      vertex 206.581 33.5975 14
      vertex 205.368 80.2412 14
      vertex 205.69 80.3748 14
    endloop
  endfacet
  facet normal 0 0 -1
    outer loop
      vertex 187.674 62 14
      vertex 205.419 33.5975 14
      vertex 205.282 33.5407 14
    endloop
  endfacet
  facet normal 0 0 -1
    outer loop
      vertex 187.674 62 14
      vertex 205.282 33.5407 14
      vertex 205.15 33.4722 14
    endloop
  endfacet
  facet normal 0 0 -1
    outer loop
      vertex 206.44 33.6421 14
      vertex 205.035 80.1363 14
      vertex 205.368 80.2412 14
    endloop
  endfacet
  facet normal 0 0 -1
    outer loop
      vertex 187.674 62 14
      vertex 205.15 33.4722 14
      vertex 205.025 33.3926 14
    endloop
  endfacet
  facet normal 0 0 -1
    outer loop
      vertex 187.674 62 14
      vertex 205.025 33.3926 14
      vertex 204.907 33.3023 14
    endloop
  endfacet
  facet normal 0 0 -1
    outer loop
      vertex 186.992 32.15 14
      vertex 192 28 14
      vertex 187.085 31.972 14
    endloop
  endfacet
  facet normal 0 0 -1
    outer loop
      vertex 187.161 31.7866 14
      vertex 192 28 14
      vertex 187.222 31.5953 14
    endloop
  endfacet
  facet normal 0 0 -1
    outer loop
      vertex 206.44 33.6421 14
      vertex 191.38 69.1191 14
      vertex 205.035 80.1363 14
    endloop
  endfacet
  facet normal 0 0 -1
    outer loop
      vertex 187.222 31.5953 14
      vertex 192 28 14
      vertex 187.265 31.3994 14
    endloop
  endfacet
  facet normal 0 0 -1
    outer loop
      vertex 191.651 27.9848 14
      vertex 187.265 31.3994 14
      vertex 192 28 14
    endloop
  endfacet
  facet normal 0 0 -1
    outer loop
      vertex 192 28 14
      vertex 204.528 32.85 14
      vertex 204.459 32.7185 14
    endloop
  endfacet
  facet normal 0 0 -1
    outer loop
      vertex 192 28 14
      vertex 204.459 32.7185 14
      vertex 204.403 32.5814 14
    endloop
  endfacet
  facet normal 0 0 -1
    outer loop
      vertex 192 28 14
      vertex 204.403 32.5814 14
      vertex 204.358 32.44 14
    endloop
  endfacet
  facet normal 0 0 -1
    outer loop
      vertex 205.035 80.1363 14
      vertex 191.38 69.1191 14
      vertex 204.695 80.0608 14
    endloop
  endfacet
  facet normal 0 0 -1
    outer loop
      vertex 192 28 14
      vertex 204.358 32.44 14
      vertex 204.326 32.2952 14
    endloop
  endfacet
  facet normal 0 0 -1
    outer loop
      vertex 192 28 14
      vertex 204.326 32.2952 14
      vertex 204.306 32.1482 14
    endloop
  endfacet
  facet normal 0 0 -1
    outer loop
      vertex 192 28 14
      vertex 204.306 32.1482 14
      vertex 204.3 32 14
    endloop
  endfacet
  facet normal -0 0 -1
    outer loop
      vertex 204.306 31.8518 14
      vertex 192 28 14
      vertex 204.3 32 14
    endloop
  endfacet
  facet normal 0 0 -1
    outer loop
      vertex 204.695 80.0608 14
      vertex 191.38 69.1191 14
      vertex 204.349 80.0152 14
    endloop
  endfacet
  facet normal 0 0 -1
    outer loop
      vertex 204.349 80.0152 14
      vertex 191.38 69.1191 14
      vertex 204 80 14
    endloop
  endfacet
  facet normal -0 0 -1
    outer loop
      vertex 204 80 14
      vertex 194.452 76.5341 14
      vertex 195.544 80 14
    endloop
  endfacet
  facet normal 0 0 -1
    outer loop
      vertex 187.085 31.972 14
      vertex 192 28 14
      vertex 187.161 31.7866 14
    endloop
  endfacet
  facet normal 0 0 -1
    outer loop
      vertex 187.265 31.3994 14
      vertex 191.651 27.9848 14
      vertex 187.291 31.2005 14
    endloop
  endfacet
  facet normal 0 0 -1
    outer loop
      vertex 204 80 14
      vertex 191.38 69.1191 14
      vertex 194.452 76.5341 14
    endloop
  endfacet
  facet normal 0 0 -1
    outer loop
      vertex 187.291 31.2005 14
      vertex 191.651 27.9848 14
      vertex 191.305 27.9392 14
    endloop
  endfacet
  facet normal 0 0 -1
    outer loop
      vertex 187.291 31.2005 14
      vertex 191.305 27.9392 14
      vertex 190.965 27.8637 14
    endloop
  endfacet
  facet normal 0 0 -1
    outer loop
      vertex 187.291 31.2005 14
      vertex 190.965 27.8637 14
      vertex 190.632 27.7588 14
    endloop
  endfacet
  facet normal 0 0 -1
    outer loop
      vertex 187.291 31.2005 14
      vertex 190.632 27.7588 14
      vertex 190.31 27.6252 14
    endloop
  endfacet
  facet normal 0 0 -1
    outer loop
      vertex 187.291 31.2005 14
      vertex 190.31 27.6252 14
      vertex 190 27.4641 14
    endloop
  endfacet
  facet normal 0 0 -1
    outer loop
      vertex 187.291 31.2005 14
      vertex 190 27.4641 14
      vertex 189.706 27.2766 14
    endloop
  endfacet
  facet normal 0 0 -1
    outer loop
      vertex 187.291 31.2005 14
      vertex 189.706 27.2766 14
      vertex 189.429 27.0642 14
    endloop
  endfacet
  facet normal 0 0 -1
    outer loop
      vertex 187.291 31.2005 14
      vertex 189.429 27.0642 14
      vertex 189.172 26.8284 14
    endloop
  endfacet
  facet normal 0 0 -1
    outer loop
      vertex 187.291 31.2005 14
      vertex 189.172 26.8284 14
      vertex 188.936 26.5711 14
    endloop
  endfacet
  facet normal 0 0 -1
    outer loop
      vertex 187.291 31.2005 14
      vertex 188.936 26.5711 14
      vertex 188.723 26.2943 14
    endloop
  endfacet
  facet normal 0 0 -1
    outer loop
      vertex 187.291 31.2005 14
      vertex 188.723 26.2943 14
      vertex 188.536 26 14
    endloop
  endfacet
  facet normal 0 0 -1
    outer loop
      vertex 187.291 31.2005 14
      vertex 188.536 26 14
      vertex 188.375 25.6905 14
    endloop
  endfacet
  facet normal 0 0 -1
    outer loop
      vertex 187.291 31.2005 14
      vertex 188.375 25.6905 14
      vertex 188.241 25.3681 14
    endloop
  endfacet
  facet normal 0 0 -1
    outer loop
      vertex 187.291 31.2005 14
      vertex 188.241 25.3681 14
      vertex 188.136 25.0353 14
    endloop
  endfacet
  facet normal 0 0 -1
    outer loop
      vertex 187.291 31.2005 14
      vertex 188.136 25.0353 14
      vertex 188.061 24.6946 14
    endloop
  endfacet
  facet normal 0 0 -1
    outer loop
      vertex 187.291 31.2005 14
      vertex 188.061 24.6946 14
      vertex 188.015 24.3486 14
    endloop
  endfacet
  facet normal 0 0 -1
    outer loop
      vertex 206.148 33.6935 14
      vertex 187.674 62 14
      vertex 191.38 69.1191 14
    endloop
  endfacet
  facet normal 0 0 -1
    outer loop
      vertex 187.291 31.2005 14
      vertex 188.015 24.3486 14
      vertex 188 24 14
    endloop
  endfacet
  facet normal -0.461781 -0.886994 0
    outer loop
      vertex 10 8.5359 0
      vertex 10.3095 8.37477 14
      vertex 10 8.5359 14
    endloop
  endfacet
  facet normal -0.461781 -0.886994 -0
    outer loop
      vertex 10.3095 8.37477 14
      vertex 10 8.5359 0
      vertex 10.3095 8.37477 0
    endloop
  endfacet
  facet normal 0.461714 0.887029 -0
    outer loop
      vertex 26 27.4641 0
      vertex 25.6905 27.6252 14
      vertex 26 27.4641 14
    endloop
  endfacet
  facet normal 0.461714 0.887029 0
    outer loop
      vertex 25.6905 27.6252 14
      vertex 26 27.4641 0
      vertex 25.6905 27.6252 0
    endloop
  endfacet
  facet normal 0.300702 -0.953718 0
    outer loop
      vertex 25.0353 8.1363 0
      vertex 25.3681 8.24123 14
      vertex 25.0353 8.1363 14
    endloop
  endfacet
  facet normal 0.300702 -0.953718 0
    outer loop
      vertex 25.3681 8.24123 14
      vertex 25.0353 8.1363 0
      vertex 25.3681 8.24123 0
    endloop
  endfacet
  facet normal -0.976297 0.216436 -2.7602e-19
    outer loop
      vertex 8.06077 24.6946 0
      vertex 8.1363 25.0353 14
      vertex 8.1363 25.0353 0
    endloop
  endfacet
  facet normal -0.976297 0.216436 -2.7602e-19
    outer loop
      vertex 8.1363 25.0353 14
      vertex 8.06077 24.6946 0
      vertex 8.06077 24.6946 14
    endloop
  endfacet
  facet normal 0.887029 0.461714 3.85611e-19
    outer loop
      vertex 27.6252 25.6905 14
      vertex 27.4641 26 0
      vertex 27.4641 26 14
    endloop
  endfacet
  facet normal 0.887029 0.461714 3.85611e-19
    outer loop
      vertex 27.4641 26 0
      vertex 27.6252 25.6905 14
      vertex 27.6252 25.6905 0
    endloop
  endfacet
  facet normal 0.5373 -0.843391 0
    outer loop
      vertex 26 8.5359 0
      vertex 26.2943 8.72339 14
      vertex 26 8.5359 14
    endloop
  endfacet
  facet normal 0.5373 -0.843391 0
    outer loop
      vertex 26.2943 8.72339 14
      vertex 26 8.5359 0
      vertex 26.2943 8.72339 0
    endloop
  endfacet
  facet normal 0.737237 0.675634 4.35568e-19
    outer loop
      vertex 27.0642 26.5711 14
      vertex 26.8284 26.8284 0
      vertex 26.8284 26.8284 14
    endloop
  endfacet
  facet normal 0.737237 0.675634 4.35568e-19
    outer loop
      vertex 26.8284 26.8284 0
      vertex 27.0642 26.5711 14
      vertex 27.0642 26.5711 0
    endloop
  endfacet
  facet normal -0.675584 -0.737283 0
    outer loop
      vertex 9.17157 9.17157 0
      vertex 9.42885 8.93582 14
      vertex 9.17157 9.17157 14
    endloop
  endfacet
  facet normal -0.675584 -0.737283 -0
    outer loop
      vertex 9.42885 8.93582 14
      vertex 9.17157 9.17157 0
      vertex 9.42885 8.93582 0
    endloop
  endfacet
  facet normal 0.843386 -0.537307 0
    outer loop
      vertex 27.2766 9.70569 14
      vertex 27.4641 10 0
      vertex 27.4641 10 14
    endloop
  endfacet
  facet normal 0.843386 -0.537307 0
    outer loop
      vertex 27.4641 10 0
      vertex 27.2766 9.70569 14
      vertex 27.2766 9.70569 0
    endloop
  endfacet
  facet normal 0.923821 0.382824 -5.84928e-19
    outer loop
      vertex 27.7588 25.3681 14
      vertex 27.6252 25.6905 0
      vertex 27.6252 25.6905 14
    endloop
  endfacet
  facet normal 0.923821 0.382824 -5.84928e-19
    outer loop
      vertex 27.6252 25.6905 0
      vertex 27.7588 25.3681 14
      vertex 27.7588 25.3681 0
    endloop
  endfacet
  facet normal 0.991427 0.130662 3.92927e-20
    outer loop
      vertex 27.9848 24.3486 14
      vertex 27.9392 24.6946 0
      vertex 27.9392 24.6946 14
    endloop
  endfacet
  facet normal 0.991427 0.130662 3.92927e-20
    outer loop
      vertex 27.9392 24.6946 0
      vertex 27.9848 24.3486 14
      vertex 27.9848 24.3486 0
    endloop
  endfacet
  facet normal 0.976315 -0.216354 2.05269e-19
    outer loop
      vertex 27.8637 10.9647 14
      vertex 27.9392 11.3054 0
      vertex 27.9392 11.3054 14
    endloop
  endfacet
  facet normal 0.976315 -0.216354 2.05269e-19
    outer loop
      vertex 27.9392 11.3054 0
      vertex 27.8637 10.9647 14
      vertex 27.8637 10.9647 0
    endloop
  endfacet
  facet normal -0.216354 0.976315 0
    outer loop
      vertex 11.3054 27.9392 0
      vertex 10.9647 27.8637 14
      vertex 11.3054 27.9392 14
    endloop
  endfacet
  facet normal -0.216354 0.976315 0
    outer loop
      vertex 10.9647 27.8637 14
      vertex 11.3054 27.9392 0
      vertex 10.9647 27.8637 0
    endloop
  endfacet
  facet normal 0.843378 0.53732 0
    outer loop
      vertex 27.4641 26 14
      vertex 27.2766 26.2943 0
      vertex 27.2766 26.2943 14
    endloop
  endfacet
  facet normal 0.843378 0.53732 0
    outer loop
      vertex 27.2766 26.2943 0
      vertex 27.4641 26 14
      vertex 27.4641 26 0
    endloop
  endfacet
  facet normal -0.130521 -0.991446 0
    outer loop
      vertex 11.3054 8.06077 0
      vertex 11.6514 8.01522 14
      vertex 11.3054 8.06077 14
    endloop
  endfacet
  facet normal -0.130521 -0.991446 -0
    outer loop
      vertex 11.6514 8.01522 14
      vertex 11.3054 8.06077 0
      vertex 11.6514 8.01522 0
    endloop
  endfacet
  facet normal 0.675634 0.737237 -0
    outer loop
      vertex 26.8284 26.8284 0
      vertex 26.5711 27.0642 14
      vertex 26.8284 26.8284 14
    endloop
  endfacet
  facet normal 0.675634 0.737237 0
    outer loop
      vertex 26.5711 27.0642 14
      vertex 26.8284 26.8284 0
      vertex 26.5711 27.0642 0
    endloop
  endfacet
  facet normal -0.0436188 -0.999048 0
    outer loop
      vertex 11.6514 8.01522 0
      vertex 12 8 14
      vertex 11.6514 8.01522 14
    endloop
  endfacet
  facet normal -0.0436188 -0.999048 -0
    outer loop
      vertex 12 8 14
      vertex 11.6514 8.01522 0
      vertex 12 8 0
    endloop
  endfacet
  facet normal -0.953718 -0.300702 -6.37268e-19
    outer loop
      vertex 8.24123 10.6319 0
      vertex 8.1363 10.9647 14
      vertex 8.1363 10.9647 0
    endloop
  endfacet
  facet normal -0.953718 -0.300702 -6.37268e-19
    outer loop
      vertex 8.1363 10.9647 14
      vertex 8.24123 10.6319 0
      vertex 8.24123 10.6319 14
    endloop
  endfacet
  facet normal -0.793349 -0.608767 -2.34161e-19
    outer loop
      vertex 8.93582 9.42885 0
      vertex 8.72339 9.70569 14
      vertex 8.72339 9.70569 0
    endloop
  endfacet
  facet normal -0.793349 -0.608767 -2.34161e-19
    outer loop
      vertex 8.72339 9.70569 14
      vertex 8.93582 9.42885 0
      vertex 8.93582 9.42885 14
    endloop
  endfacet
  facet normal 0.991427 -0.130662 -3.92927e-20
    outer loop
      vertex 27.9392 11.3054 14
      vertex 27.9848 11.6514 0
      vertex 27.9848 11.6514 14
    endloop
  endfacet
  facet normal 0.991427 -0.130662 -3.92927e-20
    outer loop
      vertex 27.9848 11.6514 0
      vertex 27.9392 11.3054 14
      vertex 27.9392 11.3054 0
    endloop
  endfacet
  facet normal 0.976315 0.216354 2.6059e-19
    outer loop
      vertex 27.9392 24.6946 14
      vertex 27.8637 25.0353 0
      vertex 27.8637 25.0353 14
    endloop
  endfacet
  facet normal 0.976315 0.216354 2.6059e-19
    outer loop
      vertex 27.8637 25.0353 0
      vertex 27.9392 24.6946 14
      vertex 27.9392 24.6946 0
    endloop
  endfacet
  facet normal 0.382677 -0.923882 0
    outer loop
      vertex 25.3681 8.24123 0
      vertex 25.6905 8.37477 14
      vertex 25.3681 8.24123 14
    endloop
  endfacet
  facet normal 0.382677 -0.923882 0
    outer loop
      vertex 25.6905 8.37477 14
      vertex 25.3681 8.24123 0
      vertex 25.6905 8.37477 0
    endloop
  endfacet
  facet normal -0.886994 -0.461781 -5.56877e-19
    outer loop
      vertex 8.5359 10 0
      vertex 8.37477 10.3095 14
      vertex 8.37477 10.3095 0
    endloop
  endfacet
  facet normal -0.886994 -0.461781 -5.56877e-19
    outer loop
      vertex 8.37477 10.3095 14
      vertex 8.5359 10 0
      vertex 8.5359 10 14
    endloop
  endfacet
  facet normal 0.216354 0.976315 -0
    outer loop
      vertex 25.0353 27.8637 0
      vertex 24.6946 27.9392 14
      vertex 25.0353 27.8637 14
    endloop
  endfacet
  facet normal 0.216354 0.976315 0
    outer loop
      vertex 24.6946 27.9392 14
      vertex 25.0353 27.8637 0
      vertex 24.6946 27.9392 0
    endloop
  endfacet
  facet normal -0.216436 -0.976297 0
    outer loop
      vertex 10.9647 8.1363 0
      vertex 11.3054 8.06077 14
      vertex 10.9647 8.1363 14
    endloop
  endfacet
  facet normal -0.216436 -0.976297 -0
    outer loop
      vertex 11.3054 8.06077 14
      vertex 10.9647 8.1363 0
      vertex 11.3054 8.06077 0
    endloop
  endfacet
  facet normal -0.843399 -0.537287 -9.39818e-21
    outer loop
      vertex 8.72339 9.70569 0
      vertex 8.5359 10 14
      vertex 8.5359 10 0
    endloop
  endfacet
  facet normal -0.843399 -0.537287 -9.39818e-21
    outer loop
      vertex 8.5359 10 14
      vertex 8.72339 9.70569 0
      vertex 8.72339 9.70569 14
    endloop
  endfacet
  facet normal 0.608823 -0.793306 0
    outer loop
      vertex 26.2943 8.72339 0
      vertex 26.5711 8.93582 14
      vertex 26.2943 8.72339 14
    endloop
  endfacet
  facet normal 0.608823 -0.793306 0
    outer loop
      vertex 26.5711 8.93582 14
      vertex 26.2943 8.72339 0
      vertex 26.5711 8.93582 0
    endloop
  endfacet
  facet normal 0.0436188 -0.999048 0
    outer loop
      vertex 24 8 0
      vertex 24.3486 8.01522 14
      vertex 24 8 14
    endloop
  endfacet
  facet normal 0.0436188 -0.999048 0
    outer loop
      vertex 24.3486 8.01522 14
      vertex 24 8 0
      vertex 24.3486 8.01522 0
    endloop
  endfacet
  facet normal 0.887029 -0.461714 -3.85611e-19
    outer loop
      vertex 27.4641 10 14
      vertex 27.6252 10.3095 0
      vertex 27.6252 10.3095 14
    endloop
  endfacet
  facet normal 0.887029 -0.461714 -3.85611e-19
    outer loop
      vertex 27.6252 10.3095 0
      vertex 27.4641 10 14
      vertex 27.4641 10 0
    endloop
  endfacet
  facet normal 0 0 -1
    outer loop
      vertex 24 8 0
      vertex 28 12 0
      vertex 27.9848 11.6514 0
    endloop
  endfacet
  facet normal -0 0 -1
    outer loop
      vertex 28 12 0
      vertex 24 8 0
      vertex 28 24 0
    endloop
  endfacet
  facet normal 0 0 -1
    outer loop
      vertex 24 8 0
      vertex 27.9848 11.6514 0
      vertex 27.9392 11.3054 0
    endloop
  endfacet
  facet normal 0 0 -1
    outer loop
      vertex 24 28 0
      vertex 28 24 0
      vertex 24 8 0
    endloop
  endfacet
  facet normal 0 0 -1
    outer loop
      vertex 24 8 0
      vertex 27.9392 11.3054 0
      vertex 27.8637 10.9647 0
    endloop
  endfacet
  facet normal 0 0 -1
    outer loop
      vertex 28 24 0
      vertex 24 28 0
      vertex 27.9848 24.3486 0
    endloop
  endfacet
  facet normal 0 0 -1
    outer loop
      vertex 24 8 0
      vertex 27.8637 10.9647 0
      vertex 27.7588 10.6319 0
    endloop
  endfacet
  facet normal 0 0 -1
    outer loop
      vertex 27.9848 24.3486 0
      vertex 24 28 0
      vertex 27.9392 24.6946 0
    endloop
  endfacet
  facet normal 0 0 -1
    outer loop
      vertex 24 8 0
      vertex 27.7588 10.6319 0
      vertex 27.6252 10.3095 0
    endloop
  endfacet
  facet normal 0 0 -1
    outer loop
      vertex 27.9392 24.6946 0
      vertex 24 28 0
      vertex 27.8637 25.0353 0
    endloop
  endfacet
  facet normal 0 0 -1
    outer loop
      vertex 24 8 0
      vertex 27.6252 10.3095 0
      vertex 27.4641 10 0
    endloop
  endfacet
  facet normal 0 0 -1
    outer loop
      vertex 27.8637 25.0353 0
      vertex 24 28 0
      vertex 27.7588 25.3681 0
    endloop
  endfacet
  facet normal 0 0 -1
    outer loop
      vertex 24 8 0
      vertex 27.4641 10 0
      vertex 27.2766 9.70569 0
    endloop
  endfacet
  facet normal 0 0 -1
    outer loop
      vertex 27.7588 25.3681 0
      vertex 24 28 0
      vertex 27.6252 25.6905 0
    endloop
  endfacet
  facet normal 0 0 -1
    outer loop
      vertex 24 8 0
      vertex 27.2766 9.70569 0
      vertex 27.0642 9.42885 0
    endloop
  endfacet
  facet normal 0 0 -1
    outer loop
      vertex 27.6252 25.6905 0
      vertex 24 28 0
      vertex 27.4641 26 0
    endloop
  endfacet
  facet normal 0 0 -1
    outer loop
      vertex 24 8 0
      vertex 27.0642 9.42885 0
      vertex 26.8284 9.17157 0
    endloop
  endfacet
  facet normal 0 0 -1
    outer loop
      vertex 27.4641 26 0
      vertex 24 28 0
      vertex 27.2766 26.2943 0
    endloop
  endfacet
  facet normal 0 0 -1
    outer loop
      vertex 24 8 0
      vertex 26.8284 9.17157 0
      vertex 26.5711 8.93582 0
    endloop
  endfacet
  facet normal 0 0 -1
    outer loop
      vertex 27.2766 26.2943 0
      vertex 24 28 0
      vertex 27.0642 26.5711 0
    endloop
  endfacet
  facet normal 0 0 -1
    outer loop
      vertex 24 8 0
      vertex 26.5711 8.93582 0
      vertex 26.2943 8.72339 0
    endloop
  endfacet
  facet normal 0 0 -1
    outer loop
      vertex 27.0642 26.5711 0
      vertex 24 28 0
      vertex 26.8284 26.8284 0
    endloop
  endfacet
  facet normal 0 0 -1
    outer loop
      vertex 24 8 0
      vertex 26.2943 8.72339 0
      vertex 26 8.5359 0
    endloop
  endfacet
  facet normal 0 0 -1
    outer loop
      vertex 26.8284 26.8284 0
      vertex 24 28 0
      vertex 26.5711 27.0642 0
    endloop
  endfacet
  facet normal 0 0 -1
    outer loop
      vertex 24 8 0
      vertex 26 8.5359 0
      vertex 25.6905 8.37477 0
    endloop
  endfacet
  facet normal 0 0 -1
    outer loop
      vertex 26.5711 27.0642 0
      vertex 24 28 0
      vertex 26.2943 27.2766 0
    endloop
  endfacet
  facet normal 0 0 -1
    outer loop
      vertex 24 8 0
      vertex 25.6905 8.37477 0
      vertex 25.3681 8.24123 0
    endloop
  endfacet
  facet normal 0 0 -1
    outer loop
      vertex 26.2943 27.2766 0
      vertex 24 28 0
      vertex 26 27.4641 0
    endloop
  endfacet
  facet normal 0 0 -1
    outer loop
      vertex 24 8 0
      vertex 25.3681 8.24123 0
      vertex 25.0353 8.1363 0
    endloop
  endfacet
  facet normal 0 0 -1
    outer loop
      vertex 26 27.4641 0
      vertex 24 28 0
      vertex 25.6905 27.6252 0
    endloop
  endfacet
  facet normal 0 0 -1
    outer loop
      vertex 24 8 0
      vertex 25.0353 8.1363 0
      vertex 24.6946 8.06077 0
    endloop
  endfacet
  facet normal 0 0 -1
    outer loop
      vertex 25.6905 27.6252 0
      vertex 24 28 0
      vertex 25.3681 27.7588 0
    endloop
  endfacet
  facet normal 0 0 -1
    outer loop
      vertex 24 8 0
      vertex 24.6946 8.06077 0
      vertex 24.3486 8.01522 0
    endloop
  endfacet
  facet normal 0 0 -1
    outer loop
      vertex 25.3681 27.7588 0
      vertex 24 28 0
      vertex 25.0353 27.8637 0
    endloop
  endfacet
  facet normal 0 0 -1
    outer loop
      vertex 25.0353 27.8637 0
      vertex 24 28 0
      vertex 24.6946 27.9392 0
    endloop
  endfacet
  facet normal 0 0 -1
    outer loop
      vertex 24.6946 27.9392 0
      vertex 24 28 0
      vertex 24.3486 27.9848 0
    endloop
  endfacet
  facet normal 0 0 -1
    outer loop
      vertex 12 8 0
      vertex 24 28 0
      vertex 24 8 0
    endloop
  endfacet
  facet normal 0 0 -1
    outer loop
      vertex 12 8 0
      vertex 12 28 0
      vertex 24 28 0
    endloop
  endfacet
  facet normal 0 0 -1
    outer loop
      vertex 8 12 0
      vertex 12 8 0
      vertex 11.6514 8.01522 0
    endloop
  endfacet
  facet normal 0 0 -1
    outer loop
      vertex 12 8 0
      vertex 8 12 0
      vertex 12 28 0
    endloop
  endfacet
  facet normal 0 0 -1
    outer loop
      vertex 8 12 0
      vertex 11.6514 8.01522 0
      vertex 11.3054 8.06077 0
    endloop
  endfacet
  facet normal 0 0 -1
    outer loop
      vertex 8 24 0
      vertex 12 28 0
      vertex 8 12 0
    endloop
  endfacet
  facet normal 0 0 -1
    outer loop
      vertex 8 12 0
      vertex 11.3054 8.06077 0
      vertex 10.9647 8.1363 0
    endloop
  endfacet
  facet normal 0 0 -1
    outer loop
      vertex 12 28 0
      vertex 8 24 0
      vertex 11.6514 27.9848 0
    endloop
  endfacet
  facet normal 0 0 -1
    outer loop
      vertex 8 12 0
      vertex 10.9647 8.1363 0
      vertex 10.6319 8.24123 0
    endloop
  endfacet
  facet normal 0 0 -1
    outer loop
      vertex 11.6514 27.9848 0
      vertex 8 24 0
      vertex 11.3054 27.9392 0
    endloop
  endfacet
  facet normal 0 0 -1
    outer loop
      vertex 8 12 0
      vertex 10.6319 8.24123 0
      vertex 10.3095 8.37477 0
    endloop
  endfacet
  facet normal 0 0 -1
    outer loop
      vertex 11.3054 27.9392 0
      vertex 8 24 0
      vertex 10.9647 27.8637 0
    endloop
  endfacet
  facet normal 0 0 -1
    outer loop
      vertex 8 12 0
      vertex 10.3095 8.37477 0
      vertex 10 8.5359 0
    endloop
  endfacet
  facet normal 0 0 -1
    outer loop
      vertex 10.9647 27.8637 0
      vertex 8 24 0
      vertex 10.6319 27.7588 0
    endloop
  endfacet
  facet normal 0 0 -1
    outer loop
      vertex 8 12 0
      vertex 10 8.5359 0
      vertex 9.70569 8.72339 0
    endloop
  endfacet
  facet normal 0 0 -1
    outer loop
      vertex 10.6319 27.7588 0
      vertex 8 24 0
      vertex 10.3095 27.6252 0
    endloop
  endfacet
  facet normal 0 0 -1
    outer loop
      vertex 8 12 0
      vertex 9.70569 8.72339 0
      vertex 9.42885 8.93582 0
    endloop
  endfacet
  facet normal 0 0 -1
    outer loop
      vertex 10.3095 27.6252 0
      vertex 8 24 0
      vertex 10 27.4641 0
    endloop
  endfacet
  facet normal 0 0 -1
    outer loop
      vertex 8 12 0
      vertex 9.42885 8.93582 0
      vertex 9.17157 9.17157 0
    endloop
  endfacet
  facet normal 0 0 -1
    outer loop
      vertex 10 27.4641 0
      vertex 8 24 0
      vertex 9.70569 27.2766 0
    endloop
  endfacet
  facet normal 0 0 -1
    outer loop
      vertex 8 12 0
      vertex 9.17157 9.17157 0
      vertex 8.93582 9.42885 0
    endloop
  endfacet
  facet normal 0 0 -1
    outer loop
      vertex 9.70569 27.2766 0
      vertex 8 24 0
      vertex 9.42885 27.0642 0
    endloop
  endfacet
  facet normal 0 0 -1
    outer loop
      vertex 8 12 0
      vertex 8.93582 9.42885 0
      vertex 8.72339 9.70569 0
    endloop
  endfacet
  facet normal 0 0 -1
    outer loop
      vertex 9.42885 27.0642 0
      vertex 8 24 0
      vertex 9.17157 26.8284 0
    endloop
  endfacet
  facet normal 0 0 -1
    outer loop
      vertex 8 12 0
      vertex 8.72339 9.70569 0
      vertex 8.5359 10 0
    endloop
  endfacet
  facet normal 0 0 -1
    outer loop
      vertex 9.17157 26.8284 0
      vertex 8 24 0
      vertex 8.93582 26.5711 0
    endloop
  endfacet
  facet normal 0 0 -1
    outer loop
      vertex 8 12 0
      vertex 8.5359 10 0
      vertex 8.37477 10.3095 0
    endloop
  endfacet
  facet normal 0 0 -1
    outer loop
      vertex 8.93582 26.5711 0
      vertex 8 24 0
      vertex 8.72339 26.2943 0
    endloop
  endfacet
  facet normal 0 0 -1
    outer loop
      vertex 8 12 0
      vertex 8.37477 10.3095 0
      vertex 8.24123 10.6319 0
    endloop
  endfacet
  facet normal 0 0 -1
    outer loop
      vertex 8.72339 26.2943 0
      vertex 8 24 0
      vertex 8.5359 26 0
    endloop
  endfacet
  facet normal 0 0 -1
    outer loop
      vertex 8 12 0
      vertex 8.24123 10.6319 0
      vertex 8.1363 10.9647 0
    endloop
  endfacet
  facet normal 0 0 -1
    outer loop
      vertex 8.5359 26 0
      vertex 8 24 0
      vertex 8.37477 25.6905 0
    endloop
  endfacet
  facet normal 0 0 -1
    outer loop
      vertex 8 12 0
      vertex 8.1363 10.9647 0
      vertex 8.06077 11.3054 0
    endloop
  endfacet
  facet normal 0 0 -1
    outer loop
      vertex 8.37477 25.6905 0
      vertex 8 24 0
      vertex 8.24123 25.3681 0
    endloop
  endfacet
  facet normal 0 0 -1
    outer loop
      vertex 8 12 0
      vertex 8.06077 11.3054 0
      vertex 8.01522 11.6514 0
    endloop
  endfacet
  facet normal 0 0 -1
    outer loop
      vertex 8.24123 25.3681 0
      vertex 8 24 0
      vertex 8.1363 25.0353 0
    endloop
  endfacet
  facet normal 0 0 -1
    outer loop
      vertex 8.1363 25.0353 0
      vertex 8 24 0
      vertex 8.06077 24.6946 0
    endloop
  endfacet
  facet normal 0 0 -1
    outer loop
      vertex 8.06077 24.6946 0
      vertex 8 24 0
      vertex 8.01522 24.3486 0
    endloop
  endfacet
  facet normal -0.953718 -0.300702 -1.96388e-19
    outer loop
      vertex 8.24123 82.6319 0
      vertex 8.1363 82.9647 14
      vertex 8.1363 82.9647 0
    endloop
  endfacet
  facet normal -0.953718 -0.300702 -1.96388e-19
    outer loop
      vertex 8.1363 82.9647 14
      vertex 8.24123 82.6319 0
      vertex 8.24123 82.6319 14
    endloop
  endfacet
  facet normal 0.216354 0.976315 -0
    outer loop
      vertex 25.0353 99.8637 0
      vertex 24.6946 99.9392 13
      vertex 25.0353 99.8637 13
    endloop
  endfacet
  facet normal 0.216354 0.976315 0
    outer loop
      vertex 24.6946 99.9392 13
      vertex 25.0353 99.8637 0
      vertex 24.6946 99.9392 0
    endloop
  endfacet
  facet normal 0.608768 0.793348 -0
    outer loop
      vertex 26.5711 99.0642 0
      vertex 26.2943 99.2766 13
      vertex 26.5711 99.0642 13
    endloop
  endfacet
  facet normal 0.608768 0.793348 0
    outer loop
      vertex 26.2943 99.2766 13
      vertex 26.5711 99.0642 0
      vertex 26.2943 99.2766 0
    endloop
  endfacet
  facet normal 0.300624 0.953743 -0
    outer loop
      vertex 25.3681 99.7588 0
      vertex 25.0353 99.8637 13
      vertex 25.3681 99.7588 13
    endloop
  endfacet
  facet normal 0.300624 0.953743 0
    outer loop
      vertex 25.0353 99.8637 13
      vertex 25.3681 99.7588 0
      vertex 25.0353 99.8637 0
    endloop
  endfacet
  facet normal -1 0 0
    outer loop
      vertex 8 84 0
      vertex 8 96 14
      vertex 8 96 0
    endloop
  endfacet
  facet normal -1 -0 0
    outer loop
      vertex 8 96 14
      vertex 8 84 0
      vertex 8 84 14
    endloop
  endfacet
  facet normal 0.887029 0.461714 4.15273e-19
    outer loop
      vertex 27.6252 97.6905 13
      vertex 27.4641 98 0
      vertex 27.4641 98 13
    endloop
  endfacet
  facet normal 0.887029 0.461714 4.15273e-19
    outer loop
      vertex 27.4641 98 0
      vertex 27.6252 97.6905 13
      vertex 27.6252 97.6905 0
    endloop
  endfacet
  facet normal -0.737178 -0.675699 1.36848e-19
    outer loop
      vertex 9.17157 81.1716 0
      vertex 8.93582 81.4288 14
      vertex 8.93582 81.4288 0
    endloop
  endfacet
  facet normal -0.737178 -0.675699 1.36848e-19
    outer loop
      vertex 8.93582 81.4288 14
      vertex 9.17157 81.1716 0
      vertex 9.17157 81.1716 14
    endloop
  endfacet
  facet normal -0.461714 0.887029 0
    outer loop
      vertex 10.3095 99.6252 0
      vertex 10 99.4641 14
      vertex 10.3095 99.6252 14
    endloop
  endfacet
  facet normal -0.461714 0.887029 0
    outer loop
      vertex 10 99.4641 14
      vertex 10.3095 99.6252 0
      vertex 10 99.4641 0
    endloop
  endfacet
  facet normal 0.608768 -0.793348 0
    outer loop
      vertex 26.2943 80.7234 0
      vertex 26.5711 80.9358 13
      vertex 26.2943 80.7234 13
    endloop
  endfacet
  facet normal 0.608768 -0.793348 0
    outer loop
      vertex 26.5711 80.9358 13
      vertex 26.2943 80.7234 0
      vertex 26.5711 80.9358 0
    endloop
  endfacet
  facet normal -0.999048 0.0436188 2.70118e-20
    outer loop
      vertex 8 96 0
      vertex 8.01522 96.3486 14
      vertex 8.01522 96.3486 0
    endloop
  endfacet
  facet normal -0.999048 0.0436188 2.70118e-20
    outer loop
      vertex 8.01522 96.3486 14
      vertex 8 96 0
      vertex 8 96 14
    endloop
  endfacet
  facet normal -0.537307 0.843386 0
    outer loop
      vertex 10 99.4641 0
      vertex 9.70569 99.2766 14
      vertex 10 99.4641 14
    endloop
  endfacet
  facet normal -0.537307 0.843386 0
    outer loop
      vertex 9.70569 99.2766 14
      vertex 10 99.4641 0
      vertex 9.70569 99.2766 0
    endloop
  endfacet
  facet normal 0.53732 0.843378 -0
    outer loop
      vertex 26.2943 99.2766 0
      vertex 26 99.4641 13
      vertex 26.2943 99.2766 13
    endloop
  endfacet
  facet normal 0.53732 0.843378 0
    outer loop
      vertex 26 99.4641 13
      vertex 26.2943 99.2766 0
      vertex 26 99.4641 0
    endloop
  endfacet
  facet normal -0.793413 0.608684 -1.92507e-19
    outer loop
      vertex 8.72339 98.2943 0
      vertex 8.93582 98.5712 14
      vertex 8.93582 98.5712 0
    endloop
  endfacet
  facet normal -0.793413 0.608684 -1.92507e-19
    outer loop
      vertex 8.93582 98.5712 14
      vertex 8.72339 98.2943 0
      vertex 8.72339 98.2943 14
    endloop
  endfacet
  facet normal 0.991427 -0.130662 -1.0594e-19
    outer loop
      vertex 27.9392 83.3054 13
      vertex 27.9848 83.6514 0
      vertex 27.9848 83.6514 13
    endloop
  endfacet
  facet normal 0.991427 -0.130662 -1.0594e-19
    outer loop
      vertex 27.9848 83.6514 0
      vertex 27.9392 83.3054 13
      vertex 27.9392 83.3054 0
    endloop
  endfacet
  facet normal 0.737107 -0.675777 -1.29178e-19
    outer loop
      vertex 26.8284 81.1716 13
      vertex 27.0642 81.4288 0
      vertex 27.0642 81.4288 13
    endloop
  endfacet
  facet normal 0.737107 -0.675777 -1.29178e-19
    outer loop
      vertex 27.0642 81.4288 0
      vertex 26.8284 81.1716 13
      vertex 26.8284 81.1716 0
    endloop
  endfacet
  facet normal -0.999048 -0.0436188 -2.70118e-20
    outer loop
      vertex 8.01522 83.6514 0
      vertex 8 84 14
      vertex 8 84 0
    endloop
  endfacet
  facet normal -0.999048 -0.0436188 -2.70118e-20
    outer loop
      vertex 8 84 14
      vertex 8.01522 83.6514 0
      vertex 8.01522 83.6514 14
    endloop
  endfacet
  facet normal -0.991446 0.130521 1.55065e-20
    outer loop
      vertex 8.01522 96.3486 0
      vertex 8.06077 96.6946 14
      vertex 8.06077 96.6946 0
    endloop
  endfacet
  facet normal -0.991446 0.130521 1.55065e-20
    outer loop
      vertex 8.06077 96.6946 14
      vertex 8.01522 96.3486 0
      vertex 8.01522 96.3486 14
    endloop
  endfacet
  facet normal 0.461714 -0.887029 0
    outer loop
      vertex 25.6905 80.3748 0
      vertex 26 80.5359 13
      vertex 25.6905 80.3748 13
    endloop
  endfacet
  facet normal 0.461714 -0.887029 0
    outer loop
      vertex 26 80.5359 13
      vertex 25.6905 80.3748 0
      vertex 26 80.5359 0
    endloop
  endfacet
  facet normal -0.737178 0.675699 -1.36848e-19
    outer loop
      vertex 8.93582 98.5712 0
      vertex 9.17157 98.8284 14
      vertex 9.17157 98.8284 0
    endloop
  endfacet
  facet normal -0.737178 0.675699 -1.36848e-19
    outer loop
      vertex 9.17157 98.8284 14
      vertex 8.93582 98.5712 0
      vertex 8.93582 98.5712 14
    endloop
  endfacet
  facet normal -0.130662 -0.991427 0
    outer loop
      vertex 11.3054 80.0608 0
      vertex 11.6514 80.0152 14
      vertex 11.3054 80.0608 14
    endloop
  endfacet
  facet normal -0.130662 -0.991427 -0
    outer loop
      vertex 11.6514 80.0152 14
      vertex 11.3054 80.0608 0
      vertex 11.6514 80.0152 0
    endloop
  endfacet
  facet normal -0.300624 -0.953743 0
    outer loop
      vertex 10.6319 80.2412 0
      vertex 10.9647 80.1363 14
      vertex 10.6319 80.2412 14
    endloop
  endfacet
  facet normal -0.300624 -0.953743 -0
    outer loop
      vertex 10.9647 80.1363 14
      vertex 10.6319 80.2412 0
      vertex 10.9647 80.1363 0
    endloop
  endfacet
  facet normal 0.999051 0.0435616 -7.91104e-20
    outer loop
      vertex 28 96 13
      vertex 27.9848 96.3486 0
      vertex 27.9848 96.3486 13
    endloop
  endfacet
  facet normal 0.999051 0.0435616 -7.91104e-20
    outer loop
      vertex 27.9848 96.3486 0
      vertex 28 96 13
      vertex 28 96 0
    endloop
  endfacet
  facet normal 0.300624 -0.953743 0
    outer loop
      vertex 25.0353 80.1363 0
      vertex 25.3681 80.2412 13
      vertex 25.0353 80.1363 13
    endloop
  endfacet
  facet normal 0.300624 -0.953743 0
    outer loop
      vertex 25.3681 80.2412 13
      vertex 25.0353 80.1363 0
      vertex 25.3681 80.2412 0
    endloop
  endfacet
  facet normal -0.991446 -0.130521 -1.55065e-20
    outer loop
      vertex 8.06077 83.3054 0
      vertex 8.01522 83.6514 14
      vertex 8.01522 83.6514 0
    endloop
  endfacet
  facet normal -0.991446 -0.130521 -1.55065e-20
    outer loop
      vertex 8.01522 83.6514 14
      vertex 8.06077 83.3054 0
      vertex 8.06077 83.3054 14
    endloop
  endfacet
  facet normal -0.843391 -0.5373 2.79995e-19
    outer loop
      vertex 8.72339 81.7057 0
      vertex 8.5359 82 14
      vertex 8.5359 82 0
    endloop
  endfacet
  facet normal -0.843391 -0.5373 2.79995e-19
    outer loop
      vertex 8.5359 82 14
      vertex 8.72339 81.7057 0
      vertex 8.72339 81.7057 14
    endloop
  endfacet
  facet normal -0.608713 0.79339 0
    outer loop
      vertex 9.70569 99.2766 0
      vertex 9.42885 99.0642 14
      vertex 9.70569 99.2766 14
    endloop
  endfacet
  facet normal -0.608713 0.79339 0
    outer loop
      vertex 9.42885 99.0642 14
      vertex 9.70569 99.2766 0
      vertex 9.42885 99.0642 0
    endloop
  endfacet
  facet normal -0.953718 0.300702 1.96388e-19
    outer loop
      vertex 8.1363 97.0353 0
      vertex 8.24123 97.3681 14
      vertex 8.24123 97.3681 0
    endloop
  endfacet
  facet normal -0.953718 0.300702 1.96388e-19
    outer loop
      vertex 8.24123 97.3681 14
      vertex 8.1363 97.0353 0
      vertex 8.1363 97.0353 14
    endloop
  endfacet
  facet normal -0.886994 -0.461781 -5.56877e-19
    outer loop
      vertex 8.5359 82 0
      vertex 8.37477 82.3095 14
      vertex 8.37477 82.3095 0
    endloop
  endfacet
  facet normal -0.886994 -0.461781 -5.56877e-19
    outer loop
      vertex 8.37477 82.3095 14
      vertex 8.5359 82 0
      vertex 8.5359 82 14
    endloop
  endfacet
  facet normal -0.886994 0.461781 5.56877e-19
    outer loop
      vertex 8.37477 97.6905 0
      vertex 8.5359 98 14
      vertex 8.5359 98 0
    endloop
  endfacet
  facet normal -0.886994 0.461781 5.56877e-19
    outer loop
      vertex 8.5359 98 14
      vertex 8.37477 97.6905 0
      vertex 8.37477 97.6905 14
    endloop
  endfacet
  facet normal -0.382824 0.923821 0
    outer loop
      vertex 10.6319 99.7588 0
      vertex 10.3095 99.6252 14
      vertex 10.6319 99.7588 14
    endloop
  endfacet
  facet normal -0.382824 0.923821 0
    outer loop
      vertex 10.3095 99.6252 14
      vertex 10.6319 99.7588 0
      vertex 10.3095 99.6252 0
    endloop
  endfacet
  facet normal -0.608713 -0.79339 0
    outer loop
      vertex 9.42885 80.9358 0
      vertex 9.70569 80.7234 14
      vertex 9.42885 80.9358 14
    endloop
  endfacet
  facet normal -0.608713 -0.79339 -0
    outer loop
      vertex 9.70569 80.7234 14
      vertex 9.42885 80.9358 0
      vertex 9.70569 80.7234 0
    endloop
  endfacet
  facet normal -0.0435616 -0.999051 0
    outer loop
      vertex 11.6514 80.0152 0
      vertex 12 80 14
      vertex 11.6514 80.0152 14
    endloop
  endfacet
  facet normal -0.0435616 -0.999051 -0
    outer loop
      vertex 12 80 14
      vertex 11.6514 80.0152 0
      vertex 12 80 0
    endloop
  endfacet
  facet normal 0.382824 0.923821 -0
    outer loop
      vertex 25.6905 99.6252 0
      vertex 25.3681 99.7588 13
      vertex 25.6905 99.6252 13
    endloop
  endfacet
  facet normal 0.382824 0.923821 0
    outer loop
      vertex 25.3681 99.7588 13
      vertex 25.6905 99.6252 0
      vertex 25.3681 99.7588 0
    endloop
  endfacet
  facet normal -0.976297 -0.216436 1.26446e-20
    outer loop
      vertex 8.1363 82.9647 0
      vertex 8.06077 83.3054 14
      vertex 8.06077 83.3054 0
    endloop
  endfacet
  facet normal -0.976297 -0.216436 1.26446e-20
    outer loop
      vertex 8.06077 83.3054 14
      vertex 8.1363 82.9647 0
      vertex 8.1363 82.9647 14
    endloop
  endfacet
  facet normal -0.216354 -0.976315 0
    outer loop
      vertex 10.9647 80.1363 0
      vertex 11.3054 80.0608 14
      vertex 10.9647 80.1363 14
    endloop
  endfacet
  facet normal -0.216354 -0.976315 -0
    outer loop
      vertex 11.3054 80.0608 14
      vertex 10.9647 80.1363 0
      vertex 11.3054 80.0608 0
    endloop
  endfacet
  facet normal 0.130662 -0.991427 0
    outer loop
      vertex 24.3486 80.0152 0
      vertex 24.6946 80.0608 13
      vertex 24.3486 80.0152 13
    endloop
  endfacet
  facet normal 0.130662 -0.991427 0
    outer loop
      vertex 24.6946 80.0608 13
      vertex 24.3486 80.0152 0
      vertex 24.6946 80.0608 0
    endloop
  endfacet
  facet normal -0.793413 -0.608684 1.92507e-19
    outer loop
      vertex 8.93582 81.4288 0
      vertex 8.72339 81.7057 14
      vertex 8.72339 81.7057 0
    endloop
  endfacet
  facet normal -0.793413 -0.608684 1.92507e-19
    outer loop
      vertex 8.72339 81.7057 14
      vertex 8.93582 81.4288 0
      vertex 8.93582 81.4288 14
    endloop
  endfacet
  facet normal -0.923882 -0.382677 6.96058e-19
    outer loop
      vertex 8.37477 82.3095 0
      vertex 8.24123 82.6319 14
      vertex 8.24123 82.6319 0
    endloop
  endfacet
  facet normal -0.923882 -0.382677 6.96058e-19
    outer loop
      vertex 8.24123 82.6319 14
      vertex 8.37477 82.3095 0
      vertex 8.37477 82.3095 14
    endloop
  endfacet
  facet normal -0.843391 0.5373 -2.79995e-19
    outer loop
      vertex 8.5359 98 0
      vertex 8.72339 98.2943 14
      vertex 8.72339 98.2943 0
    endloop
  endfacet
  facet normal -0.843391 0.5373 -2.79995e-19
    outer loop
      vertex 8.72339 98.2943 14
      vertex 8.5359 98 0
      vertex 8.5359 98 14
    endloop
  endfacet
  facet normal -0.923882 0.382677 -6.96058e-19
    outer loop
      vertex 8.24123 97.3681 0
      vertex 8.37477 97.6905 14
      vertex 8.37477 97.6905 0
    endloop
  endfacet
  facet normal -0.923882 0.382677 -6.96058e-19
    outer loop
      vertex 8.37477 97.6905 14
      vertex 8.24123 97.3681 0
      vertex 8.24123 97.3681 14
    endloop
  endfacet
  facet normal 0.923821 -0.382824 6.29923e-19
    outer loop
      vertex 27.6252 82.3095 13
      vertex 27.7588 82.6319 0
      vertex 27.7588 82.6319 13
    endloop
  endfacet
  facet normal 0.923821 -0.382824 6.29923e-19
    outer loop
      vertex 27.7588 82.6319 0
      vertex 27.6252 82.3095 13
      vertex 27.6252 82.3095 0
    endloop
  endfacet
  facet normal 0.461714 0.887029 -0
    outer loop
      vertex 26 99.4641 0
      vertex 25.6905 99.6252 13
      vertex 26 99.4641 13
    endloop
  endfacet
  facet normal 0.461714 0.887029 0
    outer loop
      vertex 25.6905 99.6252 13
      vertex 26 99.4641 0
      vertex 25.6905 99.6252 0
    endloop
  endfacet
  facet normal -0.537307 -0.843386 0
    outer loop
      vertex 9.70569 80.7234 0
      vertex 10 80.5359 14
      vertex 9.70569 80.7234 14
    endloop
  endfacet
  facet normal -0.537307 -0.843386 -0
    outer loop
      vertex 10 80.5359 14
      vertex 9.70569 80.7234 0
      vertex 10 80.5359 0
    endloop
  endfacet
  facet normal -0.216354 0.976315 0
    outer loop
      vertex 11.3054 99.9392 0
      vertex 10.9647 99.8637 14
      vertex 11.3054 99.9392 14
    endloop
  endfacet
  facet normal -0.216354 0.976315 0
    outer loop
      vertex 10.9647 99.8637 14
      vertex 11.3054 99.9392 0
      vertex 10.9647 99.8637 0
    endloop
  endfacet
  facet normal -0.675662 0.737211 0
    outer loop
      vertex 9.42885 99.0642 0
      vertex 9.17157 98.8284 14
      vertex 9.42885 99.0642 14
    endloop
  endfacet
  facet normal -0.675662 0.737211 0
    outer loop
      vertex 9.17157 98.8284 14
      vertex 9.42885 99.0642 0
      vertex 9.17157 98.8284 0
    endloop
  endfacet
  facet normal -0.130662 0.991427 0
    outer loop
      vertex 11.6514 99.9848 0
      vertex 11.3054 99.9392 14
      vertex 11.6514 99.9848 14
    endloop
  endfacet
  facet normal -0.130662 0.991427 0
    outer loop
      vertex 11.3054 99.9392 14
      vertex 11.6514 99.9848 0
      vertex 11.3054 99.9392 0
    endloop
  endfacet
  facet normal 0.923821 0.382824 -6.29923e-19
    outer loop
      vertex 27.7588 97.3681 13
      vertex 27.6252 97.6905 0
      vertex 27.6252 97.6905 13
    endloop
  endfacet
  facet normal 0.923821 0.382824 -6.29923e-19
    outer loop
      vertex 27.6252 97.6905 0
      vertex 27.7588 97.3681 13
      vertex 27.7588 97.3681 0
    endloop
  endfacet
  facet normal 0.53732 -0.843378 0
    outer loop
      vertex 26 80.5359 0
      vertex 26.2943 80.7234 13
      vertex 26 80.5359 13
    endloop
  endfacet
  facet normal 0.53732 -0.843378 0
    outer loop
      vertex 26.2943 80.7234 13
      vertex 26 80.5359 0
      vertex 26.2943 80.7234 0
    endloop
  endfacet
  facet normal -0.0435616 0.999051 0
    outer loop
      vertex 12 100 0
      vertex 11.6514 99.9848 14
      vertex 12 100 14
    endloop
  endfacet
  facet normal -0.0435616 0.999051 0
    outer loop
      vertex 11.6514 99.9848 14
      vertex 12 100 0
      vertex 11.6514 99.9848 0
    endloop
  endfacet
  facet normal 0.976315 -0.216354 -9.09705e-20
    outer loop
      vertex 27.8637 82.9647 13
      vertex 27.9392 83.3054 0
      vertex 27.9392 83.3054 13
    endloop
  endfacet
  facet normal 0.976315 -0.216354 -9.09705e-20
    outer loop
      vertex 27.9392 83.3054 0
      vertex 27.8637 82.9647 13
      vertex 27.8637 82.9647 0
    endloop
  endfacet
  facet normal 0.793454 -0.60863 2.67929e-19
    outer loop
      vertex 27.0642 81.4288 13
      vertex 27.2766 81.7057 0
      vertex 27.2766 81.7057 13
    endloop
  endfacet
  facet normal 0.793454 -0.60863 2.67929e-19
    outer loop
      vertex 27.2766 81.7057 0
      vertex 27.0642 81.4288 13
      vertex 27.0642 81.4288 0
    endloop
  endfacet
  facet normal 0.793454 0.60863 -2.67929e-19
    outer loop
      vertex 27.2766 98.2943 13
      vertex 27.0642 98.5712 0
      vertex 27.0642 98.5712 13
    endloop
  endfacet
  facet normal 0.793454 0.60863 -2.67929e-19
    outer loop
      vertex 27.0642 98.5712 0
      vertex 27.2766 98.2943 13
      vertex 27.2766 98.2943 0
    endloop
  endfacet
  facet normal 0.843378 -0.53732 0
    outer loop
      vertex 27.2766 81.7057 13
      vertex 27.4641 82 0
      vertex 27.4641 82 13
    endloop
  endfacet
  facet normal 0.843378 -0.53732 0
    outer loop
      vertex 27.4641 82 0
      vertex 27.2766 81.7057 13
      vertex 27.2766 81.7057 0
    endloop
  endfacet
  facet normal 0.675634 0.737237 -0
    outer loop
      vertex 26.8284 98.8284 0
      vertex 26.5711 99.0642 13
      vertex 26.8284 98.8284 13
    endloop
  endfacet
  facet normal 0.675634 0.737237 0
    outer loop
      vertex 26.5711 99.0642 13
      vertex 26.8284 98.8284 0
      vertex 26.5711 99.0642 0
    endloop
  endfacet
  facet normal 0.976315 0.216354 9.09705e-20
    outer loop
      vertex 27.9392 96.6946 13
      vertex 27.8637 97.0353 0
      vertex 27.8637 97.0353 13
    endloop
  endfacet
  facet normal 0.976315 0.216354 9.09705e-20
    outer loop
      vertex 27.8637 97.0353 0
      vertex 27.9392 96.6946 13
      vertex 27.9392 96.6946 0
    endloop
  endfacet
  facet normal 0.216354 -0.976315 0
    outer loop
      vertex 24.6946 80.0608 0
      vertex 25.0353 80.1363 13
      vertex 24.6946 80.0608 13
    endloop
  endfacet
  facet normal 0.216354 -0.976315 0
    outer loop
      vertex 25.0353 80.1363 13
      vertex 24.6946 80.0608 0
      vertex 25.0353 80.1363 0
    endloop
  endfacet
  facet normal -0.976297 0.216436 -1.26446e-20
    outer loop
      vertex 8.06077 96.6946 0
      vertex 8.1363 97.0353 14
      vertex 8.1363 97.0353 0
    endloop
  endfacet
  facet normal -0.976297 0.216436 -1.26446e-20
    outer loop
      vertex 8.1363 97.0353 14
      vertex 8.06077 96.6946 0
      vertex 8.06077 96.6946 14
    endloop
  endfacet
  facet normal 0.737107 0.675777 1.29178e-19
    outer loop
      vertex 27.0642 98.5712 13
      vertex 26.8284 98.8284 0
      vertex 26.8284 98.8284 13
    endloop
  endfacet
  facet normal 0.737107 0.675777 1.29178e-19
    outer loop
      vertex 26.8284 98.8284 0
      vertex 27.0642 98.5712 13
      vertex 27.0642 98.5712 0
    endloop
  endfacet
  facet normal 0 1 0
    outer loop
      vertex 24 100 13
      vertex 24 100 0
      vertex 16.3493 100 13
    endloop
  endfacet
  facet normal 0 1 -0
    outer loop
      vertex 16.3493 100 13
      vertex 12 100 14
      vertex 16.3493 100 14
    endloop
  endfacet
  facet normal 0 1 0
    outer loop
      vertex 12 100 0
      vertex 16.3493 100 13
      vertex 24 100 0
    endloop
  endfacet
  facet normal 0 1 0
    outer loop
      vertex 16.3493 100 13
      vertex 12 100 0
      vertex 12 100 14
    endloop
  endfacet
  facet normal 0.999051 -0.0435616 7.91104e-20
    outer loop
      vertex 27.9848 83.6514 13
      vertex 28 84 0
      vertex 28 84 13
    endloop
  endfacet
  facet normal 0.999051 -0.0435616 7.91104e-20
    outer loop
      vertex 28 84 0
      vertex 27.9848 83.6514 13
      vertex 27.9848 83.6514 0
    endloop
  endfacet
  facet normal 0.953743 -0.300624 4.59284e-19
    outer loop
      vertex 27.7588 82.6319 13
      vertex 27.8637 82.9647 0
      vertex 27.8637 82.9647 13
    endloop
  endfacet
  facet normal 0.953743 -0.300624 4.59284e-19
    outer loop
      vertex 27.8637 82.9647 0
      vertex 27.7588 82.6319 13
      vertex 27.7588 82.6319 0
    endloop
  endfacet
  facet normal -0.675662 -0.737211 0
    outer loop
      vertex 9.17157 81.1716 0
      vertex 9.42885 80.9358 14
      vertex 9.17157 81.1716 14
    endloop
  endfacet
  facet normal -0.675662 -0.737211 -0
    outer loop
      vertex 9.42885 80.9358 14
      vertex 9.17157 81.1716 0
      vertex 9.42885 80.9358 0
    endloop
  endfacet
  facet normal 0 0 -1
    outer loop
      vertex 24 80 0
      vertex 28 84 0
      vertex 27.9848 83.6514 0
    endloop
  endfacet
  facet normal -0 0 -1
    outer loop
      vertex 28 84 0
      vertex 24 80 0
      vertex 28 96 0
    endloop
  endfacet
  facet normal 0 0 -1
    outer loop
      vertex 24 80 0
      vertex 27.9848 83.6514 0
      vertex 27.9392 83.3054 0
    endloop
  endfacet
  facet normal 0 0 -1
    outer loop
      vertex 24 100 0
      vertex 28 96 0
      vertex 24 80 0
    endloop
  endfacet
  facet normal 0 0 -1
    outer loop
      vertex 24 80 0
      vertex 27.9392 83.3054 0
      vertex 27.8637 82.9647 0
    endloop
  endfacet
  facet normal 0 0 -1
    outer loop
      vertex 28 96 0
      vertex 24 100 0
      vertex 27.9848 96.3486 0
    endloop
  endfacet
  facet normal 0 0 -1
    outer loop
      vertex 24 80 0
      vertex 27.8637 82.9647 0
      vertex 27.7588 82.6319 0
    endloop
  endfacet
  facet normal 0 0 -1
    outer loop
      vertex 27.9848 96.3486 0
      vertex 24 100 0
      vertex 27.9392 96.6946 0
    endloop
  endfacet
  facet normal 0 0 -1
    outer loop
      vertex 24 80 0
      vertex 27.7588 82.6319 0
      vertex 27.6252 82.3095 0
    endloop
  endfacet
  facet normal 0 0 -1
    outer loop
      vertex 27.9392 96.6946 0
      vertex 24 100 0
      vertex 27.8637 97.0353 0
    endloop
  endfacet
  facet normal 0 0 -1
    outer loop
      vertex 24 80 0
      vertex 27.6252 82.3095 0
      vertex 27.4641 82 0
    endloop
  endfacet
  facet normal 0 0 -1
    outer loop
      vertex 27.8637 97.0353 0
      vertex 24 100 0
      vertex 27.7588 97.3681 0
    endloop
  endfacet
  facet normal 0 0 -1
    outer loop
      vertex 24 80 0
      vertex 27.4641 82 0
      vertex 27.2766 81.7057 0
    endloop
  endfacet
  facet normal 0 0 -1
    outer loop
      vertex 27.7588 97.3681 0
      vertex 24 100 0
      vertex 27.6252 97.6905 0
    endloop
  endfacet
  facet normal 0 0 -1
    outer loop
      vertex 24 80 0
      vertex 27.2766 81.7057 0
      vertex 27.0642 81.4288 0
    endloop
  endfacet
  facet normal 0 0 -1
    outer loop
      vertex 27.6252 97.6905 0
      vertex 24 100 0
      vertex 27.4641 98 0
    endloop
  endfacet
  facet normal 0 0 -1
    outer loop
      vertex 24 80 0
      vertex 27.0642 81.4288 0
      vertex 26.8284 81.1716 0
    endloop
  endfacet
  facet normal 0 0 -1
    outer loop
      vertex 27.4641 98 0
      vertex 24 100 0
      vertex 27.2766 98.2943 0
    endloop
  endfacet
  facet normal 0 0 -1
    outer loop
      vertex 24 80 0
      vertex 26.8284 81.1716 0
      vertex 26.5711 80.9358 0
    endloop
  endfacet
  facet normal 0 0 -1
    outer loop
      vertex 27.2766 98.2943 0
      vertex 24 100 0
      vertex 27.0642 98.5712 0
    endloop
  endfacet
  facet normal 0 0 -1
    outer loop
      vertex 24 80 0
      vertex 26.5711 80.9358 0
      vertex 26.2943 80.7234 0
    endloop
  endfacet
  facet normal 0 0 -1
    outer loop
      vertex 27.0642 98.5712 0
      vertex 24 100 0
      vertex 26.8284 98.8284 0
    endloop
  endfacet
  facet normal 0 0 -1
    outer loop
      vertex 24 80 0
      vertex 26.2943 80.7234 0
      vertex 26 80.5359 0
    endloop
  endfacet
  facet normal 0 0 -1
    outer loop
      vertex 26.8284 98.8284 0
      vertex 24 100 0
      vertex 26.5711 99.0642 0
    endloop
  endfacet
  facet normal 0 0 -1
    outer loop
      vertex 24 80 0
      vertex 26 80.5359 0
      vertex 25.6905 80.3748 0
    endloop
  endfacet
  facet normal 0 0 -1
    outer loop
      vertex 26.5711 99.0642 0
      vertex 24 100 0
      vertex 26.2943 99.2766 0
    endloop
  endfacet
  facet normal 0 0 -1
    outer loop
      vertex 24 80 0
      vertex 25.6905 80.3748 0
      vertex 25.3681 80.2412 0
    endloop
  endfacet
  facet normal 0 0 -1
    outer loop
      vertex 26.2943 99.2766 0
      vertex 24 100 0
      vertex 26 99.4641 0
    endloop
  endfacet
  facet normal 0 0 -1
    outer loop
      vertex 24 80 0
      vertex 25.3681 80.2412 0
      vertex 25.0353 80.1363 0
    endloop
  endfacet
  facet normal 0 0 -1
    outer loop
      vertex 26 99.4641 0
      vertex 24 100 0
      vertex 25.6905 99.6252 0
    endloop
  endfacet
  facet normal 0 0 -1
    outer loop
      vertex 24 80 0
      vertex 25.0353 80.1363 0
      vertex 24.6946 80.0608 0
    endloop
  endfacet
  facet normal 0 0 -1
    outer loop
      vertex 25.6905 99.6252 0
      vertex 24 100 0
      vertex 25.3681 99.7588 0
    endloop
  endfacet
  facet normal 0 0 -1
    outer loop
      vertex 24 80 0
      vertex 24.6946 80.0608 0
      vertex 24.3486 80.0152 0
    endloop
  endfacet
  facet normal 0 0 -1
    outer loop
      vertex 25.3681 99.7588 0
      vertex 24 100 0
      vertex 25.0353 99.8637 0
    endloop
  endfacet
  facet normal 0 0 -1
    outer loop
      vertex 25.0353 99.8637 0
      vertex 24 100 0
      vertex 24.6946 99.9392 0
    endloop
  endfacet
  facet normal 0 0 -1
    outer loop
      vertex 24.6946 99.9392 0
      vertex 24 100 0
      vertex 24.3486 99.9848 0
    endloop
  endfacet
  facet normal 0 0 -1
    outer loop
      vertex 12 80 0
      vertex 24 100 0
      vertex 24 80 0
    endloop
  endfacet
  facet normal 0 0 -1
    outer loop
      vertex 12 80 0
      vertex 12 100 0
      vertex 24 100 0
    endloop
  endfacet
  facet normal 0 0 -1
    outer loop
      vertex 8 84 0
      vertex 12 80 0
      vertex 11.6514 80.0152 0
    endloop
  endfacet
  facet normal 0 0 -1
    outer loop
      vertex 12 80 0
      vertex 8 84 0
      vertex 12 100 0
    endloop
  endfacet
  facet normal 0 0 -1
    outer loop
      vertex 8 84 0
      vertex 11.6514 80.0152 0
      vertex 11.3054 80.0608 0
    endloop
  endfacet
  facet normal 0 0 -1
    outer loop
      vertex 8 96 0
      vertex 12 100 0
      vertex 8 84 0
    endloop
  endfacet
  facet normal 0 0 -1
    outer loop
      vertex 8 84 0
      vertex 11.3054 80.0608 0
      vertex 10.9647 80.1363 0
    endloop
  endfacet
  facet normal 0 0 -1
    outer loop
      vertex 12 100 0
      vertex 8 96 0
      vertex 11.6514 99.9848 0
    endloop
  endfacet
  facet normal 0 0 -1
    outer loop
      vertex 8 84 0
      vertex 10.9647 80.1363 0
      vertex 10.6319 80.2412 0
    endloop
  endfacet
  facet normal 0 0 -1
    outer loop
      vertex 11.6514 99.9848 0
      vertex 8 96 0
      vertex 11.3054 99.9392 0
    endloop
  endfacet
  facet normal 0 0 -1
    outer loop
      vertex 8 84 0
      vertex 10.6319 80.2412 0
      vertex 10.3095 80.3748 0
    endloop
  endfacet
  facet normal 0 0 -1
    outer loop
      vertex 11.3054 99.9392 0
      vertex 8 96 0
      vertex 10.9647 99.8637 0
    endloop
  endfacet
  facet normal 0 0 -1
    outer loop
      vertex 8 84 0
      vertex 10.3095 80.3748 0
      vertex 10 80.5359 0
    endloop
  endfacet
  facet normal 0 0 -1
    outer loop
      vertex 10.9647 99.8637 0
      vertex 8 96 0
      vertex 10.6319 99.7588 0
    endloop
  endfacet
  facet normal 0 0 -1
    outer loop
      vertex 8 84 0
      vertex 10 80.5359 0
      vertex 9.70569 80.7234 0
    endloop
  endfacet
  facet normal 0 0 -1
    outer loop
      vertex 10.6319 99.7588 0
      vertex 8 96 0
      vertex 10.3095 99.6252 0
    endloop
  endfacet
  facet normal 0 0 -1
    outer loop
      vertex 8 84 0
      vertex 9.70569 80.7234 0
      vertex 9.42885 80.9358 0
    endloop
  endfacet
  facet normal 0 0 -1
    outer loop
      vertex 10.3095 99.6252 0
      vertex 8 96 0
      vertex 10 99.4641 0
    endloop
  endfacet
  facet normal 0 0 -1
    outer loop
      vertex 8 84 0
      vertex 9.42885 80.9358 0
      vertex 9.17157 81.1716 0
    endloop
  endfacet
  facet normal 0 0 -1
    outer loop
      vertex 10 99.4641 0
      vertex 8 96 0
      vertex 9.70569 99.2766 0
    endloop
  endfacet
  facet normal 0 0 -1
    outer loop
      vertex 8 84 0
      vertex 9.17157 81.1716 0
      vertex 8.93582 81.4288 0
    endloop
  endfacet
  facet normal 0 0 -1
    outer loop
      vertex 9.70569 99.2766 0
      vertex 8 96 0
      vertex 9.42885 99.0642 0
    endloop
  endfacet
  facet normal 0 0 -1
    outer loop
      vertex 8 84 0
      vertex 8.93582 81.4288 0
      vertex 8.72339 81.7057 0
    endloop
  endfacet
  facet normal 0 0 -1
    outer loop
      vertex 9.42885 99.0642 0
      vertex 8 96 0
      vertex 9.17157 98.8284 0
    endloop
  endfacet
  facet normal 0 0 -1
    outer loop
      vertex 8 84 0
      vertex 8.72339 81.7057 0
      vertex 8.5359 82 0
    endloop
  endfacet
  facet normal 0 0 -1
    outer loop
      vertex 9.17157 98.8284 0
      vertex 8 96 0
      vertex 8.93582 98.5712 0
    endloop
  endfacet
  facet normal 0 0 -1
    outer loop
      vertex 8 84 0
      vertex 8.5359 82 0
      vertex 8.37477 82.3095 0
    endloop
  endfacet
  facet normal 0 0 -1
    outer loop
      vertex 8.93582 98.5712 0
      vertex 8 96 0
      vertex 8.72339 98.2943 0
    endloop
  endfacet
  facet normal 0 0 -1
    outer loop
      vertex 8 84 0
      vertex 8.37477 82.3095 0
      vertex 8.24123 82.6319 0
    endloop
  endfacet
  facet normal 0 0 -1
    outer loop
      vertex 8.72339 98.2943 0
      vertex 8 96 0
      vertex 8.5359 98 0
    endloop
  endfacet
  facet normal 0 0 -1
    outer loop
      vertex 8 84 0
      vertex 8.24123 82.6319 0
      vertex 8.1363 82.9647 0
    endloop
  endfacet
  facet normal 0 0 -1
    outer loop
      vertex 8.5359 98 0
      vertex 8 96 0
      vertex 8.37477 97.6905 0
    endloop
  endfacet
  facet normal 0 0 -1
    outer loop
      vertex 8 84 0
      vertex 8.1363 82.9647 0
      vertex 8.06077 83.3054 0
    endloop
  endfacet
  facet normal 0 0 -1
    outer loop
      vertex 8.37477 97.6905 0
      vertex 8 96 0
      vertex 8.24123 97.3681 0
    endloop
  endfacet
  facet normal 0 0 -1
    outer loop
      vertex 8 84 0
      vertex 8.06077 83.3054 0
      vertex 8.01522 83.6514 0
    endloop
  endfacet
  facet normal 0 0 -1
    outer loop
      vertex 8.24123 97.3681 0
      vertex 8 96 0
      vertex 8.1363 97.0353 0
    endloop
  endfacet
  facet normal 0 0 -1
    outer loop
      vertex 8.1363 97.0353 0
      vertex 8 96 0
      vertex 8.06077 96.6946 0
    endloop
  endfacet
  facet normal 0 0 -1
    outer loop
      vertex 8.06077 96.6946 0
      vertex 8 96 0
      vertex 8.01522 96.3486 0
    endloop
  endfacet
  facet normal 1 -0 0
    outer loop
      vertex 28 84 13
      vertex 28 96 0
      vertex 28 96 13
    endloop
  endfacet
  facet normal 1 0 0
    outer loop
      vertex 28 96 0
      vertex 28 84 13
      vertex 28 84 0
    endloop
  endfacet
  facet normal 0.991427 0.130662 1.0594e-19
    outer loop
      vertex 27.9848 96.3486 13
      vertex 27.9392 96.6946 0
      vertex 27.9392 96.6946 13
    endloop
  endfacet
  facet normal 0.991427 0.130662 1.0594e-19
    outer loop
      vertex 27.9392 96.6946 0
      vertex 27.9848 96.3486 13
      vertex 27.9848 96.3486 0
    endloop
  endfacet
  facet normal -0.382824 -0.923821 0
    outer loop
      vertex 10.3095 80.3748 0
      vertex 10.6319 80.2412 14
      vertex 10.3095 80.3748 14
    endloop
  endfacet
  facet normal -0.382824 -0.923821 -0
    outer loop
      vertex 10.6319 80.2412 14
      vertex 10.3095 80.3748 0
      vertex 10.6319 80.2412 0
    endloop
  endfacet
  facet normal 0.843378 0.53732 0
    outer loop
      vertex 27.4641 98 13
      vertex 27.2766 98.2943 0
      vertex 27.2766 98.2943 13
    endloop
  endfacet
  facet normal 0.843378 0.53732 0
    outer loop
      vertex 27.2766 98.2943 0
      vertex 27.4641 98 13
      vertex 27.4641 98 0
    endloop
  endfacet
  facet normal 0.953743 0.300624 -4.59284e-19
    outer loop
      vertex 27.8637 97.0353 13
      vertex 27.7588 97.3681 0
      vertex 27.7588 97.3681 13
    endloop
  endfacet
  facet normal 0.953743 0.300624 -4.59284e-19
    outer loop
      vertex 27.7588 97.3681 0
      vertex 27.8637 97.0353 13
      vertex 27.8637 97.0353 0
    endloop
  endfacet
  facet normal 0.382824 -0.923821 0
    outer loop
      vertex 25.3681 80.2412 0
      vertex 25.6905 80.3748 13
      vertex 25.3681 80.2412 13
    endloop
  endfacet
  facet normal 0.382824 -0.923821 0
    outer loop
      vertex 25.6905 80.3748 13
      vertex 25.3681 80.2412 0
      vertex 25.6905 80.3748 0
    endloop
  endfacet
  facet normal 0.675634 -0.737237 0
    outer loop
      vertex 26.5711 80.9358 0
      vertex 26.8284 81.1716 13
      vertex 26.5711 80.9358 13
    endloop
  endfacet
  facet normal 0.675634 -0.737237 0
    outer loop
      vertex 26.8284 81.1716 13
      vertex 26.5711 80.9358 0
      vertex 26.8284 81.1716 0
    endloop
  endfacet
  facet normal 0.130662 0.991427 -0
    outer loop
      vertex 24.6946 99.9392 0
      vertex 24.3486 99.9848 13
      vertex 24.6946 99.9392 13
    endloop
  endfacet
  facet normal 0.130662 0.991427 0
    outer loop
      vertex 24.3486 99.9848 13
      vertex 24.6946 99.9392 0
      vertex 24.3486 99.9848 0
    endloop
  endfacet
  facet normal -0.300624 0.953743 0
    outer loop
      vertex 10.9647 99.8637 0
      vertex 10.6319 99.7588 14
      vertex 10.9647 99.8637 14
    endloop
  endfacet
  facet normal -0.300624 0.953743 0
    outer loop
      vertex 10.6319 99.7588 14
      vertex 10.9647 99.8637 0
      vertex 10.6319 99.7588 0
    endloop
  endfacet
  facet normal 0.0435616 0.999051 -0
    outer loop
      vertex 24.3486 99.9848 0
      vertex 24 100 13
      vertex 24.3486 99.9848 13
    endloop
  endfacet
  facet normal 0.0435616 0.999051 0
    outer loop
      vertex 24 100 13
      vertex 24.3486 99.9848 0
      vertex 24 100 0
    endloop
  endfacet
  facet normal 0.0435616 -0.999051 0
    outer loop
      vertex 24 80 0
      vertex 24.3486 80.0152 13
      vertex 24 80 13
    endloop
  endfacet
  facet normal 0.0435616 -0.999051 0
    outer loop
      vertex 24.3486 80.0152 13
      vertex 24 80 0
      vertex 24.3486 80.0152 0
    endloop
  endfacet
  facet normal 0 -1 0
    outer loop
      vertex 12 80 14
      vertex 20.4555 80 13
      vertex 20.4555 80 14
    endloop
  endfacet
  facet normal 0 -1 0
    outer loop
      vertex 12 80 0
      vertex 20.4555 80 13
      vertex 12 80 14
    endloop
  endfacet
  facet normal 0 -1 0
    outer loop
      vertex 24 80 0
      vertex 20.4555 80 13
      vertex 12 80 0
    endloop
  endfacet
  facet normal 0 -1 0
    outer loop
      vertex 20.4555 80 13
      vertex 24 80 0
      vertex 24 80 13
    endloop
  endfacet
  facet normal 0.887029 -0.461714 -4.15273e-19
    outer loop
      vertex 27.4641 82 13
      vertex 27.6252 82.3095 0
      vertex 27.6252 82.3095 13
    endloop
  endfacet
  facet normal 0.887029 -0.461714 -4.15273e-19
    outer loop
      vertex 27.6252 82.3095 0
      vertex 27.4641 82 13
      vertex 27.4641 82 0
    endloop
  endfacet
  facet normal -0.461714 -0.887029 0
    outer loop
      vertex 10 80.5359 0
      vertex 10.3095 80.3748 14
      vertex 10 80.5359 14
    endloop
  endfacet
  facet normal -0.461714 -0.887029 -0
    outer loop
      vertex 10.3095 80.3748 14
      vertex 10 80.5359 0
      vertex 10.3095 80.3748 0
    endloop
  endfacet
  facet normal 0.30046 0.953795 -0
    outer loop
      vertex 205.368 27.7588 0
      vertex 205.035 27.8637 14
      vertex 205.368 27.7588 14
    endloop
  endfacet
  facet normal 0.30046 0.953795 0
    outer loop
      vertex 205.035 27.8637 14
      vertex 205.368 27.7588 0
      vertex 205.035 27.8637 0
    endloop
  endfacet
  facet normal -0.999076 0.0429895 7.03305e-20
    outer loop
      vertex 188 24 0
      vertex 188.015 24.3486 14
      vertex 188.015 24.3486 0
    endloop
  endfacet
  facet normal -0.999076 0.0429895 7.03305e-20
    outer loop
      vertex 188.015 24.3486 14
      vertex 188 24 0
      vertex 188 24 14
    endloop
  endfacet
  facet normal -0.53771 0.84313 0
    outer loop
      vertex 190 27.4641 0
      vertex 189.706 27.2766 14
      vertex 190 27.4641 14
    endloop
  endfacet
  facet normal -0.53771 0.84313 0
    outer loop
      vertex 189.706 27.2766 14
      vertex 190 27.4641 0
      vertex 189.706 27.2766 0
    endloop
  endfacet
  facet normal 0.923416 -0.383802 -6.52332e-21
    outer loop
      vertex 207.625 10.3095 14
      vertex 207.759 10.6319 0
      vertex 207.759 10.6319 14
    endloop
  endfacet
  facet normal 0.923416 -0.383802 -6.52332e-21
    outer loop
      vertex 207.759 10.6319 0
      vertex 207.625 10.3095 14
      vertex 207.625 10.3095 0
    endloop
  endfacet
  facet normal 0.999076 -0.0429895 -5.75121e-20
    outer loop
      vertex 207.985 11.6514 14
      vertex 208 12 0
      vertex 208 12 14
    endloop
  endfacet
  facet normal 0.999076 -0.0429895 -5.75121e-20
    outer loop
      vertex 208 12 0
      vertex 207.985 11.6514 14
      vertex 207.985 11.6514 0
    endloop
  endfacet
  facet normal -0.976617 -0.214988 4.09173e-21
    outer loop
      vertex 188.136 10.9647 0
      vertex 188.061 11.3054 14
      vertex 188.061 11.3054 0
    endloop
  endfacet
  facet normal -0.976617 -0.214988 4.09173e-21
    outer loop
      vertex 188.061 11.3054 14
      vertex 188.136 10.9647 0
      vertex 188.136 10.9647 14
    endloop
  endfacet
  facet normal -0.991278 0.131788 -2.02705e-19
    outer loop
      vertex 188.015 24.3486 0
      vertex 188.061 24.6946 14
      vertex 188.061 24.6946 0
    endloop
  endfacet
  facet normal -0.991278 0.131788 -2.02705e-19
    outer loop
      vertex 188.061 24.6946 14
      vertex 188.015 24.3486 0
      vertex 188.015 24.3486 14
    endloop
  endfacet
  facet normal -0.844027 0.5363 4.15579e-19
    outer loop
      vertex 188.536 26 0
      vertex 188.723 26.2943 14
      vertex 188.723 26.2943 0
    endloop
  endfacet
  facet normal -0.844027 0.5363 4.15579e-19
    outer loop
      vertex 188.723 26.2943 14
      vertex 188.536 26 0
      vertex 188.536 26 14
    endloop
  endfacet
  facet normal 0.216861 -0.976203 0
    outer loop
      vertex 204.695 8.06077 0
      vertex 205.035 8.1363 14
      vertex 204.695 8.06077 14
    endloop
  endfacet
  facet normal 0.216861 -0.976203 0
    outer loop
      vertex 205.035 8.1363 14
      vertex 204.695 8.06077 0
      vertex 205.035 8.1363 0
    endloop
  endfacet
  facet normal -0.30046 0.953795 0
    outer loop
      vertex 190.965 27.8637 0
      vertex 190.632 27.7588 14
      vertex 190.965 27.8637 14
    endloop
  endfacet
  facet normal -0.30046 0.953795 0
    outer loop
      vertex 190.632 27.7588 14
      vertex 190.965 27.8637 0
      vertex 190.632 27.7588 0
    endloop
  endfacet
  facet normal -0.608492 0.79356 0
    outer loop
      vertex 189.706 27.2766 0
      vertex 189.429 27.0642 14
      vertex 189.706 27.2766 14
    endloop
  endfacet
  facet normal -0.608492 0.79356 0
    outer loop
      vertex 189.429 27.0642 14
      vertex 189.706 27.2766 0
      vertex 189.429 27.0642 0
    endloop
  endfacet
  facet normal 0 -1 0
    outer loop
      vertex 192 8 0
      vertex 204 8 14
      vertex 192 8 14
    endloop
  endfacet
  facet normal 0 -1 -0
    outer loop
      vertex 204 8 14
      vertex 192 8 0
      vertex 204 8 0
    endloop
  endfacet
  facet normal 0.736926 -0.675974 3.29009e-19
    outer loop
      vertex 206.828 9.17157 14
      vertex 207.064 9.42885 0
      vertex 207.064 9.42885 14
    endloop
  endfacet
  facet normal 0.736926 -0.675974 3.29009e-19
    outer loop
      vertex 207.064 9.42885 0
      vertex 206.828 9.17157 14
      vertex 206.828 9.17157 0
    endloop
  endfacet
  facet normal 0.130662 0.991427 -0
    outer loop
      vertex 204.695 27.9392 0
      vertex 204.349 27.9848 14
      vertex 204.695 27.9392 14
    endloop
  endfacet
  facet normal 0.130662 0.991427 0
    outer loop
      vertex 204.349 27.9848 14
      vertex 204.695 27.9392 0
      vertex 204.349 27.9848 0
    endloop
  endfacet
  facet normal -1 0 0
    outer loop
      vertex 188 12 0
      vertex 188 24 14
      vertex 188 24 0
    endloop
  endfacet
  facet normal -1 -0 0
    outer loop
      vertex 188 24 14
      vertex 188 12 0
      vertex 188 12 14
    endloop
  endfacet
  facet normal 0.38323 0.923653 -0
    outer loop
      vertex 205.69 27.6252 0
      vertex 205.368 27.7588 14
      vertex 205.69 27.6252 14
    endloop
  endfacet
  facet normal 0.38323 0.923653 0
    outer loop
      vertex 205.368 27.7588 14
      vertex 205.69 27.6252 0
      vertex 205.368 27.7588 0
    endloop
  endfacet
  facet normal -0.999076 -0.0429895 5.75121e-20
    outer loop
      vertex 188.015 11.6514 0
      vertex 188 12 14
      vertex 188 12 0
    endloop
  endfacet
  facet normal -0.999076 -0.0429895 5.75121e-20
    outer loop
      vertex 188 12 14
      vertex 188.015 11.6514 0
      vertex 188.015 11.6514 14
    endloop
  endfacet
  facet normal -0.991278 -0.131788 2.02705e-19
    outer loop
      vertex 188.061 11.3054 0
      vertex 188.015 11.6514 14
      vertex 188.015 11.6514 0
    endloop
  endfacet
  facet normal -0.991278 -0.131788 2.02705e-19
    outer loop
      vertex 188.015 11.6514 14
      vertex 188.061 11.3054 0
      vertex 188.061 11.3054 14
    endloop
  endfacet
  facet normal 0.0435118 0.999053 -0
    outer loop
      vertex 204.349 27.9848 0
      vertex 204 28 14
      vertex 204.349 27.9848 14
    endloop
  endfacet
  facet normal 0.0435118 0.999053 0
    outer loop
      vertex 204 28 14
      vertex 204.349 27.9848 0
      vertex 204 28 0
    endloop
  endfacet
  facet normal -0.736952 0.675945 -4.84195e-19
    outer loop
      vertex 188.936 26.5711 0
      vertex 189.172 26.8284 14
      vertex 189.172 26.8284 0
    endloop
  endfacet
  facet normal -0.736952 0.675945 -4.84195e-19
    outer loop
      vertex 189.172 26.8284 14
      vertex 188.936 26.5711 0
      vertex 188.936 26.5711 14
    endloop
  endfacet
  facet normal -0.676062 0.736845 0
    outer loop
      vertex 189.429 27.0642 0
      vertex 189.172 26.8284 14
      vertex 189.429 27.0642 14
    endloop
  endfacet
  facet normal -0.676062 0.736845 0
    outer loop
      vertex 189.172 26.8284 14
      vertex 189.429 27.0642 0
      vertex 189.172 26.8284 0
    endloop
  endfacet
  facet normal 0.608492 0.79356 -0
    outer loop
      vertex 206.571 27.0642 0
      vertex 206.294 27.2766 14
      vertex 206.571 27.0642 14
    endloop
  endfacet
  facet normal 0.608492 0.79356 0
    outer loop
      vertex 206.294 27.2766 14
      vertex 206.571 27.0642 0
      vertex 206.294 27.2766 0
    endloop
  endfacet
  facet normal -0.923416 -0.383802 6.52332e-21
    outer loop
      vertex 188.375 10.3095 0
      vertex 188.241 10.6319 14
      vertex 188.241 10.6319 0
    endloop
  endfacet
  facet normal -0.923416 -0.383802 6.52332e-21
    outer loop
      vertex 188.241 10.6319 14
      vertex 188.375 10.3095 0
      vertex 188.375 10.3095 14
    endloop
  endfacet
  facet normal -0.461127 0.887334 0
    outer loop
      vertex 190.31 27.6252 0
      vertex 190 27.4641 14
      vertex 190.31 27.6252 14
    endloop
  endfacet
  facet normal -0.461127 0.887334 0
    outer loop
      vertex 190 27.4641 14
      vertex 190.31 27.6252 0
      vertex 190 27.4641 0
    endloop
  endfacet
  facet normal -0.923416 0.383802 4.25033e-19
    outer loop
      vertex 188.241 25.3681 0
      vertex 188.375 25.6905 14
      vertex 188.375 25.6905 0
    endloop
  endfacet
  facet normal -0.923416 0.383802 4.25033e-19
    outer loop
      vertex 188.375 25.6905 14
      vertex 188.241 25.3681 0
      vertex 188.241 25.3681 14
    endloop
  endfacet
  facet normal 0 1 -0
    outer loop
      vertex 204 28 0
      vertex 192 28 14
      vertex 204 28 14
    endloop
  endfacet
  facet normal 0 1 0
    outer loop
      vertex 192 28 14
      vertex 204 28 0
      vertex 192 28 0
    endloop
  endfacet
  facet normal -0.0435118 0.999053 0
    outer loop
      vertex 192 28 0
      vertex 191.651 27.9848 14
      vertex 192 28 14
    endloop
  endfacet
  facet normal -0.0435118 0.999053 0
    outer loop
      vertex 191.651 27.9848 14
      vertex 192 28 0
      vertex 191.651 27.9848 0
    endloop
  endfacet
  facet normal -0.792518 0.609849 -4.75283e-19
    outer loop
      vertex 188.723 26.2943 0
      vertex 188.936 26.5711 14
      vertex 188.936 26.5711 0
    endloop
  endfacet
  facet normal -0.792518 0.609849 -4.75283e-19
    outer loop
      vertex 188.936 26.5711 14
      vertex 188.723 26.2943 0
      vertex 188.723 26.2943 14
    endloop
  endfacet
  facet normal 0.130521 -0.991446 0
    outer loop
      vertex 204.349 8.01522 0
      vertex 204.695 8.06077 14
      vertex 204.349 8.01522 14
    endloop
  endfacet
  facet normal 0.130521 -0.991446 0
    outer loop
      vertex 204.695 8.06077 14
      vertex 204.349 8.01522 0
      vertex 204.695 8.06077 0
    endloop
  endfacet
  facet normal 0.53771 0.84313 -0
    outer loop
      vertex 206.294 27.2766 0
      vertex 206 27.4641 14
      vertex 206.294 27.2766 14
    endloop
  endfacet
  facet normal 0.53771 0.84313 0
    outer loop
      vertex 206 27.4641 14
      vertex 206.294 27.2766 0
      vertex 206 27.4641 0
    endloop
  endfacet
  facet normal -0.608546 -0.793519 0
    outer loop
      vertex 189.429 8.93582 0
      vertex 189.706 8.72339 14
      vertex 189.429 8.93582 14
    endloop
  endfacet
  facet normal -0.608546 -0.793519 -0
    outer loop
      vertex 189.706 8.72339 14
      vertex 189.429 8.93582 0
      vertex 189.706 8.72339 0
    endloop
  endfacet
  facet normal 0.953661 -0.300885 -2.05611e-19
    outer loop
      vertex 207.759 10.6319 14
      vertex 207.864 10.9647 0
      vertex 207.864 10.9647 14
    endloop
  endfacet
  facet normal 0.953661 -0.300885 -2.05611e-19
    outer loop
      vertex 207.864 10.9647 0
      vertex 207.759 10.6319 14
      vertex 207.759 10.6319 0
    endloop
  endfacet
  facet normal 1 -0 0
    outer loop
      vertex 208 12 14
      vertex 208 24 0
      vertex 208 24 14
    endloop
  endfacet
  facet normal 1 0 0
    outer loop
      vertex 208 24 0
      vertex 208 12 14
      vertex 208 12 0
    endloop
  endfacet
  facet normal -0.887146 0.461488 5.48633e-19
    outer loop
      vertex 188.375 25.6905 0
      vertex 188.536 26 14
      vertex 188.536 26 0
    endloop
  endfacet
  facet normal -0.887146 0.461488 5.48633e-19
    outer loop
      vertex 188.536 26 14
      vertex 188.375 25.6905 0
      vertex 188.375 25.6905 14
    endloop
  endfacet
  facet normal -0.953661 0.300885 -3.51774e-20
    outer loop
      vertex 188.136 25.0353 0
      vertex 188.241 25.3681 14
      vertex 188.241 25.3681 0
    endloop
  endfacet
  facet normal -0.953661 0.300885 -3.51774e-20
    outer loop
      vertex 188.241 25.3681 14
      vertex 188.136 25.0353 0
      vertex 188.136 25.0353 14
    endloop
  endfacet
  facet normal 0.79256 -0.609794 6.21052e-19
    outer loop
      vertex 207.064 9.42885 14
      vertex 207.277 9.70569 0
      vertex 207.277 9.70569 14
    endloop
  endfacet
  facet normal 0.79256 -0.609794 6.21052e-19
    outer loop
      vertex 207.277 9.70569 0
      vertex 207.064 9.42885 14
      vertex 207.064 9.42885 0
    endloop
  endfacet
  facet normal -0.38323 0.923653 0
    outer loop
      vertex 190.632 27.7588 0
      vertex 190.31 27.6252 14
      vertex 190.632 27.7588 14
    endloop
  endfacet
  facet normal -0.38323 0.923653 0
    outer loop
      vertex 190.31 27.6252 14
      vertex 190.632 27.7588 0
      vertex 190.31 27.6252 0
    endloop
  endfacet
  facet normal -0.736926 -0.675974 -3.29009e-19
    outer loop
      vertex 189.172 9.17157 0
      vertex 188.936 9.42885 14
      vertex 188.936 9.42885 0
    endloop
  endfacet
  facet normal -0.736926 -0.675974 -3.29009e-19
    outer loop
      vertex 188.936 9.42885 14
      vertex 189.172 9.17157 0
      vertex 189.172 9.17157 14
    endloop
  endfacet
  facet normal 0.999076 0.0429895 -7.03305e-20
    outer loop
      vertex 208 24 14
      vertex 207.985 24.3486 0
      vertex 207.985 24.3486 14
    endloop
  endfacet
  facet normal 0.999076 0.0429895 -7.03305e-20
    outer loop
      vertex 207.985 24.3486 0
      vertex 208 24 14
      vertex 208 24 0
    endloop
  endfacet
  facet normal -0.383083 -0.923714 0
    outer loop
      vertex 190.31 8.37477 0
      vertex 190.632 8.24123 14
      vertex 190.31 8.37477 14
    endloop
  endfacet
  facet normal -0.383083 -0.923714 -0
    outer loop
      vertex 190.632 8.24123 14
      vertex 190.31 8.37477 0
      vertex 190.632 8.24123 0
    endloop
  endfacet
  facet normal -0.130662 0.991427 0
    outer loop
      vertex 191.651 27.9848 0
      vertex 191.305 27.9392 14
      vertex 191.651 27.9848 14
    endloop
  endfacet
  facet normal -0.130662 0.991427 0
    outer loop
      vertex 191.305 27.9392 14
      vertex 191.651 27.9848 0
      vertex 191.305 27.9392 0
    endloop
  endfacet
  facet normal 0.461195 -0.887299 0
    outer loop
      vertex 205.69 8.37477 0
      vertex 206 8.5359 14
      vertex 205.69 8.37477 14
    endloop
  endfacet
  facet normal 0.461195 -0.887299 0
    outer loop
      vertex 206 8.5359 14
      vertex 205.69 8.37477 0
      vertex 206 8.5359 0
    endloop
  endfacet
  facet normal 0.675984 -0.736916 0
    outer loop
      vertex 206.571 8.93582 0
      vertex 206.828 9.17157 14
      vertex 206.571 8.93582 14
    endloop
  endfacet
  facet normal 0.675984 -0.736916 0
    outer loop
      vertex 206.828 9.17157 14
      vertex 206.571 8.93582 0
      vertex 206.828 9.17157 0
    endloop
  endfacet
  facet normal -0.300538 -0.95377 0
    outer loop
      vertex 190.632 8.24123 0
      vertex 190.965 8.1363 14
      vertex 190.632 8.24123 14
    endloop
  endfacet
  facet normal -0.300538 -0.95377 -0
    outer loop
      vertex 190.965 8.1363 14
      vertex 190.632 8.24123 0
      vertex 190.965 8.1363 0
    endloop
  endfacet
  facet normal 0.792518 0.609849 4.75283e-19
    outer loop
      vertex 207.277 26.2943 14
      vertex 207.064 26.5711 0
      vertex 207.064 26.5711 14
    endloop
  endfacet
  facet normal 0.792518 0.609849 4.75283e-19
    outer loop
      vertex 207.064 26.5711 0
      vertex 207.277 26.2943 14
      vertex 207.277 26.2943 0
    endloop
  endfacet
  facet normal 0.953661 0.300885 3.51774e-20
    outer loop
      vertex 207.864 25.0353 14
      vertex 207.759 25.3681 0
      vertex 207.759 25.3681 14
    endloop
  endfacet
  facet normal 0.953661 0.300885 3.51774e-20
    outer loop
      vertex 207.759 25.3681 0
      vertex 207.864 25.0353 14
      vertex 207.864 25.0353 0
    endloop
  endfacet
  facet normal -0.461195 -0.887299 0
    outer loop
      vertex 190 8.5359 0
      vertex 190.31 8.37477 14
      vertex 190 8.5359 14
    endloop
  endfacet
  facet normal -0.461195 -0.887299 -0
    outer loop
      vertex 190.31 8.37477 14
      vertex 190 8.5359 0
      vertex 190.31 8.37477 0
    endloop
  endfacet
  facet normal 0.461127 0.887334 -0
    outer loop
      vertex 206 27.4641 0
      vertex 205.69 27.6252 14
      vertex 206 27.4641 14
    endloop
  endfacet
  facet normal 0.461127 0.887334 0
    outer loop
      vertex 205.69 27.6252 14
      vertex 206 27.4641 0
      vertex 205.69 27.6252 0
    endloop
  endfacet
  facet normal 0.300538 -0.95377 0
    outer loop
      vertex 205.035 8.1363 0
      vertex 205.368 8.24123 14
      vertex 205.035 8.1363 14
    endloop
  endfacet
  facet normal 0.300538 -0.95377 0
    outer loop
      vertex 205.368 8.24123 14
      vertex 205.035 8.1363 0
      vertex 205.368 8.24123 0
    endloop
  endfacet
  facet normal -0.976617 0.214988 -2.8824e-19
    outer loop
      vertex 188.061 24.6946 0
      vertex 188.136 25.0353 14
      vertex 188.136 25.0353 0
    endloop
  endfacet
  facet normal -0.976617 0.214988 -2.8824e-19
    outer loop
      vertex 188.136 25.0353 14
      vertex 188.061 24.6946 0
      vertex 188.061 24.6946 14
    endloop
  endfacet
  facet normal 0.887146 0.461488 -5.48633e-19
    outer loop
      vertex 207.625 25.6905 14
      vertex 207.464 26 0
      vertex 207.464 26 14
    endloop
  endfacet
  facet normal 0.887146 0.461488 -5.48633e-19
    outer loop
      vertex 207.464 26 0
      vertex 207.625 25.6905 14
      vertex 207.625 25.6905 0
    endloop
  endfacet
  facet normal 0.53769 -0.843143 0
    outer loop
      vertex 206 8.5359 0
      vertex 206.294 8.72339 14
      vertex 206 8.5359 14
    endloop
  endfacet
  facet normal 0.53769 -0.843143 0
    outer loop
      vertex 206.294 8.72339 14
      vertex 206 8.5359 0
      vertex 206.294 8.72339 0
    endloop
  endfacet
  facet normal 0.736952 0.675945 4.84195e-19
    outer loop
      vertex 207.064 26.5711 14
      vertex 206.828 26.8284 0
      vertex 206.828 26.8284 14
    endloop
  endfacet
  facet normal 0.736952 0.675945 4.84195e-19
    outer loop
      vertex 206.828 26.8284 0
      vertex 207.064 26.5711 14
      vertex 207.064 26.5711 0
    endloop
  endfacet
  facet normal -0.675984 -0.736916 0
    outer loop
      vertex 189.172 9.17157 0
      vertex 189.429 8.93582 14
      vertex 189.172 9.17157 14
    endloop
  endfacet
  facet normal -0.675984 -0.736916 -0
    outer loop
      vertex 189.429 8.93582 14
      vertex 189.172 9.17157 0
      vertex 189.429 8.93582 0
    endloop
  endfacet
  facet normal 0.844036 -0.536287 -6.0546e-20
    outer loop
      vertex 207.277 9.70569 14
      vertex 207.464 10 0
      vertex 207.464 10 14
    endloop
  endfacet
  facet normal 0.844036 -0.536287 -6.0546e-20
    outer loop
      vertex 207.464 10 0
      vertex 207.277 9.70569 14
      vertex 207.277 9.70569 0
    endloop
  endfacet
  facet normal 0.923416 0.383802 -4.25033e-19
    outer loop
      vertex 207.759 25.3681 14
      vertex 207.625 25.6905 0
      vertex 207.625 25.6905 14
    endloop
  endfacet
  facet normal 0.923416 0.383802 -4.25033e-19
    outer loop
      vertex 207.625 25.6905 0
      vertex 207.759 25.3681 14
      vertex 207.759 25.3681 0
    endloop
  endfacet
  facet normal 0.991278 0.131788 2.02705e-19
    outer loop
      vertex 207.985 24.3486 14
      vertex 207.939 24.6946 0
      vertex 207.939 24.6946 14
    endloop
  endfacet
  facet normal 0.991278 0.131788 2.02705e-19
    outer loop
      vertex 207.939 24.6946 0
      vertex 207.985 24.3486 14
      vertex 207.985 24.3486 0
    endloop
  endfacet
  facet normal 0.976617 -0.214988 -4.09173e-21
    outer loop
      vertex 207.864 10.9647 14
      vertex 207.939 11.3054 0
      vertex 207.939 11.3054 14
    endloop
  endfacet
  facet normal 0.976617 -0.214988 -4.09173e-21
    outer loop
      vertex 207.939 11.3054 0
      vertex 207.864 10.9647 14
      vertex 207.864 10.9647 0
    endloop
  endfacet
  facet normal -0.216778 0.976221 0
    outer loop
      vertex 191.305 27.9392 0
      vertex 190.965 27.8637 14
      vertex 191.305 27.9392 14
    endloop
  endfacet
  facet normal -0.216778 0.976221 0
    outer loop
      vertex 190.965 27.8637 14
      vertex 191.305 27.9392 0
      vertex 190.965 27.8637 0
    endloop
  endfacet
  facet normal 0.844027 0.5363 -4.15579e-19
    outer loop
      vertex 207.464 26 14
      vertex 207.277 26.2943 0
      vertex 207.277 26.2943 14
    endloop
  endfacet
  facet normal 0.844027 0.5363 -4.15579e-19
    outer loop
      vertex 207.277 26.2943 0
      vertex 207.464 26 14
      vertex 207.464 26 0
    endloop
  endfacet
  facet normal -0.130521 -0.991446 0
    outer loop
      vertex 191.305 8.06077 0
      vertex 191.651 8.01522 14
      vertex 191.305 8.06077 14
    endloop
  endfacet
  facet normal -0.130521 -0.991446 -0
    outer loop
      vertex 191.651 8.01522 14
      vertex 191.305 8.06077 0
      vertex 191.651 8.01522 0
    endloop
  endfacet
  facet normal 0.676062 0.736845 -0
    outer loop
      vertex 206.828 26.8284 0
      vertex 206.571 27.0642 14
      vertex 206.828 26.8284 14
    endloop
  endfacet
  facet normal 0.676062 0.736845 0
    outer loop
      vertex 206.571 27.0642 14
      vertex 206.828 26.8284 0
      vertex 206.571 27.0642 0
    endloop
  endfacet
  facet normal -0.0435689 -0.99905 0
    outer loop
      vertex 191.651 8.01522 0
      vertex 192 8 14
      vertex 191.651 8.01522 14
    endloop
  endfacet
  facet normal -0.0435689 -0.99905 -0
    outer loop
      vertex 192 8 14
      vertex 191.651 8.01522 0
      vertex 192 8 0
    endloop
  endfacet
  facet normal -0.953661 -0.300885 2.05611e-19
    outer loop
      vertex 188.241 10.6319 0
      vertex 188.136 10.9647 14
      vertex 188.136 10.9647 0
    endloop
  endfacet
  facet normal -0.953661 -0.300885 2.05611e-19
    outer loop
      vertex 188.136 10.9647 14
      vertex 188.241 10.6319 0
      vertex 188.241 10.6319 14
    endloop
  endfacet
  facet normal -0.79256 -0.609794 -6.21052e-19
    outer loop
      vertex 188.936 9.42885 0
      vertex 188.723 9.70569 14
      vertex 188.723 9.70569 0
    endloop
  endfacet
  facet normal -0.79256 -0.609794 -6.21052e-19
    outer loop
      vertex 188.723 9.70569 14
      vertex 188.936 9.42885 0
      vertex 188.936 9.42885 14
    endloop
  endfacet
  facet normal 0.991278 -0.131788 -2.02705e-19
    outer loop
      vertex 207.939 11.3054 14
      vertex 207.985 11.6514 0
      vertex 207.985 11.6514 14
    endloop
  endfacet
  facet normal 0.991278 -0.131788 -2.02705e-19
    outer loop
      vertex 207.985 11.6514 0
      vertex 207.939 11.3054 14
      vertex 207.939 11.3054 0
    endloop
  endfacet
  facet normal 0.976617 0.214988 2.8824e-19
    outer loop
      vertex 207.939 24.6946 14
      vertex 207.864 25.0353 0
      vertex 207.864 25.0353 14
    endloop
  endfacet
  facet normal 0.976617 0.214988 2.8824e-19
    outer loop
      vertex 207.864 25.0353 0
      vertex 207.939 24.6946 14
      vertex 207.939 24.6946 0
    endloop
  endfacet
  facet normal 0.383083 -0.923714 0
    outer loop
      vertex 205.368 8.24123 0
      vertex 205.69 8.37477 14
      vertex 205.368 8.24123 14
    endloop
  endfacet
  facet normal 0.383083 -0.923714 0
    outer loop
      vertex 205.69 8.37477 14
      vertex 205.368 8.24123 0
      vertex 205.69 8.37477 0
    endloop
  endfacet
  facet normal -0.887146 -0.461488 -5.48633e-19
    outer loop
      vertex 188.536 10 0
      vertex 188.375 10.3095 14
      vertex 188.375 10.3095 0
    endloop
  endfacet
  facet normal -0.887146 -0.461488 -5.48633e-19
    outer loop
      vertex 188.375 10.3095 14
      vertex 188.536 10 0
      vertex 188.536 10 14
    endloop
  endfacet
  facet normal 0.216778 0.976221 -0
    outer loop
      vertex 205.035 27.8637 0
      vertex 204.695 27.9392 14
      vertex 205.035 27.8637 14
    endloop
  endfacet
  facet normal 0.216778 0.976221 0
    outer loop
      vertex 204.695 27.9392 14
      vertex 205.035 27.8637 0
      vertex 204.695 27.9392 0
    endloop
  endfacet
  facet normal -0.216861 -0.976203 0
    outer loop
      vertex 190.965 8.1363 0
      vertex 191.305 8.06077 14
      vertex 190.965 8.1363 14
    endloop
  endfacet
  facet normal -0.216861 -0.976203 -0
    outer loop
      vertex 191.305 8.06077 14
      vertex 190.965 8.1363 0
      vertex 191.305 8.06077 0
    endloop
  endfacet
  facet normal -0.844036 -0.536287 6.0546e-20
    outer loop
      vertex 188.723 9.70569 0
      vertex 188.536 10 14
      vertex 188.536 10 0
    endloop
  endfacet
  facet normal -0.844036 -0.536287 6.0546e-20
    outer loop
      vertex 188.536 10 14
      vertex 188.723 9.70569 0
      vertex 188.723 9.70569 14
    endloop
  endfacet
  facet normal 0.608546 -0.793519 0
    outer loop
      vertex 206.294 8.72339 0
      vertex 206.571 8.93582 14
      vertex 206.294 8.72339 14
    endloop
  endfacet
  facet normal 0.608546 -0.793519 0
    outer loop
      vertex 206.571 8.93582 14
      vertex 206.294 8.72339 0
      vertex 206.571 8.93582 0
    endloop
  endfacet
  facet normal 0.0435689 -0.99905 0
    outer loop
      vertex 204 8 0
      vertex 204.349 8.01522 14
      vertex 204 8 14
    endloop
  endfacet
  facet normal 0.0435689 -0.99905 0
    outer loop
      vertex 204.349 8.01522 14
      vertex 204 8 0
      vertex 204.349 8.01522 0
    endloop
  endfacet
  facet normal 0.887146 -0.461488 5.48633e-19
    outer loop
      vertex 207.464 10 14
      vertex 207.625 10.3095 0
      vertex 207.625 10.3095 14
    endloop
  endfacet
  facet normal 0.887146 -0.461488 5.48633e-19
    outer loop
      vertex 207.625 10.3095 0
      vertex 207.464 10 14
      vertex 207.464 10 0
    endloop
  endfacet
  facet normal -0.53769 -0.843143 0
    outer loop
      vertex 189.706 8.72339 0
      vertex 190 8.5359 14
      vertex 189.706 8.72339 14
    endloop
  endfacet
  facet normal -0.53769 -0.843143 -0
    outer loop
      vertex 190 8.5359 14
      vertex 189.706 8.72339 0
      vertex 190 8.5359 0
    endloop
  endfacet
  facet normal 0 0 -1
    outer loop
      vertex 204 8 0
      vertex 208 12 0
      vertex 207.985 11.6514 0
    endloop
  endfacet
  facet normal -0 0 -1
    outer loop
      vertex 208 12 0
      vertex 204 8 0
      vertex 208 24 0
    endloop
  endfacet
  facet normal 0 0 -1
    outer loop
      vertex 204 8 0
      vertex 207.985 11.6514 0
      vertex 207.939 11.3054 0
    endloop
  endfacet
  facet normal 0 0 -1
    outer loop
      vertex 204 28 0
      vertex 208 24 0
      vertex 204 8 0
    endloop
  endfacet
  facet normal 0 0 -1
    outer loop
      vertex 204 8 0
      vertex 207.939 11.3054 0
      vertex 207.864 10.9647 0
    endloop
  endfacet
  facet normal 0 0 -1
    outer loop
      vertex 208 24 0
      vertex 204 28 0
      vertex 207.985 24.3486 0
    endloop
  endfacet
  facet normal 0 0 -1
    outer loop
      vertex 204 8 0
      vertex 207.864 10.9647 0
      vertex 207.759 10.6319 0
    endloop
  endfacet
  facet normal 0 0 -1
    outer loop
      vertex 207.985 24.3486 0
      vertex 204 28 0
      vertex 207.939 24.6946 0
    endloop
  endfacet
  facet normal 0 0 -1
    outer loop
      vertex 204 8 0
      vertex 207.759 10.6319 0
      vertex 207.625 10.3095 0
    endloop
  endfacet
  facet normal 0 0 -1
    outer loop
      vertex 207.939 24.6946 0
      vertex 204 28 0
      vertex 207.864 25.0353 0
    endloop
  endfacet
  facet normal 0 0 -1
    outer loop
      vertex 204 8 0
      vertex 207.625 10.3095 0
      vertex 207.464 10 0
    endloop
  endfacet
  facet normal 0 0 -1
    outer loop
      vertex 207.864 25.0353 0
      vertex 204 28 0
      vertex 207.759 25.3681 0
    endloop
  endfacet
  facet normal 0 0 -1
    outer loop
      vertex 204 8 0
      vertex 207.464 10 0
      vertex 207.277 9.70569 0
    endloop
  endfacet
  facet normal 0 0 -1
    outer loop
      vertex 207.759 25.3681 0
      vertex 204 28 0
      vertex 207.625 25.6905 0
    endloop
  endfacet
  facet normal 0 0 -1
    outer loop
      vertex 204 8 0
      vertex 207.277 9.70569 0
      vertex 207.064 9.42885 0
    endloop
  endfacet
  facet normal 0 0 -1
    outer loop
      vertex 207.625 25.6905 0
      vertex 204 28 0
      vertex 207.464 26 0
    endloop
  endfacet
  facet normal 0 0 -1
    outer loop
      vertex 204 8 0
      vertex 207.064 9.42885 0
      vertex 206.828 9.17157 0
    endloop
  endfacet
  facet normal 0 0 -1
    outer loop
      vertex 207.464 26 0
      vertex 204 28 0
      vertex 207.277 26.2943 0
    endloop
  endfacet
  facet normal 0 0 -1
    outer loop
      vertex 204 8 0
      vertex 206.828 9.17157 0
      vertex 206.571 8.93582 0
    endloop
  endfacet
  facet normal 0 0 -1
    outer loop
      vertex 207.277 26.2943 0
      vertex 204 28 0
      vertex 207.064 26.5711 0
    endloop
  endfacet
  facet normal 0 0 -1
    outer loop
      vertex 204 8 0
      vertex 206.571 8.93582 0
      vertex 206.294 8.72339 0
    endloop
  endfacet
  facet normal 0 0 -1
    outer loop
      vertex 207.064 26.5711 0
      vertex 204 28 0
      vertex 206.828 26.8284 0
    endloop
  endfacet
  facet normal 0 0 -1
    outer loop
      vertex 204 8 0
      vertex 206.294 8.72339 0
      vertex 206 8.5359 0
    endloop
  endfacet
  facet normal 0 0 -1
    outer loop
      vertex 206.828 26.8284 0
      vertex 204 28 0
      vertex 206.571 27.0642 0
    endloop
  endfacet
  facet normal 0 0 -1
    outer loop
      vertex 204 8 0
      vertex 206 8.5359 0
      vertex 205.69 8.37477 0
    endloop
  endfacet
  facet normal 0 0 -1
    outer loop
      vertex 206.571 27.0642 0
      vertex 204 28 0
      vertex 206.294 27.2766 0
    endloop
  endfacet
  facet normal 0 0 -1
    outer loop
      vertex 204 8 0
      vertex 205.69 8.37477 0
      vertex 205.368 8.24123 0
    endloop
  endfacet
  facet normal 0 0 -1
    outer loop
      vertex 206.294 27.2766 0
      vertex 204 28 0
      vertex 206 27.4641 0
    endloop
  endfacet
  facet normal 0 0 -1
    outer loop
      vertex 204 8 0
      vertex 205.368 8.24123 0
      vertex 205.035 8.1363 0
    endloop
  endfacet
  facet normal 0 0 -1
    outer loop
      vertex 206 27.4641 0
      vertex 204 28 0
      vertex 205.69 27.6252 0
    endloop
  endfacet
  facet normal 0 0 -1
    outer loop
      vertex 204 8 0
      vertex 205.035 8.1363 0
      vertex 204.695 8.06077 0
    endloop
  endfacet
  facet normal 0 0 -1
    outer loop
      vertex 205.69 27.6252 0
      vertex 204 28 0
      vertex 205.368 27.7588 0
    endloop
  endfacet
  facet normal 0 0 -1
    outer loop
      vertex 204 8 0
      vertex 204.695 8.06077 0
      vertex 204.349 8.01522 0
    endloop
  endfacet
  facet normal 0 0 -1
    outer loop
      vertex 205.368 27.7588 0
      vertex 204 28 0
      vertex 205.035 27.8637 0
    endloop
  endfacet
  facet normal 0 0 -1
    outer loop
      vertex 205.035 27.8637 0
      vertex 204 28 0
      vertex 204.695 27.9392 0
    endloop
  endfacet
  facet normal 0 0 -1
    outer loop
      vertex 204.695 27.9392 0
      vertex 204 28 0
      vertex 204.349 27.9848 0
    endloop
  endfacet
  facet normal 0 0 -1
    outer loop
      vertex 192 8 0
      vertex 204 28 0
      vertex 204 8 0
    endloop
  endfacet
  facet normal 0 0 -1
    outer loop
      vertex 192 8 0
      vertex 192 28 0
      vertex 204 28 0
    endloop
  endfacet
  facet normal 0 0 -1
    outer loop
      vertex 188 12 0
      vertex 192 8 0
      vertex 191.651 8.01522 0
    endloop
  endfacet
  facet normal 0 0 -1
    outer loop
      vertex 192 8 0
      vertex 188 12 0
      vertex 192 28 0
    endloop
  endfacet
  facet normal 0 0 -1
    outer loop
      vertex 188 12 0
      vertex 191.651 8.01522 0
      vertex 191.305 8.06077 0
    endloop
  endfacet
  facet normal 0 0 -1
    outer loop
      vertex 188 24 0
      vertex 192 28 0
      vertex 188 12 0
    endloop
  endfacet
  facet normal 0 0 -1
    outer loop
      vertex 188 12 0
      vertex 191.305 8.06077 0
      vertex 190.965 8.1363 0
    endloop
  endfacet
  facet normal 0 0 -1
    outer loop
      vertex 192 28 0
      vertex 188 24 0
      vertex 191.651 27.9848 0
    endloop
  endfacet
  facet normal 0 0 -1
    outer loop
      vertex 188 12 0
      vertex 190.965 8.1363 0
      vertex 190.632 8.24123 0
    endloop
  endfacet
  facet normal 0 0 -1
    outer loop
      vertex 191.651 27.9848 0
      vertex 188 24 0
      vertex 191.305 27.9392 0
    endloop
  endfacet
  facet normal 0 0 -1
    outer loop
      vertex 188 12 0
      vertex 190.632 8.24123 0
      vertex 190.31 8.37477 0
    endloop
  endfacet
  facet normal 0 0 -1
    outer loop
      vertex 191.305 27.9392 0
      vertex 188 24 0
      vertex 190.965 27.8637 0
    endloop
  endfacet
  facet normal 0 0 -1
    outer loop
      vertex 188 12 0
      vertex 190.31 8.37477 0
      vertex 190 8.5359 0
    endloop
  endfacet
  facet normal 0 0 -1
    outer loop
      vertex 190.965 27.8637 0
      vertex 188 24 0
      vertex 190.632 27.7588 0
    endloop
  endfacet
  facet normal 0 0 -1
    outer loop
      vertex 188 12 0
      vertex 190 8.5359 0
      vertex 189.706 8.72339 0
    endloop
  endfacet
  facet normal 0 0 -1
    outer loop
      vertex 190.632 27.7588 0
      vertex 188 24 0
      vertex 190.31 27.6252 0
    endloop
  endfacet
  facet normal 0 0 -1
    outer loop
      vertex 188 12 0
      vertex 189.706 8.72339 0
      vertex 189.429 8.93582 0
    endloop
  endfacet
  facet normal 0 0 -1
    outer loop
      vertex 190.31 27.6252 0
      vertex 188 24 0
      vertex 190 27.4641 0
    endloop
  endfacet
  facet normal 0 0 -1
    outer loop
      vertex 188 12 0
      vertex 189.429 8.93582 0
      vertex 189.172 9.17157 0
    endloop
  endfacet
  facet normal 0 0 -1
    outer loop
      vertex 190 27.4641 0
      vertex 188 24 0
      vertex 189.706 27.2766 0
    endloop
  endfacet
  facet normal 0 0 -1
    outer loop
      vertex 188 12 0
      vertex 189.172 9.17157 0
      vertex 188.936 9.42885 0
    endloop
  endfacet
  facet normal 0 0 -1
    outer loop
      vertex 189.706 27.2766 0
      vertex 188 24 0
      vertex 189.429 27.0642 0
    endloop
  endfacet
  facet normal 0 0 -1
    outer loop
      vertex 188 12 0
      vertex 188.936 9.42885 0
      vertex 188.723 9.70569 0
    endloop
  endfacet
  facet normal 0 0 -1
    outer loop
      vertex 189.429 27.0642 0
      vertex 188 24 0
      vertex 189.172 26.8284 0
    endloop
  endfacet
  facet normal 0 0 -1
    outer loop
      vertex 188 12 0
      vertex 188.723 9.70569 0
      vertex 188.536 10 0
    endloop
  endfacet
  facet normal 0 0 -1
    outer loop
      vertex 189.172 26.8284 0
      vertex 188 24 0
      vertex 188.936 26.5711 0
    endloop
  endfacet
  facet normal 0 0 -1
    outer loop
      vertex 188 12 0
      vertex 188.536 10 0
      vertex 188.375 10.3095 0
    endloop
  endfacet
  facet normal 0 0 -1
    outer loop
      vertex 188.936 26.5711 0
      vertex 188 24 0
      vertex 188.723 26.2943 0
    endloop
  endfacet
  facet normal 0 0 -1
    outer loop
      vertex 188 12 0
      vertex 188.375 10.3095 0
      vertex 188.241 10.6319 0
    endloop
  endfacet
  facet normal 0 0 -1
    outer loop
      vertex 188.723 26.2943 0
      vertex 188 24 0
      vertex 188.536 26 0
    endloop
  endfacet
  facet normal 0 0 -1
    outer loop
      vertex 188 12 0
      vertex 188.241 10.6319 0
      vertex 188.136 10.9647 0
    endloop
  endfacet
  facet normal 0 0 -1
    outer loop
      vertex 188.536 26 0
      vertex 188 24 0
      vertex 188.375 25.6905 0
    endloop
  endfacet
  facet normal 0 0 -1
    outer loop
      vertex 188 12 0
      vertex 188.136 10.9647 0
      vertex 188.061 11.3054 0
    endloop
  endfacet
  facet normal 0 0 -1
    outer loop
      vertex 188.375 25.6905 0
      vertex 188 24 0
      vertex 188.241 25.3681 0
    endloop
  endfacet
  facet normal 0 0 -1
    outer loop
      vertex 188 12 0
      vertex 188.061 11.3054 0
      vertex 188.015 11.6514 0
    endloop
  endfacet
  facet normal 0 0 -1
    outer loop
      vertex 188.241 25.3681 0
      vertex 188 24 0
      vertex 188.136 25.0353 0
    endloop
  endfacet
  facet normal 0 0 -1
    outer loop
      vertex 188.136 25.0353 0
      vertex 188 24 0
      vertex 188.061 24.6946 0
    endloop
  endfacet
  facet normal 0 0 -1
    outer loop
      vertex 188.061 24.6946 0
      vertex 188 24 0
      vertex 188.015 24.3486 0
    endloop
  endfacet
  facet normal 0.30046 0.953795 -0
    outer loop
      vertex 205.368 99.7588 0
      vertex 205.035 99.8637 14
      vertex 205.368 99.7588 14
    endloop
  endfacet
  facet normal 0.30046 0.953795 0
    outer loop
      vertex 205.035 99.8637 14
      vertex 205.368 99.7588 0
      vertex 205.035 99.8637 0
    endloop
  endfacet
  facet normal -0.999076 0.0429895 -3.13413e-20
    outer loop
      vertex 188 96 0
      vertex 188.015 96.3486 13
      vertex 188.015 96.3486 0
    endloop
  endfacet
  facet normal -0.999076 0.0429895 -3.13413e-20
    outer loop
      vertex 188.015 96.3486 13
      vertex 188 96 0
      vertex 188 96 13
    endloop
  endfacet
  facet normal -0.53771 0.84313 0
    outer loop
      vertex 190 99.4641 0
      vertex 189.706 99.2766 13
      vertex 190 99.4641 13
    endloop
  endfacet
  facet normal -0.53771 0.84313 0
    outer loop
      vertex 189.706 99.2766 13
      vertex 190 99.4641 0
      vertex 189.706 99.2766 0
    endloop
  endfacet
  facet normal 0.923416 -0.383802 4.25033e-19
    outer loop
      vertex 207.625 82.3095 14
      vertex 207.759 82.6319 0
      vertex 207.759 82.6319 14
    endloop
  endfacet
  facet normal 0.923416 -0.383802 4.25033e-19
    outer loop
      vertex 207.759 82.6319 0
      vertex 207.625 82.3095 14
      vertex 207.625 82.3095 0
    endloop
  endfacet
  facet normal 0.999076 -0.0429895 -2.91027e-20
    outer loop
      vertex 207.985 83.6514 14
      vertex 208 84 0
      vertex 208 84 14
    endloop
  endfacet
  facet normal 0.999076 -0.0429895 -2.91027e-20
    outer loop
      vertex 208 84 0
      vertex 207.985 83.6514 14
      vertex 207.985 83.6514 0
    endloop
  endfacet
  facet normal -0.976617 -0.214988 1.57409e-19
    outer loop
      vertex 188.136 82.9647 0
      vertex 188.061 83.3054 13
      vertex 188.061 83.3054 0
    endloop
  endfacet
  facet normal -0.976617 -0.214988 1.57409e-19
    outer loop
      vertex 188.061 83.3054 13
      vertex 188.136 82.9647 0
      vertex 188.136 82.9647 13
    endloop
  endfacet
  facet normal -0.991278 0.131788 3.0775e-19
    outer loop
      vertex 188.015 96.3486 0
      vertex 188.061 96.6946 13
      vertex 188.061 96.6946 0
    endloop
  endfacet
  facet normal -0.991278 0.131788 3.0775e-19
    outer loop
      vertex 188.061 96.6946 13
      vertex 188.015 96.3486 0
      vertex 188.015 96.3486 13
    endloop
  endfacet
  facet normal -0.844027 0.5363 -3.36213e-19
    outer loop
      vertex 188.536 98 0
      vertex 188.723 98.2943 13
      vertex 188.723 98.2943 0
    endloop
  endfacet
  facet normal -0.844027 0.5363 -3.36213e-19
    outer loop
      vertex 188.723 98.2943 13
      vertex 188.536 98 0
      vertex 188.536 98 13
    endloop
  endfacet
  facet normal 0.216778 -0.976221 0
    outer loop
      vertex 204.695 80.0608 0
      vertex 205.035 80.1363 14
      vertex 204.695 80.0608 14
    endloop
  endfacet
  facet normal 0.216778 -0.976221 0
    outer loop
      vertex 205.035 80.1363 14
      vertex 204.695 80.0608 0
      vertex 205.035 80.1363 0
    endloop
  endfacet
  facet normal -0.30046 0.953795 0
    outer loop
      vertex 190.965 99.8637 0
      vertex 190.632 99.7588 13
      vertex 190.965 99.8637 13
    endloop
  endfacet
  facet normal -0.30046 0.953795 0
    outer loop
      vertex 190.632 99.7588 13
      vertex 190.965 99.8637 0
      vertex 190.632 99.7588 0
    endloop
  endfacet
  facet normal -0.608492 0.79356 0
    outer loop
      vertex 189.706 99.2766 0
      vertex 189.429 99.0642 13
      vertex 189.706 99.2766 13
    endloop
  endfacet
  facet normal -0.608492 0.79356 0
    outer loop
      vertex 189.429 99.0642 13
      vertex 189.706 99.2766 0
      vertex 189.429 99.0642 0
    endloop
  endfacet
  facet normal 0 -1 0
    outer loop
      vertex 192 80 13
      vertex 192 80 0
      vertex 195.544 80 13
    endloop
  endfacet
  facet normal 0 -1 0
    outer loop
      vertex 195.544 80 13
      vertex 204 80 14
      vertex 195.544 80 14
    endloop
  endfacet
  facet normal 0 -1 0
    outer loop
      vertex 204 80 0
      vertex 195.544 80 13
      vertex 192 80 0
    endloop
  endfacet
  facet normal 0 -1 0
    outer loop
      vertex 195.544 80 13
      vertex 204 80 0
      vertex 204 80 14
    endloop
  endfacet
  facet normal 0.736821 -0.676088 -6.65788e-19
    outer loop
      vertex 206.828 81.1716 14
      vertex 207.064 81.4288 0
      vertex 207.064 81.4288 14
    endloop
  endfacet
  facet normal 0.736821 -0.676088 -6.65788e-19
    outer loop
      vertex 207.064 81.4288 0
      vertex 206.828 81.1716 14
      vertex 206.828 81.1716 0
    endloop
  endfacet
  facet normal 0.130662 0.991427 -0
    outer loop
      vertex 204.695 99.9392 0
      vertex 204.349 99.9848 14
      vertex 204.695 99.9392 14
    endloop
  endfacet
  facet normal 0.130662 0.991427 0
    outer loop
      vertex 204.349 99.9848 14
      vertex 204.695 99.9392 0
      vertex 204.349 99.9848 0
    endloop
  endfacet
  facet normal -1 0 0
    outer loop
      vertex 188 84 0
      vertex 188 96 13
      vertex 188 96 0
    endloop
  endfacet
  facet normal -1 -0 0
    outer loop
      vertex 188 96 13
      vertex 188 84 0
      vertex 188 84 13
    endloop
  endfacet
  facet normal 0.38323 0.923653 -0
    outer loop
      vertex 205.69 99.6252 0
      vertex 205.368 99.7588 14
      vertex 205.69 99.6252 14
    endloop
  endfacet
  facet normal 0.38323 0.923653 0
    outer loop
      vertex 205.368 99.7588 14
      vertex 205.69 99.6252 0
      vertex 205.368 99.7588 0
    endloop
  endfacet
  facet normal -0.999076 -0.0429895 3.13413e-20
    outer loop
      vertex 188.015 83.6514 0
      vertex 188 84 13
      vertex 188 84 0
    endloop
  endfacet
  facet normal -0.999076 -0.0429895 3.13413e-20
    outer loop
      vertex 188 84 13
      vertex 188.015 83.6514 0
      vertex 188.015 83.6514 13
    endloop
  endfacet
  facet normal -0.991278 -0.131788 -3.0775e-19
    outer loop
      vertex 188.061 83.3054 0
      vertex 188.015 83.6514 13
      vertex 188.015 83.6514 0
    endloop
  endfacet
  facet normal -0.991278 -0.131788 -3.0775e-19
    outer loop
      vertex 188.015 83.6514 13
      vertex 188.061 83.3054 0
      vertex 188.061 83.3054 13
    endloop
  endfacet
  facet normal 0.0435118 0.999053 -0
    outer loop
      vertex 204.349 99.9848 0
      vertex 204 100 14
      vertex 204.349 99.9848 14
    endloop
  endfacet
  facet normal 0.0435118 0.999053 0
    outer loop
      vertex 204 100 14
      vertex 204.349 99.9848 0
      vertex 204 100 0
    endloop
  endfacet
  facet normal -0.736821 0.676088 -7.17002e-19
    outer loop
      vertex 188.936 98.5712 0
      vertex 189.172 98.8284 13
      vertex 189.172 98.8284 0
    endloop
  endfacet
  facet normal -0.736821 0.676088 -7.17002e-19
    outer loop
      vertex 189.172 98.8284 13
      vertex 188.936 98.5712 0
      vertex 188.936 98.5712 13
    endloop
  endfacet
  facet normal -0.676062 0.736845 0
    outer loop
      vertex 189.429 99.0642 0
      vertex 189.172 98.8284 13
      vertex 189.429 99.0642 13
    endloop
  endfacet
  facet normal -0.676062 0.736845 0
    outer loop
      vertex 189.172 98.8284 13
      vertex 189.429 99.0642 0
      vertex 189.172 98.8284 0
    endloop
  endfacet
  facet normal 0.608492 0.79356 -0
    outer loop
      vertex 206.571 99.0642 0
      vertex 206.294 99.2766 14
      vertex 206.571 99.0642 14
    endloop
  endfacet
  facet normal 0.608492 0.79356 0
    outer loop
      vertex 206.294 99.2766 14
      vertex 206.571 99.0642 0
      vertex 206.294 99.2766 0
    endloop
  endfacet
  facet normal -0.923416 -0.383802 -4.57728e-19
    outer loop
      vertex 188.375 82.3095 0
      vertex 188.241 82.6319 13
      vertex 188.241 82.6319 0
    endloop
  endfacet
  facet normal -0.923416 -0.383802 -4.57728e-19
    outer loop
      vertex 188.241 82.6319 13
      vertex 188.375 82.3095 0
      vertex 188.375 82.3095 13
    endloop
  endfacet
  facet normal -0.461127 0.887334 0
    outer loop
      vertex 190.31 99.6252 0
      vertex 190 99.4641 13
      vertex 190.31 99.6252 13
    endloop
  endfacet
  facet normal -0.461127 0.887334 0
    outer loop
      vertex 190 99.4641 13
      vertex 190.31 99.6252 0
      vertex 190 99.4641 0
    endloop
  endfacet
  facet normal -0.923416 0.383802 4.57728e-19
    outer loop
      vertex 188.241 97.3681 0
      vertex 188.375 97.6905 13
      vertex 188.375 97.6905 0
    endloop
  endfacet
  facet normal -0.923416 0.383802 4.57728e-19
    outer loop
      vertex 188.375 97.6905 13
      vertex 188.241 97.3681 0
      vertex 188.241 97.3681 13
    endloop
  endfacet
  facet normal 0 1 0
    outer loop
      vertex 204 100 14
      vertex 199.651 100 13
      vertex 199.651 100 14
    endloop
  endfacet
  facet normal 0 1 -0
    outer loop
      vertex 204 100 0
      vertex 199.651 100 13
      vertex 204 100 14
    endloop
  endfacet
  facet normal 0 1 0
    outer loop
      vertex 192 100 0
      vertex 199.651 100 13
      vertex 204 100 0
    endloop
  endfacet
  facet normal 0 1 0
    outer loop
      vertex 199.651 100 13
      vertex 192 100 0
      vertex 192 100 13
    endloop
  endfacet
  facet normal -0.0435118 0.999053 0
    outer loop
      vertex 192 100 0
      vertex 191.651 99.9848 13
      vertex 192 100 13
    endloop
  endfacet
  facet normal -0.0435118 0.999053 0
    outer loop
      vertex 191.651 99.9848 13
      vertex 192 100 0
      vertex 191.651 99.9848 0
    endloop
  endfacet
  facet normal -0.792624 0.609711 1.47596e-19
    outer loop
      vertex 188.723 98.2943 0
      vertex 188.936 98.5712 13
      vertex 188.936 98.5712 0
    endloop
  endfacet
  facet normal -0.792624 0.609711 1.47596e-19
    outer loop
      vertex 188.936 98.5712 13
      vertex 188.723 98.2943 0
      vertex 188.723 98.2943 13
    endloop
  endfacet
  facet normal 0.130662 -0.991427 0
    outer loop
      vertex 204.349 80.0152 0
      vertex 204.695 80.0608 14
      vertex 204.349 80.0152 14
    endloop
  endfacet
  facet normal 0.130662 -0.991427 0
    outer loop
      vertex 204.695 80.0608 14
      vertex 204.349 80.0152 0
      vertex 204.695 80.0608 0
    endloop
  endfacet
  facet normal 0.53771 0.84313 -0
    outer loop
      vertex 206.294 99.2766 0
      vertex 206 99.4641 14
      vertex 206.294 99.2766 14
    endloop
  endfacet
  facet normal 0.53771 0.84313 0
    outer loop
      vertex 206 99.4641 14
      vertex 206.294 99.2766 0
      vertex 206 99.4641 0
    endloop
  endfacet
  facet normal -0.608492 -0.79356 0
    outer loop
      vertex 189.429 80.9358 0
      vertex 189.706 80.7234 13
      vertex 189.429 80.9358 13
    endloop
  endfacet
  facet normal -0.608492 -0.79356 -0
    outer loop
      vertex 189.706 80.7234 13
      vertex 189.429 80.9358 0
      vertex 189.706 80.7234 0
    endloop
  endfacet
  facet normal 0.953661 -0.300885 6.46555e-19
    outer loop
      vertex 207.759 82.6319 14
      vertex 207.864 82.9647 0
      vertex 207.864 82.9647 14
    endloop
  endfacet
  facet normal 0.953661 -0.300885 6.46555e-19
    outer loop
      vertex 207.864 82.9647 0
      vertex 207.759 82.6319 14
      vertex 207.759 82.6319 0
    endloop
  endfacet
  facet normal 1 -0 0
    outer loop
      vertex 208 84 14
      vertex 208 96 0
      vertex 208 96 14
    endloop
  endfacet
  facet normal 1 0 0
    outer loop
      vertex 208 96 0
      vertex 208 84 14
      vertex 208 84 0
    endloop
  endfacet
  facet normal -0.887146 0.461488 5.90836e-19
    outer loop
      vertex 188.375 97.6905 0
      vertex 188.536 98 13
      vertex 188.536 98 0
    endloop
  endfacet
  facet normal -0.887146 0.461488 5.90836e-19
    outer loop
      vertex 188.536 98 13
      vertex 188.375 97.6905 0
      vertex 188.375 97.6905 13
    endloop
  endfacet
  facet normal -0.953661 0.300885 6.9629e-19
    outer loop
      vertex 188.136 97.0353 0
      vertex 188.241 97.3681 13
      vertex 188.241 97.3681 0
    endloop
  endfacet
  facet normal -0.953661 0.300885 6.9629e-19
    outer loop
      vertex 188.241 97.3681 13
      vertex 188.136 97.0353 0
      vertex 188.136 97.0353 13
    endloop
  endfacet
  facet normal 0.792624 -0.609711 1.37054e-19
    outer loop
      vertex 207.064 81.4288 14
      vertex 207.277 81.7057 0
      vertex 207.277 81.7057 14
    endloop
  endfacet
  facet normal 0.792624 -0.609711 1.37054e-19
    outer loop
      vertex 207.277 81.7057 0
      vertex 207.064 81.4288 14
      vertex 207.064 81.4288 0
    endloop
  endfacet
  facet normal -0.38323 0.923653 0
    outer loop
      vertex 190.632 99.7588 0
      vertex 190.31 99.6252 13
      vertex 190.632 99.7588 13
    endloop
  endfacet
  facet normal -0.38323 0.923653 0
    outer loop
      vertex 190.31 99.6252 13
      vertex 190.632 99.7588 0
      vertex 190.31 99.6252 0
    endloop
  endfacet
  facet normal -0.736821 -0.676088 7.17002e-19
    outer loop
      vertex 189.172 81.1716 0
      vertex 188.936 81.4288 13
      vertex 188.936 81.4288 0
    endloop
  endfacet
  facet normal -0.736821 -0.676088 7.17002e-19
    outer loop
      vertex 188.936 81.4288 13
      vertex 189.172 81.1716 0
      vertex 189.172 81.1716 13
    endloop
  endfacet
  facet normal -0.53771 -0.84313 0
    outer loop
      vertex 189.706 80.7234 0
      vertex 190 80.5359 13
      vertex 189.706 80.7234 13
    endloop
  endfacet
  facet normal -0.53771 -0.84313 -0
    outer loop
      vertex 190 80.5359 13
      vertex 189.706 80.7234 0
      vertex 190 80.5359 0
    endloop
  endfacet
  facet normal 0.999076 0.0429895 2.91027e-20
    outer loop
      vertex 208 96 14
      vertex 207.985 96.3486 0
      vertex 207.985 96.3486 14
    endloop
  endfacet
  facet normal 0.999076 0.0429895 2.91027e-20
    outer loop
      vertex 207.985 96.3486 0
      vertex 208 96 14
      vertex 208 96 0
    endloop
  endfacet
  facet normal -0.38323 -0.923653 0
    outer loop
      vertex 190.31 80.3748 0
      vertex 190.632 80.2412 13
      vertex 190.31 80.3748 13
    endloop
  endfacet
  facet normal -0.38323 -0.923653 -0
    outer loop
      vertex 190.632 80.2412 13
      vertex 190.31 80.3748 0
      vertex 190.632 80.2412 0
    endloop
  endfacet
  facet normal -0.130662 0.991427 0
    outer loop
      vertex 191.651 99.9848 0
      vertex 191.305 99.9392 13
      vertex 191.651 99.9848 13
    endloop
  endfacet
  facet normal -0.130662 0.991427 0
    outer loop
      vertex 191.305 99.9392 13
      vertex 191.651 99.9848 0
      vertex 191.305 99.9392 0
    endloop
  endfacet
  facet normal 0.461127 -0.887334 0
    outer loop
      vertex 205.69 80.3748 0
      vertex 206 80.5359 14
      vertex 205.69 80.3748 14
    endloop
  endfacet
  facet normal 0.461127 -0.887334 0
    outer loop
      vertex 206 80.5359 14
      vertex 205.69 80.3748 0
      vertex 206 80.5359 0
    endloop
  endfacet
  facet normal 0.676062 -0.736845 0
    outer loop
      vertex 206.571 80.9358 0
      vertex 206.828 81.1716 14
      vertex 206.571 80.9358 14
    endloop
  endfacet
  facet normal 0.676062 -0.736845 0
    outer loop
      vertex 206.828 81.1716 14
      vertex 206.571 80.9358 0
      vertex 206.828 81.1716 0
    endloop
  endfacet
  facet normal -0.30046 -0.953795 0
    outer loop
      vertex 190.632 80.2412 0
      vertex 190.965 80.1363 13
      vertex 190.632 80.2412 13
    endloop
  endfacet
  facet normal -0.30046 -0.953795 -0
    outer loop
      vertex 190.965 80.1363 13
      vertex 190.632 80.2412 0
      vertex 190.965 80.1363 0
    endloop
  endfacet
  facet normal 0.792624 0.609711 -1.37054e-19
    outer loop
      vertex 207.277 98.2943 14
      vertex 207.064 98.5712 0
      vertex 207.064 98.5712 14
    endloop
  endfacet
  facet normal 0.792624 0.609711 -1.37054e-19
    outer loop
      vertex 207.064 98.5712 0
      vertex 207.277 98.2943 14
      vertex 207.277 98.2943 0
    endloop
  endfacet
  facet normal 0.953661 0.300885 -6.46555e-19
    outer loop
      vertex 207.864 97.0353 14
      vertex 207.759 97.3681 0
      vertex 207.759 97.3681 14
    endloop
  endfacet
  facet normal 0.953661 0.300885 -6.46555e-19
    outer loop
      vertex 207.759 97.3681 0
      vertex 207.864 97.0353 14
      vertex 207.864 97.0353 0
    endloop
  endfacet
  facet normal -0.461127 -0.887334 0
    outer loop
      vertex 190 80.5359 0
      vertex 190.31 80.3748 13
      vertex 190 80.5359 13
    endloop
  endfacet
  facet normal -0.461127 -0.887334 -0
    outer loop
      vertex 190.31 80.3748 13
      vertex 190 80.5359 0
      vertex 190.31 80.3748 0
    endloop
  endfacet
  facet normal 0.461127 0.887334 -0
    outer loop
      vertex 206 99.4641 0
      vertex 205.69 99.6252 14
      vertex 206 99.4641 14
    endloop
  endfacet
  facet normal 0.461127 0.887334 0
    outer loop
      vertex 205.69 99.6252 14
      vertex 206 99.4641 0
      vertex 205.69 99.6252 0
    endloop
  endfacet
  facet normal 0.30046 -0.953795 0
    outer loop
      vertex 205.035 80.1363 0
      vertex 205.368 80.2412 14
      vertex 205.035 80.1363 14
    endloop
  endfacet
  facet normal 0.30046 -0.953795 0
    outer loop
      vertex 205.368 80.2412 14
      vertex 205.035 80.1363 0
      vertex 205.368 80.2412 0
    endloop
  endfacet
  facet normal -0.976617 0.214988 -1.57409e-19
    outer loop
      vertex 188.061 96.6946 0
      vertex 188.136 97.0353 13
      vertex 188.136 97.0353 0
    endloop
  endfacet
  facet normal -0.976617 0.214988 -1.57409e-19
    outer loop
      vertex 188.136 97.0353 13
      vertex 188.061 96.6946 0
      vertex 188.061 96.6946 13
    endloop
  endfacet
  facet normal 0.887146 0.461488 -5.48633e-19
    outer loop
      vertex 207.625 97.6905 14
      vertex 207.464 98 0
      vertex 207.464 98 14
    endloop
  endfacet
  facet normal 0.887146 0.461488 -5.48633e-19
    outer loop
      vertex 207.464 98 0
      vertex 207.625 97.6905 14
      vertex 207.625 97.6905 0
    endloop
  endfacet
  facet normal 0.53771 -0.84313 0
    outer loop
      vertex 206 80.5359 0
      vertex 206.294 80.7234 14
      vertex 206 80.5359 14
    endloop
  endfacet
  facet normal 0.53771 -0.84313 0
    outer loop
      vertex 206.294 80.7234 14
      vertex 206 80.5359 0
      vertex 206.294 80.7234 0
    endloop
  endfacet
  facet normal 0.736821 0.676088 6.65788e-19
    outer loop
      vertex 207.064 98.5712 14
      vertex 206.828 98.8284 0
      vertex 206.828 98.8284 14
    endloop
  endfacet
  facet normal 0.736821 0.676088 6.65788e-19
    outer loop
      vertex 206.828 98.8284 0
      vertex 207.064 98.5712 14
      vertex 207.064 98.5712 0
    endloop
  endfacet
  facet normal -0.676062 -0.736845 0
    outer loop
      vertex 189.172 81.1716 0
      vertex 189.429 80.9358 13
      vertex 189.172 81.1716 13
    endloop
  endfacet
  facet normal -0.676062 -0.736845 -0
    outer loop
      vertex 189.429 80.9358 13
      vertex 189.172 81.1716 0
      vertex 189.429 80.9358 0
    endloop
  endfacet
  facet normal 0.844027 -0.5363 -3.12198e-19
    outer loop
      vertex 207.277 81.7057 14
      vertex 207.464 82 0
      vertex 207.464 82 14
    endloop
  endfacet
  facet normal 0.844027 -0.5363 -3.12198e-19
    outer loop
      vertex 207.464 82 0
      vertex 207.277 81.7057 14
      vertex 207.277 81.7057 0
    endloop
  endfacet
  facet normal 0.923416 0.383802 -4.25033e-19
    outer loop
      vertex 207.759 97.3681 14
      vertex 207.625 97.6905 0
      vertex 207.625 97.6905 14
    endloop
  endfacet
  facet normal 0.923416 0.383802 -4.25033e-19
    outer loop
      vertex 207.625 97.6905 0
      vertex 207.759 97.3681 14
      vertex 207.759 97.3681 0
    endloop
  endfacet
  facet normal 0.991278 0.131788 -2.85768e-19
    outer loop
      vertex 207.985 96.3486 14
      vertex 207.939 96.6946 0
      vertex 207.939 96.6946 14
    endloop
  endfacet
  facet normal 0.991278 0.131788 -2.85768e-19
    outer loop
      vertex 207.939 96.6946 0
      vertex 207.985 96.3486 14
      vertex 207.985 96.3486 0
    endloop
  endfacet
  facet normal 0.976617 -0.214988 -1.46166e-19
    outer loop
      vertex 207.864 82.9647 14
      vertex 207.939 83.3054 0
      vertex 207.939 83.3054 14
    endloop
  endfacet
  facet normal 0.976617 -0.214988 -1.46166e-19
    outer loop
      vertex 207.939 83.3054 0
      vertex 207.864 82.9647 14
      vertex 207.864 82.9647 0
    endloop
  endfacet
  facet normal -0.216778 0.976221 0
    outer loop
      vertex 191.305 99.9392 0
      vertex 190.965 99.8637 13
      vertex 191.305 99.9392 13
    endloop
  endfacet
  facet normal -0.216778 0.976221 0
    outer loop
      vertex 190.965 99.8637 13
      vertex 191.305 99.9392 0
      vertex 190.965 99.8637 0
    endloop
  endfacet
  facet normal 0.844027 0.5363 3.12198e-19
    outer loop
      vertex 207.464 98 14
      vertex 207.277 98.2943 0
      vertex 207.277 98.2943 14
    endloop
  endfacet
  facet normal 0.844027 0.5363 3.12198e-19
    outer loop
      vertex 207.277 98.2943 0
      vertex 207.464 98 14
      vertex 207.464 98 0
    endloop
  endfacet
  facet normal -0.130662 -0.991427 0
    outer loop
      vertex 191.305 80.0608 0
      vertex 191.651 80.0152 13
      vertex 191.305 80.0608 13
    endloop
  endfacet
  facet normal -0.130662 -0.991427 -0
    outer loop
      vertex 191.651 80.0152 13
      vertex 191.305 80.0608 0
      vertex 191.651 80.0152 0
    endloop
  endfacet
  facet normal 0.676062 0.736845 -0
    outer loop
      vertex 206.828 98.8284 0
      vertex 206.571 99.0642 14
      vertex 206.828 98.8284 14
    endloop
  endfacet
  facet normal 0.676062 0.736845 0
    outer loop
      vertex 206.571 99.0642 14
      vertex 206.828 98.8284 0
      vertex 206.571 99.0642 0
    endloop
  endfacet
  facet normal -0.0435118 -0.999053 0
    outer loop
      vertex 191.651 80.0152 0
      vertex 192 80 13
      vertex 191.651 80.0152 13
    endloop
  endfacet
  facet normal -0.0435118 -0.999053 -0
    outer loop
      vertex 192 80 13
      vertex 191.651 80.0152 0
      vertex 192 80 0
    endloop
  endfacet
  facet normal -0.953661 -0.300885 -6.9629e-19
    outer loop
      vertex 188.241 82.6319 0
      vertex 188.136 82.9647 13
      vertex 188.136 82.9647 0
    endloop
  endfacet
  facet normal -0.953661 -0.300885 -6.9629e-19
    outer loop
      vertex 188.136 82.9647 13
      vertex 188.241 82.6319 0
      vertex 188.241 82.6319 13
    endloop
  endfacet
  facet normal -0.792624 -0.609711 -1.47596e-19
    outer loop
      vertex 188.936 81.4288 0
      vertex 188.723 81.7057 13
      vertex 188.723 81.7057 0
    endloop
  endfacet
  facet normal -0.792624 -0.609711 -1.47596e-19
    outer loop
      vertex 188.723 81.7057 13
      vertex 188.936 81.4288 0
      vertex 188.936 81.4288 13
    endloop
  endfacet
  facet normal 0.991278 -0.131788 2.85768e-19
    outer loop
      vertex 207.939 83.3054 14
      vertex 207.985 83.6514 0
      vertex 207.985 83.6514 14
    endloop
  endfacet
  facet normal 0.991278 -0.131788 2.85768e-19
    outer loop
      vertex 207.985 83.6514 0
      vertex 207.939 83.3054 14
      vertex 207.939 83.3054 0
    endloop
  endfacet
  facet normal 0.976617 0.214988 1.46166e-19
    outer loop
      vertex 207.939 96.6946 14
      vertex 207.864 97.0353 0
      vertex 207.864 97.0353 14
    endloop
  endfacet
  facet normal 0.976617 0.214988 1.46166e-19
    outer loop
      vertex 207.864 97.0353 0
      vertex 207.939 96.6946 14
      vertex 207.939 96.6946 0
    endloop
  endfacet
  facet normal 0.38323 -0.923653 0
    outer loop
      vertex 205.368 80.2412 0
      vertex 205.69 80.3748 14
      vertex 205.368 80.2412 14
    endloop
  endfacet
  facet normal 0.38323 -0.923653 0
    outer loop
      vertex 205.69 80.3748 14
      vertex 205.368 80.2412 0
      vertex 205.69 80.3748 0
    endloop
  endfacet
  facet normal -0.887146 -0.461488 -5.90836e-19
    outer loop
      vertex 188.536 82 0
      vertex 188.375 82.3095 13
      vertex 188.375 82.3095 0
    endloop
  endfacet
  facet normal -0.887146 -0.461488 -5.90836e-19
    outer loop
      vertex 188.375 82.3095 13
      vertex 188.536 82 0
      vertex 188.536 82 13
    endloop
  endfacet
  facet normal 0.216778 0.976221 -0
    outer loop
      vertex 205.035 99.8637 0
      vertex 204.695 99.9392 14
      vertex 205.035 99.8637 14
    endloop
  endfacet
  facet normal 0.216778 0.976221 0
    outer loop
      vertex 204.695 99.9392 14
      vertex 205.035 99.8637 0
      vertex 204.695 99.9392 0
    endloop
  endfacet
  facet normal -0.216778 -0.976221 0
    outer loop
      vertex 190.965 80.1363 0
      vertex 191.305 80.0608 13
      vertex 190.965 80.1363 13
    endloop
  endfacet
  facet normal -0.216778 -0.976221 -0
    outer loop
      vertex 191.305 80.0608 13
      vertex 190.965 80.1363 0
      vertex 191.305 80.0608 0
    endloop
  endfacet
  facet normal -0.844027 -0.5363 3.36213e-19
    outer loop
      vertex 188.723 81.7057 0
      vertex 188.536 82 13
      vertex 188.536 82 0
    endloop
  endfacet
  facet normal -0.844027 -0.5363 3.36213e-19
    outer loop
      vertex 188.536 82 13
      vertex 188.723 81.7057 0
      vertex 188.723 81.7057 13
    endloop
  endfacet
  facet normal 0.608492 -0.79356 0
    outer loop
      vertex 206.294 80.7234 0
      vertex 206.571 80.9358 14
      vertex 206.294 80.7234 14
    endloop
  endfacet
  facet normal 0.608492 -0.79356 0
    outer loop
      vertex 206.571 80.9358 14
      vertex 206.294 80.7234 0
      vertex 206.571 80.9358 0
    endloop
  endfacet
  facet normal 0.0435118 -0.999053 0
    outer loop
      vertex 204 80 0
      vertex 204.349 80.0152 14
      vertex 204 80 14
    endloop
  endfacet
  facet normal 0.0435118 -0.999053 0
    outer loop
      vertex 204.349 80.0152 14
      vertex 204 80 0
      vertex 204.349 80.0152 0
    endloop
  endfacet
  facet normal 0.887146 -0.461488 5.48633e-19
    outer loop
      vertex 207.464 82 14
      vertex 207.625 82.3095 0
      vertex 207.625 82.3095 14
    endloop
  endfacet
  facet normal 0.887146 -0.461488 5.48633e-19
    outer loop
      vertex 207.625 82.3095 0
      vertex 207.464 82 14
      vertex 207.464 82 0
    endloop
  endfacet
  facet normal 0 0 -1
    outer loop
      vertex 204 80 0
      vertex 208 84 0
      vertex 207.985 83.6514 0
    endloop
  endfacet
  facet normal -0 0 -1
    outer loop
      vertex 208 84 0
      vertex 204 80 0
      vertex 208 96 0
    endloop
  endfacet
  facet normal 0 0 -1
    outer loop
      vertex 204 80 0
      vertex 207.985 83.6514 0
      vertex 207.939 83.3054 0
    endloop
  endfacet
  facet normal 0 0 -1
    outer loop
      vertex 204 100 0
      vertex 208 96 0
      vertex 204 80 0
    endloop
  endfacet
  facet normal 0 0 -1
    outer loop
      vertex 204 80 0
      vertex 207.939 83.3054 0
      vertex 207.864 82.9647 0
    endloop
  endfacet
  facet normal 0 0 -1
    outer loop
      vertex 208 96 0
      vertex 204 100 0
      vertex 207.985 96.3486 0
    endloop
  endfacet
  facet normal 0 0 -1
    outer loop
      vertex 204 80 0
      vertex 207.864 82.9647 0
      vertex 207.759 82.6319 0
    endloop
  endfacet
  facet normal 0 0 -1
    outer loop
      vertex 207.985 96.3486 0
      vertex 204 100 0
      vertex 207.939 96.6946 0
    endloop
  endfacet
  facet normal 0 0 -1
    outer loop
      vertex 204 80 0
      vertex 207.759 82.6319 0
      vertex 207.625 82.3095 0
    endloop
  endfacet
  facet normal 0 0 -1
    outer loop
      vertex 207.939 96.6946 0
      vertex 204 100 0
      vertex 207.864 97.0353 0
    endloop
  endfacet
  facet normal 0 0 -1
    outer loop
      vertex 204 80 0
      vertex 207.625 82.3095 0
      vertex 207.464 82 0
    endloop
  endfacet
  facet normal 0 0 -1
    outer loop
      vertex 207.864 97.0353 0
      vertex 204 100 0
      vertex 207.759 97.3681 0
    endloop
  endfacet
  facet normal 0 0 -1
    outer loop
      vertex 204 80 0
      vertex 207.464 82 0
      vertex 207.277 81.7057 0
    endloop
  endfacet
  facet normal 0 0 -1
    outer loop
      vertex 207.759 97.3681 0
      vertex 204 100 0
      vertex 207.625 97.6905 0
    endloop
  endfacet
  facet normal 0 0 -1
    outer loop
      vertex 204 80 0
      vertex 207.277 81.7057 0
      vertex 207.064 81.4288 0
    endloop
  endfacet
  facet normal 0 0 -1
    outer loop
      vertex 207.625 97.6905 0
      vertex 204 100 0
      vertex 207.464 98 0
    endloop
  endfacet
  facet normal 0 0 -1
    outer loop
      vertex 204 80 0
      vertex 207.064 81.4288 0
      vertex 206.828 81.1716 0
    endloop
  endfacet
  facet normal 0 0 -1
    outer loop
      vertex 207.464 98 0
      vertex 204 100 0
      vertex 207.277 98.2943 0
    endloop
  endfacet
  facet normal 0 0 -1
    outer loop
      vertex 204 80 0
      vertex 206.828 81.1716 0
      vertex 206.571 80.9358 0
    endloop
  endfacet
  facet normal 0 0 -1
    outer loop
      vertex 207.277 98.2943 0
      vertex 204 100 0
      vertex 207.064 98.5712 0
    endloop
  endfacet
  facet normal 0 0 -1
    outer loop
      vertex 204 80 0
      vertex 206.571 80.9358 0
      vertex 206.294 80.7234 0
    endloop
  endfacet
  facet normal 0 0 -1
    outer loop
      vertex 207.064 98.5712 0
      vertex 204 100 0
      vertex 206.828 98.8284 0
    endloop
  endfacet
  facet normal 0 0 -1
    outer loop
      vertex 204 80 0
      vertex 206.294 80.7234 0
      vertex 206 80.5359 0
    endloop
  endfacet
  facet normal 0 0 -1
    outer loop
      vertex 206.828 98.8284 0
      vertex 204 100 0
      vertex 206.571 99.0642 0
    endloop
  endfacet
  facet normal 0 0 -1
    outer loop
      vertex 204 80 0
      vertex 206 80.5359 0
      vertex 205.69 80.3748 0
    endloop
  endfacet
  facet normal 0 0 -1
    outer loop
      vertex 206.571 99.0642 0
      vertex 204 100 0
      vertex 206.294 99.2766 0
    endloop
  endfacet
  facet normal 0 0 -1
    outer loop
      vertex 204 80 0
      vertex 205.69 80.3748 0
      vertex 205.368 80.2412 0
    endloop
  endfacet
  facet normal 0 0 -1
    outer loop
      vertex 206.294 99.2766 0
      vertex 204 100 0
      vertex 206 99.4641 0
    endloop
  endfacet
  facet normal 0 0 -1
    outer loop
      vertex 204 80 0
      vertex 205.368 80.2412 0
      vertex 205.035 80.1363 0
    endloop
  endfacet
  facet normal 0 0 -1
    outer loop
      vertex 206 99.4641 0
      vertex 204 100 0
      vertex 205.69 99.6252 0
    endloop
  endfacet
  facet normal 0 0 -1
    outer loop
      vertex 204 80 0
      vertex 205.035 80.1363 0
      vertex 204.695 80.0608 0
    endloop
  endfacet
  facet normal 0 0 -1
    outer loop
      vertex 205.69 99.6252 0
      vertex 204 100 0
      vertex 205.368 99.7588 0
    endloop
  endfacet
  facet normal 0 0 -1
    outer loop
      vertex 204 80 0
      vertex 204.695 80.0608 0
      vertex 204.349 80.0152 0
    endloop
  endfacet
  facet normal 0 0 -1
    outer loop
      vertex 205.368 99.7588 0
      vertex 204 100 0
      vertex 205.035 99.8637 0
    endloop
  endfacet
  facet normal 0 0 -1
    outer loop
      vertex 205.035 99.8637 0
      vertex 204 100 0
      vertex 204.695 99.9392 0
    endloop
  endfacet
  facet normal 0 0 -1
    outer loop
      vertex 204.695 99.9392 0
      vertex 204 100 0
      vertex 204.349 99.9848 0
    endloop
  endfacet
  facet normal 0 0 -1
    outer loop
      vertex 192 80 0
      vertex 204 100 0
      vertex 204 80 0
    endloop
  endfacet
  facet normal 0 0 -1
    outer loop
      vertex 192 80 0
      vertex 192 100 0
      vertex 204 100 0
    endloop
  endfacet
  facet normal 0 0 -1
    outer loop
      vertex 188 84 0
      vertex 192 80 0
      vertex 191.651 80.0152 0
    endloop
  endfacet
  facet normal 0 0 -1
    outer loop
      vertex 192 80 0
      vertex 188 84 0
      vertex 192 100 0
    endloop
  endfacet
  facet normal 0 0 -1
    outer loop
      vertex 188 84 0
      vertex 191.651 80.0152 0
      vertex 191.305 80.0608 0
    endloop
  endfacet
  facet normal 0 0 -1
    outer loop
      vertex 188 96 0
      vertex 192 100 0
      vertex 188 84 0
    endloop
  endfacet
  facet normal 0 0 -1
    outer loop
      vertex 188 84 0
      vertex 191.305 80.0608 0
      vertex 190.965 80.1363 0
    endloop
  endfacet
  facet normal 0 0 -1
    outer loop
      vertex 192 100 0
      vertex 188 96 0
      vertex 191.651 99.9848 0
    endloop
  endfacet
  facet normal 0 0 -1
    outer loop
      vertex 188 84 0
      vertex 190.965 80.1363 0
      vertex 190.632 80.2412 0
    endloop
  endfacet
  facet normal 0 0 -1
    outer loop
      vertex 191.651 99.9848 0
      vertex 188 96 0
      vertex 191.305 99.9392 0
    endloop
  endfacet
  facet normal 0 0 -1
    outer loop
      vertex 188 84 0
      vertex 190.632 80.2412 0
      vertex 190.31 80.3748 0
    endloop
  endfacet
  facet normal 0 0 -1
    outer loop
      vertex 191.305 99.9392 0
      vertex 188 96 0
      vertex 190.965 99.8637 0
    endloop
  endfacet
  facet normal 0 0 -1
    outer loop
      vertex 188 84 0
      vertex 190.31 80.3748 0
      vertex 190 80.5359 0
    endloop
  endfacet
  facet normal 0 0 -1
    outer loop
      vertex 190.965 99.8637 0
      vertex 188 96 0
      vertex 190.632 99.7588 0
    endloop
  endfacet
  facet normal 0 0 -1
    outer loop
      vertex 188 84 0
      vertex 190 80.5359 0
      vertex 189.706 80.7234 0
    endloop
  endfacet
  facet normal 0 0 -1
    outer loop
      vertex 190.632 99.7588 0
      vertex 188 96 0
      vertex 190.31 99.6252 0
    endloop
  endfacet
  facet normal 0 0 -1
    outer loop
      vertex 188 84 0
      vertex 189.706 80.7234 0
      vertex 189.429 80.9358 0
    endloop
  endfacet
  facet normal 0 0 -1
    outer loop
      vertex 190.31 99.6252 0
      vertex 188 96 0
      vertex 190 99.4641 0
    endloop
  endfacet
  facet normal 0 0 -1
    outer loop
      vertex 188 84 0
      vertex 189.429 80.9358 0
      vertex 189.172 81.1716 0
    endloop
  endfacet
  facet normal 0 0 -1
    outer loop
      vertex 190 99.4641 0
      vertex 188 96 0
      vertex 189.706 99.2766 0
    endloop
  endfacet
  facet normal 0 0 -1
    outer loop
      vertex 188 84 0
      vertex 189.172 81.1716 0
      vertex 188.936 81.4288 0
    endloop
  endfacet
  facet normal 0 0 -1
    outer loop
      vertex 189.706 99.2766 0
      vertex 188 96 0
      vertex 189.429 99.0642 0
    endloop
  endfacet
  facet normal 0 0 -1
    outer loop
      vertex 188 84 0
      vertex 188.936 81.4288 0
      vertex 188.723 81.7057 0
    endloop
  endfacet
  facet normal 0 0 -1
    outer loop
      vertex 189.429 99.0642 0
      vertex 188 96 0
      vertex 189.172 98.8284 0
    endloop
  endfacet
  facet normal 0 0 -1
    outer loop
      vertex 188 84 0
      vertex 188.723 81.7057 0
      vertex 188.536 82 0
    endloop
  endfacet
  facet normal 0 0 -1
    outer loop
      vertex 189.172 98.8284 0
      vertex 188 96 0
      vertex 188.936 98.5712 0
    endloop
  endfacet
  facet normal 0 0 -1
    outer loop
      vertex 188 84 0
      vertex 188.536 82 0
      vertex 188.375 82.3095 0
    endloop
  endfacet
  facet normal 0 0 -1
    outer loop
      vertex 188.936 98.5712 0
      vertex 188 96 0
      vertex 188.723 98.2943 0
    endloop
  endfacet
  facet normal 0 0 -1
    outer loop
      vertex 188 84 0
      vertex 188.375 82.3095 0
      vertex 188.241 82.6319 0
    endloop
  endfacet
  facet normal 0 0 -1
    outer loop
      vertex 188.723 98.2943 0
      vertex 188 96 0
      vertex 188.536 98 0
    endloop
  endfacet
  facet normal 0 0 -1
    outer loop
      vertex 188 84 0
      vertex 188.241 82.6319 0
      vertex 188.136 82.9647 0
    endloop
  endfacet
  facet normal 0 0 -1
    outer loop
      vertex 188.536 98 0
      vertex 188 96 0
      vertex 188.375 97.6905 0
    endloop
  endfacet
  facet normal 0 0 -1
    outer loop
      vertex 188 84 0
      vertex 188.136 82.9647 0
      vertex 188.061 83.3054 0
    endloop
  endfacet
  facet normal 0 0 -1
    outer loop
      vertex 188.375 97.6905 0
      vertex 188 96 0
      vertex 188.241 97.3681 0
    endloop
  endfacet
  facet normal 0 0 -1
    outer loop
      vertex 188 84 0
      vertex 188.061 83.3054 0
      vertex 188.015 83.6514 0
    endloop
  endfacet
  facet normal 0 0 -1
    outer loop
      vertex 188.241 97.3681 0
      vertex 188 96 0
      vertex 188.136 97.0353 0
    endloop
  endfacet
  facet normal 0 0 -1
    outer loop
      vertex 188.136 97.0353 0
      vertex 188 96 0
      vertex 188.061 96.6946 0
    endloop
  endfacet
  facet normal 0 0 -1
    outer loop
      vertex 188.061 96.6946 0
      vertex 188 96 0
      vertex 188.015 96.3486 0
    endloop
  endfacet
  facet normal 0.991425 0.130673 -1.33879e-18
    outer loop
      vertex 37.4753 31.5665 23
      vertex 37.4012 32.1287 19
      vertex 37.4012 32.1287 23
    endloop
  endfacet
  facet normal 0.991425 0.130673 -1.33879e-18
    outer loop
      vertex 37.4012 32.1287 19
      vertex 37.4753 31.5665 23
      vertex 37.4753 31.5665 19
    endloop
  endfacet
  facet normal 0.999051 0.0435597 1.61999e-19
    outer loop
      vertex 37.5 31 23
      vertex 37.4753 31.5665 19
      vertex 37.4753 31.5665 23
    endloop
  endfacet
  facet normal 0.999051 0.0435597 1.61999e-19
    outer loop
      vertex 37.4753 31.5665 19
      vertex 37.5 31 23
      vertex 37.5 31 19
    endloop
  endfacet
  facet normal 0.976307 0.216389 5.53425e-19
    outer loop
      vertex 37.4012 32.1287 23
      vertex 37.2785 32.6823 19
      vertex 37.2785 32.6823 23
    endloop
  endfacet
  facet normal 0.976307 0.216389 5.53425e-19
    outer loop
      vertex 37.2785 32.6823 19
      vertex 37.4012 32.1287 23
      vertex 37.4012 32.1287 19
    endloop
  endfacet
  facet normal 0.300684 0.953724 -0
    outer loop
      vertex 33.2231 37.108 19
      vertex 32.6823 37.2785 23
      vertex 33.2231 37.108 23
    endloop
  endfacet
  facet normal 0.300684 0.953724 0
    outer loop
      vertex 32.6823 37.2785 23
      vertex 33.2231 37.108 19
      vertex 32.6823 37.2785 19
    endloop
  endfacet
  facet normal 0.923884 0.382674 1.13602e-18
    outer loop
      vertex 37.108 33.2231 23
      vertex 36.891 33.747 19
      vertex 36.891 33.747 23
    endloop
  endfacet
  facet normal 0.923884 0.382674 1.13602e-18
    outer loop
      vertex 36.891 33.747 19
      vertex 37.108 33.2231 23
      vertex 37.108 33.2231 19
    endloop
  endfacet
  facet normal -0.216389 0.976307 0
    outer loop
      vertex 29.8713 37.4012 19
      vertex 29.3177 37.2785 23
      vertex 29.8713 37.4012 23
    endloop
  endfacet
  facet normal -0.216389 0.976307 0
    outer loop
      vertex 29.3177 37.2785 23
      vertex 29.8713 37.4012 19
      vertex 29.3177 37.2785 19
    endloop
  endfacet
  facet normal 0.0435597 -0.999051 0
    outer loop
      vertex 31 24.5 19
      vertex 31.5665 24.5247 23
      vertex 31 24.5 23
    endloop
  endfacet
  facet normal 0.0435597 -0.999051 0
    outer loop
      vertex 31.5665 24.5247 23
      vertex 31 24.5 19
      vertex 31.5665 24.5247 19
    endloop
  endfacet
  facet normal 0.216557 -0.97627 0
    outer loop
      vertex 32.1287 24.5987 19
      vertex 32.6823 24.7215 23
      vertex 32.1287 24.5987 23
    endloop
  endfacet
  facet normal 0.216557 -0.97627 0
    outer loop
      vertex 32.6823 24.7215 23
      vertex 32.1287 24.5987 19
      vertex 32.6823 24.7215 19
    endloop
  endfacet
  facet normal 0.537366 -0.843349 0
    outer loop
      vertex 34.25 25.3708 19
      vertex 34.7282 25.6755 23
      vertex 34.25 25.3708 23
    endloop
  endfacet
  facet normal 0.537366 -0.843349 0
    outer loop
      vertex 34.7282 25.6755 23
      vertex 34.25 25.3708 19
      vertex 34.7282 25.6755 19
    endloop
  endfacet
  facet normal 0.793371 -0.608739 2.82726e-18
    outer loop
      vertex 35.9793 26.8219 23
      vertex 36.3245 27.2718 19
      vertex 36.3245 27.2718 23
    endloop
  endfacet
  facet normal 0.793371 -0.608739 2.82726e-18
    outer loop
      vertex 36.3245 27.2718 19
      vertex 35.9793 26.8219 23
      vertex 35.9793 26.8219 19
    endloop
  endfacet
  facet normal 0.382674 0.923884 -0
    outer loop
      vertex 33.747 36.891 19
      vertex 33.2231 37.108 23
      vertex 33.747 36.891 23
    endloop
  endfacet
  facet normal 0.382674 0.923884 0
    outer loop
      vertex 33.2231 37.108 23
      vertex 33.747 36.891 19
      vertex 33.2231 37.108 19
    endloop
  endfacet
  facet normal 0.216389 0.976307 -0
    outer loop
      vertex 32.6823 37.2785 19
      vertex 32.1287 37.4012 23
      vertex 32.6823 37.2785 23
    endloop
  endfacet
  facet normal 0.216389 0.976307 0
    outer loop
      vertex 32.1287 37.4012 23
      vertex 32.6823 37.2785 19
      vertex 32.1287 37.4012 19
    endloop
  endfacet
  facet normal 0.991425 -0.130673 1.52478e-18
    outer loop
      vertex 37.4012 29.8713 23
      vertex 37.4753 30.4335 19
      vertex 37.4753 30.4335 23
    endloop
  endfacet
  facet normal 0.991425 -0.130673 1.52478e-18
    outer loop
      vertex 37.4753 30.4335 19
      vertex 37.4012 29.8713 23
      vertex 37.4012 29.8713 19
    endloop
  endfacet
  facet normal -0.537366 0.843349 0
    outer loop
      vertex 27.75 36.6292 19
      vertex 27.2718 36.3245 23
      vertex 27.75 36.6292 23
    endloop
  endfacet
  facet normal -0.537366 0.843349 0
    outer loop
      vertex 27.2718 36.3245 23
      vertex 27.75 36.6292 19
      vertex 27.2718 36.3245 19
    endloop
  endfacet
  facet normal -0.1305 -0.991448 0
    outer loop
      vertex 29.8713 24.5987 19
      vertex 30.4335 24.5247 23
      vertex 29.8713 24.5987 23
    endloop
  endfacet
  facet normal -0.1305 -0.991448 -0
    outer loop
      vertex 30.4335 24.5247 23
      vertex 29.8713 24.5987 19
      vertex 30.4335 24.5247 19
    endloop
  endfacet
  facet normal -0.843349 0.537366 8.42088e-20
    outer loop
      vertex 25.3708 34.25 19
      vertex 25.6755 34.7282 23
      vertex 25.6755 34.7282 19
    endloop
  endfacet
  facet normal -0.843349 0.537366 8.42088e-20
    outer loop
      vertex 25.6755 34.7282 23
      vertex 25.3708 34.25 19
      vertex 25.3708 34.25 23
    endloop
  endfacet
  facet normal -0.953885 -0.300173 -2.02177e-19
    outer loop
      vertex 24.7395 29.2605 19
      vertex 24.7215 29.3177 23
      vertex 24.7215 29.3177 19
    endloop
  endfacet
  facet normal -0.953885 -0.300173 -2.02177e-19
    outer loop
      vertex 24.7215 29.3177 23
      vertex 24.7395 29.2605 19
      vertex 24.7395 29.2605 23
    endloop
  endfacet
  facet normal 0.923884 -0.382674 2.24127e-18
    outer loop
      vertex 36.891 28.253 23
      vertex 37.108 28.7769 19
      vertex 37.108 28.7769 23
    endloop
  endfacet
  facet normal 0.923884 -0.382674 2.24127e-18
    outer loop
      vertex 37.108 28.7769 19
      vertex 36.891 28.253 23
      vertex 36.891 28.253 19
    endloop
  endfacet
  facet normal 0.976307 -0.216389 -1.64009e-18
    outer loop
      vertex 37.2785 29.3177 23
      vertex 37.4012 29.8713 19
      vertex 37.4012 29.8713 23
    endloop
  endfacet
  facet normal 0.976307 -0.216389 -1.64009e-18
    outer loop
      vertex 37.4012 29.8713 19
      vertex 37.2785 29.3177 23
      vertex 37.2785 29.3177 19
    endloop
  endfacet
  facet normal -0.675573 0.737293 0
    outer loop
      vertex 26.8219 35.9793 19
      vertex 26.4038 35.5962 23
      vertex 26.8219 35.9793 23
    endloop
  endfacet
  facet normal -0.675573 0.737293 0
    outer loop
      vertex 26.4038 35.5962 23
      vertex 26.8219 35.9793 19
      vertex 26.4038 35.5962 19
    endloop
  endfacet
  facet normal -0 0 1
    outer loop
      vertex 16.5 24.4019 19
      vertex 16.5987 24.1287 19
      vertex 16.6855 24.5201 19
    endloop
  endfacet
  facet normal -0 0 1
    outer loop
      vertex 16.2679 24.2811 19
      vertex 16.5987 24.1287 19
      vertex 16.5 24.4019 19
    endloop
  endfacet
  facet normal -0 0 1
    outer loop
      vertex 16.0261 24.1809 19
      vertex 16.5987 24.1287 19
      vertex 16.2679 24.2811 19
    endloop
  endfacet
  facet normal 0 0 1
    outer loop
      vertex 16.5987 24.1287 19
      vertex 16.0261 24.1809 19
      vertex 16.5247 23.5665 19
    endloop
  endfacet
  facet normal 0 0 1
    outer loop
      vertex 30.4335 24.5247 19
      vertex 29.4753 23.5665 19
      vertex 29.5 23 19
    endloop
  endfacet
  facet normal 0 0 1
    outer loop
      vertex 29.8713 24.5987 19
      vertex 29.4012 24.1287 19
      vertex 29.4753 23.5665 19
    endloop
  endfacet
  facet normal 0 0 1
    outer loop
      vertex 29.3177 24.7215 19
      vertex 29.4012 24.1287 19
      vertex 29.8713 24.5987 19
    endloop
  endfacet
  facet normal 0 0 1
    outer loop
      vertex 29.3177 24.7215 19
      vertex 29.2785 24.6823 19
      vertex 29.4012 24.1287 19
    endloop
  endfacet
  facet normal 0 -0 1
    outer loop
      vertex 29.2785 24.6823 19
      vertex 29.3177 24.7215 19
      vertex 29.2605 24.7395 19
    endloop
  endfacet
  facet normal 0 0 1
    outer loop
      vertex 48.8635 37.5239 19
      vertex 37.4753 31.5665 19
      vertex 37.5 31 19
    endloop
  endfacet
  facet normal 0 0 1
    outer loop
      vertex 42.9462 42.9462 19
      vertex 37.4012 32.1287 19
      vertex 37.4753 31.5665 19
    endloop
  endfacet
  facet normal 0 0 1
    outer loop
      vertex 42.9462 42.9462 19
      vertex 37.2785 32.6823 19
      vertex 37.4012 32.1287 19
    endloop
  endfacet
  facet normal 0 0 1
    outer loop
      vertex 42.9462 42.9462 19
      vertex 37.108 33.2231 19
      vertex 37.2785 32.6823 19
    endloop
  endfacet
  facet normal 0 0 1
    outer loop
      vertex 42.9462 42.9462 19
      vertex 36.891 33.747 19
      vertex 37.108 33.2231 19
    endloop
  endfacet
  facet normal 0 0 1
    outer loop
      vertex 42.9462 42.9462 19
      vertex 36.6292 34.25 19
      vertex 36.891 33.747 19
    endloop
  endfacet
  facet normal 0 0 1
    outer loop
      vertex 42.9462 42.9462 19
      vertex 36.3245 34.7282 19
      vertex 36.6292 34.25 19
    endloop
  endfacet
  facet normal 0 0 1
    outer loop
      vertex 42.9462 42.9462 19
      vertex 35.9793 35.1781 19
      vertex 36.3245 34.7282 19
    endloop
  endfacet
  facet normal 0 0 1
    outer loop
      vertex 42.9462 42.9462 19
      vertex 35.5962 35.5962 19
      vertex 35.9793 35.1781 19
    endloop
  endfacet
  facet normal 0 0 1
    outer loop
      vertex 42.9462 42.9462 19
      vertex 35.1781 35.9793 19
      vertex 35.5962 35.5962 19
    endloop
  endfacet
  facet normal 0 0 1
    outer loop
      vertex 42.9462 42.9462 19
      vertex 34.7282 36.3245 19
      vertex 35.1781 35.9793 19
    endloop
  endfacet
  facet normal 0 0 1
    outer loop
      vertex 42.9462 42.9462 19
      vertex 34.25 36.6292 19
      vertex 34.7282 36.3245 19
    endloop
  endfacet
  facet normal 0 0 1
    outer loop
      vertex 42.9462 42.9462 19
      vertex 33.747 36.891 19
      vertex 34.25 36.6292 19
    endloop
  endfacet
  facet normal 0 0 1
    outer loop
      vertex 37.5239 48.8635 19
      vertex 33.2231 37.108 19
      vertex 33.747 36.891 19
    endloop
  endfacet
  facet normal 0 0 1
    outer loop
      vertex 37.5239 48.8635 19
      vertex 32.6823 37.2785 19
      vertex 33.2231 37.108 19
    endloop
  endfacet
  facet normal 0 0 1
    outer loop
      vertex 29.8713 37.4012 19
      vertex 37.5239 48.8635 19
      vertex 32.638 55.231 19
    endloop
  endfacet
  facet normal 0 0 1
    outer loop
      vertex 37.5239 48.8635 19
      vertex 32.1287 37.4012 19
      vertex 32.6823 37.2785 19
    endloop
  endfacet
  facet normal 0 0 1
    outer loop
      vertex 37.5239 48.8635 19
      vertex 31.5665 37.4753 19
      vertex 32.1287 37.4012 19
    endloop
  endfacet
  facet normal 0 0 1
    outer loop
      vertex 37.5239 48.8635 19
      vertex 31 37.5 19
      vertex 31.5665 37.4753 19
    endloop
  endfacet
  facet normal 0 0 1
    outer loop
      vertex 37.5239 48.8635 19
      vertex 30.4335 37.4753 19
      vertex 31 37.5 19
    endloop
  endfacet
  facet normal 0 0 1
    outer loop
      vertex 37.5239 48.8635 19
      vertex 29.8713 37.4012 19
      vertex 30.4335 37.4753 19
    endloop
  endfacet
  facet normal 0 0 1
    outer loop
      vertex 32.638 55.231 19
      vertex 29.3177 37.2785 19
      vertex 29.8713 37.4012 19
    endloop
  endfacet
  facet normal 0 0 1
    outer loop
      vertex 32.638 55.231 19
      vertex 28.7769 37.108 19
      vertex 29.3177 37.2785 19
    endloop
  endfacet
  facet normal 0 0 1
    outer loop
      vertex 16.0261 39.8191 19
      vertex 32.638 55.231 19
      vertex 28.3257 62 19
    endloop
  endfacet
  facet normal 0 0 1
    outer loop
      vertex 32.638 55.231 19
      vertex 16.9284 39.2981 19
      vertex 28.7769 37.108 19
    endloop
  endfacet
  facet normal -0 -0 1
    outer loop
      vertex 17.1213 39.1213 19
      vertex 28.7769 37.108 19
      vertex 16.9284 39.2981 19
    endloop
  endfacet
  facet normal 0 0 1
    outer loop
      vertex 28.7769 37.108 19
      vertex 17.1213 39.1213 19
      vertex 28.253 36.891 19
    endloop
  endfacet
  facet normal -0 -0 1
    outer loop
      vertex 17.2981 38.9284 19
      vertex 28.253 36.891 19
      vertex 17.1213 39.1213 19
    endloop
  endfacet
  facet normal 0 0 1
    outer loop
      vertex 28.253 36.891 19
      vertex 17.2981 38.9284 19
      vertex 27.75 36.6292 19
    endloop
  endfacet
  facet normal 0 0 1
    outer loop
      vertex 27.75 36.6292 19
      vertex 17.4575 38.7207 19
      vertex 27.2718 36.3245 19
    endloop
  endfacet
  facet normal -0 -0 1
    outer loop
      vertex 17.5981 38.5 19
      vertex 27.2718 36.3245 19
      vertex 17.4575 38.7207 19
    endloop
  endfacet
  facet normal 0 0 1
    outer loop
      vertex 27.2718 36.3245 19
      vertex 17.7189 38.2679 19
      vertex 26.8219 35.9793 19
    endloop
  endfacet
  facet normal -0 -0 1
    outer loop
      vertex 17.8191 38.0261 19
      vertex 26.8219 35.9793 19
      vertex 17.7189 38.2679 19
    endloop
  endfacet
  facet normal -0 -0 1
    outer loop
      vertex 17.8978 37.7765 19
      vertex 26.4038 35.5962 19
      vertex 17.8191 38.0261 19
    endloop
  endfacet
  facet normal 0 0 1
    outer loop
      vertex 26.4038 35.5962 19
      vertex 17.8978 37.7765 19
      vertex 26.0207 35.1781 19
    endloop
  endfacet
  facet normal 0 0 1
    outer loop
      vertex 15 40 19
      vertex 28.3257 62 19
      vertex 24.6197 69.1191 19
    endloop
  endfacet
  facet normal -0 -0 1
    outer loop
      vertex 17.9544 37.5209 19
      vertex 26.0207 35.1781 19
      vertex 17.8978 37.7765 19
    endloop
  endfacet
  facet normal -0 -0 1
    outer loop
      vertex 17.9886 37.2615 19
      vertex 26.0207 35.1781 19
      vertex 17.9544 37.5209 19
    endloop
  endfacet
  facet normal -0 -0 1
    outer loop
      vertex 18 37 19
      vertex 25.6755 34.7282 19
      vertex 17.9886 37.2615 19
    endloop
  endfacet
  facet normal 0 0 1
    outer loop
      vertex 25.6755 34.7282 19
      vertex 18 37 19
      vertex 25.3708 34.25 19
    endloop
  endfacet
  facet normal 0 0 1
    outer loop
      vertex 25.109 33.747 19
      vertex 18 37 19
      vertex 24.892 33.2231 19
    endloop
  endfacet
  facet normal 0 -0 1
    outer loop
      vertex 21.3177 29.2785 19
      vertex 24.7215 32.6823 19
      vertex 18 37 19
    endloop
  endfacet
  facet normal 0 0 1
    outer loop
      vertex 24.7215 32.6823 19
      vertex 21.3177 29.2785 19
      vertex 24.5987 32.1287 19
    endloop
  endfacet
  facet normal 0 0 1
    outer loop
      vertex 24.5987 32.1287 19
      vertex 21.8713 29.4012 19
      vertex 24.5247 31.5665 19
    endloop
  endfacet
  facet normal 0 0 1
    outer loop
      vertex 4.47906 39.9544 19
      vertex 24.6197 69.1191 19
      vertex 21.5483 76.5341 19
    endloop
  endfacet
  facet normal 0 -0 1
    outer loop
      vertex 22.4335 29.4753 19
      vertex 24.5247 31.5665 19
      vertex 21.8713 29.4012 19
    endloop
  endfacet
  facet normal 0 0 1
    outer loop
      vertex 24.5 31 19
      vertex 23 29.5 19
      vertex 23.5665 29.4753 19
    endloop
  endfacet
  facet normal 0 0 1
    outer loop
      vertex 24.5 31 19
      vertex 22.4335 29.4753 19
      vertex 23 29.5 19
    endloop
  endfacet
  facet normal 0 0 1
    outer loop
      vertex 24.5987 32.1287 19
      vertex 21.3177 29.2785 19
      vertex 21.8713 29.4012 19
    endloop
  endfacet
  facet normal 0 0 1
    outer loop
      vertex 21.3177 29.2785 19
      vertex 18 37 19
      vertex 20.7769 29.108 19
    endloop
  endfacet
  facet normal 0 0 1
    outer loop
      vertex 3.73214 39.7189 19
      vertex 21.5483 76.5341 19
      vertex 19.1348 84.1886 19
    endloop
  endfacet
  facet normal 0 0 1
    outer loop
      vertex 20.253 28.891 19
      vertex 18 37 19
      vertex 19.75 28.6292 19
    endloop
  endfacet
  facet normal 0 0 1
    outer loop
      vertex 19.75 28.6292 19
      vertex 18 37 19
      vertex 19.2718 28.3245 19
    endloop
  endfacet
  facet normal 0 0 1
    outer loop
      vertex 18.8219 27.9793 19
      vertex 18 37 19
      vertex 18.4038 27.5962 19
    endloop
  endfacet
  facet normal 0 0 1
    outer loop
      vertex 18.4038 27.5962 19
      vertex 18 37 19
      vertex 18.0207 27.1781 19
    endloop
  endfacet
  facet normal 0 0 1
    outer loop
      vertex 19.2718 28.3245 19
      vertex 18 37 19
      vertex 18.8219 27.9793 19
    endloop
  endfacet
  facet normal 0 0 1
    outer loop
      vertex 20.7769 29.108 19
      vertex 18 37 19
      vertex 20.253 28.891 19
    endloop
  endfacet
  facet normal 0 0 1
    outer loop
      vertex 24.5247 31.5665 19
      vertex 22.4335 29.4753 19
      vertex 24.5 31 19
    endloop
  endfacet
  facet normal 0 0 1
    outer loop
      vertex 24.5 31 19
      vertex 23.5665 29.4753 19
      vertex 24.1287 29.4012 19
    endloop
  endfacet
  facet normal 0 0 1
    outer loop
      vertex 24.892 33.2231 19
      vertex 18 37 19
      vertex 24.7215 32.6823 19
    endloop
  endfacet
  facet normal 0 0 1
    outer loop
      vertex 25.3708 34.25 19
      vertex 18 37 19
      vertex 25.109 33.747 19
    endloop
  endfacet
  facet normal 0 0 1
    outer loop
      vertex 26.0207 35.1781 19
      vertex 17.9886 37.2615 19
      vertex 25.6755 34.7282 19
    endloop
  endfacet
  facet normal 0 0 1
    outer loop
      vertex 0 104 19
      vertex 19.1348 84.1886 19
      vertex 17.3977 92.0244 19
    endloop
  endfacet
  facet normal 0 0 1
    outer loop
      vertex 26.8219 35.9793 19
      vertex 17.8191 38.0261 19
      vertex 26.4038 35.5962 19
    endloop
  endfacet
  facet normal -0 -0 1
    outer loop
      vertex 17.7189 38.2679 19
      vertex 27.2718 36.3245 19
      vertex 17.5981 38.5 19
    endloop
  endfacet
  facet normal -0 -0 1
    outer loop
      vertex 17.4575 38.7207 19
      vertex 27.75 36.6292 19
      vertex 17.2981 38.9284 19
    endloop
  endfacet
  facet normal 0 0 1
    outer loop
      vertex 32.638 55.231 19
      vertex 16.7207 39.4575 19
      vertex 16.9284 39.2981 19
    endloop
  endfacet
  facet normal 0 0 1
    outer loop
      vertex 32.638 55.231 19
      vertex 16.5 39.5981 19
      vertex 16.7207 39.4575 19
    endloop
  endfacet
  facet normal 0 0 1
    outer loop
      vertex 0 104 19
      vertex 17.3977 92.0244 19
      vertex 16.3501 99.9817 19
    endloop
  endfacet
  facet normal 0 0 1
    outer loop
      vertex 32.638 55.231 19
      vertex 16.2679 39.7189 19
      vertex 16.5 39.5981 19
    endloop
  endfacet
  facet normal 0 0 1
    outer loop
      vertex 32.638 55.231 19
      vertex 16.0261 39.8191 19
      vertex 16.2679 39.7189 19
    endloop
  endfacet
  facet normal -0 0 1
    outer loop
      vertex 4 108 19
      vertex 16.3501 99.9817 19
      vertex 16 108 19
    endloop
  endfacet
  facet normal 0 0 1
    outer loop
      vertex 28.3257 62 19
      vertex 15.7765 39.8978 19
      vertex 16.0261 39.8191 19
    endloop
  endfacet
  facet normal 0 0 1
    outer loop
      vertex 28.3257 62 19
      vertex 15.5209 39.9544 19
      vertex 15.7765 39.8978 19
    endloop
  endfacet
  facet normal 0 0 1
    outer loop
      vertex 28.3257 62 19
      vertex 15.2615 39.9886 19
      vertex 15.5209 39.9544 19
    endloop
  endfacet
  facet normal 0 0 1
    outer loop
      vertex 28.3257 62 19
      vertex 15 40 19
      vertex 15.2615 39.9886 19
    endloop
  endfacet
  facet normal 0 -0 1
    outer loop
      vertex 3.5 39.5981 19
      vertex 19.1348 84.1886 19
      vertex 0 104 19
    endloop
  endfacet
  facet normal 0 0 1
    outer loop
      vertex 24.6197 69.1191 19
      vertex 5 40 19
      vertex 15 40 19
    endloop
  endfacet
  facet normal 0 0 1
    outer loop
      vertex 24.6197 69.1191 19
      vertex 4.73853 39.9886 19
      vertex 5 40 19
    endloop
  endfacet
  facet normal 0 0 1
    outer loop
      vertex 24.6197 69.1191 19
      vertex 4.47906 39.9544 19
      vertex 4.73853 39.9886 19
    endloop
  endfacet
  facet normal 0 0 1
    outer loop
      vertex 16.3501 99.9817 19
      vertex 4 108 19
      vertex 0 104 19
    endloop
  endfacet
  facet normal 0 0 1
    outer loop
      vertex 21.5483 76.5341 19
      vertex 4.22354 39.8978 19
      vertex 4.47906 39.9544 19
    endloop
  endfacet
  facet normal 0 0 1
    outer loop
      vertex 21.5483 76.5341 19
      vertex 3.97394 39.8191 19
      vertex 4.22354 39.8978 19
    endloop
  endfacet
  facet normal 0 0 1
    outer loop
      vertex 0 104 19
      vertex 4 108 19
      vertex 3.65138 107.985 19
    endloop
  endfacet
  facet normal 0 0 1
    outer loop
      vertex 21.5483 76.5341 19
      vertex 3.73214 39.7189 19
      vertex 3.97394 39.8191 19
    endloop
  endfacet
  facet normal 0 0 1
    outer loop
      vertex 0 104 19
      vertex 3.65138 107.985 19
      vertex 3.30541 107.939 19
    endloop
  endfacet
  facet normal 0 0 1
    outer loop
      vertex 19.1348 84.1886 19
      vertex 3.5 39.5981 19
      vertex 3.73214 39.7189 19
    endloop
  endfacet
  facet normal 0 0 1
    outer loop
      vertex 3.5 39.5981 19
      vertex 0 104 19
      vertex 3.27927 39.4575 19
    endloop
  endfacet
  facet normal 0 0 1
    outer loop
      vertex 0 104 19
      vertex 3.30541 107.939 19
      vertex 2.96472 107.864 19
    endloop
  endfacet
  facet normal 0 0 1
    outer loop
      vertex 3.27927 39.4575 19
      vertex 0 104 19
      vertex 3.07164 39.2981 19
    endloop
  endfacet
  facet normal 0 0 1
    outer loop
      vertex 3.07164 39.2981 19
      vertex 0 104 19
      vertex 2.87868 39.1213 19
    endloop
  endfacet
  facet normal 0 0 1
    outer loop
      vertex 0 104 19
      vertex 2.96472 107.864 19
      vertex 2.63192 107.759 19
    endloop
  endfacet
  facet normal 0 0 1
    outer loop
      vertex 2.87868 39.1213 19
      vertex 0 104 19
      vertex 2.70187 38.9284 19
    endloop
  endfacet
  facet normal 0 0 1
    outer loop
      vertex 2.70187 38.9284 19
      vertex 0 104 19
      vertex 2.54254 38.7207 19
    endloop
  endfacet
  facet normal 0 0 1
    outer loop
      vertex 0 104 19
      vertex 2.63192 107.759 19
      vertex 2.30953 107.625 19
    endloop
  endfacet
  facet normal 0 0 1
    outer loop
      vertex 2.54254 38.7207 19
      vertex 0 104 19
      vertex 2.40192 38.5 19
    endloop
  endfacet
  facet normal 0 0 1
    outer loop
      vertex 2.40192 38.5 19
      vertex 0 104 19
      vertex 2.28108 38.2679 19
    endloop
  endfacet
  facet normal 0 0 1
    outer loop
      vertex 2.28108 38.2679 19
      vertex 0 104 19
      vertex 2.18092 38.0261 19
    endloop
  endfacet
  facet normal 0 0 1
    outer loop
      vertex 2.18092 38.0261 19
      vertex 0 104 19
      vertex 2.10222 37.7765 19
    endloop
  endfacet
  facet normal 0 0 1
    outer loop
      vertex 2.10222 37.7765 19
      vertex 0 104 19
      vertex 2.04558 37.5209 19
    endloop
  endfacet
  facet normal 0 0 1
    outer loop
      vertex 0 104 19
      vertex 2.30953 107.625 19
      vertex 2 107.464 19
    endloop
  endfacet
  facet normal 0 0 1
    outer loop
      vertex 2.04558 37.5209 19
      vertex 0 104 19
      vertex 2.01142 37.2615 19
    endloop
  endfacet
  facet normal 0 0 1
    outer loop
      vertex 2.01142 37.2615 19
      vertex 0 104 19
      vertex 2 37 19
    endloop
  endfacet
  facet normal 0 0 1
    outer loop
      vertex 0 4 19
      vertex 2 37 19
      vertex 0 104 19
    endloop
  endfacet
  facet normal 0 0 1
    outer loop
      vertex 0 104 19
      vertex 2 107.464 19
      vertex 1.70569 107.277 19
    endloop
  endfacet
  facet normal 0 0 1
    outer loop
      vertex 2 37 19
      vertex 0 4 19
      vertex 2 27 19
    endloop
  endfacet
  facet normal 0 0 1
    outer loop
      vertex 0 104 19
      vertex 1.70569 107.277 19
      vertex 1.42885 107.064 19
    endloop
  endfacet
  facet normal 0 0 1
    outer loop
      vertex 2 27 19
      vertex 0 4 19
      vertex 2 0.535898 19
    endloop
  endfacet
  facet normal 0 0 1
    outer loop
      vertex 0 104 19
      vertex 1.42885 107.064 19
      vertex 1.17157 106.828 19
    endloop
  endfacet
  facet normal 0 0 1
    outer loop
      vertex 2 0.535898 19
      vertex 0 4 19
      vertex 1.70569 0.723392 19
    endloop
  endfacet
  facet normal 0 0 1
    outer loop
      vertex 0 104 19
      vertex 1.17157 106.828 19
      vertex 0.935822 106.571 19
    endloop
  endfacet
  facet normal 0 0 1
    outer loop
      vertex 1.70569 0.723392 19
      vertex 0 4 19
      vertex 1.42885 0.935822 19
    endloop
  endfacet
  facet normal 0 0 1
    outer loop
      vertex 0 104 19
      vertex 0.935822 106.571 19
      vertex 0.723392 106.294 19
    endloop
  endfacet
  facet normal 0 0 1
    outer loop
      vertex 1.42885 0.935822 19
      vertex 0 4 19
      vertex 1.17157 1.17157 19
    endloop
  endfacet
  facet normal 0 0 1
    outer loop
      vertex 0 104 19
      vertex 0.723392 106.294 19
      vertex 0.535898 106 19
    endloop
  endfacet
  facet normal 0 0 1
    outer loop
      vertex 1.17157 1.17157 19
      vertex 0 4 19
      vertex 0.935822 1.42885 19
    endloop
  endfacet
  facet normal 0 0 1
    outer loop
      vertex 0 104 19
      vertex 0.535898 106 19
      vertex 0.374768 105.69 19
    endloop
  endfacet
  facet normal 0 0 1
    outer loop
      vertex 0.935822 1.42885 19
      vertex 0 4 19
      vertex 0.723392 1.70569 19
    endloop
  endfacet
  facet normal 0 0 1
    outer loop
      vertex 0 104 19
      vertex 0.374768 105.69 19
      vertex 0.241229 105.368 19
    endloop
  endfacet
  facet normal 0 0 1
    outer loop
      vertex 0.723392 1.70569 19
      vertex 0 4 19
      vertex 0.535898 2 19
    endloop
  endfacet
  facet normal 0 0 1
    outer loop
      vertex 0 104 19
      vertex 0.241229 105.368 19
      vertex 0.136296 105.035 19
    endloop
  endfacet
  facet normal 0 0 1
    outer loop
      vertex 0.535898 2 19
      vertex 0 4 19
      vertex 0.374768 2.30953 19
    endloop
  endfacet
  facet normal 0 0 1
    outer loop
      vertex 0 104 19
      vertex 0.136296 105.035 19
      vertex 0.0607681 104.695 19
    endloop
  endfacet
  facet normal 0 0 1
    outer loop
      vertex 0.374768 2.30953 19
      vertex 0 4 19
      vertex 0.241229 2.63192 19
    endloop
  endfacet
  facet normal 0 0 1
    outer loop
      vertex 0 104 19
      vertex 0.0607681 104.695 19
      vertex 0.0152206 104.349 19
    endloop
  endfacet
  facet normal 0 0 1
    outer loop
      vertex 0.241229 2.63192 19
      vertex 0 4 19
      vertex 0.136296 2.96472 19
    endloop
  endfacet
  facet normal 0 0 1
    outer loop
      vertex 0.136296 2.96472 19
      vertex 0 4 19
      vertex 0.0607681 3.30541 19
    endloop
  endfacet
  facet normal 0 0 1
    outer loop
      vertex 0.0607681 3.30541 19
      vertex 0 4 19
      vertex 0.0152206 3.65138 19
    endloop
  endfacet
  facet normal 0 0 1
    outer loop
      vertex 24.7215 29.3177 19
      vertex 24.6823 29.2785 19
      vertex 24.7395 29.2605 19
    endloop
  endfacet
  facet normal 0 0 1
    outer loop
      vertex 24.5987 29.8713 19
      vertex 24.6823 29.2785 19
      vertex 24.7215 29.3177 19
    endloop
  endfacet
  facet normal 0 0 1
    outer loop
      vertex 24.5987 29.8713 19
      vertex 24.1287 29.4012 19
      vertex 24.6823 29.2785 19
    endloop
  endfacet
  facet normal 0 0 1
    outer loop
      vertex 24.5247 30.4335 19
      vertex 24.1287 29.4012 19
      vertex 24.5987 29.8713 19
    endloop
  endfacet
  facet normal 0 0 1
    outer loop
      vertex 24.1287 29.4012 19
      vertex 24.5247 30.4335 19
      vertex 24.5 31 19
    endloop
  endfacet
  facet normal 0 0 1
    outer loop
      vertex 18.0207 27.1781 19
      vertex 18 37 19
      vertex 18 27.1511 19
    endloop
  endfacet
  facet normal 0 0 1
    outer loop
      vertex 69.1191 24.6197 19
      vertex 57.9886 19.2615 19
      vertex 58 19 19
    endloop
  endfacet
  facet normal 0 0 1
    outer loop
      vertex 69.1191 24.6197 19
      vertex 57.9544 19.5209 19
      vertex 57.9886 19.2615 19
    endloop
  endfacet
  facet normal 0 0 1
    outer loop
      vertex 69.1191 24.6197 19
      vertex 57.8978 19.7765 19
      vertex 57.9544 19.5209 19
    endloop
  endfacet
  facet normal 0 0 1
    outer loop
      vertex 69.1191 24.6197 19
      vertex 57.8191 20.0261 19
      vertex 57.8978 19.7765 19
    endloop
  endfacet
  facet normal 0 0 1
    outer loop
      vertex 62 28.3257 19
      vertex 57.7189 20.2679 19
      vertex 57.8191 20.0261 19
    endloop
  endfacet
  facet normal 0 0 1
    outer loop
      vertex 62 28.3257 19
      vertex 57.5981 20.5 19
      vertex 57.7189 20.2679 19
    endloop
  endfacet
  facet normal 0 0 1
    outer loop
      vertex 62 28.3257 19
      vertex 57.4575 20.7207 19
      vertex 57.5981 20.5 19
    endloop
  endfacet
  facet normal 0 0 1
    outer loop
      vertex 62 28.3257 19
      vertex 57.2981 20.9284 19
      vertex 57.4575 20.7207 19
    endloop
  endfacet
  facet normal 0 0 1
    outer loop
      vertex 62 28.3257 19
      vertex 57.1213 21.1213 19
      vertex 57.2981 20.9284 19
    endloop
  endfacet
  facet normal 0 0 1
    outer loop
      vertex 62 28.3257 19
      vertex 56.9284 21.2981 19
      vertex 57.1213 21.1213 19
    endloop
  endfacet
  facet normal 0 0 1
    outer loop
      vertex 62 28.3257 19
      vertex 56.7207 21.4575 19
      vertex 56.9284 21.2981 19
    endloop
  endfacet
  facet normal 0 0 1
    outer loop
      vertex 62 28.3257 19
      vertex 56.5 21.5981 19
      vertex 56.7207 21.4575 19
    endloop
  endfacet
  facet normal 0 0 1
    outer loop
      vertex 62 28.3257 19
      vertex 56.2679 21.7189 19
      vertex 56.5 21.5981 19
    endloop
  endfacet
  facet normal 0 0 1
    outer loop
      vertex 62 28.3257 19
      vertex 56.0261 21.8191 19
      vertex 56.2679 21.7189 19
    endloop
  endfacet
  facet normal 0 0 1
    outer loop
      vertex 62 28.3257 19
      vertex 55.7765 21.8978 19
      vertex 56.0261 21.8191 19
    endloop
  endfacet
  facet normal 0 0 1
    outer loop
      vertex 62 28.3257 19
      vertex 55.5209 21.9544 19
      vertex 55.7765 21.8978 19
    endloop
  endfacet
  facet normal 0 0 1
    outer loop
      vertex 55.231 32.638 19
      vertex 55.5209 21.9544 19
      vertex 62 28.3257 19
    endloop
  endfacet
  facet normal 0 0 1
    outer loop
      vertex 55.5209 21.9544 19
      vertex 55.231 32.638 19
      vertex 55.2615 21.9886 19
    endloop
  endfacet
  facet normal 0 0 1
    outer loop
      vertex 55.231 32.638 19
      vertex 55 22 19
      vertex 55.2615 21.9886 19
    endloop
  endfacet
  facet normal 0 0 1
    outer loop
      vertex 45 22 19
      vertex 55.231 32.638 19
      vertex 48.8635 37.5239 19
    endloop
  endfacet
  facet normal 0 0 1
    outer loop
      vertex 55.231 32.638 19
      vertex 45 22 19
      vertex 55 22 19
    endloop
  endfacet
  facet normal -0 0 1
    outer loop
      vertex 37.4753 30.4335 19
      vertex 45 22 19
      vertex 48.8635 37.5239 19
    endloop
  endfacet
  facet normal 0 0 1
    outer loop
      vertex 45 22 19
      vertex 37.4753 30.4335 19
      vertex 44.7385 21.9886 19
    endloop
  endfacet
  facet normal -0 0 1
    outer loop
      vertex 37.4012 29.8713 19
      vertex 44.7385 21.9886 19
      vertex 37.4753 30.4335 19
    endloop
  endfacet
  facet normal 0 0 1
    outer loop
      vertex 44.7385 21.9886 19
      vertex 37.4012 29.8713 19
      vertex 44.4791 21.9544 19
    endloop
  endfacet
  facet normal -0 0 1
    outer loop
      vertex 37.2785 29.3177 19
      vertex 44.4791 21.9544 19
      vertex 37.4012 29.8713 19
    endloop
  endfacet
  facet normal 0 0 1
    outer loop
      vertex 44.4791 21.9544 19
      vertex 37.2785 29.3177 19
      vertex 44.2235 21.8978 19
    endloop
  endfacet
  facet normal -0 0 1
    outer loop
      vertex 37.108 28.7769 19
      vertex 44.2235 21.8978 19
      vertex 37.2785 29.3177 19
    endloop
  endfacet
  facet normal 0 0 1
    outer loop
      vertex 44.2235 21.8978 19
      vertex 37.108 28.7769 19
      vertex 43.9739 21.8191 19
    endloop
  endfacet
  facet normal 0 0 1
    outer loop
      vertex 37.4753 31.5665 19
      vertex 48.8635 37.5239 19
      vertex 42.9462 42.9462 19
    endloop
  endfacet
  facet normal 0 0 1
    outer loop
      vertex 37.4753 30.4335 19
      vertex 48.8635 37.5239 19
      vertex 37.5 31 19
    endloop
  endfacet
  facet normal 0 0 1
    outer loop
      vertex 43.9739 21.8191 19
      vertex 37.108 28.7769 19
      vertex 43.7321 21.7189 19
    endloop
  endfacet
  facet normal -0 0 1
    outer loop
      vertex 36.891 28.253 19
      vertex 43.7321 21.7189 19
      vertex 37.108 28.7769 19
    endloop
  endfacet
  facet normal 0 0 1
    outer loop
      vertex 43.7321 21.7189 19
      vertex 36.891 28.253 19
      vertex 43.5 21.5981 19
    endloop
  endfacet
  facet normal -0 0 1
    outer loop
      vertex 36.6292 27.75 19
      vertex 43.5 21.5981 19
      vertex 36.891 28.253 19
    endloop
  endfacet
  facet normal 0 0 1
    outer loop
      vertex 43.5 21.5981 19
      vertex 36.6292 27.75 19
      vertex 43.2793 21.4575 19
    endloop
  endfacet
  facet normal 0 0 1
    outer loop
      vertex 43.2793 21.4575 19
      vertex 36.6292 27.75 19
      vertex 43.0716 21.2981 19
    endloop
  endfacet
  facet normal -0 0 1
    outer loop
      vertex 36.3245 27.2718 19
      vertex 43.0716 21.2981 19
      vertex 36.6292 27.75 19
    endloop
  endfacet
  facet normal 0 0 1
    outer loop
      vertex 43.0716 21.2981 19
      vertex 36.3245 27.2718 19
      vertex 42.8787 21.1213 19
    endloop
  endfacet
  facet normal -0 0 1
    outer loop
      vertex 35.9793 26.8219 19
      vertex 42.8787 21.1213 19
      vertex 36.3245 27.2718 19
    endloop
  endfacet
  facet normal 0 0 1
    outer loop
      vertex 42.8787 21.1213 19
      vertex 35.9793 26.8219 19
      vertex 42.7019 20.9284 19
    endloop
  endfacet
  facet normal 0 0 1
    outer loop
      vertex 33.747 36.891 19
      vertex 42.9462 42.9462 19
      vertex 37.5239 48.8635 19
    endloop
  endfacet
  facet normal 0 0 1
    outer loop
      vertex 182.253 25.109 19
      vertex 173.989 19.2615 19
      vertex 174 19 19
    endloop
  endfacet
  facet normal 0 0 1
    outer loop
      vertex 178.599 32.1287 19
      vertex 173.954 19.5209 19
      vertex 173.989 19.2615 19
    endloop
  endfacet
  facet normal 0 0 1
    outer loop
      vertex 178.599 32.1287 19
      vertex 173.898 19.7765 19
      vertex 173.954 19.5209 19
    endloop
  endfacet
  facet normal 0 0 1
    outer loop
      vertex 178.599 32.1287 19
      vertex 173.819 20.0261 19
      vertex 173.898 19.7765 19
    endloop
  endfacet
  facet normal 0 0 1
    outer loop
      vertex 178.599 32.1287 19
      vertex 173.719 20.2679 19
      vertex 173.819 20.0261 19
    endloop
  endfacet
  facet normal 0 0 1
    outer loop
      vertex 178.599 32.1287 19
      vertex 173.598 20.5 19
      vertex 173.719 20.2679 19
    endloop
  endfacet
  facet normal 0 0 1
    outer loop
      vertex 178.599 32.1287 19
      vertex 173.457 20.7207 19
      vertex 173.598 20.5 19
    endloop
  endfacet
  facet normal 0 0 1
    outer loop
      vertex 178.721 32.6823 19
      vertex 167.136 37.5239 19
      vertex 178.599 32.1287 19
    endloop
  endfacet
  facet normal 0 0 1
    outer loop
      vertex 178.599 32.1287 19
      vertex 173.298 20.9284 19
      vertex 173.457 20.7207 19
    endloop
  endfacet
  facet normal 0 0 1
    outer loop
      vertex 178.599 32.1287 19
      vertex 173.121 21.1213 19
      vertex 173.298 20.9284 19
    endloop
  endfacet
  facet normal 0 0 1
    outer loop
      vertex 178.599 32.1287 19
      vertex 172.928 21.2981 19
      vertex 173.121 21.1213 19
    endloop
  endfacet
  facet normal 0 0 1
    outer loop
      vertex 178.599 32.1287 19
      vertex 172.721 21.4575 19
      vertex 172.928 21.2981 19
    endloop
  endfacet
  facet normal 0 0 1
    outer loop
      vertex 178.599 32.1287 19
      vertex 172.5 21.5981 19
      vertex 172.721 21.4575 19
    endloop
  endfacet
  facet normal 0 0 1
    outer loop
      vertex 178.599 32.1287 19
      vertex 172.268 21.7189 19
      vertex 172.5 21.5981 19
    endloop
  endfacet
  facet normal 0 -0 1
    outer loop
      vertex 171 22 19
      vertex 178.599 32.1287 19
      vertex 167.136 37.5239 19
    endloop
  endfacet
  facet normal 0 0 1
    outer loop
      vertex 178.599 32.1287 19
      vertex 172.026 21.8191 19
      vertex 172.268 21.7189 19
    endloop
  endfacet
  facet normal 0 0 1
    outer loop
      vertex 178.599 32.1287 19
      vertex 171.776 21.8978 19
      vertex 172.026 21.8191 19
    endloop
  endfacet
  facet normal 0 0 1
    outer loop
      vertex 178.599 32.1287 19
      vertex 171.521 21.9544 19
      vertex 171.776 21.8978 19
    endloop
  endfacet
  facet normal 0 0 1
    outer loop
      vertex 178.599 32.1287 19
      vertex 171.261 21.9886 19
      vertex 171.521 21.9544 19
    endloop
  endfacet
  facet normal 0 0 1
    outer loop
      vertex 178.599 32.1287 19
      vertex 171 22 19
      vertex 171.261 21.9886 19
    endloop
  endfacet
  facet normal -0 0 1
    outer loop
      vertex 160.769 32.638 19
      vertex 171 22 19
      vertex 167.136 37.5239 19
    endloop
  endfacet
  facet normal 0 0 1
    outer loop
      vertex 171 22 19
      vertex 160.769 32.638 19
      vertex 161 22 19
    endloop
  endfacet
  facet normal 0 0 1
    outer loop
      vertex 160.769 32.638 19
      vertex 160.739 21.9886 19
      vertex 161 22 19
    endloop
  endfacet
  facet normal 0 0 1
    outer loop
      vertex 160.769 32.638 19
      vertex 160.479 21.9544 19
      vertex 160.739 21.9886 19
    endloop
  endfacet
  facet normal -0 0 1
    outer loop
      vertex 154 28.3257 19
      vertex 160.479 21.9544 19
      vertex 160.769 32.638 19
    endloop
  endfacet
  facet normal 0 0 1
    outer loop
      vertex 160.479 21.9544 19
      vertex 154 28.3257 19
      vertex 160.224 21.8978 19
    endloop
  endfacet
  facet normal 0 0 1
    outer loop
      vertex 160.224 21.8978 19
      vertex 154 28.3257 19
      vertex 159.974 21.8191 19
    endloop
  endfacet
  facet normal 0 0 1
    outer loop
      vertex 159.974 21.8191 19
      vertex 154 28.3257 19
      vertex 159.732 21.7189 19
    endloop
  endfacet
  facet normal 0 0 1
    outer loop
      vertex 159.732 21.7189 19
      vertex 154 28.3257 19
      vertex 159.5 21.5981 19
    endloop
  endfacet
  facet normal 0 0 1
    outer loop
      vertex 159.5 21.5981 19
      vertex 154 28.3257 19
      vertex 159.279 21.4575 19
    endloop
  endfacet
  facet normal 0 0 1
    outer loop
      vertex 159.279 21.4575 19
      vertex 154 28.3257 19
      vertex 159.072 21.2981 19
    endloop
  endfacet
  facet normal 0 0 1
    outer loop
      vertex 159.072 21.2981 19
      vertex 154 28.3257 19
      vertex 158.879 21.1213 19
    endloop
  endfacet
  facet normal 0 0 1
    outer loop
      vertex 158.879 21.1213 19
      vertex 154 28.3257 19
      vertex 158.702 20.9284 19
    endloop
  endfacet
  facet normal 0 0 1
    outer loop
      vertex 158.702 20.9284 19
      vertex 154 28.3257 19
      vertex 158.543 20.7207 19
    endloop
  endfacet
  facet normal 0 0 1
    outer loop
      vertex 158.543 20.7207 19
      vertex 154 28.3257 19
      vertex 158.402 20.5 19
    endloop
  endfacet
  facet normal 0 0 1
    outer loop
      vertex 158.402 20.5 19
      vertex 154 28.3257 19
      vertex 158.281 20.2679 19
    endloop
  endfacet
  facet normal 0 0 1
    outer loop
      vertex 158.281 20.2679 19
      vertex 154 28.3257 19
      vertex 158.181 20.0261 19
    endloop
  endfacet
  facet normal -0 0 1
    outer loop
      vertex 146.881 24.6197 19
      vertex 158.181 20.0261 19
      vertex 154 28.3257 19
    endloop
  endfacet
  facet normal 0 0 1
    outer loop
      vertex 158.011 19.2615 19
      vertex 146.881 24.6197 19
      vertex 158 19 19
    endloop
  endfacet
  facet normal 0 0 1
    outer loop
      vertex 158.046 19.5209 19
      vertex 146.881 24.6197 19
      vertex 158.011 19.2615 19
    endloop
  endfacet
  facet normal 0 0 1
    outer loop
      vertex 158.102 19.7765 19
      vertex 146.881 24.6197 19
      vertex 158.046 19.5209 19
    endloop
  endfacet
  facet normal 0 0 1
    outer loop
      vertex 158.181 20.0261 19
      vertex 146.881 24.6197 19
      vertex 158.102 19.7765 19
    endloop
  endfacet
  facet normal -0 0 1
    outer loop
      vertex 186.682 24.7215 19
      vertex 186.721 24.6823 19
      vertex 186.74 24.7395 19
    endloop
  endfacet
  facet normal 0 0 1
    outer loop
      vertex 186.682 24.7215 19
      vertex 186.599 24.1287 19
      vertex 186.721 24.6823 19
    endloop
  endfacet
  facet normal -0 0 1
    outer loop
      vertex 185.567 24.5247 19
      vertex 186.525 23.5665 19
      vertex 186.129 24.5987 19
    endloop
  endfacet
  facet normal 0 0 1
    outer loop
      vertex 186.599 24.1287 19
      vertex 186.129 24.5987 19
      vertex 186.525 23.5665 19
    endloop
  endfacet
  facet normal -0 0 1
    outer loop
      vertex 186.129 24.5987 19
      vertex 186.599 24.1287 19
      vertex 186.682 24.7215 19
    endloop
  endfacet
  facet normal 0 0 1
    outer loop
      vertex 200.479 24.0456 19
      vertex 199.475 23.5665 19
      vertex 199.5 23 19
    endloop
  endfacet
  facet normal 0 0 1
    outer loop
      vertex 199.732 24.2811 19
      vertex 199.401 24.1287 19
      vertex 199.475 23.5665 19
    endloop
  endfacet
  facet normal 0 -0 1
    outer loop
      vertex 199.401 24.1287 19
      vertex 199.5 24.4019 19
      vertex 199.314 24.5201 19
    endloop
  endfacet
  facet normal 0 0 1
    outer loop
      vertex 216 104 19
      vertex 213.989 37.2615 19
      vertex 214 37 19
    endloop
  endfacet
  facet normal 0 0 1
    outer loop
      vertex 216 104 19
      vertex 213.954 37.5209 19
      vertex 213.989 37.2615 19
    endloop
  endfacet
  facet normal 0 0 1
    outer loop
      vertex 216 104 19
      vertex 213.898 37.7765 19
      vertex 213.954 37.5209 19
    endloop
  endfacet
  facet normal 0 0 1
    outer loop
      vertex 216 104 19
      vertex 213.819 38.0261 19
      vertex 213.898 37.7765 19
    endloop
  endfacet
  facet normal 0 0 1
    outer loop
      vertex 216 104 19
      vertex 213.719 38.2679 19
      vertex 213.819 38.0261 19
    endloop
  endfacet
  facet normal 0 0 1
    outer loop
      vertex 212 108 19
      vertex 214 107.464 19
      vertex 213.69 107.625 19
    endloop
  endfacet
  facet normal 0 0 1
    outer loop
      vertex 216 104 19
      vertex 213.598 38.5 19
      vertex 213.719 38.2679 19
    endloop
  endfacet
  facet normal 0 0 1
    outer loop
      vertex 216 104 19
      vertex 213.457 38.7207 19
      vertex 213.598 38.5 19
    endloop
  endfacet
  facet normal 0 0 1
    outer loop
      vertex 212 108 19
      vertex 213.69 107.625 19
      vertex 213.368 107.759 19
    endloop
  endfacet
  facet normal 0 0 1
    outer loop
      vertex 216 104 19
      vertex 213.298 38.9284 19
      vertex 213.457 38.7207 19
    endloop
  endfacet
  facet normal 0 0 1
    outer loop
      vertex 216 104 19
      vertex 213.121 39.1213 19
      vertex 213.298 38.9284 19
    endloop
  endfacet
  facet normal 0 0 1
    outer loop
      vertex 212 108 19
      vertex 213.368 107.759 19
      vertex 213.035 107.864 19
    endloop
  endfacet
  facet normal 0 0 1
    outer loop
      vertex 216 104 19
      vertex 212.928 39.2981 19
      vertex 213.121 39.1213 19
    endloop
  endfacet
  facet normal 0 0 1
    outer loop
      vertex 216 104 19
      vertex 212.721 39.4575 19
      vertex 212.928 39.2981 19
    endloop
  endfacet
  facet normal 0 0 1
    outer loop
      vertex 212 108 19
      vertex 213.035 107.864 19
      vertex 212.695 107.939 19
    endloop
  endfacet
  facet normal 0 -0 1
    outer loop
      vertex 212.5 39.5981 19
      vertex 216 104 19
      vertex 196.865 84.1886 19
    endloop
  endfacet
  facet normal 0 0 1
    outer loop
      vertex 212 108 19
      vertex 212.695 107.939 19
      vertex 212.349 107.985 19
    endloop
  endfacet
  facet normal 0 0 1
    outer loop
      vertex 216 104 19
      vertex 212.5 39.5981 19
      vertex 212.721 39.4575 19
    endloop
  endfacet
  facet normal 0 0 1
    outer loop
      vertex 212.5 39.5981 19
      vertex 196.865 84.1886 19
      vertex 212.268 39.7189 19
    endloop
  endfacet
  facet normal 0 0 1
    outer loop
      vertex 216 104 19
      vertex 212 108 19
      vertex 199.65 99.9817 19
    endloop
  endfacet
  facet normal -0 0 1
    outer loop
      vertex 194.452 76.5341 19
      vertex 212.268 39.7189 19
      vertex 196.865 84.1886 19
    endloop
  endfacet
  facet normal 0 0 1
    outer loop
      vertex 212.268 39.7189 19
      vertex 194.452 76.5341 19
      vertex 212.026 39.8191 19
    endloop
  endfacet
  facet normal 0 0 1
    outer loop
      vertex 212.026 39.8191 19
      vertex 194.452 76.5341 19
      vertex 211.776 39.8978 19
    endloop
  endfacet
  facet normal 0 0 1
    outer loop
      vertex 211.776 39.8978 19
      vertex 194.452 76.5341 19
      vertex 211.521 39.9544 19
    endloop
  endfacet
  facet normal -0 0 1
    outer loop
      vertex 191.38 69.1191 19
      vertex 211.521 39.9544 19
      vertex 194.452 76.5341 19
    endloop
  endfacet
  facet normal 0 0 1
    outer loop
      vertex 211.521 39.9544 19
      vertex 191.38 69.1191 19
      vertex 211.261 39.9886 19
    endloop
  endfacet
  facet normal 0 0 1
    outer loop
      vertex 211.261 39.9886 19
      vertex 191.38 69.1191 19
      vertex 211 40 19
    endloop
  endfacet
  facet normal 0 0 1
    outer loop
      vertex 211 40 19
      vertex 191.38 69.1191 19
      vertex 201 40 19
    endloop
  endfacet
  facet normal 0 0 1
    outer loop
      vertex 199.65 99.9817 19
      vertex 212 108 19
      vertex 200 108 19
    endloop
  endfacet
  facet normal 0 0 1
    outer loop
      vertex 216 104 19
      vertex 199.65 99.9817 19
      vertex 198.602 92.0244 19
    endloop
  endfacet
  facet normal 0 0 1
    outer loop
      vertex 216 104 19
      vertex 198.602 92.0244 19
      vertex 196.865 84.1886 19
    endloop
  endfacet
  facet normal -0 0 1
    outer loop
      vertex 187.674 62 19
      vertex 201 40 19
      vertex 191.38 69.1191 19
    endloop
  endfacet
  facet normal 0 0 1
    outer loop
      vertex 201 40 19
      vertex 187.674 62 19
      vertex 200.739 39.9886 19
    endloop
  endfacet
  facet normal 0 0 1
    outer loop
      vertex 200.739 39.9886 19
      vertex 187.674 62 19
      vertex 200.479 39.9544 19
    endloop
  endfacet
  facet normal 0 0 1
    outer loop
      vertex 200.479 39.9544 19
      vertex 187.674 62 19
      vertex 200.224 39.8978 19
    endloop
  endfacet
  facet normal 0 0 1
    outer loop
      vertex 200.224 39.8978 19
      vertex 187.674 62 19
      vertex 199.974 39.8191 19
    endloop
  endfacet
  facet normal -0 0 1
    outer loop
      vertex 183.362 55.231 19
      vertex 199.974 39.8191 19
      vertex 187.674 62 19
    endloop
  endfacet
  facet normal 0 0 1
    outer loop
      vertex 199.974 39.8191 19
      vertex 183.362 55.231 19
      vertex 199.732 39.7189 19
    endloop
  endfacet
  facet normal 0 0 1
    outer loop
      vertex 199.732 39.7189 19
      vertex 183.362 55.231 19
      vertex 199.5 39.5981 19
    endloop
  endfacet
  facet normal 0 0 1
    outer loop
      vertex 199.5 39.5981 19
      vertex 183.362 55.231 19
      vertex 199.279 39.4575 19
    endloop
  endfacet
  facet normal 0 0 1
    outer loop
      vertex 199.279 39.4575 19
      vertex 183.362 55.231 19
      vertex 199.072 39.2981 19
    endloop
  endfacet
  facet normal 0 0 1
    outer loop
      vertex 199.072 39.2981 19
      vertex 183.362 55.231 19
      vertex 198.879 39.1213 19
    endloop
  endfacet
  facet normal 0 -0 1
    outer loop
      vertex 187.223 37.108 19
      vertex 198.879 39.1213 19
      vertex 183.362 55.231 19
    endloop
  endfacet
  facet normal 0 -0 1
    outer loop
      vertex 187.747 36.891 19
      vertex 198.879 39.1213 19
      vertex 187.223 37.108 19
    endloop
  endfacet
  facet normal 0 0 1
    outer loop
      vertex 198.879 39.1213 19
      vertex 187.747 36.891 19
      vertex 198.702 38.9284 19
    endloop
  endfacet
  facet normal 0 -0 1
    outer loop
      vertex 188.25 36.6292 19
      vertex 198.702 38.9284 19
      vertex 187.747 36.891 19
    endloop
  endfacet
  facet normal 0 0 1
    outer loop
      vertex 198 37 19
      vertex 197.979 27.1781 19
      vertex 198 27.1511 19
    endloop
  endfacet
  facet normal 0 0 1
    outer loop
      vertex 198 37 19
      vertex 197.596 27.5962 19
      vertex 197.979 27.1781 19
    endloop
  endfacet
  facet normal 0 0 1
    outer loop
      vertex 198.702 38.9284 19
      vertex 188.25 36.6292 19
      vertex 198.543 38.7207 19
    endloop
  endfacet
  facet normal 0 0 1
    outer loop
      vertex 198.543 38.7207 19
      vertex 188.728 36.3245 19
      vertex 198.402 38.5 19
    endloop
  endfacet
  facet normal 0 0 1
    outer loop
      vertex 198.402 38.5 19
      vertex 188.728 36.3245 19
      vertex 198.281 38.2679 19
    endloop
  endfacet
  facet normal 0 -0 1
    outer loop
      vertex 189.178 35.9793 19
      vertex 198.281 38.2679 19
      vertex 188.728 36.3245 19
    endloop
  endfacet
  facet normal 0 0 1
    outer loop
      vertex 198 37 19
      vertex 197.178 27.9793 19
      vertex 197.596 27.5962 19
    endloop
  endfacet
  facet normal 0 0 1
    outer loop
      vertex 198.281 38.2679 19
      vertex 189.178 35.9793 19
      vertex 198.181 38.0261 19
    endloop
  endfacet
  facet normal 0 0 1
    outer loop
      vertex 198 37 19
      vertex 196.728 28.3245 19
      vertex 197.178 27.9793 19
    endloop
  endfacet
  facet normal 0 -0 1
    outer loop
      vertex 190.629 34.25 19
      vertex 198 37 19
      vertex 190.324 34.7282 19
    endloop
  endfacet
  facet normal 0 0 1
    outer loop
      vertex 198 37 19
      vertex 196.25 28.6292 19
      vertex 196.728 28.3245 19
    endloop
  endfacet
  facet normal 0 -0 1
    outer loop
      vertex 190.891 33.747 19
      vertex 198 37 19
      vertex 190.629 34.25 19
    endloop
  endfacet
  facet normal 0 0 1
    outer loop
      vertex 198 37 19
      vertex 195.747 28.891 19
      vertex 196.25 28.6292 19
    endloop
  endfacet
  facet normal 0 -0 1
    outer loop
      vertex 191.279 32.6823 19
      vertex 198 37 19
      vertex 191.108 33.2231 19
    endloop
  endfacet
  facet normal 0 0 1
    outer loop
      vertex 198 37 19
      vertex 191.279 32.6823 19
      vertex 194.682 29.2785 19
    endloop
  endfacet
  facet normal -0 -0 1
    outer loop
      vertex 191.475 31.5665 19
      vertex 193.567 29.4753 19
      vertex 191.401 32.1287 19
    endloop
  endfacet
  facet normal -0 -0 1
    outer loop
      vertex 191.5 31 19
      vertex 193 29.5 19
      vertex 191.475 31.5665 19
    endloop
  endfacet
  facet normal -0 0 1
    outer loop
      vertex 191.475 30.4335 19
      vertex 192.433 29.4753 19
      vertex 191.5 31 19
    endloop
  endfacet
  facet normal 0 0 1
    outer loop
      vertex 193 29.5 19
      vertex 191.5 31 19
      vertex 192.433 29.4753 19
    endloop
  endfacet
  facet normal 0 0 1
    outer loop
      vertex 194.682 29.2785 19
      vertex 191.279 32.6823 19
      vertex 194.129 29.4012 19
    endloop
  endfacet
  facet normal 0 0 1
    outer loop
      vertex 193.567 29.4753 19
      vertex 191.475 31.5665 19
      vertex 193 29.5 19
    endloop
  endfacet
  facet normal 0 0 1
    outer loop
      vertex 194.129 29.4012 19
      vertex 191.401 32.1287 19
      vertex 193.567 29.4753 19
    endloop
  endfacet
  facet normal -0 -0 1
    outer loop
      vertex 191.401 32.1287 19
      vertex 194.129 29.4012 19
      vertex 191.279 32.6823 19
    endloop
  endfacet
  facet normal 0 0 1
    outer loop
      vertex 198 37 19
      vertex 194.682 29.2785 19
      vertex 195.223 29.108 19
    endloop
  endfacet
  facet normal 0 0 1
    outer loop
      vertex 198 37 19
      vertex 195.223 29.108 19
      vertex 195.747 28.891 19
    endloop
  endfacet
  facet normal 0 -0 1
    outer loop
      vertex 191.108 33.2231 19
      vertex 198 37 19
      vertex 190.891 33.747 19
    endloop
  endfacet
  facet normal 0 0 1
    outer loop
      vertex 198.011 37.2615 19
      vertex 190.324 34.7282 19
      vertex 198 37 19
    endloop
  endfacet
  facet normal 0 -0 1
    outer loop
      vertex 190.324 34.7282 19
      vertex 198.011 37.2615 19
      vertex 189.979 35.1781 19
    endloop
  endfacet
  facet normal 0 0 1
    outer loop
      vertex 198.046 37.5209 19
      vertex 189.979 35.1781 19
      vertex 198.011 37.2615 19
    endloop
  endfacet
  facet normal 0 -0 1
    outer loop
      vertex 189.596 35.5962 19
      vertex 198.181 38.0261 19
      vertex 189.178 35.9793 19
    endloop
  endfacet
  facet normal 0 -0 1
    outer loop
      vertex 189.979 35.1781 19
      vertex 198.046 37.5209 19
      vertex 189.596 35.5962 19
    endloop
  endfacet
  facet normal 0 0 1
    outer loop
      vertex 198.102 37.7765 19
      vertex 189.596 35.5962 19
      vertex 198.046 37.5209 19
    endloop
  endfacet
  facet normal 0 0 1
    outer loop
      vertex 198.181 38.0261 19
      vertex 189.596 35.5962 19
      vertex 198.102 37.7765 19
    endloop
  endfacet
  facet normal 0 -0 1
    outer loop
      vertex 188.728 36.3245 19
      vertex 198.543 38.7207 19
      vertex 188.25 36.6292 19
    endloop
  endfacet
  facet normal 0 0 1
    outer loop
      vertex 187.223 37.108 19
      vertex 183.362 55.231 19
      vertex 186.682 37.2785 19
    endloop
  endfacet
  facet normal 0 0 1
    outer loop
      vertex 186.682 37.2785 19
      vertex 183.362 55.231 19
      vertex 186.129 37.4012 19
    endloop
  endfacet
  facet normal -0 0 1
    outer loop
      vertex 178.476 48.8635 19
      vertex 186.129 37.4012 19
      vertex 183.362 55.231 19
    endloop
  endfacet
  facet normal 0 0 1
    outer loop
      vertex 186.129 37.4012 19
      vertex 178.476 48.8635 19
      vertex 185.567 37.4753 19
    endloop
  endfacet
  facet normal 0 0 1
    outer loop
      vertex 185.567 37.4753 19
      vertex 178.476 48.8635 19
      vertex 185 37.5 19
    endloop
  endfacet
  facet normal 0 0 1
    outer loop
      vertex 185 37.5 19
      vertex 178.476 48.8635 19
      vertex 184.433 37.4753 19
    endloop
  endfacet
  facet normal 0 0 1
    outer loop
      vertex 184.433 37.4753 19
      vertex 178.476 48.8635 19
      vertex 183.871 37.4012 19
    endloop
  endfacet
  facet normal 0 0 1
    outer loop
      vertex 183.871 37.4012 19
      vertex 178.476 48.8635 19
      vertex 183.318 37.2785 19
    endloop
  endfacet
  facet normal 0 0 1
    outer loop
      vertex 183.318 37.2785 19
      vertex 178.476 48.8635 19
      vertex 182.777 37.108 19
    endloop
  endfacet
  facet normal 0 0 1
    outer loop
      vertex 182.777 37.108 19
      vertex 178.476 48.8635 19
      vertex 182.253 36.891 19
    endloop
  endfacet
  facet normal -0 0 1
    outer loop
      vertex 173.054 42.9462 19
      vertex 182.253 36.891 19
      vertex 178.476 48.8635 19
    endloop
  endfacet
  facet normal 0 0 1
    outer loop
      vertex 182.253 36.891 19
      vertex 173.054 42.9462 19
      vertex 181.75 36.6292 19
    endloop
  endfacet
  facet normal 0 0 1
    outer loop
      vertex 181.75 36.6292 19
      vertex 173.054 42.9462 19
      vertex 181.272 36.3245 19
    endloop
  endfacet
  facet normal 0 0 1
    outer loop
      vertex 181.272 36.3245 19
      vertex 173.054 42.9462 19
      vertex 180.822 35.9793 19
    endloop
  endfacet
  facet normal 0 0 1
    outer loop
      vertex 180.822 35.9793 19
      vertex 173.054 42.9462 19
      vertex 180.404 35.5962 19
    endloop
  endfacet
  facet normal 0 0 1
    outer loop
      vertex 180.404 35.5962 19
      vertex 173.054 42.9462 19
      vertex 180.021 35.1781 19
    endloop
  endfacet
  facet normal 0 0 1
    outer loop
      vertex 180.021 35.1781 19
      vertex 173.054 42.9462 19
      vertex 179.676 34.7282 19
    endloop
  endfacet
  facet normal 0 0 1
    outer loop
      vertex 179.676 34.7282 19
      vertex 173.054 42.9462 19
      vertex 179.371 34.25 19
    endloop
  endfacet
  facet normal 0 0 1
    outer loop
      vertex 179.371 34.25 19
      vertex 173.054 42.9462 19
      vertex 179.109 33.747 19
    endloop
  endfacet
  facet normal -0 0 1
    outer loop
      vertex 167.136 37.5239 19
      vertex 179.109 33.747 19
      vertex 173.054 42.9462 19
    endloop
  endfacet
  facet normal 0 0 1
    outer loop
      vertex 173.989 19.2615 19
      vertex 178.525 31.5665 19
      vertex 178.599 32.1287 19
    endloop
  endfacet
  facet normal 0 0 1
    outer loop
      vertex 178.892 33.2231 19
      vertex 167.136 37.5239 19
      vertex 178.721 32.6823 19
    endloop
  endfacet
  facet normal 0 0 1
    outer loop
      vertex 179.109 33.747 19
      vertex 167.136 37.5239 19
      vertex 178.892 33.2231 19
    endloop
  endfacet
  facet normal 0 0 1
    outer loop
      vertex 214 107.464 19
      vertex 216 104 19
      vertex 215.985 104.349 19
    endloop
  endfacet
  facet normal 0 0 1
    outer loop
      vertex 216 104 19
      vertex 214 37 19
      vertex 216 4 19
    endloop
  endfacet
  facet normal 0 0 1
    outer loop
      vertex 214 107.464 19
      vertex 215.985 104.349 19
      vertex 215.939 104.695 19
    endloop
  endfacet
  facet normal -0 0 1
    outer loop
      vertex 214 27 19
      vertex 216 4 19
      vertex 214 37 19
    endloop
  endfacet
  facet normal 0 0 1
    outer loop
      vertex 214 107.464 19
      vertex 215.939 104.695 19
      vertex 215.864 105.035 19
    endloop
  endfacet
  facet normal -0 0 1
    outer loop
      vertex 213.989 26.7385 19
      vertex 216 4 19
      vertex 214 27 19
    endloop
  endfacet
  facet normal 0 0 1
    outer loop
      vertex 214 107.464 19
      vertex 215.864 105.035 19
      vertex 215.759 105.368 19
    endloop
  endfacet
  facet normal -0 0 1
    outer loop
      vertex 213.954 26.4791 19
      vertex 216 4 19
      vertex 213.989 26.7385 19
    endloop
  endfacet
  facet normal 0 0 1
    outer loop
      vertex 214 107.464 19
      vertex 215.759 105.368 19
      vertex 215.625 105.69 19
    endloop
  endfacet
  facet normal -0 0 1
    outer loop
      vertex 213.898 26.2235 19
      vertex 216 4 19
      vertex 213.954 26.4791 19
    endloop
  endfacet
  facet normal 0 0 1
    outer loop
      vertex 214 107.464 19
      vertex 215.625 105.69 19
      vertex 215.464 106 19
    endloop
  endfacet
  facet normal -0 0 1
    outer loop
      vertex 213.819 25.9739 19
      vertex 216 4 19
      vertex 213.898 26.2235 19
    endloop
  endfacet
  facet normal 0 0 1
    outer loop
      vertex 214 107.464 19
      vertex 215.464 106 19
      vertex 215.277 106.294 19
    endloop
  endfacet
  facet normal -0 0 1
    outer loop
      vertex 213.719 25.7321 19
      vertex 216 4 19
      vertex 213.819 25.9739 19
    endloop
  endfacet
  facet normal 0 0 1
    outer loop
      vertex 214 107.464 19
      vertex 215.277 106.294 19
      vertex 215.064 106.571 19
    endloop
  endfacet
  facet normal -0 0 1
    outer loop
      vertex 213.598 25.5 19
      vertex 216 4 19
      vertex 213.719 25.7321 19
    endloop
  endfacet
  facet normal 0 0 1
    outer loop
      vertex 214 107.464 19
      vertex 215.064 106.571 19
      vertex 214.828 106.828 19
    endloop
  endfacet
  facet normal -0 0 1
    outer loop
      vertex 213.457 25.2793 19
      vertex 216 4 19
      vertex 213.598 25.5 19
    endloop
  endfacet
  facet normal 0 0 1
    outer loop
      vertex 214 107.464 19
      vertex 214.828 106.828 19
      vertex 214.571 107.064 19
    endloop
  endfacet
  facet normal -0 0 1
    outer loop
      vertex 213.298 25.0716 19
      vertex 216 4 19
      vertex 213.457 25.2793 19
    endloop
  endfacet
  facet normal 0 0 1
    outer loop
      vertex 214 107.464 19
      vertex 214.571 107.064 19
      vertex 214.294 107.277 19
    endloop
  endfacet
  facet normal -0 0 1
    outer loop
      vertex 213.121 24.8787 19
      vertex 216 4 19
      vertex 213.298 25.0716 19
    endloop
  endfacet
  facet normal 0 0 1
    outer loop
      vertex 212 108 19
      vertex 216 104 19
      vertex 214 107.464 19
    endloop
  endfacet
  facet normal -0 0 1
    outer loop
      vertex 212.928 24.7019 19
      vertex 216 4 19
      vertex 213.121 24.8787 19
    endloop
  endfacet
  facet normal -0 0 1
    outer loop
      vertex 212.721 24.5425 19
      vertex 216 4 19
      vertex 212.928 24.7019 19
    endloop
  endfacet
  facet normal -0 0 1
    outer loop
      vertex 212.5 24.4019 19
      vertex 216 4 19
      vertex 212.721 24.5425 19
    endloop
  endfacet
  facet normal -0 0 1
    outer loop
      vertex 212.268 24.2811 19
      vertex 216 4 19
      vertex 212.5 24.4019 19
    endloop
  endfacet
  facet normal -0 0 1
    outer loop
      vertex 212.026 24.1809 19
      vertex 216 4 19
      vertex 212.268 24.2811 19
    endloop
  endfacet
  facet normal -0 0 1
    outer loop
      vertex 211.776 24.1022 19
      vertex 216 4 19
      vertex 212.026 24.1809 19
    endloop
  endfacet
  facet normal -0 0 1
    outer loop
      vertex 211.521 24.0456 19
      vertex 216 4 19
      vertex 211.776 24.1022 19
    endloop
  endfacet
  facet normal -0 0 1
    outer loop
      vertex 211.261 24.0114 19
      vertex 216 4 19
      vertex 211.521 24.0456 19
    endloop
  endfacet
  facet normal -0 0 1
    outer loop
      vertex 211 24 19
      vertex 216 4 19
      vertex 211.261 24.0114 19
    endloop
  endfacet
  facet normal -0 0 1
    outer loop
      vertex 198.324 19.2718 19
      vertex 216 4 19
      vertex 211 24 19
    endloop
  endfacet
  facet normal -0 0 1
    outer loop
      vertex 197.979 18.8219 19
      vertex 216 4 19
      vertex 198.324 19.2718 19
    endloop
  endfacet
  facet normal -0 0 1
    outer loop
      vertex 197.596 18.4038 19
      vertex 216 4 19
      vertex 197.979 18.8219 19
    endloop
  endfacet
  facet normal 0 -0 1
    outer loop
      vertex 212 0 19
      vertex 216 4 19
      vertex 197.596 18.4038 19
    endloop
  endfacet
  facet normal 0 0 1
    outer loop
      vertex 215.985 3.65138 19
      vertex 212 0 19
      vertex 215.939 3.30541 19
    endloop
  endfacet
  facet normal 0 0 1
    outer loop
      vertex 215.939 3.30541 19
      vertex 212 0 19
      vertex 215.864 2.96472 19
    endloop
  endfacet
  facet normal 0 0 1
    outer loop
      vertex 215.864 2.96472 19
      vertex 212 0 19
      vertex 215.759 2.63192 19
    endloop
  endfacet
  facet normal 0 0 1
    outer loop
      vertex 215.759 2.63192 19
      vertex 212 0 19
      vertex 215.625 2.30953 19
    endloop
  endfacet
  facet normal 0 0 1
    outer loop
      vertex 215.277 1.70569 19
      vertex 212 0 19
      vertex 215.064 1.42885 19
    endloop
  endfacet
  facet normal 0 0 1
    outer loop
      vertex 215.064 1.42885 19
      vertex 212 0 19
      vertex 214.828 1.17157 19
    endloop
  endfacet
  facet normal 0 0 1
    outer loop
      vertex 214.828 1.17157 19
      vertex 212 0 19
      vertex 214.571 0.935822 19
    endloop
  endfacet
  facet normal 0 0 1
    outer loop
      vertex 214.571 0.935822 19
      vertex 212 0 19
      vertex 214.294 0.723392 19
    endloop
  endfacet
  facet normal 0 0 1
    outer loop
      vertex 214.294 0.723392 19
      vertex 212 0 19
      vertex 214 0.535898 19
    endloop
  endfacet
  facet normal 0 0 1
    outer loop
      vertex 214 0.535898 19
      vertex 212 0 19
      vertex 213.69 0.374768 19
    endloop
  endfacet
  facet normal 0 0 1
    outer loop
      vertex 213.69 0.374768 19
      vertex 212 0 19
      vertex 213.368 0.241229 19
    endloop
  endfacet
  facet normal 0 0 1
    outer loop
      vertex 213.368 0.241229 19
      vertex 212 0 19
      vertex 213.035 0.136296 19
    endloop
  endfacet
  facet normal 0 0 1
    outer loop
      vertex 212.695 0.0607681 19
      vertex 212 0 19
      vertex 212.349 0.0152206 19
    endloop
  endfacet
  facet normal 0 0 1
    outer loop
      vertex 213.035 0.136296 19
      vertex 212 0 19
      vertex 212.695 0.0607681 19
    endloop
  endfacet
  facet normal 0 0 1
    outer loop
      vertex 199.108 20.7769 19
      vertex 211 24 19
      vertex 201 24 19
    endloop
  endfacet
  facet normal 0 0 1
    outer loop
      vertex 199.475 22.4335 19
      vertex 201 24 19
      vertex 200.739 24.0114 19
    endloop
  endfacet
  facet normal 0 0 1
    outer loop
      vertex 199.5 23 19
      vertex 200.739 24.0114 19
      vertex 200.479 24.0456 19
    endloop
  endfacet
  facet normal 0 0 1
    outer loop
      vertex 199.475 23.5665 19
      vertex 200.479 24.0456 19
      vertex 200.224 24.1022 19
    endloop
  endfacet
  facet normal 0 0 1
    outer loop
      vertex 199.475 23.5665 19
      vertex 200.224 24.1022 19
      vertex 199.974 24.1809 19
    endloop
  endfacet
  facet normal 0 0 1
    outer loop
      vertex 199.475 23.5665 19
      vertex 199.974 24.1809 19
      vertex 199.732 24.2811 19
    endloop
  endfacet
  facet normal 0 0 1
    outer loop
      vertex 199.401 24.1287 19
      vertex 199.732 24.2811 19
      vertex 199.5 24.4019 19
    endloop
  endfacet
  facet normal 0 0 1
    outer loop
      vertex 200.739 24.0114 19
      vertex 199.5 23 19
      vertex 199.475 22.4335 19
    endloop
  endfacet
  facet normal 0 0 1
    outer loop
      vertex 201 24 19
      vertex 199.475 22.4335 19
      vertex 199.401 21.8713 19
    endloop
  endfacet
  facet normal 0 0 1
    outer loop
      vertex 201 24 19
      vertex 199.401 21.8713 19
      vertex 199.279 21.3177 19
    endloop
  endfacet
  facet normal 0 0 1
    outer loop
      vertex 201 24 19
      vertex 199.279 21.3177 19
      vertex 199.108 20.7769 19
    endloop
  endfacet
  facet normal 0 0 1
    outer loop
      vertex 198.891 20.253 19
      vertex 211 24 19
      vertex 199.108 20.7769 19
    endloop
  endfacet
  facet normal 0 0 1
    outer loop
      vertex 198.629 19.75 19
      vertex 211 24 19
      vertex 198.891 20.253 19
    endloop
  endfacet
  facet normal 0 0 1
    outer loop
      vertex 198.324 19.2718 19
      vertex 211 24 19
      vertex 198.629 19.75 19
    endloop
  endfacet
  facet normal 0 0 1
    outer loop
      vertex 215.464 2 19
      vertex 212 0 19
      vertex 215.277 1.70569 19
    endloop
  endfacet
  facet normal 0 0 1
    outer loop
      vertex 215.625 2.30953 19
      vertex 212 0 19
      vertex 215.464 2 19
    endloop
  endfacet
  facet normal 0 0 1
    outer loop
      vertex 216 4 19
      vertex 212 0 19
      vertex 215.985 3.65138 19
    endloop
  endfacet
  facet normal -0 0 1
    outer loop
      vertex 197.178 18.0207 19
      vertex 212 0 19
      vertex 197.596 18.4038 19
    endloop
  endfacet
  facet normal -0 0 1
    outer loop
      vertex 196.728 17.6755 19
      vertex 212 0 19
      vertex 197.178 18.0207 19
    endloop
  endfacet
  facet normal -0 0 1
    outer loop
      vertex 196.25 17.3708 19
      vertex 212 0 19
      vertex 196.728 17.6755 19
    endloop
  endfacet
  facet normal -0 0 1
    outer loop
      vertex 195.747 17.109 19
      vertex 212 0 19
      vertex 196.25 17.3708 19
    endloop
  endfacet
  facet normal -0 0 1
    outer loop
      vertex 195.223 16.892 19
      vertex 212 0 19
      vertex 195.747 17.109 19
    endloop
  endfacet
  facet normal -0 0 1
    outer loop
      vertex 194.682 16.7215 19
      vertex 212 0 19
      vertex 195.223 16.892 19
    endloop
  endfacet
  facet normal -0 0 1
    outer loop
      vertex 194.129 16.5987 19
      vertex 212 0 19
      vertex 194.682 16.7215 19
    endloop
  endfacet
  facet normal -0 0 1
    outer loop
      vertex 193.567 16.5247 19
      vertex 212 0 19
      vertex 194.129 16.5987 19
    endloop
  endfacet
  facet normal -0 0 1
    outer loop
      vertex 193 16.5 19
      vertex 212 0 19
      vertex 193.567 16.5247 19
    endloop
  endfacet
  facet normal 0 0 1
    outer loop
      vertex 192.433 16.5247 19
      vertex 212 0 19
      vertex 193 16.5 19
    endloop
  endfacet
  facet normal 0 0 1
    outer loop
      vertex 173.598 7.5 19
      vertex 192.433 16.5247 19
      vertex 191.871 16.5987 19
    endloop
  endfacet
  facet normal 0 0 1
    outer loop
      vertex 173.719 7.73214 19
      vertex 191.871 16.5987 19
      vertex 191.318 16.7215 19
    endloop
  endfacet
  facet normal 0 0 1
    outer loop
      vertex 173.819 7.97394 19
      vertex 191.318 16.7215 19
      vertex 190.777 16.892 19
    endloop
  endfacet
  facet normal 0 0 1
    outer loop
      vertex 173.898 8.22354 19
      vertex 190.777 16.892 19
      vertex 190.253 17.109 19
    endloop
  endfacet
  facet normal 0 0 1
    outer loop
      vertex 173.989 8.73853 19
      vertex 190.253 17.109 19
      vertex 189.75 17.3708 19
    endloop
  endfacet
  facet normal 0 0 1
    outer loop
      vertex 174 9 19
      vertex 189.75 17.3708 19
      vertex 189.272 17.6755 19
    endloop
  endfacet
  facet normal 0 0 1
    outer loop
      vertex 174 9 19
      vertex 189.272 17.6755 19
      vertex 188.822 18.0207 19
    endloop
  endfacet
  facet normal 0 0 1
    outer loop
      vertex 186.525 23.5665 19
      vertex 185.567 24.5247 19
      vertex 186.5 23 19
    endloop
  endfacet
  facet normal -0 0 1
    outer loop
      vertex 185 24.5 19
      vertex 186.5 23 19
      vertex 185.567 24.5247 19
    endloop
  endfacet
  facet normal 0 0 1
    outer loop
      vertex 186.5 23 19
      vertex 185 24.5 19
      vertex 186.525 22.4335 19
    endloop
  endfacet
  facet normal 0 0 1
    outer loop
      vertex 184.433 24.5247 19
      vertex 186.525 22.4335 19
      vertex 185 24.5 19
    endloop
  endfacet
  facet normal 0 0 1
    outer loop
      vertex 186.525 22.4335 19
      vertex 184.433 24.5247 19
      vertex 186.599 21.8713 19
    endloop
  endfacet
  facet normal 0 0 1
    outer loop
      vertex 183.871 24.5987 19
      vertex 186.599 21.8713 19
      vertex 184.433 24.5247 19
    endloop
  endfacet
  facet normal 0 0 1
    outer loop
      vertex 186.599 21.8713 19
      vertex 183.871 24.5987 19
      vertex 186.721 21.3177 19
    endloop
  endfacet
  facet normal 0 0 1
    outer loop
      vertex 183.318 24.7215 19
      vertex 186.721 21.3177 19
      vertex 183.871 24.5987 19
    endloop
  endfacet
  facet normal 0 0 1
    outer loop
      vertex 186.721 21.3177 19
      vertex 183.318 24.7215 19
      vertex 186.892 20.7769 19
    endloop
  endfacet
  facet normal 0 0 1
    outer loop
      vertex 182.777 24.892 19
      vertex 186.892 20.7769 19
      vertex 183.318 24.7215 19
    endloop
  endfacet
  facet normal 0 0 1
    outer loop
      vertex 174 19 19
      vertex 186.892 20.7769 19
      vertex 182.777 24.892 19
    endloop
  endfacet
  facet normal 0 0 1
    outer loop
      vertex 186.892 20.7769 19
      vertex 174 19 19
      vertex 187.109 20.253 19
    endloop
  endfacet
  facet normal 0 0 1
    outer loop
      vertex 187.109 20.253 19
      vertex 174 19 19
      vertex 187.371 19.75 19
    endloop
  endfacet
  facet normal 0 0 1
    outer loop
      vertex 187.371 19.75 19
      vertex 174 19 19
      vertex 187.676 19.2718 19
    endloop
  endfacet
  facet normal 0 0 1
    outer loop
      vertex 174 19 19
      vertex 182.777 24.892 19
      vertex 182.253 25.109 19
    endloop
  endfacet
  facet normal 0 0 1
    outer loop
      vertex 174 9 19
      vertex 187.676 19.2718 19
      vertex 174 19 19
    endloop
  endfacet
  facet normal 0 0 1
    outer loop
      vertex 173.989 19.2615 19
      vertex 182.253 25.109 19
      vertex 181.75 25.3708 19
    endloop
  endfacet
  facet normal 0 0 1
    outer loop
      vertex 173.989 19.2615 19
      vertex 181.75 25.3708 19
      vertex 181.272 25.6755 19
    endloop
  endfacet
  facet normal 0 0 1
    outer loop
      vertex 173.989 19.2615 19
      vertex 181.272 25.6755 19
      vertex 180.822 26.0207 19
    endloop
  endfacet
  facet normal 0 0 1
    outer loop
      vertex 173.989 19.2615 19
      vertex 180.822 26.0207 19
      vertex 180.404 26.4038 19
    endloop
  endfacet
  facet normal 0 0 1
    outer loop
      vertex 173.989 19.2615 19
      vertex 178.5 31 19
      vertex 178.525 31.5665 19
    endloop
  endfacet
  facet normal 0 0 1
    outer loop
      vertex 173.989 19.2615 19
      vertex 178.525 30.4335 19
      vertex 178.5 31 19
    endloop
  endfacet
  facet normal 0 0 1
    outer loop
      vertex 173.989 19.2615 19
      vertex 178.599 29.8713 19
      vertex 178.525 30.4335 19
    endloop
  endfacet
  facet normal 0 0 1
    outer loop
      vertex 173.989 19.2615 19
      vertex 178.721 29.3177 19
      vertex 178.599 29.8713 19
    endloop
  endfacet
  facet normal 0 0 1
    outer loop
      vertex 173.989 19.2615 19
      vertex 178.892 28.7769 19
      vertex 178.721 29.3177 19
    endloop
  endfacet
  facet normal 0 0 1
    outer loop
      vertex 173.989 19.2615 19
      vertex 179.109 28.253 19
      vertex 178.892 28.7769 19
    endloop
  endfacet
  facet normal 0 0 1
    outer loop
      vertex 173.989 19.2615 19
      vertex 179.371 27.75 19
      vertex 179.109 28.253 19
    endloop
  endfacet
  facet normal 0 0 1
    outer loop
      vertex 173.989 19.2615 19
      vertex 179.676 27.2718 19
      vertex 179.371 27.75 19
    endloop
  endfacet
  facet normal 0 0 1
    outer loop
      vertex 173.989 19.2615 19
      vertex 180.021 26.8219 19
      vertex 179.676 27.2718 19
    endloop
  endfacet
  facet normal 0 0 1
    outer loop
      vertex 173.989 19.2615 19
      vertex 180.404 26.4038 19
      vertex 180.021 26.8219 19
    endloop
  endfacet
  facet normal 0 0 1
    outer loop
      vertex 187.676 19.2718 19
      vertex 174 9 19
      vertex 188.021 18.8219 19
    endloop
  endfacet
  facet normal 0 0 1
    outer loop
      vertex 188.021 18.8219 19
      vertex 174 9 19
      vertex 188.404 18.4038 19
    endloop
  endfacet
  facet normal 0 0 1
    outer loop
      vertex 188.404 18.4038 19
      vertex 174 9 19
      vertex 188.822 18.0207 19
    endloop
  endfacet
  facet normal 0 0 1
    outer loop
      vertex 189.75 17.3708 19
      vertex 174 9 19
      vertex 173.989 8.73853 19
    endloop
  endfacet
  facet normal 0 0 1
    outer loop
      vertex 190.253 17.109 19
      vertex 173.989 8.73853 19
      vertex 173.954 8.47906 19
    endloop
  endfacet
  facet normal 0 0 1
    outer loop
      vertex 190.253 17.109 19
      vertex 173.954 8.47906 19
      vertex 173.898 8.22354 19
    endloop
  endfacet
  facet normal 0 0 1
    outer loop
      vertex 190.777 16.892 19
      vertex 173.898 8.22354 19
      vertex 173.819 7.97394 19
    endloop
  endfacet
  facet normal 0 0 1
    outer loop
      vertex 191.318 16.7215 19
      vertex 173.819 7.97394 19
      vertex 173.719 7.73214 19
    endloop
  endfacet
  facet normal 0 0 1
    outer loop
      vertex 191.871 16.5987 19
      vertex 173.719 7.73214 19
      vertex 173.598 7.5 19
    endloop
  endfacet
  facet normal 0 0 1
    outer loop
      vertex 192.433 16.5247 19
      vertex 173.598 7.5 19
      vertex 173.457 7.27927 19
    endloop
  endfacet
  facet normal 0 0 1
    outer loop
      vertex 192.433 16.5247 19
      vertex 173.457 7.27927 19
      vertex 212 0 19
    endloop
  endfacet
  facet normal -0 0 1
    outer loop
      vertex 173.298 7.07164 19
      vertex 212 0 19
      vertex 173.457 7.27927 19
    endloop
  endfacet
  facet normal -0 0 1
    outer loop
      vertex 173.121 6.87868 19
      vertex 212 0 19
      vertex 173.298 7.07164 19
    endloop
  endfacet
  facet normal -0 0 1
    outer loop
      vertex 172.928 6.70187 19
      vertex 212 0 19
      vertex 173.121 6.87868 19
    endloop
  endfacet
  facet normal -0 0 1
    outer loop
      vertex 172.721 6.54254 19
      vertex 212 0 19
      vertex 172.928 6.70187 19
    endloop
  endfacet
  facet normal -0 0 1
    outer loop
      vertex 172.5 6.40192 19
      vertex 212 0 19
      vertex 172.721 6.54254 19
    endloop
  endfacet
  facet normal -0 0 1
    outer loop
      vertex 172.268 6.28108 19
      vertex 212 0 19
      vertex 172.5 6.40192 19
    endloop
  endfacet
  facet normal -0 0 1
    outer loop
      vertex 172.026 6.18092 19
      vertex 212 0 19
      vertex 172.268 6.28108 19
    endloop
  endfacet
  facet normal -0 0 1
    outer loop
      vertex 171.776 6.10222 19
      vertex 212 0 19
      vertex 172.026 6.18092 19
    endloop
  endfacet
  facet normal -0 0 1
    outer loop
      vertex 171.521 6.04558 19
      vertex 212 0 19
      vertex 171.776 6.10222 19
    endloop
  endfacet
  facet normal -0 0 1
    outer loop
      vertex 171.261 6.01142 19
      vertex 212 0 19
      vertex 171.521 6.04558 19
    endloop
  endfacet
  facet normal -0 0 1
    outer loop
      vertex 171 6 19
      vertex 212 0 19
      vertex 171.261 6.01142 19
    endloop
  endfacet
  facet normal -0 0 1
    outer loop
      vertex 161 6 19
      vertex 212 0 19
      vertex 171 6 19
    endloop
  endfacet
  facet normal 0 0 1
    outer loop
      vertex 160.739 6.01142 19
      vertex 212 0 19
      vertex 161 6 19
    endloop
  endfacet
  facet normal 0 0 1
    outer loop
      vertex 158 19 19
      vertex 146.881 24.6197 19
      vertex 158 9 19
    endloop
  endfacet
  facet normal -0 0 1
    outer loop
      vertex 139.466 21.5483 19
      vertex 158 9 19
      vertex 146.881 24.6197 19
    endloop
  endfacet
  facet normal 0 0 1
    outer loop
      vertex 158 9 19
      vertex 139.466 21.5483 19
      vertex 158.011 8.73853 19
    endloop
  endfacet
  facet normal 0 0 1
    outer loop
      vertex 158.011 8.73853 19
      vertex 139.466 21.5483 19
      vertex 158.046 8.47906 19
    endloop
  endfacet
  facet normal 0 0 1
    outer loop
      vertex 158.046 8.47906 19
      vertex 139.466 21.5483 19
      vertex 158.102 8.22354 19
    endloop
  endfacet
  facet normal -0 0 1
    outer loop
      vertex 131.811 19.1348 19
      vertex 158.102 8.22354 19
      vertex 139.466 21.5483 19
    endloop
  endfacet
  facet normal 0 0 1
    outer loop
      vertex 158.102 8.22354 19
      vertex 131.811 19.1348 19
      vertex 158.181 7.97394 19
    endloop
  endfacet
  facet normal 0 0 1
    outer loop
      vertex 158.181 7.97394 19
      vertex 131.811 19.1348 19
      vertex 158.281 7.73214 19
    endloop
  endfacet
  facet normal 0 0 1
    outer loop
      vertex 158.281 7.73214 19
      vertex 131.811 19.1348 19
      vertex 158.402 7.5 19
    endloop
  endfacet
  facet normal 0 0 1
    outer loop
      vertex 158.402 7.5 19
      vertex 131.811 19.1348 19
      vertex 158.543 7.27927 19
    endloop
  endfacet
  facet normal 0 0 1
    outer loop
      vertex 158.543 7.27927 19
      vertex 131.811 19.1348 19
      vertex 158.702 7.07164 19
    endloop
  endfacet
  facet normal -0 0 1
    outer loop
      vertex 123.976 17.3977 19
      vertex 158.702 7.07164 19
      vertex 131.811 19.1348 19
    endloop
  endfacet
  facet normal 0 0 1
    outer loop
      vertex 158.702 7.07164 19
      vertex 123.976 17.3977 19
      vertex 158.879 6.87868 19
    endloop
  endfacet
  facet normal 0 0 1
    outer loop
      vertex 158.879 6.87868 19
      vertex 123.976 17.3977 19
      vertex 159.072 6.70187 19
    endloop
  endfacet
  facet normal 0 0 1
    outer loop
      vertex 159.072 6.70187 19
      vertex 123.976 17.3977 19
      vertex 159.279 6.54254 19
    endloop
  endfacet
  facet normal -0 0 1
    outer loop
      vertex 116.018 16.3501 19
      vertex 159.279 6.54254 19
      vertex 123.976 17.3977 19
    endloop
  endfacet
  facet normal 0 0 1
    outer loop
      vertex 159.279 6.54254 19
      vertex 116.018 16.3501 19
      vertex 159.5 6.40192 19
    endloop
  endfacet
  facet normal 0 0 1
    outer loop
      vertex 159.5 6.40192 19
      vertex 116.018 16.3501 19
      vertex 159.732 6.28108 19
    endloop
  endfacet
  facet normal -0 0 1
    outer loop
      vertex 108 16 19
      vertex 159.732 6.28108 19
      vertex 116.018 16.3501 19
    endloop
  endfacet
  facet normal 0 0 1
    outer loop
      vertex 159.732 6.28108 19
      vertex 108 16 19
      vertex 159.974 6.18092 19
    endloop
  endfacet
  facet normal 0 0 1
    outer loop
      vertex 56.0261 6.18092 19
      vertex 159.974 6.18092 19
      vertex 108 16 19
    endloop
  endfacet
  facet normal 0 0 1
    outer loop
      vertex 159.974 6.18092 19
      vertex 56.0261 6.18092 19
      vertex 160.224 6.10222 19
    endloop
  endfacet
  facet normal 0 0 1
    outer loop
      vertex 56.2679 6.28108 19
      vertex 108 16 19
      vertex 99.9817 16.3501 19
    endloop
  endfacet
  facet normal 0 0 1
    outer loop
      vertex 56.7207 6.54254 19
      vertex 99.9817 16.3501 19
      vertex 92.0244 17.3977 19
    endloop
  endfacet
  facet normal 0 0 1
    outer loop
      vertex 57.8191 20.0261 19
      vertex 69.1191 24.6197 19
      vertex 62 28.3257 19
    endloop
  endfacet
  facet normal 0 0 1
    outer loop
      vertex 58 9 19
      vertex 69.1191 24.6197 19
      vertex 58 19 19
    endloop
  endfacet
  facet normal 0 0 1
    outer loop
      vertex 69.1191 24.6197 19
      vertex 58 9 19
      vertex 76.5341 21.5483 19
    endloop
  endfacet
  facet normal 0 0 1
    outer loop
      vertex 57.9886 8.73853 19
      vertex 76.5341 21.5483 19
      vertex 58 9 19
    endloop
  endfacet
  facet normal 0 0 1
    outer loop
      vertex 57.9544 8.47906 19
      vertex 76.5341 21.5483 19
      vertex 57.9886 8.73853 19
    endloop
  endfacet
  facet normal 0 0 1
    outer loop
      vertex 57.8978 8.22354 19
      vertex 76.5341 21.5483 19
      vertex 57.9544 8.47906 19
    endloop
  endfacet
  facet normal 0 0 1
    outer loop
      vertex 76.5341 21.5483 19
      vertex 57.8978 8.22354 19
      vertex 84.1886 19.1348 19
    endloop
  endfacet
  facet normal 0 0 1
    outer loop
      vertex 57.8191 7.97394 19
      vertex 84.1886 19.1348 19
      vertex 57.8978 8.22354 19
    endloop
  endfacet
  facet normal 0 0 1
    outer loop
      vertex 57.7189 7.73214 19
      vertex 84.1886 19.1348 19
      vertex 57.8191 7.97394 19
    endloop
  endfacet
  facet normal 0 0 1
    outer loop
      vertex 57.5981 7.5 19
      vertex 84.1886 19.1348 19
      vertex 57.7189 7.73214 19
    endloop
  endfacet
  facet normal 0 0 1
    outer loop
      vertex 57.4575 7.27927 19
      vertex 84.1886 19.1348 19
      vertex 57.5981 7.5 19
    endloop
  endfacet
  facet normal 0 0 1
    outer loop
      vertex 84.1886 19.1348 19
      vertex 57.4575 7.27927 19
      vertex 92.0244 17.3977 19
    endloop
  endfacet
  facet normal 0 0 1
    outer loop
      vertex 57.2981 7.07164 19
      vertex 92.0244 17.3977 19
      vertex 57.4575 7.27927 19
    endloop
  endfacet
  facet normal 0 0 1
    outer loop
      vertex 57.1213 6.87868 19
      vertex 92.0244 17.3977 19
      vertex 57.2981 7.07164 19
    endloop
  endfacet
  facet normal 0 0 1
    outer loop
      vertex 56.9284 6.70187 19
      vertex 92.0244 17.3977 19
      vertex 57.1213 6.87868 19
    endloop
  endfacet
  facet normal 0 0 1
    outer loop
      vertex 56.7207 6.54254 19
      vertex 92.0244 17.3977 19
      vertex 56.9284 6.70187 19
    endloop
  endfacet
  facet normal 0 0 1
    outer loop
      vertex 99.9817 16.3501 19
      vertex 56.7207 6.54254 19
      vertex 56.5 6.40192 19
    endloop
  endfacet
  facet normal 0 0 1
    outer loop
      vertex 99.9817 16.3501 19
      vertex 56.5 6.40192 19
      vertex 56.2679 6.28108 19
    endloop
  endfacet
  facet normal 0 0 1
    outer loop
      vertex 56.0261 6.18092 19
      vertex 108 16 19
      vertex 56.2679 6.28108 19
    endloop
  endfacet
  facet normal 0 0 1
    outer loop
      vertex 55.7765 6.10222 19
      vertex 160.224 6.10222 19
      vertex 56.0261 6.18092 19
    endloop
  endfacet
  facet normal 0 0 1
    outer loop
      vertex 160.224 6.10222 19
      vertex 55.7765 6.10222 19
      vertex 160.479 6.04558 19
    endloop
  endfacet
  facet normal 0 0 1
    outer loop
      vertex 55.5209 6.04558 19
      vertex 160.479 6.04558 19
      vertex 55.7765 6.10222 19
    endloop
  endfacet
  facet normal 0 0 1
    outer loop
      vertex 160.479 6.04558 19
      vertex 55.5209 6.04558 19
      vertex 160.739 6.01142 19
    endloop
  endfacet
  facet normal 0 0 1
    outer loop
      vertex 55.2615 6.01142 19
      vertex 160.739 6.01142 19
      vertex 55.5209 6.04558 19
    endloop
  endfacet
  facet normal 0 0 1
    outer loop
      vertex 160.739 6.01142 19
      vertex 55.2615 6.01142 19
      vertex 212 0 19
    endloop
  endfacet
  facet normal 0 0 1
    outer loop
      vertex 4 0 19
      vertex 55.2615 6.01142 19
      vertex 55 6 19
    endloop
  endfacet
  facet normal 0 0 1
    outer loop
      vertex 4 0 19
      vertex 55 6 19
      vertex 45 6 19
    endloop
  endfacet
  facet normal 0 0 1
    outer loop
      vertex 42.7019 20.9284 19
      vertex 35.9793 26.8219 19
      vertex 42.5425 20.7207 19
    endloop
  endfacet
  facet normal -0 0 1
    outer loop
      vertex 35.5962 26.4038 19
      vertex 42.5425 20.7207 19
      vertex 35.9793 26.8219 19
    endloop
  endfacet
  facet normal 0 0 1
    outer loop
      vertex 42.5425 20.7207 19
      vertex 35.5962 26.4038 19
      vertex 42.4019 20.5 19
    endloop
  endfacet
  facet normal -0 0 1
    outer loop
      vertex 35.1781 26.0207 19
      vertex 42.4019 20.5 19
      vertex 35.5962 26.4038 19
    endloop
  endfacet
  facet normal 0 0 1
    outer loop
      vertex 42.4019 20.5 19
      vertex 35.1781 26.0207 19
      vertex 42.2811 20.2679 19
    endloop
  endfacet
  facet normal -0 0 1
    outer loop
      vertex 34.7282 25.6755 19
      vertex 42.2811 20.2679 19
      vertex 35.1781 26.0207 19
    endloop
  endfacet
  facet normal 0 0 1
    outer loop
      vertex 42.2811 20.2679 19
      vertex 34.7282 25.6755 19
      vertex 42.1809 20.0261 19
    endloop
  endfacet
  facet normal 0 0 1
    outer loop
      vertex 42.1809 20.0261 19
      vertex 34.7282 25.6755 19
      vertex 42.1022 19.7765 19
    endloop
  endfacet
  facet normal -0 0 1
    outer loop
      vertex 34.25 25.3708 19
      vertex 42.1022 19.7765 19
      vertex 34.7282 25.6755 19
    endloop
  endfacet
  facet normal 0 0 1
    outer loop
      vertex 42.1022 19.7765 19
      vertex 34.25 25.3708 19
      vertex 42.0456 19.5209 19
    endloop
  endfacet
  facet normal -0 0 1
    outer loop
      vertex 33.747 25.109 19
      vertex 42.0456 19.5209 19
      vertex 34.25 25.3708 19
    endloop
  endfacet
  facet normal 0 0 1
    outer loop
      vertex 42.0456 19.5209 19
      vertex 33.747 25.109 19
      vertex 42.0114 19.2615 19
    endloop
  endfacet
  facet normal 0 0 1
    outer loop
      vertex 42.0114 19.2615 19
      vertex 33.747 25.109 19
      vertex 42 19 19
    endloop
  endfacet
  facet normal -0 0 1
    outer loop
      vertex 33.2231 24.892 19
      vertex 42 19 19
      vertex 33.747 25.109 19
    endloop
  endfacet
  facet normal -0 0 1
    outer loop
      vertex 28.6292 19.75 19
      vertex 42 19 19
      vertex 28.891 20.253 19
    endloop
  endfacet
  facet normal -0 0 1
    outer loop
      vertex 28.3245 19.2718 19
      vertex 42 19 19
      vertex 28.6292 19.75 19
    endloop
  endfacet
  facet normal 0 0 1
    outer loop
      vertex 42 19 19
      vertex 28.3245 19.2718 19
      vertex 42 9 19
    endloop
  endfacet
  facet normal -0 0 1
    outer loop
      vertex 27.9793 18.8219 19
      vertex 42 9 19
      vertex 28.3245 19.2718 19
    endloop
  endfacet
  facet normal -0 0 1
    outer loop
      vertex 27.5962 18.4038 19
      vertex 42 9 19
      vertex 27.9793 18.8219 19
    endloop
  endfacet
  facet normal -0 0 1
    outer loop
      vertex 29.108 20.7769 19
      vertex 42 19 19
      vertex 33.2231 24.892 19
    endloop
  endfacet
  facet normal -0 0 1
    outer loop
      vertex 27.1781 18.0207 19
      vertex 42 9 19
      vertex 27.5962 18.4038 19
    endloop
  endfacet
  facet normal 0 0 1
    outer loop
      vertex 29.108 20.7769 19
      vertex 33.2231 24.892 19
      vertex 32.6823 24.7215 19
    endloop
  endfacet
  facet normal 0 0 1
    outer loop
      vertex 29.2785 21.3177 19
      vertex 32.6823 24.7215 19
      vertex 32.1287 24.5987 19
    endloop
  endfacet
  facet normal 0 0 1
    outer loop
      vertex 29.4012 21.8713 19
      vertex 32.1287 24.5987 19
      vertex 31.5665 24.5247 19
    endloop
  endfacet
  facet normal 0 0 1
    outer loop
      vertex 29.4753 22.4335 19
      vertex 31.5665 24.5247 19
      vertex 31 24.5 19
    endloop
  endfacet
  facet normal 0 0 1
    outer loop
      vertex 32.6823 24.7215 19
      vertex 29.2785 21.3177 19
      vertex 29.108 20.7769 19
    endloop
  endfacet
  facet normal 0 0 1
    outer loop
      vertex 29.5 23 19
      vertex 31 24.5 19
      vertex 30.4335 24.5247 19
    endloop
  endfacet
  facet normal 0 0 1
    outer loop
      vertex 29.4753 23.5665 19
      vertex 30.4335 24.5247 19
      vertex 29.8713 24.5987 19
    endloop
  endfacet
  facet normal 0 0 1
    outer loop
      vertex 31 24.5 19
      vertex 29.5 23 19
      vertex 29.4753 22.4335 19
    endloop
  endfacet
  facet normal 0 0 1
    outer loop
      vertex 31.5665 24.5247 19
      vertex 29.4753 22.4335 19
      vertex 29.4012 21.8713 19
    endloop
  endfacet
  facet normal 0 0 1
    outer loop
      vertex 32.1287 24.5987 19
      vertex 29.4012 21.8713 19
      vertex 29.2785 21.3177 19
    endloop
  endfacet
  facet normal 0 0 1
    outer loop
      vertex 42 19 19
      vertex 29.108 20.7769 19
      vertex 28.891 20.253 19
    endloop
  endfacet
  facet normal -0 0 1
    outer loop
      vertex 26.7282 17.6755 19
      vertex 42 9 19
      vertex 27.1781 18.0207 19
    endloop
  endfacet
  facet normal -0 0 1
    outer loop
      vertex 26.25 17.3708 19
      vertex 42 9 19
      vertex 26.7282 17.6755 19
    endloop
  endfacet
  facet normal 0 0 1
    outer loop
      vertex 42 9 19
      vertex 26.25 17.3708 19
      vertex 42.0114 8.73853 19
    endloop
  endfacet
  facet normal -0 0 1
    outer loop
      vertex 25.747 17.109 19
      vertex 42.0114 8.73853 19
      vertex 26.25 17.3708 19
    endloop
  endfacet
  facet normal 0 0 1
    outer loop
      vertex 42.0114 8.73853 19
      vertex 25.747 17.109 19
      vertex 42.0456 8.47906 19
    endloop
  endfacet
  facet normal 0 0 1
    outer loop
      vertex 42.0456 8.47906 19
      vertex 25.747 17.109 19
      vertex 42.1022 8.22354 19
    endloop
  endfacet
  facet normal -0 0 1
    outer loop
      vertex 25.2231 16.892 19
      vertex 42.1022 8.22354 19
      vertex 25.747 17.109 19
    endloop
  endfacet
  facet normal 0 0 1
    outer loop
      vertex 42.1022 8.22354 19
      vertex 25.2231 16.892 19
      vertex 42.1809 7.97394 19
    endloop
  endfacet
  facet normal -0 0 1
    outer loop
      vertex 24.6823 16.7215 19
      vertex 42.1809 7.97394 19
      vertex 25.2231 16.892 19
    endloop
  endfacet
  facet normal 0 0 1
    outer loop
      vertex 42.1809 7.97394 19
      vertex 24.6823 16.7215 19
      vertex 42.2811 7.73214 19
    endloop
  endfacet
  facet normal -0 0 1
    outer loop
      vertex 24.1287 16.5987 19
      vertex 42.2811 7.73214 19
      vertex 24.6823 16.7215 19
    endloop
  endfacet
  facet normal 0 0 1
    outer loop
      vertex 42.2811 7.73214 19
      vertex 24.1287 16.5987 19
      vertex 42.4019 7.5 19
    endloop
  endfacet
  facet normal -0 0 1
    outer loop
      vertex 23.5665 16.5247 19
      vertex 42.4019 7.5 19
      vertex 24.1287 16.5987 19
    endloop
  endfacet
  facet normal 0 0 1
    outer loop
      vertex 42.4019 7.5 19
      vertex 23.5665 16.5247 19
      vertex 42.5425 7.27927 19
    endloop
  endfacet
  facet normal 0 0 1
    outer loop
      vertex 4 0 19
      vertex 42.5425 7.27927 19
      vertex 23.5665 16.5247 19
    endloop
  endfacet
  facet normal 0 0 1
    outer loop
      vertex 42.5425 7.27927 19
      vertex 4 0 19
      vertex 42.7019 7.07164 19
    endloop
  endfacet
  facet normal 0 0 1
    outer loop
      vertex 42.7019 7.07164 19
      vertex 4 0 19
      vertex 42.8787 6.87868 19
    endloop
  endfacet
  facet normal 0 0 1
    outer loop
      vertex 42.8787 6.87868 19
      vertex 4 0 19
      vertex 43.0716 6.70187 19
    endloop
  endfacet
  facet normal 0 0 1
    outer loop
      vertex 43.0716 6.70187 19
      vertex 4 0 19
      vertex 43.2793 6.54254 19
    endloop
  endfacet
  facet normal 0 0 1
    outer loop
      vertex 43.2793 6.54254 19
      vertex 4 0 19
      vertex 43.5 6.40192 19
    endloop
  endfacet
  facet normal 0 0 1
    outer loop
      vertex 4 0 19
      vertex 23.5665 16.5247 19
      vertex 23 16.5 19
    endloop
  endfacet
  facet normal 0 0 1
    outer loop
      vertex 4 0 19
      vertex 23 16.5 19
      vertex 22.4335 16.5247 19
    endloop
  endfacet
  facet normal 0 0 1
    outer loop
      vertex 4 0 19
      vertex 22.4335 16.5247 19
      vertex 21.8713 16.5987 19
    endloop
  endfacet
  facet normal 0 0 1
    outer loop
      vertex 4 0 19
      vertex 21.8713 16.5987 19
      vertex 21.3177 16.7215 19
    endloop
  endfacet
  facet normal 0 0 1
    outer loop
      vertex 4 0 19
      vertex 21.3177 16.7215 19
      vertex 20.7769 16.892 19
    endloop
  endfacet
  facet normal 0 0 1
    outer loop
      vertex 4 0 19
      vertex 20.7769 16.892 19
      vertex 20.253 17.109 19
    endloop
  endfacet
  facet normal -0 0 1
    outer loop
      vertex 15.7765 24.1022 19
      vertex 16.5247 23.5665 19
      vertex 16.0261 24.1809 19
    endloop
  endfacet
  facet normal -0 0 1
    outer loop
      vertex 15.5209 24.0456 19
      vertex 16.5247 23.5665 19
      vertex 15.7765 24.1022 19
    endloop
  endfacet
  facet normal 0 0 1
    outer loop
      vertex 16.5247 23.5665 19
      vertex 15.5209 24.0456 19
      vertex 16.5 23 19
    endloop
  endfacet
  facet normal -0 0 1
    outer loop
      vertex 15.2615 24.0114 19
      vertex 16.5 23 19
      vertex 15.5209 24.0456 19
    endloop
  endfacet
  facet normal 0 0 1
    outer loop
      vertex 16.5 23 19
      vertex 15.2615 24.0114 19
      vertex 16.5247 22.4335 19
    endloop
  endfacet
  facet normal -0 0 1
    outer loop
      vertex 15 24 19
      vertex 16.5247 22.4335 19
      vertex 15.2615 24.0114 19
    endloop
  endfacet
  facet normal 0 0 1
    outer loop
      vertex 16.5247 22.4335 19
      vertex 15 24 19
      vertex 16.5987 21.8713 19
    endloop
  endfacet
  facet normal 0 0 1
    outer loop
      vertex 16.5987 21.8713 19
      vertex 15 24 19
      vertex 16.7215 21.3177 19
    endloop
  endfacet
  facet normal 0 0 1
    outer loop
      vertex 16.7215 21.3177 19
      vertex 15 24 19
      vertex 16.892 20.7769 19
    endloop
  endfacet
  facet normal -0 0 1
    outer loop
      vertex 5 24 19
      vertex 16.892 20.7769 19
      vertex 15 24 19
    endloop
  endfacet
  facet normal 0 0 1
    outer loop
      vertex 16.892 20.7769 19
      vertex 5 24 19
      vertex 17.109 20.253 19
    endloop
  endfacet
  facet normal 0 0 1
    outer loop
      vertex 17.109 20.253 19
      vertex 5 24 19
      vertex 17.3708 19.75 19
    endloop
  endfacet
  facet normal 0 0 1
    outer loop
      vertex 5 24 19
      vertex 17.6755 19.2718 19
      vertex 17.3708 19.75 19
    endloop
  endfacet
  facet normal 0 0 1
    outer loop
      vertex 4 0 19
      vertex 17.6755 19.2718 19
      vertex 5 24 19
    endloop
  endfacet
  facet normal 0 0 1
    outer loop
      vertex 17.6755 19.2718 19
      vertex 4 0 19
      vertex 18.0207 18.8219 19
    endloop
  endfacet
  facet normal 0 0 1
    outer loop
      vertex 18.0207 18.8219 19
      vertex 4 0 19
      vertex 18.4038 18.4038 19
    endloop
  endfacet
  facet normal 0 0 1
    outer loop
      vertex 18.4038 18.4038 19
      vertex 4 0 19
      vertex 18.8219 18.0207 19
    endloop
  endfacet
  facet normal 0 0 1
    outer loop
      vertex 18.8219 18.0207 19
      vertex 4 0 19
      vertex 19.2718 17.6755 19
    endloop
  endfacet
  facet normal 0 0 1
    outer loop
      vertex 19.2718 17.6755 19
      vertex 4 0 19
      vertex 19.75 17.3708 19
    endloop
  endfacet
  facet normal 0 0 1
    outer loop
      vertex 19.75 17.3708 19
      vertex 4 0 19
      vertex 20.253 17.109 19
    endloop
  endfacet
  facet normal 0 0 1
    outer loop
      vertex 2 0.535898 19
      vertex 5 24 19
      vertex 4.73853 24.0114 19
    endloop
  endfacet
  facet normal 0 0 1
    outer loop
      vertex 2 0.535898 19
      vertex 4.73853 24.0114 19
      vertex 4.47906 24.0456 19
    endloop
  endfacet
  facet normal 0 0 1
    outer loop
      vertex 2 0.535898 19
      vertex 4.47906 24.0456 19
      vertex 4.22354 24.1022 19
    endloop
  endfacet
  facet normal 0 0 1
    outer loop
      vertex 55.2615 6.01142 19
      vertex 4 0 19
      vertex 212 0 19
    endloop
  endfacet
  facet normal 0 0 1
    outer loop
      vertex 44.7385 6.01142 19
      vertex 4 0 19
      vertex 45 6 19
    endloop
  endfacet
  facet normal 0 0 1
    outer loop
      vertex 44.4791 6.04558 19
      vertex 4 0 19
      vertex 44.7385 6.01142 19
    endloop
  endfacet
  facet normal 0 0 1
    outer loop
      vertex 44.2235 6.10222 19
      vertex 4 0 19
      vertex 44.4791 6.04558 19
    endloop
  endfacet
  facet normal 0 0 1
    outer loop
      vertex 43.9739 6.18092 19
      vertex 4 0 19
      vertex 44.2235 6.10222 19
    endloop
  endfacet
  facet normal 0 0 1
    outer loop
      vertex 43.7321 6.28108 19
      vertex 4 0 19
      vertex 43.9739 6.18092 19
    endloop
  endfacet
  facet normal 0 0 1
    outer loop
      vertex 43.5 6.40192 19
      vertex 4 0 19
      vertex 43.7321 6.28108 19
    endloop
  endfacet
  facet normal 0 0 1
    outer loop
      vertex 2 0.535898 19
      vertex 4.22354 24.1022 19
      vertex 3.97394 24.1809 19
    endloop
  endfacet
  facet normal 0 0 1
    outer loop
      vertex 2 0.535898 19
      vertex 3.97394 24.1809 19
      vertex 3.73214 24.2811 19
    endloop
  endfacet
  facet normal 0 0 1
    outer loop
      vertex 5 24 19
      vertex 2 0.535898 19
      vertex 4 0 19
    endloop
  endfacet
  facet normal 0 0 1
    outer loop
      vertex 2 0.535898 19
      vertex 3.73214 24.2811 19
      vertex 3.5 24.4019 19
    endloop
  endfacet
  facet normal 0 0 1
    outer loop
      vertex 4 0 19
      vertex 2 0.535898 19
      vertex 3.65138 0.0152206 19
    endloop
  endfacet
  facet normal 0 0 1
    outer loop
      vertex 2 0.535898 19
      vertex 3.5 24.4019 19
      vertex 3.27927 24.5425 19
    endloop
  endfacet
  facet normal 0 0 1
    outer loop
      vertex 2 0.535898 19
      vertex 3.27927 24.5425 19
      vertex 3.07164 24.7019 19
    endloop
  endfacet
  facet normal 0 0 1
    outer loop
      vertex 3.65138 0.0152206 19
      vertex 2 0.535898 19
      vertex 3.30541 0.0607681 19
    endloop
  endfacet
  facet normal 0 0 1
    outer loop
      vertex 2 0.535898 19
      vertex 3.07164 24.7019 19
      vertex 2.87868 24.8787 19
    endloop
  endfacet
  facet normal 0 0 1
    outer loop
      vertex 2 0.535898 19
      vertex 2.87868 24.8787 19
      vertex 2.70187 25.0716 19
    endloop
  endfacet
  facet normal 0 0 1
    outer loop
      vertex 3.30541 0.0607681 19
      vertex 2 0.535898 19
      vertex 2.96472 0.136296 19
    endloop
  endfacet
  facet normal 0 0 1
    outer loop
      vertex 2 0.535898 19
      vertex 2.70187 25.0716 19
      vertex 2.54254 25.2793 19
    endloop
  endfacet
  facet normal 0 0 1
    outer loop
      vertex 2 0.535898 19
      vertex 2.54254 25.2793 19
      vertex 2.40192 25.5 19
    endloop
  endfacet
  facet normal 0 0 1
    outer loop
      vertex 2.96472 0.136296 19
      vertex 2 0.535898 19
      vertex 2.63192 0.241229 19
    endloop
  endfacet
  facet normal 0 0 1
    outer loop
      vertex 2 0.535898 19
      vertex 2.40192 25.5 19
      vertex 2.28108 25.7321 19
    endloop
  endfacet
  facet normal 0 0 1
    outer loop
      vertex 2 0.535898 19
      vertex 2.28108 25.7321 19
      vertex 2.18092 25.9739 19
    endloop
  endfacet
  facet normal 0 0 1
    outer loop
      vertex 2 0.535898 19
      vertex 2.18092 25.9739 19
      vertex 2.10222 26.2235 19
    endloop
  endfacet
  facet normal 0 0 1
    outer loop
      vertex 2 0.535898 19
      vertex 2.10222 26.2235 19
      vertex 2.04558 26.4791 19
    endloop
  endfacet
  facet normal 0 0 1
    outer loop
      vertex 2 0.535898 19
      vertex 2.04558 26.4791 19
      vertex 2.01142 26.7385 19
    endloop
  endfacet
  facet normal 0 0 1
    outer loop
      vertex 2 0.535898 19
      vertex 2.01142 26.7385 19
      vertex 2 27 19
    endloop
  endfacet
  facet normal 0 0 1
    outer loop
      vertex 2.63192 0.241229 19
      vertex 2 0.535898 19
      vertex 2.30953 0.374768 19
    endloop
  endfacet
  facet normal 0 0 1
    outer loop
      vertex 192.433 29.4753 19
      vertex 191.475 30.4335 19
      vertex 191.871 29.4012 19
    endloop
  endfacet
  facet normal -0 0 1
    outer loop
      vertex 191.401 29.8713 19
      vertex 191.871 29.4012 19
      vertex 191.475 30.4335 19
    endloop
  endfacet
  facet normal 0 0 1
    outer loop
      vertex 191.401 29.8713 19
      vertex 191.318 29.2785 19
      vertex 191.871 29.4012 19
    endloop
  endfacet
  facet normal -0 0 1
    outer loop
      vertex 191.279 29.3177 19
      vertex 191.318 29.2785 19
      vertex 191.401 29.8713 19
    endloop
  endfacet
  facet normal 0 0 1
    outer loop
      vertex 191.318 29.2785 19
      vertex 191.279 29.3177 19
      vertex 191.26 29.2605 19
    endloop
  endfacet
  facet normal 0.300684 -0.953724 0
    outer loop
      vertex 32.6823 24.7215 19
      vertex 33.2231 24.892 23
      vertex 32.6823 24.7215 23
    endloop
  endfacet
  facet normal 0.300684 -0.953724 0
    outer loop
      vertex 33.2231 24.892 23
      vertex 32.6823 24.7215 19
      vertex 33.2231 24.892 19
    endloop
  endfacet
  facet normal -0.97627 0.216557 -2.74216e-18
    outer loop
      vertex 24.5987 32.1287 19
      vertex 24.7215 32.6823 23
      vertex 24.7215 32.6823 19
    endloop
  endfacet
  facet normal -0.97627 0.216557 -2.74216e-18
    outer loop
      vertex 24.7215 32.6823 23
      vertex 24.5987 32.1287 19
      vertex 24.5987 32.1287 23
    endloop
  endfacet
  facet normal -0.300684 0.953724 0
    outer loop
      vertex 29.3177 37.2785 19
      vertex 28.7769 37.108 23
      vertex 29.3177 37.2785 23
    endloop
  endfacet
  facet normal -0.300684 0.953724 0
    outer loop
      vertex 28.7769 37.108 23
      vertex 29.3177 37.2785 19
      vertex 28.7769 37.108 19
    endloop
  endfacet
  facet normal 0.793371 0.608739 -2.82726e-18
    outer loop
      vertex 36.3245 34.7282 23
      vertex 35.9793 35.1781 19
      vertex 35.9793 35.1781 23
    endloop
  endfacet
  facet normal 0.793371 0.608739 -2.82726e-18
    outer loop
      vertex 35.9793 35.1781 19
      vertex 36.3245 34.7282 23
      vertex 36.3245 34.7282 19
    endloop
  endfacet
  facet normal 0.999051 -0.0435597 -1.61999e-19
    outer loop
      vertex 37.4753 30.4335 23
      vertex 37.5 31 19
      vertex 37.5 31 23
    endloop
  endfacet
  facet normal 0.999051 -0.0435597 -1.61999e-19
    outer loop
      vertex 37.5 31 19
      vertex 37.4753 30.4335 23
      vertex 37.4753 30.4335 19
    endloop
  endfacet
  facet normal 0.130673 0.991425 -0
    outer loop
      vertex 32.1287 37.4012 19
      vertex 31.5665 37.4753 23
      vertex 32.1287 37.4012 23
    endloop
  endfacet
  facet normal 0.130673 0.991425 0
    outer loop
      vertex 31.5665 37.4753 23
      vertex 32.1287 37.4012 19
      vertex 31.5665 37.4753 19
    endloop
  endfacet
  facet normal 0.608739 0.793371 -0
    outer loop
      vertex 35.1781 35.9793 19
      vertex 34.7282 36.3245 23
      vertex 35.1781 35.9793 23
    endloop
  endfacet
  facet normal 0.608739 0.793371 0
    outer loop
      vertex 34.7282 36.3245 23
      vertex 35.1781 35.9793 19
      vertex 34.7282 36.3245 19
    endloop
  endfacet
  facet normal 0.537366 0.843349 -0
    outer loop
      vertex 34.7282 36.3245 19
      vertex 34.25 36.6292 23
      vertex 34.7282 36.3245 23
    endloop
  endfacet
  facet normal 0.537366 0.843349 0
    outer loop
      vertex 34.25 36.6292 23
      vertex 34.7282 36.3245 19
      vertex 34.25 36.6292 19
    endloop
  endfacet
  facet normal 0.1305 -0.991448 0
    outer loop
      vertex 31.5665 24.5247 19
      vertex 32.1287 24.5987 23
      vertex 31.5665 24.5247 23
    endloop
  endfacet
  facet normal 0.1305 -0.991448 0
    outer loop
      vertex 32.1287 24.5987 23
      vertex 31.5665 24.5247 19
      vertex 32.1287 24.5987 19
    endloop
  endfacet
  facet normal 0.953724 0.300684 9.76457e-19
    outer loop
      vertex 37.2785 32.6823 23
      vertex 37.108 33.2231 19
      vertex 37.108 33.2231 23
    endloop
  endfacet
  facet normal 0.953724 0.300684 9.76457e-19
    outer loop
      vertex 37.108 33.2231 19
      vertex 37.2785 32.6823 23
      vertex 37.2785 32.6823 19
    endloop
  endfacet
  facet normal 0.843349 -0.537366 -2.48074e-18
    outer loop
      vertex 36.3245 27.2718 23
      vertex 36.6292 27.75 19
      vertex 36.6292 27.75 23
    endloop
  endfacet
  facet normal 0.843349 -0.537366 -2.48074e-18
    outer loop
      vertex 36.6292 27.75 19
      vertex 36.3245 27.2718 23
      vertex 36.3245 27.2718 19
    endloop
  endfacet
  facet normal -0.887043 0.461686 1.08091e-18
    outer loop
      vertex 25.109 33.747 19
      vertex 25.3708 34.25 23
      vertex 25.3708 34.25 19
    endloop
  endfacet
  facet normal -0.887043 0.461686 1.08091e-18
    outer loop
      vertex 25.3708 34.25 23
      vertex 25.109 33.747 19
      vertex 25.109 33.747 23
    endloop
  endfacet
  facet normal 0.953724 -0.300684 -2.78754e-18
    outer loop
      vertex 37.108 28.7769 23
      vertex 37.2785 29.3177 19
      vertex 37.2785 29.3177 23
    endloop
  endfacet
  facet normal 0.953724 -0.300684 -2.78754e-18
    outer loop
      vertex 37.2785 29.3177 19
      vertex 37.108 28.7769 23
      vertex 37.108 28.7769 19
    endloop
  endfacet
  facet normal 0.461686 0.887043 -0
    outer loop
      vertex 34.25 36.6292 19
      vertex 33.747 36.891 23
      vertex 34.25 36.6292 23
    endloop
  endfacet
  facet normal 0.461686 0.887043 0
    outer loop
      vertex 33.747 36.891 23
      vertex 34.25 36.6292 19
      vertex 33.747 36.891 19
    endloop
  endfacet
  facet normal -0.130673 0.991425 0
    outer loop
      vertex 30.4335 37.4753 19
      vertex 29.8713 37.4012 23
      vertex 30.4335 37.4753 23
    endloop
  endfacet
  facet normal -0.130673 0.991425 0
    outer loop
      vertex 29.8713 37.4012 23
      vertex 30.4335 37.4753 19
      vertex 29.8713 37.4012 19
    endloop
  endfacet
  facet normal 0.675573 -0.737293 0
    outer loop
      vertex 35.1781 26.0207 19
      vertex 35.5962 26.4038 23
      vertex 35.1781 26.0207 23
    endloop
  endfacet
  facet normal 0.675573 -0.737293 0
    outer loop
      vertex 35.5962 26.4038 23
      vertex 35.1781 26.0207 19
      vertex 35.5962 26.4038 19
    endloop
  endfacet
  facet normal -0.300173 -0.953885 0
    outer loop
      vertex 29.2605 24.7395 19
      vertex 29.3177 24.7215 23
      vertex 29.2605 24.7395 23
    endloop
  endfacet
  facet normal -0.300173 -0.953885 -0
    outer loop
      vertex 29.3177 24.7215 23
      vertex 29.2605 24.7395 19
      vertex 29.3177 24.7215 19
    endloop
  endfacet
  facet normal 0.843349 0.537366 2.48074e-18
    outer loop
      vertex 36.6292 34.25 23
      vertex 36.3245 34.7282 19
      vertex 36.3245 34.7282 23
    endloop
  endfacet
  facet normal 0.843349 0.537366 2.48074e-18
    outer loop
      vertex 36.3245 34.7282 19
      vertex 36.6292 34.25 23
      vertex 36.6292 34.25 19
    endloop
  endfacet
  facet normal 0.0435597 0.999051 -0
    outer loop
      vertex 31.5665 37.4753 19
      vertex 31 37.5 23
      vertex 31.5665 37.4753 23
    endloop
  endfacet
  facet normal 0.0435597 0.999051 0
    outer loop
      vertex 31 37.5 23
      vertex 31.5665 37.4753 19
      vertex 31 37.5 19
    endloop
  endfacet
  facet normal -0.737293 0.675573 -5.70296e-18
    outer loop
      vertex 26.0207 35.1781 19
      vertex 26.4038 35.5962 23
      vertex 26.4038 35.5962 19
    endloop
  endfacet
  facet normal -0.737293 0.675573 -5.70296e-18
    outer loop
      vertex 26.4038 35.5962 23
      vertex 26.0207 35.1781 19
      vertex 26.0207 35.1781 23
    endloop
  endfacet
  facet normal 0.675573 0.737293 -0
    outer loop
      vertex 35.5962 35.5962 19
      vertex 35.1781 35.9793 23
      vertex 35.5962 35.5962 23
    endloop
  endfacet
  facet normal 0.675573 0.737293 0
    outer loop
      vertex 35.1781 35.9793 23
      vertex 35.5962 35.5962 19
      vertex 35.1781 35.9793 19
    endloop
  endfacet
  facet normal 0.737293 0.675573 5.70296e-18
    outer loop
      vertex 35.9793 35.1781 23
      vertex 35.5962 35.5962 19
      vertex 35.5962 35.5962 23
    endloop
  endfacet
  facet normal 0.737293 0.675573 5.70296e-18
    outer loop
      vertex 35.5962 35.5962 19
      vertex 35.9793 35.1781 23
      vertex 35.9793 35.1781 19
    endloop
  endfacet
  facet normal -0.97627 -0.216557 -2.60283e-18
    outer loop
      vertex 24.7215 29.3177 19
      vertex 24.5987 29.8713 23
      vertex 24.5987 29.8713 19
    endloop
  endfacet
  facet normal -0.97627 -0.216557 -2.60283e-18
    outer loop
      vertex 24.5987 29.8713 23
      vertex 24.7215 29.3177 19
      vertex 24.7215 29.3177 23
    endloop
  endfacet
  facet normal -0.461686 0.887043 0
    outer loop
      vertex 28.253 36.891 19
      vertex 27.75 36.6292 23
      vertex 28.253 36.891 23
    endloop
  endfacet
  facet normal -0.461686 0.887043 0
    outer loop
      vertex 27.75 36.6292 23
      vertex 28.253 36.891 19
      vertex 27.75 36.6292 19
    endloop
  endfacet
  facet normal -0.0435597 0.999051 0
    outer loop
      vertex 31 37.5 19
      vertex 30.4335 37.4753 23
      vertex 31 37.5 23
    endloop
  endfacet
  facet normal -0.0435597 0.999051 0
    outer loop
      vertex 30.4335 37.4753 23
      vertex 31 37.5 19
      vertex 30.4335 37.4753 19
    endloop
  endfacet
  facet normal -0.608739 0.793371 0
    outer loop
      vertex 27.2718 36.3245 19
      vertex 26.8219 35.9793 23
      vertex 27.2718 36.3245 23
    endloop
  endfacet
  facet normal -0.608739 0.793371 0
    outer loop
      vertex 26.8219 35.9793 23
      vertex 27.2718 36.3245 19
      vertex 26.8219 35.9793 19
    endloop
  endfacet
  facet normal -0.991448 -0.1305 -1.52336e-18
    outer loop
      vertex 24.5987 29.8713 19
      vertex 24.5247 30.4335 23
      vertex 24.5247 30.4335 19
    endloop
  endfacet
  facet normal -0.991448 -0.1305 -1.52336e-18
    outer loop
      vertex 24.5247 30.4335 23
      vertex 24.5987 29.8713 19
      vertex 24.5987 29.8713 23
    endloop
  endfacet
  facet normal -0.991448 0.1305 1.18073e-18
    outer loop
      vertex 24.5247 31.5665 19
      vertex 24.5987 32.1287 23
      vertex 24.5987 32.1287 19
    endloop
  endfacet
  facet normal -0.991448 0.1305 1.18073e-18
    outer loop
      vertex 24.5987 32.1287 23
      vertex 24.5247 31.5665 19
      vertex 24.5247 31.5665 23
    endloop
  endfacet
  facet normal 0 0 1
    outer loop
      vertex 33.3 31 23
      vertex 37.5 31 23
      vertex 37.4753 31.5665 23
    endloop
  endfacet
  facet normal 0 0 1
    outer loop
      vertex 33.2912 31.2005 23
      vertex 37.4753 31.5665 23
      vertex 37.4012 32.1287 23
    endloop
  endfacet
  facet normal 0 0 1
    outer loop
      vertex 37.5 31 23
      vertex 33.3 31 23
      vertex 37.4753 30.4335 23
    endloop
  endfacet
  facet normal 0 0 1
    outer loop
      vertex 33.2651 31.3994 23
      vertex 37.4012 32.1287 23
      vertex 37.2785 32.6823 23
    endloop
  endfacet
  facet normal -0 0 1
    outer loop
      vertex 33.2912 30.7995 23
      vertex 37.4753 30.4335 23
      vertex 33.3 31 23
    endloop
  endfacet
  facet normal 0 0 1
    outer loop
      vertex 33.2216 31.5953 23
      vertex 37.2785 32.6823 23
      vertex 37.108 33.2231 23
    endloop
  endfacet
  facet normal 0 0 1
    outer loop
      vertex 37.4753 30.4335 23
      vertex 33.2912 30.7995 23
      vertex 37.4012 29.8713 23
    endloop
  endfacet
  facet normal 0 0 1
    outer loop
      vertex 33.1613 31.7866 23
      vertex 37.108 33.2231 23
      vertex 36.891 33.747 23
    endloop
  endfacet
  facet normal -0 0 1
    outer loop
      vertex 33.2651 30.6006 23
      vertex 37.4012 29.8713 23
      vertex 33.2912 30.7995 23
    endloop
  endfacet
  facet normal 0 0 1
    outer loop
      vertex 33.0845 31.972 23
      vertex 36.891 33.747 23
      vertex 36.6292 34.25 23
    endloop
  endfacet
  facet normal 0 0 1
    outer loop
      vertex 37.4012 29.8713 23
      vertex 33.2651 30.6006 23
      vertex 37.2785 29.3177 23
    endloop
  endfacet
  facet normal 0 0 1
    outer loop
      vertex 32.9919 32.15 23
      vertex 36.6292 34.25 23
      vertex 36.3245 34.7282 23
    endloop
  endfacet
  facet normal -0 0 1
    outer loop
      vertex 33.2216 30.4047 23
      vertex 37.2785 29.3177 23
      vertex 33.2651 30.6006 23
    endloop
  endfacet
  facet normal 0 0 1
    outer loop
      vertex 32.884 32.3192 23
      vertex 36.3245 34.7282 23
      vertex 35.9793 35.1781 23
    endloop
  endfacet
  facet normal 0 0 1
    outer loop
      vertex 37.2785 29.3177 23
      vertex 33.2216 30.4047 23
      vertex 37.108 28.7769 23
    endloop
  endfacet
  facet normal 0 0 1
    outer loop
      vertex 32.7619 32.4784 23
      vertex 35.9793 35.1781 23
      vertex 35.5962 35.5962 23
    endloop
  endfacet
  facet normal -0 0 1
    outer loop
      vertex 33.1613 30.2134 23
      vertex 37.108 28.7769 23
      vertex 33.2216 30.4047 23
    endloop
  endfacet
  facet normal 0 0 1
    outer loop
      vertex 32.6263 32.6263 23
      vertex 35.5962 35.5962 23
      vertex 35.1781 35.9793 23
    endloop
  endfacet
  facet normal 0 0 1
    outer loop
      vertex 37.108 28.7769 23
      vertex 33.1613 30.2134 23
      vertex 36.891 28.253 23
    endloop
  endfacet
  facet normal 0 0 1
    outer loop
      vertex 32.4784 32.7619 23
      vertex 35.1781 35.9793 23
      vertex 34.7282 36.3245 23
    endloop
  endfacet
  facet normal -0 0 1
    outer loop
      vertex 33.0845 30.028 23
      vertex 36.891 28.253 23
      vertex 33.1613 30.2134 23
    endloop
  endfacet
  facet normal 0 0 1
    outer loop
      vertex 32.3192 32.884 23
      vertex 34.7282 36.3245 23
      vertex 34.25 36.6292 23
    endloop
  endfacet
  facet normal 0 0 1
    outer loop
      vertex 36.891 28.253 23
      vertex 33.0845 30.028 23
      vertex 36.6292 27.75 23
    endloop
  endfacet
  facet normal 0 0 1
    outer loop
      vertex 32.15 32.9919 23
      vertex 34.25 36.6292 23
      vertex 33.747 36.891 23
    endloop
  endfacet
  facet normal -0 0 1
    outer loop
      vertex 32.9919 29.85 23
      vertex 36.6292 27.75 23
      vertex 33.0845 30.028 23
    endloop
  endfacet
  facet normal 0 0 1
    outer loop
      vertex 36.6292 27.75 23
      vertex 32.9919 29.85 23
      vertex 36.3245 27.2718 23
    endloop
  endfacet
  facet normal 0 0 1
    outer loop
      vertex 37.4753 31.5665 23
      vertex 33.2912 31.2005 23
      vertex 33.3 31 23
    endloop
  endfacet
  facet normal 0 0 1
    outer loop
      vertex 37.4012 32.1287 23
      vertex 33.2651 31.3994 23
      vertex 33.2912 31.2005 23
    endloop
  endfacet
  facet normal 0 0 1
    outer loop
      vertex 31.972 33.0845 23
      vertex 33.747 36.891 23
      vertex 33.2231 37.108 23
    endloop
  endfacet
  facet normal 0 0 1
    outer loop
      vertex 37.2785 32.6823 23
      vertex 33.2216 31.5953 23
      vertex 33.2651 31.3994 23
    endloop
  endfacet
  facet normal 0 0 1
    outer loop
      vertex 37.108 33.2231 23
      vertex 33.1613 31.7866 23
      vertex 33.2216 31.5953 23
    endloop
  endfacet
  facet normal 0 0 1
    outer loop
      vertex 36.891 33.747 23
      vertex 33.0845 31.972 23
      vertex 33.1613 31.7866 23
    endloop
  endfacet
  facet normal 0 0 1
    outer loop
      vertex 36.6292 34.25 23
      vertex 32.9919 32.15 23
      vertex 33.0845 31.972 23
    endloop
  endfacet
  facet normal 0 0 1
    outer loop
      vertex 36.3245 34.7282 23
      vertex 32.884 32.3192 23
      vertex 32.9919 32.15 23
    endloop
  endfacet
  facet normal 0 0 1
    outer loop
      vertex 35.9793 35.1781 23
      vertex 32.7619 32.4784 23
      vertex 32.884 32.3192 23
    endloop
  endfacet
  facet normal 0 0 1
    outer loop
      vertex 31.7866 33.1613 23
      vertex 33.2231 37.108 23
      vertex 32.6823 37.2785 23
    endloop
  endfacet
  facet normal 0 0 1
    outer loop
      vertex 35.5962 35.5962 23
      vertex 32.6263 32.6263 23
      vertex 32.7619 32.4784 23
    endloop
  endfacet
  facet normal 0 0 1
    outer loop
      vertex 35.1781 35.9793 23
      vertex 32.4784 32.7619 23
      vertex 32.6263 32.6263 23
    endloop
  endfacet
  facet normal 0 0 1
    outer loop
      vertex 34.7282 36.3245 23
      vertex 32.3192 32.884 23
      vertex 32.4784 32.7619 23
    endloop
  endfacet
  facet normal 0 0 1
    outer loop
      vertex 34.25 36.6292 23
      vertex 32.15 32.9919 23
      vertex 32.3192 32.884 23
    endloop
  endfacet
  facet normal 0 0 1
    outer loop
      vertex 31.5953 33.2216 23
      vertex 32.6823 37.2785 23
      vertex 32.1287 37.4012 23
    endloop
  endfacet
  facet normal 0 0 1
    outer loop
      vertex 33.747 36.891 23
      vertex 31.972 33.0845 23
      vertex 32.15 32.9919 23
    endloop
  endfacet
  facet normal 0 0 1
    outer loop
      vertex 33.2231 37.108 23
      vertex 31.7866 33.1613 23
      vertex 31.972 33.0845 23
    endloop
  endfacet
  facet normal 0 0 1
    outer loop
      vertex 32.6823 37.2785 23
      vertex 31.5953 33.2216 23
      vertex 31.7866 33.1613 23
    endloop
  endfacet
  facet normal 0 0 1
    outer loop
      vertex 31.3994 33.2651 23
      vertex 32.1287 37.4012 23
      vertex 31.5665 37.4753 23
    endloop
  endfacet
  facet normal 0 0 1
    outer loop
      vertex 32.1287 37.4012 23
      vertex 31.3994 33.2651 23
      vertex 31.5953 33.2216 23
    endloop
  endfacet
  facet normal 0 0 1
    outer loop
      vertex 31.5665 37.4753 23
      vertex 31.2005 33.2912 23
      vertex 31.3994 33.2651 23
    endloop
  endfacet
  facet normal 0 0 1
    outer loop
      vertex 31 37.5 23
      vertex 31.2005 33.2912 23
      vertex 31.5665 37.4753 23
    endloop
  endfacet
  facet normal 0 0 1
    outer loop
      vertex 31 37.5 23
      vertex 31 33.3 23
      vertex 31.2005 33.2912 23
    endloop
  endfacet
  facet normal 0 0 1
    outer loop
      vertex 31 37.5 23
      vertex 30.7995 33.2912 23
      vertex 31 33.3 23
    endloop
  endfacet
  facet normal -0 0 1
    outer loop
      vertex 30.4335 37.4753 23
      vertex 30.7995 33.2912 23
      vertex 31 37.5 23
    endloop
  endfacet
  facet normal 0 0 1
    outer loop
      vertex 30.7995 33.2912 23
      vertex 30.4335 37.4753 23
      vertex 30.6006 33.2651 23
    endloop
  endfacet
  facet normal -0 0 1
    outer loop
      vertex 29.8713 37.4012 23
      vertex 30.6006 33.2651 23
      vertex 30.4335 37.4753 23
    endloop
  endfacet
  facet normal 0 0 1
    outer loop
      vertex 30.6006 33.2651 23
      vertex 29.8713 37.4012 23
      vertex 30.4047 33.2216 23
    endloop
  endfacet
  facet normal -0 0 1
    outer loop
      vertex 29.3177 37.2785 23
      vertex 30.4047 33.2216 23
      vertex 29.8713 37.4012 23
    endloop
  endfacet
  facet normal 0 0 1
    outer loop
      vertex 30.4047 33.2216 23
      vertex 29.3177 37.2785 23
      vertex 30.2134 33.1613 23
    endloop
  endfacet
  facet normal -0 0 1
    outer loop
      vertex 28.7769 37.108 23
      vertex 30.2134 33.1613 23
      vertex 29.3177 37.2785 23
    endloop
  endfacet
  facet normal 0 0 1
    outer loop
      vertex 30.2134 33.1613 23
      vertex 28.7769 37.108 23
      vertex 30.028 33.0845 23
    endloop
  endfacet
  facet normal -0 0 1
    outer loop
      vertex 28.253 36.891 23
      vertex 30.028 33.0845 23
      vertex 28.7769 37.108 23
    endloop
  endfacet
  facet normal 0 0 1
    outer loop
      vertex 30.028 33.0845 23
      vertex 28.253 36.891 23
      vertex 29.85 32.9919 23
    endloop
  endfacet
  facet normal -0 0 1
    outer loop
      vertex 27.75 36.6292 23
      vertex 29.85 32.9919 23
      vertex 28.253 36.891 23
    endloop
  endfacet
  facet normal 0 0 1
    outer loop
      vertex 29.85 32.9919 23
      vertex 27.75 36.6292 23
      vertex 29.6808 32.884 23
    endloop
  endfacet
  facet normal -0 0 1
    outer loop
      vertex 27.2718 36.3245 23
      vertex 29.6808 32.884 23
      vertex 27.75 36.6292 23
    endloop
  endfacet
  facet normal 0 0 1
    outer loop
      vertex 29.6808 32.884 23
      vertex 27.2718 36.3245 23
      vertex 29.5216 32.7619 23
    endloop
  endfacet
  facet normal -0 0 1
    outer loop
      vertex 26.8219 35.9793 23
      vertex 29.5216 32.7619 23
      vertex 27.2718 36.3245 23
    endloop
  endfacet
  facet normal 0 0 1
    outer loop
      vertex 29.5216 32.7619 23
      vertex 26.8219 35.9793 23
      vertex 29.3737 32.6263 23
    endloop
  endfacet
  facet normal -0 0 1
    outer loop
      vertex 26.4038 35.5962 23
      vertex 29.3737 32.6263 23
      vertex 26.8219 35.9793 23
    endloop
  endfacet
  facet normal 0 0 1
    outer loop
      vertex 29.3737 32.6263 23
      vertex 26.4038 35.5962 23
      vertex 29.2381 32.4784 23
    endloop
  endfacet
  facet normal -0 0 1
    outer loop
      vertex 26.0207 35.1781 23
      vertex 29.2381 32.4784 23
      vertex 26.4038 35.5962 23
    endloop
  endfacet
  facet normal 0 0 1
    outer loop
      vertex 29.2381 32.4784 23
      vertex 26.0207 35.1781 23
      vertex 29.1159 32.3192 23
    endloop
  endfacet
  facet normal -0 0 1
    outer loop
      vertex 25.6755 34.7282 23
      vertex 29.1159 32.3192 23
      vertex 26.0207 35.1781 23
    endloop
  endfacet
  facet normal 0 0 1
    outer loop
      vertex 29.2605 24.7395 23
      vertex 28.3245 19.2718 23
      vertex 28.6292 19.75 23
    endloop
  endfacet
  facet normal 0 0 1
    outer loop
      vertex 29.1159 32.3192 23
      vertex 25.6755 34.7282 23
      vertex 29.0081 32.15 23
    endloop
  endfacet
  facet normal -0 0 1
    outer loop
      vertex 25.3708 34.25 23
      vertex 29.0081 32.15 23
      vertex 25.6755 34.7282 23
    endloop
  endfacet
  facet normal 0 -0 1
    outer loop
      vertex 24.7619 24.4784 23
      vertex 28.7088 30.7995 23
      vertex 24.7395 29.2605 23
    endloop
  endfacet
  facet normal 0 0 1
    outer loop
      vertex 29.0081 32.15 23
      vertex 25.3708 34.25 23
      vertex 28.9155 31.972 23
    endloop
  endfacet
  facet normal 0 0 1
    outer loop
      vertex 28.7088 30.7995 23
      vertex 25.1613 23.7866 23
      vertex 25.2216 23.5953 23
    endloop
  endfacet
  facet normal -0 0 1
    outer loop
      vertex 25.109 33.747 23
      vertex 28.9155 31.972 23
      vertex 25.3708 34.25 23
    endloop
  endfacet
  facet normal -0 -0 1
    outer loop
      vertex 25.2912 23.2005 23
      vertex 28.3245 19.2718 23
      vertex 25.2651 23.3994 23
    endloop
  endfacet
  facet normal 0 0 1
    outer loop
      vertex 28.9155 31.972 23
      vertex 25.109 33.747 23
      vertex 28.8387 31.7866 23
    endloop
  endfacet
  facet normal -0 0 1
    outer loop
      vertex 25.2912 22.7995 23
      vertex 28.3245 19.2718 23
      vertex 25.3 23 23
    endloop
  endfacet
  facet normal -0 0 1
    outer loop
      vertex 24.892 33.2231 23
      vertex 28.8387 31.7866 23
      vertex 25.109 33.747 23
    endloop
  endfacet
  facet normal -0 0 1
    outer loop
      vertex 25.2651 22.6006 23
      vertex 28.3245 19.2718 23
      vertex 25.2912 22.7995 23
    endloop
  endfacet
  facet normal 0 0 1
    outer loop
      vertex 28.8387 31.7866 23
      vertex 24.892 33.2231 23
      vertex 28.7784 31.5953 23
    endloop
  endfacet
  facet normal -0 0 1
    outer loop
      vertex 25.1613 22.2134 23
      vertex 28.3245 19.2718 23
      vertex 25.2216 22.4047 23
    endloop
  endfacet
  facet normal -0 0 1
    outer loop
      vertex 24.7215 32.6823 23
      vertex 28.7784 31.5953 23
      vertex 24.892 33.2231 23
    endloop
  endfacet
  facet normal 0 0 1
    outer loop
      vertex 28.7784 31.5953 23
      vertex 24.7215 32.6823 23
      vertex 28.7349 31.3994 23
    endloop
  endfacet
  facet normal -0 0 1
    outer loop
      vertex 24.9919 21.85 23
      vertex 28.3245 19.2718 23
      vertex 25.0845 22.028 23
    endloop
  endfacet
  facet normal -0 0 1
    outer loop
      vertex 24.884 21.6808 23
      vertex 28.3245 19.2718 23
      vertex 24.9919 21.85 23
    endloop
  endfacet
  facet normal 0 0 1
    outer loop
      vertex 28.3245 19.2718 23
      vertex 24.884 21.6808 23
      vertex 27.9793 18.8219 23
    endloop
  endfacet
  facet normal -0 0 1
    outer loop
      vertex 24.7619 21.5216 23
      vertex 27.9793 18.8219 23
      vertex 24.884 21.6808 23
    endloop
  endfacet
  facet normal 0 0 1
    outer loop
      vertex 27.9793 18.8219 23
      vertex 24.7619 21.5216 23
      vertex 27.5962 18.4038 23
    endloop
  endfacet
  facet normal -0 0 1
    outer loop
      vertex 24.6263 21.3737 23
      vertex 27.5962 18.4038 23
      vertex 24.7619 21.5216 23
    endloop
  endfacet
  facet normal 0 0 1
    outer loop
      vertex 27.5962 18.4038 23
      vertex 24.6263 21.3737 23
      vertex 27.1781 18.0207 23
    endloop
  endfacet
  facet normal -0 0 1
    outer loop
      vertex 24.4784 21.2381 23
      vertex 27.1781 18.0207 23
      vertex 24.6263 21.3737 23
    endloop
  endfacet
  facet normal 0 0 1
    outer loop
      vertex 27.1781 18.0207 23
      vertex 24.4784 21.2381 23
      vertex 26.7282 17.6755 23
    endloop
  endfacet
  facet normal -0 0 1
    outer loop
      vertex 24.3192 21.1159 23
      vertex 26.7282 17.6755 23
      vertex 24.4784 21.2381 23
    endloop
  endfacet
  facet normal 0 0 1
    outer loop
      vertex 26.7282 17.6755 23
      vertex 24.3192 21.1159 23
      vertex 26.25 17.3708 23
    endloop
  endfacet
  facet normal -0 0 1
    outer loop
      vertex 24.15 21.0081 23
      vertex 26.25 17.3708 23
      vertex 24.3192 21.1159 23
    endloop
  endfacet
  facet normal 0 0 1
    outer loop
      vertex 26.25 17.3708 23
      vertex 24.15 21.0081 23
      vertex 25.747 17.109 23
    endloop
  endfacet
  facet normal -0 0 1
    outer loop
      vertex 23.972 20.9155 23
      vertex 25.747 17.109 23
      vertex 24.15 21.0081 23
    endloop
  endfacet
  facet normal 0 0 1
    outer loop
      vertex 25.747 17.109 23
      vertex 23.972 20.9155 23
      vertex 25.2231 16.892 23
    endloop
  endfacet
  facet normal -0 0 1
    outer loop
      vertex 23.7866 20.8387 23
      vertex 25.2231 16.892 23
      vertex 23.972 20.9155 23
    endloop
  endfacet
  facet normal 0 0 1
    outer loop
      vertex 25.2231 16.892 23
      vertex 23.7866 20.8387 23
      vertex 24.6823 16.7215 23
    endloop
  endfacet
  facet normal -0 0 1
    outer loop
      vertex 23.5953 20.7784 23
      vertex 24.6823 16.7215 23
      vertex 23.7866 20.8387 23
    endloop
  endfacet
  facet normal 0 0 1
    outer loop
      vertex 24.6823 16.7215 23
      vertex 23.5953 20.7784 23
      vertex 24.1287 16.5987 23
    endloop
  endfacet
  facet normal -0 0 1
    outer loop
      vertex 23.3994 20.7349 23
      vertex 24.1287 16.5987 23
      vertex 23.5953 20.7784 23
    endloop
  endfacet
  facet normal 0 0 1
    outer loop
      vertex 24.1287 16.5987 23
      vertex 23.3994 20.7349 23
      vertex 23.5665 16.5247 23
    endloop
  endfacet
  facet normal -0 0 1
    outer loop
      vertex 23.2005 20.7088 23
      vertex 23.5665 16.5247 23
      vertex 23.3994 20.7349 23
    endloop
  endfacet
  facet normal -0 0 1
    outer loop
      vertex 23 20.7 23
      vertex 23.5665 16.5247 23
      vertex 23.2005 20.7088 23
    endloop
  endfacet
  facet normal 0 0 1
    outer loop
      vertex 23 20.7 23
      vertex 23 16.5 23
      vertex 23.5665 16.5247 23
    endloop
  endfacet
  facet normal 0 0 1
    outer loop
      vertex 22.7995 20.7088 23
      vertex 23 16.5 23
      vertex 23 20.7 23
    endloop
  endfacet
  facet normal 0 0 1
    outer loop
      vertex 22.4335 16.5247 23
      vertex 22.7995 20.7088 23
      vertex 22.6006 20.7349 23
    endloop
  endfacet
  facet normal 0 0 1
    outer loop
      vertex 22.7995 20.7088 23
      vertex 22.4335 16.5247 23
      vertex 23 16.5 23
    endloop
  endfacet
  facet normal 0 0 1
    outer loop
      vertex 21.8713 16.5987 23
      vertex 22.6006 20.7349 23
      vertex 22.4047 20.7784 23
    endloop
  endfacet
  facet normal 0 0 1
    outer loop
      vertex 21.3177 16.7215 23
      vertex 22.4047 20.7784 23
      vertex 22.2134 20.8387 23
    endloop
  endfacet
  facet normal 0 0 1
    outer loop
      vertex 20.7769 16.892 23
      vertex 22.2134 20.8387 23
      vertex 22.028 20.9155 23
    endloop
  endfacet
  facet normal 0 0 1
    outer loop
      vertex 22.6006 20.7349 23
      vertex 21.8713 16.5987 23
      vertex 22.4335 16.5247 23
    endloop
  endfacet
  facet normal 0 0 1
    outer loop
      vertex 20.253 17.109 23
      vertex 22.028 20.9155 23
      vertex 21.85 21.0081 23
    endloop
  endfacet
  facet normal 0 0 1
    outer loop
      vertex 19.75 17.3708 23
      vertex 21.85 21.0081 23
      vertex 21.6808 21.1159 23
    endloop
  endfacet
  facet normal 0 0 1
    outer loop
      vertex 19.2718 17.6755 23
      vertex 21.6808 21.1159 23
      vertex 21.5216 21.2381 23
    endloop
  endfacet
  facet normal 0 0 1
    outer loop
      vertex 18.8219 18.0207 23
      vertex 21.5216 21.2381 23
      vertex 21.3737 21.3737 23
    endloop
  endfacet
  facet normal 0 0 1
    outer loop
      vertex 22.4047 20.7784 23
      vertex 21.3177 16.7215 23
      vertex 21.8713 16.5987 23
    endloop
  endfacet
  facet normal 0 0 1
    outer loop
      vertex 18.4038 18.4038 23
      vertex 21.3737 21.3737 23
      vertex 21.2381 21.5216 23
    endloop
  endfacet
  facet normal 0 0 1
    outer loop
      vertex 18.0207 18.8219 23
      vertex 21.2381 21.5216 23
      vertex 21.1159 21.6808 23
    endloop
  endfacet
  facet normal 0 0 1
    outer loop
      vertex 17.6755 19.2718 23
      vertex 21.1159 21.6808 23
      vertex 21.0081 21.85 23
    endloop
  endfacet
  facet normal 0 0 1
    outer loop
      vertex 17.3708 19.75 23
      vertex 21.0081 21.85 23
      vertex 20.9155 22.028 23
    endloop
  endfacet
  facet normal 0 0 1
    outer loop
      vertex 17.109 20.253 23
      vertex 20.9155 22.028 23
      vertex 20.8387 22.2134 23
    endloop
  endfacet
  facet normal 0 0 1
    outer loop
      vertex 16.892 20.7769 23
      vertex 20.8387 22.2134 23
      vertex 20.7784 22.4047 23
    endloop
  endfacet
  facet normal 0 0 1
    outer loop
      vertex 22.2134 20.8387 23
      vertex 20.7769 16.892 23
      vertex 21.3177 16.7215 23
    endloop
  endfacet
  facet normal 0 0 1
    outer loop
      vertex 16.7215 21.3177 23
      vertex 20.7784 22.4047 23
      vertex 20.7349 22.6006 23
    endloop
  endfacet
  facet normal 0 0 1
    outer loop
      vertex 16.5987 21.8713 23
      vertex 20.7349 22.6006 23
      vertex 20.7088 22.7995 23
    endloop
  endfacet
  facet normal 0 0 1
    outer loop
      vertex 16.5247 22.4335 23
      vertex 20.7088 22.7995 23
      vertex 20.7 23 23
    endloop
  endfacet
  facet normal -0 0 1
    outer loop
      vertex 17.3708 26.25 23
      vertex 21.0081 24.15 23
      vertex 17.6755 26.7282 23
    endloop
  endfacet
  facet normal 0 0 1
    outer loop
      vertex 22.028 20.9155 23
      vertex 20.253 17.109 23
      vertex 20.7769 16.892 23
    endloop
  endfacet
  facet normal 0 0 1
    outer loop
      vertex 21.0081 24.15 23
      vertex 17.3708 26.25 23
      vertex 20.9155 23.972 23
    endloop
  endfacet
  facet normal 0 0 1
    outer loop
      vertex 21.85 21.0081 23
      vertex 19.75 17.3708 23
      vertex 20.253 17.109 23
    endloop
  endfacet
  facet normal -0 0 1
    outer loop
      vertex 17.109 25.747 23
      vertex 20.9155 23.972 23
      vertex 17.3708 26.25 23
    endloop
  endfacet
  facet normal 0 0 1
    outer loop
      vertex 21.6808 21.1159 23
      vertex 19.2718 17.6755 23
      vertex 19.75 17.3708 23
    endloop
  endfacet
  facet normal 0 0 1
    outer loop
      vertex 20.9155 23.972 23
      vertex 17.109 25.747 23
      vertex 20.8387 23.7866 23
    endloop
  endfacet
  facet normal 0 0 1
    outer loop
      vertex 21.5216 21.2381 23
      vertex 18.8219 18.0207 23
      vertex 19.2718 17.6755 23
    endloop
  endfacet
  facet normal -0 0 1
    outer loop
      vertex 16.892 25.2231 23
      vertex 20.8387 23.7866 23
      vertex 17.109 25.747 23
    endloop
  endfacet
  facet normal 0 0 1
    outer loop
      vertex 21.3737 21.3737 23
      vertex 18.4038 18.4038 23
      vertex 18.8219 18.0207 23
    endloop
  endfacet
  facet normal 0 0 1
    outer loop
      vertex 20.8387 23.7866 23
      vertex 16.892 25.2231 23
      vertex 20.7784 23.5953 23
    endloop
  endfacet
  facet normal 0 0 1
    outer loop
      vertex 21.2381 21.5216 23
      vertex 18.0207 18.8219 23
      vertex 18.4038 18.4038 23
    endloop
  endfacet
  facet normal -0 0 1
    outer loop
      vertex 16.7215 24.6823 23
      vertex 20.7784 23.5953 23
      vertex 16.892 25.2231 23
    endloop
  endfacet
  facet normal 0 0 1
    outer loop
      vertex 21.1159 21.6808 23
      vertex 17.6755 19.2718 23
      vertex 18.0207 18.8219 23
    endloop
  endfacet
  facet normal 0 0 1
    outer loop
      vertex 20.7784 23.5953 23
      vertex 16.7215 24.6823 23
      vertex 20.7349 23.3994 23
    endloop
  endfacet
  facet normal 0 0 1
    outer loop
      vertex 21.0081 21.85 23
      vertex 17.3708 19.75 23
      vertex 17.6755 19.2718 23
    endloop
  endfacet
  facet normal -0 0 1
    outer loop
      vertex 16.5987 24.1287 23
      vertex 20.7349 23.3994 23
      vertex 16.7215 24.6823 23
    endloop
  endfacet
  facet normal 0 0 1
    outer loop
      vertex 20.9155 22.028 23
      vertex 17.109 20.253 23
      vertex 17.3708 19.75 23
    endloop
  endfacet
  facet normal 0 0 1
    outer loop
      vertex 20.7349 23.3994 23
      vertex 16.5987 24.1287 23
      vertex 20.7088 23.2005 23
    endloop
  endfacet
  facet normal 0 0 1
    outer loop
      vertex 20.8387 22.2134 23
      vertex 16.892 20.7769 23
      vertex 17.109 20.253 23
    endloop
  endfacet
  facet normal -0 0 1
    outer loop
      vertex 16.5247 23.5665 23
      vertex 20.7088 23.2005 23
      vertex 16.5987 24.1287 23
    endloop
  endfacet
  facet normal 0 0 1
    outer loop
      vertex 20.7784 22.4047 23
      vertex 16.7215 21.3177 23
      vertex 16.892 20.7769 23
    endloop
  endfacet
  facet normal 0 0 1
    outer loop
      vertex 20.7088 23.2005 23
      vertex 16.5247 23.5665 23
      vertex 20.7 23 23
    endloop
  endfacet
  facet normal 0 0 1
    outer loop
      vertex 20.7349 22.6006 23
      vertex 16.5987 21.8713 23
      vertex 16.7215 21.3177 23
    endloop
  endfacet
  facet normal 0 0 1
    outer loop
      vertex 16.5 23 23
      vertex 20.7 23 23
      vertex 16.5247 23.5665 23
    endloop
  endfacet
  facet normal 0 0 1
    outer loop
      vertex 20.7088 22.7995 23
      vertex 16.5247 22.4335 23
      vertex 16.5987 21.8713 23
    endloop
  endfacet
  facet normal 0 0 1
    outer loop
      vertex 20.7 23 23
      vertex 16.5 23 23
      vertex 16.5247 22.4335 23
    endloop
  endfacet
  facet normal -0 0 1
    outer loop
      vertex 32.884 29.6808 23
      vertex 36.3245 27.2718 23
      vertex 32.9919 29.85 23
    endloop
  endfacet
  facet normal 0 0 1
    outer loop
      vertex 36.3245 27.2718 23
      vertex 32.884 29.6808 23
      vertex 35.9793 26.8219 23
    endloop
  endfacet
  facet normal -0 0 1
    outer loop
      vertex 32.7619 29.5216 23
      vertex 35.9793 26.8219 23
      vertex 32.884 29.6808 23
    endloop
  endfacet
  facet normal 0 0 1
    outer loop
      vertex 35.9793 26.8219 23
      vertex 32.7619 29.5216 23
      vertex 35.5962 26.4038 23
    endloop
  endfacet
  facet normal -0 0 1
    outer loop
      vertex 32.6263 29.3737 23
      vertex 35.5962 26.4038 23
      vertex 32.7619 29.5216 23
    endloop
  endfacet
  facet normal 0 0 1
    outer loop
      vertex 35.5962 26.4038 23
      vertex 32.6263 29.3737 23
      vertex 35.1781 26.0207 23
    endloop
  endfacet
  facet normal -0 0 1
    outer loop
      vertex 32.4784 29.2381 23
      vertex 35.1781 26.0207 23
      vertex 32.6263 29.3737 23
    endloop
  endfacet
  facet normal 0 0 1
    outer loop
      vertex 35.1781 26.0207 23
      vertex 32.4784 29.2381 23
      vertex 34.7282 25.6755 23
    endloop
  endfacet
  facet normal -0 0 1
    outer loop
      vertex 32.3192 29.1159 23
      vertex 34.7282 25.6755 23
      vertex 32.4784 29.2381 23
    endloop
  endfacet
  facet normal 0 0 1
    outer loop
      vertex 34.7282 25.6755 23
      vertex 32.3192 29.1159 23
      vertex 34.25 25.3708 23
    endloop
  endfacet
  facet normal -0 0 1
    outer loop
      vertex 32.15 29.0081 23
      vertex 34.25 25.3708 23
      vertex 32.3192 29.1159 23
    endloop
  endfacet
  facet normal 0 0 1
    outer loop
      vertex 34.25 25.3708 23
      vertex 32.15 29.0081 23
      vertex 33.747 25.109 23
    endloop
  endfacet
  facet normal -0 0 1
    outer loop
      vertex 31.972 28.9155 23
      vertex 33.747 25.109 23
      vertex 32.15 29.0081 23
    endloop
  endfacet
  facet normal 0 0 1
    outer loop
      vertex 33.747 25.109 23
      vertex 31.972 28.9155 23
      vertex 33.2231 24.892 23
    endloop
  endfacet
  facet normal -0 0 1
    outer loop
      vertex 31.7866 28.8387 23
      vertex 33.2231 24.892 23
      vertex 31.972 28.9155 23
    endloop
  endfacet
  facet normal 0 0 1
    outer loop
      vertex 33.2231 24.892 23
      vertex 31.7866 28.8387 23
      vertex 32.6823 24.7215 23
    endloop
  endfacet
  facet normal -0 0 1
    outer loop
      vertex 31.5953 28.7784 23
      vertex 32.6823 24.7215 23
      vertex 31.7866 28.8387 23
    endloop
  endfacet
  facet normal 0 0 1
    outer loop
      vertex 32.6823 24.7215 23
      vertex 31.5953 28.7784 23
      vertex 32.1287 24.5987 23
    endloop
  endfacet
  facet normal -0 0 1
    outer loop
      vertex 31.3994 28.7349 23
      vertex 32.1287 24.5987 23
      vertex 31.5953 28.7784 23
    endloop
  endfacet
  facet normal 0 0 1
    outer loop
      vertex 32.1287 24.5987 23
      vertex 31.3994 28.7349 23
      vertex 31.5665 24.5247 23
    endloop
  endfacet
  facet normal -0 0 1
    outer loop
      vertex 31.2005 28.7088 23
      vertex 31.5665 24.5247 23
      vertex 31.3994 28.7349 23
    endloop
  endfacet
  facet normal -0 0 1
    outer loop
      vertex 31 28.7 23
      vertex 31.5665 24.5247 23
      vertex 31.2005 28.7088 23
    endloop
  endfacet
  facet normal 0 0 1
    outer loop
      vertex 31 28.7 23
      vertex 31 24.5 23
      vertex 31.5665 24.5247 23
    endloop
  endfacet
  facet normal 0 0 1
    outer loop
      vertex 30.7995 28.7088 23
      vertex 31 24.5 23
      vertex 31 28.7 23
    endloop
  endfacet
  facet normal 0 0 1
    outer loop
      vertex 30.4335 24.5247 23
      vertex 30.7995 28.7088 23
      vertex 30.6006 28.7349 23
    endloop
  endfacet
  facet normal 0 0 1
    outer loop
      vertex 30.7995 28.7088 23
      vertex 30.4335 24.5247 23
      vertex 31 24.5 23
    endloop
  endfacet
  facet normal 0 0 1
    outer loop
      vertex 29.8713 24.5987 23
      vertex 30.6006 28.7349 23
      vertex 30.4047 28.7784 23
    endloop
  endfacet
  facet normal 0 0 1
    outer loop
      vertex 29.2605 24.7395 23
      vertex 30.4047 28.7784 23
      vertex 30.2134 28.8387 23
    endloop
  endfacet
  facet normal 0 0 1
    outer loop
      vertex 29.2605 24.7395 23
      vertex 30.2134 28.8387 23
      vertex 30.028 28.9155 23
    endloop
  endfacet
  facet normal 0 0 1
    outer loop
      vertex 30.6006 28.7349 23
      vertex 29.8713 24.5987 23
      vertex 30.4335 24.5247 23
    endloop
  endfacet
  facet normal 0 0 1
    outer loop
      vertex 29.2605 24.7395 23
      vertex 30.028 28.9155 23
      vertex 29.85 29.0081 23
    endloop
  endfacet
  facet normal 0 0 1
    outer loop
      vertex 29.2605 24.7395 23
      vertex 29.85 29.0081 23
      vertex 29.6808 29.1159 23
    endloop
  endfacet
  facet normal 0 0 1
    outer loop
      vertex 29.2605 24.7395 23
      vertex 29.6808 29.1159 23
      vertex 29.5216 29.2381 23
    endloop
  endfacet
  facet normal 0 0 1
    outer loop
      vertex 29.2605 24.7395 23
      vertex 29.5216 29.2381 23
      vertex 29.3737 29.3737 23
    endloop
  endfacet
  facet normal 0 0 1
    outer loop
      vertex 30.4047 28.7784 23
      vertex 29.3177 24.7215 23
      vertex 29.8713 24.5987 23
    endloop
  endfacet
  facet normal 0 0 1
    outer loop
      vertex 30.4047 28.7784 23
      vertex 29.2605 24.7395 23
      vertex 29.3177 24.7215 23
    endloop
  endfacet
  facet normal 0 -0 1
    outer loop
      vertex 29.2605 24.7395 23
      vertex 29.3737 29.3737 23
      vertex 29.2381 29.5216 23
    endloop
  endfacet
  facet normal 0 0 1
    outer loop
      vertex 29.4753 23.5665 23
      vertex 29.4753 22.4335 23
      vertex 29.5 23 23
    endloop
  endfacet
  facet normal 0 0 1
    outer loop
      vertex 29.4012 24.1287 23
      vertex 29.4753 22.4335 23
      vertex 29.4753 23.5665 23
    endloop
  endfacet
  facet normal 0 0 1
    outer loop
      vertex 29.4012 24.1287 23
      vertex 29.4012 21.8713 23
      vertex 29.4753 22.4335 23
    endloop
  endfacet
  facet normal 0 0 1
    outer loop
      vertex 29.2605 24.7395 23
      vertex 29.4012 24.1287 23
      vertex 29.2785 24.6823 23
    endloop
  endfacet
  facet normal 0 0 1
    outer loop
      vertex 29.4012 24.1287 23
      vertex 29.2605 24.7395 23
      vertex 29.4012 21.8713 23
    endloop
  endfacet
  facet normal 0 0 1
    outer loop
      vertex 29.4012 21.8713 23
      vertex 29.2605 24.7395 23
      vertex 29.2785 21.3177 23
    endloop
  endfacet
  facet normal 0 0 1
    outer loop
      vertex 29.1159 29.6808 23
      vertex 29.2605 24.7395 23
      vertex 29.2381 29.5216 23
    endloop
  endfacet
  facet normal 0 0 1
    outer loop
      vertex 29.0081 29.85 23
      vertex 29.2605 24.7395 23
      vertex 29.1159 29.6808 23
    endloop
  endfacet
  facet normal 0 0 1
    outer loop
      vertex 28.9155 30.028 23
      vertex 29.2605 24.7395 23
      vertex 29.0081 29.85 23
    endloop
  endfacet
  facet normal 0 0 1
    outer loop
      vertex 28.8387 30.2134 23
      vertex 29.2605 24.7395 23
      vertex 28.9155 30.028 23
    endloop
  endfacet
  facet normal 0 0 1
    outer loop
      vertex 29.2605 24.7395 23
      vertex 28.6292 19.75 23
      vertex 29.2785 21.3177 23
    endloop
  endfacet
  facet normal 0 0 1
    outer loop
      vertex 29.2785 21.3177 23
      vertex 28.6292 19.75 23
      vertex 29.108 20.7769 23
    endloop
  endfacet
  facet normal 0 0 1
    outer loop
      vertex 28.7784 30.4047 23
      vertex 29.2605 24.7395 23
      vertex 28.8387 30.2134 23
    endloop
  endfacet
  facet normal 0 0 1
    outer loop
      vertex 28.7349 30.6006 23
      vertex 29.2605 24.7395 23
      vertex 28.7784 30.4047 23
    endloop
  endfacet
  facet normal 0 0 1
    outer loop
      vertex 28.3245 19.2718 23
      vertex 29.2605 24.7395 23
      vertex 28.7349 30.6006 23
    endloop
  endfacet
  facet normal 0 0 1
    outer loop
      vertex 28.3245 19.2718 23
      vertex 28.7349 30.6006 23
      vertex 28.7088 30.7995 23
    endloop
  endfacet
  facet normal 0 0 1
    outer loop
      vertex 24.5247 30.4335 23
      vertex 28.7088 30.7995 23
      vertex 28.7 31 23
    endloop
  endfacet
  facet normal 0 0 1
    outer loop
      vertex 29.108 20.7769 23
      vertex 28.6292 19.75 23
      vertex 28.891 20.253 23
    endloop
  endfacet
  facet normal -0 0 1
    outer loop
      vertex 25.0845 22.028 23
      vertex 28.3245 19.2718 23
      vertex 25.1613 22.2134 23
    endloop
  endfacet
  facet normal -0 0 1
    outer loop
      vertex 25.2216 22.4047 23
      vertex 28.3245 19.2718 23
      vertex 25.2651 22.6006 23
    endloop
  endfacet
  facet normal -0 -0 1
    outer loop
      vertex 25.2651 23.3994 23
      vertex 28.3245 19.2718 23
      vertex 25.2216 23.5953 23
    endloop
  endfacet
  facet normal -0 -0 1
    outer loop
      vertex 25.3 23 23
      vertex 28.3245 19.2718 23
      vertex 25.2912 23.2005 23
    endloop
  endfacet
  facet normal -0 0 1
    outer loop
      vertex 24.5987 32.1287 23
      vertex 28.7349 31.3994 23
      vertex 24.7215 32.6823 23
    endloop
  endfacet
  facet normal 0 0 1
    outer loop
      vertex 28.7088 30.7995 23
      vertex 25.2216 23.5953 23
      vertex 28.3245 19.2718 23
    endloop
  endfacet
  facet normal 0 0 1
    outer loop
      vertex 28.7088 30.7995 23
      vertex 25.0845 23.972 23
      vertex 25.1613 23.7866 23
    endloop
  endfacet
  facet normal 0 0 1
    outer loop
      vertex 28.7349 31.3994 23
      vertex 24.5987 32.1287 23
      vertex 28.7088 31.2005 23
    endloop
  endfacet
  facet normal 0 0 1
    outer loop
      vertex 28.7088 30.7995 23
      vertex 24.9919 24.15 23
      vertex 25.0845 23.972 23
    endloop
  endfacet
  facet normal 0 0 1
    outer loop
      vertex 28.7088 30.7995 23
      vertex 24.884 24.3192 23
      vertex 24.9919 24.15 23
    endloop
  endfacet
  facet normal 0 0 1
    outer loop
      vertex 28.7088 30.7995 23
      vertex 24.7619 24.4784 23
      vertex 24.884 24.3192 23
    endloop
  endfacet
  facet normal -0 0 1
    outer loop
      vertex 24.5247 31.5665 23
      vertex 28.7088 31.2005 23
      vertex 24.5987 32.1287 23
    endloop
  endfacet
  facet normal 0 0 1
    outer loop
      vertex 28.7088 31.2005 23
      vertex 24.5247 31.5665 23
      vertex 28.7 31 23
    endloop
  endfacet
  facet normal 0 0 1
    outer loop
      vertex 28.7088 30.7995 23
      vertex 24.5987 29.8713 23
      vertex 24.7215 29.3177 23
    endloop
  endfacet
  facet normal 0 0 1
    outer loop
      vertex 28.7088 30.7995 23
      vertex 24.7215 29.3177 23
      vertex 24.7395 29.2605 23
    endloop
  endfacet
  facet normal 0 0 1
    outer loop
      vertex 24.5 31 23
      vertex 28.7 31 23
      vertex 24.5247 31.5665 23
    endloop
  endfacet
  facet normal 0 0 1
    outer loop
      vertex 28.7088 30.7995 23
      vertex 24.5247 30.4335 23
      vertex 24.5987 29.8713 23
    endloop
  endfacet
  facet normal 0 0 1
    outer loop
      vertex 28.7 31 23
      vertex 24.5 31 23
      vertex 24.5247 30.4335 23
    endloop
  endfacet
  facet normal 0 0 1
    outer loop
      vertex 23.5953 25.2216 23
      vertex 24.7395 29.2605 23
      vertex 24.6823 29.2785 23
    endloop
  endfacet
  facet normal 0 0 1
    outer loop
      vertex 24.7395 29.2605 23
      vertex 24.6263 24.6263 23
      vertex 24.7619 24.4784 23
    endloop
  endfacet
  facet normal 0 0 1
    outer loop
      vertex 24.7395 29.2605 23
      vertex 24.4784 24.7619 23
      vertex 24.6263 24.6263 23
    endloop
  endfacet
  facet normal 0 0 1
    outer loop
      vertex 24.7395 29.2605 23
      vertex 24.3192 24.884 23
      vertex 24.4784 24.7619 23
    endloop
  endfacet
  facet normal 0 0 1
    outer loop
      vertex 24.7395 29.2605 23
      vertex 24.15 24.9919 23
      vertex 24.3192 24.884 23
    endloop
  endfacet
  facet normal 0 0 1
    outer loop
      vertex 23.5953 25.2216 23
      vertex 24.6823 29.2785 23
      vertex 24.1287 29.4012 23
    endloop
  endfacet
  facet normal 0 0 1
    outer loop
      vertex 24.7395 29.2605 23
      vertex 23.972 25.0845 23
      vertex 24.15 24.9919 23
    endloop
  endfacet
  facet normal 0 0 1
    outer loop
      vertex 24.7395 29.2605 23
      vertex 23.7866 25.1613 23
      vertex 23.972 25.0845 23
    endloop
  endfacet
  facet normal 0 0 1
    outer loop
      vertex 24.7395 29.2605 23
      vertex 23.5953 25.2216 23
      vertex 23.7866 25.1613 23
    endloop
  endfacet
  facet normal 0 0 1
    outer loop
      vertex 23.3994 25.2651 23
      vertex 24.1287 29.4012 23
      vertex 23.5665 29.4753 23
    endloop
  endfacet
  facet normal 0 0 1
    outer loop
      vertex 24.1287 29.4012 23
      vertex 23.3994 25.2651 23
      vertex 23.5953 25.2216 23
    endloop
  endfacet
  facet normal 0 0 1
    outer loop
      vertex 23.5665 29.4753 23
      vertex 23.2005 25.2912 23
      vertex 23.3994 25.2651 23
    endloop
  endfacet
  facet normal 0 0 1
    outer loop
      vertex 23 29.5 23
      vertex 23.2005 25.2912 23
      vertex 23.5665 29.4753 23
    endloop
  endfacet
  facet normal 0 0 1
    outer loop
      vertex 23 29.5 23
      vertex 23 25.3 23
      vertex 23.2005 25.2912 23
    endloop
  endfacet
  facet normal 0 0 1
    outer loop
      vertex 23 29.5 23
      vertex 22.7995 25.2912 23
      vertex 23 25.3 23
    endloop
  endfacet
  facet normal -0 0 1
    outer loop
      vertex 22.4335 29.4753 23
      vertex 22.7995 25.2912 23
      vertex 23 29.5 23
    endloop
  endfacet
  facet normal 0 0 1
    outer loop
      vertex 22.7995 25.2912 23
      vertex 22.4335 29.4753 23
      vertex 22.6006 25.2651 23
    endloop
  endfacet
  facet normal -0 0 1
    outer loop
      vertex 21.8713 29.4012 23
      vertex 22.6006 25.2651 23
      vertex 22.4335 29.4753 23
    endloop
  endfacet
  facet normal 0 0 1
    outer loop
      vertex 22.6006 25.2651 23
      vertex 21.8713 29.4012 23
      vertex 22.4047 25.2216 23
    endloop
  endfacet
  facet normal -0 0 1
    outer loop
      vertex 21.3177 29.2785 23
      vertex 22.4047 25.2216 23
      vertex 21.8713 29.4012 23
    endloop
  endfacet
  facet normal 0 0 1
    outer loop
      vertex 22.4047 25.2216 23
      vertex 21.3177 29.2785 23
      vertex 22.2134 25.1613 23
    endloop
  endfacet
  facet normal -0 0 1
    outer loop
      vertex 20.7769 29.108 23
      vertex 22.2134 25.1613 23
      vertex 21.3177 29.2785 23
    endloop
  endfacet
  facet normal 0 0 1
    outer loop
      vertex 22.2134 25.1613 23
      vertex 20.7769 29.108 23
      vertex 22.028 25.0845 23
    endloop
  endfacet
  facet normal -0 0 1
    outer loop
      vertex 20.253 28.891 23
      vertex 22.028 25.0845 23
      vertex 20.7769 29.108 23
    endloop
  endfacet
  facet normal 0 0 1
    outer loop
      vertex 22.028 25.0845 23
      vertex 20.253 28.891 23
      vertex 21.85 24.9919 23
    endloop
  endfacet
  facet normal -0 0 1
    outer loop
      vertex 19.75 28.6292 23
      vertex 21.85 24.9919 23
      vertex 20.253 28.891 23
    endloop
  endfacet
  facet normal 0 0 1
    outer loop
      vertex 21.85 24.9919 23
      vertex 19.75 28.6292 23
      vertex 21.6808 24.884 23
    endloop
  endfacet
  facet normal -0 0 1
    outer loop
      vertex 19.2718 28.3245 23
      vertex 21.6808 24.884 23
      vertex 19.75 28.6292 23
    endloop
  endfacet
  facet normal 0 0 1
    outer loop
      vertex 21.6808 24.884 23
      vertex 19.2718 28.3245 23
      vertex 21.5216 24.7619 23
    endloop
  endfacet
  facet normal -0 0 1
    outer loop
      vertex 18.8219 27.9793 23
      vertex 21.5216 24.7619 23
      vertex 19.2718 28.3245 23
    endloop
  endfacet
  facet normal 0 0 1
    outer loop
      vertex 21.5216 24.7619 23
      vertex 18.8219 27.9793 23
      vertex 21.3737 24.6263 23
    endloop
  endfacet
  facet normal -0 0 1
    outer loop
      vertex 18.4038 27.5962 23
      vertex 21.3737 24.6263 23
      vertex 18.8219 27.9793 23
    endloop
  endfacet
  facet normal 0 0 1
    outer loop
      vertex 21.3737 24.6263 23
      vertex 18.4038 27.5962 23
      vertex 21.2381 24.4784 23
    endloop
  endfacet
  facet normal -0 0 1
    outer loop
      vertex 18.0207 27.1781 23
      vertex 21.2381 24.4784 23
      vertex 18.4038 27.5962 23
    endloop
  endfacet
  facet normal 0 0 1
    outer loop
      vertex 21.2381 24.4784 23
      vertex 18.0207 27.1781 23
      vertex 21.1159 24.3192 23
    endloop
  endfacet
  facet normal -0 0 1
    outer loop
      vertex 17.6755 26.7282 23
      vertex 21.1159 24.3192 23
      vertex 18.0207 27.1781 23
    endloop
  endfacet
  facet normal 0 0 1
    outer loop
      vertex 21.1159 24.3192 23
      vertex 17.6755 26.7282 23
      vertex 21.0081 24.15 23
    endloop
  endfacet
  facet normal 0.887043 0.461686 -5.77983e-18
    outer loop
      vertex 36.891 33.747 23
      vertex 36.6292 34.25 19
      vertex 36.6292 34.25 23
    endloop
  endfacet
  facet normal 0.887043 0.461686 -5.77983e-18
    outer loop
      vertex 36.6292 34.25 19
      vertex 36.891 33.747 23
      vertex 36.891 33.747 19
    endloop
  endfacet
  facet normal 0.608739 -0.793371 0
    outer loop
      vertex 34.7282 25.6755 19
      vertex 35.1781 26.0207 23
      vertex 34.7282 25.6755 23
    endloop
  endfacet
  facet normal 0.608739 -0.793371 0
    outer loop
      vertex 35.1781 26.0207 23
      vertex 34.7282 25.6755 19
      vertex 35.1781 26.0207 19
    endloop
  endfacet
  facet normal -0.382674 0.923884 0
    outer loop
      vertex 28.7769 37.108 19
      vertex 28.253 36.891 23
      vertex 28.7769 37.108 23
    endloop
  endfacet
  facet normal -0.382674 0.923884 0
    outer loop
      vertex 28.253 36.891 23
      vertex 28.7769 37.108 19
      vertex 28.253 36.891 19
    endloop
  endfacet
  facet normal 0.887043 -0.461686 5.77983e-18
    outer loop
      vertex 36.6292 27.75 23
      vertex 36.891 28.253 19
      vertex 36.891 28.253 23
    endloop
  endfacet
  facet normal 0.887043 -0.461686 5.77983e-18
    outer loop
      vertex 36.891 28.253 19
      vertex 36.6292 27.75 23
      vertex 36.6292 27.75 19
    endloop
  endfacet
  facet normal -0.793371 0.608739 -2.22388e-18
    outer loop
      vertex 25.6755 34.7282 19
      vertex 26.0207 35.1781 23
      vertex 26.0207 35.1781 19
    endloop
  endfacet
  facet normal -0.793371 0.608739 -2.22388e-18
    outer loop
      vertex 26.0207 35.1781 23
      vertex 25.6755 34.7282 19
      vertex 25.6755 34.7282 23
    endloop
  endfacet
  facet normal -0.0435597 -0.999051 0
    outer loop
      vertex 30.4335 24.5247 19
      vertex 31 24.5 23
      vertex 30.4335 24.5247 23
    endloop
  endfacet
  facet normal -0.0435597 -0.999051 -0
    outer loop
      vertex 31 24.5 23
      vertex 30.4335 24.5247 19
      vertex 31 24.5 19
    endloop
  endfacet
  facet normal -0.999051 0.0435597 -3.08844e-19
    outer loop
      vertex 24.5 31 19
      vertex 24.5247 31.5665 23
      vertex 24.5247 31.5665 19
    endloop
  endfacet
  facet normal -0.999051 0.0435597 -3.08844e-19
    outer loop
      vertex 24.5247 31.5665 23
      vertex 24.5 31 19
      vertex 24.5 31 23
    endloop
  endfacet
  facet normal -0.999051 -0.0435597 3.08844e-19
    outer loop
      vertex 24.5247 30.4335 19
      vertex 24.5 31 23
      vertex 24.5 31 19
    endloop
  endfacet
  facet normal -0.999051 -0.0435597 3.08844e-19
    outer loop
      vertex 24.5 31 23
      vertex 24.5247 30.4335 19
      vertex 24.5247 30.4335 23
    endloop
  endfacet
  facet normal -0.216557 -0.97627 0
    outer loop
      vertex 29.3177 24.7215 19
      vertex 29.8713 24.5987 23
      vertex 29.3177 24.7215 23
    endloop
  endfacet
  facet normal -0.216557 -0.97627 -0
    outer loop
      vertex 29.8713 24.5987 23
      vertex 29.3177 24.7215 19
      vertex 29.8713 24.5987 19
    endloop
  endfacet
  facet normal 0.737293 -0.675573 6.08305e-18
    outer loop
      vertex 35.5962 26.4038 23
      vertex 35.9793 26.8219 19
      vertex 35.9793 26.8219 23
    endloop
  endfacet
  facet normal 0.737293 -0.675573 6.08305e-18
    outer loop
      vertex 35.9793 26.8219 19
      vertex 35.5962 26.4038 23
      vertex 35.5962 26.4038 19
    endloop
  endfacet
  facet normal 0.461686 -0.887043 0
    outer loop
      vertex 33.747 25.109 19
      vertex 34.25 25.3708 23
      vertex 33.747 25.109 23
    endloop
  endfacet
  facet normal 0.461686 -0.887043 0
    outer loop
      vertex 34.25 25.3708 23
      vertex 33.747 25.109 19
      vertex 34.25 25.3708 19
    endloop
  endfacet
  facet normal 0.382674 -0.923884 0
    outer loop
      vertex 33.2231 24.892 19
      vertex 33.747 25.109 23
      vertex 33.2231 24.892 23
    endloop
  endfacet
  facet normal 0.382674 -0.923884 0
    outer loop
      vertex 33.747 25.109 23
      vertex 33.2231 24.892 19
      vertex 33.747 25.109 19
    endloop
  endfacet
  facet normal -0.953724 0.300684 2.42054e-18
    outer loop
      vertex 24.7215 32.6823 19
      vertex 24.892 33.2231 23
      vertex 24.892 33.2231 19
    endloop
  endfacet
  facet normal -0.953724 0.300684 2.42054e-18
    outer loop
      vertex 24.892 33.2231 23
      vertex 24.7215 32.6823 19
      vertex 24.7215 32.6823 23
    endloop
  endfacet
  facet normal -0.923884 0.382674 -4.11618e-19
    outer loop
      vertex 24.892 33.2231 19
      vertex 25.109 33.747 23
      vertex 25.109 33.747 19
    endloop
  endfacet
  facet normal -0.923884 0.382674 -4.11618e-19
    outer loop
      vertex 25.109 33.747 23
      vertex 24.892 33.2231 19
      vertex 24.892 33.2231 23
    endloop
  endfacet
  facet normal 0.991448 0.1305 -4.70991e-19
    outer loop
      vertex 191.475 31.5665 23
      vertex 191.401 32.1287 19
      vertex 191.401 32.1287 23
    endloop
  endfacet
  facet normal 0.991448 0.1305 -4.70991e-19
    outer loop
      vertex 191.401 32.1287 19
      vertex 191.475 31.5665 23
      vertex 191.475 31.5665 19
    endloop
  endfacet
  facet normal 0.999028 0.0440877 2.23933e-19
    outer loop
      vertex 191.5 31 23
      vertex 191.475 31.5665 19
      vertex 191.475 31.5665 23
    endloop
  endfacet
  facet normal 0.999028 0.0440877 2.23933e-19
    outer loop
      vertex 191.475 31.5665 19
      vertex 191.5 31 23
      vertex 191.5 31 19
    endloop
  endfacet
  facet normal 0.976567 0.215212 2.89297e-18
    outer loop
      vertex 191.401 32.1287 23
      vertex 191.279 32.6823 19
      vertex 191.279 32.6823 23
    endloop
  endfacet
  facet normal 0.976567 0.215212 2.89297e-18
    outer loop
      vertex 191.279 32.6823 19
      vertex 191.401 32.1287 23
      vertex 191.401 32.1287 19
    endloop
  endfacet
  facet normal -0.886899 -0.461963 2.43286e-18
    outer loop
      vertex 179.371 27.75 19
      vertex 179.109 28.253 23
      vertex 179.109 28.253 19
    endloop
  endfacet
  facet normal -0.886899 -0.461963 2.43286e-18
    outer loop
      vertex 179.109 28.253 23
      vertex 179.371 27.75 19
      vertex 179.371 27.75 23
    endloop
  endfacet
  facet normal 0.300583 0.953756 -0
    outer loop
      vertex 187.223 37.108 19
      vertex 186.682 37.2785 23
      vertex 187.223 37.108 23
    endloop
  endfacet
  facet normal 0.300583 0.953756 0
    outer loop
      vertex 186.682 37.2785 23
      vertex 187.223 37.108 19
      vertex 186.682 37.2785 19
    endloop
  endfacet
  facet normal -0.843109 -0.537742 -3.49439e-18
    outer loop
      vertex 179.676 27.2718 19
      vertex 179.371 27.75 23
      vertex 179.371 27.75 19
    endloop
  endfacet
  facet normal -0.843109 -0.537742 -3.49439e-18
    outer loop
      vertex 179.371 27.75 23
      vertex 179.676 27.2718 19
      vertex 179.676 27.2718 23
    endloop
  endfacet
  facet normal 0.923884 0.382674 -1.76159e-18
    outer loop
      vertex 191.108 33.2231 23
      vertex 190.891 33.747 19
      vertex 190.891 33.747 23
    endloop
  endfacet
  facet normal 0.923884 0.382674 -1.76159e-18
    outer loop
      vertex 190.891 33.747 19
      vertex 191.108 33.2231 23
      vertex 191.108 33.2231 19
    endloop
  endfacet
  facet normal -0.216613 0.976258 0
    outer loop
      vertex 183.871 37.4012 19
      vertex 183.318 37.2785 23
      vertex 183.871 37.4012 23
    endloop
  endfacet
  facet normal -0.216613 0.976258 0
    outer loop
      vertex 183.318 37.2785 23
      vertex 183.871 37.4012 19
      vertex 183.318 37.2785 19
    endloop
  endfacet
  facet normal 0.0435213 -0.999052 0
    outer loop
      vertex 185 24.5 19
      vertex 185.567 24.5247 23
      vertex 185 24.5 23
    endloop
  endfacet
  facet normal 0.0435213 -0.999052 0
    outer loop
      vertex 185.567 24.5247 23
      vertex 185 24.5 19
      vertex 185.567 24.5247 19
    endloop
  endfacet
  facet normal 0.216781 -0.97622 0
    outer loop
      vertex 186.129 24.5987 19
      vertex 186.682 24.7215 23
      vertex 186.129 24.5987 23
    endloop
  endfacet
  facet normal 0.216781 -0.97622 0
    outer loop
      vertex 186.682 24.7215 23
      vertex 186.129 24.5987 19
      vertex 186.682 24.7215 19
    endloop
  endfacet
  facet normal 0.382611 0.923909 -0
    outer loop
      vertex 187.747 36.891 19
      vertex 187.223 37.108 23
      vertex 187.747 36.891 23
    endloop
  endfacet
  facet normal 0.382611 0.923909 0
    outer loop
      vertex 187.223 37.108 23
      vertex 187.747 36.891 19
      vertex 187.223 37.108 19
    endloop
  endfacet
  facet normal 0.216613 0.976258 -0
    outer loop
      vertex 186.682 37.2785 19
      vertex 186.129 37.4012 23
      vertex 186.682 37.2785 23
    endloop
  endfacet
  facet normal 0.216613 0.976258 0
    outer loop
      vertex 186.129 37.4012 23
      vertex 186.682 37.2785 19
      vertex 186.129 37.4012 19
    endloop
  endfacet
  facet normal 0.991448 -0.1305 8.13623e-19
    outer loop
      vertex 191.401 29.8713 23
      vertex 191.475 30.4335 19
      vertex 191.475 30.4335 23
    endloop
  endfacet
  facet normal 0.991448 -0.1305 8.13623e-19
    outer loop
      vertex 191.475 30.4335 19
      vertex 191.401 29.8713 23
      vertex 191.401 29.8713 19
    endloop
  endfacet
  facet normal -0.537526 0.843247 0
    outer loop
      vertex 181.75 36.6292 19
      vertex 181.272 36.3245 23
      vertex 181.75 36.6292 23
    endloop
  endfacet
  facet normal -0.537526 0.843247 0
    outer loop
      vertex 181.272 36.3245 23
      vertex 181.75 36.6292 19
      vertex 181.272 36.3245 19
    endloop
  endfacet
  facet normal -0.793541 -0.608517 -5.04362e-18
    outer loop
      vertex 180.021 26.8219 19
      vertex 179.676 27.2718 23
      vertex 179.676 27.2718 19
    endloop
  endfacet
  facet normal -0.793541 -0.608517 -5.04362e-18
    outer loop
      vertex 179.676 27.2718 23
      vertex 180.021 26.8219 19
      vertex 180.021 26.8219 23
    endloop
  endfacet
  facet normal -0.130546 -0.991442 0
    outer loop
      vertex 183.871 24.5987 19
      vertex 184.433 24.5247 23
      vertex 183.871 24.5987 23
    endloop
  endfacet
  facet normal -0.130546 -0.991442 -0
    outer loop
      vertex 184.433 24.5247 23
      vertex 183.871 24.5987 19
      vertex 184.433 24.5247 19
    endloop
  endfacet
  facet normal -0.843109 0.537742 3.49439e-18
    outer loop
      vertex 179.371 34.25 19
      vertex 179.676 34.7282 23
      vertex 179.676 34.7282 19
    endloop
  endfacet
  facet normal -0.843109 0.537742 3.49439e-18
    outer loop
      vertex 179.676 34.7282 23
      vertex 179.371 34.25 19
      vertex 179.371 34.25 23
    endloop
  endfacet
  facet normal -0.953471 -0.301486 -2.54533e-18
    outer loop
      vertex 178.892 28.7769 19
      vertex 178.721 29.3177 23
      vertex 178.721 29.3177 19
    endloop
  endfacet
  facet normal -0.953471 -0.301486 -2.54533e-18
    outer loop
      vertex 178.721 29.3177 23
      vertex 178.892 28.7769 19
      vertex 178.892 28.7769 23
    endloop
  endfacet
  facet normal 0.976567 -0.215212 -5.3192e-20
    outer loop
      vertex 191.279 29.3177 23
      vertex 191.401 29.8713 19
      vertex 191.401 29.8713 23
    endloop
  endfacet
  facet normal 0.976567 -0.215212 -5.3192e-20
    outer loop
      vertex 191.401 29.8713 19
      vertex 191.279 29.3177 23
      vertex 191.279 29.3177 19
    endloop
  endfacet
  facet normal -0.675661 0.737213 0
    outer loop
      vertex 180.822 35.9793 19
      vertex 180.404 35.5962 23
      vertex 180.822 35.9793 23
    endloop
  endfacet
  facet normal -0.675661 0.737213 0
    outer loop
      vertex 180.404 35.5962 23
      vertex 180.822 35.9793 19
      vertex 180.404 35.5962 19
    endloop
  endfacet
  facet normal 0.296399 -0.955064 0
    outer loop
      vertex 186.682 24.7215 19
      vertex 186.74 24.7395 23
      vertex 186.682 24.7215 23
    endloop
  endfacet
  facet normal 0.296399 -0.955064 0
    outer loop
      vertex 186.74 24.7395 23
      vertex 186.682 24.7215 19
      vertex 186.74 24.7395 19
    endloop
  endfacet
  facet normal -0.976567 0.215212 -2.89297e-18
    outer loop
      vertex 178.599 32.1287 19
      vertex 178.721 32.6823 23
      vertex 178.721 32.6823 19
    endloop
  endfacet
  facet normal -0.976567 0.215212 -2.89297e-18
    outer loop
      vertex 178.721 32.6823 23
      vertex 178.599 32.1287 19
      vertex 178.599 32.1287 23
    endloop
  endfacet
  facet normal -0.300583 0.953756 0
    outer loop
      vertex 183.318 37.2785 19
      vertex 182.777 37.108 23
      vertex 183.318 37.2785 23
    endloop
  endfacet
  facet normal -0.300583 0.953756 0
    outer loop
      vertex 182.777 37.108 23
      vertex 183.318 37.2785 19
      vertex 182.777 37.108 19
    endloop
  endfacet
  facet normal 0.793541 0.608517 -5.04362e-18
    outer loop
      vertex 190.324 34.7282 23
      vertex 189.979 35.1781 19
      vertex 189.979 35.1781 23
    endloop
  endfacet
  facet normal 0.793541 0.608517 -5.04362e-18
    outer loop
      vertex 189.979 35.1781 19
      vertex 190.324 34.7282 23
      vertex 190.324 34.7282 19
    endloop
  endfacet
  facet normal -0.923884 -0.382674 9.79394e-19
    outer loop
      vertex 179.109 28.253 19
      vertex 178.892 28.7769 23
      vertex 178.892 28.7769 19
    endloop
  endfacet
  facet normal -0.923884 -0.382674 9.79394e-19
    outer loop
      vertex 178.892 28.7769 23
      vertex 179.109 28.253 19
      vertex 179.109 28.253 23
    endloop
  endfacet
  facet normal 0.999028 -0.0440877 -2.23933e-19
    outer loop
      vertex 191.475 30.4335 23
      vertex 191.5 31 19
      vertex 191.5 31 23
    endloop
  endfacet
  facet normal 0.999028 -0.0440877 -2.23933e-19
    outer loop
      vertex 191.5 31 19
      vertex 191.475 30.4335 23
      vertex 191.475 30.4335 19
    endloop
  endfacet
  facet normal 0.130719 0.991419 -0
    outer loop
      vertex 186.129 37.4012 19
      vertex 185.567 37.4753 23
      vertex 186.129 37.4012 23
    endloop
  endfacet
  facet normal 0.130719 0.991419 0
    outer loop
      vertex 185.567 37.4753 23
      vertex 186.129 37.4012 19
      vertex 185.567 37.4753 19
    endloop
  endfacet
  facet normal 0.608654 0.793436 -0
    outer loop
      vertex 189.178 35.9793 19
      vertex 188.728 36.3245 23
      vertex 189.178 35.9793 23
    endloop
  endfacet
  facet normal 0.608654 0.793436 0
    outer loop
      vertex 188.728 36.3245 23
      vertex 189.178 35.9793 19
      vertex 188.728 36.3245 19
    endloop
  endfacet
  facet normal 0.537526 0.843247 -0
    outer loop
      vertex 188.728 36.3245 19
      vertex 188.25 36.6292 23
      vertex 188.728 36.3245 23
    endloop
  endfacet
  facet normal 0.537526 0.843247 0
    outer loop
      vertex 188.25 36.6292 23
      vertex 188.728 36.3245 19
      vertex 188.25 36.6292 19
    endloop
  endfacet
  facet normal 0.130546 -0.991442 0
    outer loop
      vertex 185.567 24.5247 19
      vertex 186.129 24.5987 23
      vertex 185.567 24.5247 23
    endloop
  endfacet
  facet normal 0.130546 -0.991442 0
    outer loop
      vertex 186.129 24.5987 23
      vertex 185.567 24.5247 19
      vertex 186.129 24.5987 19
    endloop
  endfacet
  facet normal 0.953471 0.301486 1.95036e-19
    outer loop
      vertex 191.279 32.6823 23
      vertex 191.108 33.2231 19
      vertex 191.108 33.2231 23
    endloop
  endfacet
  facet normal 0.953471 0.301486 1.95036e-19
    outer loop
      vertex 191.108 33.2231 19
      vertex 191.279 32.6823 23
      vertex 191.279 32.6823 19
    endloop
  endfacet
  facet normal -0.886899 0.461963 -2.43286e-18
    outer loop
      vertex 179.109 33.747 19
      vertex 179.371 34.25 23
      vertex 179.371 34.25 19
    endloop
  endfacet
  facet normal -0.886899 0.461963 -2.43286e-18
    outer loop
      vertex 179.371 34.25 23
      vertex 179.109 33.747 19
      vertex 179.109 33.747 23
    endloop
  endfacet
  facet normal 0.949015 -0.315232 -1.89656e-19
    outer loop
      vertex 191.26 29.2605 23
      vertex 191.279 29.3177 19
      vertex 191.279 29.3177 23
    endloop
  endfacet
  facet normal 0.949015 -0.315232 -1.89656e-19
    outer loop
      vertex 191.279 29.3177 19
      vertex 191.26 29.2605 23
      vertex 191.26 29.2605 19
    endloop
  endfacet
  facet normal 0.461686 0.887043 -0
    outer loop
      vertex 188.25 36.6292 19
      vertex 187.747 36.891 23
      vertex 188.25 36.6292 23
    endloop
  endfacet
  facet normal 0.461686 0.887043 0
    outer loop
      vertex 187.747 36.891 23
      vertex 188.25 36.6292 19
      vertex 187.747 36.891 19
    endloop
  endfacet
  facet normal -0.130719 0.991419 0
    outer loop
      vertex 184.433 37.4753 19
      vertex 183.871 37.4012 23
      vertex 184.433 37.4753 23
    endloop
  endfacet
  facet normal -0.130719 0.991419 0
    outer loop
      vertex 183.871 37.4012 23
      vertex 184.433 37.4753 19
      vertex 183.871 37.4012 19
    endloop
  endfacet
  facet normal -0.300583 -0.953756 0
    outer loop
      vertex 182.777 24.892 19
      vertex 183.318 24.7215 23
      vertex 182.777 24.892 23
    endloop
  endfacet
  facet normal -0.300583 -0.953756 -0
    outer loop
      vertex 183.318 24.7215 23
      vertex 182.777 24.892 19
      vertex 183.318 24.7215 19
    endloop
  endfacet
  facet normal 0.843109 0.537742 -3.49439e-18
    outer loop
      vertex 190.629 34.25 23
      vertex 190.324 34.7282 19
      vertex 190.324 34.7282 23
    endloop
  endfacet
  facet normal 0.843109 0.537742 -3.49439e-18
    outer loop
      vertex 190.324 34.7282 19
      vertex 190.629 34.25 23
      vertex 190.629 34.25 19
    endloop
  endfacet
  facet normal 0.0435213 0.999052 -0
    outer loop
      vertex 185.567 37.4753 19
      vertex 185 37.5 23
      vertex 185.567 37.4753 23
    endloop
  endfacet
  facet normal 0.0435213 0.999052 0
    outer loop
      vertex 185 37.5 23
      vertex 185.567 37.4753 19
      vertex 185 37.5 19
    endloop
  endfacet
  facet normal -0.737381 0.675477 -3.64399e-18
    outer loop
      vertex 180.021 35.1781 19
      vertex 180.404 35.5962 23
      vertex 180.404 35.5962 19
    endloop
  endfacet
  facet normal -0.737381 0.675477 -3.64399e-18
    outer loop
      vertex 180.404 35.5962 23
      vertex 180.021 35.1781 19
      vertex 180.021 35.1781 23
    endloop
  endfacet
  facet normal -0.0435213 -0.999052 0
    outer loop
      vertex 184.433 24.5247 19
      vertex 185 24.5 23
      vertex 184.433 24.5247 23
    endloop
  endfacet
  facet normal -0.0435213 -0.999052 -0
    outer loop
      vertex 185 24.5 23
      vertex 184.433 24.5247 19
      vertex 185 24.5 19
    endloop
  endfacet
  facet normal 0.675661 0.737213 -0
    outer loop
      vertex 189.596 35.5962 19
      vertex 189.178 35.9793 23
      vertex 189.596 35.5962 23
    endloop
  endfacet
  facet normal 0.675661 0.737213 0
    outer loop
      vertex 189.178 35.9793 23
      vertex 189.596 35.5962 19
      vertex 189.178 35.9793 19
    endloop
  endfacet
  facet normal -0.675661 -0.737213 0
    outer loop
      vertex 180.404 26.4038 19
      vertex 180.822 26.0207 23
      vertex 180.404 26.4038 23
    endloop
  endfacet
  facet normal -0.675661 -0.737213 -0
    outer loop
      vertex 180.822 26.0207 23
      vertex 180.404 26.4038 19
      vertex 180.822 26.0207 19
    endloop
  endfacet
  facet normal 0.737381 0.675477 3.64399e-18
    outer loop
      vertex 189.979 35.1781 23
      vertex 189.596 35.5962 19
      vertex 189.596 35.5962 23
    endloop
  endfacet
  facet normal 0.737381 0.675477 3.64399e-18
    outer loop
      vertex 189.596 35.5962 19
      vertex 189.979 35.1781 23
      vertex 189.979 35.1781 19
    endloop
  endfacet
  facet normal -0.976567 -0.215212 5.3192e-20
    outer loop
      vertex 178.721 29.3177 19
      vertex 178.599 29.8713 23
      vertex 178.599 29.8713 19
    endloop
  endfacet
  facet normal -0.976567 -0.215212 5.3192e-20
    outer loop
      vertex 178.599 29.8713 23
      vertex 178.721 29.3177 19
      vertex 178.721 29.3177 23
    endloop
  endfacet
  facet normal -0.461686 0.887043 0
    outer loop
      vertex 182.253 36.891 19
      vertex 181.75 36.6292 23
      vertex 182.253 36.891 23
    endloop
  endfacet
  facet normal -0.461686 0.887043 0
    outer loop
      vertex 181.75 36.6292 23
      vertex 182.253 36.891 19
      vertex 181.75 36.6292 19
    endloop
  endfacet
  facet normal -0.0435213 0.999052 0
    outer loop
      vertex 185 37.5 19
      vertex 184.433 37.4753 23
      vertex 185 37.5 23
    endloop
  endfacet
  facet normal -0.0435213 0.999052 0
    outer loop
      vertex 184.433 37.4753 23
      vertex 185 37.5 19
      vertex 184.433 37.4753 19
    endloop
  endfacet
  facet normal -0.737381 -0.675477 3.9377e-18
    outer loop
      vertex 180.404 26.4038 19
      vertex 180.021 26.8219 23
      vertex 180.021 26.8219 19
    endloop
  endfacet
  facet normal -0.737381 -0.675477 3.9377e-18
    outer loop
      vertex 180.021 26.8219 23
      vertex 180.404 26.4038 19
      vertex 180.404 26.4038 23
    endloop
  endfacet
  facet normal -0.608654 0.793436 0
    outer loop
      vertex 181.272 36.3245 19
      vertex 180.822 35.9793 23
      vertex 181.272 36.3245 23
    endloop
  endfacet
  facet normal -0.608654 0.793436 0
    outer loop
      vertex 180.822 35.9793 23
      vertex 181.272 36.3245 19
      vertex 180.822 35.9793 19
    endloop
  endfacet
  facet normal -0.991448 -0.1305 -8.13623e-19
    outer loop
      vertex 178.599 29.8713 19
      vertex 178.525 30.4335 23
      vertex 178.525 30.4335 19
    endloop
  endfacet
  facet normal -0.991448 -0.1305 -8.13623e-19
    outer loop
      vertex 178.525 30.4335 23
      vertex 178.599 29.8713 19
      vertex 178.599 29.8713 23
    endloop
  endfacet
  facet normal -0.991448 0.1305 4.70991e-19
    outer loop
      vertex 178.525 31.5665 19
      vertex 178.599 32.1287 23
      vertex 178.599 32.1287 19
    endloop
  endfacet
  facet normal -0.991448 0.1305 4.70991e-19
    outer loop
      vertex 178.599 32.1287 23
      vertex 178.525 31.5665 19
      vertex 178.525 31.5665 23
    endloop
  endfacet
  facet normal 0 0 1
    outer loop
      vertex 191.26 29.2605 23
      vertex 186.626 29.3737 23
      vertex 186.74 24.7395 23
    endloop
  endfacet
  facet normal -0 0 1
    outer loop
      vertex 186.478 29.2381 23
      vertex 186.74 24.7395 23
      vertex 186.626 29.3737 23
    endloop
  endfacet
  facet normal -0 0 1
    outer loop
      vertex 186.319 29.1159 23
      vertex 186.74 24.7395 23
      vertex 186.478 29.2381 23
    endloop
  endfacet
  facet normal -0 0 1
    outer loop
      vertex 186.15 29.0081 23
      vertex 186.74 24.7395 23
      vertex 186.319 29.1159 23
    endloop
  endfacet
  facet normal -0 0 1
    outer loop
      vertex 185.972 28.9155 23
      vertex 186.74 24.7395 23
      vertex 186.15 29.0081 23
    endloop
  endfacet
  facet normal -0 0 1
    outer loop
      vertex 185.787 28.8387 23
      vertex 186.74 24.7395 23
      vertex 185.972 28.9155 23
    endloop
  endfacet
  facet normal -0 0 1
    outer loop
      vertex 185.595 28.7784 23
      vertex 186.74 24.7395 23
      vertex 185.787 28.8387 23
    endloop
  endfacet
  facet normal 0 0 1
    outer loop
      vertex 186.74 24.7395 23
      vertex 185.595 28.7784 23
      vertex 186.682 24.7215 23
    endloop
  endfacet
  facet normal 0 0 1
    outer loop
      vertex 186.682 24.7215 23
      vertex 185.595 28.7784 23
      vertex 186.129 24.5987 23
    endloop
  endfacet
  facet normal -0 0 1
    outer loop
      vertex 185.399 28.7349 23
      vertex 186.129 24.5987 23
      vertex 185.595 28.7784 23
    endloop
  endfacet
  facet normal 0 0 1
    outer loop
      vertex 186.129 24.5987 23
      vertex 185.399 28.7349 23
      vertex 185.567 24.5247 23
    endloop
  endfacet
  facet normal -0 0 1
    outer loop
      vertex 185.2 28.7088 23
      vertex 185.567 24.5247 23
      vertex 185.399 28.7349 23
    endloop
  endfacet
  facet normal -0 0 1
    outer loop
      vertex 185 28.7 23
      vertex 185.567 24.5247 23
      vertex 185.2 28.7088 23
    endloop
  endfacet
  facet normal 0 0 1
    outer loop
      vertex 185 28.7 23
      vertex 185 24.5 23
      vertex 185.567 24.5247 23
    endloop
  endfacet
  facet normal 0 0 1
    outer loop
      vertex 184.8 28.7088 23
      vertex 185 24.5 23
      vertex 185 28.7 23
    endloop
  endfacet
  facet normal 0 0 1
    outer loop
      vertex 184.433 24.5247 23
      vertex 184.8 28.7088 23
      vertex 184.601 28.7349 23
    endloop
  endfacet
  facet normal 0 0 1
    outer loop
      vertex 184.8 28.7088 23
      vertex 184.433 24.5247 23
      vertex 185 24.5 23
    endloop
  endfacet
  facet normal 0 0 1
    outer loop
      vertex 183.871 24.5987 23
      vertex 184.601 28.7349 23
      vertex 184.405 28.7784 23
    endloop
  endfacet
  facet normal 0 0 1
    outer loop
      vertex 183.318 24.7215 23
      vertex 184.405 28.7784 23
      vertex 184.213 28.8387 23
    endloop
  endfacet
  facet normal 0 0 1
    outer loop
      vertex 182.777 24.892 23
      vertex 184.213 28.8387 23
      vertex 184.028 28.9155 23
    endloop
  endfacet
  facet normal 0 0 1
    outer loop
      vertex 184.601 28.7349 23
      vertex 183.871 24.5987 23
      vertex 184.433 24.5247 23
    endloop
  endfacet
  facet normal 0 0 1
    outer loop
      vertex 182.253 25.109 23
      vertex 184.028 28.9155 23
      vertex 183.85 29.0081 23
    endloop
  endfacet
  facet normal 0 0 1
    outer loop
      vertex 181.75 25.3708 23
      vertex 183.85 29.0081 23
      vertex 183.681 29.1159 23
    endloop
  endfacet
  facet normal 0 0 1
    outer loop
      vertex 181.272 25.6755 23
      vertex 183.681 29.1159 23
      vertex 183.522 29.2381 23
    endloop
  endfacet
  facet normal 0 0 1
    outer loop
      vertex 180.822 26.0207 23
      vertex 183.522 29.2381 23
      vertex 183.374 29.3737 23
    endloop
  endfacet
  facet normal 0 0 1
    outer loop
      vertex 184.405 28.7784 23
      vertex 183.318 24.7215 23
      vertex 183.871 24.5987 23
    endloop
  endfacet
  facet normal 0 0 1
    outer loop
      vertex 180.404 26.4038 23
      vertex 183.374 29.3737 23
      vertex 183.238 29.5216 23
    endloop
  endfacet
  facet normal 0 0 1
    outer loop
      vertex 180.021 26.8219 23
      vertex 183.238 29.5216 23
      vertex 183.116 29.6808 23
    endloop
  endfacet
  facet normal 0 0 1
    outer loop
      vertex 179.676 27.2718 23
      vertex 183.116 29.6808 23
      vertex 183.008 29.85 23
    endloop
  endfacet
  facet normal 0 0 1
    outer loop
      vertex 179.371 27.75 23
      vertex 183.008 29.85 23
      vertex 182.915 30.028 23
    endloop
  endfacet
  facet normal 0 0 1
    outer loop
      vertex 179.109 28.253 23
      vertex 182.915 30.028 23
      vertex 182.839 30.2134 23
    endloop
  endfacet
  facet normal 0 0 1
    outer loop
      vertex 178.892 28.7769 23
      vertex 182.839 30.2134 23
      vertex 182.778 30.4047 23
    endloop
  endfacet
  facet normal 0 0 1
    outer loop
      vertex 184.213 28.8387 23
      vertex 182.777 24.892 23
      vertex 183.318 24.7215 23
    endloop
  endfacet
  facet normal 0 0 1
    outer loop
      vertex 178.721 29.3177 23
      vertex 182.778 30.4047 23
      vertex 182.735 30.6006 23
    endloop
  endfacet
  facet normal 0 0 1
    outer loop
      vertex 178.599 29.8713 23
      vertex 182.735 30.6006 23
      vertex 182.709 30.7995 23
    endloop
  endfacet
  facet normal 0 0 1
    outer loop
      vertex 178.525 30.4335 23
      vertex 182.709 30.7995 23
      vertex 182.7 31 23
    endloop
  endfacet
  facet normal -0 0 1
    outer loop
      vertex 179.371 34.25 23
      vertex 183.008 32.15 23
      vertex 179.676 34.7282 23
    endloop
  endfacet
  facet normal 0 0 1
    outer loop
      vertex 184.028 28.9155 23
      vertex 182.253 25.109 23
      vertex 182.777 24.892 23
    endloop
  endfacet
  facet normal 0 0 1
    outer loop
      vertex 183.008 32.15 23
      vertex 179.371 34.25 23
      vertex 182.915 31.972 23
    endloop
  endfacet
  facet normal 0 0 1
    outer loop
      vertex 183.85 29.0081 23
      vertex 181.75 25.3708 23
      vertex 182.253 25.109 23
    endloop
  endfacet
  facet normal -0 0 1
    outer loop
      vertex 179.109 33.747 23
      vertex 182.915 31.972 23
      vertex 179.371 34.25 23
    endloop
  endfacet
  facet normal 0 0 1
    outer loop
      vertex 183.681 29.1159 23
      vertex 181.272 25.6755 23
      vertex 181.75 25.3708 23
    endloop
  endfacet
  facet normal 0 0 1
    outer loop
      vertex 182.915 31.972 23
      vertex 179.109 33.747 23
      vertex 182.839 31.7866 23
    endloop
  endfacet
  facet normal 0 0 1
    outer loop
      vertex 183.522 29.2381 23
      vertex 180.822 26.0207 23
      vertex 181.272 25.6755 23
    endloop
  endfacet
  facet normal -0 0 1
    outer loop
      vertex 178.892 33.2231 23
      vertex 182.839 31.7866 23
      vertex 179.109 33.747 23
    endloop
  endfacet
  facet normal 0 0 1
    outer loop
      vertex 183.374 29.3737 23
      vertex 180.404 26.4038 23
      vertex 180.822 26.0207 23
    endloop
  endfacet
  facet normal 0 0 1
    outer loop
      vertex 182.839 31.7866 23
      vertex 178.892 33.2231 23
      vertex 182.778 31.5953 23
    endloop
  endfacet
  facet normal 0 0 1
    outer loop
      vertex 183.238 29.5216 23
      vertex 180.021 26.8219 23
      vertex 180.404 26.4038 23
    endloop
  endfacet
  facet normal -0 0 1
    outer loop
      vertex 178.721 32.6823 23
      vertex 182.778 31.5953 23
      vertex 178.892 33.2231 23
    endloop
  endfacet
  facet normal 0 0 1
    outer loop
      vertex 183.116 29.6808 23
      vertex 179.676 27.2718 23
      vertex 180.021 26.8219 23
    endloop
  endfacet
  facet normal 0 0 1
    outer loop
      vertex 182.778 31.5953 23
      vertex 178.721 32.6823 23
      vertex 182.735 31.3994 23
    endloop
  endfacet
  facet normal 0 0 1
    outer loop
      vertex 183.008 29.85 23
      vertex 179.371 27.75 23
      vertex 179.676 27.2718 23
    endloop
  endfacet
  facet normal -0 0 1
    outer loop
      vertex 178.599 32.1287 23
      vertex 182.735 31.3994 23
      vertex 178.721 32.6823 23
    endloop
  endfacet
  facet normal 0 0 1
    outer loop
      vertex 182.915 30.028 23
      vertex 179.109 28.253 23
      vertex 179.371 27.75 23
    endloop
  endfacet
  facet normal 0 0 1
    outer loop
      vertex 182.735 31.3994 23
      vertex 178.599 32.1287 23
      vertex 182.709 31.2005 23
    endloop
  endfacet
  facet normal 0 0 1
    outer loop
      vertex 182.839 30.2134 23
      vertex 178.892 28.7769 23
      vertex 179.109 28.253 23
    endloop
  endfacet
  facet normal -0 0 1
    outer loop
      vertex 178.525 31.5665 23
      vertex 182.709 31.2005 23
      vertex 178.599 32.1287 23
    endloop
  endfacet
  facet normal 0 0 1
    outer loop
      vertex 182.778 30.4047 23
      vertex 178.721 29.3177 23
      vertex 178.892 28.7769 23
    endloop
  endfacet
  facet normal 0 0 1
    outer loop
      vertex 182.709 31.2005 23
      vertex 178.525 31.5665 23
      vertex 182.7 31 23
    endloop
  endfacet
  facet normal 0 0 1
    outer loop
      vertex 182.735 30.6006 23
      vertex 178.599 29.8713 23
      vertex 178.721 29.3177 23
    endloop
  endfacet
  facet normal 0 0 1
    outer loop
      vertex 178.5 31 23
      vertex 182.7 31 23
      vertex 178.525 31.5665 23
    endloop
  endfacet
  facet normal 0 0 1
    outer loop
      vertex 182.709 30.7995 23
      vertex 178.525 30.4335 23
      vertex 178.599 29.8713 23
    endloop
  endfacet
  facet normal 0 0 1
    outer loop
      vertex 182.7 31 23
      vertex 178.5 31 23
      vertex 178.525 30.4335 23
    endloop
  endfacet
  facet normal -0 0 1
    outer loop
      vertex 186.626 29.3737 23
      vertex 191.26 29.2605 23
      vertex 186.762 29.5216 23
    endloop
  endfacet
  facet normal 0 0 1
    outer loop
      vertex 191.26 29.2605 23
      vertex 186.74 24.7395 23
      vertex 191.374 24.6263 23
    endloop
  endfacet
  facet normal 0 0 1
    outer loop
      vertex 191.374 24.6263 23
      vertex 186.74 24.7395 23
      vertex 191.238 24.4784 23
    endloop
  endfacet
  facet normal 0 0 1
    outer loop
      vertex 191.238 24.4784 23
      vertex 186.74 24.7395 23
      vertex 191.116 24.3192 23
    endloop
  endfacet
  facet normal -0 0 1
    outer loop
      vertex 186.721 24.6823 23
      vertex 190.778 23.5953 23
      vertex 186.74 24.7395 23
    endloop
  endfacet
  facet normal 0 0 1
    outer loop
      vertex 191.116 24.3192 23
      vertex 186.74 24.7395 23
      vertex 191.008 24.15 23
    endloop
  endfacet
  facet normal 0 0 1
    outer loop
      vertex 191.008 24.15 23
      vertex 186.74 24.7395 23
      vertex 190.915 23.972 23
    endloop
  endfacet
  facet normal 0 0 1
    outer loop
      vertex 190.778 23.5953 23
      vertex 187.109 20.253 23
      vertex 187.371 19.75 23
    endloop
  endfacet
  facet normal 0 0 1
    outer loop
      vertex 190.915 23.972 23
      vertex 186.74 24.7395 23
      vertex 190.839 23.7866 23
    endloop
  endfacet
  facet normal 0 0 1
    outer loop
      vertex 190.839 23.7866 23
      vertex 186.74 24.7395 23
      vertex 190.778 23.5953 23
    endloop
  endfacet
  facet normal 0 0 1
    outer loop
      vertex 190.778 23.5953 23
      vertex 186.892 20.7769 23
      vertex 187.109 20.253 23
    endloop
  endfacet
  facet normal 0 0 1
    outer loop
      vertex 190.778 23.5953 23
      vertex 186.721 24.6823 23
      vertex 186.599 24.1287 23
    endloop
  endfacet
  facet normal 0 0 1
    outer loop
      vertex 190.778 23.5953 23
      vertex 186.721 21.3177 23
      vertex 186.892 20.7769 23
    endloop
  endfacet
  facet normal 0 0 1
    outer loop
      vertex 186.525 23.5665 23
      vertex 190.778 23.5953 23
      vertex 186.599 24.1287 23
    endloop
  endfacet
  facet normal 0 0 1
    outer loop
      vertex 190.778 23.5953 23
      vertex 186.599 21.8713 23
      vertex 186.721 21.3177 23
    endloop
  endfacet
  facet normal 0 0 1
    outer loop
      vertex 186.5 23 23
      vertex 190.778 23.5953 23
      vertex 186.525 23.5665 23
    endloop
  endfacet
  facet normal 0 0 1
    outer loop
      vertex 190.778 23.5953 23
      vertex 186.525 22.4335 23
      vertex 186.599 21.8713 23
    endloop
  endfacet
  facet normal 0 0 1
    outer loop
      vertex 190.778 23.5953 23
      vertex 186.5 23 23
      vertex 186.525 22.4335 23
    endloop
  endfacet
  facet normal 0 0 1
    outer loop
      vertex 187.3 31 23
      vertex 191.5 31 23
      vertex 191.475 31.5665 23
    endloop
  endfacet
  facet normal 0 0 1
    outer loop
      vertex 187.291 31.2005 23
      vertex 191.475 31.5665 23
      vertex 191.401 32.1287 23
    endloop
  endfacet
  facet normal 0 0 1
    outer loop
      vertex 191.5 31 23
      vertex 187.3 31 23
      vertex 191.475 30.4335 23
    endloop
  endfacet
  facet normal 0 0 1
    outer loop
      vertex 187.265 31.3994 23
      vertex 191.401 32.1287 23
      vertex 191.279 32.6823 23
    endloop
  endfacet
  facet normal -0 0 1
    outer loop
      vertex 187.291 30.7995 23
      vertex 191.475 30.4335 23
      vertex 187.3 31 23
    endloop
  endfacet
  facet normal 0 0 1
    outer loop
      vertex 191.475 30.4335 23
      vertex 187.291 30.7995 23
      vertex 191.401 29.8713 23
    endloop
  endfacet
  facet normal -0 0 1
    outer loop
      vertex 187.222 30.4047 23
      vertex 191.279 29.3177 23
      vertex 187.265 30.6006 23
    endloop
  endfacet
  facet normal -0 0 1
    outer loop
      vertex 187.265 30.6006 23
      vertex 191.401 29.8713 23
      vertex 187.291 30.7995 23
    endloop
  endfacet
  facet normal 0 0 1
    outer loop
      vertex 187.222 31.5953 23
      vertex 191.279 32.6823 23
      vertex 191.108 33.2231 23
    endloop
  endfacet
  facet normal 0 0 1
    outer loop
      vertex 191.401 29.8713 23
      vertex 187.265 30.6006 23
      vertex 191.279 29.3177 23
    endloop
  endfacet
  facet normal 0 0 1
    outer loop
      vertex 191.279 29.3177 23
      vertex 187.222 30.4047 23
      vertex 191.26 29.2605 23
    endloop
  endfacet
  facet normal 0 0 1
    outer loop
      vertex 187.161 31.7866 23
      vertex 191.108 33.2231 23
      vertex 190.891 33.747 23
    endloop
  endfacet
  facet normal -0 0 1
    outer loop
      vertex 187.161 30.2134 23
      vertex 191.26 29.2605 23
      vertex 187.222 30.4047 23
    endloop
  endfacet
  facet normal -0 0 1
    outer loop
      vertex 187.085 30.028 23
      vertex 191.26 29.2605 23
      vertex 187.161 30.2134 23
    endloop
  endfacet
  facet normal -0 0 1
    outer loop
      vertex 186.992 29.85 23
      vertex 191.26 29.2605 23
      vertex 187.085 30.028 23
    endloop
  endfacet
  facet normal -0 0 1
    outer loop
      vertex 186.884 29.6808 23
      vertex 191.26 29.2605 23
      vertex 186.992 29.85 23
    endloop
  endfacet
  facet normal 0 0 1
    outer loop
      vertex 190.778 23.5953 23
      vertex 187.371 19.75 23
      vertex 190.735 23.3994 23
    endloop
  endfacet
  facet normal 0 0 1
    outer loop
      vertex 187.085 31.972 23
      vertex 190.891 33.747 23
      vertex 190.629 34.25 23
    endloop
  endfacet
  facet normal 0 0 1
    outer loop
      vertex 195.3 23 23
      vertex 199.5 23 23
      vertex 199.475 23.5665 23
    endloop
  endfacet
  facet normal 0 0 1
    outer loop
      vertex 195.291 23.2005 23
      vertex 199.475 23.5665 23
      vertex 199.401 24.1287 23
    endloop
  endfacet
  facet normal 0 0 1
    outer loop
      vertex 199.5 23 23
      vertex 195.3 23 23
      vertex 199.475 22.4335 23
    endloop
  endfacet
  facet normal 0 0 1
    outer loop
      vertex 195.265 23.3994 23
      vertex 199.401 24.1287 23
      vertex 199.279 24.6823 23
    endloop
  endfacet
  facet normal -0 0 1
    outer loop
      vertex 195.291 22.7995 23
      vertex 199.475 22.4335 23
      vertex 195.3 23 23
    endloop
  endfacet
  facet normal 0 0 1
    outer loop
      vertex 195.222 23.5953 23
      vertex 199.279 24.6823 23
      vertex 199.108 25.2231 23
    endloop
  endfacet
  facet normal 0 0 1
    outer loop
      vertex 199.475 22.4335 23
      vertex 195.291 22.7995 23
      vertex 199.401 21.8713 23
    endloop
  endfacet
  facet normal 0 0 1
    outer loop
      vertex 195.161 23.7866 23
      vertex 199.108 25.2231 23
      vertex 198.891 25.747 23
    endloop
  endfacet
  facet normal -0 0 1
    outer loop
      vertex 195.265 22.6006 23
      vertex 199.401 21.8713 23
      vertex 195.291 22.7995 23
    endloop
  endfacet
  facet normal 0 0 1
    outer loop
      vertex 195.085 23.972 23
      vertex 198.891 25.747 23
      vertex 198.629 26.25 23
    endloop
  endfacet
  facet normal 0 0 1
    outer loop
      vertex 199.401 21.8713 23
      vertex 195.265 22.6006 23
      vertex 199.279 21.3177 23
    endloop
  endfacet
  facet normal 0 0 1
    outer loop
      vertex 194.992 24.15 23
      vertex 198.629 26.25 23
      vertex 198.324 26.7282 23
    endloop
  endfacet
  facet normal -0 0 1
    outer loop
      vertex 195.222 22.4047 23
      vertex 199.279 21.3177 23
      vertex 195.265 22.6006 23
    endloop
  endfacet
  facet normal 0 0 1
    outer loop
      vertex 194.884 24.3192 23
      vertex 198.324 26.7282 23
      vertex 197.979 27.1781 23
    endloop
  endfacet
  facet normal 0 0 1
    outer loop
      vertex 199.279 21.3177 23
      vertex 195.222 22.4047 23
      vertex 199.108 20.7769 23
    endloop
  endfacet
  facet normal 0 0 1
    outer loop
      vertex 194.762 24.4784 23
      vertex 197.979 27.1781 23
      vertex 197.596 27.5962 23
    endloop
  endfacet
  facet normal -0 0 1
    outer loop
      vertex 195.161 22.2134 23
      vertex 199.108 20.7769 23
      vertex 195.222 22.4047 23
    endloop
  endfacet
  facet normal 0 0 1
    outer loop
      vertex 194.626 24.6263 23
      vertex 197.596 27.5962 23
      vertex 197.178 27.9793 23
    endloop
  endfacet
  facet normal 0 0 1
    outer loop
      vertex 199.108 20.7769 23
      vertex 195.161 22.2134 23
      vertex 198.891 20.253 23
    endloop
  endfacet
  facet normal 0 0 1
    outer loop
      vertex 194.478 24.7619 23
      vertex 197.178 27.9793 23
      vertex 196.728 28.3245 23
    endloop
  endfacet
  facet normal -0 0 1
    outer loop
      vertex 195.085 22.028 23
      vertex 198.891 20.253 23
      vertex 195.161 22.2134 23
    endloop
  endfacet
  facet normal 0 0 1
    outer loop
      vertex 194.319 24.884 23
      vertex 196.728 28.3245 23
      vertex 196.25 28.6292 23
    endloop
  endfacet
  facet normal 0 0 1
    outer loop
      vertex 198.891 20.253 23
      vertex 195.085 22.028 23
      vertex 198.629 19.75 23
    endloop
  endfacet
  facet normal 0 0 1
    outer loop
      vertex 194.15 24.9919 23
      vertex 196.25 28.6292 23
      vertex 195.747 28.891 23
    endloop
  endfacet
  facet normal -0 0 1
    outer loop
      vertex 194.992 21.85 23
      vertex 198.629 19.75 23
      vertex 195.085 22.028 23
    endloop
  endfacet
  facet normal 0 0 1
    outer loop
      vertex 198.629 19.75 23
      vertex 194.992 21.85 23
      vertex 198.324 19.2718 23
    endloop
  endfacet
  facet normal 0 0 1
    outer loop
      vertex 199.475 23.5665 23
      vertex 195.291 23.2005 23
      vertex 195.3 23 23
    endloop
  endfacet
  facet normal 0 0 1
    outer loop
      vertex 199.401 24.1287 23
      vertex 195.265 23.3994 23
      vertex 195.291 23.2005 23
    endloop
  endfacet
  facet normal 0 0 1
    outer loop
      vertex 193.972 25.0845 23
      vertex 195.747 28.891 23
      vertex 195.223 29.108 23
    endloop
  endfacet
  facet normal 0 0 1
    outer loop
      vertex 199.279 24.6823 23
      vertex 195.222 23.5953 23
      vertex 195.265 23.3994 23
    endloop
  endfacet
  facet normal 0 0 1
    outer loop
      vertex 199.108 25.2231 23
      vertex 195.161 23.7866 23
      vertex 195.222 23.5953 23
    endloop
  endfacet
  facet normal 0 0 1
    outer loop
      vertex 198.891 25.747 23
      vertex 195.085 23.972 23
      vertex 195.161 23.7866 23
    endloop
  endfacet
  facet normal 0 0 1
    outer loop
      vertex 198.629 26.25 23
      vertex 194.992 24.15 23
      vertex 195.085 23.972 23
    endloop
  endfacet
  facet normal 0 0 1
    outer loop
      vertex 198.324 26.7282 23
      vertex 194.884 24.3192 23
      vertex 194.992 24.15 23
    endloop
  endfacet
  facet normal 0 0 1
    outer loop
      vertex 197.979 27.1781 23
      vertex 194.762 24.4784 23
      vertex 194.884 24.3192 23
    endloop
  endfacet
  facet normal 0 0 1
    outer loop
      vertex 193.787 25.1613 23
      vertex 195.223 29.108 23
      vertex 194.682 29.2785 23
    endloop
  endfacet
  facet normal 0 0 1
    outer loop
      vertex 197.596 27.5962 23
      vertex 194.626 24.6263 23
      vertex 194.762 24.4784 23
    endloop
  endfacet
  facet normal 0 0 1
    outer loop
      vertex 197.178 27.9793 23
      vertex 194.478 24.7619 23
      vertex 194.626 24.6263 23
    endloop
  endfacet
  facet normal 0 0 1
    outer loop
      vertex 196.728 28.3245 23
      vertex 194.319 24.884 23
      vertex 194.478 24.7619 23
    endloop
  endfacet
  facet normal 0 0 1
    outer loop
      vertex 196.25 28.6292 23
      vertex 194.15 24.9919 23
      vertex 194.319 24.884 23
    endloop
  endfacet
  facet normal 0 0 1
    outer loop
      vertex 193.595 25.2216 23
      vertex 194.682 29.2785 23
      vertex 194.129 29.4012 23
    endloop
  endfacet
  facet normal 0 0 1
    outer loop
      vertex 195.747 28.891 23
      vertex 193.972 25.0845 23
      vertex 194.15 24.9919 23
    endloop
  endfacet
  facet normal 0 0 1
    outer loop
      vertex 195.223 29.108 23
      vertex 193.787 25.1613 23
      vertex 193.972 25.0845 23
    endloop
  endfacet
  facet normal 0 0 1
    outer loop
      vertex 194.682 29.2785 23
      vertex 193.595 25.2216 23
      vertex 193.787 25.1613 23
    endloop
  endfacet
  facet normal 0 0 1
    outer loop
      vertex 193.399 25.2651 23
      vertex 194.129 29.4012 23
      vertex 193.567 29.4753 23
    endloop
  endfacet
  facet normal 0 0 1
    outer loop
      vertex 194.129 29.4012 23
      vertex 193.399 25.2651 23
      vertex 193.595 25.2216 23
    endloop
  endfacet
  facet normal 0 0 1
    outer loop
      vertex 193.567 29.4753 23
      vertex 193.2 25.2912 23
      vertex 193.399 25.2651 23
    endloop
  endfacet
  facet normal 0 0 1
    outer loop
      vertex 193 29.5 23
      vertex 193.2 25.2912 23
      vertex 193.567 29.4753 23
    endloop
  endfacet
  facet normal 0 0 1
    outer loop
      vertex 193 29.5 23
      vertex 193 25.3 23
      vertex 193.2 25.2912 23
    endloop
  endfacet
  facet normal 0 0 1
    outer loop
      vertex 193 29.5 23
      vertex 192.8 25.2912 23
      vertex 193 25.3 23
    endloop
  endfacet
  facet normal -0 0 1
    outer loop
      vertex 192.433 29.4753 23
      vertex 192.8 25.2912 23
      vertex 193 29.5 23
    endloop
  endfacet
  facet normal 0 0 1
    outer loop
      vertex 192.8 25.2912 23
      vertex 192.433 29.4753 23
      vertex 192.601 25.2651 23
    endloop
  endfacet
  facet normal -0 0 1
    outer loop
      vertex 191.871 29.4012 23
      vertex 192.601 25.2651 23
      vertex 192.433 29.4753 23
    endloop
  endfacet
  facet normal 0 0 1
    outer loop
      vertex 192.601 25.2651 23
      vertex 191.871 29.4012 23
      vertex 192.405 25.2216 23
    endloop
  endfacet
  facet normal -0 0 1
    outer loop
      vertex 191.318 29.2785 23
      vertex 192.405 25.2216 23
      vertex 191.871 29.4012 23
    endloop
  endfacet
  facet normal -0 0 1
    outer loop
      vertex 191.26 29.2605 23
      vertex 192.405 25.2216 23
      vertex 191.318 29.2785 23
    endloop
  endfacet
  facet normal 0 0 1
    outer loop
      vertex 192.405 25.2216 23
      vertex 191.26 29.2605 23
      vertex 192.213 25.1613 23
    endloop
  endfacet
  facet normal 0 0 1
    outer loop
      vertex 192.213 25.1613 23
      vertex 191.26 29.2605 23
      vertex 192.028 25.0845 23
    endloop
  endfacet
  facet normal 0 0 1
    outer loop
      vertex 192.028 25.0845 23
      vertex 191.26 29.2605 23
      vertex 191.85 24.9919 23
    endloop
  endfacet
  facet normal 0 0 1
    outer loop
      vertex 191.85 24.9919 23
      vertex 191.26 29.2605 23
      vertex 191.681 24.884 23
    endloop
  endfacet
  facet normal 0 0 1
    outer loop
      vertex 191.681 24.884 23
      vertex 191.26 29.2605 23
      vertex 191.522 24.7619 23
    endloop
  endfacet
  facet normal 0 0 1
    outer loop
      vertex 191.522 24.7619 23
      vertex 191.26 29.2605 23
      vertex 191.374 24.6263 23
    endloop
  endfacet
  facet normal -0 0 1
    outer loop
      vertex 186.762 29.5216 23
      vertex 191.26 29.2605 23
      vertex 186.884 29.6808 23
    endloop
  endfacet
  facet normal -0 0 1
    outer loop
      vertex 194.884 21.6808 23
      vertex 198.324 19.2718 23
      vertex 194.992 21.85 23
    endloop
  endfacet
  facet normal 0 0 1
    outer loop
      vertex 198.324 19.2718 23
      vertex 194.884 21.6808 23
      vertex 197.979 18.8219 23
    endloop
  endfacet
  facet normal -0 0 1
    outer loop
      vertex 194.762 21.5216 23
      vertex 197.979 18.8219 23
      vertex 194.884 21.6808 23
    endloop
  endfacet
  facet normal 0 0 1
    outer loop
      vertex 197.979 18.8219 23
      vertex 194.762 21.5216 23
      vertex 197.596 18.4038 23
    endloop
  endfacet
  facet normal -0 0 1
    outer loop
      vertex 194.626 21.3737 23
      vertex 197.596 18.4038 23
      vertex 194.762 21.5216 23
    endloop
  endfacet
  facet normal 0 0 1
    outer loop
      vertex 197.596 18.4038 23
      vertex 194.626 21.3737 23
      vertex 197.178 18.0207 23
    endloop
  endfacet
  facet normal -0 0 1
    outer loop
      vertex 194.478 21.2381 23
      vertex 197.178 18.0207 23
      vertex 194.626 21.3737 23
    endloop
  endfacet
  facet normal 0 0 1
    outer loop
      vertex 197.178 18.0207 23
      vertex 194.478 21.2381 23
      vertex 196.728 17.6755 23
    endloop
  endfacet
  facet normal -0 0 1
    outer loop
      vertex 194.319 21.1159 23
      vertex 196.728 17.6755 23
      vertex 194.478 21.2381 23
    endloop
  endfacet
  facet normal 0 0 1
    outer loop
      vertex 196.728 17.6755 23
      vertex 194.319 21.1159 23
      vertex 196.25 17.3708 23
    endloop
  endfacet
  facet normal -0 0 1
    outer loop
      vertex 194.15 21.0081 23
      vertex 196.25 17.3708 23
      vertex 194.319 21.1159 23
    endloop
  endfacet
  facet normal 0 0 1
    outer loop
      vertex 196.25 17.3708 23
      vertex 194.15 21.0081 23
      vertex 195.747 17.109 23
    endloop
  endfacet
  facet normal -0 0 1
    outer loop
      vertex 193.972 20.9155 23
      vertex 195.747 17.109 23
      vertex 194.15 21.0081 23
    endloop
  endfacet
  facet normal 0 0 1
    outer loop
      vertex 195.747 17.109 23
      vertex 193.972 20.9155 23
      vertex 195.223 16.892 23
    endloop
  endfacet
  facet normal -0 0 1
    outer loop
      vertex 193.787 20.8387 23
      vertex 195.223 16.892 23
      vertex 193.972 20.9155 23
    endloop
  endfacet
  facet normal 0 0 1
    outer loop
      vertex 195.223 16.892 23
      vertex 193.787 20.8387 23
      vertex 194.682 16.7215 23
    endloop
  endfacet
  facet normal -0 0 1
    outer loop
      vertex 193.595 20.7784 23
      vertex 194.682 16.7215 23
      vertex 193.787 20.8387 23
    endloop
  endfacet
  facet normal 0 0 1
    outer loop
      vertex 194.682 16.7215 23
      vertex 193.595 20.7784 23
      vertex 194.129 16.5987 23
    endloop
  endfacet
  facet normal -0 0 1
    outer loop
      vertex 193.399 20.7349 23
      vertex 194.129 16.5987 23
      vertex 193.595 20.7784 23
    endloop
  endfacet
  facet normal 0 0 1
    outer loop
      vertex 194.129 16.5987 23
      vertex 193.399 20.7349 23
      vertex 193.567 16.5247 23
    endloop
  endfacet
  facet normal -0 0 1
    outer loop
      vertex 193.2 20.7088 23
      vertex 193.567 16.5247 23
      vertex 193.399 20.7349 23
    endloop
  endfacet
  facet normal -0 0 1
    outer loop
      vertex 193 20.7 23
      vertex 193.567 16.5247 23
      vertex 193.2 20.7088 23
    endloop
  endfacet
  facet normal 0 0 1
    outer loop
      vertex 193 20.7 23
      vertex 193 16.5 23
      vertex 193.567 16.5247 23
    endloop
  endfacet
  facet normal 0 0 1
    outer loop
      vertex 192.8 20.7088 23
      vertex 193 16.5 23
      vertex 193 20.7 23
    endloop
  endfacet
  facet normal 0 0 1
    outer loop
      vertex 192.433 16.5247 23
      vertex 192.8 20.7088 23
      vertex 192.601 20.7349 23
    endloop
  endfacet
  facet normal 0 0 1
    outer loop
      vertex 192.8 20.7088 23
      vertex 192.433 16.5247 23
      vertex 193 16.5 23
    endloop
  endfacet
  facet normal 0 0 1
    outer loop
      vertex 191.871 16.5987 23
      vertex 192.601 20.7349 23
      vertex 192.405 20.7784 23
    endloop
  endfacet
  facet normal 0 0 1
    outer loop
      vertex 191.318 16.7215 23
      vertex 192.405 20.7784 23
      vertex 192.213 20.8387 23
    endloop
  endfacet
  facet normal 0 0 1
    outer loop
      vertex 190.777 16.892 23
      vertex 192.213 20.8387 23
      vertex 192.028 20.9155 23
    endloop
  endfacet
  facet normal 0 0 1
    outer loop
      vertex 192.601 20.7349 23
      vertex 191.871 16.5987 23
      vertex 192.433 16.5247 23
    endloop
  endfacet
  facet normal 0 0 1
    outer loop
      vertex 190.253 17.109 23
      vertex 192.028 20.9155 23
      vertex 191.85 21.0081 23
    endloop
  endfacet
  facet normal 0 0 1
    outer loop
      vertex 189.75 17.3708 23
      vertex 191.85 21.0081 23
      vertex 191.681 21.1159 23
    endloop
  endfacet
  facet normal 0 0 1
    outer loop
      vertex 189.272 17.6755 23
      vertex 191.681 21.1159 23
      vertex 191.522 21.2381 23
    endloop
  endfacet
  facet normal 0 0 1
    outer loop
      vertex 188.822 18.0207 23
      vertex 191.522 21.2381 23
      vertex 191.374 21.3737 23
    endloop
  endfacet
  facet normal 0 0 1
    outer loop
      vertex 192.405 20.7784 23
      vertex 191.318 16.7215 23
      vertex 191.871 16.5987 23
    endloop
  endfacet
  facet normal 0 0 1
    outer loop
      vertex 188.404 18.4038 23
      vertex 191.374 21.3737 23
      vertex 191.238 21.5216 23
    endloop
  endfacet
  facet normal 0 0 1
    outer loop
      vertex 188.021 18.8219 23
      vertex 191.238 21.5216 23
      vertex 191.116 21.6808 23
    endloop
  endfacet
  facet normal 0 0 1
    outer loop
      vertex 187.676 19.2718 23
      vertex 191.116 21.6808 23
      vertex 191.008 21.85 23
    endloop
  endfacet
  facet normal 0 0 1
    outer loop
      vertex 187.371 19.75 23
      vertex 191.008 21.85 23
      vertex 190.915 22.028 23
    endloop
  endfacet
  facet normal 0 0 1
    outer loop
      vertex 187.371 19.75 23
      vertex 190.915 22.028 23
      vertex 190.839 22.2134 23
    endloop
  endfacet
  facet normal 0 0 1
    outer loop
      vertex 187.371 19.75 23
      vertex 190.839 22.2134 23
      vertex 190.778 22.4047 23
    endloop
  endfacet
  facet normal 0 0 1
    outer loop
      vertex 192.213 20.8387 23
      vertex 190.777 16.892 23
      vertex 191.318 16.7215 23
    endloop
  endfacet
  facet normal 0 0 1
    outer loop
      vertex 187.371 19.75 23
      vertex 190.778 22.4047 23
      vertex 190.735 22.6006 23
    endloop
  endfacet
  facet normal 0 0 1
    outer loop
      vertex 187.371 19.75 23
      vertex 190.735 22.6006 23
      vertex 190.709 22.7995 23
    endloop
  endfacet
  facet normal 0 0 1
    outer loop
      vertex 187.371 19.75 23
      vertex 190.709 22.7995 23
      vertex 190.7 23 23
    endloop
  endfacet
  facet normal 0 0 1
    outer loop
      vertex 186.992 32.15 23
      vertex 190.629 34.25 23
      vertex 190.324 34.7282 23
    endloop
  endfacet
  facet normal 0 0 1
    outer loop
      vertex 190.735 23.3994 23
      vertex 187.371 19.75 23
      vertex 190.709 23.2005 23
    endloop
  endfacet
  facet normal 0 0 1
    outer loop
      vertex 190.709 23.2005 23
      vertex 187.371 19.75 23
      vertex 190.7 23 23
    endloop
  endfacet
  facet normal 0 0 1
    outer loop
      vertex 186.884 32.3192 23
      vertex 190.324 34.7282 23
      vertex 189.979 35.1781 23
    endloop
  endfacet
  facet normal 0 0 1
    outer loop
      vertex 191.008 21.85 23
      vertex 187.371 19.75 23
      vertex 187.676 19.2718 23
    endloop
  endfacet
  facet normal 0 0 1
    outer loop
      vertex 186.762 32.4784 23
      vertex 189.979 35.1781 23
      vertex 189.596 35.5962 23
    endloop
  endfacet
  facet normal 0 0 1
    outer loop
      vertex 192.028 20.9155 23
      vertex 190.253 17.109 23
      vertex 190.777 16.892 23
    endloop
  endfacet
  facet normal 0 0 1
    outer loop
      vertex 186.626 32.6263 23
      vertex 189.596 35.5962 23
      vertex 189.178 35.9793 23
    endloop
  endfacet
  facet normal 0 0 1
    outer loop
      vertex 191.85 21.0081 23
      vertex 189.75 17.3708 23
      vertex 190.253 17.109 23
    endloop
  endfacet
  facet normal 0 0 1
    outer loop
      vertex 186.478 32.7619 23
      vertex 189.178 35.9793 23
      vertex 188.728 36.3245 23
    endloop
  endfacet
  facet normal 0 0 1
    outer loop
      vertex 191.681 21.1159 23
      vertex 189.272 17.6755 23
      vertex 189.75 17.3708 23
    endloop
  endfacet
  facet normal 0 0 1
    outer loop
      vertex 186.319 32.884 23
      vertex 188.728 36.3245 23
      vertex 188.25 36.6292 23
    endloop
  endfacet
  facet normal 0 0 1
    outer loop
      vertex 191.522 21.2381 23
      vertex 188.822 18.0207 23
      vertex 189.272 17.6755 23
    endloop
  endfacet
  facet normal 0 0 1
    outer loop
      vertex 186.15 32.9919 23
      vertex 188.25 36.6292 23
      vertex 187.747 36.891 23
    endloop
  endfacet
  facet normal 0 0 1
    outer loop
      vertex 191.374 21.3737 23
      vertex 188.404 18.4038 23
      vertex 188.822 18.0207 23
    endloop
  endfacet
  facet normal 0 0 1
    outer loop
      vertex 191.238 21.5216 23
      vertex 188.021 18.8219 23
      vertex 188.404 18.4038 23
    endloop
  endfacet
  facet normal 0 0 1
    outer loop
      vertex 191.116 21.6808 23
      vertex 187.676 19.2718 23
      vertex 188.021 18.8219 23
    endloop
  endfacet
  facet normal 0 0 1
    outer loop
      vertex 191.475 31.5665 23
      vertex 187.291 31.2005 23
      vertex 187.3 31 23
    endloop
  endfacet
  facet normal 0 0 1
    outer loop
      vertex 191.401 32.1287 23
      vertex 187.265 31.3994 23
      vertex 187.291 31.2005 23
    endloop
  endfacet
  facet normal 0 0 1
    outer loop
      vertex 185.972 33.0845 23
      vertex 187.747 36.891 23
      vertex 187.223 37.108 23
    endloop
  endfacet
  facet normal 0 0 1
    outer loop
      vertex 191.279 32.6823 23
      vertex 187.222 31.5953 23
      vertex 187.265 31.3994 23
    endloop
  endfacet
  facet normal 0 0 1
    outer loop
      vertex 191.108 33.2231 23
      vertex 187.161 31.7866 23
      vertex 187.222 31.5953 23
    endloop
  endfacet
  facet normal 0 0 1
    outer loop
      vertex 190.891 33.747 23
      vertex 187.085 31.972 23
      vertex 187.161 31.7866 23
    endloop
  endfacet
  facet normal 0 0 1
    outer loop
      vertex 190.629 34.25 23
      vertex 186.992 32.15 23
      vertex 187.085 31.972 23
    endloop
  endfacet
  facet normal 0 0 1
    outer loop
      vertex 190.324 34.7282 23
      vertex 186.884 32.3192 23
      vertex 186.992 32.15 23
    endloop
  endfacet
  facet normal 0 0 1
    outer loop
      vertex 189.979 35.1781 23
      vertex 186.762 32.4784 23
      vertex 186.884 32.3192 23
    endloop
  endfacet
  facet normal 0 0 1
    outer loop
      vertex 185.787 33.1613 23
      vertex 187.223 37.108 23
      vertex 186.682 37.2785 23
    endloop
  endfacet
  facet normal 0 0 1
    outer loop
      vertex 189.596 35.5962 23
      vertex 186.626 32.6263 23
      vertex 186.762 32.4784 23
    endloop
  endfacet
  facet normal 0 0 1
    outer loop
      vertex 189.178 35.9793 23
      vertex 186.478 32.7619 23
      vertex 186.626 32.6263 23
    endloop
  endfacet
  facet normal 0 0 1
    outer loop
      vertex 188.728 36.3245 23
      vertex 186.319 32.884 23
      vertex 186.478 32.7619 23
    endloop
  endfacet
  facet normal 0 0 1
    outer loop
      vertex 188.25 36.6292 23
      vertex 186.15 32.9919 23
      vertex 186.319 32.884 23
    endloop
  endfacet
  facet normal 0 0 1
    outer loop
      vertex 185.595 33.2216 23
      vertex 186.682 37.2785 23
      vertex 186.129 37.4012 23
    endloop
  endfacet
  facet normal 0 0 1
    outer loop
      vertex 187.747 36.891 23
      vertex 185.972 33.0845 23
      vertex 186.15 32.9919 23
    endloop
  endfacet
  facet normal 0 0 1
    outer loop
      vertex 187.223 37.108 23
      vertex 185.787 33.1613 23
      vertex 185.972 33.0845 23
    endloop
  endfacet
  facet normal 0 0 1
    outer loop
      vertex 186.682 37.2785 23
      vertex 185.595 33.2216 23
      vertex 185.787 33.1613 23
    endloop
  endfacet
  facet normal 0 0 1
    outer loop
      vertex 185.399 33.2651 23
      vertex 186.129 37.4012 23
      vertex 185.567 37.4753 23
    endloop
  endfacet
  facet normal 0 0 1
    outer loop
      vertex 186.129 37.4012 23
      vertex 185.399 33.2651 23
      vertex 185.595 33.2216 23
    endloop
  endfacet
  facet normal 0 0 1
    outer loop
      vertex 185.567 37.4753 23
      vertex 185.2 33.2912 23
      vertex 185.399 33.2651 23
    endloop
  endfacet
  facet normal 0 0 1
    outer loop
      vertex 185 37.5 23
      vertex 185.2 33.2912 23
      vertex 185.567 37.4753 23
    endloop
  endfacet
  facet normal 0 0 1
    outer loop
      vertex 185 37.5 23
      vertex 185 33.3 23
      vertex 185.2 33.2912 23
    endloop
  endfacet
  facet normal 0 0 1
    outer loop
      vertex 185 37.5 23
      vertex 184.8 33.2912 23
      vertex 185 33.3 23
    endloop
  endfacet
  facet normal -0 0 1
    outer loop
      vertex 184.433 37.4753 23
      vertex 184.8 33.2912 23
      vertex 185 37.5 23
    endloop
  endfacet
  facet normal 0 0 1
    outer loop
      vertex 184.8 33.2912 23
      vertex 184.433 37.4753 23
      vertex 184.601 33.2651 23
    endloop
  endfacet
  facet normal -0 0 1
    outer loop
      vertex 183.871 37.4012 23
      vertex 184.601 33.2651 23
      vertex 184.433 37.4753 23
    endloop
  endfacet
  facet normal 0 0 1
    outer loop
      vertex 184.601 33.2651 23
      vertex 183.871 37.4012 23
      vertex 184.405 33.2216 23
    endloop
  endfacet
  facet normal -0 0 1
    outer loop
      vertex 183.318 37.2785 23
      vertex 184.405 33.2216 23
      vertex 183.871 37.4012 23
    endloop
  endfacet
  facet normal 0 0 1
    outer loop
      vertex 184.405 33.2216 23
      vertex 183.318 37.2785 23
      vertex 184.213 33.1613 23
    endloop
  endfacet
  facet normal -0 0 1
    outer loop
      vertex 182.777 37.108 23
      vertex 184.213 33.1613 23
      vertex 183.318 37.2785 23
    endloop
  endfacet
  facet normal 0 0 1
    outer loop
      vertex 184.213 33.1613 23
      vertex 182.777 37.108 23
      vertex 184.028 33.0845 23
    endloop
  endfacet
  facet normal -0 0 1
    outer loop
      vertex 182.253 36.891 23
      vertex 184.028 33.0845 23
      vertex 182.777 37.108 23
    endloop
  endfacet
  facet normal 0 0 1
    outer loop
      vertex 184.028 33.0845 23
      vertex 182.253 36.891 23
      vertex 183.85 32.9919 23
    endloop
  endfacet
  facet normal -0 0 1
    outer loop
      vertex 181.75 36.6292 23
      vertex 183.85 32.9919 23
      vertex 182.253 36.891 23
    endloop
  endfacet
  facet normal 0 0 1
    outer loop
      vertex 183.85 32.9919 23
      vertex 181.75 36.6292 23
      vertex 183.681 32.884 23
    endloop
  endfacet
  facet normal -0 0 1
    outer loop
      vertex 181.272 36.3245 23
      vertex 183.681 32.884 23
      vertex 181.75 36.6292 23
    endloop
  endfacet
  facet normal 0 0 1
    outer loop
      vertex 183.681 32.884 23
      vertex 181.272 36.3245 23
      vertex 183.522 32.7619 23
    endloop
  endfacet
  facet normal -0 0 1
    outer loop
      vertex 180.822 35.9793 23
      vertex 183.522 32.7619 23
      vertex 181.272 36.3245 23
    endloop
  endfacet
  facet normal 0 0 1
    outer loop
      vertex 183.522 32.7619 23
      vertex 180.822 35.9793 23
      vertex 183.374 32.6263 23
    endloop
  endfacet
  facet normal -0 0 1
    outer loop
      vertex 180.404 35.5962 23
      vertex 183.374 32.6263 23
      vertex 180.822 35.9793 23
    endloop
  endfacet
  facet normal 0 0 1
    outer loop
      vertex 183.374 32.6263 23
      vertex 180.404 35.5962 23
      vertex 183.238 32.4784 23
    endloop
  endfacet
  facet normal -0 0 1
    outer loop
      vertex 180.021 35.1781 23
      vertex 183.238 32.4784 23
      vertex 180.404 35.5962 23
    endloop
  endfacet
  facet normal 0 0 1
    outer loop
      vertex 183.238 32.4784 23
      vertex 180.021 35.1781 23
      vertex 183.116 32.3192 23
    endloop
  endfacet
  facet normal -0 0 1
    outer loop
      vertex 179.676 34.7282 23
      vertex 183.116 32.3192 23
      vertex 180.021 35.1781 23
    endloop
  endfacet
  facet normal 0 0 1
    outer loop
      vertex 183.116 32.3192 23
      vertex 179.676 34.7282 23
      vertex 183.008 32.15 23
    endloop
  endfacet
  facet normal 0.886899 0.461963 2.43286e-18
    outer loop
      vertex 190.891 33.747 23
      vertex 190.629 34.25 19
      vertex 190.629 34.25 23
    endloop
  endfacet
  facet normal 0.886899 0.461963 2.43286e-18
    outer loop
      vertex 190.629 34.25 19
      vertex 190.891 33.747 23
      vertex 190.891 33.747 19
    endloop
  endfacet
  facet normal -0.382611 -0.923909 0
    outer loop
      vertex 182.253 25.109 19
      vertex 182.777 24.892 23
      vertex 182.253 25.109 23
    endloop
  endfacet
  facet normal -0.382611 -0.923909 -0
    outer loop
      vertex 182.777 24.892 23
      vertex 182.253 25.109 19
      vertex 182.777 24.892 19
    endloop
  endfacet
  facet normal -0.382611 0.923909 0
    outer loop
      vertex 182.777 37.108 19
      vertex 182.253 36.891 23
      vertex 182.777 37.108 23
    endloop
  endfacet
  facet normal -0.382611 0.923909 0
    outer loop
      vertex 182.253 36.891 23
      vertex 182.777 37.108 19
      vertex 182.253 36.891 19
    endloop
  endfacet
  facet normal -0.461686 -0.887043 0
    outer loop
      vertex 181.75 25.3708 19
      vertex 182.253 25.109 23
      vertex 181.75 25.3708 23
    endloop
  endfacet
  facet normal -0.461686 -0.887043 -0
    outer loop
      vertex 182.253 25.109 23
      vertex 181.75 25.3708 19
      vertex 182.253 25.109 19
    endloop
  endfacet
  facet normal -0.793541 0.608517 5.04362e-18
    outer loop
      vertex 179.676 34.7282 19
      vertex 180.021 35.1781 23
      vertex 180.021 35.1781 19
    endloop
  endfacet
  facet normal -0.793541 0.608517 5.04362e-18
    outer loop
      vertex 180.021 35.1781 23
      vertex 179.676 34.7282 19
      vertex 179.676 34.7282 23
    endloop
  endfacet
  facet normal -0.608654 -0.793436 0
    outer loop
      vertex 180.822 26.0207 19
      vertex 181.272 25.6755 23
      vertex 180.822 26.0207 23
    endloop
  endfacet
  facet normal -0.608654 -0.793436 -0
    outer loop
      vertex 181.272 25.6755 23
      vertex 180.822 26.0207 19
      vertex 181.272 25.6755 19
    endloop
  endfacet
  facet normal -0.537526 -0.843247 0
    outer loop
      vertex 181.272 25.6755 19
      vertex 181.75 25.3708 23
      vertex 181.272 25.6755 23
    endloop
  endfacet
  facet normal -0.537526 -0.843247 -0
    outer loop
      vertex 181.75 25.3708 23
      vertex 181.272 25.6755 19
      vertex 181.75 25.3708 19
    endloop
  endfacet
  facet normal -0.999028 0.0440877 -2.23933e-19
    outer loop
      vertex 178.5 31 19
      vertex 178.525 31.5665 23
      vertex 178.525 31.5665 19
    endloop
  endfacet
  facet normal -0.999028 0.0440877 -2.23933e-19
    outer loop
      vertex 178.525 31.5665 23
      vertex 178.5 31 19
      vertex 178.5 31 23
    endloop
  endfacet
  facet normal -0.999028 -0.0440877 2.23933e-19
    outer loop
      vertex 178.525 30.4335 19
      vertex 178.5 31 23
      vertex 178.5 31 19
    endloop
  endfacet
  facet normal -0.999028 -0.0440877 2.23933e-19
    outer loop
      vertex 178.5 31 23
      vertex 178.525 30.4335 19
      vertex 178.525 30.4335 23
    endloop
  endfacet
  facet normal -0.216781 -0.97622 0
    outer loop
      vertex 183.318 24.7215 19
      vertex 183.871 24.5987 23
      vertex 183.318 24.7215 23
    endloop
  endfacet
  facet normal -0.216781 -0.97622 -0
    outer loop
      vertex 183.871 24.5987 23
      vertex 183.318 24.7215 19
      vertex 183.871 24.5987 19
    endloop
  endfacet
  facet normal -0.953471 0.301486 -1.95036e-19
    outer loop
      vertex 178.721 32.6823 19
      vertex 178.892 33.2231 23
      vertex 178.892 33.2231 19
    endloop
  endfacet
  facet normal -0.953471 0.301486 -1.95036e-19
    outer loop
      vertex 178.892 33.2231 23
      vertex 178.721 32.6823 19
      vertex 178.721 32.6823 23
    endloop
  endfacet
  facet normal -0.923884 0.382674 1.76159e-18
    outer loop
      vertex 178.892 33.2231 19
      vertex 179.109 33.747 23
      vertex 179.109 33.747 19
    endloop
  endfacet
  facet normal -0.923884 0.382674 1.76159e-18
    outer loop
      vertex 179.109 33.747 23
      vertex 178.892 33.2231 19
      vertex 178.892 33.2231 23
    endloop
  endfacet
  facet normal 0.991425 0.130673 -5.85013e-19
    outer loop
      vertex 29.4753 23.5665 23
      vertex 29.4012 24.1287 19
      vertex 29.4012 24.1287 23
    endloop
  endfacet
  facet normal 0.991425 0.130673 -5.85013e-19
    outer loop
      vertex 29.4012 24.1287 19
      vertex 29.4753 23.5665 23
      vertex 29.4753 23.5665 19
    endloop
  endfacet
  facet normal 0.999051 0.0435597 3.08844e-19
    outer loop
      vertex 29.5 23 23
      vertex 29.4753 23.5665 19
      vertex 29.4753 23.5665 23
    endloop
  endfacet
  facet normal 0.999051 0.0435597 3.08844e-19
    outer loop
      vertex 29.4753 23.5665 19
      vertex 29.5 23 23
      vertex 29.5 23 19
    endloop
  endfacet
  facet normal 0.976307 0.216389 -6.33278e-20
    outer loop
      vertex 29.4012 24.1287 23
      vertex 29.2785 24.6823 19
      vertex 29.2785 24.6823 23
    endloop
  endfacet
  facet normal 0.976307 0.216389 -6.33278e-20
    outer loop
      vertex 29.2785 24.6823 19
      vertex 29.4012 24.1287 23
      vertex 29.4012 24.1287 19
    endloop
  endfacet
  facet normal -0.887043 -0.461686 -1.08091e-18
    outer loop
      vertex 17.3708 19.75 19
      vertex 17.109 20.253 23
      vertex 17.109 20.253 19
    endloop
  endfacet
  facet normal -0.887043 -0.461686 -1.08091e-18
    outer loop
      vertex 17.109 20.253 23
      vertex 17.3708 19.75 19
      vertex 17.3708 19.75 23
    endloop
  endfacet
  facet normal 0.300173 0.953885 -0
    outer loop
      vertex 24.7395 29.2605 19
      vertex 24.6823 29.2785 23
      vertex 24.7395 29.2605 23
    endloop
  endfacet
  facet normal 0.300173 0.953885 0
    outer loop
      vertex 24.6823 29.2785 23
      vertex 24.7395 29.2605 19
      vertex 24.6823 29.2785 19
    endloop
  endfacet
  facet normal -0.843349 -0.537366 -8.42088e-20
    outer loop
      vertex 17.6755 19.2718 19
      vertex 17.3708 19.75 23
      vertex 17.3708 19.75 19
    endloop
  endfacet
  facet normal -0.843349 -0.537366 -8.42088e-20
    outer loop
      vertex 17.3708 19.75 23
      vertex 17.6755 19.2718 19
      vertex 17.6755 19.2718 23
    endloop
  endfacet
  facet normal -0.216389 0.976307 0
    outer loop
      vertex 21.8713 29.4012 19
      vertex 21.3177 29.2785 23
      vertex 21.8713 29.4012 23
    endloop
  endfacet
  facet normal -0.216389 0.976307 0
    outer loop
      vertex 21.3177 29.2785 23
      vertex 21.8713 29.4012 19
      vertex 21.3177 29.2785 19
    endloop
  endfacet
  facet normal 0.0435597 -0.999051 0
    outer loop
      vertex 23 16.5 19
      vertex 23.5665 16.5247 23
      vertex 23 16.5 23
    endloop
  endfacet
  facet normal 0.0435597 -0.999051 0
    outer loop
      vertex 23.5665 16.5247 23
      vertex 23 16.5 19
      vertex 23.5665 16.5247 19
    endloop
  endfacet
  facet normal 0.216557 -0.97627 0
    outer loop
      vertex 24.1287 16.5987 19
      vertex 24.6823 16.7215 23
      vertex 24.1287 16.5987 23
    endloop
  endfacet
  facet normal 0.216557 -0.97627 0
    outer loop
      vertex 24.6823 16.7215 23
      vertex 24.1287 16.5987 19
      vertex 24.6823 16.7215 19
    endloop
  endfacet
  facet normal 0.537366 -0.843349 0
    outer loop
      vertex 26.25 17.3708 19
      vertex 26.7282 17.6755 23
      vertex 26.25 17.3708 23
    endloop
  endfacet
  facet normal 0.537366 -0.843349 0
    outer loop
      vertex 26.7282 17.6755 23
      vertex 26.25 17.3708 19
      vertex 26.7282 17.6755 19
    endloop
  endfacet
  facet normal 0.793371 -0.608739 -2.22388e-18
    outer loop
      vertex 27.9793 18.8219 23
      vertex 28.3245 19.2718 19
      vertex 28.3245 19.2718 23
    endloop
  endfacet
  facet normal 0.793371 -0.608739 -2.22388e-18
    outer loop
      vertex 28.3245 19.2718 19
      vertex 27.9793 18.8219 23
      vertex 27.9793 18.8219 19
    endloop
  endfacet
  facet normal 0.216389 0.976307 -0
    outer loop
      vertex 24.6823 29.2785 19
      vertex 24.1287 29.4012 23
      vertex 24.6823 29.2785 23
    endloop
  endfacet
  facet normal 0.216389 0.976307 0
    outer loop
      vertex 24.1287 29.4012 23
      vertex 24.6823 29.2785 19
      vertex 24.1287 29.4012 19
    endloop
  endfacet
  facet normal 0.991425 -0.130673 5.85013e-19
    outer loop
      vertex 29.4012 21.8713 23
      vertex 29.4753 22.4335 19
      vertex 29.4753 22.4335 23
    endloop
  endfacet
  facet normal 0.991425 -0.130673 5.85013e-19
    outer loop
      vertex 29.4753 22.4335 19
      vertex 29.4012 21.8713 23
      vertex 29.4012 21.8713 19
    endloop
  endfacet
  facet normal -0.537366 0.843349 0
    outer loop
      vertex 19.75 28.6292 19
      vertex 19.2718 28.3245 23
      vertex 19.75 28.6292 23
    endloop
  endfacet
  facet normal -0.537366 0.843349 0
    outer loop
      vertex 19.2718 28.3245 23
      vertex 19.75 28.6292 19
      vertex 19.2718 28.3245 19
    endloop
  endfacet
  facet normal -0.793371 -0.608739 2.22388e-18
    outer loop
      vertex 18.0207 18.8219 19
      vertex 17.6755 19.2718 23
      vertex 17.6755 19.2718 19
    endloop
  endfacet
  facet normal -0.793371 -0.608739 2.22388e-18
    outer loop
      vertex 17.6755 19.2718 23
      vertex 18.0207 18.8219 19
      vertex 18.0207 18.8219 23
    endloop
  endfacet
  facet normal -0.1305 -0.991448 0
    outer loop
      vertex 21.8713 16.5987 19
      vertex 22.4335 16.5247 23
      vertex 21.8713 16.5987 23
    endloop
  endfacet
  facet normal -0.1305 -0.991448 -0
    outer loop
      vertex 22.4335 16.5247 23
      vertex 21.8713 16.5987 19
      vertex 22.4335 16.5247 19
    endloop
  endfacet
  facet normal -0.843349 0.537366 1.68418e-19
    outer loop
      vertex 17.3708 26.25 21
      vertex 17.6755 26.7282 23
      vertex 17.6755 26.7282 21
    endloop
  endfacet
  facet normal -0.843349 0.537366 1.68418e-19
    outer loop
      vertex 17.6755 26.7282 23
      vertex 17.3708 26.25 21
      vertex 17.3708 26.25 23
    endloop
  endfacet
  facet normal -0.953724 -0.300684 -6.09463e-19
    outer loop
      vertex 16.892 20.7769 19
      vertex 16.7215 21.3177 23
      vertex 16.7215 21.3177 19
    endloop
  endfacet
  facet normal -0.953724 -0.300684 -6.09463e-19
    outer loop
      vertex 16.7215 21.3177 23
      vertex 16.892 20.7769 19
      vertex 16.892 20.7769 23
    endloop
  endfacet
  facet normal 0.923884 -0.382674 2.96567e-18
    outer loop
      vertex 28.891 20.253 23
      vertex 29.108 20.7769 19
      vertex 29.108 20.7769 23
    endloop
  endfacet
  facet normal 0.923884 -0.382674 2.96567e-18
    outer loop
      vertex 29.108 20.7769 19
      vertex 28.891 20.253 23
      vertex 28.891 20.253 19
    endloop
  endfacet
  facet normal 0.976307 -0.216389 6.33278e-20
    outer loop
      vertex 29.2785 21.3177 23
      vertex 29.4012 21.8713 19
      vertex 29.4012 21.8713 23
    endloop
  endfacet
  facet normal 0.976307 -0.216389 6.33278e-20
    outer loop
      vertex 29.4012 21.8713 19
      vertex 29.2785 21.3177 23
      vertex 29.2785 21.3177 19
    endloop
  endfacet
  facet normal -0.793606 0.608432 0
    outer loop
      vertex 18 27.1511 21
      vertex 18.0207 27.1781 19
      vertex 18 27.1511 19
    endloop
  endfacet
  facet normal -0.793606 0.608432 0
    outer loop
      vertex 18.0207 27.1781 19
      vertex 18 27.1511 21
      vertex 18.0207 27.1781 23
    endloop
  endfacet
  facet normal -0.793356 0.608758 0
    outer loop
      vertex 17.6755 26.7282 23
      vertex 18 27.1511 21
      vertex 17.6755 26.7282 21
    endloop
  endfacet
  facet normal -0.793371 0.608739 -6.58644e-06
    outer loop
      vertex 18 27.1511 21
      vertex 17.6755 26.7282 23
      vertex 18.0207 27.1781 23
    endloop
  endfacet
  facet normal -0.675573 0.737293 0
    outer loop
      vertex 18.8219 27.9793 19
      vertex 18.4038 27.5962 23
      vertex 18.8219 27.9793 23
    endloop
  endfacet
  facet normal -0.675573 0.737293 0
    outer loop
      vertex 18.4038 27.5962 23
      vertex 18.8219 27.9793 19
      vertex 18.4038 27.5962 19
    endloop
  endfacet
  facet normal 0.300684 -0.953724 0
    outer loop
      vertex 24.6823 16.7215 19
      vertex 25.2231 16.892 23
      vertex 24.6823 16.7215 23
    endloop
  endfacet
  facet normal 0.300684 -0.953724 0
    outer loop
      vertex 25.2231 16.892 23
      vertex 24.6823 16.7215 19
      vertex 25.2231 16.892 19
    endloop
  endfacet
  facet normal -0.976281 0.216508 0
    outer loop
      vertex 16.6855 24.5201 19
      vertex 16.5987 24.1287 19
      vertex 16.6855 24.5201 21
    endloop
  endfacet
  facet normal -0.976244 0.216676 -1.01449e-18
    outer loop
      vertex 16.6855 24.5201 21
      vertex 16.7215 24.6823 23
      vertex 16.7215 24.6823 21
    endloop
  endfacet
  facet normal -0.976281 0.216508 0
    outer loop
      vertex 16.5987 24.1287 23
      vertex 16.6855 24.5201 21
      vertex 16.5987 24.1287 19
    endloop
  endfacet
  facet normal -0.97627 0.216557 1.00872e-05
    outer loop
      vertex 16.6855 24.5201 21
      vertex 16.5987 24.1287 23
      vertex 16.7215 24.6823 23
    endloop
  endfacet
  facet normal -0.300684 0.953724 0
    outer loop
      vertex 21.3177 29.2785 19
      vertex 20.7769 29.108 23
      vertex 21.3177 29.2785 23
    endloop
  endfacet
  facet normal -0.300684 0.953724 0
    outer loop
      vertex 20.7769 29.108 23
      vertex 21.3177 29.2785 19
      vertex 20.7769 29.108 19
    endloop
  endfacet
  facet normal -0.923884 -0.382674 -2.96567e-18
    outer loop
      vertex 17.109 20.253 19
      vertex 16.892 20.7769 23
      vertex 16.892 20.7769 19
    endloop
  endfacet
  facet normal -0.923884 -0.382674 -2.96567e-18
    outer loop
      vertex 16.892 20.7769 23
      vertex 17.109 20.253 19
      vertex 17.109 20.253 23
    endloop
  endfacet
  facet normal 0.999051 -0.0435597 -3.08844e-19
    outer loop
      vertex 29.4753 22.4335 23
      vertex 29.5 23 19
      vertex 29.5 23 23
    endloop
  endfacet
  facet normal 0.999051 -0.0435597 -3.08844e-19
    outer loop
      vertex 29.5 23 19
      vertex 29.4753 22.4335 23
      vertex 29.4753 22.4335 19
    endloop
  endfacet
  facet normal 0.130673 0.991425 -0
    outer loop
      vertex 24.1287 29.4012 19
      vertex 23.5665 29.4753 23
      vertex 24.1287 29.4012 23
    endloop
  endfacet
  facet normal 0.130673 0.991425 0
    outer loop
      vertex 23.5665 29.4753 23
      vertex 24.1287 29.4012 19
      vertex 23.5665 29.4753 19
    endloop
  endfacet
  facet normal 0.1305 -0.991448 0
    outer loop
      vertex 23.5665 16.5247 19
      vertex 24.1287 16.5987 23
      vertex 23.5665 16.5247 23
    endloop
  endfacet
  facet normal 0.1305 -0.991448 0
    outer loop
      vertex 24.1287 16.5987 23
      vertex 23.5665 16.5247 19
      vertex 24.1287 16.5987 19
    endloop
  endfacet
  facet normal 0.953885 0.300173 -2.02177e-19
    outer loop
      vertex 29.2785 24.6823 23
      vertex 29.2605 24.7395 19
      vertex 29.2605 24.7395 23
    endloop
  endfacet
  facet normal 0.953885 0.300173 -2.02177e-19
    outer loop
      vertex 29.2605 24.7395 19
      vertex 29.2785 24.6823 23
      vertex 29.2785 24.6823 19
    endloop
  endfacet
  facet normal 0.843349 -0.537366 8.42088e-20
    outer loop
      vertex 28.3245 19.2718 23
      vertex 28.6292 19.75 19
      vertex 28.6292 19.75 23
    endloop
  endfacet
  facet normal 0.843349 -0.537366 8.42088e-20
    outer loop
      vertex 28.6292 19.75 19
      vertex 28.3245 19.2718 23
      vertex 28.3245 19.2718 19
    endloop
  endfacet
  facet normal -0.887043 0.461686 2.16182e-18
    outer loop
      vertex 17.109 25.747 21
      vertex 17.3708 26.25 23
      vertex 17.3708 26.25 21
    endloop
  endfacet
  facet normal -0.887043 0.461686 2.16182e-18
    outer loop
      vertex 17.3708 26.25 23
      vertex 17.109 25.747 21
      vertex 17.109 25.747 23
    endloop
  endfacet
  facet normal 0.953724 -0.300684 6.09463e-19
    outer loop
      vertex 29.108 20.7769 23
      vertex 29.2785 21.3177 19
      vertex 29.2785 21.3177 23
    endloop
  endfacet
  facet normal 0.953724 -0.300684 6.09463e-19
    outer loop
      vertex 29.2785 21.3177 19
      vertex 29.108 20.7769 23
      vertex 29.108 20.7769 19
    endloop
  endfacet
  facet normal -0.130673 0.991425 0
    outer loop
      vertex 22.4335 29.4753 19
      vertex 21.8713 29.4012 23
      vertex 22.4335 29.4753 23
    endloop
  endfacet
  facet normal -0.130673 0.991425 0
    outer loop
      vertex 21.8713 29.4012 23
      vertex 22.4335 29.4753 19
      vertex 21.8713 29.4012 19
    endloop
  endfacet
  facet normal -0.953724 0.300684 1.21893e-18
    outer loop
      vertex 16.7215 24.6823 21
      vertex 16.892 25.2231 23
      vertex 16.892 25.2231 21
    endloop
  endfacet
  facet normal -0.953724 0.300684 1.21893e-18
    outer loop
      vertex 16.892 25.2231 23
      vertex 16.7215 24.6823 21
      vertex 16.7215 24.6823 23
    endloop
  endfacet
  facet normal 0.675573 -0.737293 0
    outer loop
      vertex 27.1781 18.0207 19
      vertex 27.5962 18.4038 23
      vertex 27.1781 18.0207 23
    endloop
  endfacet
  facet normal 0.675573 -0.737293 0
    outer loop
      vertex 27.5962 18.4038 23
      vertex 27.1781 18.0207 19
      vertex 27.5962 18.4038 19
    endloop
  endfacet
  facet normal -0.300684 -0.953724 0
    outer loop
      vertex 20.7769 16.892 19
      vertex 21.3177 16.7215 23
      vertex 20.7769 16.892 23
    endloop
  endfacet
  facet normal -0.300684 -0.953724 -0
    outer loop
      vertex 21.3177 16.7215 23
      vertex 20.7769 16.892 19
      vertex 21.3177 16.7215 19
    endloop
  endfacet
  facet normal 0.0435597 0.999051 -0
    outer loop
      vertex 23.5665 29.4753 19
      vertex 23 29.5 23
      vertex 23.5665 29.4753 23
    endloop
  endfacet
  facet normal 0.0435597 0.999051 0
    outer loop
      vertex 23 29.5 23
      vertex 23.5665 29.4753 19
      vertex 23 29.5 19
    endloop
  endfacet
  facet normal -0.737293 0.675573 6.08305e-18
    outer loop
      vertex 18.0207 27.1781 19
      vertex 18.4038 27.5962 23
      vertex 18.4038 27.5962 19
    endloop
  endfacet
  facet normal -0.737293 0.675573 6.08305e-18
    outer loop
      vertex 18.4038 27.5962 23
      vertex 18.0207 27.1781 19
      vertex 18.0207 27.1781 23
    endloop
  endfacet
  facet normal -0.0435597 -0.999051 0
    outer loop
      vertex 22.4335 16.5247 19
      vertex 23 16.5 23
      vertex 22.4335 16.5247 23
    endloop
  endfacet
  facet normal -0.0435597 -0.999051 -0
    outer loop
      vertex 23 16.5 23
      vertex 22.4335 16.5247 19
      vertex 23 16.5 19
    endloop
  endfacet
  facet normal -0.675573 -0.737293 0
    outer loop
      vertex 18.4038 18.4038 19
      vertex 18.8219 18.0207 23
      vertex 18.4038 18.4038 23
    endloop
  endfacet
  facet normal -0.675573 -0.737293 -0
    outer loop
      vertex 18.8219 18.0207 23
      vertex 18.4038 18.4038 19
      vertex 18.8219 18.0207 19
    endloop
  endfacet
  facet normal -0.97627 -0.216557 -2.60283e-18
    outer loop
      vertex 16.7215 21.3177 19
      vertex 16.5987 21.8713 23
      vertex 16.5987 21.8713 19
    endloop
  endfacet
  facet normal -0.97627 -0.216557 -2.60283e-18
    outer loop
      vertex 16.5987 21.8713 23
      vertex 16.7215 21.3177 19
      vertex 16.7215 21.3177 23
    endloop
  endfacet
  facet normal -0.461686 0.887043 0
    outer loop
      vertex 20.253 28.891 19
      vertex 19.75 28.6292 23
      vertex 20.253 28.891 23
    endloop
  endfacet
  facet normal -0.461686 0.887043 0
    outer loop
      vertex 19.75 28.6292 23
      vertex 20.253 28.891 19
      vertex 19.75 28.6292 19
    endloop
  endfacet
  facet normal -0.0435597 0.999051 0
    outer loop
      vertex 23 29.5 19
      vertex 22.4335 29.4753 23
      vertex 23 29.5 23
    endloop
  endfacet
  facet normal -0.0435597 0.999051 0
    outer loop
      vertex 22.4335 29.4753 23
      vertex 23 29.5 19
      vertex 22.4335 29.4753 19
    endloop
  endfacet
  facet normal -0.737293 -0.675573 -6.08305e-18
    outer loop
      vertex 18.4038 18.4038 19
      vertex 18.0207 18.8219 23
      vertex 18.0207 18.8219 19
    endloop
  endfacet
  facet normal -0.737293 -0.675573 -6.08305e-18
    outer loop
      vertex 18.0207 18.8219 23
      vertex 18.4038 18.4038 19
      vertex 18.4038 18.4038 23
    endloop
  endfacet
  facet normal -0.608739 0.793371 0
    outer loop
      vertex 19.2718 28.3245 19
      vertex 18.8219 27.9793 23
      vertex 19.2718 28.3245 23
    endloop
  endfacet
  facet normal -0.608739 0.793371 0
    outer loop
      vertex 18.8219 27.9793 23
      vertex 19.2718 28.3245 19
      vertex 18.8219 27.9793 19
    endloop
  endfacet
  facet normal -0.991448 -0.1305 -1.52336e-18
    outer loop
      vertex 16.5987 21.8713 19
      vertex 16.5247 22.4335 23
      vertex 16.5247 22.4335 19
    endloop
  endfacet
  facet normal -0.991448 -0.1305 -1.52336e-18
    outer loop
      vertex 16.5247 22.4335 23
      vertex 16.5987 21.8713 19
      vertex 16.5987 21.8713 23
    endloop
  endfacet
  facet normal -0.991448 0.1305 1.52336e-18
    outer loop
      vertex 16.5247 23.5665 19
      vertex 16.5987 24.1287 23
      vertex 16.5987 24.1287 19
    endloop
  endfacet
  facet normal -0.991448 0.1305 1.52336e-18
    outer loop
      vertex 16.5987 24.1287 23
      vertex 16.5247 23.5665 19
      vertex 16.5247 23.5665 23
    endloop
  endfacet
  facet normal 0.608739 -0.793371 0
    outer loop
      vertex 26.7282 17.6755 19
      vertex 27.1781 18.0207 23
      vertex 26.7282 17.6755 23
    endloop
  endfacet
  facet normal 0.608739 -0.793371 0
    outer loop
      vertex 27.1781 18.0207 23
      vertex 26.7282 17.6755 19
      vertex 27.1781 18.0207 19
    endloop
  endfacet
  facet normal -0.382674 -0.923884 0
    outer loop
      vertex 20.253 17.109 19
      vertex 20.7769 16.892 23
      vertex 20.253 17.109 23
    endloop
  endfacet
  facet normal -0.382674 -0.923884 -0
    outer loop
      vertex 20.7769 16.892 23
      vertex 20.253 17.109 19
      vertex 20.7769 16.892 19
    endloop
  endfacet
  facet normal -0.382674 0.923884 0
    outer loop
      vertex 20.7769 29.108 19
      vertex 20.253 28.891 23
      vertex 20.7769 29.108 23
    endloop
  endfacet
  facet normal -0.382674 0.923884 0
    outer loop
      vertex 20.253 28.891 23
      vertex 20.7769 29.108 19
      vertex 20.253 28.891 19
    endloop
  endfacet
  facet normal 0.887043 -0.461686 1.08091e-18
    outer loop
      vertex 28.6292 19.75 23
      vertex 28.891 20.253 19
      vertex 28.891 20.253 23
    endloop
  endfacet
  facet normal 0.887043 -0.461686 1.08091e-18
    outer loop
      vertex 28.891 20.253 19
      vertex 28.6292 19.75 23
      vertex 28.6292 19.75 19
    endloop
  endfacet
  facet normal -0.461686 -0.887043 0
    outer loop
      vertex 19.75 17.3708 19
      vertex 20.253 17.109 23
      vertex 19.75 17.3708 23
    endloop
  endfacet
  facet normal -0.461686 -0.887043 -0
    outer loop
      vertex 20.253 17.109 23
      vertex 19.75 17.3708 19
      vertex 20.253 17.109 19
    endloop
  endfacet
  facet normal -0.608739 -0.793371 0
    outer loop
      vertex 18.8219 18.0207 19
      vertex 19.2718 17.6755 23
      vertex 18.8219 18.0207 23
    endloop
  endfacet
  facet normal -0.608739 -0.793371 -0
    outer loop
      vertex 19.2718 17.6755 23
      vertex 18.8219 18.0207 19
      vertex 19.2718 17.6755 19
    endloop
  endfacet
  facet normal -0.537366 -0.843349 0
    outer loop
      vertex 19.2718 17.6755 19
      vertex 19.75 17.3708 23
      vertex 19.2718 17.6755 23
    endloop
  endfacet
  facet normal -0.537366 -0.843349 -0
    outer loop
      vertex 19.75 17.3708 23
      vertex 19.2718 17.6755 19
      vertex 19.75 17.3708 19
    endloop
  endfacet
  facet normal -0.999051 0.0435597 -3.08844e-19
    outer loop
      vertex 16.5 23 19
      vertex 16.5247 23.5665 23
      vertex 16.5247 23.5665 19
    endloop
  endfacet
  facet normal -0.999051 0.0435597 -3.08844e-19
    outer loop
      vertex 16.5247 23.5665 23
      vertex 16.5 23 19
      vertex 16.5 23 23
    endloop
  endfacet
  facet normal -0.999051 -0.0435597 3.08844e-19
    outer loop
      vertex 16.5247 22.4335 19
      vertex 16.5 23 23
      vertex 16.5 23 19
    endloop
  endfacet
  facet normal -0.999051 -0.0435597 3.08844e-19
    outer loop
      vertex 16.5 23 23
      vertex 16.5247 22.4335 19
      vertex 16.5247 22.4335 23
    endloop
  endfacet
  facet normal -0.216557 -0.97627 0
    outer loop
      vertex 21.3177 16.7215 19
      vertex 21.8713 16.5987 23
      vertex 21.3177 16.7215 23
    endloop
  endfacet
  facet normal -0.216557 -0.97627 -0
    outer loop
      vertex 21.8713 16.5987 23
      vertex 21.3177 16.7215 19
      vertex 21.8713 16.5987 19
    endloop
  endfacet
  facet normal 0.737293 -0.675573 6.08305e-18
    outer loop
      vertex 27.5962 18.4038 23
      vertex 27.9793 18.8219 19
      vertex 27.9793 18.8219 23
    endloop
  endfacet
  facet normal 0.737293 -0.675573 6.08305e-18
    outer loop
      vertex 27.9793 18.8219 19
      vertex 27.5962 18.4038 23
      vertex 27.5962 18.4038 19
    endloop
  endfacet
  facet normal 0.461686 -0.887043 0
    outer loop
      vertex 25.747 17.109 19
      vertex 26.25 17.3708 23
      vertex 25.747 17.109 23
    endloop
  endfacet
  facet normal 0.461686 -0.887043 0
    outer loop
      vertex 26.25 17.3708 23
      vertex 25.747 17.109 19
      vertex 26.25 17.3708 19
    endloop
  endfacet
  facet normal 0.382674 -0.923884 0
    outer loop
      vertex 25.2231 16.892 19
      vertex 25.747 17.109 23
      vertex 25.2231 16.892 23
    endloop
  endfacet
  facet normal 0.382674 -0.923884 0
    outer loop
      vertex 25.747 17.109 23
      vertex 25.2231 16.892 19
      vertex 25.747 17.109 19
    endloop
  endfacet
  facet normal -0.923884 0.382674 5.93134e-18
    outer loop
      vertex 16.892 25.2231 21
      vertex 17.109 25.747 23
      vertex 17.109 25.747 21
    endloop
  endfacet
  facet normal -0.923884 0.382674 5.93134e-18
    outer loop
      vertex 17.109 25.747 23
      vertex 16.892 25.2231 21
      vertex 16.892 25.2231 23
    endloop
  endfacet
  facet normal 0.991448 0.1305 -8.13623e-19
    outer loop
      vertex 199.475 23.5665 23
      vertex 199.401 24.1287 19
      vertex 199.401 24.1287 23
    endloop
  endfacet
  facet normal 0.991448 0.1305 -8.13623e-19
    outer loop
      vertex 199.401 24.1287 19
      vertex 199.475 23.5665 23
      vertex 199.475 23.5665 19
    endloop
  endfacet
  facet normal 0.999028 0.0440877 2.23933e-19
    outer loop
      vertex 199.5 23 23
      vertex 199.475 23.5665 19
      vertex 199.475 23.5665 23
    endloop
  endfacet
  facet normal 0.999028 0.0440877 2.23933e-19
    outer loop
      vertex 199.475 23.5665 19
      vertex 199.5 23 23
      vertex 199.5 23 19
    endloop
  endfacet
  facet normal 0.977502 0.210928 0
    outer loop
      vertex 199.279 24.6823 23
      vertex 199.314 24.5201 21
      vertex 199.279 24.6823 21
    endloop
  endfacet
  facet normal 0.976567 0.215212 -0.000363743
    outer loop
      vertex 199.401 24.1287 23
      vertex 199.314 24.5201 21
      vertex 199.279 24.6823 23
    endloop
  endfacet
  facet normal 0.976175 0.216983 -0
    outer loop
      vertex 199.401 24.1287 19
      vertex 199.314 24.5201 21
      vertex 199.401 24.1287 23
    endloop
  endfacet
  facet normal 0.976175 0.216983 0
    outer loop
      vertex 199.314 24.5201 21
      vertex 199.401 24.1287 19
      vertex 199.314 24.5201 19
    endloop
  endfacet
  facet normal -0.886899 -0.461963 2.43286e-18
    outer loop
      vertex 187.371 19.75 19
      vertex 187.109 20.253 23
      vertex 187.109 20.253 19
    endloop
  endfacet
  facet normal -0.886899 -0.461963 2.43286e-18
    outer loop
      vertex 187.109 20.253 23
      vertex 187.371 19.75 19
      vertex 187.371 19.75 23
    endloop
  endfacet
  facet normal 0.300583 0.953756 -0
    outer loop
      vertex 195.223 29.108 19
      vertex 194.682 29.2785 23
      vertex 195.223 29.108 23
    endloop
  endfacet
  facet normal 0.300583 0.953756 0
    outer loop
      vertex 194.682 29.2785 23
      vertex 195.223 29.108 19
      vertex 194.682 29.2785 19
    endloop
  endfacet
  facet normal -0.843109 -0.537742 -3.49439e-18
    outer loop
      vertex 187.676 19.2718 19
      vertex 187.371 19.75 23
      vertex 187.371 19.75 19
    endloop
  endfacet
  facet normal -0.843109 -0.537742 -3.49439e-18
    outer loop
      vertex 187.371 19.75 23
      vertex 187.676 19.2718 19
      vertex 187.676 19.2718 23
    endloop
  endfacet
  facet normal 0.923884 0.382674 1.95879e-18
    outer loop
      vertex 199.108 25.2231 23
      vertex 198.891 25.747 21
      vertex 198.891 25.747 23
    endloop
  endfacet
  facet normal 0.923884 0.382674 1.95879e-18
    outer loop
      vertex 198.891 25.747 21
      vertex 199.108 25.2231 23
      vertex 199.108 25.2231 21
    endloop
  endfacet
  facet normal -0.216613 0.976258 0
    outer loop
      vertex 191.871 29.4012 19
      vertex 191.318 29.2785 23
      vertex 191.871 29.4012 23
    endloop
  endfacet
  facet normal -0.216613 0.976258 0
    outer loop
      vertex 191.318 29.2785 23
      vertex 191.871 29.4012 19
      vertex 191.318 29.2785 19
    endloop
  endfacet
  facet normal 0.0435213 -0.999052 0
    outer loop
      vertex 193 16.5 19
      vertex 193.567 16.5247 23
      vertex 193 16.5 23
    endloop
  endfacet
  facet normal 0.0435213 -0.999052 0
    outer loop
      vertex 193.567 16.5247 23
      vertex 193 16.5 19
      vertex 193.567 16.5247 19
    endloop
  endfacet
  facet normal 0.216781 -0.97622 0
    outer loop
      vertex 194.129 16.5987 19
      vertex 194.682 16.7215 23
      vertex 194.129 16.5987 23
    endloop
  endfacet
  facet normal 0.216781 -0.97622 0
    outer loop
      vertex 194.682 16.7215 23
      vertex 194.129 16.5987 19
      vertex 194.682 16.7215 19
    endloop
  endfacet
  facet normal 0.537526 -0.843247 0
    outer loop
      vertex 196.25 17.3708 19
      vertex 196.728 17.6755 23
      vertex 196.25 17.3708 23
    endloop
  endfacet
  facet normal 0.537526 -0.843247 0
    outer loop
      vertex 196.728 17.6755 23
      vertex 196.25 17.3708 19
      vertex 196.728 17.6755 19
    endloop
  endfacet
  facet normal 0.793541 -0.608517 5.04362e-18
    outer loop
      vertex 197.979 18.8219 23
      vertex 198.324 19.2718 19
      vertex 198.324 19.2718 23
    endloop
  endfacet
  facet normal 0.793541 -0.608517 5.04362e-18
    outer loop
      vertex 198.324 19.2718 19
      vertex 197.979 18.8219 23
      vertex 197.979 18.8219 19
    endloop
  endfacet
  facet normal 0.382611 0.923909 -0
    outer loop
      vertex 195.747 28.891 19
      vertex 195.223 29.108 23
      vertex 195.747 28.891 23
    endloop
  endfacet
  facet normal 0.382611 0.923909 0
    outer loop
      vertex 195.223 29.108 23
      vertex 195.747 28.891 19
      vertex 195.223 29.108 19
    endloop
  endfacet
  facet normal 0.216613 0.976258 -0
    outer loop
      vertex 194.682 29.2785 19
      vertex 194.129 29.4012 23
      vertex 194.682 29.2785 23
    endloop
  endfacet
  facet normal 0.216613 0.976258 0
    outer loop
      vertex 194.129 29.4012 23
      vertex 194.682 29.2785 19
      vertex 194.129 29.4012 19
    endloop
  endfacet
  facet normal 0.991448 -0.1305 8.13623e-19
    outer loop
      vertex 199.401 21.8713 23
      vertex 199.475 22.4335 19
      vertex 199.475 22.4335 23
    endloop
  endfacet
  facet normal 0.991448 -0.1305 8.13623e-19
    outer loop
      vertex 199.475 22.4335 19
      vertex 199.401 21.8713 23
      vertex 199.401 21.8713 19
    endloop
  endfacet
  facet normal -0.793541 -0.608517 -5.04362e-18
    outer loop
      vertex 188.021 18.8219 19
      vertex 187.676 19.2718 23
      vertex 187.676 19.2718 19
    endloop
  endfacet
  facet normal -0.793541 -0.608517 -5.04362e-18
    outer loop
      vertex 187.676 19.2718 23
      vertex 188.021 18.8219 19
      vertex 188.021 18.8219 23
    endloop
  endfacet
  facet normal -0.130546 -0.991442 0
    outer loop
      vertex 191.871 16.5987 19
      vertex 192.433 16.5247 23
      vertex 191.871 16.5987 23
    endloop
  endfacet
  facet normal -0.130546 -0.991442 -0
    outer loop
      vertex 192.433 16.5247 23
      vertex 191.871 16.5987 19
      vertex 192.433 16.5247 19
    endloop
  endfacet
  facet normal -0.953471 -0.301486 -2.54533e-18
    outer loop
      vertex 186.892 20.7769 19
      vertex 186.721 21.3177 23
      vertex 186.721 21.3177 19
    endloop
  endfacet
  facet normal -0.953471 -0.301486 -2.54533e-18
    outer loop
      vertex 186.721 21.3177 23
      vertex 186.892 20.7769 19
      vertex 186.892 20.7769 23
    endloop
  endfacet
  facet normal 0.923884 -0.382674 -9.79394e-19
    outer loop
      vertex 198.891 20.253 23
      vertex 199.108 20.7769 19
      vertex 199.108 20.7769 23
    endloop
  endfacet
  facet normal 0.923884 -0.382674 -9.79394e-19
    outer loop
      vertex 199.108 20.7769 19
      vertex 198.891 20.253 23
      vertex 198.891 20.253 19
    endloop
  endfacet
  facet normal 0.976567 -0.215212 -5.3192e-20
    outer loop
      vertex 199.279 21.3177 23
      vertex 199.401 21.8713 19
      vertex 199.401 21.8713 23
    endloop
  endfacet
  facet normal 0.976567 -0.215212 -5.3192e-20
    outer loop
      vertex 199.401 21.8713 19
      vertex 199.279 21.3177 23
      vertex 199.279 21.3177 19
    endloop
  endfacet
  facet normal 0.300583 -0.953756 0
    outer loop
      vertex 194.682 16.7215 19
      vertex 195.223 16.892 23
      vertex 194.682 16.7215 23
    endloop
  endfacet
  facet normal 0.300583 -0.953756 0
    outer loop
      vertex 195.223 16.892 23
      vertex 194.682 16.7215 19
      vertex 195.223 16.892 19
    endloop
  endfacet
  facet normal -0.976567 0.215212 -5.3192e-20
    outer loop
      vertex 186.599 24.1287 19
      vertex 186.721 24.6823 23
      vertex 186.721 24.6823 19
    endloop
  endfacet
  facet normal -0.976567 0.215212 -5.3192e-20
    outer loop
      vertex 186.721 24.6823 23
      vertex 186.599 24.1287 19
      vertex 186.599 24.1287 23
    endloop
  endfacet
  facet normal -0.296399 0.955064 0
    outer loop
      vertex 191.318 29.2785 19
      vertex 191.26 29.2605 23
      vertex 191.318 29.2785 23
    endloop
  endfacet
  facet normal -0.296399 0.955064 0
    outer loop
      vertex 191.26 29.2605 23
      vertex 191.318 29.2785 19
      vertex 191.26 29.2605 19
    endloop
  endfacet
  facet normal 0.789352 0.613941 0
    outer loop
      vertex 197.979 27.1781 23
      vertex 198 27.1511 21
      vertex 197.979 27.1781 19
    endloop
  endfacet
  facet normal 0.793541 0.608517 0.000117206
    outer loop
      vertex 198.324 26.7282 23
      vertex 198 27.1511 21
      vertex 197.979 27.1781 23
    endloop
  endfacet
  facet normal 0.793809 0.608167 3.40135e-18
    outer loop
      vertex 198 27.1511 21
      vertex 198.324 26.7282 23
      vertex 198.324 26.7282 21
    endloop
  endfacet
  facet normal 0.789352 0.613941 -4.76823e-19
    outer loop
      vertex 197.979 27.1781 19
      vertex 198 27.1511 21
      vertex 198 27.1511 19
    endloop
  endfacet
  facet normal -0.923884 -0.382674 9.79394e-19
    outer loop
      vertex 187.109 20.253 19
      vertex 186.892 20.7769 23
      vertex 186.892 20.7769 19
    endloop
  endfacet
  facet normal -0.923884 -0.382674 9.79394e-19
    outer loop
      vertex 186.892 20.7769 23
      vertex 187.109 20.253 19
      vertex 187.109 20.253 23
    endloop
  endfacet
  facet normal 0.999028 -0.0440877 -2.23933e-19
    outer loop
      vertex 199.475 22.4335 23
      vertex 199.5 23 19
      vertex 199.5 23 23
    endloop
  endfacet
  facet normal 0.999028 -0.0440877 -2.23933e-19
    outer loop
      vertex 199.5 23 19
      vertex 199.475 22.4335 23
      vertex 199.475 22.4335 19
    endloop
  endfacet
  facet normal 0.130719 0.991419 -0
    outer loop
      vertex 194.129 29.4012 19
      vertex 193.567 29.4753 23
      vertex 194.129 29.4012 23
    endloop
  endfacet
  facet normal 0.130719 0.991419 0
    outer loop
      vertex 193.567 29.4753 23
      vertex 194.129 29.4012 19
      vertex 193.567 29.4753 19
    endloop
  endfacet
  facet normal 0.608654 0.793436 -0
    outer loop
      vertex 197.178 27.9793 19
      vertex 196.728 28.3245 23
      vertex 197.178 27.9793 23
    endloop
  endfacet
  facet normal 0.608654 0.793436 0
    outer loop
      vertex 196.728 28.3245 23
      vertex 197.178 27.9793 19
      vertex 196.728 28.3245 19
    endloop
  endfacet
  facet normal 0.537526 0.843247 -0
    outer loop
      vertex 196.728 28.3245 19
      vertex 196.25 28.6292 23
      vertex 196.728 28.3245 23
    endloop
  endfacet
  facet normal 0.537526 0.843247 0
    outer loop
      vertex 196.25 28.6292 23
      vertex 196.728 28.3245 19
      vertex 196.25 28.6292 19
    endloop
  endfacet
  facet normal 0.130546 -0.991442 0
    outer loop
      vertex 193.567 16.5247 19
      vertex 194.129 16.5987 23
      vertex 193.567 16.5247 23
    endloop
  endfacet
  facet normal 0.130546 -0.991442 0
    outer loop
      vertex 194.129 16.5987 23
      vertex 193.567 16.5247 19
      vertex 194.129 16.5987 19
    endloop
  endfacet
  facet normal 0.953471 0.301486 -5.09066e-18
    outer loop
      vertex 199.279 24.6823 23
      vertex 199.108 25.2231 21
      vertex 199.108 25.2231 23
    endloop
  endfacet
  facet normal 0.953471 0.301486 -5.09066e-18
    outer loop
      vertex 199.108 25.2231 21
      vertex 199.279 24.6823 23
      vertex 199.279 24.6823 21
    endloop
  endfacet
  facet normal 0.843109 -0.537742 3.49439e-18
    outer loop
      vertex 198.324 19.2718 23
      vertex 198.629 19.75 19
      vertex 198.629 19.75 23
    endloop
  endfacet
  facet normal 0.843109 -0.537742 3.49439e-18
    outer loop
      vertex 198.629 19.75 19
      vertex 198.324 19.2718 23
      vertex 198.324 19.2718 19
    endloop
  endfacet
  facet normal 0.953471 -0.301486 2.54533e-18
    outer loop
      vertex 199.108 20.7769 23
      vertex 199.279 21.3177 19
      vertex 199.279 21.3177 23
    endloop
  endfacet
  facet normal 0.953471 -0.301486 2.54533e-18
    outer loop
      vertex 199.279 21.3177 19
      vertex 199.108 20.7769 23
      vertex 199.108 20.7769 19
    endloop
  endfacet
  facet normal 0.461686 0.887043 -0
    outer loop
      vertex 196.25 28.6292 19
      vertex 195.747 28.891 23
      vertex 196.25 28.6292 23
    endloop
  endfacet
  facet normal 0.461686 0.887043 0
    outer loop
      vertex 195.747 28.891 23
      vertex 196.25 28.6292 19
      vertex 195.747 28.891 19
    endloop
  endfacet
  facet normal -0.130719 0.991419 0
    outer loop
      vertex 192.433 29.4753 19
      vertex 191.871 29.4012 23
      vertex 192.433 29.4753 23
    endloop
  endfacet
  facet normal -0.130719 0.991419 0
    outer loop
      vertex 191.871 29.4012 23
      vertex 192.433 29.4753 19
      vertex 191.871 29.4012 19
    endloop
  endfacet
  facet normal -0.949015 0.315232 -1.89656e-19
    outer loop
      vertex 186.721 24.6823 19
      vertex 186.74 24.7395 23
      vertex 186.74 24.7395 19
    endloop
  endfacet
  facet normal -0.949015 0.315232 -1.89656e-19
    outer loop
      vertex 186.74 24.7395 23
      vertex 186.721 24.6823 19
      vertex 186.721 24.6823 23
    endloop
  endfacet
  facet normal 0.675661 -0.737213 0
    outer loop
      vertex 197.178 18.0207 19
      vertex 197.596 18.4038 23
      vertex 197.178 18.0207 23
    endloop
  endfacet
  facet normal 0.675661 -0.737213 0
    outer loop
      vertex 197.596 18.4038 23
      vertex 197.178 18.0207 19
      vertex 197.596 18.4038 19
    endloop
  endfacet
  facet normal -0.300583 -0.953756 0
    outer loop
      vertex 190.777 16.892 19
      vertex 191.318 16.7215 23
      vertex 190.777 16.892 23
    endloop
  endfacet
  facet normal -0.300583 -0.953756 -0
    outer loop
      vertex 191.318 16.7215 23
      vertex 190.777 16.892 19
      vertex 191.318 16.7215 19
    endloop
  endfacet
  facet normal 0.843109 0.537742 -6.98878e-18
    outer loop
      vertex 198.629 26.25 23
      vertex 198.324 26.7282 21
      vertex 198.324 26.7282 23
    endloop
  endfacet
  facet normal 0.843109 0.537742 -6.98878e-18
    outer loop
      vertex 198.324 26.7282 21
      vertex 198.629 26.25 23
      vertex 198.629 26.25 21
    endloop
  endfacet
  facet normal 0.0435213 0.999052 -0
    outer loop
      vertex 193.567 29.4753 19
      vertex 193 29.5 23
      vertex 193.567 29.4753 23
    endloop
  endfacet
  facet normal 0.0435213 0.999052 0
    outer loop
      vertex 193 29.5 23
      vertex 193.567 29.4753 19
      vertex 193 29.5 19
    endloop
  endfacet
  facet normal 0.675661 0.737213 -0
    outer loop
      vertex 197.596 27.5962 19
      vertex 197.178 27.9793 23
      vertex 197.596 27.5962 23
    endloop
  endfacet
  facet normal 0.675661 0.737213 0
    outer loop
      vertex 197.178 27.9793 23
      vertex 197.596 27.5962 19
      vertex 197.178 27.9793 19
    endloop
  endfacet
  facet normal -0.675661 -0.737213 0
    outer loop
      vertex 188.404 18.4038 19
      vertex 188.822 18.0207 23
      vertex 188.404 18.4038 23
    endloop
  endfacet
  facet normal -0.675661 -0.737213 -0
    outer loop
      vertex 188.822 18.0207 23
      vertex 188.404 18.4038 19
      vertex 188.822 18.0207 19
    endloop
  endfacet
  facet normal 0.737381 0.675477 3.9377e-18
    outer loop
      vertex 197.979 27.1781 23
      vertex 197.596 27.5962 19
      vertex 197.596 27.5962 23
    endloop
  endfacet
  facet normal 0.737381 0.675477 3.9377e-18
    outer loop
      vertex 197.596 27.5962 19
      vertex 197.979 27.1781 23
      vertex 197.979 27.1781 19
    endloop
  endfacet
  facet normal -0.976567 -0.215212 5.3192e-20
    outer loop
      vertex 186.721 21.3177 19
      vertex 186.599 21.8713 23
      vertex 186.599 21.8713 19
    endloop
  endfacet
  facet normal -0.976567 -0.215212 5.3192e-20
    outer loop
      vertex 186.599 21.8713 23
      vertex 186.721 21.3177 19
      vertex 186.721 21.3177 23
    endloop
  endfacet
  facet normal -0.0435213 0.999052 0
    outer loop
      vertex 193 29.5 19
      vertex 192.433 29.4753 23
      vertex 193 29.5 23
    endloop
  endfacet
  facet normal -0.0435213 0.999052 0
    outer loop
      vertex 192.433 29.4753 23
      vertex 193 29.5 19
      vertex 192.433 29.4753 19
    endloop
  endfacet
  facet normal -0.737381 -0.675477 3.9377e-18
    outer loop
      vertex 188.404 18.4038 19
      vertex 188.021 18.8219 23
      vertex 188.021 18.8219 19
    endloop
  endfacet
  facet normal -0.737381 -0.675477 3.9377e-18
    outer loop
      vertex 188.021 18.8219 23
      vertex 188.404 18.4038 19
      vertex 188.404 18.4038 23
    endloop
  endfacet
  facet normal -0.991448 -0.1305 -8.13623e-19
    outer loop
      vertex 186.599 21.8713 19
      vertex 186.525 22.4335 23
      vertex 186.525 22.4335 19
    endloop
  endfacet
  facet normal -0.991448 -0.1305 -8.13623e-19
    outer loop
      vertex 186.525 22.4335 23
      vertex 186.599 21.8713 19
      vertex 186.599 21.8713 23
    endloop
  endfacet
  facet normal -0.991448 0.1305 8.13623e-19
    outer loop
      vertex 186.525 23.5665 19
      vertex 186.599 24.1287 23
      vertex 186.599 24.1287 19
    endloop
  endfacet
  facet normal -0.991448 0.1305 8.13623e-19
    outer loop
      vertex 186.599 24.1287 23
      vertex 186.525 23.5665 19
      vertex 186.525 23.5665 23
    endloop
  endfacet
  facet normal 0.886899 0.461963 4.86573e-18
    outer loop
      vertex 198.891 25.747 23
      vertex 198.629 26.25 21
      vertex 198.629 26.25 23
    endloop
  endfacet
  facet normal 0.886899 0.461963 4.86573e-18
    outer loop
      vertex 198.629 26.25 21
      vertex 198.891 25.747 23
      vertex 198.891 25.747 21
    endloop
  endfacet
  facet normal 0.608654 -0.793436 0
    outer loop
      vertex 196.728 17.6755 19
      vertex 197.178 18.0207 23
      vertex 196.728 17.6755 23
    endloop
  endfacet
  facet normal 0.608654 -0.793436 0
    outer loop
      vertex 197.178 18.0207 23
      vertex 196.728 17.6755 19
      vertex 197.178 18.0207 19
    endloop
  endfacet
  facet normal -0.382611 -0.923909 0
    outer loop
      vertex 190.253 17.109 19
      vertex 190.777 16.892 23
      vertex 190.253 17.109 23
    endloop
  endfacet
  facet normal -0.382611 -0.923909 -0
    outer loop
      vertex 190.777 16.892 23
      vertex 190.253 17.109 19
      vertex 190.777 16.892 19
    endloop
  endfacet
  facet normal 0.886899 -0.461963 -2.43286e-18
    outer loop
      vertex 198.629 19.75 23
      vertex 198.891 20.253 19
      vertex 198.891 20.253 23
    endloop
  endfacet
  facet normal 0.886899 -0.461963 -2.43286e-18
    outer loop
      vertex 198.891 20.253 19
      vertex 198.629 19.75 23
      vertex 198.629 19.75 19
    endloop
  endfacet
  facet normal -0.461686 -0.887043 0
    outer loop
      vertex 189.75 17.3708 19
      vertex 190.253 17.109 23
      vertex 189.75 17.3708 23
    endloop
  endfacet
  facet normal -0.461686 -0.887043 -0
    outer loop
      vertex 190.253 17.109 23
      vertex 189.75 17.3708 19
      vertex 190.253 17.109 19
    endloop
  endfacet
  facet normal -0.0435213 -0.999052 0
    outer loop
      vertex 192.433 16.5247 19
      vertex 193 16.5 23
      vertex 192.433 16.5247 23
    endloop
  endfacet
  facet normal -0.0435213 -0.999052 -0
    outer loop
      vertex 193 16.5 23
      vertex 192.433 16.5247 19
      vertex 193 16.5 19
    endloop
  endfacet
  facet normal -0.608654 -0.793436 0
    outer loop
      vertex 188.822 18.0207 19
      vertex 189.272 17.6755 23
      vertex 188.822 18.0207 23
    endloop
  endfacet
  facet normal -0.608654 -0.793436 -0
    outer loop
      vertex 189.272 17.6755 23
      vertex 188.822 18.0207 19
      vertex 189.272 17.6755 19
    endloop
  endfacet
  facet normal -0.537526 -0.843247 0
    outer loop
      vertex 189.272 17.6755 19
      vertex 189.75 17.3708 23
      vertex 189.272 17.6755 23
    endloop
  endfacet
  facet normal -0.537526 -0.843247 -0
    outer loop
      vertex 189.75 17.3708 23
      vertex 189.272 17.6755 19
      vertex 189.75 17.3708 19
    endloop
  endfacet
  facet normal -0.999028 0.0440877 -2.23933e-19
    outer loop
      vertex 186.5 23 19
      vertex 186.525 23.5665 23
      vertex 186.525 23.5665 19
    endloop
  endfacet
  facet normal -0.999028 0.0440877 -2.23933e-19
    outer loop
      vertex 186.525 23.5665 23
      vertex 186.5 23 19
      vertex 186.5 23 23
    endloop
  endfacet
  facet normal -0.999028 -0.0440877 2.23933e-19
    outer loop
      vertex 186.525 22.4335 19
      vertex 186.5 23 23
      vertex 186.5 23 19
    endloop
  endfacet
  facet normal -0.999028 -0.0440877 2.23933e-19
    outer loop
      vertex 186.5 23 23
      vertex 186.525 22.4335 19
      vertex 186.525 22.4335 23
    endloop
  endfacet
  facet normal -0.216781 -0.97622 0
    outer loop
      vertex 191.318 16.7215 19
      vertex 191.871 16.5987 23
      vertex 191.318 16.7215 23
    endloop
  endfacet
  facet normal -0.216781 -0.97622 -0
    outer loop
      vertex 191.871 16.5987 23
      vertex 191.318 16.7215 19
      vertex 191.871 16.5987 19
    endloop
  endfacet
  facet normal 0.737381 -0.675477 -3.9377e-18
    outer loop
      vertex 197.596 18.4038 23
      vertex 197.979 18.8219 19
      vertex 197.979 18.8219 23
    endloop
  endfacet
  facet normal 0.737381 -0.675477 -3.9377e-18
    outer loop
      vertex 197.979 18.8219 19
      vertex 197.596 18.4038 23
      vertex 197.596 18.4038 19
    endloop
  endfacet
  facet normal 0.461686 -0.887043 0
    outer loop
      vertex 195.747 17.109 19
      vertex 196.25 17.3708 23
      vertex 195.747 17.109 23
    endloop
  endfacet
  facet normal 0.461686 -0.887043 0
    outer loop
      vertex 196.25 17.3708 23
      vertex 195.747 17.109 19
      vertex 196.25 17.3708 19
    endloop
  endfacet
  facet normal 0.382611 -0.923909 0
    outer loop
      vertex 195.223 16.892 19
      vertex 195.747 17.109 23
      vertex 195.223 16.892 23
    endloop
  endfacet
  facet normal 0.382611 -0.923909 0
    outer loop
      vertex 195.747 17.109 23
      vertex 195.223 16.892 19
      vertex 195.747 17.109 19
    endloop
  endfacet
  facet normal -0.300711 0.953715 0
    outer loop
      vertex 4.22354 39.8978 19
      vertex 3.97394 39.8191 21
      vertex 4.22354 39.8978 21
    endloop
  endfacet
  facet normal -0.300711 0.953715 0
    outer loop
      vertex 3.97394 39.8191 21
      vertex 4.22354 39.8978 19
      vertex 3.97394 39.8191 19
    endloop
  endfacet
  facet normal -0.923875 0.382694 4.26637e-19
    outer loop
      vertex 2.18092 38.0261 19
      vertex 2.28108 38.2679 21
      vertex 2.28108 38.2679 19
    endloop
  endfacet
  facet normal -0.923875 0.382694 4.26637e-19
    outer loop
      vertex 2.28108 38.2679 21
      vertex 2.18092 38.0261 19
      vertex 2.18092 38.0261 21
    endloop
  endfacet
  facet normal 0.953715 0.300711 -7.1653e-19
    outer loop
      vertex 17.8978 37.7765 21
      vertex 17.8191 38.0261 19
      vertex 17.8191 38.0261 21
    endloop
  endfacet
  facet normal 0.953715 0.300711 -7.1653e-19
    outer loop
      vertex 17.8191 38.0261 19
      vertex 17.8978 37.7765 21
      vertex 17.8978 37.7765 19
    endloop
  endfacet
  facet normal 0 -1 0
    outer loop
      vertex 5 24 19
      vertex 15 24 21
      vertex 5 24 21
    endloop
  endfacet
  facet normal 0 -1 -0
    outer loop
      vertex 15 24 21
      vertex 5 24 19
      vertex 15 24 19
    endloop
  endfacet
  facet normal -0.382824 0.923821 0
    outer loop
      vertex 3.97394 39.8191 19
      vertex 3.73214 39.7189 21
      vertex 3.97394 39.8191 21
    endloop
  endfacet
  facet normal -0.382824 0.923821 0
    outer loop
      vertex 3.73214 39.7189 21
      vertex 3.97394 39.8191 19
      vertex 3.73214 39.7189 19
    endloop
  endfacet
  facet normal 0.0435533 0.999051 -0
    outer loop
      vertex 15.2615 39.9886 19
      vertex 15 40 21
      vertex 15.2615 39.9886 21
    endloop
  endfacet
  facet normal 0.0435533 0.999051 0
    outer loop
      vertex 15 40 21
      vertex 15.2615 39.9886 19
      vertex 15 40 19
    endloop
  endfacet
  facet normal -0.843359 -0.53735 -2.49557e-18
    outer loop
      vertex 2.54254 25.2793 19
      vertex 2.40192 25.5 21
      vertex 2.40192 25.5 19
    endloop
  endfacet
  facet normal -0.843359 -0.53735 -2.49557e-18
    outer loop
      vertex 2.40192 25.5 21
      vertex 2.54254 25.2793 19
      vertex 2.54254 25.2793 21
    endloop
  endfacet
  facet normal -0.976316 -0.216348 -9.88825e-19
    outer loop
      vertex 2.10222 26.2235 19
      vertex 2.04558 26.4791 21
      vertex 2.04558 26.4791 19
    endloop
  endfacet
  facet normal -0.976316 -0.216348 -9.88825e-19
    outer loop
      vertex 2.04558 26.4791 21
      vertex 2.10222 26.2235 19
      vertex 2.10222 26.2235 21
    endloop
  endfacet
  facet normal -0.99144 0.130561 -1.0545e-18
    outer loop
      vertex 2.01142 37.2615 19
      vertex 2.04558 37.5209 21
      vertex 2.04558 37.5209 19
    endloop
  endfacet
  facet normal -0.99144 0.130561 -1.0545e-18
    outer loop
      vertex 2.04558 37.5209 21
      vertex 2.01142 37.2615 19
      vertex 2.01142 37.2615 21
    endloop
  endfacet
  facet normal -0.0435583 0.999051 0
    outer loop
      vertex 5 40 19
      vertex 4.73853 39.9886 21
      vertex 5 40 21
    endloop
  endfacet
  facet normal -0.0435583 0.999051 0
    outer loop
      vertex 4.73853 39.9886 21
      vertex 5 40 19
      vertex 4.73853 39.9886 19
    endloop
  endfacet
  facet normal -0.843359 0.53735 2.49557e-18
    outer loop
      vertex 2.40192 38.5 19
      vertex 2.54254 38.7207 21
      vertex 2.54254 38.7207 19
    endloop
  endfacet
  facet normal -0.843359 0.53735 2.49557e-18
    outer loop
      vertex 2.54254 38.7207 21
      vertex 2.40192 38.5 19
      vertex 2.40192 38.5 21
    endloop
  endfacet
  facet normal -0.130677 0.991425 0
    outer loop
      vertex 4.73853 39.9886 19
      vertex 4.47906 39.9544 21
      vertex 4.73853 39.9886 21
    endloop
  endfacet
  facet normal -0.130677 0.991425 0
    outer loop
      vertex 4.47906 39.9544 21
      vertex 4.73853 39.9886 19
      vertex 4.47906 39.9544 19
    endloop
  endfacet
  facet normal -0.793434 0.608656 2.56627e-18
    outer loop
      vertex 2.54254 38.7207 19
      vertex 2.70187 38.9284 21
      vertex 2.70187 38.9284 19
    endloop
  endfacet
  facet normal -0.793434 0.608656 2.56627e-18
    outer loop
      vertex 2.70187 38.9284 21
      vertex 2.54254 38.7207 19
      vertex 2.54254 38.7207 21
    endloop
  endfacet
  facet normal 0.130712 -0.99142 0
    outer loop
      vertex 15.2615 24.0114 19
      vertex 15.5209 24.0456 21
      vertex 15.2615 24.0114 21
    endloop
  endfacet
  facet normal 0.130712 -0.99142 0
    outer loop
      vertex 15.5209 24.0456 21
      vertex 15.2615 24.0114 19
      vertex 15.5209 24.0456 19
    endloop
  endfacet
  facet normal 0.0435533 -0.999051 0
    outer loop
      vertex 15 24 19
      vertex 15.2615 24.0114 21
      vertex 15 24 21
    endloop
  endfacet
  facet normal 0.0435533 -0.999051 0
    outer loop
      vertex 15.2615 24.0114 21
      vertex 15 24 19
      vertex 15.2615 24.0114 19
    endloop
  endfacet
  facet normal -0.953715 -0.300711 -1.73464e-18
    outer loop
      vertex 2.18092 25.9739 19
      vertex 2.10222 26.2235 21
      vertex 2.10222 26.2235 19
    endloop
  endfacet
  facet normal -0.953715 -0.300711 -1.73464e-18
    outer loop
      vertex 2.10222 26.2235 21
      vertex 2.18092 25.9739 19
      vertex 2.18092 25.9739 21
    endloop
  endfacet
  facet normal -0.923875 -0.382694 2.46426e-18
    outer loop
      vertex 2.28108 25.7321 19
      vertex 2.18092 25.9739 21
      vertex 2.18092 25.9739 19
    endloop
  endfacet
  facet normal -0.923875 -0.382694 2.46426e-18
    outer loop
      vertex 2.18092 25.9739 21
      vertex 2.28108 25.7321 19
      vertex 2.28108 25.7321 21
    endloop
  endfacet
  facet normal -0.0435583 -0.999051 0
    outer loop
      vertex 4.73853 24.0114 19
      vertex 5 24 21
      vertex 4.73853 24.0114 21
    endloop
  endfacet
  facet normal -0.0435583 -0.999051 -0
    outer loop
      vertex 5 24 21
      vertex 4.73853 24.0114 19
      vertex 5 24 19
    endloop
  endfacet
  facet normal 0.382824 0.923821 -0
    outer loop
      vertex 16.2679 39.7189 19
      vertex 16.0261 39.8191 21
      vertex 16.2679 39.7189 21
    endloop
  endfacet
  facet normal 0.382824 0.923821 0
    outer loop
      vertex 16.0261 39.8191 21
      vertex 16.2679 39.7189 19
      vertex 16.0261 39.8191 19
    endloop
  endfacet
  facet normal 0.793305 0.608824 -7.80043e-19
    outer loop
      vertex 17.4575 38.7207 21
      vertex 17.2981 38.9284 19
      vertex 17.2981 38.9284 21
    endloop
  endfacet
  facet normal 0.793305 0.608824 -7.80043e-19
    outer loop
      vertex 17.2981 38.9284 19
      vertex 17.4575 38.7207 21
      vertex 17.4575 38.7207 19
    endloop
  endfacet
  facet normal -0.216267 0.976334 0
    outer loop
      vertex 4.47906 39.9544 19
      vertex 4.22354 39.8978 21
      vertex 4.47906 39.9544 21
    endloop
  endfacet
  facet normal -0.216267 0.976334 0
    outer loop
      vertex 4.22354 39.8978 21
      vertex 4.47906 39.9544 19
      vertex 4.22354 39.8978 19
    endloop
  endfacet
  facet normal 0.461678 0.887048 -0
    outer loop
      vertex 16.5 39.5981 19
      vertex 16.2679 39.7189 21
      vertex 16.5 39.5981 21
    endloop
  endfacet
  facet normal 0.461678 0.887048 0
    outer loop
      vertex 16.2679 39.7189 21
      vertex 16.5 39.5981 19
      vertex 16.2679 39.7189 19
    endloop
  endfacet
  facet normal -0.608954 -0.793206 0
    outer loop
      vertex 3.07164 24.7019 19
      vertex 3.27927 24.5425 21
      vertex 3.07164 24.7019 21
    endloop
  endfacet
  facet normal -0.608954 -0.793206 -0
    outer loop
      vertex 3.27927 24.5425 21
      vertex 3.07164 24.7019 19
      vertex 3.27927 24.5425 19
    endloop
  endfacet
  facet normal -1 0 0
    outer loop
      vertex 2 27 19
      vertex 2 37 21
      vertex 2 37 19
    endloop
  endfacet
  facet normal -1 -0 0
    outer loop
      vertex 2 37 21
      vertex 2 27 19
      vertex 2 27 21
    endloop
  endfacet
  facet normal 0.976349 0.216202 -1.51625e-18
    outer loop
      vertex 17.9544 37.5209 21
      vertex 17.8978 37.7765 19
      vertex 17.8978 37.7765 21
    endloop
  endfacet
  facet normal 0.976349 0.216202 -1.51625e-18
    outer loop
      vertex 17.8978 37.7765 19
      vertex 17.9544 37.5209 21
      vertex 17.9544 37.5209 19
    endloop
  endfacet
  facet normal 0.608824 0.793305 -0
    outer loop
      vertex 16.9284 39.2981 19
      vertex 16.7207 39.4575 21
      vertex 16.9284 39.2981 21
    endloop
  endfacet
  facet normal 0.608824 0.793305 0
    outer loop
      vertex 16.7207 39.4575 21
      vertex 16.9284 39.2981 19
      vertex 16.7207 39.4575 19
    endloop
  endfacet
  facet normal -0.999048 0.0436295 3.59238e-20
    outer loop
      vertex 2 37 19
      vertex 2.01142 37.2615 21
      vertex 2.01142 37.2615 19
    endloop
  endfacet
  facet normal -0.999048 0.0436295 3.59238e-20
    outer loop
      vertex 2.01142 37.2615 21
      vertex 2 37 19
      vertex 2 37 21
    endloop
  endfacet
  facet normal 0.461678 -0.887048 0
    outer loop
      vertex 16.2679 24.2811 19
      vertex 16.5 24.4019 21
      vertex 16.2679 24.2811 21
    endloop
  endfacet
  facet normal 0.461678 -0.887048 0
    outer loop
      vertex 16.5 24.4019 21
      vertex 16.2679 24.2811 19
      vertex 16.5 24.4019 19
    endloop
  endfacet
  facet normal 0.843394 0.537296 -8.74701e-19
    outer loop
      vertex 17.5981 38.5 21
      vertex 17.4575 38.7207 19
      vertex 17.4575 38.7207 21
    endloop
  endfacet
  facet normal 0.843394 0.537296 -8.74701e-19
    outer loop
      vertex 17.4575 38.7207 19
      vertex 17.5981 38.5 21
      vertex 17.5981 38.5 19
    endloop
  endfacet
  facet normal 1 -0 0
    outer loop
      vertex 18 27.1511 21
      vertex 18 37 19
      vertex 18 37 21
    endloop
  endfacet
  facet normal 1 0 0
    outer loop
      vertex 18 37 19
      vertex 18 27.1511 21
      vertex 18 27.1511 19
    endloop
  endfacet
  facet normal 0.216202 -0.976349 0
    outer loop
      vertex 15.5209 24.0456 19
      vertex 15.7765 24.1022 21
      vertex 15.5209 24.0456 21
    endloop
  endfacet
  facet normal 0.216202 -0.976349 0
    outer loop
      vertex 15.7765 24.1022 21
      vertex 15.5209 24.0456 19
      vertex 15.7765 24.1022 19
    endloop
  endfacet
  facet normal -0.461615 -0.88708 0
    outer loop
      vertex 3.5 24.4019 19
      vertex 3.73214 24.2811 21
      vertex 3.5 24.4019 21
    endloop
  endfacet
  facet normal -0.461615 -0.88708 -0
    outer loop
      vertex 3.73214 24.2811 21
      vertex 3.5 24.4019 19
      vertex 3.73214 24.2811 19
    endloop
  endfacet
  facet normal -0.999048 -0.0436295 3.34682e-19
    outer loop
      vertex 2.01142 26.7385 19
      vertex 2 27 21
      vertex 2 27 19
    endloop
  endfacet
  facet normal -0.999048 -0.0436295 3.34682e-19
    outer loop
      vertex 2 27 21
      vertex 2.01142 26.7385 19
      vertex 2.01142 26.7385 21
    endloop
  endfacet
  facet normal -0.130677 -0.991425 0
    outer loop
      vertex 4.47906 24.0456 19
      vertex 4.73853 24.0114 21
      vertex 4.47906 24.0456 21
    endloop
  endfacet
  facet normal -0.130677 -0.991425 -0
    outer loop
      vertex 4.73853 24.0114 21
      vertex 4.47906 24.0456 19
      vertex 4.73853 24.0114 19
    endloop
  endfacet
  facet normal 0.999051 0.0435533 -3.35094e-19
    outer loop
      vertex 18 37 21
      vertex 17.9886 37.2615 19
      vertex 17.9886 37.2615 21
    endloop
  endfacet
  facet normal 0.999051 0.0435533 -3.35094e-19
    outer loop
      vertex 17.9886 37.2615 19
      vertex 18 37 21
      vertex 18 37 19
    endloop
  endfacet
  facet normal 0.675673 0.737202 -0
    outer loop
      vertex 17.1213 39.1213 19
      vertex 16.9284 39.2981 21
      vertex 17.1213 39.1213 21
    endloop
  endfacet
  facet normal 0.675673 0.737202 0
    outer loop
      vertex 16.9284 39.2981 21
      vertex 17.1213 39.1213 19
      vertex 16.9284 39.2981 19
    endloop
  endfacet
  facet normal -0.675559 -0.737306 0
    outer loop
      vertex 2.87868 24.8787 19
      vertex 3.07164 24.7019 21
      vertex 2.87868 24.8787 21
    endloop
  endfacet
  facet normal -0.675559 -0.737306 -0
    outer loop
      vertex 3.07164 24.7019 21
      vertex 2.87868 24.8787 19
      vertex 3.07164 24.7019 19
    endloop
  endfacet
  facet normal 0.382824 -0.923821 0
    outer loop
      vertex 16.0261 24.1809 19
      vertex 16.2679 24.2811 21
      vertex 16.0261 24.1809 21
    endloop
  endfacet
  facet normal 0.382824 -0.923821 0
    outer loop
      vertex 16.2679 24.2811 21
      vertex 16.0261 24.1809 19
      vertex 16.2679 24.2811 19
    endloop
  endfacet
  facet normal 0.130712 0.99142 -0
    outer loop
      vertex 15.5209 39.9544 19
      vertex 15.2615 39.9886 21
      vertex 15.5209 39.9544 21
    endloop
  endfacet
  facet normal 0.130712 0.99142 0
    outer loop
      vertex 15.2615 39.9886 21
      vertex 15.5209 39.9544 19
      vertex 15.2615 39.9886 19
    endloop
  endfacet
  facet normal -0.300711 -0.953715 0
    outer loop
      vertex 3.97394 24.1809 19
      vertex 4.22354 24.1022 21
      vertex 3.97394 24.1809 21
    endloop
  endfacet
  facet normal -0.300711 -0.953715 -0
    outer loop
      vertex 4.22354 24.1022 21
      vertex 3.97394 24.1809 19
      vertex 4.22354 24.1022 19
    endloop
  endfacet
  facet normal -0.608954 0.793206 0
    outer loop
      vertex 3.27927 39.4575 19
      vertex 3.07164 39.2981 21
      vertex 3.27927 39.4575 21
    endloop
  endfacet
  facet normal -0.608954 0.793206 0
    outer loop
      vertex 3.07164 39.2981 21
      vertex 3.27927 39.4575 19
      vertex 3.07164 39.2981 19
    endloop
  endfacet
  facet normal -0.99144 -0.130561 1.0545e-18
    outer loop
      vertex 2.04558 26.4791 19
      vertex 2.01142 26.7385 21
      vertex 2.01142 26.7385 19
    endloop
  endfacet
  facet normal -0.99144 -0.130561 1.0545e-18
    outer loop
      vertex 2.01142 26.7385 21
      vertex 2.04558 26.4791 19
      vertex 2.04558 26.4791 21
    endloop
  endfacet
  facet normal -0.886985 0.461798 -1.69251e-18
    outer loop
      vertex 2.28108 38.2679 19
      vertex 2.40192 38.5 21
      vertex 2.40192 38.5 19
    endloop
  endfacet
  facet normal -0.886985 0.461798 -1.69251e-18
    outer loop
      vertex 2.40192 38.5 21
      vertex 2.28108 38.2679 19
      vertex 2.28108 38.2679 21
    endloop
  endfacet
  facet normal -0.953715 0.300711 1.73464e-18
    outer loop
      vertex 2.10222 37.7765 19
      vertex 2.18092 38.0261 21
      vertex 2.18092 38.0261 19
    endloop
  endfacet
  facet normal -0.953715 0.300711 1.73464e-18
    outer loop
      vertex 2.18092 38.0261 21
      vertex 2.10222 37.7765 19
      vertex 2.10222 37.7765 21
    endloop
  endfacet
  facet normal -0.382824 -0.923821 0
    outer loop
      vertex 3.73214 24.2811 19
      vertex 3.97394 24.1809 21
      vertex 3.73214 24.2811 21
    endloop
  endfacet
  facet normal -0.382824 -0.923821 -0
    outer loop
      vertex 3.97394 24.1809 21
      vertex 3.73214 24.2811 19
      vertex 3.97394 24.1809 19
    endloop
  endfacet
  facet normal -0.793434 -0.608656 5.08054e-18
    outer loop
      vertex 2.70187 25.0716 19
      vertex 2.54254 25.2793 21
      vertex 2.54254 25.2793 19
    endloop
  endfacet
  facet normal -0.793434 -0.608656 5.08054e-18
    outer loop
      vertex 2.54254 25.2793 21
      vertex 2.70187 25.0716 19
      vertex 2.70187 25.0716 21
    endloop
  endfacet
  facet normal 0.887048 0.461678 2.29733e-18
    outer loop
      vertex 17.7189 38.2679 21
      vertex 17.5981 38.5 19
      vertex 17.5981 38.5 21
    endloop
  endfacet
  facet normal 0.887048 0.461678 2.29733e-18
    outer loop
      vertex 17.5981 38.5 19
      vertex 17.7189 38.2679 21
      vertex 17.7189 38.2679 19
    endloop
  endfacet
  facet normal 0.99142 0.130712 6.59434e-19
    outer loop
      vertex 17.9886 37.2615 21
      vertex 17.9544 37.5209 19
      vertex 17.9544 37.5209 21
    endloop
  endfacet
  facet normal 0.99142 0.130712 6.59434e-19
    outer loop
      vertex 17.9544 37.5209 19
      vertex 17.9886 37.2615 21
      vertex 17.9886 37.2615 19
    endloop
  endfacet
  facet normal -0.675559 0.737306 0
    outer loop
      vertex 3.07164 39.2981 19
      vertex 2.87868 39.1213 21
      vertex 3.07164 39.2981 21
    endloop
  endfacet
  facet normal -0.675559 0.737306 0
    outer loop
      vertex 2.87868 39.1213 21
      vertex 3.07164 39.2981 19
      vertex 2.87868 39.1213 19
    endloop
  endfacet
  facet normal -0.976316 0.216348 9.84584e-19
    outer loop
      vertex 2.04558 37.5209 19
      vertex 2.10222 37.7765 21
      vertex 2.10222 37.7765 19
    endloop
  endfacet
  facet normal -0.976316 0.216348 9.84584e-19
    outer loop
      vertex 2.10222 37.7765 21
      vertex 2.04558 37.5209 19
      vertex 2.04558 37.5209 21
    endloop
  endfacet
  facet normal -0.461615 0.88708 0
    outer loop
      vertex 3.73214 39.7189 19
      vertex 3.5 39.5981 21
      vertex 3.73214 39.7189 21
    endloop
  endfacet
  facet normal -0.461615 0.88708 0
    outer loop
      vertex 3.5 39.5981 21
      vertex 3.73214 39.7189 19
      vertex 3.5 39.5981 19
    endloop
  endfacet
  facet normal 0 1 -0
    outer loop
      vertex 15 40 19
      vertex 5 40 21
      vertex 15 40 21
    endloop
  endfacet
  facet normal 0 1 0
    outer loop
      vertex 5 40 21
      vertex 15 40 19
      vertex 5 40 19
    endloop
  endfacet
  facet normal -0.537244 -0.843427 0
    outer loop
      vertex 3.27927 24.5425 19
      vertex 3.5 24.4019 21
      vertex 3.27927 24.5425 21
    endloop
  endfacet
  facet normal -0.537244 -0.843427 -0
    outer loop
      vertex 3.5 24.4019 21
      vertex 3.27927 24.5425 19
      vertex 3.5 24.4019 19
    endloop
  endfacet
  facet normal -0.537244 0.843427 0
    outer loop
      vertex 3.5 39.5981 19
      vertex 3.27927 39.4575 21
      vertex 3.5 39.5981 21
    endloop
  endfacet
  facet normal -0.537244 0.843427 0
    outer loop
      vertex 3.27927 39.4575 21
      vertex 3.5 39.5981 19
      vertex 3.27927 39.4575 19
    endloop
  endfacet
  facet normal -0.737183 -0.675693 3.40184e-18
    outer loop
      vertex 2.87868 24.8787 19
      vertex 2.70187 25.0716 21
      vertex 2.70187 25.0716 19
    endloop
  endfacet
  facet normal -0.737183 -0.675693 3.40184e-18
    outer loop
      vertex 2.70187 25.0716 21
      vertex 2.87868 24.8787 19
      vertex 2.87868 24.8787 21
    endloop
  endfacet
  facet normal 0.216202 0.976349 -0
    outer loop
      vertex 15.7765 39.8978 19
      vertex 15.5209 39.9544 21
      vertex 15.7765 39.8978 21
    endloop
  endfacet
  facet normal 0.216202 0.976349 0
    outer loop
      vertex 15.5209 39.9544 21
      vertex 15.7765 39.8978 19
      vertex 15.5209 39.9544 19
    endloop
  endfacet
  facet normal 0.537296 0.843394 -0
    outer loop
      vertex 16.7207 39.4575 19
      vertex 16.5 39.5981 21
      vertex 16.7207 39.4575 21
    endloop
  endfacet
  facet normal 0.537296 0.843394 0
    outer loop
      vertex 16.5 39.5981 21
      vertex 16.7207 39.4575 19
      vertex 16.5 39.5981 19
    endloop
  endfacet
  facet normal -0.216267 -0.976334 0
    outer loop
      vertex 4.22354 24.1022 19
      vertex 4.47906 24.0456 21
      vertex 4.22354 24.1022 21
    endloop
  endfacet
  facet normal -0.216267 -0.976334 -0
    outer loop
      vertex 4.47906 24.0456 21
      vertex 4.22354 24.1022 19
      vertex 4.47906 24.0456 19
    endloop
  endfacet
  facet normal 0.923821 0.382824 -3.53929e-20
    outer loop
      vertex 17.8191 38.0261 21
      vertex 17.7189 38.2679 19
      vertex 17.7189 38.2679 21
    endloop
  endfacet
  facet normal 0.923821 0.382824 -3.53929e-20
    outer loop
      vertex 17.7189 38.2679 19
      vertex 17.8191 38.0261 21
      vertex 17.8191 38.0261 19
    endloop
  endfacet
  facet normal 0.537375 -0.843343 0
    outer loop
      vertex 16.5 24.4019 19
      vertex 16.6855 24.5201 21
      vertex 16.5 24.4019 21
    endloop
  endfacet
  facet normal 0.537375 -0.843343 0
    outer loop
      vertex 16.6855 24.5201 21
      vertex 16.5 24.4019 19
      vertex 16.6855 24.5201 19
    endloop
  endfacet
  facet normal 0.737202 0.675673 5.95753e-18
    outer loop
      vertex 17.2981 38.9284 21
      vertex 17.1213 39.1213 19
      vertex 17.1213 39.1213 21
    endloop
  endfacet
  facet normal 0.737202 0.675673 5.95753e-18
    outer loop
      vertex 17.1213 39.1213 19
      vertex 17.2981 38.9284 21
      vertex 17.2981 38.9284 19
    endloop
  endfacet
  facet normal -0.886985 -0.461798 -3.00627e-20
    outer loop
      vertex 2.40192 25.5 19
      vertex 2.28108 25.7321 21
      vertex 2.28108 25.7321 19
    endloop
  endfacet
  facet normal -0.886985 -0.461798 -3.00627e-20
    outer loop
      vertex 2.28108 25.7321 21
      vertex 2.40192 25.5 19
      vertex 2.40192 25.5 21
    endloop
  endfacet
  facet normal 0.300711 0.953715 -0
    outer loop
      vertex 16.0261 39.8191 19
      vertex 15.7765 39.8978 21
      vertex 16.0261 39.8191 21
    endloop
  endfacet
  facet normal 0.300711 0.953715 0
    outer loop
      vertex 15.7765 39.8978 21
      vertex 16.0261 39.8191 19
      vertex 15.7765 39.8978 19
    endloop
  endfacet
  facet normal 0.300711 -0.953715 0
    outer loop
      vertex 15.7765 24.1022 19
      vertex 16.0261 24.1809 21
      vertex 15.7765 24.1022 21
    endloop
  endfacet
  facet normal 0.300711 -0.953715 0
    outer loop
      vertex 16.0261 24.1809 21
      vertex 15.7765 24.1022 19
      vertex 16.0261 24.1809 19
    endloop
  endfacet
  facet normal -0.737183 0.675693 -4.11039e-18
    outer loop
      vertex 2.70187 38.9284 19
      vertex 2.87868 39.1213 21
      vertex 2.87868 39.1213 19
    endloop
  endfacet
  facet normal -0.737183 0.675693 -4.11039e-18
    outer loop
      vertex 2.87868 39.1213 21
      vertex 2.70187 38.9284 19
      vertex 2.70187 38.9284 21
    endloop
  endfacet
  facet normal 0 0 1
    outer loop
      vertex 15 40 21
      vertex 18 37 21
      vertex 17.9886 37.2615 21
    endloop
  endfacet
  facet normal 0 0 1
    outer loop
      vertex 15 40 21
      vertex 17.9886 37.2615 21
      vertex 17.9544 37.5209 21
    endloop
  endfacet
  facet normal 0 0 1
    outer loop
      vertex 15 40 21
      vertex 17.9544 37.5209 21
      vertex 17.8978 37.7765 21
    endloop
  endfacet
  facet normal 0 0 1
    outer loop
      vertex 15 40 21
      vertex 17.8978 37.7765 21
      vertex 17.8191 38.0261 21
    endloop
  endfacet
  facet normal 0 0 1
    outer loop
      vertex 15 40 21
      vertex 17.8191 38.0261 21
      vertex 17.7189 38.2679 21
    endloop
  endfacet
  facet normal 0 0 1
    outer loop
      vertex 18 37 21
      vertex 11.6935 32.1482 21
      vertex 11.7 32 21
    endloop
  endfacet
  facet normal 0 0 1
    outer loop
      vertex 15 40 21
      vertex 17.7189 38.2679 21
      vertex 17.5981 38.5 21
    endloop
  endfacet
  facet normal 0 0 1
    outer loop
      vertex 15 40 21
      vertex 17.5981 38.5 21
      vertex 17.4575 38.7207 21
    endloop
  endfacet
  facet normal 0 0 1
    outer loop
      vertex 18 37 21
      vertex 11.7 32 21
      vertex 18 27.1511 21
    endloop
  endfacet
  facet normal 0 0 1
    outer loop
      vertex 15 40 21
      vertex 17.4575 38.7207 21
      vertex 17.2981 38.9284 21
    endloop
  endfacet
  facet normal 0 0 1
    outer loop
      vertex 15 40 21
      vertex 17.2981 38.9284 21
      vertex 17.1213 39.1213 21
    endloop
  endfacet
  facet normal -0 0 1
    outer loop
      vertex 11.6935 31.8518 21
      vertex 18 27.1511 21
      vertex 11.7 32 21
    endloop
  endfacet
  facet normal 0 0 1
    outer loop
      vertex 15 40 21
      vertex 17.1213 39.1213 21
      vertex 16.9284 39.2981 21
    endloop
  endfacet
  facet normal -0 0 1
    outer loop
      vertex 11.6742 31.7048 21
      vertex 18 27.1511 21
      vertex 11.6935 31.8518 21
    endloop
  endfacet
  facet normal -0 0 1
    outer loop
      vertex 11.5975 31.4186 21
      vertex 18 27.1511 21
      vertex 11.6421 31.56 21
    endloop
  endfacet
  facet normal 0 0 1
    outer loop
      vertex 15 40 21
      vertex 16.9284 39.2981 21
      vertex 16.7207 39.4575 21
    endloop
  endfacet
  facet normal -0 0 1
    outer loop
      vertex 11.5407 31.2815 21
      vertex 18 27.1511 21
      vertex 11.5975 31.4186 21
    endloop
  endfacet
  facet normal 0 0 1
    outer loop
      vertex 15 40 21
      vertex 16.7207 39.4575 21
      vertex 16.5 39.5981 21
    endloop
  endfacet
  facet normal -0 0 1
    outer loop
      vertex 11.4722 31.15 21
      vertex 18 27.1511 21
      vertex 11.5407 31.2815 21
    endloop
  endfacet
  facet normal 0 0 1
    outer loop
      vertex 15 40 21
      vertex 16.5 39.5981 21
      vertex 16.2679 39.7189 21
    endloop
  endfacet
  facet normal 0 0 1
    outer loop
      vertex 18 27.1511 21
      vertex 11.4722 31.15 21
      vertex 17.6755 26.7282 21
    endloop
  endfacet
  facet normal 0 0 1
    outer loop
      vertex 15 40 21
      vertex 16.2679 39.7189 21
      vertex 16.0261 39.8191 21
    endloop
  endfacet
  facet normal -0 0 1
    outer loop
      vertex 11.3926 31.0249 21
      vertex 17.6755 26.7282 21
      vertex 11.4722 31.15 21
    endloop
  endfacet
  facet normal 0 0 1
    outer loop
      vertex 15 40 21
      vertex 16.0261 39.8191 21
      vertex 15.7765 39.8978 21
    endloop
  endfacet
  facet normal -0 0 1
    outer loop
      vertex 11.3023 30.9073 21
      vertex 17.6755 26.7282 21
      vertex 11.3926 31.0249 21
    endloop
  endfacet
  facet normal 0 0 1
    outer loop
      vertex 15 40 21
      vertex 15.7765 39.8978 21
      vertex 15.5209 39.9544 21
    endloop
  endfacet
  facet normal 0 0 1
    outer loop
      vertex 17.6755 26.7282 21
      vertex 11.3023 30.9073 21
      vertex 17.3708 26.25 21
    endloop
  endfacet
  facet normal 0 0 1
    outer loop
      vertex 15 40 21
      vertex 15.5209 39.9544 21
      vertex 15.2615 39.9886 21
    endloop
  endfacet
  facet normal -0 0 1
    outer loop
      vertex 11.2021 30.7979 21
      vertex 17.3708 26.25 21
      vertex 11.3023 30.9073 21
    endloop
  endfacet
  facet normal 0 0 1
    outer loop
      vertex 18 37 21
      vertex 15 40 21
      vertex 11.2021 33.2021 21
    endloop
  endfacet
  facet normal -0 0 1
    outer loop
      vertex 11.0927 30.6977 21
      vertex 17.3708 26.25 21
      vertex 11.2021 30.7979 21
    endloop
  endfacet
  facet normal 0 0 1
    outer loop
      vertex 17.3708 26.25 21
      vertex 11.0927 30.6977 21
      vertex 17.109 25.747 21
    endloop
  endfacet
  facet normal -0 0 1
    outer loop
      vertex 11.6421 31.56 21
      vertex 18 27.1511 21
      vertex 11.6742 31.7048 21
    endloop
  endfacet
  facet normal 0 0 1
    outer loop
      vertex 18 37 21
      vertex 11.6742 32.2952 21
      vertex 11.6935 32.1482 21
    endloop
  endfacet
  facet normal 0 0 1
    outer loop
      vertex 18 37 21
      vertex 11.6421 32.44 21
      vertex 11.6742 32.2952 21
    endloop
  endfacet
  facet normal 0 0 1
    outer loop
      vertex 18 37 21
      vertex 11.5975 32.5814 21
      vertex 11.6421 32.44 21
    endloop
  endfacet
  facet normal 0 0 1
    outer loop
      vertex 18 37 21
      vertex 11.5407 32.7185 21
      vertex 11.5975 32.5814 21
    endloop
  endfacet
  facet normal 0 0 1
    outer loop
      vertex 18 37 21
      vertex 11.4722 32.85 21
      vertex 11.5407 32.7185 21
    endloop
  endfacet
  facet normal 0 0 1
    outer loop
      vertex 18 37 21
      vertex 11.3926 32.9751 21
      vertex 11.4722 32.85 21
    endloop
  endfacet
  facet normal 0 0 1
    outer loop
      vertex 18 37 21
      vertex 11.3023 33.0927 21
      vertex 11.3926 32.9751 21
    endloop
  endfacet
  facet normal 0 0 1
    outer loop
      vertex 18 37 21
      vertex 11.2021 33.2021 21
      vertex 11.3023 33.0927 21
    endloop
  endfacet
  facet normal 0 0 1
    outer loop
      vertex 15 40 21
      vertex 11.0927 33.3023 21
      vertex 11.2021 33.2021 21
    endloop
  endfacet
  facet normal 0 0 1
    outer loop
      vertex 15 40 21
      vertex 10.9751 33.3926 21
      vertex 11.0927 33.3023 21
    endloop
  endfacet
  facet normal 0 0 1
    outer loop
      vertex 15 40 21
      vertex 10.85 33.4722 21
      vertex 10.9751 33.3926 21
    endloop
  endfacet
  facet normal 0 0 1
    outer loop
      vertex 15 40 21
      vertex 10.7185 33.5407 21
      vertex 10.85 33.4722 21
    endloop
  endfacet
  facet normal 0 0 1
    outer loop
      vertex 15 40 21
      vertex 10.5814 33.5975 21
      vertex 10.7185 33.5407 21
    endloop
  endfacet
  facet normal 0 0 1
    outer loop
      vertex 15 40 21
      vertex 10.44 33.6421 21
      vertex 10.5814 33.5975 21
    endloop
  endfacet
  facet normal 0 0 1
    outer loop
      vertex 15 40 21
      vertex 10.2952 33.6742 21
      vertex 10.44 33.6421 21
    endloop
  endfacet
  facet normal 0 0 1
    outer loop
      vertex 15 40 21
      vertex 10.1482 33.6935 21
      vertex 10.2952 33.6742 21
    endloop
  endfacet
  facet normal 0 0 1
    outer loop
      vertex 15 40 21
      vertex 10 33.7 21
      vertex 10.1482 33.6935 21
    endloop
  endfacet
  facet normal -0 0 1
    outer loop
      vertex 5 40 21
      vertex 10 33.7 21
      vertex 15 40 21
    endloop
  endfacet
  facet normal 0 0 1
    outer loop
      vertex 10 33.7 21
      vertex 5 40 21
      vertex 9.85183 33.6935 21
    endloop
  endfacet
  facet normal 0 0 1
    outer loop
      vertex 9.85183 33.6935 21
      vertex 5 40 21
      vertex 9.7048 33.6742 21
    endloop
  endfacet
  facet normal 0 0 1
    outer loop
      vertex 9.7048 33.6742 21
      vertex 5 40 21
      vertex 9.56001 33.6421 21
    endloop
  endfacet
  facet normal 0 0 1
    outer loop
      vertex 9.56001 33.6421 21
      vertex 5 40 21
      vertex 9.41857 33.5975 21
    endloop
  endfacet
  facet normal 0 0 1
    outer loop
      vertex 9.41857 33.5975 21
      vertex 5 40 21
      vertex 9.28155 33.5407 21
    endloop
  endfacet
  facet normal 0 0 1
    outer loop
      vertex 9.28155 33.5407 21
      vertex 5 40 21
      vertex 9.15 33.4722 21
    endloop
  endfacet
  facet normal 0 0 1
    outer loop
      vertex 9.15 33.4722 21
      vertex 5 40 21
      vertex 9.02492 33.3926 21
    endloop
  endfacet
  facet normal 0 0 1
    outer loop
      vertex 9.02492 33.3926 21
      vertex 5 40 21
      vertex 8.90726 33.3023 21
    endloop
  endfacet
  facet normal 0 0 1
    outer loop
      vertex 8.90726 33.3023 21
      vertex 5 40 21
      vertex 8.79792 33.2021 21
    endloop
  endfacet
  facet normal 0 0 1
    outer loop
      vertex 8.32583 32.2952 21
      vertex 2 37 21
      vertex 8.30647 32.1482 21
    endloop
  endfacet
  facet normal 0 0 1
    outer loop
      vertex 8.35793 32.44 21
      vertex 2 37 21
      vertex 8.32583 32.2952 21
    endloop
  endfacet
  facet normal 0 0 1
    outer loop
      vertex 8.40252 32.5814 21
      vertex 2 37 21
      vertex 8.35793 32.44 21
    endloop
  endfacet
  facet normal 0 0 1
    outer loop
      vertex 8.45928 32.7185 21
      vertex 2 37 21
      vertex 8.40252 32.5814 21
    endloop
  endfacet
  facet normal 0 0 1
    outer loop
      vertex 8.52776 32.85 21
      vertex 2 37 21
      vertex 8.45928 32.7185 21
    endloop
  endfacet
  facet normal 0 0 1
    outer loop
      vertex 8.60744 32.9751 21
      vertex 2 37 21
      vertex 8.52776 32.85 21
    endloop
  endfacet
  facet normal 0 0 1
    outer loop
      vertex 8.69772 33.0927 21
      vertex 2 37 21
      vertex 8.60744 32.9751 21
    endloop
  endfacet
  facet normal 0 0 1
    outer loop
      vertex 8.79792 33.2021 21
      vertex 2 37 21
      vertex 8.69772 33.0927 21
    endloop
  endfacet
  facet normal -0 0 1
    outer loop
      vertex 2 37 21
      vertex 8.79792 33.2021 21
      vertex 5 40 21
    endloop
  endfacet
  facet normal 0 -0 1
    outer loop
      vertex 15.2615 24.0114 21
      vertex 16.892 25.2231 21
      vertex 15 24 21
    endloop
  endfacet
  facet normal 0 -0 1
    outer loop
      vertex 15.5209 24.0456 21
      vertex 16.892 25.2231 21
      vertex 15.2615 24.0114 21
    endloop
  endfacet
  facet normal 0 0 1
    outer loop
      vertex 16.7215 24.6823 21
      vertex 16.5 24.4019 21
      vertex 16.6855 24.5201 21
    endloop
  endfacet
  facet normal 0 0 1
    outer loop
      vertex 16.892 25.2231 21
      vertex 16.2679 24.2811 21
      vertex 16.7215 24.6823 21
    endloop
  endfacet
  facet normal 0 -0 1
    outer loop
      vertex 16.2679 24.2811 21
      vertex 16.892 25.2231 21
      vertex 16.0261 24.1809 21
    endloop
  endfacet
  facet normal 0 -0 1
    outer loop
      vertex 16.0261 24.1809 21
      vertex 16.892 25.2231 21
      vertex 15.7765 24.1022 21
    endloop
  endfacet
  facet normal 0 -0 1
    outer loop
      vertex 15.7765 24.1022 21
      vertex 16.892 25.2231 21
      vertex 15.5209 24.0456 21
    endloop
  endfacet
  facet normal 0 0 1
    outer loop
      vertex 16.7215 24.6823 21
      vertex 16.2679 24.2811 21
      vertex 16.5 24.4019 21
    endloop
  endfacet
  facet normal 0 0 1
    outer loop
      vertex 17.109 25.747 21
      vertex 15 24 21
      vertex 16.892 25.2231 21
    endloop
  endfacet
  facet normal 0 0 1
    outer loop
      vertex 17.109 25.747 21
      vertex 11.0927 30.6977 21
      vertex 15 24 21
    endloop
  endfacet
  facet normal -0 0 1
    outer loop
      vertex 10.9751 30.6074 21
      vertex 15 24 21
      vertex 11.0927 30.6977 21
    endloop
  endfacet
  facet normal -0 0 1
    outer loop
      vertex 10.85 30.5278 21
      vertex 15 24 21
      vertex 10.9751 30.6074 21
    endloop
  endfacet
  facet normal -0 0 1
    outer loop
      vertex 10.7185 30.4593 21
      vertex 15 24 21
      vertex 10.85 30.5278 21
    endloop
  endfacet
  facet normal -0 0 1
    outer loop
      vertex 10.5814 30.4025 21
      vertex 15 24 21
      vertex 10.7185 30.4593 21
    endloop
  endfacet
  facet normal -0 0 1
    outer loop
      vertex 10.44 30.3579 21
      vertex 15 24 21
      vertex 10.5814 30.4025 21
    endloop
  endfacet
  facet normal -0 0 1
    outer loop
      vertex 10.2952 30.3258 21
      vertex 15 24 21
      vertex 10.44 30.3579 21
    endloop
  endfacet
  facet normal -0 0 1
    outer loop
      vertex 10.1482 30.3065 21
      vertex 15 24 21
      vertex 10.2952 30.3258 21
    endloop
  endfacet
  facet normal -0 0 1
    outer loop
      vertex 10 30.3 21
      vertex 15 24 21
      vertex 10.1482 30.3065 21
    endloop
  endfacet
  facet normal 0 0 1
    outer loop
      vertex 5 24 21
      vertex 10 30.3 21
      vertex 9.85183 30.3065 21
    endloop
  endfacet
  facet normal 0 0 1
    outer loop
      vertex 5 24 21
      vertex 9.85183 30.3065 21
      vertex 9.7048 30.3258 21
    endloop
  endfacet
  facet normal 0 0 1
    outer loop
      vertex 5 24 21
      vertex 9.7048 30.3258 21
      vertex 9.56001 30.3579 21
    endloop
  endfacet
  facet normal 0 0 1
    outer loop
      vertex 5 24 21
      vertex 9.56001 30.3579 21
      vertex 9.41857 30.4025 21
    endloop
  endfacet
  facet normal 0 0 1
    outer loop
      vertex 5 24 21
      vertex 9.41857 30.4025 21
      vertex 9.28155 30.4593 21
    endloop
  endfacet
  facet normal 0 0 1
    outer loop
      vertex 5 24 21
      vertex 9.28155 30.4593 21
      vertex 9.15 30.5278 21
    endloop
  endfacet
  facet normal 0 0 1
    outer loop
      vertex 5 24 21
      vertex 9.15 30.5278 21
      vertex 9.02492 30.6074 21
    endloop
  endfacet
  facet normal 0 0 1
    outer loop
      vertex 5 24 21
      vertex 9.02492 30.6074 21
      vertex 8.90726 30.6977 21
    endloop
  endfacet
  facet normal 0 0 1
    outer loop
      vertex 5 24 21
      vertex 8.90726 30.6977 21
      vertex 8.79792 30.7979 21
    endloop
  endfacet
  facet normal 0 0 1
    outer loop
      vertex 2 27 21
      vertex 8.79792 30.7979 21
      vertex 8.69772 30.9073 21
    endloop
  endfacet
  facet normal 0 0 1
    outer loop
      vertex 8.30647 32.1482 21
      vertex 2 37 21
      vertex 8.3 32 21
    endloop
  endfacet
  facet normal 0 0 1
    outer loop
      vertex 2 27 21
      vertex 8.3 32 21
      vertex 2 37 21
    endloop
  endfacet
  facet normal 0 0 1
    outer loop
      vertex 8.3 32 21
      vertex 2 27 21
      vertex 8.30647 31.8518 21
    endloop
  endfacet
  facet normal 0 0 1
    outer loop
      vertex 8.30647 31.8518 21
      vertex 2 27 21
      vertex 8.32583 31.7048 21
    endloop
  endfacet
  facet normal 0 0 1
    outer loop
      vertex 10 30.3 21
      vertex 5 24 21
      vertex 15 24 21
    endloop
  endfacet
  facet normal 0 0 1
    outer loop
      vertex 2 27 21
      vertex 8.69772 30.9073 21
      vertex 8.60744 31.0249 21
    endloop
  endfacet
  facet normal 0 0 1
    outer loop
      vertex 2 27 21
      vertex 8.60744 31.0249 21
      vertex 8.52776 31.15 21
    endloop
  endfacet
  facet normal 0 0 1
    outer loop
      vertex 2 27 21
      vertex 8.52776 31.15 21
      vertex 8.45928 31.2815 21
    endloop
  endfacet
  facet normal 0 0 1
    outer loop
      vertex 2 27 21
      vertex 8.45928 31.2815 21
      vertex 8.40252 31.4186 21
    endloop
  endfacet
  facet normal 0 0 1
    outer loop
      vertex 8.32583 31.7048 21
      vertex 2 27 21
      vertex 8.35793 31.56 21
    endloop
  endfacet
  facet normal 0 0 1
    outer loop
      vertex 2 37 21
      vertex 5 40 21
      vertex 4.73853 39.9886 21
    endloop
  endfacet
  facet normal 0 0 1
    outer loop
      vertex 8.35793 31.56 21
      vertex 2 27 21
      vertex 8.40252 31.4186 21
    endloop
  endfacet
  facet normal 0 0 1
    outer loop
      vertex 2 37 21
      vertex 4.73853 39.9886 21
      vertex 4.47906 39.9544 21
    endloop
  endfacet
  facet normal 0 0 1
    outer loop
      vertex 8.79792 30.7979 21
      vertex 2 27 21
      vertex 5 24 21
    endloop
  endfacet
  facet normal 0 0 1
    outer loop
      vertex 2 37 21
      vertex 4.47906 39.9544 21
      vertex 4.22354 39.8978 21
    endloop
  endfacet
  facet normal 0 0 1
    outer loop
      vertex 5 24 21
      vertex 2 27 21
      vertex 4.73853 24.0114 21
    endloop
  endfacet
  facet normal 0 0 1
    outer loop
      vertex 2 37 21
      vertex 4.22354 39.8978 21
      vertex 3.97394 39.8191 21
    endloop
  endfacet
  facet normal 0 0 1
    outer loop
      vertex 4.73853 24.0114 21
      vertex 2 27 21
      vertex 4.47906 24.0456 21
    endloop
  endfacet
  facet normal 0 0 1
    outer loop
      vertex 2 37 21
      vertex 3.97394 39.8191 21
      vertex 3.73214 39.7189 21
    endloop
  endfacet
  facet normal 0 0 1
    outer loop
      vertex 4.47906 24.0456 21
      vertex 2 27 21
      vertex 4.22354 24.1022 21
    endloop
  endfacet
  facet normal 0 0 1
    outer loop
      vertex 2 37 21
      vertex 3.73214 39.7189 21
      vertex 3.5 39.5981 21
    endloop
  endfacet
  facet normal 0 0 1
    outer loop
      vertex 4.22354 24.1022 21
      vertex 2 27 21
      vertex 3.97394 24.1809 21
    endloop
  endfacet
  facet normal 0 0 1
    outer loop
      vertex 2 37 21
      vertex 3.5 39.5981 21
      vertex 3.27927 39.4575 21
    endloop
  endfacet
  facet normal 0 0 1
    outer loop
      vertex 3.97394 24.1809 21
      vertex 2 27 21
      vertex 3.73214 24.2811 21
    endloop
  endfacet
  facet normal 0 0 1
    outer loop
      vertex 2 37 21
      vertex 3.27927 39.4575 21
      vertex 3.07164 39.2981 21
    endloop
  endfacet
  facet normal 0 0 1
    outer loop
      vertex 3.73214 24.2811 21
      vertex 2 27 21
      vertex 3.5 24.4019 21
    endloop
  endfacet
  facet normal 0 0 1
    outer loop
      vertex 2 37 21
      vertex 3.07164 39.2981 21
      vertex 2.87868 39.1213 21
    endloop
  endfacet
  facet normal 0 0 1
    outer loop
      vertex 3.5 24.4019 21
      vertex 2 27 21
      vertex 3.27927 24.5425 21
    endloop
  endfacet
  facet normal 0 0 1
    outer loop
      vertex 2 37 21
      vertex 2.87868 39.1213 21
      vertex 2.70187 38.9284 21
    endloop
  endfacet
  facet normal 0 0 1
    outer loop
      vertex 3.27927 24.5425 21
      vertex 2 27 21
      vertex 3.07164 24.7019 21
    endloop
  endfacet
  facet normal 0 0 1
    outer loop
      vertex 2 37 21
      vertex 2.70187 38.9284 21
      vertex 2.54254 38.7207 21
    endloop
  endfacet
  facet normal 0 0 1
    outer loop
      vertex 3.07164 24.7019 21
      vertex 2 27 21
      vertex 2.87868 24.8787 21
    endloop
  endfacet
  facet normal 0 0 1
    outer loop
      vertex 2 37 21
      vertex 2.54254 38.7207 21
      vertex 2.40192 38.5 21
    endloop
  endfacet
  facet normal 0 0 1
    outer loop
      vertex 2.87868 24.8787 21
      vertex 2 27 21
      vertex 2.70187 25.0716 21
    endloop
  endfacet
  facet normal 0 0 1
    outer loop
      vertex 2 37 21
      vertex 2.40192 38.5 21
      vertex 2.28108 38.2679 21
    endloop
  endfacet
  facet normal 0 0 1
    outer loop
      vertex 2.70187 25.0716 21
      vertex 2 27 21
      vertex 2.54254 25.2793 21
    endloop
  endfacet
  facet normal 0 0 1
    outer loop
      vertex 2 37 21
      vertex 2.28108 38.2679 21
      vertex 2.18092 38.0261 21
    endloop
  endfacet
  facet normal 0 0 1
    outer loop
      vertex 2.54254 25.2793 21
      vertex 2 27 21
      vertex 2.40192 25.5 21
    endloop
  endfacet
  facet normal 0 0 1
    outer loop
      vertex 2 37 21
      vertex 2.18092 38.0261 21
      vertex 2.10222 37.7765 21
    endloop
  endfacet
  facet normal 0 0 1
    outer loop
      vertex 2.40192 25.5 21
      vertex 2 27 21
      vertex 2.28108 25.7321 21
    endloop
  endfacet
  facet normal 0 0 1
    outer loop
      vertex 2 37 21
      vertex 2.10222 37.7765 21
      vertex 2.04558 37.5209 21
    endloop
  endfacet
  facet normal 0 0 1
    outer loop
      vertex 2.28108 25.7321 21
      vertex 2 27 21
      vertex 2.18092 25.9739 21
    endloop
  endfacet
  facet normal 0 0 1
    outer loop
      vertex 2 37 21
      vertex 2.04558 37.5209 21
      vertex 2.01142 37.2615 21
    endloop
  endfacet
  facet normal 0 0 1
    outer loop
      vertex 2.18092 25.9739 21
      vertex 2 27 21
      vertex 2.10222 26.2235 21
    endloop
  endfacet
  facet normal 0 0 1
    outer loop
      vertex 2.10222 26.2235 21
      vertex 2 27 21
      vertex 2.04558 26.4791 21
    endloop
  endfacet
  facet normal 0 0 1
    outer loop
      vertex 2.04558 26.4791 21
      vertex 2 27 21
      vertex 2.01142 26.7385 21
    endloop
  endfacet
  facet normal 0.99102 -0.133715 -2.68913e-19
    outer loop
      vertex 213.954 26.4791 21
      vertex 213.989 26.7385 19
      vertex 213.989 26.7385 21
    endloop
  endfacet
  facet normal 0.99102 -0.133715 -2.68913e-19
    outer loop
      vertex 213.989 26.7385 19
      vertex 213.954 26.4791 21
      vertex 213.954 26.4791 19
    endloop
  endfacet
  facet normal -0.924091 0.382172 1.55717e-18
    outer loop
      vertex 198.181 38.0261 19
      vertex 198.281 38.2679 21
      vertex 198.281 38.2679 19
    endloop
  endfacet
  facet normal -0.924091 0.382172 1.55717e-18
    outer loop
      vertex 198.281 38.2679 21
      vertex 198.181 38.0261 19
      vertex 198.181 38.0261 21
    endloop
  endfacet
  facet normal 0.924091 -0.382172 -2.42061e-18
    outer loop
      vertex 213.719 25.7321 21
      vertex 213.819 25.9739 19
      vertex 213.819 25.9739 21
    endloop
  endfacet
  facet normal 0.924091 -0.382172 -2.42061e-18
    outer loop
      vertex 213.819 25.9739 19
      vertex 213.719 25.7321 21
      vertex 213.719 25.7321 19
    endloop
  endfacet
  facet normal 0.953386 0.301753 -1.62146e-18
    outer loop
      vertex 213.898 37.7765 21
      vertex 213.819 38.0261 19
      vertex 213.819 38.0261 21
    endloop
  endfacet
  facet normal 0.953386 0.301753 -1.62146e-18
    outer loop
      vertex 213.819 38.0261 19
      vertex 213.898 37.7765 21
      vertex 213.898 37.7765 19
    endloop
  endfacet
  facet normal 0.97683 -0.214016 -7.08828e-19
    outer loop
      vertex 213.898 26.2235 21
      vertex 213.954 26.4791 19
      vertex 213.954 26.4791 21
    endloop
  endfacet
  facet normal 0.97683 -0.214016 -7.08828e-19
    outer loop
      vertex 213.954 26.4791 19
      vertex 213.898 26.2235 21
      vertex 213.898 26.2235 19
    endloop
  endfacet
  facet normal 0 -1 0
    outer loop
      vertex 201 24 19
      vertex 211 24 21
      vertex 201 24 21
    endloop
  endfacet
  facet normal 0 -1 -0
    outer loop
      vertex 211 24 21
      vertex 201 24 19
      vertex 211 24 19
    endloop
  endfacet
  facet normal -0.382554 0.923933 0
    outer loop
      vertex 199.974 39.8191 19
      vertex 199.732 39.7189 21
      vertex 199.974 39.8191 21
    endloop
  endfacet
  facet normal -0.382554 0.923933 0
    outer loop
      vertex 199.732 39.7189 21
      vertex 199.974 39.8191 19
      vertex 199.732 39.7189 19
    endloop
  endfacet
  facet normal 0.0436366 0.999047 -0
    outer loop
      vertex 211.261 39.9886 19
      vertex 211 40 21
      vertex 211.261 39.9886 21
    endloop
  endfacet
  facet normal 0.0436366 0.999047 0
    outer loop
      vertex 211 40 21
      vertex 211.261 39.9886 19
      vertex 211 40 19
    endloop
  endfacet
  facet normal -0.99102 0.133715 -2.68913e-19
    outer loop
      vertex 198.011 37.2615 19
      vertex 198.046 37.5209 21
      vertex 198.046 37.5209 19
    endloop
  endfacet
  facet normal -0.99102 0.133715 -2.68913e-19
    outer loop
      vertex 198.046 37.5209 21
      vertex 198.011 37.2615 19
      vertex 198.011 37.2615 21
    endloop
  endfacet
  facet normal -0.0436366 0.999047 0
    outer loop
      vertex 201 40 19
      vertex 200.739 39.9886 21
      vertex 201 40 21
    endloop
  endfacet
  facet normal -0.0436366 0.999047 0
    outer loop
      vertex 200.739 39.9886 21
      vertex 201 40 19
      vertex 200.739 39.9886 19
    endloop
  endfacet
  facet normal -0.842701 0.538382 9.52967e-20
    outer loop
      vertex 198.402 38.5 19
      vertex 198.543 38.7207 21
      vertex 198.543 38.7207 19
    endloop
  endfacet
  facet normal -0.842701 0.538382 9.52967e-20
    outer loop
      vertex 198.543 38.7207 21
      vertex 198.402 38.5 19
      vertex 198.402 38.5 21
    endloop
  endfacet
  facet normal 0.610118 -0.792311 0
    outer loop
      vertex 212.721 24.5425 19
      vertex 212.928 24.7019 21
      vertex 212.721 24.5425 21
    endloop
  endfacet
  facet normal 0.610118 -0.792311 0
    outer loop
      vertex 212.928 24.7019 21
      vertex 212.721 24.5425 19
      vertex 212.928 24.7019 19
    endloop
  endfacet
  facet normal -0.130415 0.991459 0
    outer loop
      vertex 200.739 39.9886 19
      vertex 200.479 39.9544 21
      vertex 200.739 39.9886 21
    endloop
  endfacet
  facet normal -0.130415 0.991459 0
    outer loop
      vertex 200.479 39.9544 21
      vertex 200.739 39.9886 19
      vertex 200.479 39.9544 19
    endloop
  endfacet
  facet normal -0.794043 0.607862 2.53476e-19
    outer loop
      vertex 198.543 38.7207 19
      vertex 198.702 38.9284 21
      vertex 198.702 38.9284 19
    endloop
  endfacet
  facet normal -0.794043 0.607862 2.53476e-19
    outer loop
      vertex 198.702 38.9284 21
      vertex 198.543 38.7207 19
      vertex 198.543 38.7207 21
    endloop
  endfacet
  facet normal 0.130415 -0.991459 0
    outer loop
      vertex 211.261 24.0114 19
      vertex 211.521 24.0456 21
      vertex 211.261 24.0114 21
    endloop
  endfacet
  facet normal 0.130415 -0.991459 0
    outer loop
      vertex 211.521 24.0456 21
      vertex 211.261 24.0114 19
      vertex 211.521 24.0456 19
    endloop
  endfacet
  facet normal 0.0436366 -0.999047 0
    outer loop
      vertex 211 24 19
      vertex 211.261 24.0114 21
      vertex 211 24 21
    endloop
  endfacet
  facet normal 0.0436366 -0.999047 0
    outer loop
      vertex 211.261 24.0114 21
      vertex 211 24 19
      vertex 211.261 24.0114 19
    endloop
  endfacet
  facet normal -0.0436366 -0.999047 0
    outer loop
      vertex 200.739 24.0114 19
      vertex 201 24 21
      vertex 200.739 24.0114 21
    endloop
  endfacet
  facet normal -0.0436366 -0.999047 -0
    outer loop
      vertex 201 24 21
      vertex 200.739 24.0114 19
      vertex 201 24 19
    endloop
  endfacet
  facet normal 0.382554 0.923933 -0
    outer loop
      vertex 212.268 39.7189 19
      vertex 212.026 39.8191 21
      vertex 212.268 39.7189 21
    endloop
  endfacet
  facet normal 0.382554 0.923933 0
    outer loop
      vertex 212.026 39.8191 21
      vertex 212.268 39.7189 19
      vertex 212.026 39.8191 19
    endloop
  endfacet
  facet normal 0.999116 -0.0420278 -1.49896e-19
    outer loop
      vertex 213.989 26.7385 21
      vertex 214 27 19
      vertex 214 27 21
    endloop
  endfacet
  facet normal 0.999116 -0.0420278 -1.49896e-19
    outer loop
      vertex 214 27 19
      vertex 213.989 26.7385 21
      vertex 213.989 26.7385 19
    endloop
  endfacet
  facet normal 0.794043 0.607862 -2.53476e-19
    outer loop
      vertex 213.457 38.7207 21
      vertex 213.298 38.9284 19
      vertex 213.298 38.9284 21
    endloop
  endfacet
  facet normal 0.794043 0.607862 -2.53476e-19
    outer loop
      vertex 213.298 38.9284 19
      vertex 213.457 38.7207 21
      vertex 213.457 38.7207 19
    endloop
  endfacet
  facet normal -0.216687 0.976241 0
    outer loop
      vertex 200.479 39.9544 19
      vertex 200.224 39.8978 21
      vertex 200.479 39.9544 21
    endloop
  endfacet
  facet normal -0.216687 0.976241 0
    outer loop
      vertex 200.224 39.8978 21
      vertex 200.479 39.9544 19
      vertex 200.224 39.8978 19
    endloop
  endfacet
  facet normal 0.461834 0.886966 -0
    outer loop
      vertex 212.5 39.5981 19
      vertex 212.268 39.7189 21
      vertex 212.5 39.5981 21
    endloop
  endfacet
  facet normal 0.461834 0.886966 0
    outer loop
      vertex 212.268 39.7189 21
      vertex 212.5 39.5981 19
      vertex 212.268 39.7189 19
    endloop
  endfacet
  facet normal -1 0 0
    outer loop
      vertex 198 27.1511 19
      vertex 198 37 21
      vertex 198 37 19
    endloop
  endfacet
  facet normal -1 -0 0
    outer loop
      vertex 198 37 21
      vertex 198 27.1511 19
      vertex 198 27.1511 21
    endloop
  endfacet
  facet normal 0.97683 0.214016 -1.57176e-18
    outer loop
      vertex 213.954 37.5209 21
      vertex 213.898 37.7765 19
      vertex 213.898 37.7765 21
    endloop
  endfacet
  facet normal 0.97683 0.214016 -1.57176e-18
    outer loop
      vertex 213.898 37.7765 19
      vertex 213.954 37.5209 21
      vertex 213.954 37.5209 19
    endloop
  endfacet
  facet normal 0.610118 0.792311 -0
    outer loop
      vertex 212.928 39.2981 19
      vertex 212.721 39.4575 21
      vertex 212.928 39.2981 21
    endloop
  endfacet
  facet normal 0.610118 0.792311 0
    outer loop
      vertex 212.721 39.4575 21
      vertex 212.928 39.2981 19
      vertex 212.721 39.4575 19
    endloop
  endfacet
  facet normal -0.999116 0.0420278 -2.42686e-19
    outer loop
      vertex 198 37 19
      vertex 198.011 37.2615 21
      vertex 198.011 37.2615 19
    endloop
  endfacet
  facet normal -0.999116 0.0420278 -2.42686e-19
    outer loop
      vertex 198.011 37.2615 21
      vertex 198 37 19
      vertex 198 37 21
    endloop
  endfacet
  facet normal 0.461834 -0.886966 0
    outer loop
      vertex 212.268 24.2811 19
      vertex 212.5 24.4019 21
      vertex 212.268 24.2811 21
    endloop
  endfacet
  facet normal 0.461834 -0.886966 0
    outer loop
      vertex 212.5 24.4019 21
      vertex 212.268 24.2811 19
      vertex 212.5 24.4019 19
    endloop
  endfacet
  facet normal 0.842701 0.538382 -9.52967e-20
    outer loop
      vertex 213.598 38.5 21
      vertex 213.457 38.7207 19
      vertex 213.457 38.7207 21
    endloop
  endfacet
  facet normal 0.842701 0.538382 -9.52967e-20
    outer loop
      vertex 213.457 38.7207 19
      vertex 213.598 38.5 21
      vertex 213.598 38.5 19
    endloop
  endfacet
  facet normal 1 -0 0
    outer loop
      vertex 214 27 21
      vertex 214 37 19
      vertex 214 37 21
    endloop
  endfacet
  facet normal 1 0 0
    outer loop
      vertex 214 37 19
      vertex 214 27 21
      vertex 214 27 19
    endloop
  endfacet
  facet normal 0.216687 -0.976241 0
    outer loop
      vertex 211.521 24.0456 19
      vertex 211.776 24.1022 21
      vertex 211.521 24.0456 21
    endloop
  endfacet
  facet normal 0.216687 -0.976241 0
    outer loop
      vertex 211.776 24.1022 21
      vertex 211.521 24.0456 19
      vertex 211.776 24.1022 19
    endloop
  endfacet
  facet normal -0.461834 -0.886966 0
    outer loop
      vertex 199.5 24.4019 19
      vertex 199.732 24.2811 21
      vertex 199.5 24.4019 21
    endloop
  endfacet
  facet normal -0.461834 -0.886966 -0
    outer loop
      vertex 199.732 24.2811 21
      vertex 199.5 24.4019 19
      vertex 199.732 24.2811 19
    endloop
  endfacet
  facet normal 0.842701 -0.538382 9.52967e-20
    outer loop
      vertex 213.457 25.2793 21
      vertex 213.598 25.5 19
      vertex 213.598 25.5 21
    endloop
  endfacet
  facet normal 0.842701 -0.538382 9.52967e-20
    outer loop
      vertex 213.598 25.5 19
      vertex 213.457 25.2793 21
      vertex 213.457 25.2793 19
    endloop
  endfacet
  facet normal -0.130415 -0.991459 0
    outer loop
      vertex 200.479 24.0456 19
      vertex 200.739 24.0114 21
      vertex 200.479 24.0456 21
    endloop
  endfacet
  facet normal -0.130415 -0.991459 -0
    outer loop
      vertex 200.739 24.0114 21
      vertex 200.479 24.0456 19
      vertex 200.739 24.0114 19
    endloop
  endfacet
  facet normal 0.999116 0.0420278 2.42686e-19
    outer loop
      vertex 214 37 21
      vertex 213.989 37.2615 19
      vertex 213.989 37.2615 21
    endloop
  endfacet
  facet normal 0.999116 0.0420278 2.42686e-19
    outer loop
      vertex 213.989 37.2615 19
      vertex 214 37 21
      vertex 214 37 19
    endloop
  endfacet
  facet normal 0.675482 0.737376 -0
    outer loop
      vertex 213.121 39.1213 19
      vertex 212.928 39.2981 21
      vertex 213.121 39.1213 21
    endloop
  endfacet
  facet normal 0.675482 0.737376 0
    outer loop
      vertex 212.928 39.2981 21
      vertex 213.121 39.1213 19
      vertex 212.928 39.2981 19
    endloop
  endfacet
  facet normal 0.382554 -0.923933 0
    outer loop
      vertex 212.026 24.1809 19
      vertex 212.268 24.2811 21
      vertex 212.026 24.1809 21
    endloop
  endfacet
  facet normal 0.382554 -0.923933 0
    outer loop
      vertex 212.268 24.2811 21
      vertex 212.026 24.1809 19
      vertex 212.268 24.2811 19
    endloop
  endfacet
  facet normal 0.953386 -0.301753 1.62146e-18
    outer loop
      vertex 213.819 25.9739 21
      vertex 213.898 26.2235 19
      vertex 213.898 26.2235 21
    endloop
  endfacet
  facet normal 0.953386 -0.301753 1.62146e-18
    outer loop
      vertex 213.898 26.2235 19
      vertex 213.819 25.9739 21
      vertex 213.819 25.9739 19
    endloop
  endfacet
  facet normal 0.130415 0.991459 -0
    outer loop
      vertex 211.521 39.9544 19
      vertex 211.261 39.9886 21
      vertex 211.521 39.9544 21
    endloop
  endfacet
  facet normal 0.130415 0.991459 0
    outer loop
      vertex 211.261 39.9886 21
      vertex 211.521 39.9544 19
      vertex 211.261 39.9886 19
    endloop
  endfacet
  facet normal -0.300273 -0.953853 0
    outer loop
      vertex 199.974 24.1809 19
      vertex 200.224 24.1022 21
      vertex 199.974 24.1809 21
    endloop
  endfacet
  facet normal -0.300273 -0.953853 -0
    outer loop
      vertex 200.224 24.1022 21
      vertex 199.974 24.1809 19
      vertex 200.224 24.1022 19
    endloop
  endfacet
  facet normal -0.610118 0.792311 0
    outer loop
      vertex 199.279 39.4575 19
      vertex 199.072 39.2981 21
      vertex 199.279 39.4575 21
    endloop
  endfacet
  facet normal -0.610118 0.792311 0
    outer loop
      vertex 199.072 39.2981 21
      vertex 199.279 39.4575 19
      vertex 199.072 39.2981 19
    endloop
  endfacet
  facet normal -0.886735 0.462279 3.97183e-19
    outer loop
      vertex 198.281 38.2679 19
      vertex 198.402 38.5 21
      vertex 198.402 38.5 19
    endloop
  endfacet
  facet normal -0.886735 0.462279 3.97183e-19
    outer loop
      vertex 198.402 38.5 21
      vertex 198.281 38.2679 19
      vertex 198.281 38.2679 21
    endloop
  endfacet
  facet normal -0.953386 0.301753 1.62146e-18
    outer loop
      vertex 198.102 37.7765 19
      vertex 198.181 38.0261 21
      vertex 198.181 38.0261 19
    endloop
  endfacet
  facet normal -0.953386 0.301753 1.62146e-18
    outer loop
      vertex 198.181 38.0261 21
      vertex 198.102 37.7765 19
      vertex 198.102 37.7765 21
    endloop
  endfacet
  facet normal 0.886735 0.462279 -3.97183e-19
    outer loop
      vertex 213.719 38.2679 21
      vertex 213.598 38.5 19
      vertex 213.598 38.5 21
    endloop
  endfacet
  facet normal 0.886735 0.462279 -3.97183e-19
    outer loop
      vertex 213.598 38.5 19
      vertex 213.719 38.2679 21
      vertex 213.719 38.2679 19
    endloop
  endfacet
  facet normal 0.99102 0.133715 2.68913e-19
    outer loop
      vertex 213.989 37.2615 21
      vertex 213.954 37.5209 19
      vertex 213.954 37.5209 21
    endloop
  endfacet
  facet normal 0.99102 0.133715 2.68913e-19
    outer loop
      vertex 213.954 37.5209 19
      vertex 213.989 37.2615 21
      vertex 213.989 37.2615 19
    endloop
  endfacet
  facet normal -0.675482 0.737376 0
    outer loop
      vertex 199.072 39.2981 19
      vertex 198.879 39.1213 21
      vertex 199.072 39.2981 21
    endloop
  endfacet
  facet normal -0.675482 0.737376 0
    outer loop
      vertex 198.879 39.1213 21
      vertex 199.072 39.2981 19
      vertex 198.879 39.1213 19
    endloop
  endfacet
  facet normal 0.675482 -0.737376 0
    outer loop
      vertex 212.928 24.7019 19
      vertex 213.121 24.8787 21
      vertex 212.928 24.7019 21
    endloop
  endfacet
  facet normal 0.675482 -0.737376 0
    outer loop
      vertex 213.121 24.8787 21
      vertex 212.928 24.7019 19
      vertex 213.121 24.8787 19
    endloop
  endfacet
  facet normal -0.97683 0.214016 1.57176e-18
    outer loop
      vertex 198.046 37.5209 19
      vertex 198.102 37.7765 21
      vertex 198.102 37.7765 19
    endloop
  endfacet
  facet normal -0.97683 0.214016 1.57176e-18
    outer loop
      vertex 198.102 37.7765 21
      vertex 198.046 37.5209 19
      vertex 198.046 37.5209 21
    endloop
  endfacet
  facet normal 0.794043 -0.607862 -5.15815e-18
    outer loop
      vertex 213.298 25.0716 21
      vertex 213.457 25.2793 19
      vertex 213.457 25.2793 21
    endloop
  endfacet
  facet normal 0.794043 -0.607862 -5.15815e-18
    outer loop
      vertex 213.457 25.2793 19
      vertex 213.298 25.0716 21
      vertex 213.298 25.0716 19
    endloop
  endfacet
  facet normal -0.461834 0.886966 0
    outer loop
      vertex 199.732 39.7189 19
      vertex 199.5 39.5981 21
      vertex 199.732 39.7189 21
    endloop
  endfacet
  facet normal -0.461834 0.886966 0
    outer loop
      vertex 199.5 39.5981 21
      vertex 199.732 39.7189 19
      vertex 199.5 39.5981 19
    endloop
  endfacet
  facet normal 0 1 -0
    outer loop
      vertex 211 40 19
      vertex 201 40 21
      vertex 211 40 21
    endloop
  endfacet
  facet normal 0 1 0
    outer loop
      vertex 201 40 21
      vertex 211 40 19
      vertex 201 40 19
    endloop
  endfacet
  facet normal -0.536347 -0.843998 0
    outer loop
      vertex 199.314 24.5201 19
      vertex 199.5 24.4019 21
      vertex 199.314 24.5201 21
    endloop
  endfacet
  facet normal -0.536347 -0.843998 -0
    outer loop
      vertex 199.5 24.4019 21
      vertex 199.314 24.5201 19
      vertex 199.5 24.4019 19
    endloop
  endfacet
  facet normal -0.536777 0.843724 0
    outer loop
      vertex 199.5 39.5981 19
      vertex 199.279 39.4575 21
      vertex 199.5 39.5981 21
    endloop
  endfacet
  facet normal -0.536777 0.843724 0
    outer loop
      vertex 199.279 39.4575 21
      vertex 199.5 39.5981 19
      vertex 199.279 39.4575 19
    endloop
  endfacet
  facet normal 0.216687 0.976241 -0
    outer loop
      vertex 211.776 39.8978 19
      vertex 211.521 39.9544 21
      vertex 211.776 39.8978 21
    endloop
  endfacet
  facet normal 0.216687 0.976241 0
    outer loop
      vertex 211.521 39.9544 21
      vertex 211.776 39.8978 19
      vertex 211.521 39.9544 19
    endloop
  endfacet
  facet normal 0.536777 0.843724 -0
    outer loop
      vertex 212.721 39.4575 19
      vertex 212.5 39.5981 21
      vertex 212.721 39.4575 21
    endloop
  endfacet
  facet normal 0.536777 0.843724 0
    outer loop
      vertex 212.5 39.5981 21
      vertex 212.721 39.4575 19
      vertex 212.5 39.5981 19
    endloop
  endfacet
  facet normal -0.216687 -0.976241 0
    outer loop
      vertex 200.224 24.1022 19
      vertex 200.479 24.0456 21
      vertex 200.224 24.1022 21
    endloop
  endfacet
  facet normal -0.216687 -0.976241 -0
    outer loop
      vertex 200.479 24.0456 21
      vertex 200.224 24.1022 19
      vertex 200.479 24.0456 19
    endloop
  endfacet
  facet normal 0.924091 0.382172 -1.55717e-18
    outer loop
      vertex 213.819 38.0261 21
      vertex 213.719 38.2679 19
      vertex 213.719 38.2679 21
    endloop
  endfacet
  facet normal 0.924091 0.382172 -1.55717e-18
    outer loop
      vertex 213.719 38.2679 19
      vertex 213.819 38.0261 21
      vertex 213.819 38.0261 19
    endloop
  endfacet
  facet normal 0.886735 -0.462279 1.03342e-18
    outer loop
      vertex 213.598 25.5 21
      vertex 213.719 25.7321 19
      vertex 213.719 25.7321 21
    endloop
  endfacet
  facet normal 0.886735 -0.462279 1.03342e-18
    outer loop
      vertex 213.719 25.7321 19
      vertex 213.598 25.5 21
      vertex 213.598 25.5 19
    endloop
  endfacet
  facet normal 0.536777 -0.843724 0
    outer loop
      vertex 212.5 24.4019 19
      vertex 212.721 24.5425 21
      vertex 212.5 24.4019 21
    endloop
  endfacet
  facet normal 0.536777 -0.843724 0
    outer loop
      vertex 212.721 24.5425 21
      vertex 212.5 24.4019 19
      vertex 212.721 24.5425 19
    endloop
  endfacet
  facet normal 0.300273 0.953853 -0
    outer loop
      vertex 212.026 39.8191 19
      vertex 211.776 39.8978 21
      vertex 212.026 39.8191 21
    endloop
  endfacet
  facet normal 0.300273 0.953853 0
    outer loop
      vertex 211.776 39.8978 21
      vertex 212.026 39.8191 19
      vertex 211.776 39.8978 19
    endloop
  endfacet
  facet normal -0.300273 0.953853 0
    outer loop
      vertex 200.224 39.8978 19
      vertex 199.974 39.8191 21
      vertex 200.224 39.8978 21
    endloop
  endfacet
  facet normal -0.300273 0.953853 0
    outer loop
      vertex 199.974 39.8191 21
      vertex 200.224 39.8978 19
      vertex 199.974 39.8191 19
    endloop
  endfacet
  facet normal 0.736821 0.676088 -5.6288e-18
    outer loop
      vertex 213.298 38.9284 21
      vertex 213.121 39.1213 19
      vertex 213.121 39.1213 21
    endloop
  endfacet
  facet normal 0.736821 0.676088 -5.6288e-18
    outer loop
      vertex 213.121 39.1213 19
      vertex 213.298 38.9284 21
      vertex 213.298 38.9284 19
    endloop
  endfacet
  facet normal 0.736821 -0.676088 -4.3369e-18
    outer loop
      vertex 213.121 24.8787 21
      vertex 213.298 25.0716 19
      vertex 213.298 25.0716 21
    endloop
  endfacet
  facet normal 0.736821 -0.676088 -4.3369e-18
    outer loop
      vertex 213.298 25.0716 19
      vertex 213.121 24.8787 21
      vertex 213.121 24.8787 19
    endloop
  endfacet
  facet normal -0.382554 -0.923933 0
    outer loop
      vertex 199.732 24.2811 19
      vertex 199.974 24.1809 21
      vertex 199.732 24.2811 21
    endloop
  endfacet
  facet normal -0.382554 -0.923933 -0
    outer loop
      vertex 199.974 24.1809 21
      vertex 199.732 24.2811 19
      vertex 199.974 24.1809 19
    endloop
  endfacet
  facet normal 0.300273 -0.953853 0
    outer loop
      vertex 211.776 24.1022 19
      vertex 212.026 24.1809 21
      vertex 211.776 24.1022 21
    endloop
  endfacet
  facet normal 0.300273 -0.953853 0
    outer loop
      vertex 212.026 24.1809 21
      vertex 211.776 24.1022 19
      vertex 212.026 24.1809 19
    endloop
  endfacet
  facet normal -0.736821 0.676088 5.6288e-18
    outer loop
      vertex 198.702 38.9284 19
      vertex 198.879 39.1213 21
      vertex 198.879 39.1213 19
    endloop
  endfacet
  facet normal -0.736821 0.676088 5.6288e-18
    outer loop
      vertex 198.879 39.1213 21
      vertex 198.702 38.9284 19
      vertex 198.702 38.9284 21
    endloop
  endfacet
  facet normal 0 0 1
    outer loop
      vertex 211 40 21
      vertex 214 37 21
      vertex 213.989 37.2615 21
    endloop
  endfacet
  facet normal 0 0 1
    outer loop
      vertex 214 37 21
      vertex 207.7 32 21
      vertex 214 27 21
    endloop
  endfacet
  facet normal 0 0 1
    outer loop
      vertex 211 40 21
      vertex 213.989 37.2615 21
      vertex 213.954 37.5209 21
    endloop
  endfacet
  facet normal -0 0 1
    outer loop
      vertex 207.694 31.8518 21
      vertex 214 27 21
      vertex 207.7 32 21
    endloop
  endfacet
  facet normal 0 0 1
    outer loop
      vertex 211 40 21
      vertex 213.954 37.5209 21
      vertex 213.898 37.7765 21
    endloop
  endfacet
  facet normal -0 0 1
    outer loop
      vertex 207.674 31.7048 21
      vertex 214 27 21
      vertex 207.694 31.8518 21
    endloop
  endfacet
  facet normal 0 0 1
    outer loop
      vertex 211 40 21
      vertex 213.898 37.7765 21
      vertex 213.819 38.0261 21
    endloop
  endfacet
  facet normal -0 0 1
    outer loop
      vertex 207.642 31.56 21
      vertex 214 27 21
      vertex 207.674 31.7048 21
    endloop
  endfacet
  facet normal 0 0 1
    outer loop
      vertex 211 40 21
      vertex 213.819 38.0261 21
      vertex 213.719 38.2679 21
    endloop
  endfacet
  facet normal -0 0 1
    outer loop
      vertex 207.597 31.4186 21
      vertex 214 27 21
      vertex 207.642 31.56 21
    endloop
  endfacet
  facet normal 0 0 1
    outer loop
      vertex 211 40 21
      vertex 213.719 38.2679 21
      vertex 213.598 38.5 21
    endloop
  endfacet
  facet normal -0 0 1
    outer loop
      vertex 207.541 31.2815 21
      vertex 214 27 21
      vertex 207.597 31.4186 21
    endloop
  endfacet
  facet normal 0 0 1
    outer loop
      vertex 211 40 21
      vertex 213.598 38.5 21
      vertex 213.457 38.7207 21
    endloop
  endfacet
  facet normal -0 0 1
    outer loop
      vertex 207.472 31.15 21
      vertex 214 27 21
      vertex 207.541 31.2815 21
    endloop
  endfacet
  facet normal 0 0 1
    outer loop
      vertex 211 40 21
      vertex 213.457 38.7207 21
      vertex 213.298 38.9284 21
    endloop
  endfacet
  facet normal -0 0 1
    outer loop
      vertex 207.393 31.0249 21
      vertex 214 27 21
      vertex 207.472 31.15 21
    endloop
  endfacet
  facet normal 0 0 1
    outer loop
      vertex 211 40 21
      vertex 213.298 38.9284 21
      vertex 213.121 39.1213 21
    endloop
  endfacet
  facet normal -0 0 1
    outer loop
      vertex 207.302 30.9073 21
      vertex 214 27 21
      vertex 207.393 31.0249 21
    endloop
  endfacet
  facet normal 0 0 1
    outer loop
      vertex 211 40 21
      vertex 213.121 39.1213 21
      vertex 212.928 39.2981 21
    endloop
  endfacet
  facet normal -0 0 1
    outer loop
      vertex 207.202 30.7979 21
      vertex 214 27 21
      vertex 207.302 30.9073 21
    endloop
  endfacet
  facet normal 0 0 1
    outer loop
      vertex 211 40 21
      vertex 212.928 39.2981 21
      vertex 212.721 39.4575 21
    endloop
  endfacet
  facet normal 0 -0 1
    outer loop
      vertex 211 24 21
      vertex 214 27 21
      vertex 207.202 30.7979 21
    endloop
  endfacet
  facet normal 0 0 1
    outer loop
      vertex 211 40 21
      vertex 212.721 39.4575 21
      vertex 212.5 39.5981 21
    endloop
  endfacet
  facet normal 0 0 1
    outer loop
      vertex 214 27 21
      vertex 211 24 21
      vertex 213.989 26.7385 21
    endloop
  endfacet
  facet normal 0 0 1
    outer loop
      vertex 211 40 21
      vertex 212.5 39.5981 21
      vertex 212.268 39.7189 21
    endloop
  endfacet
  facet normal 0 0 1
    outer loop
      vertex 213.989 26.7385 21
      vertex 211 24 21
      vertex 213.954 26.4791 21
    endloop
  endfacet
  facet normal 0 0 1
    outer loop
      vertex 211 40 21
      vertex 212.268 39.7189 21
      vertex 212.026 39.8191 21
    endloop
  endfacet
  facet normal 0 0 1
    outer loop
      vertex 213.898 26.2235 21
      vertex 211 24 21
      vertex 213.819 25.9739 21
    endloop
  endfacet
  facet normal 0 0 1
    outer loop
      vertex 211 40 21
      vertex 212.026 39.8191 21
      vertex 211.776 39.8978 21
    endloop
  endfacet
  facet normal 0 0 1
    outer loop
      vertex 213.819 25.9739 21
      vertex 211 24 21
      vertex 213.719 25.7321 21
    endloop
  endfacet
  facet normal 0 0 1
    outer loop
      vertex 211 40 21
      vertex 211.776 39.8978 21
      vertex 211.521 39.9544 21
    endloop
  endfacet
  facet normal 0 0 1
    outer loop
      vertex 213.719 25.7321 21
      vertex 211 24 21
      vertex 213.598 25.5 21
    endloop
  endfacet
  facet normal 0 0 1
    outer loop
      vertex 211 40 21
      vertex 211.521 39.9544 21
      vertex 211.261 39.9886 21
    endloop
  endfacet
  facet normal 0 0 1
    outer loop
      vertex 213.598 25.5 21
      vertex 211 24 21
      vertex 213.457 25.2793 21
    endloop
  endfacet
  facet normal 0 0 1
    outer loop
      vertex 214 37 21
      vertex 211 40 21
      vertex 207.202 33.2021 21
    endloop
  endfacet
  facet normal 0 0 1
    outer loop
      vertex 213.457 25.2793 21
      vertex 211 24 21
      vertex 213.298 25.0716 21
    endloop
  endfacet
  facet normal 0 0 1
    outer loop
      vertex 213.298 25.0716 21
      vertex 211 24 21
      vertex 213.121 24.8787 21
    endloop
  endfacet
  facet normal 0 0 1
    outer loop
      vertex 214 37 21
      vertex 207.694 32.1482 21
      vertex 207.7 32 21
    endloop
  endfacet
  facet normal 0 0 1
    outer loop
      vertex 214 37 21
      vertex 207.674 32.2952 21
      vertex 207.694 32.1482 21
    endloop
  endfacet
  facet normal 0 0 1
    outer loop
      vertex 214 37 21
      vertex 207.642 32.44 21
      vertex 207.674 32.2952 21
    endloop
  endfacet
  facet normal 0 0 1
    outer loop
      vertex 214 37 21
      vertex 207.597 32.5814 21
      vertex 207.642 32.44 21
    endloop
  endfacet
  facet normal 0 0 1
    outer loop
      vertex 214 37 21
      vertex 207.541 32.7185 21
      vertex 207.597 32.5814 21
    endloop
  endfacet
  facet normal 0 0 1
    outer loop
      vertex 214 37 21
      vertex 207.472 32.85 21
      vertex 207.541 32.7185 21
    endloop
  endfacet
  facet normal 0 0 1
    outer loop
      vertex 214 37 21
      vertex 207.393 32.9751 21
      vertex 207.472 32.85 21
    endloop
  endfacet
  facet normal 0 0 1
    outer loop
      vertex 214 37 21
      vertex 207.302 33.0927 21
      vertex 207.393 32.9751 21
    endloop
  endfacet
  facet normal 0 0 1
    outer loop
      vertex 214 37 21
      vertex 207.202 33.2021 21
      vertex 207.302 33.0927 21
    endloop
  endfacet
  facet normal 0 0 1
    outer loop
      vertex 211 40 21
      vertex 207.093 33.3023 21
      vertex 207.202 33.2021 21
    endloop
  endfacet
  facet normal 0 0 1
    outer loop
      vertex 211 40 21
      vertex 206.975 33.3926 21
      vertex 207.093 33.3023 21
    endloop
  endfacet
  facet normal 0 0 1
    outer loop
      vertex 211 40 21
      vertex 206.85 33.4722 21
      vertex 206.975 33.3926 21
    endloop
  endfacet
  facet normal 0 0 1
    outer loop
      vertex 211 40 21
      vertex 206.718 33.5407 21
      vertex 206.85 33.4722 21
    endloop
  endfacet
  facet normal 0 0 1
    outer loop
      vertex 211 40 21
      vertex 206.581 33.5975 21
      vertex 206.718 33.5407 21
    endloop
  endfacet
  facet normal 0 0 1
    outer loop
      vertex 211 40 21
      vertex 206.44 33.6421 21
      vertex 206.581 33.5975 21
    endloop
  endfacet
  facet normal 0 0 1
    outer loop
      vertex 211 40 21
      vertex 206.295 33.6742 21
      vertex 206.44 33.6421 21
    endloop
  endfacet
  facet normal 0 0 1
    outer loop
      vertex 211 40 21
      vertex 206.148 33.6935 21
      vertex 206.295 33.6742 21
    endloop
  endfacet
  facet normal 0 0 1
    outer loop
      vertex 211 40 21
      vertex 206 33.7 21
      vertex 206.148 33.6935 21
    endloop
  endfacet
  facet normal -0 0 1
    outer loop
      vertex 201 40 21
      vertex 206 33.7 21
      vertex 211 40 21
    endloop
  endfacet
  facet normal 0 0 1
    outer loop
      vertex 206 33.7 21
      vertex 201 40 21
      vertex 205.852 33.6935 21
    endloop
  endfacet
  facet normal 0 0 1
    outer loop
      vertex 205.852 33.6935 21
      vertex 201 40 21
      vertex 205.705 33.6742 21
    endloop
  endfacet
  facet normal 0 0 1
    outer loop
      vertex 205.705 33.6742 21
      vertex 201 40 21
      vertex 205.56 33.6421 21
    endloop
  endfacet
  facet normal 0 0 1
    outer loop
      vertex 205.56 33.6421 21
      vertex 201 40 21
      vertex 205.419 33.5975 21
    endloop
  endfacet
  facet normal 0 0 1
    outer loop
      vertex 205.419 33.5975 21
      vertex 201 40 21
      vertex 205.282 33.5407 21
    endloop
  endfacet
  facet normal 0 0 1
    outer loop
      vertex 205.282 33.5407 21
      vertex 201 40 21
      vertex 205.15 33.4722 21
    endloop
  endfacet
  facet normal 0 0 1
    outer loop
      vertex 205.15 33.4722 21
      vertex 201 40 21
      vertex 205.025 33.3926 21
    endloop
  endfacet
  facet normal 0 0 1
    outer loop
      vertex 205.025 33.3926 21
      vertex 201 40 21
      vertex 204.907 33.3023 21
    endloop
  endfacet
  facet normal 0 0 1
    outer loop
      vertex 204.907 33.3023 21
      vertex 201 40 21
      vertex 204.798 33.2021 21
    endloop
  endfacet
  facet normal 0 0 1
    outer loop
      vertex 204.326 32.2952 21
      vertex 198 37 21
      vertex 204.306 32.1482 21
    endloop
  endfacet
  facet normal 0 0 1
    outer loop
      vertex 204.358 32.44 21
      vertex 198 37 21
      vertex 204.326 32.2952 21
    endloop
  endfacet
  facet normal 0 0 1
    outer loop
      vertex 204.403 32.5814 21
      vertex 198 37 21
      vertex 204.358 32.44 21
    endloop
  endfacet
  facet normal 0 0 1
    outer loop
      vertex 204.459 32.7185 21
      vertex 198 37 21
      vertex 204.403 32.5814 21
    endloop
  endfacet
  facet normal 0 0 1
    outer loop
      vertex 204.528 32.85 21
      vertex 198 37 21
      vertex 204.459 32.7185 21
    endloop
  endfacet
  facet normal 0 0 1
    outer loop
      vertex 204.607 32.9751 21
      vertex 198 37 21
      vertex 204.528 32.85 21
    endloop
  endfacet
  facet normal 0 0 1
    outer loop
      vertex 204.698 33.0927 21
      vertex 198 37 21
      vertex 204.607 32.9751 21
    endloop
  endfacet
  facet normal 0 0 1
    outer loop
      vertex 204.798 33.2021 21
      vertex 198 37 21
      vertex 204.698 33.0927 21
    endloop
  endfacet
  facet normal -0 0 1
    outer loop
      vertex 198 37 21
      vertex 204.798 33.2021 21
      vertex 201 40 21
    endloop
  endfacet
  facet normal 0 0 1
    outer loop
      vertex 213.121 24.8787 21
      vertex 211 24 21
      vertex 212.928 24.7019 21
    endloop
  endfacet
  facet normal 0 0 1
    outer loop
      vertex 212.928 24.7019 21
      vertex 211 24 21
      vertex 212.721 24.5425 21
    endloop
  endfacet
  facet normal 0 0 1
    outer loop
      vertex 212.721 24.5425 21
      vertex 211 24 21
      vertex 212.5 24.4019 21
    endloop
  endfacet
  facet normal 0 0 1
    outer loop
      vertex 212.268 24.2811 21
      vertex 211 24 21
      vertex 212.026 24.1809 21
    endloop
  endfacet
  facet normal 0 0 1
    outer loop
      vertex 212.026 24.1809 21
      vertex 211 24 21
      vertex 211.776 24.1022 21
    endloop
  endfacet
  facet normal 0 0 1
    outer loop
      vertex 211.776 24.1022 21
      vertex 211 24 21
      vertex 211.521 24.0456 21
    endloop
  endfacet
  facet normal 0 0 1
    outer loop
      vertex 211.521 24.0456 21
      vertex 211 24 21
      vertex 211.261 24.0114 21
    endloop
  endfacet
  facet normal 0 0 1
    outer loop
      vertex 212.5 24.4019 21
      vertex 211 24 21
      vertex 212.268 24.2811 21
    endloop
  endfacet
  facet normal 0 0 1
    outer loop
      vertex 213.954 26.4791 21
      vertex 211 24 21
      vertex 213.898 26.2235 21
    endloop
  endfacet
  facet normal -0 0 1
    outer loop
      vertex 207.093 30.6977 21
      vertex 211 24 21
      vertex 207.202 30.7979 21
    endloop
  endfacet
  facet normal -0 0 1
    outer loop
      vertex 206.975 30.6074 21
      vertex 211 24 21
      vertex 207.093 30.6977 21
    endloop
  endfacet
  facet normal -0 0 1
    outer loop
      vertex 206.85 30.5278 21
      vertex 211 24 21
      vertex 206.975 30.6074 21
    endloop
  endfacet
  facet normal -0 0 1
    outer loop
      vertex 206.718 30.4593 21
      vertex 211 24 21
      vertex 206.85 30.5278 21
    endloop
  endfacet
  facet normal -0 0 1
    outer loop
      vertex 206.581 30.4025 21
      vertex 211 24 21
      vertex 206.718 30.4593 21
    endloop
  endfacet
  facet normal -0 0 1
    outer loop
      vertex 206.44 30.3579 21
      vertex 211 24 21
      vertex 206.581 30.4025 21
    endloop
  endfacet
  facet normal -0 0 1
    outer loop
      vertex 206.295 30.3258 21
      vertex 211 24 21
      vertex 206.44 30.3579 21
    endloop
  endfacet
  facet normal -0 0 1
    outer loop
      vertex 206.148 30.3065 21
      vertex 211 24 21
      vertex 206.295 30.3258 21
    endloop
  endfacet
  facet normal -0 0 1
    outer loop
      vertex 206 30.3 21
      vertex 211 24 21
      vertex 206.148 30.3065 21
    endloop
  endfacet
  facet normal 0 0 1
    outer loop
      vertex 201 24 21
      vertex 206 30.3 21
      vertex 205.852 30.3065 21
    endloop
  endfacet
  facet normal 0 0 1
    outer loop
      vertex 201 24 21
      vertex 205.852 30.3065 21
      vertex 205.705 30.3258 21
    endloop
  endfacet
  facet normal 0 0 1
    outer loop
      vertex 201 24 21
      vertex 205.705 30.3258 21
      vertex 205.56 30.3579 21
    endloop
  endfacet
  facet normal 0 0 1
    outer loop
      vertex 201 24 21
      vertex 205.56 30.3579 21
      vertex 205.419 30.4025 21
    endloop
  endfacet
  facet normal 0 0 1
    outer loop
      vertex 201 24 21
      vertex 205.419 30.4025 21
      vertex 205.282 30.4593 21
    endloop
  endfacet
  facet normal 0 0 1
    outer loop
      vertex 201 24 21
      vertex 205.282 30.4593 21
      vertex 205.15 30.5278 21
    endloop
  endfacet
  facet normal 0 0 1
    outer loop
      vertex 201 24 21
      vertex 205.15 30.5278 21
      vertex 205.025 30.6074 21
    endloop
  endfacet
  facet normal 0 0 1
    outer loop
      vertex 201 24 21
      vertex 205.025 30.6074 21
      vertex 204.907 30.6977 21
    endloop
  endfacet
  facet normal 0 0 1
    outer loop
      vertex 198.629 26.25 21
      vertex 204.907 30.6977 21
      vertex 204.798 30.7979 21
    endloop
  endfacet
  facet normal 0 0 1
    outer loop
      vertex 198.629 26.25 21
      vertex 204.798 30.7979 21
      vertex 204.698 30.9073 21
    endloop
  endfacet
  facet normal 0 0 1
    outer loop
      vertex 204.306 32.1482 21
      vertex 198 37 21
      vertex 204.3 32 21
    endloop
  endfacet
  facet normal 0 0 1
    outer loop
      vertex 198 27.1511 21
      vertex 204.3 32 21
      vertex 198 37 21
    endloop
  endfacet
  facet normal 0 0 1
    outer loop
      vertex 204.3 32 21
      vertex 198 27.1511 21
      vertex 204.306 31.8518 21
    endloop
  endfacet
  facet normal 0 0 1
    outer loop
      vertex 204.306 31.8518 21
      vertex 198 27.1511 21
      vertex 204.326 31.7048 21
    endloop
  endfacet
  facet normal 0 0 1
    outer loop
      vertex 206 30.3 21
      vertex 201 24 21
      vertex 211 24 21
    endloop
  endfacet
  facet normal 0 0 1
    outer loop
      vertex 198.324 26.7282 21
      vertex 204.698 30.9073 21
      vertex 204.607 31.0249 21
    endloop
  endfacet
  facet normal 0 0 1
    outer loop
      vertex 198.324 26.7282 21
      vertex 204.607 31.0249 21
      vertex 204.528 31.15 21
    endloop
  endfacet
  facet normal 0 0 1
    outer loop
      vertex 198 27.1511 21
      vertex 204.528 31.15 21
      vertex 204.459 31.2815 21
    endloop
  endfacet
  facet normal 0 0 1
    outer loop
      vertex 198 27.1511 21
      vertex 204.459 31.2815 21
      vertex 204.403 31.4186 21
    endloop
  endfacet
  facet normal 0 0 1
    outer loop
      vertex 204.326 31.7048 21
      vertex 198 27.1511 21
      vertex 204.358 31.56 21
    endloop
  endfacet
  facet normal 0 0 1
    outer loop
      vertex 198 37 21
      vertex 201 40 21
      vertex 200.739 39.9886 21
    endloop
  endfacet
  facet normal 0 0 1
    outer loop
      vertex 204.698 30.9073 21
      vertex 198.324 26.7282 21
      vertex 198.629 26.25 21
    endloop
  endfacet
  facet normal 0 0 1
    outer loop
      vertex 198 37 21
      vertex 200.739 39.9886 21
      vertex 200.479 39.9544 21
    endloop
  endfacet
  facet normal 0 0 1
    outer loop
      vertex 204.907 30.6977 21
      vertex 198.629 26.25 21
      vertex 198.891 25.747 21
    endloop
  endfacet
  facet normal 0 0 1
    outer loop
      vertex 198 37 21
      vertex 200.479 39.9544 21
      vertex 200.224 39.8978 21
    endloop
  endfacet
  facet normal -0 -0 1
    outer loop
      vertex 199.108 25.2231 21
      vertex 201 24 21
      vertex 198.891 25.747 21
    endloop
  endfacet
  facet normal 0 0 1
    outer loop
      vertex 198 37 21
      vertex 200.224 39.8978 21
      vertex 199.974 39.8191 21
    endloop
  endfacet
  facet normal 0 0 1
    outer loop
      vertex 201 24 21
      vertex 199.108 25.2231 21
      vertex 200.739 24.0114 21
    endloop
  endfacet
  facet normal 0 0 1
    outer loop
      vertex 198 37 21
      vertex 199.974 39.8191 21
      vertex 199.732 39.7189 21
    endloop
  endfacet
  facet normal 0 0 1
    outer loop
      vertex 200.739 24.0114 21
      vertex 199.108 25.2231 21
      vertex 200.479 24.0456 21
    endloop
  endfacet
  facet normal 0 0 1
    outer loop
      vertex 198 37 21
      vertex 199.732 39.7189 21
      vertex 199.5 39.5981 21
    endloop
  endfacet
  facet normal 0 0 1
    outer loop
      vertex 200.224 24.1022 21
      vertex 199.108 25.2231 21
      vertex 199.974 24.1809 21
    endloop
  endfacet
  facet normal -0 -0 1
    outer loop
      vertex 199.279 24.6823 21
      vertex 199.732 24.2811 21
      vertex 199.108 25.2231 21
    endloop
  endfacet
  facet normal 0 0 1
    outer loop
      vertex 198 37 21
      vertex 199.5 39.5981 21
      vertex 199.279 39.4575 21
    endloop
  endfacet
  facet normal 0 0 1
    outer loop
      vertex 199.5 24.4019 21
      vertex 199.279 24.6823 21
      vertex 199.314 24.5201 21
    endloop
  endfacet
  facet normal 0 0 1
    outer loop
      vertex 199.732 24.2811 21
      vertex 199.279 24.6823 21
      vertex 199.5 24.4019 21
    endloop
  endfacet
  facet normal 0 0 1
    outer loop
      vertex 198 37 21
      vertex 199.279 39.4575 21
      vertex 199.072 39.2981 21
    endloop
  endfacet
  facet normal 0 0 1
    outer loop
      vertex 199.974 24.1809 21
      vertex 199.108 25.2231 21
      vertex 199.732 24.2811 21
    endloop
  endfacet
  facet normal 0 0 1
    outer loop
      vertex 198 37 21
      vertex 199.072 39.2981 21
      vertex 198.879 39.1213 21
    endloop
  endfacet
  facet normal 0 0 1
    outer loop
      vertex 198 37 21
      vertex 198.879 39.1213 21
      vertex 198.702 38.9284 21
    endloop
  endfacet
  facet normal 0 0 1
    outer loop
      vertex 204.358 31.56 21
      vertex 198 27.1511 21
      vertex 204.403 31.4186 21
    endloop
  endfacet
  facet normal 0 0 1
    outer loop
      vertex 198 37 21
      vertex 198.702 38.9284 21
      vertex 198.543 38.7207 21
    endloop
  endfacet
  facet normal 0 0 1
    outer loop
      vertex 198 37 21
      vertex 198.543 38.7207 21
      vertex 198.402 38.5 21
    endloop
  endfacet
  facet normal 0 0 1
    outer loop
      vertex 200.479 24.0456 21
      vertex 199.108 25.2231 21
      vertex 200.224 24.1022 21
    endloop
  endfacet
  facet normal 0 0 1
    outer loop
      vertex 198 37 21
      vertex 198.402 38.5 21
      vertex 198.281 38.2679 21
    endloop
  endfacet
  facet normal 0 0 1
    outer loop
      vertex 198 37 21
      vertex 198.281 38.2679 21
      vertex 198.181 38.0261 21
    endloop
  endfacet
  facet normal 0 0 1
    outer loop
      vertex 198 37 21
      vertex 198.181 38.0261 21
      vertex 198.102 37.7765 21
    endloop
  endfacet
  facet normal 0 0 1
    outer loop
      vertex 198 37 21
      vertex 198.102 37.7765 21
      vertex 198.046 37.5209 21
    endloop
  endfacet
  facet normal 0 0 1
    outer loop
      vertex 198 37 21
      vertex 198.046 37.5209 21
      vertex 198.011 37.2615 21
    endloop
  endfacet
  facet normal 0 0 1
    outer loop
      vertex 204.907 30.6977 21
      vertex 198.891 25.747 21
      vertex 201 24 21
    endloop
  endfacet
  facet normal 0 0 1
    outer loop
      vertex 204.528 31.15 21
      vertex 198 27.1511 21
      vertex 198.324 26.7282 21
    endloop
  endfacet
  facet normal 0.991425 -0.130677 -1.06223e-18
    outer loop
      vertex 57.9544 8.47906 21
      vertex 57.9886 8.73853 19
      vertex 57.9886 8.73853 21
    endloop
  endfacet
  facet normal 0.991425 -0.130677 -1.06223e-18
    outer loop
      vertex 57.9886 8.73853 19
      vertex 57.9544 8.47906 21
      vertex 57.9544 8.47906 19
    endloop
  endfacet
  facet normal -0.923821 0.382824 1.41395e-18
    outer loop
      vertex 42.1809 20.0261 19
      vertex 42.2811 20.2679 21
      vertex 42.2811 20.2679 19
    endloop
  endfacet
  facet normal -0.923821 0.382824 1.41395e-18
    outer loop
      vertex 42.2811 20.2679 21
      vertex 42.1809 20.0261 19
      vertex 42.1809 20.0261 21
    endloop
  endfacet
  facet normal 0.923821 -0.382824 -5.90261e-19
    outer loop
      vertex 57.7189 7.73214 21
      vertex 57.8191 7.97394 19
      vertex 57.8191 7.97394 21
    endloop
  endfacet
  facet normal 0.923821 -0.382824 -5.90261e-19
    outer loop
      vertex 57.8191 7.97394 19
      vertex 57.7189 7.73214 21
      vertex 57.7189 7.73214 19
    endloop
  endfacet
  facet normal 0.953715 0.300711 3.19684e-18
    outer loop
      vertex 57.8978 19.7765 21
      vertex 57.8191 20.0261 19
      vertex 57.8191 20.0261 21
    endloop
  endfacet
  facet normal 0.953715 0.300711 3.19684e-18
    outer loop
      vertex 57.8191 20.0261 19
      vertex 57.8978 19.7765 21
      vertex 57.8978 19.7765 19
    endloop
  endfacet
  facet normal 0.976334 -0.216267 -7.21702e-19
    outer loop
      vertex 57.8978 8.22354 21
      vertex 57.9544 8.47906 19
      vertex 57.9544 8.47906 21
    endloop
  endfacet
  facet normal 0.976334 -0.216267 -7.21702e-19
    outer loop
      vertex 57.9544 8.47906 19
      vertex 57.8978 8.22354 21
      vertex 57.8978 8.22354 19
    endloop
  endfacet
  facet normal 0 -1 0
    outer loop
      vertex 45 6 19
      vertex 55 6 21
      vertex 45 6 21
    endloop
  endfacet
  facet normal 0 -1 -0
    outer loop
      vertex 55 6 21
      vertex 45 6 19
      vertex 55 6 19
    endloop
  endfacet
  facet normal -0.382824 0.923821 0
    outer loop
      vertex 43.9739 21.8191 19
      vertex 43.7321 21.7189 21
      vertex 43.9739 21.8191 21
    endloop
  endfacet
  facet normal -0.382824 0.923821 0
    outer loop
      vertex 43.7321 21.7189 21
      vertex 43.9739 21.8191 19
      vertex 43.7321 21.7189 19
    endloop
  endfacet
  facet normal 0.0435533 0.999051 -0
    outer loop
      vertex 55.2615 21.9886 19
      vertex 55 22 21
      vertex 55.2615 21.9886 21
    endloop
  endfacet
  facet normal 0.0435533 0.999051 0
    outer loop
      vertex 55 22 21
      vertex 55.2615 21.9886 19
      vertex 55 22 19
    endloop
  endfacet
  facet normal -0.843427 -0.537244 -1.27077e-19
    outer loop
      vertex 42.5425 7.27927 19
      vertex 42.4019 7.5 21
      vertex 42.4019 7.5 19
    endloop
  endfacet
  facet normal -0.843427 -0.537244 -1.27077e-19
    outer loop
      vertex 42.4019 7.5 21
      vertex 42.5425 7.27927 19
      vertex 42.5425 7.27927 21
    endloop
  endfacet
  facet normal -0.976334 -0.216267 7.21702e-19
    outer loop
      vertex 42.1022 8.22354 19
      vertex 42.0456 8.47906 21
      vertex 42.0456 8.47906 19
    endloop
  endfacet
  facet normal -0.976334 -0.216267 7.21702e-19
    outer loop
      vertex 42.0456 8.47906 21
      vertex 42.1022 8.22354 19
      vertex 42.1022 8.22354 21
    endloop
  endfacet
  facet normal -0.99142 0.130712 -1.49217e-18
    outer loop
      vertex 42.0114 19.2615 19
      vertex 42.0456 19.5209 21
      vertex 42.0456 19.5209 19
    endloop
  endfacet
  facet normal -0.99142 0.130712 -1.49217e-18
    outer loop
      vertex 42.0456 19.5209 21
      vertex 42.0114 19.2615 19
      vertex 42.0114 19.2615 21
    endloop
  endfacet
  facet normal -0.0435533 0.999051 0
    outer loop
      vertex 45 22 19
      vertex 44.7385 21.9886 21
      vertex 45 22 21
    endloop
  endfacet
  facet normal -0.0435533 0.999051 0
    outer loop
      vertex 44.7385 21.9886 21
      vertex 45 22 19
      vertex 44.7385 21.9886 19
    endloop
  endfacet
  facet normal -0.843394 0.537296 8.74701e-19
    outer loop
      vertex 42.4019 20.5 19
      vertex 42.5425 20.7207 21
      vertex 42.5425 20.7207 19
    endloop
  endfacet
  facet normal -0.843394 0.537296 8.74701e-19
    outer loop
      vertex 42.5425 20.7207 21
      vertex 42.4019 20.5 19
      vertex 42.4019 20.5 21
    endloop
  endfacet
  facet normal 0.608656 -0.793434 0
    outer loop
      vertex 56.7207 6.54254 19
      vertex 56.9284 6.70187 21
      vertex 56.7207 6.54254 21
    endloop
  endfacet
  facet normal 0.608656 -0.793434 0
    outer loop
      vertex 56.9284 6.70187 21
      vertex 56.7207 6.54254 19
      vertex 56.9284 6.70187 19
    endloop
  endfacet
  facet normal -0.130712 0.99142 0
    outer loop
      vertex 44.7385 21.9886 19
      vertex 44.4791 21.9544 21
      vertex 44.7385 21.9886 21
    endloop
  endfacet
  facet normal -0.130712 0.99142 0
    outer loop
      vertex 44.4791 21.9544 21
      vertex 44.7385 21.9886 19
      vertex 44.4791 21.9544 19
    endloop
  endfacet
  facet normal -0.793305 0.608824 1.73415e-18
    outer loop
      vertex 42.5425 20.7207 19
      vertex 42.7019 20.9284 21
      vertex 42.7019 20.9284 19
    endloop
  endfacet
  facet normal -0.793305 0.608824 1.73415e-18
    outer loop
      vertex 42.7019 20.9284 21
      vertex 42.5425 20.7207 19
      vertex 42.5425 20.7207 21
    endloop
  endfacet
  facet normal 0.130561 -0.99144 0
    outer loop
      vertex 55.2615 6.01142 19
      vertex 55.5209 6.04558 21
      vertex 55.2615 6.01142 21
    endloop
  endfacet
  facet normal 0.130561 -0.99144 0
    outer loop
      vertex 55.5209 6.04558 21
      vertex 55.2615 6.01142 19
      vertex 55.5209 6.04558 19
    endloop
  endfacet
  facet normal 0.0436295 -0.999048 0
    outer loop
      vertex 55 6 19
      vertex 55.2615 6.01142 21
      vertex 55 6 21
    endloop
  endfacet
  facet normal 0.0436295 -0.999048 0
    outer loop
      vertex 55.2615 6.01142 21
      vertex 55 6 19
      vertex 55.2615 6.01142 19
    endloop
  endfacet
  facet normal -0.953715 -0.300711 -2.45581e-18
    outer loop
      vertex 42.1809 7.97394 19
      vertex 42.1022 8.22354 21
      vertex 42.1022 8.22354 19
    endloop
  endfacet
  facet normal -0.953715 -0.300711 -2.45581e-18
    outer loop
      vertex 42.1022 8.22354 21
      vertex 42.1809 7.97394 19
      vertex 42.1809 7.97394 21
    endloop
  endfacet
  facet normal -0.923821 -0.382824 5.90261e-19
    outer loop
      vertex 42.2811 7.73214 19
      vertex 42.1809 7.97394 21
      vertex 42.1809 7.97394 19
    endloop
  endfacet
  facet normal -0.923821 -0.382824 5.90261e-19
    outer loop
      vertex 42.1809 7.97394 21
      vertex 42.2811 7.73214 19
      vertex 42.2811 7.73214 21
    endloop
  endfacet
  facet normal -0.0436295 -0.999048 0
    outer loop
      vertex 44.7385 6.01142 19
      vertex 45 6 21
      vertex 44.7385 6.01142 21
    endloop
  endfacet
  facet normal -0.0436295 -0.999048 -0
    outer loop
      vertex 45 6 21
      vertex 44.7385 6.01142 19
      vertex 45 6 19
    endloop
  endfacet
  facet normal 0.382824 0.923821 -0
    outer loop
      vertex 56.2679 21.7189 19
      vertex 56.0261 21.8191 21
      vertex 56.2679 21.7189 21
    endloop
  endfacet
  facet normal 0.382824 0.923821 0
    outer loop
      vertex 56.0261 21.8191 21
      vertex 56.2679 21.7189 19
      vertex 56.0261 21.8191 19
    endloop
  endfacet
  facet normal 0.999051 -0.0435583 2.11692e-19
    outer loop
      vertex 57.9886 8.73853 21
      vertex 58 9 19
      vertex 58 9 21
    endloop
  endfacet
  facet normal 0.999051 -0.0435583 2.11692e-19
    outer loop
      vertex 58 9 19
      vertex 57.9886 8.73853 21
      vertex 57.9886 8.73853 19
    endloop
  endfacet
  facet normal 0.793305 0.608824 -1.73415e-18
    outer loop
      vertex 57.4575 20.7207 21
      vertex 57.2981 20.9284 19
      vertex 57.2981 20.9284 21
    endloop
  endfacet
  facet normal 0.793305 0.608824 -1.73415e-18
    outer loop
      vertex 57.2981 20.9284 19
      vertex 57.4575 20.7207 21
      vertex 57.4575 20.7207 19
    endloop
  endfacet
  facet normal -0.216202 0.976349 0
    outer loop
      vertex 44.4791 21.9544 19
      vertex 44.2235 21.8978 21
      vertex 44.4791 21.9544 21
    endloop
  endfacet
  facet normal -0.216202 0.976349 0
    outer loop
      vertex 44.2235 21.8978 21
      vertex 44.4791 21.9544 19
      vertex 44.2235 21.8978 19
    endloop
  endfacet
  facet normal 0.461678 0.887048 -0
    outer loop
      vertex 56.5 21.5981 19
      vertex 56.2679 21.7189 21
      vertex 56.5 21.5981 21
    endloop
  endfacet
  facet normal 0.461678 0.887048 0
    outer loop
      vertex 56.2679 21.7189 21
      vertex 56.5 21.5981 19
      vertex 56.2679 21.7189 19
    endloop
  endfacet
  facet normal -0.608656 -0.793434 0
    outer loop
      vertex 43.0716 6.70187 19
      vertex 43.2793 6.54254 21
      vertex 43.0716 6.70187 21
    endloop
  endfacet
  facet normal -0.608656 -0.793434 -0
    outer loop
      vertex 43.2793 6.54254 21
      vertex 43.0716 6.70187 19
      vertex 43.2793 6.54254 19
    endloop
  endfacet
  facet normal -1 0 0
    outer loop
      vertex 42 9 19
      vertex 42 19 21
      vertex 42 19 19
    endloop
  endfacet
  facet normal -1 -0 0
    outer loop
      vertex 42 19 21
      vertex 42 9 19
      vertex 42 9 21
    endloop
  endfacet
  facet normal 0.976349 0.216202 -3.19507e-20
    outer loop
      vertex 57.9544 19.5209 21
      vertex 57.8978 19.7765 19
      vertex 57.8978 19.7765 21
    endloop
  endfacet
  facet normal 0.976349 0.216202 -3.19507e-20
    outer loop
      vertex 57.8978 19.7765 19
      vertex 57.9544 19.5209 21
      vertex 57.9544 19.5209 19
    endloop
  endfacet
  facet normal 0.608824 0.793305 -0
    outer loop
      vertex 56.9284 21.2981 19
      vertex 56.7207 21.4575 21
      vertex 56.9284 21.2981 21
    endloop
  endfacet
  facet normal 0.608824 0.793305 0
    outer loop
      vertex 56.7207 21.4575 21
      vertex 56.9284 21.2981 19
      vertex 56.7207 21.4575 19
    endloop
  endfacet
  facet normal -0.999051 0.0435533 1.071e-21
    outer loop
      vertex 42 19 19
      vertex 42.0114 19.2615 21
      vertex 42.0114 19.2615 19
    endloop
  endfacet
  facet normal -0.999051 0.0435533 1.071e-21
    outer loop
      vertex 42.0114 19.2615 21
      vertex 42 19 19
      vertex 42 19 21
    endloop
  endfacet
  facet normal 0.461798 -0.886985 0
    outer loop
      vertex 56.2679 6.28108 19
      vertex 56.5 6.40192 21
      vertex 56.2679 6.28108 21
    endloop
  endfacet
  facet normal 0.461798 -0.886985 0
    outer loop
      vertex 56.5 6.40192 21
      vertex 56.2679 6.28108 19
      vertex 56.5 6.40192 19
    endloop
  endfacet
  facet normal 0.843394 0.537296 -8.74701e-19
    outer loop
      vertex 57.5981 20.5 21
      vertex 57.4575 20.7207 19
      vertex 57.4575 20.7207 21
    endloop
  endfacet
  facet normal 0.843394 0.537296 -8.74701e-19
    outer loop
      vertex 57.4575 20.7207 19
      vertex 57.5981 20.5 21
      vertex 57.5981 20.5 19
    endloop
  endfacet
  facet normal 1 -0 0
    outer loop
      vertex 58 9 21
      vertex 58 19 19
      vertex 58 19 21
    endloop
  endfacet
  facet normal 1 0 0
    outer loop
      vertex 58 19 19
      vertex 58 9 21
      vertex 58 9 19
    endloop
  endfacet
  facet normal 0.216348 -0.976316 0
    outer loop
      vertex 55.5209 6.04558 19
      vertex 55.7765 6.10222 21
      vertex 55.5209 6.04558 21
    endloop
  endfacet
  facet normal 0.216348 -0.976316 0
    outer loop
      vertex 55.7765 6.10222 21
      vertex 55.5209 6.04558 19
      vertex 55.7765 6.10222 19
    endloop
  endfacet
  facet normal -0.461798 -0.886985 0
    outer loop
      vertex 43.5 6.40192 19
      vertex 43.7321 6.28108 21
      vertex 43.5 6.40192 21
    endloop
  endfacet
  facet normal -0.461798 -0.886985 -0
    outer loop
      vertex 43.7321 6.28108 21
      vertex 43.5 6.40192 19
      vertex 43.7321 6.28108 19
    endloop
  endfacet
  facet normal 0.843427 -0.537244 1.27077e-19
    outer loop
      vertex 57.4575 7.27927 21
      vertex 57.5981 7.5 19
      vertex 57.5981 7.5 21
    endloop
  endfacet
  facet normal 0.843427 -0.537244 1.27077e-19
    outer loop
      vertex 57.5981 7.5 19
      vertex 57.4575 7.27927 21
      vertex 57.4575 7.27927 19
    endloop
  endfacet
  facet normal -0.999051 -0.0435583 -2.11692e-19
    outer loop
      vertex 42.0114 8.73853 19
      vertex 42 9 21
      vertex 42 9 19
    endloop
  endfacet
  facet normal -0.999051 -0.0435583 -2.11692e-19
    outer loop
      vertex 42 9 21
      vertex 42.0114 8.73853 19
      vertex 42.0114 8.73853 21
    endloop
  endfacet
  facet normal -0.130561 -0.99144 0
    outer loop
      vertex 44.4791 6.04558 19
      vertex 44.7385 6.01142 21
      vertex 44.4791 6.04558 21
    endloop
  endfacet
  facet normal -0.130561 -0.99144 -0
    outer loop
      vertex 44.7385 6.01142 21
      vertex 44.4791 6.04558 19
      vertex 44.7385 6.01142 19
    endloop
  endfacet
  facet normal 0.999051 0.0435533 -1.071e-21
    outer loop
      vertex 58 19 21
      vertex 57.9886 19.2615 19
      vertex 57.9886 19.2615 21
    endloop
  endfacet
  facet normal 0.999051 0.0435533 -1.071e-21
    outer loop
      vertex 57.9886 19.2615 19
      vertex 58 19 21
      vertex 58 19 19
    endloop
  endfacet
  facet normal 0.675673 0.737202 -0
    outer loop
      vertex 57.1213 21.1213 19
      vertex 56.9284 21.2981 21
      vertex 57.1213 21.1213 21
    endloop
  endfacet
  facet normal 0.675673 0.737202 0
    outer loop
      vertex 56.9284 21.2981 21
      vertex 57.1213 21.1213 19
      vertex 56.9284 21.2981 19
    endloop
  endfacet
  facet normal -0.675693 -0.737183 0
    outer loop
      vertex 42.8787 6.87868 19
      vertex 43.0716 6.70187 21
      vertex 42.8787 6.87868 21
    endloop
  endfacet
  facet normal -0.675693 -0.737183 -0
    outer loop
      vertex 43.0716 6.70187 21
      vertex 42.8787 6.87868 19
      vertex 43.0716 6.70187 19
    endloop
  endfacet
  facet normal 0.382694 -0.923875 0
    outer loop
      vertex 56.0261 6.18092 19
      vertex 56.2679 6.28108 21
      vertex 56.0261 6.18092 21
    endloop
  endfacet
  facet normal 0.382694 -0.923875 0
    outer loop
      vertex 56.2679 6.28108 21
      vertex 56.0261 6.18092 19
      vertex 56.2679 6.28108 19
    endloop
  endfacet
  facet normal 0.953715 -0.300711 2.45581e-18
    outer loop
      vertex 57.8191 7.97394 21
      vertex 57.8978 8.22354 19
      vertex 57.8978 8.22354 21
    endloop
  endfacet
  facet normal 0.953715 -0.300711 2.45581e-18
    outer loop
      vertex 57.8978 8.22354 19
      vertex 57.8191 7.97394 21
      vertex 57.8191 7.97394 19
    endloop
  endfacet
  facet normal 0.130712 0.99142 -0
    outer loop
      vertex 55.5209 21.9544 19
      vertex 55.2615 21.9886 21
      vertex 55.5209 21.9544 21
    endloop
  endfacet
  facet normal 0.130712 0.99142 0
    outer loop
      vertex 55.2615 21.9886 21
      vertex 55.5209 21.9544 19
      vertex 55.2615 21.9886 19
    endloop
  endfacet
  facet normal -0.300711 -0.953715 0
    outer loop
      vertex 43.9739 6.18092 19
      vertex 44.2235 6.10222 21
      vertex 43.9739 6.18092 21
    endloop
  endfacet
  facet normal -0.300711 -0.953715 -0
    outer loop
      vertex 44.2235 6.10222 21
      vertex 43.9739 6.18092 19
      vertex 44.2235 6.10222 19
    endloop
  endfacet
  facet normal -0.608824 0.793305 0
    outer loop
      vertex 43.2793 21.4575 19
      vertex 43.0716 21.2981 21
      vertex 43.2793 21.4575 21
    endloop
  endfacet
  facet normal -0.608824 0.793305 0
    outer loop
      vertex 43.0716 21.2981 21
      vertex 43.2793 21.4575 19
      vertex 43.0716 21.2981 19
    endloop
  endfacet
  facet normal -0.991425 -0.130677 1.06223e-18
    outer loop
      vertex 42.0456 8.47906 19
      vertex 42.0114 8.73853 21
      vertex 42.0114 8.73853 19
    endloop
  endfacet
  facet normal -0.991425 -0.130677 1.06223e-18
    outer loop
      vertex 42.0114 8.73853 21
      vertex 42.0456 8.47906 19
      vertex 42.0456 8.47906 21
    endloop
  endfacet
  facet normal -0.887048 0.461678 -2.56252e-18
    outer loop
      vertex 42.2811 20.2679 19
      vertex 42.4019 20.5 21
      vertex 42.4019 20.5 19
    endloop
  endfacet
  facet normal -0.887048 0.461678 -2.56252e-18
    outer loop
      vertex 42.4019 20.5 21
      vertex 42.2811 20.2679 19
      vertex 42.2811 20.2679 21
    endloop
  endfacet
  facet normal -0.953715 0.300711 -3.19684e-18
    outer loop
      vertex 42.1022 19.7765 19
      vertex 42.1809 20.0261 21
      vertex 42.1809 20.0261 19
    endloop
  endfacet
  facet normal -0.953715 0.300711 -3.19684e-18
    outer loop
      vertex 42.1809 20.0261 21
      vertex 42.1022 19.7765 19
      vertex 42.1022 19.7765 21
    endloop
  endfacet
  facet normal -0.793206 -0.608954 3.3151e-18
    outer loop
      vertex 42.7019 7.07164 19
      vertex 42.5425 7.27927 21
      vertex 42.5425 7.27927 19
    endloop
  endfacet
  facet normal -0.793206 -0.608954 3.3151e-18
    outer loop
      vertex 42.5425 7.27927 21
      vertex 42.7019 7.07164 19
      vertex 42.7019 7.07164 21
    endloop
  endfacet
  facet normal 0.887048 0.461678 2.56252e-18
    outer loop
      vertex 57.7189 20.2679 21
      vertex 57.5981 20.5 19
      vertex 57.5981 20.5 21
    endloop
  endfacet
  facet normal 0.887048 0.461678 2.56252e-18
    outer loop
      vertex 57.5981 20.5 19
      vertex 57.7189 20.2679 21
      vertex 57.7189 20.2679 19
    endloop
  endfacet
  facet normal 0.99142 0.130712 1.49217e-18
    outer loop
      vertex 57.9886 19.2615 21
      vertex 57.9544 19.5209 19
      vertex 57.9544 19.5209 21
    endloop
  endfacet
  facet normal 0.99142 0.130712 1.49217e-18
    outer loop
      vertex 57.9544 19.5209 19
      vertex 57.9886 19.2615 21
      vertex 57.9886 19.2615 19
    endloop
  endfacet
  facet normal -0.675673 0.737202 0
    outer loop
      vertex 43.0716 21.2981 19
      vertex 42.8787 21.1213 21
      vertex 43.0716 21.2981 21
    endloop
  endfacet
  facet normal -0.675673 0.737202 0
    outer loop
      vertex 42.8787 21.1213 21
      vertex 43.0716 21.2981 19
      vertex 42.8787 21.1213 19
    endloop
  endfacet
  facet normal 0.675693 -0.737183 0
    outer loop
      vertex 56.9284 6.70187 19
      vertex 57.1213 6.87868 21
      vertex 56.9284 6.70187 21
    endloop
  endfacet
  facet normal 0.675693 -0.737183 0
    outer loop
      vertex 57.1213 6.87868 21
      vertex 56.9284 6.70187 19
      vertex 57.1213 6.87868 19
    endloop
  endfacet
  facet normal -0.976349 0.216202 3.19507e-20
    outer loop
      vertex 42.0456 19.5209 19
      vertex 42.1022 19.7765 21
      vertex 42.1022 19.7765 19
    endloop
  endfacet
  facet normal -0.976349 0.216202 3.19507e-20
    outer loop
      vertex 42.1022 19.7765 21
      vertex 42.0456 19.5209 19
      vertex 42.0456 19.5209 21
    endloop
  endfacet
  facet normal 0.793206 -0.608954 -3.3151e-18
    outer loop
      vertex 57.2981 7.07164 21
      vertex 57.4575 7.27927 19
      vertex 57.4575 7.27927 21
    endloop
  endfacet
  facet normal 0.793206 -0.608954 -3.3151e-18
    outer loop
      vertex 57.4575 7.27927 19
      vertex 57.2981 7.07164 21
      vertex 57.2981 7.07164 19
    endloop
  endfacet
  facet normal -0.461678 0.887048 0
    outer loop
      vertex 43.7321 21.7189 19
      vertex 43.5 21.5981 21
      vertex 43.7321 21.7189 21
    endloop
  endfacet
  facet normal -0.461678 0.887048 0
    outer loop
      vertex 43.5 21.5981 21
      vertex 43.7321 21.7189 19
      vertex 43.5 21.5981 19
    endloop
  endfacet
  facet normal 0 1 -0
    outer loop
      vertex 55 22 19
      vertex 45 22 21
      vertex 55 22 21
    endloop
  endfacet
  facet normal 0 1 0
    outer loop
      vertex 45 22 21
      vertex 55 22 19
      vertex 45 22 19
    endloop
  endfacet
  facet normal -0.53735 -0.843359 0
    outer loop
      vertex 43.2793 6.54254 19
      vertex 43.5 6.40192 21
      vertex 43.2793 6.54254 21
    endloop
  endfacet
  facet normal -0.53735 -0.843359 -0
    outer loop
      vertex 43.5 6.40192 21
      vertex 43.2793 6.54254 19
      vertex 43.5 6.40192 19
    endloop
  endfacet
  facet normal -0.537296 0.843394 0
    outer loop
      vertex 43.5 21.5981 19
      vertex 43.2793 21.4575 21
      vertex 43.5 21.5981 21
    endloop
  endfacet
  facet normal -0.537296 0.843394 0
    outer loop
      vertex 43.2793 21.4575 21
      vertex 43.5 21.5981 19
      vertex 43.2793 21.4575 19
    endloop
  endfacet
  facet normal -0.737306 -0.675559 -3.72173e-19
    outer loop
      vertex 42.8787 6.87868 19
      vertex 42.7019 7.07164 21
      vertex 42.7019 7.07164 19
    endloop
  endfacet
  facet normal -0.737306 -0.675559 -3.72173e-19
    outer loop
      vertex 42.7019 7.07164 21
      vertex 42.8787 6.87868 19
      vertex 42.8787 6.87868 21
    endloop
  endfacet
  facet normal 0.216202 0.976349 -0
    outer loop
      vertex 55.7765 21.8978 19
      vertex 55.5209 21.9544 21
      vertex 55.7765 21.8978 21
    endloop
  endfacet
  facet normal 0.216202 0.976349 0
    outer loop
      vertex 55.5209 21.9544 21
      vertex 55.7765 21.8978 19
      vertex 55.5209 21.9544 19
    endloop
  endfacet
  facet normal 0.537296 0.843394 -0
    outer loop
      vertex 56.7207 21.4575 19
      vertex 56.5 21.5981 21
      vertex 56.7207 21.4575 21
    endloop
  endfacet
  facet normal 0.537296 0.843394 0
    outer loop
      vertex 56.5 21.5981 21
      vertex 56.7207 21.4575 19
      vertex 56.5 21.5981 19
    endloop
  endfacet
  facet normal -0.216348 -0.976316 0
    outer loop
      vertex 44.2235 6.10222 19
      vertex 44.4791 6.04558 21
      vertex 44.2235 6.10222 21
    endloop
  endfacet
  facet normal -0.216348 -0.976316 -0
    outer loop
      vertex 44.4791 6.04558 21
      vertex 44.2235 6.10222 19
      vertex 44.4791 6.04558 19
    endloop
  endfacet
  facet normal 0.923821 0.382824 -1.41395e-18
    outer loop
      vertex 57.8191 20.0261 21
      vertex 57.7189 20.2679 19
      vertex 57.7189 20.2679 21
    endloop
  endfacet
  facet normal 0.923821 0.382824 -1.41395e-18
    outer loop
      vertex 57.7189 20.2679 19
      vertex 57.8191 20.0261 21
      vertex 57.8191 20.0261 19
    endloop
  endfacet
  facet normal 0.88708 -0.461615 -2.10469e-18
    outer loop
      vertex 57.5981 7.5 21
      vertex 57.7189 7.73214 19
      vertex 57.7189 7.73214 21
    endloop
  endfacet
  facet normal 0.88708 -0.461615 -2.10469e-18
    outer loop
      vertex 57.7189 7.73214 19
      vertex 57.5981 7.5 21
      vertex 57.5981 7.5 19
    endloop
  endfacet
  facet normal 0.53735 -0.843359 0
    outer loop
      vertex 56.5 6.40192 19
      vertex 56.7207 6.54254 21
      vertex 56.5 6.40192 21
    endloop
  endfacet
  facet normal 0.53735 -0.843359 0
    outer loop
      vertex 56.7207 6.54254 21
      vertex 56.5 6.40192 19
      vertex 56.7207 6.54254 19
    endloop
  endfacet
  facet normal -0.88708 -0.461615 2.10469e-18
    outer loop
      vertex 42.4019 7.5 19
      vertex 42.2811 7.73214 21
      vertex 42.2811 7.73214 19
    endloop
  endfacet
  facet normal -0.88708 -0.461615 2.10469e-18
    outer loop
      vertex 42.2811 7.73214 21
      vertex 42.4019 7.5 19
      vertex 42.4019 7.5 21
    endloop
  endfacet
  facet normal 0.300711 0.953715 -0
    outer loop
      vertex 56.0261 21.8191 19
      vertex 55.7765 21.8978 21
      vertex 56.0261 21.8191 21
    endloop
  endfacet
  facet normal 0.300711 0.953715 0
    outer loop
      vertex 55.7765 21.8978 21
      vertex 56.0261 21.8191 19
      vertex 55.7765 21.8978 19
    endloop
  endfacet
  facet normal -0.300711 0.953715 0
    outer loop
      vertex 44.2235 21.8978 19
      vertex 43.9739 21.8191 21
      vertex 44.2235 21.8978 21
    endloop
  endfacet
  facet normal -0.300711 0.953715 0
    outer loop
      vertex 43.9739 21.8191 21
      vertex 44.2235 21.8978 19
      vertex 43.9739 21.8191 19
    endloop
  endfacet
  facet normal 0.737202 0.675673 5.38473e-18
    outer loop
      vertex 57.2981 20.9284 21
      vertex 57.1213 21.1213 19
      vertex 57.1213 21.1213 21
    endloop
  endfacet
  facet normal 0.737202 0.675673 5.38473e-18
    outer loop
      vertex 57.1213 21.1213 19
      vertex 57.2981 20.9284 21
      vertex 57.2981 20.9284 19
    endloop
  endfacet
  facet normal 0.737306 -0.675559 3.72173e-19
    outer loop
      vertex 57.1213 6.87868 21
      vertex 57.2981 7.07164 19
      vertex 57.2981 7.07164 21
    endloop
  endfacet
  facet normal 0.737306 -0.675559 3.72173e-19
    outer loop
      vertex 57.2981 7.07164 19
      vertex 57.1213 6.87868 21
      vertex 57.1213 6.87868 19
    endloop
  endfacet
  facet normal -0.382694 -0.923875 0
    outer loop
      vertex 43.7321 6.28108 19
      vertex 43.9739 6.18092 21
      vertex 43.7321 6.28108 21
    endloop
  endfacet
  facet normal -0.382694 -0.923875 -0
    outer loop
      vertex 43.9739 6.18092 21
      vertex 43.7321 6.28108 19
      vertex 43.9739 6.18092 19
    endloop
  endfacet
  facet normal 0.300711 -0.953715 0
    outer loop
      vertex 55.7765 6.10222 19
      vertex 56.0261 6.18092 21
      vertex 55.7765 6.10222 21
    endloop
  endfacet
  facet normal 0.300711 -0.953715 0
    outer loop
      vertex 56.0261 6.18092 21
      vertex 55.7765 6.10222 19
      vertex 56.0261 6.18092 19
    endloop
  endfacet
  facet normal -0.737202 0.675673 -5.38473e-18
    outer loop
      vertex 42.7019 20.9284 19
      vertex 42.8787 21.1213 21
      vertex 42.8787 21.1213 19
    endloop
  endfacet
  facet normal -0.737202 0.675673 -5.38473e-18
    outer loop
      vertex 42.8787 21.1213 21
      vertex 42.7019 20.9284 19
      vertex 42.7019 20.9284 21
    endloop
  endfacet
  facet normal 0 0 1
    outer loop
      vertex 55 22 21
      vertex 58 19 21
      vertex 57.9886 19.2615 21
    endloop
  endfacet
  facet normal 0 0 1
    outer loop
      vertex 58 19 21
      vertex 51.7 14 21
      vertex 58 9 21
    endloop
  endfacet
  facet normal 0 0 1
    outer loop
      vertex 55 22 21
      vertex 57.9886 19.2615 21
      vertex 57.9544 19.5209 21
    endloop
  endfacet
  facet normal -0 0 1
    outer loop
      vertex 51.6935 13.8518 21
      vertex 58 9 21
      vertex 51.7 14 21
    endloop
  endfacet
  facet normal 0 0 1
    outer loop
      vertex 55 22 21
      vertex 57.9544 19.5209 21
      vertex 57.8978 19.7765 21
    endloop
  endfacet
  facet normal -0 0 1
    outer loop
      vertex 51.6742 13.7048 21
      vertex 58 9 21
      vertex 51.6935 13.8518 21
    endloop
  endfacet
  facet normal 0 0 1
    outer loop
      vertex 55 22 21
      vertex 57.8978 19.7765 21
      vertex 57.8191 20.0261 21
    endloop
  endfacet
  facet normal -0 0 1
    outer loop
      vertex 51.6421 13.56 21
      vertex 58 9 21
      vertex 51.6742 13.7048 21
    endloop
  endfacet
  facet normal 0 0 1
    outer loop
      vertex 55 22 21
      vertex 57.8191 20.0261 21
      vertex 57.7189 20.2679 21
    endloop
  endfacet
  facet normal -0 0 1
    outer loop
      vertex 51.5975 13.4186 21
      vertex 58 9 21
      vertex 51.6421 13.56 21
    endloop
  endfacet
  facet normal 0 0 1
    outer loop
      vertex 55 22 21
      vertex 57.7189 20.2679 21
      vertex 57.5981 20.5 21
    endloop
  endfacet
  facet normal -0 0 1
    outer loop
      vertex 51.5407 13.2815 21
      vertex 58 9 21
      vertex 51.5975 13.4186 21
    endloop
  endfacet
  facet normal 0 0 1
    outer loop
      vertex 55 22 21
      vertex 57.5981 20.5 21
      vertex 57.4575 20.7207 21
    endloop
  endfacet
  facet normal -0 0 1
    outer loop
      vertex 51.4722 13.15 21
      vertex 58 9 21
      vertex 51.5407 13.2815 21
    endloop
  endfacet
  facet normal 0 0 1
    outer loop
      vertex 55 22 21
      vertex 57.4575 20.7207 21
      vertex 57.2981 20.9284 21
    endloop
  endfacet
  facet normal -0 0 1
    outer loop
      vertex 51.3926 13.0249 21
      vertex 58 9 21
      vertex 51.4722 13.15 21
    endloop
  endfacet
  facet normal 0 0 1
    outer loop
      vertex 55 22 21
      vertex 57.2981 20.9284 21
      vertex 57.1213 21.1213 21
    endloop
  endfacet
  facet normal -0 0 1
    outer loop
      vertex 51.3023 12.9073 21
      vertex 58 9 21
      vertex 51.3926 13.0249 21
    endloop
  endfacet
  facet normal 0 0 1
    outer loop
      vertex 55 22 21
      vertex 57.1213 21.1213 21
      vertex 56.9284 21.2981 21
    endloop
  endfacet
  facet normal -0 0 1
    outer loop
      vertex 51.2021 12.7979 21
      vertex 58 9 21
      vertex 51.3023 12.9073 21
    endloop
  endfacet
  facet normal 0 0 1
    outer loop
      vertex 55 22 21
      vertex 56.9284 21.2981 21
      vertex 56.7207 21.4575 21
    endloop
  endfacet
  facet normal 0 -0 1
    outer loop
      vertex 55 6 21
      vertex 58 9 21
      vertex 51.2021 12.7979 21
    endloop
  endfacet
  facet normal 0 0 1
    outer loop
      vertex 55 22 21
      vertex 56.7207 21.4575 21
      vertex 56.5 21.5981 21
    endloop
  endfacet
  facet normal 0 0 1
    outer loop
      vertex 58 9 21
      vertex 55 6 21
      vertex 57.9886 8.73853 21
    endloop
  endfacet
  facet normal 0 0 1
    outer loop
      vertex 55 22 21
      vertex 56.5 21.5981 21
      vertex 56.2679 21.7189 21
    endloop
  endfacet
  facet normal 0 0 1
    outer loop
      vertex 57.9886 8.73853 21
      vertex 55 6 21
      vertex 57.9544 8.47906 21
    endloop
  endfacet
  facet normal 0 0 1
    outer loop
      vertex 55 22 21
      vertex 56.2679 21.7189 21
      vertex 56.0261 21.8191 21
    endloop
  endfacet
  facet normal 0 0 1
    outer loop
      vertex 57.8978 8.22354 21
      vertex 55 6 21
      vertex 57.8191 7.97394 21
    endloop
  endfacet
  facet normal 0 0 1
    outer loop
      vertex 55 22 21
      vertex 56.0261 21.8191 21
      vertex 55.7765 21.8978 21
    endloop
  endfacet
  facet normal 0 0 1
    outer loop
      vertex 57.8191 7.97394 21
      vertex 55 6 21
      vertex 57.7189 7.73214 21
    endloop
  endfacet
  facet normal 0 0 1
    outer loop
      vertex 55 22 21
      vertex 55.7765 21.8978 21
      vertex 55.5209 21.9544 21
    endloop
  endfacet
  facet normal 0 0 1
    outer loop
      vertex 57.7189 7.73214 21
      vertex 55 6 21
      vertex 57.5981 7.5 21
    endloop
  endfacet
  facet normal 0 0 1
    outer loop
      vertex 55 22 21
      vertex 55.5209 21.9544 21
      vertex 55.2615 21.9886 21
    endloop
  endfacet
  facet normal 0 0 1
    outer loop
      vertex 57.5981 7.5 21
      vertex 55 6 21
      vertex 57.4575 7.27927 21
    endloop
  endfacet
  facet normal 0 0 1
    outer loop
      vertex 58 19 21
      vertex 55 22 21
      vertex 51.2021 15.2021 21
    endloop
  endfacet
  facet normal 0 0 1
    outer loop
      vertex 57.4575 7.27927 21
      vertex 55 6 21
      vertex 57.2981 7.07164 21
    endloop
  endfacet
  facet normal 0 0 1
    outer loop
      vertex 57.2981 7.07164 21
      vertex 55 6 21
      vertex 57.1213 6.87868 21
    endloop
  endfacet
  facet normal 0 0 1
    outer loop
      vertex 58 19 21
      vertex 51.6935 14.1482 21
      vertex 51.7 14 21
    endloop
  endfacet
  facet normal 0 0 1
    outer loop
      vertex 58 19 21
      vertex 51.6742 14.2952 21
      vertex 51.6935 14.1482 21
    endloop
  endfacet
  facet normal 0 0 1
    outer loop
      vertex 58 19 21
      vertex 51.6421 14.44 21
      vertex 51.6742 14.2952 21
    endloop
  endfacet
  facet normal 0 0 1
    outer loop
      vertex 58 19 21
      vertex 51.5975 14.5814 21
      vertex 51.6421 14.44 21
    endloop
  endfacet
  facet normal 0 0 1
    outer loop
      vertex 58 19 21
      vertex 51.5407 14.7185 21
      vertex 51.5975 14.5814 21
    endloop
  endfacet
  facet normal 0 0 1
    outer loop
      vertex 58 19 21
      vertex 51.4722 14.85 21
      vertex 51.5407 14.7185 21
    endloop
  endfacet
  facet normal 0 0 1
    outer loop
      vertex 58 19 21
      vertex 51.3926 14.9751 21
      vertex 51.4722 14.85 21
    endloop
  endfacet
  facet normal 0 0 1
    outer loop
      vertex 58 19 21
      vertex 51.3023 15.0927 21
      vertex 51.3926 14.9751 21
    endloop
  endfacet
  facet normal 0 0 1
    outer loop
      vertex 58 19 21
      vertex 51.2021 15.2021 21
      vertex 51.3023 15.0927 21
    endloop
  endfacet
  facet normal 0 0 1
    outer loop
      vertex 55 22 21
      vertex 51.0927 15.3023 21
      vertex 51.2021 15.2021 21
    endloop
  endfacet
  facet normal 0 0 1
    outer loop
      vertex 55 22 21
      vertex 50.9751 15.3926 21
      vertex 51.0927 15.3023 21
    endloop
  endfacet
  facet normal 0 0 1
    outer loop
      vertex 55 22 21
      vertex 50.85 15.4722 21
      vertex 50.9751 15.3926 21
    endloop
  endfacet
  facet normal 0 0 1
    outer loop
      vertex 55 22 21
      vertex 50.7185 15.5407 21
      vertex 50.85 15.4722 21
    endloop
  endfacet
  facet normal 0 0 1
    outer loop
      vertex 55 22 21
      vertex 50.5814 15.5975 21
      vertex 50.7185 15.5407 21
    endloop
  endfacet
  facet normal 0 0 1
    outer loop
      vertex 55 22 21
      vertex 50.44 15.6421 21
      vertex 50.5814 15.5975 21
    endloop
  endfacet
  facet normal 0 0 1
    outer loop
      vertex 55 22 21
      vertex 50.2952 15.6742 21
      vertex 50.44 15.6421 21
    endloop
  endfacet
  facet normal 0 0 1
    outer loop
      vertex 55 22 21
      vertex 50.1482 15.6935 21
      vertex 50.2952 15.6742 21
    endloop
  endfacet
  facet normal 0 0 1
    outer loop
      vertex 55 22 21
      vertex 50 15.7 21
      vertex 50.1482 15.6935 21
    endloop
  endfacet
  facet normal -0 0 1
    outer loop
      vertex 45 22 21
      vertex 50 15.7 21
      vertex 55 22 21
    endloop
  endfacet
  facet normal 0 0 1
    outer loop
      vertex 50 15.7 21
      vertex 45 22 21
      vertex 49.8518 15.6935 21
    endloop
  endfacet
  facet normal 0 0 1
    outer loop
      vertex 49.8518 15.6935 21
      vertex 45 22 21
      vertex 49.7048 15.6742 21
    endloop
  endfacet
  facet normal 0 0 1
    outer loop
      vertex 49.7048 15.6742 21
      vertex 45 22 21
      vertex 49.56 15.6421 21
    endloop
  endfacet
  facet normal 0 0 1
    outer loop
      vertex 49.56 15.6421 21
      vertex 45 22 21
      vertex 49.4186 15.5975 21
    endloop
  endfacet
  facet normal 0 0 1
    outer loop
      vertex 49.4186 15.5975 21
      vertex 45 22 21
      vertex 49.2815 15.5407 21
    endloop
  endfacet
  facet normal 0 0 1
    outer loop
      vertex 49.2815 15.5407 21
      vertex 45 22 21
      vertex 49.15 15.4722 21
    endloop
  endfacet
  facet normal 0 0 1
    outer loop
      vertex 49.15 15.4722 21
      vertex 45 22 21
      vertex 49.0249 15.3926 21
    endloop
  endfacet
  facet normal 0 0 1
    outer loop
      vertex 49.0249 15.3926 21
      vertex 45 22 21
      vertex 48.9073 15.3023 21
    endloop
  endfacet
  facet normal 0 0 1
    outer loop
      vertex 48.9073 15.3023 21
      vertex 45 22 21
      vertex 48.7979 15.2021 21
    endloop
  endfacet
  facet normal 0 0 1
    outer loop
      vertex 48.3258 14.2952 21
      vertex 42 19 21
      vertex 48.3065 14.1482 21
    endloop
  endfacet
  facet normal 0 0 1
    outer loop
      vertex 48.3579 14.44 21
      vertex 42 19 21
      vertex 48.3258 14.2952 21
    endloop
  endfacet
  facet normal 0 0 1
    outer loop
      vertex 48.4025 14.5814 21
      vertex 42 19 21
      vertex 48.3579 14.44 21
    endloop
  endfacet
  facet normal 0 0 1
    outer loop
      vertex 48.4593 14.7185 21
      vertex 42 19 21
      vertex 48.4025 14.5814 21
    endloop
  endfacet
  facet normal 0 0 1
    outer loop
      vertex 48.5278 14.85 21
      vertex 42 19 21
      vertex 48.4593 14.7185 21
    endloop
  endfacet
  facet normal 0 0 1
    outer loop
      vertex 48.6074 14.9751 21
      vertex 42 19 21
      vertex 48.5278 14.85 21
    endloop
  endfacet
  facet normal 0 0 1
    outer loop
      vertex 48.6977 15.0927 21
      vertex 42 19 21
      vertex 48.6074 14.9751 21
    endloop
  endfacet
  facet normal 0 0 1
    outer loop
      vertex 48.7979 15.2021 21
      vertex 42 19 21
      vertex 48.6977 15.0927 21
    endloop
  endfacet
  facet normal -0 0 1
    outer loop
      vertex 42 19 21
      vertex 48.7979 15.2021 21
      vertex 45 22 21
    endloop
  endfacet
  facet normal 0 0 1
    outer loop
      vertex 57.1213 6.87868 21
      vertex 55 6 21
      vertex 56.9284 6.70187 21
    endloop
  endfacet
  facet normal 0 0 1
    outer loop
      vertex 56.9284 6.70187 21
      vertex 55 6 21
      vertex 56.7207 6.54254 21
    endloop
  endfacet
  facet normal 0 0 1
    outer loop
      vertex 56.7207 6.54254 21
      vertex 55 6 21
      vertex 56.5 6.40192 21
    endloop
  endfacet
  facet normal 0 0 1
    outer loop
      vertex 56.2679 6.28108 21
      vertex 55 6 21
      vertex 56.0261 6.18092 21
    endloop
  endfacet
  facet normal 0 0 1
    outer loop
      vertex 56.0261 6.18092 21
      vertex 55 6 21
      vertex 55.7765 6.10222 21
    endloop
  endfacet
  facet normal 0 0 1
    outer loop
      vertex 55.7765 6.10222 21
      vertex 55 6 21
      vertex 55.5209 6.04558 21
    endloop
  endfacet
  facet normal 0 0 1
    outer loop
      vertex 55.5209 6.04558 21
      vertex 55 6 21
      vertex 55.2615 6.01142 21
    endloop
  endfacet
  facet normal 0 0 1
    outer loop
      vertex 56.5 6.40192 21
      vertex 55 6 21
      vertex 56.2679 6.28108 21
    endloop
  endfacet
  facet normal 0 0 1
    outer loop
      vertex 57.9544 8.47906 21
      vertex 55 6 21
      vertex 57.8978 8.22354 21
    endloop
  endfacet
  facet normal -0 0 1
    outer loop
      vertex 51.0927 12.6977 21
      vertex 55 6 21
      vertex 51.2021 12.7979 21
    endloop
  endfacet
  facet normal -0 0 1
    outer loop
      vertex 50.9751 12.6074 21
      vertex 55 6 21
      vertex 51.0927 12.6977 21
    endloop
  endfacet
  facet normal -0 0 1
    outer loop
      vertex 50.85 12.5278 21
      vertex 55 6 21
      vertex 50.9751 12.6074 21
    endloop
  endfacet
  facet normal -0 0 1
    outer loop
      vertex 50.7185 12.4593 21
      vertex 55 6 21
      vertex 50.85 12.5278 21
    endloop
  endfacet
  facet normal -0 0 1
    outer loop
      vertex 50.5814 12.4025 21
      vertex 55 6 21
      vertex 50.7185 12.4593 21
    endloop
  endfacet
  facet normal -0 0 1
    outer loop
      vertex 50.44 12.3579 21
      vertex 55 6 21
      vertex 50.5814 12.4025 21
    endloop
  endfacet
  facet normal -0 0 1
    outer loop
      vertex 50.2952 12.3258 21
      vertex 55 6 21
      vertex 50.44 12.3579 21
    endloop
  endfacet
  facet normal -0 0 1
    outer loop
      vertex 50.1482 12.3065 21
      vertex 55 6 21
      vertex 50.2952 12.3258 21
    endloop
  endfacet
  facet normal -0 0 1
    outer loop
      vertex 50 12.3 21
      vertex 55 6 21
      vertex 50.1482 12.3065 21
    endloop
  endfacet
  facet normal 0 0 1
    outer loop
      vertex 45 6 21
      vertex 50 12.3 21
      vertex 49.8518 12.3065 21
    endloop
  endfacet
  facet normal 0 0 1
    outer loop
      vertex 45 6 21
      vertex 49.8518 12.3065 21
      vertex 49.7048 12.3258 21
    endloop
  endfacet
  facet normal 0 0 1
    outer loop
      vertex 45 6 21
      vertex 49.7048 12.3258 21
      vertex 49.56 12.3579 21
    endloop
  endfacet
  facet normal 0 0 1
    outer loop
      vertex 45 6 21
      vertex 49.56 12.3579 21
      vertex 49.4186 12.4025 21
    endloop
  endfacet
  facet normal 0 0 1
    outer loop
      vertex 45 6 21
      vertex 49.4186 12.4025 21
      vertex 49.2815 12.4593 21
    endloop
  endfacet
  facet normal 0 0 1
    outer loop
      vertex 45 6 21
      vertex 49.2815 12.4593 21
      vertex 49.15 12.5278 21
    endloop
  endfacet
  facet normal 0 0 1
    outer loop
      vertex 45 6 21
      vertex 49.15 12.5278 21
      vertex 49.0249 12.6074 21
    endloop
  endfacet
  facet normal 0 0 1
    outer loop
      vertex 45 6 21
      vertex 49.0249 12.6074 21
      vertex 48.9073 12.6977 21
    endloop
  endfacet
  facet normal 0 0 1
    outer loop
      vertex 45 6 21
      vertex 48.9073 12.6977 21
      vertex 48.7979 12.7979 21
    endloop
  endfacet
  facet normal 0 0 1
    outer loop
      vertex 42 9 21
      vertex 48.7979 12.7979 21
      vertex 48.6977 12.9073 21
    endloop
  endfacet
  facet normal 0 0 1
    outer loop
      vertex 48.3065 14.1482 21
      vertex 42 19 21
      vertex 48.3 14 21
    endloop
  endfacet
  facet normal 0 0 1
    outer loop
      vertex 42 9 21
      vertex 48.3 14 21
      vertex 42 19 21
    endloop
  endfacet
  facet normal 0 0 1
    outer loop
      vertex 48.3 14 21
      vertex 42 9 21
      vertex 48.3065 13.8518 21
    endloop
  endfacet
  facet normal 0 0 1
    outer loop
      vertex 48.3065 13.8518 21
      vertex 42 9 21
      vertex 48.3258 13.7048 21
    endloop
  endfacet
  facet normal 0 0 1
    outer loop
      vertex 50 12.3 21
      vertex 45 6 21
      vertex 55 6 21
    endloop
  endfacet
  facet normal 0 0 1
    outer loop
      vertex 42 9 21
      vertex 48.6977 12.9073 21
      vertex 48.6074 13.0249 21
    endloop
  endfacet
  facet normal 0 0 1
    outer loop
      vertex 42 9 21
      vertex 48.6074 13.0249 21
      vertex 48.5278 13.15 21
    endloop
  endfacet
  facet normal 0 0 1
    outer loop
      vertex 42 9 21
      vertex 48.5278 13.15 21
      vertex 48.4593 13.2815 21
    endloop
  endfacet
  facet normal 0 0 1
    outer loop
      vertex 42 9 21
      vertex 48.4593 13.2815 21
      vertex 48.4025 13.4186 21
    endloop
  endfacet
  facet normal 0 0 1
    outer loop
      vertex 48.3258 13.7048 21
      vertex 42 9 21
      vertex 48.3579 13.56 21
    endloop
  endfacet
  facet normal 0 0 1
    outer loop
      vertex 42 19 21
      vertex 45 22 21
      vertex 44.7385 21.9886 21
    endloop
  endfacet
  facet normal 0 0 1
    outer loop
      vertex 48.3579 13.56 21
      vertex 42 9 21
      vertex 48.4025 13.4186 21
    endloop
  endfacet
  facet normal 0 0 1
    outer loop
      vertex 42 19 21
      vertex 44.7385 21.9886 21
      vertex 44.4791 21.9544 21
    endloop
  endfacet
  facet normal 0 0 1
    outer loop
      vertex 48.7979 12.7979 21
      vertex 42 9 21
      vertex 45 6 21
    endloop
  endfacet
  facet normal 0 0 1
    outer loop
      vertex 42 19 21
      vertex 44.4791 21.9544 21
      vertex 44.2235 21.8978 21
    endloop
  endfacet
  facet normal 0 0 1
    outer loop
      vertex 45 6 21
      vertex 42 9 21
      vertex 44.7385 6.01142 21
    endloop
  endfacet
  facet normal 0 0 1
    outer loop
      vertex 42 19 21
      vertex 44.2235 21.8978 21
      vertex 43.9739 21.8191 21
    endloop
  endfacet
  facet normal 0 0 1
    outer loop
      vertex 44.7385 6.01142 21
      vertex 42 9 21
      vertex 44.4791 6.04558 21
    endloop
  endfacet
  facet normal 0 0 1
    outer loop
      vertex 42 19 21
      vertex 43.9739 21.8191 21
      vertex 43.7321 21.7189 21
    endloop
  endfacet
  facet normal 0 0 1
    outer loop
      vertex 44.4791 6.04558 21
      vertex 42 9 21
      vertex 44.2235 6.10222 21
    endloop
  endfacet
  facet normal 0 0 1
    outer loop
      vertex 42 19 21
      vertex 43.7321 21.7189 21
      vertex 43.5 21.5981 21
    endloop
  endfacet
  facet normal 0 0 1
    outer loop
      vertex 44.2235 6.10222 21
      vertex 42 9 21
      vertex 43.9739 6.18092 21
    endloop
  endfacet
  facet normal 0 0 1
    outer loop
      vertex 42 19 21
      vertex 43.5 21.5981 21
      vertex 43.2793 21.4575 21
    endloop
  endfacet
  facet normal 0 0 1
    outer loop
      vertex 43.9739 6.18092 21
      vertex 42 9 21
      vertex 43.7321 6.28108 21
    endloop
  endfacet
  facet normal 0 0 1
    outer loop
      vertex 42 19 21
      vertex 43.2793 21.4575 21
      vertex 43.0716 21.2981 21
    endloop
  endfacet
  facet normal 0 0 1
    outer loop
      vertex 43.7321 6.28108 21
      vertex 42 9 21
      vertex 43.5 6.40192 21
    endloop
  endfacet
  facet normal 0 0 1
    outer loop
      vertex 42 19 21
      vertex 43.0716 21.2981 21
      vertex 42.8787 21.1213 21
    endloop
  endfacet
  facet normal 0 0 1
    outer loop
      vertex 43.5 6.40192 21
      vertex 42 9 21
      vertex 43.2793 6.54254 21
    endloop
  endfacet
  facet normal 0 0 1
    outer loop
      vertex 42 19 21
      vertex 42.8787 21.1213 21
      vertex 42.7019 20.9284 21
    endloop
  endfacet
  facet normal 0 0 1
    outer loop
      vertex 43.2793 6.54254 21
      vertex 42 9 21
      vertex 43.0716 6.70187 21
    endloop
  endfacet
  facet normal 0 0 1
    outer loop
      vertex 42 19 21
      vertex 42.7019 20.9284 21
      vertex 42.5425 20.7207 21
    endloop
  endfacet
  facet normal 0 0 1
    outer loop
      vertex 43.0716 6.70187 21
      vertex 42 9 21
      vertex 42.8787 6.87868 21
    endloop
  endfacet
  facet normal 0 0 1
    outer loop
      vertex 42 19 21
      vertex 42.5425 20.7207 21
      vertex 42.4019 20.5 21
    endloop
  endfacet
  facet normal 0 0 1
    outer loop
      vertex 42.8787 6.87868 21
      vertex 42 9 21
      vertex 42.7019 7.07164 21
    endloop
  endfacet
  facet normal 0 0 1
    outer loop
      vertex 42 19 21
      vertex 42.4019 20.5 21
      vertex 42.2811 20.2679 21
    endloop
  endfacet
  facet normal 0 0 1
    outer loop
      vertex 42.7019 7.07164 21
      vertex 42 9 21
      vertex 42.5425 7.27927 21
    endloop
  endfacet
  facet normal 0 0 1
    outer loop
      vertex 42 19 21
      vertex 42.2811 20.2679 21
      vertex 42.1809 20.0261 21
    endloop
  endfacet
  facet normal 0 0 1
    outer loop
      vertex 42.5425 7.27927 21
      vertex 42 9 21
      vertex 42.4019 7.5 21
    endloop
  endfacet
  facet normal 0 0 1
    outer loop
      vertex 42 19 21
      vertex 42.1809 20.0261 21
      vertex 42.1022 19.7765 21
    endloop
  endfacet
  facet normal 0 0 1
    outer loop
      vertex 42.4019 7.5 21
      vertex 42 9 21
      vertex 42.2811 7.73214 21
    endloop
  endfacet
  facet normal 0 0 1
    outer loop
      vertex 42 19 21
      vertex 42.1022 19.7765 21
      vertex 42.0456 19.5209 21
    endloop
  endfacet
  facet normal 0 0 1
    outer loop
      vertex 42.2811 7.73214 21
      vertex 42 9 21
      vertex 42.1809 7.97394 21
    endloop
  endfacet
  facet normal 0 0 1
    outer loop
      vertex 42 19 21
      vertex 42.0456 19.5209 21
      vertex 42.0114 19.2615 21
    endloop
  endfacet
  facet normal 0 0 1
    outer loop
      vertex 42.1809 7.97394 21
      vertex 42 9 21
      vertex 42.1022 8.22354 21
    endloop
  endfacet
  facet normal 0 0 1
    outer loop
      vertex 42.1022 8.22354 21
      vertex 42 9 21
      vertex 42.0456 8.47906 21
    endloop
  endfacet
  facet normal 0 0 1
    outer loop
      vertex 42.0456 8.47906 21
      vertex 42 9 21
      vertex 42.0114 8.73853 21
    endloop
  endfacet
  facet normal 0.991025 -0.13368 1.26292e-18
    outer loop
      vertex 173.954 8.47906 21
      vertex 173.989 8.73853 19
      vertex 173.989 8.73853 21
    endloop
  endfacet
  facet normal 0.991025 -0.13368 1.26292e-18
    outer loop
      vertex 173.989 8.73853 19
      vertex 173.954 8.47906 21
      vertex 173.954 8.47906 19
    endloop
  endfacet
  facet normal -0.300273 0.953853 0
    outer loop
      vertex 160.224 21.8978 19
      vertex 159.974 21.8191 21
      vertex 160.224 21.8978 21
    endloop
  endfacet
  facet normal -0.300273 0.953853 0
    outer loop
      vertex 159.974 21.8191 21
      vertex 160.224 21.8978 19
      vertex 159.974 21.8191 19
    endloop
  endfacet
  facet normal -0.924091 0.382172 -2.42061e-18
    outer loop
      vertex 158.181 20.0261 19
      vertex 158.281 20.2679 21
      vertex 158.281 20.2679 19
    endloop
  endfacet
  facet normal -0.924091 0.382172 -2.42061e-18
    outer loop
      vertex 158.281 20.2679 21
      vertex 158.181 20.0261 19
      vertex 158.181 20.0261 21
    endloop
  endfacet
  facet normal 0.924091 -0.382172 2.88309e-18
    outer loop
      vertex 173.719 7.73214 21
      vertex 173.819 7.97394 19
      vertex 173.819 7.97394 21
    endloop
  endfacet
  facet normal 0.924091 -0.382172 2.88309e-18
    outer loop
      vertex 173.819 7.97394 19
      vertex 173.719 7.73214 21
      vertex 173.719 7.73214 19
    endloop
  endfacet
  facet normal 0.953386 0.301753 -1.62146e-18
    outer loop
      vertex 173.898 19.7765 21
      vertex 173.819 20.0261 19
      vertex 173.819 20.0261 21
    endloop
  endfacet
  facet normal 0.953386 0.301753 -1.62146e-18
    outer loop
      vertex 173.819 20.0261 19
      vertex 173.898 19.7765 21
      vertex 173.898 19.7765 19
    endloop
  endfacet
  facet normal 0.976816 -0.21408 -1.04982e-18
    outer loop
      vertex 173.898 8.22354 21
      vertex 173.954 8.47906 19
      vertex 173.954 8.47906 21
    endloop
  endfacet
  facet normal 0.976816 -0.21408 -1.04982e-18
    outer loop
      vertex 173.954 8.47906 19
      vertex 173.898 8.22354 21
      vertex 173.898 8.22354 19
    endloop
  endfacet
  facet normal 0 -1 0
    outer loop
      vertex 161 6 19
      vertex 171 6 21
      vertex 161 6 21
    endloop
  endfacet
  facet normal 0 -1 -0
    outer loop
      vertex 171 6 21
      vertex 161 6 19
      vertex 171 6 19
    endloop
  endfacet
  facet normal -0.382554 0.923933 0
    outer loop
      vertex 159.974 21.8191 19
      vertex 159.732 21.7189 21
      vertex 159.974 21.8191 21
    endloop
  endfacet
  facet normal -0.382554 0.923933 0
    outer loop
      vertex 159.732 21.7189 21
      vertex 159.974 21.8191 19
      vertex 159.732 21.7189 19
    endloop
  endfacet
  facet normal 0.0436366 0.999047 -0
    outer loop
      vertex 171.261 21.9886 19
      vertex 171 22 21
      vertex 171.261 21.9886 21
    endloop
  endfacet
  facet normal 0.0436366 0.999047 0
    outer loop
      vertex 171 22 21
      vertex 171.261 21.9886 19
      vertex 171 22 19
    endloop
  endfacet
  facet normal -0.842734 -0.53833 1.54006e-18
    outer loop
      vertex 158.543 7.27927 19
      vertex 158.402 7.5 21
      vertex 158.402 7.5 19
    endloop
  endfacet
  facet normal -0.842734 -0.53833 1.54006e-18
    outer loop
      vertex 158.402 7.5 21
      vertex 158.543 7.27927 19
      vertex 158.543 7.27927 21
    endloop
  endfacet
  facet normal -0.976816 -0.21408 1.04982e-18
    outer loop
      vertex 158.102 8.22354 19
      vertex 158.046 8.47906 21
      vertex 158.046 8.47906 19
    endloop
  endfacet
  facet normal -0.976816 -0.21408 1.04982e-18
    outer loop
      vertex 158.046 8.47906 21
      vertex 158.102 8.22354 19
      vertex 158.102 8.22354 21
    endloop
  endfacet
  facet normal -0.99102 0.133715 -2.68913e-19
    outer loop
      vertex 158.011 19.2615 19
      vertex 158.046 19.5209 21
      vertex 158.046 19.5209 19
    endloop
  endfacet
  facet normal -0.99102 0.133715 -2.68913e-19
    outer loop
      vertex 158.046 19.5209 21
      vertex 158.011 19.2615 19
      vertex 158.011 19.2615 21
    endloop
  endfacet
  facet normal -0.0436366 0.999047 0
    outer loop
      vertex 161 22 19
      vertex 160.739 21.9886 21
      vertex 161 22 21
    endloop
  endfacet
  facet normal -0.0436366 0.999047 0
    outer loop
      vertex 160.739 21.9886 21
      vertex 161 22 19
      vertex 160.739 21.9886 19
    endloop
  endfacet
  facet normal -0.842701 0.538382 9.52967e-20
    outer loop
      vertex 158.402 20.5 19
      vertex 158.543 20.7207 21
      vertex 158.543 20.7207 19
    endloop
  endfacet
  facet normal -0.842701 0.538382 9.52967e-20
    outer loop
      vertex 158.543 20.7207 21
      vertex 158.402 20.5 19
      vertex 158.402 20.5 21
    endloop
  endfacet
  facet normal 0.609949 -0.79244 0
    outer loop
      vertex 172.721 6.54254 19
      vertex 172.928 6.70187 21
      vertex 172.721 6.54254 21
    endloop
  endfacet
  facet normal 0.609949 -0.79244 0
    outer loop
      vertex 172.928 6.70187 21
      vertex 172.721 6.54254 19
      vertex 172.928 6.70187 19
    endloop
  endfacet
  facet normal -0.130415 0.991459 0
    outer loop
      vertex 160.739 21.9886 19
      vertex 160.479 21.9544 21
      vertex 160.739 21.9886 21
    endloop
  endfacet
  facet normal -0.130415 0.991459 0
    outer loop
      vertex 160.479 21.9544 21
      vertex 160.739 21.9886 19
      vertex 160.479 21.9544 19
    endloop
  endfacet
  facet normal -0.794043 0.607862 -5.15815e-18
    outer loop
      vertex 158.543 20.7207 19
      vertex 158.702 20.9284 21
      vertex 158.702 20.9284 19
    endloop
  endfacet
  facet normal -0.794043 0.607862 -5.15815e-18
    outer loop
      vertex 158.702 20.9284 21
      vertex 158.543 20.7207 19
      vertex 158.543 20.7207 21
    endloop
  endfacet
  facet normal 0.130265 -0.991479 0
    outer loop
      vertex 171.261 6.01142 19
      vertex 171.521 6.04558 21
      vertex 171.261 6.01142 21
    endloop
  endfacet
  facet normal 0.130265 -0.991479 0
    outer loop
      vertex 171.521 6.04558 21
      vertex 171.261 6.01142 19
      vertex 171.521 6.04558 19
    endloop
  endfacet
  facet normal 0.043713 -0.999044 0
    outer loop
      vertex 171 6 19
      vertex 171.261 6.01142 21
      vertex 171 6 21
    endloop
  endfacet
  facet normal 0.043713 -0.999044 0
    outer loop
      vertex 171.261 6.01142 21
      vertex 171 6 19
      vertex 171.261 6.01142 19
    endloop
  endfacet
  facet normal -0.953386 -0.301753 -1.37228e-19
    outer loop
      vertex 158.181 7.97394 19
      vertex 158.102 8.22354 21
      vertex 158.102 8.22354 19
    endloop
  endfacet
  facet normal -0.953386 -0.301753 -1.37228e-19
    outer loop
      vertex 158.102 8.22354 21
      vertex 158.181 7.97394 19
      vertex 158.181 7.97394 21
    endloop
  endfacet
  facet normal -0.924091 -0.382172 -2.88309e-18
    outer loop
      vertex 158.281 7.73214 19
      vertex 158.181 7.97394 21
      vertex 158.181 7.97394 19
    endloop
  endfacet
  facet normal -0.924091 -0.382172 -2.88309e-18
    outer loop
      vertex 158.181 7.97394 21
      vertex 158.281 7.73214 19
      vertex 158.281 7.73214 21
    endloop
  endfacet
  facet normal -0.043713 -0.999044 0
    outer loop
      vertex 160.739 6.01142 19
      vertex 161 6 21
      vertex 160.739 6.01142 21
    endloop
  endfacet
  facet normal -0.043713 -0.999044 -0
    outer loop
      vertex 161 6 21
      vertex 160.739 6.01142 19
      vertex 161 6 19
    endloop
  endfacet
  facet normal 0.382554 0.923933 -0
    outer loop
      vertex 172.268 21.7189 19
      vertex 172.026 21.8191 21
      vertex 172.268 21.7189 21
    endloop
  endfacet
  facet normal 0.382554 0.923933 0
    outer loop
      vertex 172.026 21.8191 21
      vertex 172.268 21.7189 19
      vertex 172.026 21.8191 19
    endloop
  endfacet
  facet normal 0.999116 -0.0420327 2.43533e-19
    outer loop
      vertex 173.989 8.73853 21
      vertex 174 9 19
      vertex 174 9 21
    endloop
  endfacet
  facet normal 0.999116 -0.0420327 2.43533e-19
    outer loop
      vertex 174 9 19
      vertex 173.989 8.73853 21
      vertex 173.989 8.73853 19
    endloop
  endfacet
  facet normal 0.794043 0.607862 5.15815e-18
    outer loop
      vertex 173.457 20.7207 21
      vertex 173.298 20.9284 19
      vertex 173.298 20.9284 21
    endloop
  endfacet
  facet normal 0.794043 0.607862 5.15815e-18
    outer loop
      vertex 173.298 20.9284 19
      vertex 173.457 20.7207 21
      vertex 173.457 20.7207 19
    endloop
  endfacet
  facet normal -0.216687 0.976241 0
    outer loop
      vertex 160.479 21.9544 19
      vertex 160.224 21.8978 21
      vertex 160.479 21.9544 21
    endloop
  endfacet
  facet normal -0.216687 0.976241 0
    outer loop
      vertex 160.224 21.8978 21
      vertex 160.479 21.9544 19
      vertex 160.224 21.8978 19
    endloop
  endfacet
  facet normal 0.461834 0.886966 -0
    outer loop
      vertex 172.5 21.5981 19
      vertex 172.268 21.7189 21
      vertex 172.5 21.5981 21
    endloop
  endfacet
  facet normal 0.461834 0.886966 0
    outer loop
      vertex 172.268 21.7189 21
      vertex 172.5 21.5981 19
      vertex 172.268 21.7189 19
    endloop
  endfacet
  facet normal -0.609949 -0.79244 0
    outer loop
      vertex 159.072 6.70187 19
      vertex 159.279 6.54254 21
      vertex 159.072 6.70187 21
    endloop
  endfacet
  facet normal -0.609949 -0.79244 -0
    outer loop
      vertex 159.279 6.54254 21
      vertex 159.072 6.70187 19
      vertex 159.279 6.54254 19
    endloop
  endfacet
  facet normal -1 0 0
    outer loop
      vertex 158 9 19
      vertex 158 19 21
      vertex 158 19 19
    endloop
  endfacet
  facet normal -1 -0 0
    outer loop
      vertex 158 19 21
      vertex 158 9 19
      vertex 158 9 21
    endloop
  endfacet
  facet normal 0.97683 0.214016 7.08828e-19
    outer loop
      vertex 173.954 19.5209 21
      vertex 173.898 19.7765 19
      vertex 173.898 19.7765 21
    endloop
  endfacet
  facet normal 0.97683 0.214016 7.08828e-19
    outer loop
      vertex 173.898 19.7765 19
      vertex 173.954 19.5209 21
      vertex 173.954 19.5209 19
    endloop
  endfacet
  facet normal 0.610118 0.792311 -0
    outer loop
      vertex 172.928 21.2981 19
      vertex 172.721 21.4575 21
      vertex 172.928 21.2981 21
    endloop
  endfacet
  facet normal 0.610118 0.792311 0
    outer loop
      vertex 172.721 21.4575 21
      vertex 172.928 21.2981 19
      vertex 172.721 21.4575 19
    endloop
  endfacet
  facet normal -0.999116 0.0420278 -1.49896e-19
    outer loop
      vertex 158 19 19
      vertex 158.011 19.2615 21
      vertex 158.011 19.2615 19
    endloop
  endfacet
  facet normal -0.999116 0.0420278 -1.49896e-19
    outer loop
      vertex 158.011 19.2615 21
      vertex 158 19 19
      vertex 158 19 21
    endloop
  endfacet
  facet normal 0.461954 -0.886904 0
    outer loop
      vertex 172.268 6.28108 19
      vertex 172.5 6.40192 21
      vertex 172.268 6.28108 21
    endloop
  endfacet
  facet normal 0.461954 -0.886904 0
    outer loop
      vertex 172.5 6.40192 21
      vertex 172.268 6.28108 19
      vertex 172.5 6.40192 19
    endloop
  endfacet
  facet normal 0.842701 0.538382 -9.52967e-20
    outer loop
      vertex 173.598 20.5 21
      vertex 173.457 20.7207 19
      vertex 173.457 20.7207 21
    endloop
  endfacet
  facet normal 0.842701 0.538382 -9.52967e-20
    outer loop
      vertex 173.457 20.7207 19
      vertex 173.598 20.5 21
      vertex 173.598 20.5 19
    endloop
  endfacet
  facet normal 1 -0 0
    outer loop
      vertex 174 9 21
      vertex 174 19 19
      vertex 174 19 21
    endloop
  endfacet
  facet normal 1 0 0
    outer loop
      vertex 174 19 19
      vertex 174 9 21
      vertex 174 9 19
    endloop
  endfacet
  facet normal 0.216833 -0.976209 0
    outer loop
      vertex 171.521 6.04558 19
      vertex 171.776 6.10222 21
      vertex 171.521 6.04558 21
    endloop
  endfacet
  facet normal 0.216833 -0.976209 0
    outer loop
      vertex 171.776 6.10222 21
      vertex 171.521 6.04558 19
      vertex 171.776 6.10222 19
    endloop
  endfacet
  facet normal -0.461954 -0.886904 0
    outer loop
      vertex 159.5 6.40192 19
      vertex 159.732 6.28108 21
      vertex 159.5 6.40192 21
    endloop
  endfacet
  facet normal -0.461954 -0.886904 -0
    outer loop
      vertex 159.732 6.28108 21
      vertex 159.5 6.40192 19
      vertex 159.732 6.28108 19
    endloop
  endfacet
  facet normal 0.842734 -0.53833 -1.54006e-18
    outer loop
      vertex 173.457 7.27927 21
      vertex 173.598 7.5 19
      vertex 173.598 7.5 21
    endloop
  endfacet
  facet normal 0.842734 -0.53833 -1.54006e-18
    outer loop
      vertex 173.598 7.5 19
      vertex 173.457 7.27927 21
      vertex 173.457 7.27927 19
    endloop
  endfacet
  facet normal -0.999116 -0.0420327 -2.43533e-19
    outer loop
      vertex 158.011 8.73853 19
      vertex 158 9 21
      vertex 158 9 19
    endloop
  endfacet
  facet normal -0.999116 -0.0420327 -2.43533e-19
    outer loop
      vertex 158 9 21
      vertex 158.011 8.73853 19
      vertex 158.011 8.73853 21
    endloop
  endfacet
  facet normal -0.130265 -0.991479 0
    outer loop
      vertex 160.479 6.04558 19
      vertex 160.739 6.01142 21
      vertex 160.479 6.04558 21
    endloop
  endfacet
  facet normal -0.130265 -0.991479 -0
    outer loop
      vertex 160.739 6.01142 21
      vertex 160.479 6.04558 19
      vertex 160.739 6.01142 19
    endloop
  endfacet
  facet normal 0.999116 0.0420278 1.49896e-19
    outer loop
      vertex 174 19 21
      vertex 173.989 19.2615 19
      vertex 173.989 19.2615 21
    endloop
  endfacet
  facet normal 0.999116 0.0420278 1.49896e-19
    outer loop
      vertex 173.989 19.2615 19
      vertex 174 19 21
      vertex 174 19 19
    endloop
  endfacet
  facet normal 0.675482 0.737376 -0
    outer loop
      vertex 173.121 21.1213 19
      vertex 172.928 21.2981 21
      vertex 173.121 21.1213 21
    endloop
  endfacet
  facet normal 0.675482 0.737376 0
    outer loop
      vertex 172.928 21.2981 21
      vertex 173.121 21.1213 19
      vertex 172.928 21.2981 19
    endloop
  endfacet
  facet normal -0.675503 -0.737357 0
    outer loop
      vertex 158.879 6.87868 19
      vertex 159.072 6.70187 21
      vertex 158.879 6.87868 21
    endloop
  endfacet
  facet normal -0.675503 -0.737357 -0
    outer loop
      vertex 159.072 6.70187 21
      vertex 158.879 6.87868 19
      vertex 159.072 6.70187 19
    endloop
  endfacet
  facet normal 0.382424 -0.923987 0
    outer loop
      vertex 172.026 6.18092 19
      vertex 172.268 6.28108 21
      vertex 172.026 6.18092 21
    endloop
  endfacet
  facet normal 0.382424 -0.923987 0
    outer loop
      vertex 172.268 6.28108 21
      vertex 172.026 6.18092 19
      vertex 172.268 6.28108 19
    endloop
  endfacet
  facet normal 0.953386 -0.301753 1.37228e-19
    outer loop
      vertex 173.819 7.97394 21
      vertex 173.898 8.22354 19
      vertex 173.898 8.22354 21
    endloop
  endfacet
  facet normal 0.953386 -0.301753 1.37228e-19
    outer loop
      vertex 173.898 8.22354 19
      vertex 173.819 7.97394 21
      vertex 173.819 7.97394 19
    endloop
  endfacet
  facet normal 0.130415 0.991459 -0
    outer loop
      vertex 171.521 21.9544 19
      vertex 171.261 21.9886 21
      vertex 171.521 21.9544 21
    endloop
  endfacet
  facet normal 0.130415 0.991459 0
    outer loop
      vertex 171.261 21.9886 21
      vertex 171.521 21.9544 19
      vertex 171.261 21.9886 19
    endloop
  endfacet
  facet normal -0.300273 -0.953853 0
    outer loop
      vertex 159.974 6.18092 19
      vertex 160.224 6.10222 21
      vertex 159.974 6.18092 21
    endloop
  endfacet
  facet normal -0.300273 -0.953853 -0
    outer loop
      vertex 160.224 6.10222 21
      vertex 159.974 6.18092 19
      vertex 160.224 6.10222 19
    endloop
  endfacet
  facet normal -0.610118 0.792311 0
    outer loop
      vertex 159.279 21.4575 19
      vertex 159.072 21.2981 21
      vertex 159.279 21.4575 21
    endloop
  endfacet
  facet normal -0.610118 0.792311 0
    outer loop
      vertex 159.072 21.2981 21
      vertex 159.279 21.4575 19
      vertex 159.072 21.2981 19
    endloop
  endfacet
  facet normal -0.991025 -0.13368 -1.26292e-18
    outer loop
      vertex 158.046 8.47906 19
      vertex 158.011 8.73853 21
      vertex 158.011 8.73853 19
    endloop
  endfacet
  facet normal -0.991025 -0.13368 -1.26292e-18
    outer loop
      vertex 158.011 8.73853 21
      vertex 158.046 8.47906 19
      vertex 158.046 8.47906 21
    endloop
  endfacet
  facet normal -0.886735 0.462279 1.03342e-18
    outer loop
      vertex 158.281 20.2679 19
      vertex 158.402 20.5 21
      vertex 158.402 20.5 19
    endloop
  endfacet
  facet normal -0.886735 0.462279 1.03342e-18
    outer loop
      vertex 158.402 20.5 21
      vertex 158.281 20.2679 19
      vertex 158.281 20.2679 21
    endloop
  endfacet
  facet normal -0.953386 0.301753 1.62146e-18
    outer loop
      vertex 158.102 19.7765 19
      vertex 158.181 20.0261 21
      vertex 158.181 20.0261 19
    endloop
  endfacet
  facet normal -0.953386 0.301753 1.62146e-18
    outer loop
      vertex 158.181 20.0261 21
      vertex 158.102 19.7765 19
      vertex 158.102 19.7765 21
    endloop
  endfacet
  facet normal 0 0 1
    outer loop
      vertex 171 22 21
      vertex 174 19 21
      vertex 173.989 19.2615 21
    endloop
  endfacet
  facet normal 0 0 1
    outer loop
      vertex 174 19 21
      vertex 167.7 14 21
      vertex 174 9 21
    endloop
  endfacet
  facet normal 0 0 1
    outer loop
      vertex 171 22 21
      vertex 173.989 19.2615 21
      vertex 173.954 19.5209 21
    endloop
  endfacet
  facet normal -0 0 1
    outer loop
      vertex 167.694 13.8518 21
      vertex 174 9 21
      vertex 167.7 14 21
    endloop
  endfacet
  facet normal 0 0 1
    outer loop
      vertex 171 22 21
      vertex 173.954 19.5209 21
      vertex 173.898 19.7765 21
    endloop
  endfacet
  facet normal -0 0 1
    outer loop
      vertex 167.674 13.7048 21
      vertex 174 9 21
      vertex 167.694 13.8518 21
    endloop
  endfacet
  facet normal 0 0 1
    outer loop
      vertex 171 22 21
      vertex 173.898 19.7765 21
      vertex 173.819 20.0261 21
    endloop
  endfacet
  facet normal -0 0 1
    outer loop
      vertex 167.642 13.56 21
      vertex 174 9 21
      vertex 167.674 13.7048 21
    endloop
  endfacet
  facet normal 0 0 1
    outer loop
      vertex 171 22 21
      vertex 173.819 20.0261 21
      vertex 173.719 20.2679 21
    endloop
  endfacet
  facet normal -0 0 1
    outer loop
      vertex 167.597 13.4186 21
      vertex 174 9 21
      vertex 167.642 13.56 21
    endloop
  endfacet
  facet normal 0 0 1
    outer loop
      vertex 171 22 21
      vertex 173.719 20.2679 21
      vertex 173.598 20.5 21
    endloop
  endfacet
  facet normal -0 0 1
    outer loop
      vertex 167.541 13.2815 21
      vertex 174 9 21
      vertex 167.597 13.4186 21
    endloop
  endfacet
  facet normal 0 0 1
    outer loop
      vertex 171 22 21
      vertex 173.598 20.5 21
      vertex 173.457 20.7207 21
    endloop
  endfacet
  facet normal -0 0 1
    outer loop
      vertex 167.472 13.15 21
      vertex 174 9 21
      vertex 167.541 13.2815 21
    endloop
  endfacet
  facet normal 0 0 1
    outer loop
      vertex 171 22 21
      vertex 173.457 20.7207 21
      vertex 173.298 20.9284 21
    endloop
  endfacet
  facet normal -0 0 1
    outer loop
      vertex 167.393 13.0249 21
      vertex 174 9 21
      vertex 167.472 13.15 21
    endloop
  endfacet
  facet normal 0 0 1
    outer loop
      vertex 171 22 21
      vertex 173.298 20.9284 21
      vertex 173.121 21.1213 21
    endloop
  endfacet
  facet normal -0 0 1
    outer loop
      vertex 167.302 12.9073 21
      vertex 174 9 21
      vertex 167.393 13.0249 21
    endloop
  endfacet
  facet normal 0 0 1
    outer loop
      vertex 171 22 21
      vertex 173.121 21.1213 21
      vertex 172.928 21.2981 21
    endloop
  endfacet
  facet normal -0 0 1
    outer loop
      vertex 167.202 12.7979 21
      vertex 174 9 21
      vertex 167.302 12.9073 21
    endloop
  endfacet
  facet normal 0 0 1
    outer loop
      vertex 171 22 21
      vertex 172.928 21.2981 21
      vertex 172.721 21.4575 21
    endloop
  endfacet
  facet normal 0 -0 1
    outer loop
      vertex 171 6 21
      vertex 174 9 21
      vertex 167.202 12.7979 21
    endloop
  endfacet
  facet normal 0 0 1
    outer loop
      vertex 171 22 21
      vertex 172.721 21.4575 21
      vertex 172.5 21.5981 21
    endloop
  endfacet
  facet normal 0 0 1
    outer loop
      vertex 174 9 21
      vertex 171 6 21
      vertex 173.989 8.73853 21
    endloop
  endfacet
  facet normal 0 0 1
    outer loop
      vertex 171 22 21
      vertex 172.5 21.5981 21
      vertex 172.268 21.7189 21
    endloop
  endfacet
  facet normal 0 0 1
    outer loop
      vertex 173.989 8.73853 21
      vertex 171 6 21
      vertex 173.954 8.47906 21
    endloop
  endfacet
  facet normal 0 0 1
    outer loop
      vertex 171 22 21
      vertex 172.268 21.7189 21
      vertex 172.026 21.8191 21
    endloop
  endfacet
  facet normal 0 0 1
    outer loop
      vertex 173.898 8.22354 21
      vertex 171 6 21
      vertex 173.819 7.97394 21
    endloop
  endfacet
  facet normal 0 0 1
    outer loop
      vertex 171 22 21
      vertex 172.026 21.8191 21
      vertex 171.776 21.8978 21
    endloop
  endfacet
  facet normal 0 0 1
    outer loop
      vertex 173.819 7.97394 21
      vertex 171 6 21
      vertex 173.719 7.73214 21
    endloop
  endfacet
  facet normal 0 0 1
    outer loop
      vertex 171 22 21
      vertex 171.776 21.8978 21
      vertex 171.521 21.9544 21
    endloop
  endfacet
  facet normal 0 0 1
    outer loop
      vertex 173.719 7.73214 21
      vertex 171 6 21
      vertex 173.598 7.5 21
    endloop
  endfacet
  facet normal 0 0 1
    outer loop
      vertex 171 22 21
      vertex 171.521 21.9544 21
      vertex 171.261 21.9886 21
    endloop
  endfacet
  facet normal 0 0 1
    outer loop
      vertex 173.598 7.5 21
      vertex 171 6 21
      vertex 173.457 7.27927 21
    endloop
  endfacet
  facet normal 0 0 1
    outer loop
      vertex 174 19 21
      vertex 171 22 21
      vertex 167.202 15.2021 21
    endloop
  endfacet
  facet normal 0 0 1
    outer loop
      vertex 173.457 7.27927 21
      vertex 171 6 21
      vertex 173.298 7.07164 21
    endloop
  endfacet
  facet normal 0 0 1
    outer loop
      vertex 173.298 7.07164 21
      vertex 171 6 21
      vertex 173.121 6.87868 21
    endloop
  endfacet
  facet normal 0 0 1
    outer loop
      vertex 174 19 21
      vertex 167.694 14.1482 21
      vertex 167.7 14 21
    endloop
  endfacet
  facet normal 0 0 1
    outer loop
      vertex 174 19 21
      vertex 167.674 14.2952 21
      vertex 167.694 14.1482 21
    endloop
  endfacet
  facet normal 0 0 1
    outer loop
      vertex 174 19 21
      vertex 167.642 14.44 21
      vertex 167.674 14.2952 21
    endloop
  endfacet
  facet normal 0 0 1
    outer loop
      vertex 174 19 21
      vertex 167.597 14.5814 21
      vertex 167.642 14.44 21
    endloop
  endfacet
  facet normal 0 0 1
    outer loop
      vertex 174 19 21
      vertex 167.541 14.7185 21
      vertex 167.597 14.5814 21
    endloop
  endfacet
  facet normal 0 0 1
    outer loop
      vertex 174 19 21
      vertex 167.472 14.85 21
      vertex 167.541 14.7185 21
    endloop
  endfacet
  facet normal 0 0 1
    outer loop
      vertex 174 19 21
      vertex 167.393 14.9751 21
      vertex 167.472 14.85 21
    endloop
  endfacet
  facet normal 0 0 1
    outer loop
      vertex 174 19 21
      vertex 167.302 15.0927 21
      vertex 167.393 14.9751 21
    endloop
  endfacet
  facet normal 0 0 1
    outer loop
      vertex 174 19 21
      vertex 167.202 15.2021 21
      vertex 167.302 15.0927 21
    endloop
  endfacet
  facet normal 0 0 1
    outer loop
      vertex 171 22 21
      vertex 167.093 15.3023 21
      vertex 167.202 15.2021 21
    endloop
  endfacet
  facet normal 0 0 1
    outer loop
      vertex 171 22 21
      vertex 166.975 15.3926 21
      vertex 167.093 15.3023 21
    endloop
  endfacet
  facet normal 0 0 1
    outer loop
      vertex 171 22 21
      vertex 166.85 15.4722 21
      vertex 166.975 15.3926 21
    endloop
  endfacet
  facet normal 0 0 1
    outer loop
      vertex 171 22 21
      vertex 166.718 15.5407 21
      vertex 166.85 15.4722 21
    endloop
  endfacet
  facet normal 0 0 1
    outer loop
      vertex 171 22 21
      vertex 166.581 15.5975 21
      vertex 166.718 15.5407 21
    endloop
  endfacet
  facet normal 0 0 1
    outer loop
      vertex 171 22 21
      vertex 166.44 15.6421 21
      vertex 166.581 15.5975 21
    endloop
  endfacet
  facet normal 0 0 1
    outer loop
      vertex 171 22 21
      vertex 166.295 15.6742 21
      vertex 166.44 15.6421 21
    endloop
  endfacet
  facet normal 0 0 1
    outer loop
      vertex 171 22 21
      vertex 166.148 15.6935 21
      vertex 166.295 15.6742 21
    endloop
  endfacet
  facet normal 0 0 1
    outer loop
      vertex 171 22 21
      vertex 166 15.7 21
      vertex 166.148 15.6935 21
    endloop
  endfacet
  facet normal -0 0 1
    outer loop
      vertex 161 22 21
      vertex 166 15.7 21
      vertex 171 22 21
    endloop
  endfacet
  facet normal 0 0 1
    outer loop
      vertex 166 15.7 21
      vertex 161 22 21
      vertex 165.852 15.6935 21
    endloop
  endfacet
  facet normal 0 0 1
    outer loop
      vertex 165.852 15.6935 21
      vertex 161 22 21
      vertex 165.705 15.6742 21
    endloop
  endfacet
  facet normal 0 0 1
    outer loop
      vertex 165.705 15.6742 21
      vertex 161 22 21
      vertex 165.56 15.6421 21
    endloop
  endfacet
  facet normal 0 0 1
    outer loop
      vertex 165.56 15.6421 21
      vertex 161 22 21
      vertex 165.419 15.5975 21
    endloop
  endfacet
  facet normal 0 0 1
    outer loop
      vertex 165.419 15.5975 21
      vertex 161 22 21
      vertex 165.282 15.5407 21
    endloop
  endfacet
  facet normal 0 0 1
    outer loop
      vertex 165.282 15.5407 21
      vertex 161 22 21
      vertex 165.15 15.4722 21
    endloop
  endfacet
  facet normal 0 0 1
    outer loop
      vertex 165.15 15.4722 21
      vertex 161 22 21
      vertex 165.025 15.3926 21
    endloop
  endfacet
  facet normal 0 0 1
    outer loop
      vertex 165.025 15.3926 21
      vertex 161 22 21
      vertex 164.907 15.3023 21
    endloop
  endfacet
  facet normal 0 0 1
    outer loop
      vertex 164.907 15.3023 21
      vertex 161 22 21
      vertex 164.798 15.2021 21
    endloop
  endfacet
  facet normal 0 0 1
    outer loop
      vertex 164.326 14.2952 21
      vertex 158 19 21
      vertex 164.306 14.1482 21
    endloop
  endfacet
  facet normal 0 0 1
    outer loop
      vertex 164.358 14.44 21
      vertex 158 19 21
      vertex 164.326 14.2952 21
    endloop
  endfacet
  facet normal 0 0 1
    outer loop
      vertex 164.403 14.5814 21
      vertex 158 19 21
      vertex 164.358 14.44 21
    endloop
  endfacet
  facet normal 0 0 1
    outer loop
      vertex 164.459 14.7185 21
      vertex 158 19 21
      vertex 164.403 14.5814 21
    endloop
  endfacet
  facet normal 0 0 1
    outer loop
      vertex 164.528 14.85 21
      vertex 158 19 21
      vertex 164.459 14.7185 21
    endloop
  endfacet
  facet normal 0 0 1
    outer loop
      vertex 164.607 14.9751 21
      vertex 158 19 21
      vertex 164.528 14.85 21
    endloop
  endfacet
  facet normal 0 0 1
    outer loop
      vertex 164.698 15.0927 21
      vertex 158 19 21
      vertex 164.607 14.9751 21
    endloop
  endfacet
  facet normal 0 0 1
    outer loop
      vertex 164.798 15.2021 21
      vertex 158 19 21
      vertex 164.698 15.0927 21
    endloop
  endfacet
  facet normal -0 0 1
    outer loop
      vertex 158 19 21
      vertex 164.798 15.2021 21
      vertex 161 22 21
    endloop
  endfacet
  facet normal 0 0 1
    outer loop
      vertex 173.121 6.87868 21
      vertex 171 6 21
      vertex 172.928 6.70187 21
    endloop
  endfacet
  facet normal 0 0 1
    outer loop
      vertex 172.928 6.70187 21
      vertex 171 6 21
      vertex 172.721 6.54254 21
    endloop
  endfacet
  facet normal 0 0 1
    outer loop
      vertex 172.721 6.54254 21
      vertex 171 6 21
      vertex 172.5 6.40192 21
    endloop
  endfacet
  facet normal 0 0 1
    outer loop
      vertex 172.268 6.28108 21
      vertex 171 6 21
      vertex 172.026 6.18092 21
    endloop
  endfacet
  facet normal 0 0 1
    outer loop
      vertex 172.026 6.18092 21
      vertex 171 6 21
      vertex 171.776 6.10222 21
    endloop
  endfacet
  facet normal 0 0 1
    outer loop
      vertex 171.776 6.10222 21
      vertex 171 6 21
      vertex 171.521 6.04558 21
    endloop
  endfacet
  facet normal 0 0 1
    outer loop
      vertex 171.521 6.04558 21
      vertex 171 6 21
      vertex 171.261 6.01142 21
    endloop
  endfacet
  facet normal 0 0 1
    outer loop
      vertex 172.5 6.40192 21
      vertex 171 6 21
      vertex 172.268 6.28108 21
    endloop
  endfacet
  facet normal 0 0 1
    outer loop
      vertex 173.954 8.47906 21
      vertex 171 6 21
      vertex 173.898 8.22354 21
    endloop
  endfacet
  facet normal -0 0 1
    outer loop
      vertex 167.093 12.6977 21
      vertex 171 6 21
      vertex 167.202 12.7979 21
    endloop
  endfacet
  facet normal -0 0 1
    outer loop
      vertex 166.975 12.6074 21
      vertex 171 6 21
      vertex 167.093 12.6977 21
    endloop
  endfacet
  facet normal -0 0 1
    outer loop
      vertex 166.85 12.5278 21
      vertex 171 6 21
      vertex 166.975 12.6074 21
    endloop
  endfacet
  facet normal -0 0 1
    outer loop
      vertex 166.718 12.4593 21
      vertex 171 6 21
      vertex 166.85 12.5278 21
    endloop
  endfacet
  facet normal -0 0 1
    outer loop
      vertex 166.581 12.4025 21
      vertex 171 6 21
      vertex 166.718 12.4593 21
    endloop
  endfacet
  facet normal -0 0 1
    outer loop
      vertex 166.44 12.3579 21
      vertex 171 6 21
      vertex 166.581 12.4025 21
    endloop
  endfacet
  facet normal -0 0 1
    outer loop
      vertex 166.295 12.3258 21
      vertex 171 6 21
      vertex 166.44 12.3579 21
    endloop
  endfacet
  facet normal -0 0 1
    outer loop
      vertex 166.148 12.3065 21
      vertex 171 6 21
      vertex 166.295 12.3258 21
    endloop
  endfacet
  facet normal -0 0 1
    outer loop
      vertex 166 12.3 21
      vertex 171 6 21
      vertex 166.148 12.3065 21
    endloop
  endfacet
  facet normal 0 0 1
    outer loop
      vertex 161 6 21
      vertex 166 12.3 21
      vertex 165.852 12.3065 21
    endloop
  endfacet
  facet normal 0 0 1
    outer loop
      vertex 161 6 21
      vertex 165.852 12.3065 21
      vertex 165.705 12.3258 21
    endloop
  endfacet
  facet normal 0 0 1
    outer loop
      vertex 161 6 21
      vertex 165.705 12.3258 21
      vertex 165.56 12.3579 21
    endloop
  endfacet
  facet normal 0 0 1
    outer loop
      vertex 161 6 21
      vertex 165.56 12.3579 21
      vertex 165.419 12.4025 21
    endloop
  endfacet
  facet normal 0 0 1
    outer loop
      vertex 161 6 21
      vertex 165.419 12.4025 21
      vertex 165.282 12.4593 21
    endloop
  endfacet
  facet normal 0 0 1
    outer loop
      vertex 161 6 21
      vertex 165.282 12.4593 21
      vertex 165.15 12.5278 21
    endloop
  endfacet
  facet normal 0 0 1
    outer loop
      vertex 161 6 21
      vertex 165.15 12.5278 21
      vertex 165.025 12.6074 21
    endloop
  endfacet
  facet normal 0 0 1
    outer loop
      vertex 161 6 21
      vertex 165.025 12.6074 21
      vertex 164.907 12.6977 21
    endloop
  endfacet
  facet normal 0 0 1
    outer loop
      vertex 161 6 21
      vertex 164.907 12.6977 21
      vertex 164.798 12.7979 21
    endloop
  endfacet
  facet normal 0 0 1
    outer loop
      vertex 158 9 21
      vertex 164.798 12.7979 21
      vertex 164.698 12.9073 21
    endloop
  endfacet
  facet normal 0 0 1
    outer loop
      vertex 164.306 14.1482 21
      vertex 158 19 21
      vertex 164.3 14 21
    endloop
  endfacet
  facet normal 0 0 1
    outer loop
      vertex 158 9 21
      vertex 164.3 14 21
      vertex 158 19 21
    endloop
  endfacet
  facet normal 0 0 1
    outer loop
      vertex 164.3 14 21
      vertex 158 9 21
      vertex 164.306 13.8518 21
    endloop
  endfacet
  facet normal 0 0 1
    outer loop
      vertex 164.306 13.8518 21
      vertex 158 9 21
      vertex 164.326 13.7048 21
    endloop
  endfacet
  facet normal 0 0 1
    outer loop
      vertex 166 12.3 21
      vertex 161 6 21
      vertex 171 6 21
    endloop
  endfacet
  facet normal 0 0 1
    outer loop
      vertex 158 9 21
      vertex 164.698 12.9073 21
      vertex 164.607 13.0249 21
    endloop
  endfacet
  facet normal 0 0 1
    outer loop
      vertex 158 9 21
      vertex 164.607 13.0249 21
      vertex 164.528 13.15 21
    endloop
  endfacet
  facet normal 0 0 1
    outer loop
      vertex 158 9 21
      vertex 164.528 13.15 21
      vertex 164.459 13.2815 21
    endloop
  endfacet
  facet normal 0 0 1
    outer loop
      vertex 158 9 21
      vertex 164.459 13.2815 21
      vertex 164.403 13.4186 21
    endloop
  endfacet
  facet normal 0 0 1
    outer loop
      vertex 164.326 13.7048 21
      vertex 158 9 21
      vertex 164.358 13.56 21
    endloop
  endfacet
  facet normal 0 0 1
    outer loop
      vertex 158 19 21
      vertex 161 22 21
      vertex 160.739 21.9886 21
    endloop
  endfacet
  facet normal 0 0 1
    outer loop
      vertex 164.358 13.56 21
      vertex 158 9 21
      vertex 164.403 13.4186 21
    endloop
  endfacet
  facet normal 0 0 1
    outer loop
      vertex 158 19 21
      vertex 160.739 21.9886 21
      vertex 160.479 21.9544 21
    endloop
  endfacet
  facet normal 0 0 1
    outer loop
      vertex 164.798 12.7979 21
      vertex 158 9 21
      vertex 161 6 21
    endloop
  endfacet
  facet normal 0 0 1
    outer loop
      vertex 158 19 21
      vertex 160.479 21.9544 21
      vertex 160.224 21.8978 21
    endloop
  endfacet
  facet normal 0 0 1
    outer loop
      vertex 161 6 21
      vertex 158 9 21
      vertex 160.739 6.01142 21
    endloop
  endfacet
  facet normal 0 0 1
    outer loop
      vertex 158 19 21
      vertex 160.224 21.8978 21
      vertex 159.974 21.8191 21
    endloop
  endfacet
  facet normal 0 0 1
    outer loop
      vertex 160.739 6.01142 21
      vertex 158 9 21
      vertex 160.479 6.04558 21
    endloop
  endfacet
  facet normal 0 0 1
    outer loop
      vertex 158 19 21
      vertex 159.974 21.8191 21
      vertex 159.732 21.7189 21
    endloop
  endfacet
  facet normal 0 0 1
    outer loop
      vertex 160.479 6.04558 21
      vertex 158 9 21
      vertex 160.224 6.10222 21
    endloop
  endfacet
  facet normal 0 0 1
    outer loop
      vertex 158 19 21
      vertex 159.732 21.7189 21
      vertex 159.5 21.5981 21
    endloop
  endfacet
  facet normal 0 0 1
    outer loop
      vertex 160.224 6.10222 21
      vertex 158 9 21
      vertex 159.974 6.18092 21
    endloop
  endfacet
  facet normal 0 0 1
    outer loop
      vertex 158 19 21
      vertex 159.5 21.5981 21
      vertex 159.279 21.4575 21
    endloop
  endfacet
  facet normal 0 0 1
    outer loop
      vertex 159.974 6.18092 21
      vertex 158 9 21
      vertex 159.732 6.28108 21
    endloop
  endfacet
  facet normal 0 0 1
    outer loop
      vertex 158 19 21
      vertex 159.279 21.4575 21
      vertex 159.072 21.2981 21
    endloop
  endfacet
  facet normal 0 0 1
    outer loop
      vertex 159.732 6.28108 21
      vertex 158 9 21
      vertex 159.5 6.40192 21
    endloop
  endfacet
  facet normal 0 0 1
    outer loop
      vertex 158 19 21
      vertex 159.072 21.2981 21
      vertex 158.879 21.1213 21
    endloop
  endfacet
  facet normal 0 0 1
    outer loop
      vertex 159.5 6.40192 21
      vertex 158 9 21
      vertex 159.279 6.54254 21
    endloop
  endfacet
  facet normal 0 0 1
    outer loop
      vertex 158 19 21
      vertex 158.879 21.1213 21
      vertex 158.702 20.9284 21
    endloop
  endfacet
  facet normal 0 0 1
    outer loop
      vertex 159.279 6.54254 21
      vertex 158 9 21
      vertex 159.072 6.70187 21
    endloop
  endfacet
  facet normal 0 0 1
    outer loop
      vertex 158 19 21
      vertex 158.702 20.9284 21
      vertex 158.543 20.7207 21
    endloop
  endfacet
  facet normal 0 0 1
    outer loop
      vertex 159.072 6.70187 21
      vertex 158 9 21
      vertex 158.879 6.87868 21
    endloop
  endfacet
  facet normal 0 0 1
    outer loop
      vertex 158 19 21
      vertex 158.543 20.7207 21
      vertex 158.402 20.5 21
    endloop
  endfacet
  facet normal 0 0 1
    outer loop
      vertex 158.879 6.87868 21
      vertex 158 9 21
      vertex 158.702 7.07164 21
    endloop
  endfacet
  facet normal 0 0 1
    outer loop
      vertex 158 19 21
      vertex 158.402 20.5 21
      vertex 158.281 20.2679 21
    endloop
  endfacet
  facet normal 0 0 1
    outer loop
      vertex 158.702 7.07164 21
      vertex 158 9 21
      vertex 158.543 7.27927 21
    endloop
  endfacet
  facet normal 0 0 1
    outer loop
      vertex 158 19 21
      vertex 158.281 20.2679 21
      vertex 158.181 20.0261 21
    endloop
  endfacet
  facet normal 0 0 1
    outer loop
      vertex 158.543 7.27927 21
      vertex 158 9 21
      vertex 158.402 7.5 21
    endloop
  endfacet
  facet normal 0 0 1
    outer loop
      vertex 158 19 21
      vertex 158.181 20.0261 21
      vertex 158.102 19.7765 21
    endloop
  endfacet
  facet normal 0 0 1
    outer loop
      vertex 158.402 7.5 21
      vertex 158 9 21
      vertex 158.281 7.73214 21
    endloop
  endfacet
  facet normal 0 0 1
    outer loop
      vertex 158 19 21
      vertex 158.102 19.7765 21
      vertex 158.046 19.5209 21
    endloop
  endfacet
  facet normal 0 0 1
    outer loop
      vertex 158.281 7.73214 21
      vertex 158 9 21
      vertex 158.181 7.97394 21
    endloop
  endfacet
  facet normal 0 0 1
    outer loop
      vertex 158 19 21
      vertex 158.046 19.5209 21
      vertex 158.011 19.2615 21
    endloop
  endfacet
  facet normal 0 0 1
    outer loop
      vertex 158.181 7.97394 21
      vertex 158 9 21
      vertex 158.102 8.22354 21
    endloop
  endfacet
  facet normal 0 0 1
    outer loop
      vertex 158.102 8.22354 21
      vertex 158 9 21
      vertex 158.046 8.47906 21
    endloop
  endfacet
  facet normal 0 0 1
    outer loop
      vertex 158.046 8.47906 21
      vertex 158 9 21
      vertex 158.011 8.73853 21
    endloop
  endfacet
  facet normal -0.793944 -0.607991 -5.80661e-18
    outer loop
      vertex 158.702 7.07164 19
      vertex 158.543 7.27927 21
      vertex 158.543 7.27927 19
    endloop
  endfacet
  facet normal -0.793944 -0.607991 -5.80661e-18
    outer loop
      vertex 158.543 7.27927 21
      vertex 158.702 7.07164 19
      vertex 158.702 7.07164 21
    endloop
  endfacet
  facet normal 0.886735 0.462279 -1.03342e-18
    outer loop
      vertex 173.719 20.2679 21
      vertex 173.598 20.5 19
      vertex 173.598 20.5 21
    endloop
  endfacet
  facet normal 0.886735 0.462279 -1.03342e-18
    outer loop
      vertex 173.598 20.5 19
      vertex 173.719 20.2679 21
      vertex 173.719 20.2679 19
    endloop
  endfacet
  facet normal 0.99102 0.133715 2.68913e-19
    outer loop
      vertex 173.989 19.2615 21
      vertex 173.954 19.5209 19
      vertex 173.954 19.5209 21
    endloop
  endfacet
  facet normal 0.99102 0.133715 2.68913e-19
    outer loop
      vertex 173.954 19.5209 19
      vertex 173.989 19.2615 21
      vertex 173.989 19.2615 19
    endloop
  endfacet
  facet normal -0.675482 0.737376 0
    outer loop
      vertex 159.072 21.2981 19
      vertex 158.879 21.1213 21
      vertex 159.072 21.2981 21
    endloop
  endfacet
  facet normal -0.675482 0.737376 0
    outer loop
      vertex 158.879 21.1213 21
      vertex 159.072 21.2981 19
      vertex 158.879 21.1213 19
    endloop
  endfacet
  facet normal 0.675503 -0.737357 0
    outer loop
      vertex 172.928 6.70187 19
      vertex 173.121 6.87868 21
      vertex 172.928 6.70187 21
    endloop
  endfacet
  facet normal 0.675503 -0.737357 0
    outer loop
      vertex 173.121 6.87868 21
      vertex 172.928 6.70187 19
      vertex 173.121 6.87868 19
    endloop
  endfacet
  facet normal -0.97683 0.214016 -7.08828e-19
    outer loop
      vertex 158.046 19.5209 19
      vertex 158.102 19.7765 21
      vertex 158.102 19.7765 19
    endloop
  endfacet
  facet normal -0.97683 0.214016 -7.08828e-19
    outer loop
      vertex 158.102 19.7765 21
      vertex 158.046 19.5209 19
      vertex 158.046 19.5209 21
    endloop
  endfacet
  facet normal 0.793944 -0.607991 5.80661e-18
    outer loop
      vertex 173.298 7.07164 21
      vertex 173.457 7.27927 19
      vertex 173.457 7.27927 21
    endloop
  endfacet
  facet normal 0.793944 -0.607991 5.80661e-18
    outer loop
      vertex 173.457 7.27927 19
      vertex 173.298 7.07164 21
      vertex 173.298 7.07164 19
    endloop
  endfacet
  facet normal -0.461834 0.886966 0
    outer loop
      vertex 159.732 21.7189 19
      vertex 159.5 21.5981 21
      vertex 159.732 21.7189 21
    endloop
  endfacet
  facet normal -0.461834 0.886966 0
    outer loop
      vertex 159.5 21.5981 21
      vertex 159.732 21.7189 19
      vertex 159.5 21.5981 19
    endloop
  endfacet
  facet normal 0 1 -0
    outer loop
      vertex 171 22 19
      vertex 161 22 21
      vertex 171 22 21
    endloop
  endfacet
  facet normal 0 1 0
    outer loop
      vertex 161 22 21
      vertex 171 22 19
      vertex 161 22 19
    endloop
  endfacet
  facet normal -0.536831 -0.84369 0
    outer loop
      vertex 159.279 6.54254 19
      vertex 159.5 6.40192 21
      vertex 159.279 6.54254 21
    endloop
  endfacet
  facet normal -0.536831 -0.84369 -0
    outer loop
      vertex 159.5 6.40192 21
      vertex 159.279 6.54254 19
      vertex 159.5 6.40192 19
    endloop
  endfacet
  facet normal -0.536777 0.843724 0
    outer loop
      vertex 159.5 21.5981 19
      vertex 159.279 21.4575 21
      vertex 159.5 21.5981 21
    endloop
  endfacet
  facet normal -0.536777 0.843724 0
    outer loop
      vertex 159.279 21.4575 21
      vertex 159.5 21.5981 19
      vertex 159.279 21.4575 19
    endloop
  endfacet
  facet normal -0.736926 -0.675974 1.16783e-18
    outer loop
      vertex 158.879 6.87868 19
      vertex 158.702 7.07164 21
      vertex 158.702 7.07164 19
    endloop
  endfacet
  facet normal -0.736926 -0.675974 1.16783e-18
    outer loop
      vertex 158.702 7.07164 21
      vertex 158.879 6.87868 19
      vertex 158.879 6.87868 21
    endloop
  endfacet
  facet normal 0.216687 0.976241 -0
    outer loop
      vertex 171.776 21.8978 19
      vertex 171.521 21.9544 21
      vertex 171.776 21.8978 21
    endloop
  endfacet
  facet normal 0.216687 0.976241 0
    outer loop
      vertex 171.521 21.9544 21
      vertex 171.776 21.8978 19
      vertex 171.521 21.9544 19
    endloop
  endfacet
  facet normal 0.536777 0.843724 -0
    outer loop
      vertex 172.721 21.4575 19
      vertex 172.5 21.5981 21
      vertex 172.721 21.4575 21
    endloop
  endfacet
  facet normal 0.536777 0.843724 0
    outer loop
      vertex 172.5 21.5981 21
      vertex 172.721 21.4575 19
      vertex 172.5 21.5981 19
    endloop
  endfacet
  facet normal -0.216833 -0.976209 0
    outer loop
      vertex 160.224 6.10222 19
      vertex 160.479 6.04558 21
      vertex 160.224 6.10222 21
    endloop
  endfacet
  facet normal -0.216833 -0.976209 -0
    outer loop
      vertex 160.479 6.04558 21
      vertex 160.224 6.10222 19
      vertex 160.479 6.04558 19
    endloop
  endfacet
  facet normal 0.924091 0.382172 2.42061e-18
    outer loop
      vertex 173.819 20.0261 21
      vertex 173.719 20.2679 19
      vertex 173.719 20.2679 21
    endloop
  endfacet
  facet normal 0.924091 0.382172 2.42061e-18
    outer loop
      vertex 173.719 20.2679 19
      vertex 173.819 20.0261 21
      vertex 173.819 20.0261 19
    endloop
  endfacet
  facet normal 0.886767 -0.462216 2.22474e-18
    outer loop
      vertex 173.598 7.5 21
      vertex 173.719 7.73214 19
      vertex 173.719 7.73214 21
    endloop
  endfacet
  facet normal 0.886767 -0.462216 2.22474e-18
    outer loop
      vertex 173.719 7.73214 19
      vertex 173.598 7.5 21
      vertex 173.598 7.5 19
    endloop
  endfacet
  facet normal 0.536831 -0.84369 0
    outer loop
      vertex 172.5 6.40192 19
      vertex 172.721 6.54254 21
      vertex 172.5 6.40192 21
    endloop
  endfacet
  facet normal 0.536831 -0.84369 0
    outer loop
      vertex 172.721 6.54254 21
      vertex 172.5 6.40192 19
      vertex 172.721 6.54254 19
    endloop
  endfacet
  facet normal 0.736821 0.676088 4.3369e-18
    outer loop
      vertex 173.298 20.9284 21
      vertex 173.121 21.1213 19
      vertex 173.121 21.1213 21
    endloop
  endfacet
  facet normal 0.736821 0.676088 4.3369e-18
    outer loop
      vertex 173.121 21.1213 19
      vertex 173.298 20.9284 21
      vertex 173.298 20.9284 19
    endloop
  endfacet
  facet normal -0.886767 -0.462216 -2.22474e-18
    outer loop
      vertex 158.402 7.5 19
      vertex 158.281 7.73214 21
      vertex 158.281 7.73214 19
    endloop
  endfacet
  facet normal -0.886767 -0.462216 -2.22474e-18
    outer loop
      vertex 158.281 7.73214 21
      vertex 158.402 7.5 19
      vertex 158.402 7.5 21
    endloop
  endfacet
  facet normal 0.300273 0.953853 -0
    outer loop
      vertex 172.026 21.8191 19
      vertex 171.776 21.8978 21
      vertex 172.026 21.8191 21
    endloop
  endfacet
  facet normal 0.300273 0.953853 0
    outer loop
      vertex 171.776 21.8978 21
      vertex 172.026 21.8191 19
      vertex 171.776 21.8978 19
    endloop
  endfacet
  facet normal 0.736926 -0.675974 -1.16783e-18
    outer loop
      vertex 173.121 6.87868 21
      vertex 173.298 7.07164 19
      vertex 173.298 7.07164 21
    endloop
  endfacet
  facet normal 0.736926 -0.675974 -1.16783e-18
    outer loop
      vertex 173.298 7.07164 19
      vertex 173.121 6.87868 21
      vertex 173.121 6.87868 19
    endloop
  endfacet
  facet normal -0.382424 -0.923987 0
    outer loop
      vertex 159.732 6.28108 19
      vertex 159.974 6.18092 21
      vertex 159.732 6.28108 21
    endloop
  endfacet
  facet normal -0.382424 -0.923987 -0
    outer loop
      vertex 159.974 6.18092 21
      vertex 159.732 6.28108 19
      vertex 159.974 6.18092 19
    endloop
  endfacet
  facet normal 0.300273 -0.953853 0
    outer loop
      vertex 171.776 6.10222 19
      vertex 172.026 6.18092 21
      vertex 171.776 6.10222 21
    endloop
  endfacet
  facet normal 0.300273 -0.953853 0
    outer loop
      vertex 172.026 6.18092 21
      vertex 171.776 6.10222 19
      vertex 172.026 6.18092 19
    endloop
  endfacet
  facet normal -0.736821 0.676088 -4.3369e-18
    outer loop
      vertex 158.702 20.9284 19
      vertex 158.879 21.1213 21
      vertex 158.879 21.1213 19
    endloop
  endfacet
  facet normal -0.736821 0.676088 -4.3369e-18
    outer loop
      vertex 158.879 21.1213 21
      vertex 158.702 20.9284 19
      vertex 158.702 20.9284 21
    endloop
  endfacet
  facet normal -0.216436 -0.976297 0
    outer loop
      vertex 2.96472 0.136296 14
      vertex 3.30541 0.0607681 19
      vertex 2.96472 0.136296 19
    endloop
  endfacet
  facet normal -0.216436 -0.976297 -0
    outer loop
      vertex 3.30541 0.0607681 19
      vertex 2.96472 0.136296 14
      vertex 3.30541 0.0607681 14
    endloop
  endfacet
  facet normal -0.953767 0.300546 1.14801e-20
    outer loop
      vertex 0.136296 105.035 14
      vertex 0.241229 105.368 19
      vertex 0.241229 105.368 14
    endloop
  endfacet
  facet normal -0.953767 0.300546 1.14801e-20
    outer loop
      vertex 0.241229 105.368 19
      vertex 0.136296 105.035 14
      vertex 0.136296 105.035 19
    endloop
  endfacet
  facet normal 0.384208 0.923246 -0
    outer loop
      vertex 213.69 107.625 14
      vertex 213.368 107.759 19
      vertex 213.69 107.625 19
    endloop
  endfacet
  facet normal 0.384208 0.923246 0
    outer loop
      vertex 213.368 107.759 19
      vertex 213.69 107.625 14
      vertex 213.368 107.759 14
    endloop
  endfacet
  facet normal 0 1 -0
    outer loop
      vertex 212 108 14
      vertex 200 108 19
      vertex 212 108 19
    endloop
  endfacet
  facet normal 0 1 0
    outer loop
      vertex 200 108 19
      vertex 212 108 14
      vertex 200 108 14
    endloop
  endfacet
  facet normal 0 1 -0
    outer loop
      vertex 16 108 14
      vertex 4 108 19
      vertex 16 108 19
    endloop
  endfacet
  facet normal 0 1 0
    outer loop
      vertex 4 108 19
      vertex 16 108 14
      vertex 4 108 14
    endloop
  endfacet
  facet normal 1 -0 0
    outer loop
      vertex 216 4 19
      vertex 216 104 14
      vertex 216 104 19
    endloop
  endfacet
  facet normal 1 0 0
    outer loop
      vertex 216 104 14
      vertex 216 4 19
      vertex 216 4 14
    endloop
  endfacet
  facet normal -0.976204 0.216855 -5.44e-19
    outer loop
      vertex 0.0607681 104.695 14
      vertex 0.136296 105.035 19
      vertex 0.136296 105.035 14
    endloop
  endfacet
  facet normal -0.976204 0.216855 -5.44e-19
    outer loop
      vertex 0.136296 105.035 19
      vertex 0.0607681 104.695 14
      vertex 0.0607681 104.695 19
    endloop
  endfacet
  facet normal -0.382685 -0.923879 0
    outer loop
      vertex 2.30953 0.374768 14
      vertex 2.63192 0.241229 19
      vertex 2.30953 0.374768 19
    endloop
  endfacet
  facet normal -0.382685 -0.923879 -0
    outer loop
      vertex 2.63192 0.241229 19
      vertex 2.30953 0.374768 14
      vertex 2.63192 0.241229 14
    endloop
  endfacet
  facet normal -0.887299 0.461195 6.31887e-19
    outer loop
      vertex 0.374768 105.69 14
      vertex 0.535898 106 19
      vertex 0.535898 106 14
    endloop
  endfacet
  facet normal -0.887299 0.461195 6.31887e-19
    outer loop
      vertex 0.535898 106 19
      vertex 0.374768 105.69 14
      vertex 0.374768 105.69 19
    endloop
  endfacet
  facet normal -1 0 0
    outer loop
      vertex 0 4 14
      vertex 0 104 19
      vertex 0 104 14
    endloop
  endfacet
  facet normal -1 -0 0
    outer loop
      vertex 0 104 19
      vertex 0 4 14
      vertex 0 4 19
    endloop
  endfacet
  facet normal 0.676373 0.736559 -0
    outer loop
      vertex 214.828 106.828 14
      vertex 214.571 107.064 19
      vertex 214.828 106.828 19
    endloop
  endfacet
  facet normal 0.676373 0.736559 0
    outer loop
      vertex 214.571 107.064 19
      vertex 214.828 106.828 14
      vertex 214.571 107.064 14
    endloop
  endfacet
  facet normal 0.976615 -0.214994 8.49357e-19
    outer loop
      vertex 215.864 2.96472 19
      vertex 215.939 3.30541 14
      vertex 215.939 3.30541 19
    endloop
  endfacet
  facet normal 0.976615 -0.214994 8.49357e-19
    outer loop
      vertex 215.939 3.30541 14
      vertex 215.864 2.96472 19
      vertex 215.864 2.96472 14
    endloop
  endfacet
  facet normal 0.999078 0.0429403 2.45994e-19
    outer loop
      vertex 216 104 19
      vertex 215.985 104.349 14
      vertex 215.985 104.349 19
    endloop
  endfacet
  facet normal 0.999078 0.0429403 2.45994e-19
    outer loop
      vertex 215.985 104.349 14
      vertex 216 104 19
      vertex 216 104 14
    endloop
  endfacet
  facet normal -0.793519 0.608546 2.07039e-19
    outer loop
      vertex 0.723392 106.294 14
      vertex 0.935822 106.571 19
      vertex 0.935822 106.571 14
    endloop
  endfacet
  facet normal -0.793519 0.608546 2.07039e-19
    outer loop
      vertex 0.935822 106.571 19
      vertex 0.723392 106.294 14
      vertex 0.723392 106.294 19
    endloop
  endfacet
  facet normal 0.130514 -0.991446 0
    outer loop
      vertex 212.349 0.0152206 14
      vertex 212.695 0.0607681 19
      vertex 212.349 0.0152206 19
    endloop
  endfacet
  facet normal 0.130514 -0.991446 0
    outer loop
      vertex 212.695 0.0607681 19
      vertex 212.349 0.0152206 14
      vertex 212.695 0.0607681 14
    endloop
  endfacet
  facet normal 0.460902 0.887451 -0
    outer loop
      vertex 214 107.464 14
      vertex 213.69 107.625 19
      vertex 214 107.464 19
    endloop
  endfacet
  facet normal 0.460902 0.887451 0
    outer loop
      vertex 213.69 107.625 19
      vertex 214 107.464 14
      vertex 213.69 107.625 14
    endloop
  endfacet
  facet normal 0 -1 0
    outer loop
      vertex 4 0 14
      vertex 212 0 19
      vertex 4 0 19
    endloop
  endfacet
  facet normal 0 -1 -0
    outer loop
      vertex 212 0 19
      vertex 4 0 14
      vertex 212 0 14
    endloop
  endfacet
  facet normal 0.736559 0.676373 2.40805e-19
    outer loop
      vertex 215.064 106.571 19
      vertex 214.828 106.828 14
      vertex 214.828 106.828 19
    endloop
  endfacet
  facet normal 0.736559 0.676373 2.40805e-19
    outer loop
      vertex 214.828 106.828 14
      vertex 215.064 106.571 19
      vertex 215.064 106.571 14
    endloop
  endfacet
  facet normal -0.675581 -0.737285 0
    outer loop
      vertex 1.17157 1.17157 14
      vertex 1.42885 0.935822 19
      vertex 1.17157 1.17157 19
    endloop
  endfacet
  facet normal -0.675581 -0.737285 -0
    outer loop
      vertex 1.42885 0.935822 19
      vertex 1.17157 1.17157 14
      vertex 1.42885 0.935822 14
    endloop
  endfacet
  facet normal 0.844036 -0.536287 -3.60566e-19
    outer loop
      vertex 215.277 1.70569 19
      vertex 215.464 2 14
      vertex 215.464 2 19
    endloop
  endfacet
  facet normal 0.844036 -0.536287 -3.60566e-19
    outer loop
      vertex 215.464 2 14
      vertex 215.277 1.70569 19
      vertex 215.277 1.70569 14
    endloop
  endfacet
  facet normal -0.991446 0.130514 6.70965e-19
    outer loop
      vertex 0.0152206 104.349 14
      vertex 0.0607681 104.695 19
      vertex 0.0607681 104.695 14
    endloop
  endfacet
  facet normal -0.991446 0.130514 6.70965e-19
    outer loop
      vertex 0.0607681 104.695 19
      vertex 0.0152206 104.349 14
      vertex 0.0152206 104.349 19
    endloop
  endfacet
  facet normal -0.675974 0.736926 0
    outer loop
      vertex 1.42885 107.064 14
      vertex 1.17157 106.828 19
      vertex 1.42885 107.064 19
    endloop
  endfacet
  facet normal -0.675974 0.736926 0
    outer loop
      vertex 1.17157 106.828 19
      vertex 1.42885 107.064 14
      vertex 1.17157 106.828 14
    endloop
  endfacet
  facet normal 0.736926 -0.675974 1.46183e-18
    outer loop
      vertex 214.828 1.17157 19
      vertex 215.064 1.42885 14
      vertex 215.064 1.42885 19
    endloop
  endfacet
  facet normal 0.736926 -0.675974 1.46183e-18
    outer loop
      vertex 215.064 1.42885 14
      vertex 214.828 1.17157 19
      vertex 214.828 1.17157 14
    endloop
  endfacet
  facet normal -0.461453 0.887165 0
    outer loop
      vertex 2.30953 107.625 14
      vertex 2 107.464 19
      vertex 2.30953 107.625 19
    endloop
  endfacet
  facet normal -0.461453 0.887165 0
    outer loop
      vertex 2 107.464 19
      vertex 2.30953 107.625 14
      vertex 2 107.464 14
    endloop
  endfacet
  facet normal 0.887165 -0.461453 1.33677e-18
    outer loop
      vertex 215.464 2 19
      vertex 215.625 2.30953 14
      vertex 215.625 2.30953 19
    endloop
  endfacet
  facet normal 0.887165 -0.461453 1.33677e-18
    outer loop
      vertex 215.625 2.30953 14
      vertex 215.464 2 19
      vertex 215.464 2 14
    endloop
  endfacet
  facet normal 0.131788 0.991278 -0
    outer loop
      vertex 212.695 107.939 14
      vertex 212.349 107.985 19
      vertex 212.695 107.939 19
    endloop
  endfacet
  facet normal 0.131788 0.991278 0
    outer loop
      vertex 212.349 107.985 19
      vertex 212.695 107.939 14
      vertex 212.349 107.985 14
    endloop
  endfacet
  facet normal 0.79273 0.609572 1.42927e-18
    outer loop
      vertex 215.277 106.294 19
      vertex 215.064 106.571 14
      vertex 215.064 106.571 19
    endloop
  endfacet
  facet normal 0.79273 0.609572 1.42927e-18
    outer loop
      vertex 215.064 106.571 14
      vertex 215.277 106.294 19
      vertex 215.277 106.294 14
    endloop
  endfacet
  facet normal -0.1318 0.991276 0
    outer loop
      vertex 3.65138 107.985 14
      vertex 3.30541 107.939 19
      vertex 3.65138 107.985 19
    endloop
  endfacet
  facet normal -0.1318 0.991276 0
    outer loop
      vertex 3.30541 107.939 19
      vertex 3.65138 107.985 14
      vertex 3.30541 107.939 14
    endloop
  endfacet
  facet normal -0.843394 -0.537295 -1.8654e-18
    outer loop
      vertex 0.723392 1.70569 14
      vertex 0.535898 2 19
      vertex 0.535898 2 14
    endloop
  endfacet
  facet normal -0.843394 -0.537295 -1.8654e-18
    outer loop
      vertex 0.535898 2 19
      vertex 0.723392 1.70569 14
      vertex 0.723392 1.70569 19
    endloop
  endfacet
  facet normal 0.923411 -0.383812 4.10985e-19
    outer loop
      vertex 215.625 2.30953 19
      vertex 215.759 2.63192 14
      vertex 215.759 2.63192 19
    endloop
  endfacet
  facet normal 0.923411 -0.383812 4.10985e-19
    outer loop
      vertex 215.759 2.63192 14
      vertex 215.625 2.30953 19
      vertex 215.625 2.30953 14
    endloop
  endfacet
  facet normal -0.536287 0.844036 0
    outer loop
      vertex 2 107.464 14
      vertex 1.70569 107.277 19
      vertex 2 107.464 19
    endloop
  endfacet
  facet normal -0.536287 0.844036 0
    outer loop
      vertex 1.70569 107.277 19
      vertex 2 107.464 14
      vertex 1.70569 107.277 14
    endloop
  endfacet
  facet normal 0.79256 -0.609794 1.73895e-18
    outer loop
      vertex 215.064 1.42885 19
      vertex 215.277 1.70569 14
      vertex 215.277 1.70569 19
    endloop
  endfacet
  facet normal 0.79256 -0.609794 1.73895e-18
    outer loop
      vertex 215.277 1.70569 14
      vertex 215.064 1.42885 19
      vertex 215.064 1.42885 14
    endloop
  endfacet
  facet normal 0.953712 0.30072 -1.66742e-18
    outer loop
      vertex 215.864 105.035 19
      vertex 215.759 105.368 14
      vertex 215.759 105.368 19
    endloop
  endfacet
  facet normal 0.953712 0.30072 -1.66742e-18
    outer loop
      vertex 215.759 105.368 14
      vertex 215.864 105.035 19
      vertex 215.864 105.035 14
    endloop
  endfacet
  facet normal -0.953716 -0.30071 1.08841e-18
    outer loop
      vertex 0.241229 2.63192 14
      vertex 0.136296 2.96472 19
      vertex 0.136296 2.96472 14
    endloop
  endfacet
  facet normal -0.953716 -0.30071 1.08841e-18
    outer loop
      vertex 0.136296 2.96472 19
      vertex 0.241229 2.63192 14
      vertex 0.241229 2.63192 19
    endloop
  endfacet
  facet normal 0.0435706 -0.99905 0
    outer loop
      vertex 212 0 14
      vertex 212.349 0.0152206 19
      vertex 212 0 19
    endloop
  endfacet
  facet normal 0.0435706 -0.99905 0
    outer loop
      vertex 212.349 0.0152206 19
      vertex 212 0 14
      vertex 212.349 0.0152206 14
    endloop
  endfacet
  facet normal 0.461195 -0.887299 0
    outer loop
      vertex 213.69 0.374768 14
      vertex 214 0.535898 19
      vertex 213.69 0.374768 19
    endloop
  endfacet
  facet normal 0.461195 -0.887299 0
    outer loop
      vertex 214 0.535898 19
      vertex 213.69 0.374768 14
      vertex 214 0.535898 14
    endloop
  endfacet
  facet normal -0.214994 0.976615 0
    outer loop
      vertex 3.30541 107.939 14
      vertex 2.96472 107.864 19
      vertex 3.30541 107.939 19
    endloop
  endfacet
  facet normal -0.214994 0.976615 0
    outer loop
      vertex 2.96472 107.864 19
      vertex 3.30541 107.939 14
      vertex 2.96472 107.864 14
    endloop
  endfacet
  facet normal -0.999048 -0.043618 -9.13239e-20
    outer loop
      vertex 0.0152206 3.65138 14
      vertex 0 4 19
      vertex 0 4 14
    endloop
  endfacet
  facet normal -0.999048 -0.043618 -9.13239e-20
    outer loop
      vertex 0 4 19
      vertex 0.0152206 3.65138 14
      vertex 0.0152206 3.65138 19
    endloop
  endfacet
  facet normal -0.383812 0.923411 0
    outer loop
      vertex 2.63192 107.759 14
      vertex 2.30953 107.625 19
      vertex 2.63192 107.759 19
    endloop
  endfacet
  facet normal -0.383812 0.923411 0
    outer loop
      vertex 2.30953 107.625 19
      vertex 2.63192 107.759 14
      vertex 2.30953 107.625 14
    endloop
  endfacet
  facet normal 0.608546 -0.793519 0
    outer loop
      vertex 214.294 0.723392 14
      vertex 214.571 0.935822 19
      vertex 214.294 0.723392 19
    endloop
  endfacet
  facet normal 0.608546 -0.793519 0
    outer loop
      vertex 214.571 0.935822 19
      vertex 214.294 0.723392 14
      vertex 214.571 0.935822 14
    endloop
  endfacet
  facet normal 0.999076 -0.042987 1.79727e-19
    outer loop
      vertex 215.985 3.65138 19
      vertex 216 4 14
      vertex 216 4 19
    endloop
  endfacet
  facet normal 0.999076 -0.042987 1.79727e-19
    outer loop
      vertex 216 4 14
      vertex 215.985 3.65138 19
      vertex 215.985 3.65138 14
    endloop
  endfacet
  facet normal 0.976524 0.21541 -1.75379e-19
    outer loop
      vertex 215.939 104.695 19
      vertex 215.864 105.035 14
      vertex 215.864 105.035 19
    endloop
  endfacet
  facet normal 0.976524 0.21541 -1.75379e-19
    outer loop
      vertex 215.864 105.035 14
      vertex 215.939 104.695 19
      vertex 215.939 104.695 14
    endloop
  endfacet
  facet normal 0.383081 -0.923715 0
    outer loop
      vertex 213.368 0.241229 14
      vertex 213.69 0.374768 19
      vertex 213.368 0.241229 19
    endloop
  endfacet
  facet normal 0.383081 -0.923715 0
    outer loop
      vertex 213.69 0.374768 19
      vertex 213.368 0.241229 14
      vertex 213.69 0.374768 14
    endloop
  endfacet
  facet normal 0.991276 -0.1318 -8.59705e-19
    outer loop
      vertex 215.939 3.30541 19
      vertex 215.985 3.65138 14
      vertex 215.985 3.65138 19
    endloop
  endfacet
  facet normal 0.991276 -0.1318 -8.59705e-19
    outer loop
      vertex 215.985 3.65138 14
      vertex 215.939 3.30541 19
      vertex 215.939 3.30541 14
    endloop
  endfacet
  facet normal -0.923715 0.383081 2.4552e-19
    outer loop
      vertex 0.241229 105.368 14
      vertex 0.374768 105.69 19
      vertex 0.374768 105.69 14
    endloop
  endfacet
  facet normal -0.923715 0.383081 2.4552e-19
    outer loop
      vertex 0.374768 105.69 19
      vertex 0.241229 105.368 14
      vertex 0.241229 105.368 19
    endloop
  endfacet
  facet normal -0.043618 -0.999048 0
    outer loop
      vertex 3.65138 0.0152206 14
      vertex 4 0 19
      vertex 3.65138 0.0152206 19
    endloop
  endfacet
  facet normal -0.043618 -0.999048 -0
    outer loop
      vertex 4 0 19
      vertex 3.65138 0.0152206 14
      vertex 4 0 14
    endloop
  endfacet
  facet normal -0.130525 -0.991445 0
    outer loop
      vertex 3.30541 0.0607681 14
      vertex 3.65138 0.0152206 19
      vertex 3.30541 0.0607681 19
    endloop
  endfacet
  facet normal -0.130525 -0.991445 -0
    outer loop
      vertex 3.65138 0.0152206 19
      vertex 3.30541 0.0607681 14
      vertex 3.65138 0.0152206 14
    endloop
  endfacet
  facet normal -0.793349 -0.608767 -1.24106e-18
    outer loop
      vertex 0.935822 1.42885 14
      vertex 0.723392 1.70569 19
      vertex 0.723392 1.70569 14
    endloop
  endfacet
  facet normal -0.793349 -0.608767 -1.24106e-18
    outer loop
      vertex 0.723392 1.70569 19
      vertex 0.935822 1.42885 14
      vertex 0.935822 1.42885 19
    endloop
  endfacet
  facet normal 0.216855 -0.976204 0
    outer loop
      vertex 212.695 0.0607681 14
      vertex 213.035 0.136296 19
      vertex 212.695 0.0607681 19
    endloop
  endfacet
  facet normal 0.216855 -0.976204 0
    outer loop
      vertex 213.035 0.136296 19
      vertex 212.695 0.0607681 14
      vertex 213.035 0.136296 14
    endloop
  endfacet
  facet normal -0.736919 0.675981 -8.79343e-21
    outer loop
      vertex 0.935822 106.571 14
      vertex 1.17157 106.828 19
      vertex 1.17157 106.828 14
    endloop
  endfacet
  facet normal -0.736919 0.675981 -8.79343e-21
    outer loop
      vertex 1.17157 106.828 19
      vertex 0.935822 106.571 14
      vertex 0.935822 106.571 19
    endloop
  endfacet
  facet normal 0.53669 0.84378 -0
    outer loop
      vertex 214.294 107.277 14
      vertex 214 107.464 19
      vertex 214.294 107.277 19
    endloop
  endfacet
  facet normal 0.53669 0.84378 0
    outer loop
      vertex 214 107.464 19
      vertex 214.294 107.277 14
      vertex 214 107.464 14
    endloop
  endfacet
  facet normal -0.99905 0.0435706 2.27841e-19
    outer loop
      vertex 0 104 14
      vertex 0.0152206 104.349 19
      vertex 0.0152206 104.349 14
    endloop
  endfacet
  facet normal -0.99905 0.0435706 2.27841e-19
    outer loop
      vertex 0.0152206 104.349 19
      vertex 0 104 14
      vertex 0 104 19
    endloop
  endfacet
  facet normal -0.737285 -0.675581 -1.50748e-18
    outer loop
      vertex 1.17157 1.17157 14
      vertex 0.935822 1.42885 19
      vertex 0.935822 1.42885 14
    endloop
  endfacet
  facet normal -0.737285 -0.675581 -1.50748e-18
    outer loop
      vertex 0.935822 1.42885 19
      vertex 1.17157 1.17157 14
      vertex 1.17157 1.17157 19
    endloop
  endfacet
  facet normal 0.675981 -0.736919 0
    outer loop
      vertex 214.571 0.935822 14
      vertex 214.828 1.17157 19
      vertex 214.571 0.935822 19
    endloop
  endfacet
  facet normal 0.675981 -0.736919 0
    outer loop
      vertex 214.828 1.17157 19
      vertex 214.571 0.935822 14
      vertex 214.828 1.17157 14
    endloop
  endfacet
  facet normal -0.537295 -0.843394 0
    outer loop
      vertex 1.70569 0.723392 14
      vertex 2 0.535898 19
      vertex 1.70569 0.723392 19
    endloop
  endfacet
  facet normal -0.537295 -0.843394 -0
    outer loop
      vertex 2 0.535898 19
      vertex 1.70569 0.723392 14
      vertex 2 0.535898 14
    endloop
  endfacet
  facet normal -0.461746 -0.887012 0
    outer loop
      vertex 2 0.535898 14
      vertex 2.30953 0.374768 19
      vertex 2 0.535898 19
    endloop
  endfacet
  facet normal -0.461746 -0.887012 -0
    outer loop
      vertex 2.30953 0.374768 19
      vertex 2 0.535898 14
      vertex 2.30953 0.374768 14
    endloop
  endfacet
  facet normal 0.21541 0.976524 -0
    outer loop
      vertex 213.035 107.864 14
      vertex 212.695 107.939 19
      vertex 213.035 107.864 19
    endloop
  endfacet
  facet normal 0.21541 0.976524 0
    outer loop
      vertex 212.695 107.939 19
      vertex 213.035 107.864 14
      vertex 212.695 107.939 14
    endloop
  endfacet
  facet normal -0.991445 -0.130525 8.4209e-19
    outer loop
      vertex 0.0607681 3.30541 14
      vertex 0.0152206 3.65138 19
      vertex 0.0152206 3.65138 14
    endloop
  endfacet
  facet normal -0.991445 -0.130525 8.4209e-19
    outer loop
      vertex 0.0152206 3.65138 19
      vertex 0.0607681 3.30541 14
      vertex 0.0607681 3.30541 19
    endloop
  endfacet
  facet normal 0.609572 0.79273 -0
    outer loop
      vertex 214.571 107.064 14
      vertex 214.294 107.277 19
      vertex 214.571 107.064 19
    endloop
  endfacet
  facet normal 0.609572 0.79273 0
    outer loop
      vertex 214.294 107.277 19
      vertex 214.571 107.064 14
      vertex 214.294 107.277 14
    endloop
  endfacet
  facet normal -0.923879 -0.382685 1.02072e-18
    outer loop
      vertex 0.374768 2.30953 14
      vertex 0.241229 2.63192 19
      vertex 0.241229 2.63192 14
    endloop
  endfacet
  facet normal -0.923879 -0.382685 1.02072e-18
    outer loop
      vertex 0.241229 2.63192 19
      vertex 0.374768 2.30953 14
      vertex 0.374768 2.30953 19
    endloop
  endfacet
  facet normal 0.887451 0.460902 -1.09842e-18
    outer loop
      vertex 215.625 105.69 19
      vertex 215.464 106 14
      vertex 215.464 106 19
    endloop
  endfacet
  facet normal 0.887451 0.460902 -1.09842e-18
    outer loop
      vertex 215.464 106 14
      vertex 215.625 105.69 19
      vertex 215.625 105.69 14
    endloop
  endfacet
  facet normal -0.300885 0.953661 0
    outer loop
      vertex 2.96472 107.864 14
      vertex 2.63192 107.759 19
      vertex 2.96472 107.864 19
    endloop
  endfacet
  facet normal -0.300885 0.953661 0
    outer loop
      vertex 2.63192 107.759 19
      vertex 2.96472 107.864 14
      vertex 2.63192 107.759 14
    endloop
  endfacet
  facet normal -0.30071 -0.953716 0
    outer loop
      vertex 2.63192 0.241229 14
      vertex 2.96472 0.136296 19
      vertex 2.63192 0.241229 19
    endloop
  endfacet
  facet normal -0.30071 -0.953716 -0
    outer loop
      vertex 2.96472 0.136296 19
      vertex 2.63192 0.241229 14
      vertex 2.96472 0.136296 14
    endloop
  endfacet
  facet normal -0.608767 -0.793349 0
    outer loop
      vertex 1.42885 0.935822 14
      vertex 1.70569 0.723392 19
      vertex 1.42885 0.935822 19
    endloop
  endfacet
  facet normal -0.608767 -0.793349 -0
    outer loop
      vertex 1.70569 0.723392 19
      vertex 1.42885 0.935822 14
      vertex 1.70569 0.723392 14
    endloop
  endfacet
  facet normal -0.609794 0.79256 0
    outer loop
      vertex 1.70569 107.277 14
      vertex 1.42885 107.064 19
      vertex 1.70569 107.277 19
    endloop
  endfacet
  facet normal -0.609794 0.79256 0
    outer loop
      vertex 1.42885 107.064 19
      vertex 1.70569 107.277 14
      vertex 1.42885 107.064 14
    endloop
  endfacet
  facet normal -0.843137 0.537698 1.15677e-18
    outer loop
      vertex 0.535898 106 14
      vertex 0.723392 106.294 19
      vertex 0.723392 106.294 14
    endloop
  endfacet
  facet normal -0.843137 0.537698 1.15677e-18
    outer loop
      vertex 0.723392 106.294 19
      vertex 0.535898 106 14
      vertex 0.535898 106 19
    endloop
  endfacet
  facet normal 0.953661 -0.300885 1.65128e-18
    outer loop
      vertex 215.759 2.63192 19
      vertex 215.864 2.96472 14
      vertex 215.864 2.96472 19
    endloop
  endfacet
  facet normal 0.953661 -0.300885 1.65128e-18
    outer loop
      vertex 215.864 2.96472 14
      vertex 215.759 2.63192 19
      vertex 215.759 2.63192 14
    endloop
  endfacet
  facet normal 0.0429403 0.999078 -0
    outer loop
      vertex 212.349 107.985 14
      vertex 212 108 19
      vertex 212.349 107.985 19
    endloop
  endfacet
  facet normal 0.0429403 0.999078 0
    outer loop
      vertex 212 108 19
      vertex 212.349 107.985 14
      vertex 212 108 14
    endloop
  endfacet
  facet normal 0.30072 0.953712 -0
    outer loop
      vertex 213.368 107.759 14
      vertex 213.035 107.864 19
      vertex 213.368 107.759 19
    endloop
  endfacet
  facet normal 0.30072 0.953712 0
    outer loop
      vertex 213.035 107.864 19
      vertex 213.368 107.759 14
      vertex 213.035 107.864 14
    endloop
  endfacet
  facet normal 0.84378 0.53669 -1.4545e-18
    outer loop
      vertex 215.464 106 19
      vertex 215.277 106.294 14
      vertex 215.277 106.294 19
    endloop
  endfacet
  facet normal 0.84378 0.53669 -1.4545e-18
    outer loop
      vertex 215.277 106.294 14
      vertex 215.464 106 19
      vertex 215.464 106 14
    endloop
  endfacet
  facet normal -0.042987 0.999076 0
    outer loop
      vertex 4 108 14
      vertex 3.65138 107.985 19
      vertex 4 108 19
    endloop
  endfacet
  facet normal -0.042987 0.999076 0
    outer loop
      vertex 3.65138 107.985 19
      vertex 4 108 14
      vertex 3.65138 107.985 14
    endloop
  endfacet
  facet normal 0.537698 -0.843137 0
    outer loop
      vertex 214 0.535898 14
      vertex 214.294 0.723392 19
      vertex 214 0.535898 19
    endloop
  endfacet
  facet normal 0.537698 -0.843137 0
    outer loop
      vertex 214.294 0.723392 19
      vertex 214 0.535898 14
      vertex 214.294 0.723392 14
    endloop
  endfacet
  facet normal 0.923246 0.384208 -9.03027e-19
    outer loop
      vertex 215.759 105.368 19
      vertex 215.625 105.69 14
      vertex 215.625 105.69 19
    endloop
  endfacet
  facet normal 0.923246 0.384208 -9.03027e-19
    outer loop
      vertex 215.625 105.69 14
      vertex 215.759 105.368 19
      vertex 215.759 105.368 14
    endloop
  endfacet
  facet normal 0.991278 0.131788 -8.00149e-19
    outer loop
      vertex 215.985 104.349 19
      vertex 215.939 104.695 14
      vertex 215.939 104.695 19
    endloop
  endfacet
  facet normal 0.991278 0.131788 -8.00149e-19
    outer loop
      vertex 215.939 104.695 14
      vertex 215.985 104.349 19
      vertex 215.985 104.349 14
    endloop
  endfacet
  facet normal -0.887012 -0.461746 6.54019e-19
    outer loop
      vertex 0.535898 2 14
      vertex 0.374768 2.30953 19
      vertex 0.374768 2.30953 14
    endloop
  endfacet
  facet normal -0.887012 -0.461746 6.54019e-19
    outer loop
      vertex 0.374768 2.30953 19
      vertex 0.535898 2 14
      vertex 0.535898 2 19
    endloop
  endfacet
  facet normal -0.976297 -0.216436 9.84351e-19
    outer loop
      vertex 0.136296 2.96472 14
      vertex 0.0607681 3.30541 19
      vertex 0.0607681 3.30541 14
    endloop
  endfacet
  facet normal -0.976297 -0.216436 9.84351e-19
    outer loop
      vertex 0.0607681 3.30541 19
      vertex 0.136296 2.96472 14
      vertex 0.136296 2.96472 19
    endloop
  endfacet
  facet normal 0.300546 -0.953767 0
    outer loop
      vertex 213.035 0.136296 14
      vertex 213.368 0.241229 19
      vertex 213.035 0.136296 19
    endloop
  endfacet
  facet normal 0.300546 -0.953767 0
    outer loop
      vertex 213.368 0.241229 19
      vertex 213.035 0.136296 14
      vertex 213.368 0.241229 14
    endloop
  endfacet
  facet normal -0.9915 -0.130106 8.82228e-20
    outer loop
      vertex 33.2912 31.2005 14
      vertex 33.2651 31.3994 23
      vertex 33.2651 31.3994 14
    endloop
  endfacet
  facet normal -0.9915 -0.130106 8.82228e-20
    outer loop
      vertex 33.2651 31.3994 23
      vertex 33.2912 31.2005 14
      vertex 33.2912 31.2005 23
    endloop
  endfacet
  facet normal -0.999038 -0.0438481 4.36286e-20
    outer loop
      vertex 33.3 31 14
      vertex 33.2912 31.2005 23
      vertex 33.2912 31.2005 14
    endloop
  endfacet
  facet normal -0.999038 -0.0438481 4.36286e-20
    outer loop
      vertex 33.2912 31.2005 23
      vertex 33.3 31 14
      vertex 33.3 31 23
    endloop
  endfacet
  facet normal -0.976222 -0.216772 -1.30519e-19
    outer loop
      vertex 33.2651 31.3994 14
      vertex 33.2216 31.5953 23
      vertex 33.2216 31.5953 14
    endloop
  endfacet
  facet normal -0.976222 -0.216772 -1.30519e-19
    outer loop
      vertex 33.2216 31.5953 23
      vertex 33.2651 31.3994 14
      vertex 33.2651 31.3994 23
    endloop
  endfacet
  facet normal 0.30063 0.953741 -0
    outer loop
      vertex 30.4047 28.7784 14
      vertex 30.2134 28.8387 23
      vertex 30.4047 28.7784 23
    endloop
  endfacet
  facet normal 0.30063 0.953741 0
    outer loop
      vertex 30.2134 28.8387 23
      vertex 30.4047 28.7784 14
      vertex 30.2134 28.8387 14
    endloop
  endfacet
  facet normal 0.216772 -0.976222 0
    outer loop
      vertex 30.4047 33.2216 14
      vertex 30.6006 33.2651 23
      vertex 30.4047 33.2216 23
    endloop
  endfacet
  facet normal 0.216772 -0.976222 0
    outer loop
      vertex 30.6006 33.2651 23
      vertex 30.4047 33.2216 14
      vertex 30.6006 33.2651 14
    endloop
  endfacet
  facet normal 0.887135 0.46151 7.52374e-19
    outer loop
      vertex 29.0081 29.85 23
      vertex 28.9155 30.028 14
      vertex 28.9155 30.028 23
    endloop
  endfacet
  facet normal 0.887135 0.46151 7.52374e-19
    outer loop
      vertex 28.9155 30.028 14
      vertex 29.0081 29.85 23
      vertex 29.0081 29.85 14
    endloop
  endfacet
  facet normal -0.923871 -0.382704 1.06667e-19
    outer loop
      vertex 33.1613 31.7866 14
      vertex 33.0845 31.972 23
      vertex 33.0845 31.972 14
    endloop
  endfacet
  facet normal -0.923871 -0.382704 1.06667e-19
    outer loop
      vertex 33.0845 31.972 23
      vertex 33.1613 31.7866 14
      vertex 33.1613 31.7866 23
    endloop
  endfacet
  facet normal -0.537327 0.843374 0
    outer loop
      vertex 32.3192 29.1159 14
      vertex 32.15 29.0081 23
      vertex 32.3192 29.1159 23
    endloop
  endfacet
  facet normal -0.537327 0.843374 0
    outer loop
      vertex 32.15 29.0081 23
      vertex 32.3192 29.1159 14
      vertex 32.15 29.0081 14
    endloop
  endfacet
  facet normal 0.9915 -0.130106 2.05406e-19
    outer loop
      vertex 28.7088 31.2005 23
      vertex 28.7349 31.3994 14
      vertex 28.7349 31.3994 23
    endloop
  endfacet
  facet normal 0.9915 -0.130106 2.05406e-19
    outer loop
      vertex 28.7349 31.3994 14
      vertex 28.7088 31.2005 23
      vertex 28.7088 31.2005 14
    endloop
  endfacet
  facet normal 0.675792 -0.737092 0
    outer loop
      vertex 29.3737 32.6263 14
      vertex 29.5216 32.7619 23
      vertex 29.3737 32.6263 23
    endloop
  endfacet
  facet normal 0.675792 -0.737092 0
    outer loop
      vertex 29.5216 32.7619 23
      vertex 29.3737 32.6263 14
      vertex 29.5216 32.7619 14
    endloop
  endfacet
  facet normal -0.216772 0.976222 0
    outer loop
      vertex 31.5953 28.7784 14
      vertex 31.3994 28.7349 23
      vertex 31.5953 28.7784 23
    endloop
  endfacet
  facet normal -0.216772 0.976222 0
    outer loop
      vertex 31.3994 28.7349 23
      vertex 31.5953 28.7784 14
      vertex 31.3994 28.7349 14
    endloop
  endfacet
  facet normal 0.887135 -0.46151 -7.52374e-19
    outer loop
      vertex 28.9155 31.972 23
      vertex 29.0081 32.15 14
      vertex 29.0081 32.15 23
    endloop
  endfacet
  facet normal 0.887135 -0.46151 -7.52374e-19
    outer loop
      vertex 29.0081 32.15 14
      vertex 28.9155 31.972 23
      vertex 28.9155 31.972 14
    endloop
  endfacet
  facet normal -0.887135 -0.46151 7.52374e-19
    outer loop
      vertex 33.0845 31.972 14
      vertex 32.9919 32.15 23
      vertex 32.9919 32.15 14
    endloop
  endfacet
  facet normal -0.887135 -0.46151 7.52374e-19
    outer loop
      vertex 32.9919 32.15 23
      vertex 33.0845 31.972 14
      vertex 33.0845 31.972 23
    endloop
  endfacet
  facet normal -0.793494 0.608578 2.97375e-19
    outer loop
      vertex 32.7619 29.5216 14
      vertex 32.884 29.6808 23
      vertex 32.884 29.6808 14
    endloop
  endfacet
  facet normal -0.793494 0.608578 2.97375e-19
    outer loop
      vertex 32.884 29.6808 23
      vertex 32.7619 29.5216 14
      vertex 32.7619 29.5216 23
    endloop
  endfacet
  facet normal 0.46151 0.887135 -0
    outer loop
      vertex 30.028 28.9155 14
      vertex 29.85 29.0081 23
      vertex 30.028 28.9155 23
    endloop
  endfacet
  facet normal 0.46151 0.887135 0
    outer loop
      vertex 29.85 29.0081 23
      vertex 30.028 28.9155 14
      vertex 29.85 29.0081 14
    endloop
  endfacet
  facet normal -0.608578 -0.793494 0
    outer loop
      vertex 32.3192 32.884 14
      vertex 32.4784 32.7619 23
      vertex 32.3192 32.884 23
    endloop
  endfacet
  facet normal -0.608578 -0.793494 -0
    outer loop
      vertex 32.4784 32.7619 23
      vertex 32.3192 32.884 14
      vertex 32.4784 32.7619 14
    endloop
  endfacet
  facet normal 0.608578 -0.793494 0
    outer loop
      vertex 29.5216 32.7619 14
      vertex 29.6808 32.884 23
      vertex 29.5216 32.7619 23
    endloop
  endfacet
  facet normal 0.608578 -0.793494 0
    outer loop
      vertex 29.6808 32.884 23
      vertex 29.5216 32.7619 14
      vertex 29.6808 32.884 14
    endloop
  endfacet
  facet normal -0.0438481 -0.999038 0
    outer loop
      vertex 31 33.3 14
      vertex 31.2005 33.2912 23
      vertex 31 33.3 23
    endloop
  endfacet
  facet normal -0.0438481 -0.999038 -0
    outer loop
      vertex 31.2005 33.2912 23
      vertex 31 33.3 14
      vertex 31.2005 33.2912 14
    endloop
  endfacet
  facet normal 0.537327 0.843374 -0
    outer loop
      vertex 29.85 29.0081 14
      vertex 29.6808 29.1159 23
      vertex 29.85 29.0081 23
    endloop
  endfacet
  facet normal 0.537327 0.843374 0
    outer loop
      vertex 29.6808 29.1159 23
      vertex 29.85 29.0081 14
      vertex 29.6808 29.1159 14
    endloop
  endfacet
  facet normal -0.793494 -0.608578 -2.38965e-19
    outer loop
      vertex 32.884 32.3192 14
      vertex 32.7619 32.4784 23
      vertex 32.7619 32.4784 14
    endloop
  endfacet
  facet normal -0.793494 -0.608578 -2.38965e-19
    outer loop
      vertex 32.7619 32.4784 23
      vertex 32.884 32.3192 14
      vertex 32.884 32.3192 23
    endloop
  endfacet
  facet normal -0.537681 -0.843148 0
    outer loop
      vertex 32.15 32.9919 14
      vertex 32.3192 32.884 23
      vertex 32.15 32.9919 23
    endloop
  endfacet
  facet normal -0.537681 -0.843148 -0
    outer loop
      vertex 32.3192 32.884 23
      vertex 32.15 32.9919 14
      vertex 32.3192 32.884 14
    endloop
  endfacet
  facet normal -0.999038 0.0438481 -4.36286e-20
    outer loop
      vertex 33.2912 30.7995 14
      vertex 33.3 31 23
      vertex 33.3 31 14
    endloop
  endfacet
  facet normal -0.999038 0.0438481 -4.36286e-20
    outer loop
      vertex 33.3 31 23
      vertex 33.2912 30.7995 14
      vertex 33.2912 30.7995 23
    endloop
  endfacet
  facet normal 0.46151 -0.887135 0
    outer loop
      vertex 29.85 32.9919 14
      vertex 30.028 33.0845 23
      vertex 29.85 32.9919 23
    endloop
  endfacet
  facet normal 0.46151 -0.887135 0
    outer loop
      vertex 30.028 33.0845 23
      vertex 29.85 32.9919 14
      vertex 30.028 33.0845 14
    endloop
  endfacet
  facet normal -0.887135 0.46151 -7.52374e-19
    outer loop
      vertex 32.9919 29.85 14
      vertex 33.0845 30.028 23
      vertex 33.0845 30.028 14
    endloop
  endfacet
  facet normal -0.887135 0.46151 -7.52374e-19
    outer loop
      vertex 33.0845 30.028 23
      vertex 32.9919 29.85 14
      vertex 32.9919 29.85 23
    endloop
  endfacet
  facet normal -0.953741 -0.30063 1.61864e-19
    outer loop
      vertex 33.2216 31.5953 14
      vertex 33.1613 31.7866 23
      vertex 33.1613 31.7866 14
    endloop
  endfacet
  facet normal -0.953741 -0.30063 1.61864e-19
    outer loop
      vertex 33.1613 31.7866 23
      vertex 33.2216 31.5953 14
      vertex 33.2216 31.5953 23
    endloop
  endfacet
  facet normal -0.923871 0.382704 -1.06667e-19
    outer loop
      vertex 33.0845 30.028 14
      vertex 33.1613 30.2134 23
      vertex 33.1613 30.2134 14
    endloop
  endfacet
  facet normal -0.923871 0.382704 -1.06667e-19
    outer loop
      vertex 33.1613 30.2134 23
      vertex 33.0845 30.028 14
      vertex 33.0845 30.028 23
    endloop
  endfacet
  facet normal -0.382704 -0.923871 0
    outer loop
      vertex 31.7866 33.1613 14
      vertex 31.972 33.0845 23
      vertex 31.7866 33.1613 23
    endloop
  endfacet
  facet normal -0.382704 -0.923871 -0
    outer loop
      vertex 31.972 33.0845 23
      vertex 31.7866 33.1613 14
      vertex 31.972 33.0845 14
    endloop
  endfacet
  facet normal -0.0438481 0.999038 0
    outer loop
      vertex 31.2005 28.7088 14
      vertex 31 28.7 23
      vertex 31.2005 28.7088 23
    endloop
  endfacet
  facet normal -0.0438481 0.999038 0
    outer loop
      vertex 31 28.7 23
      vertex 31.2005 28.7088 14
      vertex 31 28.7 14
    endloop
  endfacet
  facet normal -0.30063 -0.953741 0
    outer loop
      vertex 31.5953 33.2216 14
      vertex 31.7866 33.1613 23
      vertex 31.5953 33.2216 23
    endloop
  endfacet
  facet normal -0.30063 -0.953741 -0
    outer loop
      vertex 31.7866 33.1613 23
      vertex 31.5953 33.2216 14
      vertex 31.7866 33.1613 14
    endloop
  endfacet
  facet normal -0.976222 0.216772 1.30519e-19
    outer loop
      vertex 33.2216 30.4047 14
      vertex 33.2651 30.6006 23
      vertex 33.2651 30.6006 14
    endloop
  endfacet
  facet normal -0.976222 0.216772 1.30519e-19
    outer loop
      vertex 33.2651 30.6006 23
      vertex 33.2216 30.4047 14
      vertex 33.2216 30.4047 23
    endloop
  endfacet
  facet normal -0.9915 0.130106 -8.82228e-20
    outer loop
      vertex 33.2651 30.6006 14
      vertex 33.2912 30.7995 23
      vertex 33.2912 30.7995 14
    endloop
  endfacet
  facet normal -0.9915 0.130106 -8.82228e-20
    outer loop
      vertex 33.2912 30.7995 23
      vertex 33.2651 30.6006 14
      vertex 33.2651 30.6006 23
    endloop
  endfacet
  facet normal -0.737092 -0.675792 1.84317e-19
    outer loop
      vertex 32.7619 32.4784 14
      vertex 32.6263 32.6263 23
      vertex 32.6263 32.6263 14
    endloop
  endfacet
  facet normal -0.737092 -0.675792 1.84317e-19
    outer loop
      vertex 32.6263 32.6263 23
      vertex 32.7619 32.4784 14
      vertex 32.7619 32.4784 23
    endloop
  endfacet
  facet normal -0.382704 0.923871 0
    outer loop
      vertex 31.972 28.9155 14
      vertex 31.7866 28.8387 23
      vertex 31.972 28.9155 23
    endloop
  endfacet
  facet normal -0.382704 0.923871 0
    outer loop
      vertex 31.7866 28.8387 23
      vertex 31.972 28.9155 14
      vertex 31.7866 28.8387 14
    endloop
  endfacet
  facet normal -0.130106 0.9915 0
    outer loop
      vertex 31.3994 28.7349 14
      vertex 31.2005 28.7088 23
      vertex 31.3994 28.7349 23
    endloop
  endfacet
  facet normal -0.130106 0.9915 0
    outer loop
      vertex 31.2005 28.7088 23
      vertex 31.3994 28.7349 14
      vertex 31.2005 28.7088 14
    endloop
  endfacet
  facet normal -0.843148 0.537681 -1.08533e-20
    outer loop
      vertex 32.884 29.6808 14
      vertex 32.9919 29.85 23
      vertex 32.9919 29.85 14
    endloop
  endfacet
  facet normal -0.843148 0.537681 -1.08533e-20
    outer loop
      vertex 32.9919 29.85 23
      vertex 32.884 29.6808 14
      vertex 32.884 29.6808 23
    endloop
  endfacet
  facet normal 0.999038 -0.0438481 -4.55494e-20
    outer loop
      vertex 28.7 31 23
      vertex 28.7088 31.2005 14
      vertex 28.7088 31.2005 23
    endloop
  endfacet
  facet normal 0.999038 -0.0438481 -4.55494e-20
    outer loop
      vertex 28.7088 31.2005 14
      vertex 28.7 31 23
      vertex 28.7 31 14
    endloop
  endfacet
  facet normal 0.843374 -0.537327 -4.14545e-19
    outer loop
      vertex 29.0081 32.15 23
      vertex 29.1159 32.3192 14
      vertex 29.1159 32.3192 23
    endloop
  endfacet
  facet normal 0.843374 -0.537327 -4.14545e-19
    outer loop
      vertex 29.1159 32.3192 14
      vertex 29.0081 32.15 23
      vertex 29.0081 32.15 14
    endloop
  endfacet
  facet normal -0.46151 -0.887135 0
    outer loop
      vertex 31.972 33.0845 14
      vertex 32.15 32.9919 23
      vertex 31.972 33.0845 23
    endloop
  endfacet
  facet normal -0.46151 -0.887135 -0
    outer loop
      vertex 32.15 32.9919 23
      vertex 31.972 33.0845 14
      vertex 32.15 32.9919 14
    endloop
  endfacet
  facet normal 0.0438481 0.999038 -0
    outer loop
      vertex 31 28.7 14
      vertex 30.7995 28.7088 23
      vertex 31 28.7 23
    endloop
  endfacet
  facet normal 0.0438481 0.999038 0
    outer loop
      vertex 30.7995 28.7088 23
      vertex 31 28.7 14
      vertex 30.7995 28.7088 14
    endloop
  endfacet
  facet normal 0.976222 -0.216772 -4.3964e-19
    outer loop
      vertex 28.7349 31.3994 23
      vertex 28.7784 31.5953 14
      vertex 28.7784 31.5953 23
    endloop
  endfacet
  facet normal 0.976222 -0.216772 -4.3964e-19
    outer loop
      vertex 28.7784 31.5953 14
      vertex 28.7349 31.3994 23
      vertex 28.7349 31.3994 14
    endloop
  endfacet
  facet normal 0.923871 -0.382704 -3.9558e-19
    outer loop
      vertex 28.8387 31.7866 23
      vertex 28.9155 31.972 14
      vertex 28.9155 31.972 23
    endloop
  endfacet
  facet normal 0.923871 -0.382704 -3.9558e-19
    outer loop
      vertex 28.9155 31.972 14
      vertex 28.8387 31.7866 23
      vertex 28.8387 31.7866 14
    endloop
  endfacet
  facet normal 0.843374 0.537327 -7.62943e-19
    outer loop
      vertex 29.1159 29.6808 23
      vertex 29.0081 29.85 14
      vertex 29.0081 29.85 23
    endloop
  endfacet
  facet normal 0.843374 0.537327 -7.62943e-19
    outer loop
      vertex 29.0081 29.85 14
      vertex 29.1159 29.6808 23
      vertex 29.1159 29.6808 14
    endloop
  endfacet
  facet normal 0.923871 0.382704 3.9558e-19
    outer loop
      vertex 28.9155 30.028 23
      vertex 28.8387 30.2134 14
      vertex 28.8387 30.2134 23
    endloop
  endfacet
  facet normal 0.923871 0.382704 3.9558e-19
    outer loop
      vertex 28.8387 30.2134 14
      vertex 28.9155 30.028 23
      vertex 28.9155 30.028 14
    endloop
  endfacet
  facet normal -0.843148 -0.537681 -9.29655e-19
    outer loop
      vertex 32.9919 32.15 14
      vertex 32.884 32.3192 23
      vertex 32.884 32.3192 14
    endloop
  endfacet
  facet normal -0.843148 -0.537681 -9.29655e-19
    outer loop
      vertex 32.884 32.3192 23
      vertex 32.9919 32.15 14
      vertex 32.9919 32.15 23
    endloop
  endfacet
  facet normal 0.793253 -0.608892 -7.37968e-19
    outer loop
      vertex 29.1159 32.3192 23
      vertex 29.2381 32.4784 14
      vertex 29.2381 32.4784 23
    endloop
  endfacet
  facet normal 0.793253 -0.608892 -7.37968e-19
    outer loop
      vertex 29.2381 32.4784 14
      vertex 29.1159 32.3192 23
      vertex 29.1159 32.3192 14
    endloop
  endfacet
  facet normal 0.0438481 -0.999038 0
    outer loop
      vertex 30.7995 33.2912 14
      vertex 31 33.3 23
      vertex 30.7995 33.2912 23
    endloop
  endfacet
  facet normal 0.0438481 -0.999038 0
    outer loop
      vertex 31 33.3 23
      vertex 30.7995 33.2912 14
      vertex 31 33.3 14
    endloop
  endfacet
  facet normal 0.999038 0.0438481 4.55494e-20
    outer loop
      vertex 28.7088 30.7995 23
      vertex 28.7 31 14
      vertex 28.7 31 23
    endloop
  endfacet
  facet normal 0.999038 0.0438481 4.55494e-20
    outer loop
      vertex 28.7 31 14
      vertex 28.7088 30.7995 23
      vertex 28.7088 30.7995 14
    endloop
  endfacet
  facet normal 0.953741 0.30063 -2.56344e-19
    outer loop
      vertex 28.8387 30.2134 23
      vertex 28.7784 30.4047 14
      vertex 28.7784 30.4047 23
    endloop
  endfacet
  facet normal 0.953741 0.30063 -2.56344e-19
    outer loop
      vertex 28.7784 30.4047 14
      vertex 28.8387 30.2134 23
      vertex 28.8387 30.2134 14
    endloop
  endfacet
  facet normal 0.737092 -0.675792 6.79452e-19
    outer loop
      vertex 29.2381 32.4784 23
      vertex 29.3737 32.6263 14
      vertex 29.3737 32.6263 23
    endloop
  endfacet
  facet normal 0.737092 -0.675792 6.79452e-19
    outer loop
      vertex 29.3737 32.6263 14
      vertex 29.2381 32.4784 23
      vertex 29.2381 32.4784 14
    endloop
  endfacet
  facet normal 0.793253 0.608892 4.82884e-19
    outer loop
      vertex 29.2381 29.5216 23
      vertex 29.1159 29.6808 14
      vertex 29.1159 29.6808 23
    endloop
  endfacet
  facet normal 0.793253 0.608892 4.82884e-19
    outer loop
      vertex 29.1159 29.6808 14
      vertex 29.2381 29.5216 23
      vertex 29.2381 29.5216 14
    endloop
  endfacet
  facet normal 0.130106 -0.9915 0
    outer loop
      vertex 30.6006 33.2651 14
      vertex 30.7995 33.2912 23
      vertex 30.6006 33.2651 23
    endloop
  endfacet
  facet normal 0.130106 -0.9915 0
    outer loop
      vertex 30.7995 33.2912 23
      vertex 30.6006 33.2651 14
      vertex 30.7995 33.2912 14
    endloop
  endfacet
  facet normal -0.30063 0.953741 0
    outer loop
      vertex 31.7866 28.8387 14
      vertex 31.5953 28.7784 23
      vertex 31.7866 28.8387 23
    endloop
  endfacet
  facet normal -0.30063 0.953741 0
    outer loop
      vertex 31.5953 28.7784 23
      vertex 31.7866 28.8387 14
      vertex 31.5953 28.7784 14
    endloop
  endfacet
  facet normal 0.216772 0.976222 -0
    outer loop
      vertex 30.6006 28.7349 14
      vertex 30.4047 28.7784 23
      vertex 30.6006 28.7349 23
    endloop
  endfacet
  facet normal 0.216772 0.976222 0
    outer loop
      vertex 30.4047 28.7784 23
      vertex 30.6006 28.7349 14
      vertex 30.4047 28.7784 14
    endloop
  endfacet
  facet normal 0.675792 0.737092 -0
    outer loop
      vertex 29.5216 29.2381 14
      vertex 29.3737 29.3737 23
      vertex 29.5216 29.2381 23
    endloop
  endfacet
  facet normal 0.675792 0.737092 0
    outer loop
      vertex 29.3737 29.3737 23
      vertex 29.5216 29.2381 14
      vertex 29.3737 29.3737 14
    endloop
  endfacet
  facet normal -0.675792 -0.737092 0
    outer loop
      vertex 32.4784 32.7619 14
      vertex 32.6263 32.6263 23
      vertex 32.4784 32.7619 23
    endloop
  endfacet
  facet normal -0.675792 -0.737092 -0
    outer loop
      vertex 32.6263 32.6263 23
      vertex 32.4784 32.7619 14
      vertex 32.6263 32.6263 14
    endloop
  endfacet
  facet normal -0.216772 -0.976222 0
    outer loop
      vertex 31.3994 33.2651 14
      vertex 31.5953 33.2216 23
      vertex 31.3994 33.2651 23
    endloop
  endfacet
  facet normal -0.216772 -0.976222 -0
    outer loop
      vertex 31.5953 33.2216 23
      vertex 31.3994 33.2651 14
      vertex 31.5953 33.2216 14
    endloop
  endfacet
  facet normal 0.976222 0.216772 4.3964e-19
    outer loop
      vertex 28.7784 30.4047 23
      vertex 28.7349 30.6006 14
      vertex 28.7349 30.6006 23
    endloop
  endfacet
  facet normal 0.976222 0.216772 4.3964e-19
    outer loop
      vertex 28.7349 30.6006 14
      vertex 28.7784 30.4047 23
      vertex 28.7784 30.4047 14
    endloop
  endfacet
  facet normal 0.737092 0.675792 -6.79452e-19
    outer loop
      vertex 29.3737 29.3737 23
      vertex 29.2381 29.5216 14
      vertex 29.2381 29.5216 23
    endloop
  endfacet
  facet normal 0.737092 0.675792 -6.79452e-19
    outer loop
      vertex 29.2381 29.5216 14
      vertex 29.3737 29.3737 23
      vertex 29.3737 29.3737 14
    endloop
  endfacet
  facet normal -0.46151 0.887135 0
    outer loop
      vertex 32.15 29.0081 14
      vertex 31.972 28.9155 23
      vertex 32.15 29.0081 23
    endloop
  endfacet
  facet normal -0.46151 0.887135 0
    outer loop
      vertex 31.972 28.9155 23
      vertex 32.15 29.0081 14
      vertex 31.972 28.9155 14
    endloop
  endfacet
  facet normal 0.537681 -0.843148 0
    outer loop
      vertex 29.6808 32.884 14
      vertex 29.85 32.9919 23
      vertex 29.6808 32.884 23
    endloop
  endfacet
  facet normal 0.537681 -0.843148 0
    outer loop
      vertex 29.85 32.9919 23
      vertex 29.6808 32.884 14
      vertex 29.85 32.9919 14
    endloop
  endfacet
  facet normal 0.9915 0.130106 -2.05406e-19
    outer loop
      vertex 28.7349 30.6006 23
      vertex 28.7088 30.7995 14
      vertex 28.7088 30.7995 23
    endloop
  endfacet
  facet normal 0.9915 0.130106 -2.05406e-19
    outer loop
      vertex 28.7088 30.7995 14
      vertex 28.7349 30.6006 23
      vertex 28.7349 30.6006 14
    endloop
  endfacet
  facet normal -0.608892 0.793253 0
    outer loop
      vertex 32.4784 29.2381 14
      vertex 32.3192 29.1159 23
      vertex 32.4784 29.2381 23
    endloop
  endfacet
  facet normal -0.608892 0.793253 0
    outer loop
      vertex 32.3192 29.1159 23
      vertex 32.4784 29.2381 14
      vertex 32.3192 29.1159 14
    endloop
  endfacet
  facet normal -0.130106 -0.9915 0
    outer loop
      vertex 31.2005 33.2912 14
      vertex 31.3994 33.2651 23
      vertex 31.2005 33.2912 23
    endloop
  endfacet
  facet normal -0.130106 -0.9915 -0
    outer loop
      vertex 31.3994 33.2651 23
      vertex 31.2005 33.2912 14
      vertex 31.3994 33.2651 14
    endloop
  endfacet
  facet normal 0.608892 0.793253 -0
    outer loop
      vertex 29.6808 29.1159 14
      vertex 29.5216 29.2381 23
      vertex 29.6808 29.1159 23
    endloop
  endfacet
  facet normal 0.608892 0.793253 0
    outer loop
      vertex 29.5216 29.2381 23
      vertex 29.6808 29.1159 14
      vertex 29.5216 29.2381 14
    endloop
  endfacet
  facet normal 0.382704 -0.923871 0
    outer loop
      vertex 30.028 33.0845 14
      vertex 30.2134 33.1613 23
      vertex 30.028 33.0845 23
    endloop
  endfacet
  facet normal 0.382704 -0.923871 0
    outer loop
      vertex 30.2134 33.1613 23
      vertex 30.028 33.0845 14
      vertex 30.2134 33.1613 14
    endloop
  endfacet
  facet normal 0.953741 -0.30063 2.56344e-19
    outer loop
      vertex 28.7784 31.5953 23
      vertex 28.8387 31.7866 14
      vertex 28.8387 31.7866 23
    endloop
  endfacet
  facet normal 0.953741 -0.30063 2.56344e-19
    outer loop
      vertex 28.8387 31.7866 14
      vertex 28.7784 31.5953 23
      vertex 28.7784 31.5953 14
    endloop
  endfacet
  facet normal 0.130106 0.9915 -0
    outer loop
      vertex 30.7995 28.7088 14
      vertex 30.6006 28.7349 23
      vertex 30.7995 28.7088 23
    endloop
  endfacet
  facet normal 0.130106 0.9915 0
    outer loop
      vertex 30.6006 28.7349 23
      vertex 30.7995 28.7088 14
      vertex 30.6006 28.7349 14
    endloop
  endfacet
  facet normal 0.30063 -0.953741 0
    outer loop
      vertex 30.2134 33.1613 14
      vertex 30.4047 33.2216 23
      vertex 30.2134 33.1613 23
    endloop
  endfacet
  facet normal 0.30063 -0.953741 0
    outer loop
      vertex 30.4047 33.2216 23
      vertex 30.2134 33.1613 14
      vertex 30.4047 33.2216 14
    endloop
  endfacet
  facet normal -0.953741 0.30063 -1.61864e-19
    outer loop
      vertex 33.1613 30.2134 14
      vertex 33.2216 30.4047 23
      vertex 33.2216 30.4047 14
    endloop
  endfacet
  facet normal -0.953741 0.30063 -1.61864e-19
    outer loop
      vertex 33.2216 30.4047 23
      vertex 33.1613 30.2134 14
      vertex 33.1613 30.2134 23
    endloop
  endfacet
  facet normal -0.737092 0.675792 -1.84317e-19
    outer loop
      vertex 32.6263 29.3737 14
      vertex 32.7619 29.5216 23
      vertex 32.7619 29.5216 14
    endloop
  endfacet
  facet normal -0.737092 0.675792 -1.84317e-19
    outer loop
      vertex 32.7619 29.5216 23
      vertex 32.6263 29.3737 14
      vertex 32.6263 29.3737 23
    endloop
  endfacet
  facet normal -0.675792 0.737092 0
    outer loop
      vertex 32.6263 29.3737 14
      vertex 32.4784 29.2381 23
      vertex 32.6263 29.3737 23
    endloop
  endfacet
  facet normal -0.675792 0.737092 0
    outer loop
      vertex 32.4784 29.2381 23
      vertex 32.6263 29.3737 14
      vertex 32.4784 29.2381 14
    endloop
  endfacet
  facet normal 0.382704 0.923871 -0
    outer loop
      vertex 30.2134 28.8387 14
      vertex 30.028 28.9155 23
      vertex 30.2134 28.8387 23
    endloop
  endfacet
  facet normal 0.382704 0.923871 0
    outer loop
      vertex 30.028 28.9155 23
      vertex 30.2134 28.8387 14
      vertex 30.028 28.9155 14
    endloop
  endfacet
  facet normal -0.952736 -0.3038 -4.22645e-19
    outer loop
      vertex 187.222 31.5953 14
      vertex 187.161 31.7866 23
      vertex 187.161 31.7866 14
    endloop
  endfacet
  facet normal -0.952736 -0.3038 -4.22645e-19
    outer loop
      vertex 187.161 31.7866 23
      vertex 187.222 31.5953 14
      vertex 187.222 31.5953 23
    endloop
  endfacet
  facet normal -0.991564 -0.129616 1.71454e-20
    outer loop
      vertex 187.291 31.2005 14
      vertex 187.265 31.3994 23
      vertex 187.265 31.3994 14
    endloop
  endfacet
  facet normal -0.991564 -0.129616 1.71454e-20
    outer loop
      vertex 187.265 31.3994 23
      vertex 187.291 31.2005 14
      vertex 187.291 31.2005 23
    endloop
  endfacet
  facet normal -0.998994 -0.0448426 -4.7926e-20
    outer loop
      vertex 187.3 31 14
      vertex 187.291 31.2005 23
      vertex 187.291 31.2005 14
    endloop
  endfacet
  facet normal -0.998994 -0.0448426 -4.7926e-20
    outer loop
      vertex 187.291 31.2005 23
      vertex 187.3 31 14
      vertex 187.3 31 23
    endloop
  endfacet
  facet normal -0.976747 -0.214396 1.12888e-19
    outer loop
      vertex 187.265 31.3994 14
      vertex 187.222 31.5953 23
      vertex 187.222 31.5953 14
    endloop
  endfacet
  facet normal -0.976747 -0.214396 1.12888e-19
    outer loop
      vertex 187.222 31.5953 23
      vertex 187.265 31.3994 14
      vertex 187.265 31.3994 23
    endloop
  endfacet
  facet normal 0.299633 0.954055 -0
    outer loop
      vertex 184.405 28.7784 14
      vertex 184.213 28.8387 23
      vertex 184.405 28.7784 23
    endloop
  endfacet
  facet normal 0.299633 0.954055 0
    outer loop
      vertex 184.213 28.8387 23
      vertex 184.405 28.7784 14
      vertex 184.213 28.8387 14
    endloop
  endfacet
  facet normal 0.216667 -0.976246 0
    outer loop
      vertex 184.405 33.2216 14
      vertex 184.601 33.2651 23
      vertex 184.405 33.2216 23
    endloop
  endfacet
  facet normal 0.216667 -0.976246 0
    outer loop
      vertex 184.601 33.2651 23
      vertex 184.405 33.2216 14
      vertex 184.601 33.2651 14
    endloop
  endfacet
  facet normal 0.886318 0.463076 5.02448e-20
    outer loop
      vertex 183.008 29.85 23
      vertex 182.915 30.028 14
      vertex 182.915 30.028 23
    endloop
  endfacet
  facet normal 0.886318 0.463076 5.02448e-20
    outer loop
      vertex 182.915 30.028 14
      vertex 183.008 29.85 23
      vertex 183.008 29.85 14
    endloop
  endfacet
  facet normal -0.925276 -0.379293 -3.52345e-19
    outer loop
      vertex 187.161 31.7866 14
      vertex 187.085 31.972 23
      vertex 187.085 31.972 14
    endloop
  endfacet
  facet normal -0.925276 -0.379293 -3.52345e-19
    outer loop
      vertex 187.085 31.972 23
      vertex 187.161 31.7866 14
      vertex 187.161 31.7866 23
    endloop
  endfacet
  facet normal -0.537779 0.843086 0
    outer loop
      vertex 186.319 29.1159 14
      vertex 186.15 29.0081 23
      vertex 186.319 29.1159 23
    endloop
  endfacet
  facet normal -0.537779 0.843086 0
    outer loop
      vertex 186.15 29.0081 23
      vertex 186.319 29.1159 14
      vertex 186.15 29.0081 14
    endloop
  endfacet
  facet normal 0.991564 -0.129616 -1.71454e-20
    outer loop
      vertex 182.709 31.2005 23
      vertex 182.735 31.3994 14
      vertex 182.735 31.3994 23
    endloop
  endfacet
  facet normal 0.991564 -0.129616 -1.71454e-20
    outer loop
      vertex 182.735 31.3994 14
      vertex 182.709 31.2005 23
      vertex 182.709 31.2005 14
    endloop
  endfacet
  facet normal 0.675544 -0.73732 0
    outer loop
      vertex 183.374 32.6263 14
      vertex 183.522 32.7619 23
      vertex 183.374 32.6263 23
    endloop
  endfacet
  facet normal 0.675544 -0.73732 0
    outer loop
      vertex 183.522 32.7619 23
      vertex 183.374 32.6263 14
      vertex 183.522 32.7619 14
    endloop
  endfacet
  facet normal -0.216667 0.976246 0
    outer loop
      vertex 185.595 28.7784 14
      vertex 185.399 28.7349 23
      vertex 185.595 28.7784 23
    endloop
  endfacet
  facet normal -0.216667 0.976246 0
    outer loop
      vertex 185.399 28.7349 23
      vertex 185.595 28.7784 14
      vertex 185.399 28.7349 14
    endloop
  endfacet
  facet normal 0.886318 -0.463076 -5.02448e-20
    outer loop
      vertex 182.915 31.972 23
      vertex 183.008 32.15 14
      vertex 183.008 32.15 23
    endloop
  endfacet
  facet normal 0.886318 -0.463076 -5.02448e-20
    outer loop
      vertex 183.008 32.15 14
      vertex 182.915 31.972 23
      vertex 182.915 31.972 14
    endloop
  endfacet
  facet normal -0.886318 -0.463076 5.02448e-20
    outer loop
      vertex 187.085 31.972 14
      vertex 186.992 32.15 23
      vertex 186.992 32.15 14
    endloop
  endfacet
  facet normal -0.886318 -0.463076 5.02448e-20
    outer loop
      vertex 186.992 32.15 23
      vertex 187.085 31.972 14
      vertex 187.085 31.972 23
    endloop
  endfacet
  facet normal -0.793735 0.608264 8.38244e-19
    outer loop
      vertex 186.762 29.5216 14
      vertex 186.884 29.6808 23
      vertex 186.884 29.6808 14
    endloop
  endfacet
  facet normal -0.793735 0.608264 8.38244e-19
    outer loop
      vertex 186.884 29.6808 23
      vertex 186.762 29.5216 14
      vertex 186.762 29.5216 23
    endloop
  endfacet
  facet normal 0.46151 0.887135 -0
    outer loop
      vertex 184.028 28.9155 14
      vertex 183.85 29.0081 23
      vertex 184.028 28.9155 23
    endloop
  endfacet
  facet normal 0.46151 0.887135 0
    outer loop
      vertex 183.85 29.0081 23
      vertex 184.028 28.9155 14
      vertex 183.85 29.0081 14
    endloop
  endfacet
  facet normal -0.60906 -0.793124 0
    outer loop
      vertex 186.319 32.884 14
      vertex 186.478 32.7619 23
      vertex 186.319 32.884 23
    endloop
  endfacet
  facet normal -0.60906 -0.793124 -0
    outer loop
      vertex 186.478 32.7619 23
      vertex 186.319 32.884 14
      vertex 186.478 32.7619 14
    endloop
  endfacet
  facet normal 0.60906 -0.793124 0
    outer loop
      vertex 183.522 32.7619 14
      vertex 183.681 32.884 23
      vertex 183.522 32.7619 23
    endloop
  endfacet
  facet normal 0.60906 -0.793124 0
    outer loop
      vertex 183.681 32.884 23
      vertex 183.522 32.7619 14
      vertex 183.681 32.884 14
    endloop
  endfacet
  facet normal -0.0439575 -0.999033 0
    outer loop
      vertex 185 33.3 14
      vertex 185.2 33.2912 23
      vertex 185 33.3 23
    endloop
  endfacet
  facet normal -0.0439575 -0.999033 -0
    outer loop
      vertex 185.2 33.2912 23
      vertex 185 33.3 14
      vertex 185.2 33.2912 14
    endloop
  endfacet
  facet normal -0.793735 -0.608264 9.45358e-19
    outer loop
      vertex 186.884 32.3192 14
      vertex 186.762 32.4784 23
      vertex 186.762 32.4784 14
    endloop
  endfacet
  facet normal -0.793735 -0.608264 9.45358e-19
    outer loop
      vertex 186.762 32.4784 23
      vertex 186.884 32.3192 14
      vertex 186.884 32.3192 23
    endloop
  endfacet
  facet normal -0.538133 -0.84286 0
    outer loop
      vertex 186.15 32.9919 14
      vertex 186.319 32.884 23
      vertex 186.15 32.9919 23
    endloop
  endfacet
  facet normal -0.538133 -0.84286 -0
    outer loop
      vertex 186.319 32.884 23
      vertex 186.15 32.9919 14
      vertex 186.319 32.884 14
    endloop
  endfacet
  facet normal -0.998994 0.0448426 4.7926e-20
    outer loop
      vertex 187.291 30.7995 14
      vertex 187.3 31 23
      vertex 187.3 31 14
    endloop
  endfacet
  facet normal -0.998994 0.0448426 4.7926e-20
    outer loop
      vertex 187.3 31 23
      vertex 187.291 30.7995 14
      vertex 187.291 30.7995 23
    endloop
  endfacet
  facet normal 0.46151 -0.887135 0
    outer loop
      vertex 183.85 32.9919 14
      vertex 184.028 33.0845 23
      vertex 183.85 32.9919 23
    endloop
  endfacet
  facet normal 0.46151 -0.887135 0
    outer loop
      vertex 184.028 33.0845 23
      vertex 183.85 32.9919 14
      vertex 184.028 33.0845 14
    endloop
  endfacet
  facet normal -0.886318 0.463076 -5.02448e-20
    outer loop
      vertex 186.992 29.85 14
      vertex 187.085 30.028 23
      vertex 187.085 30.028 14
    endloop
  endfacet
  facet normal -0.886318 0.463076 -5.02448e-20
    outer loop
      vertex 187.085 30.028 23
      vertex 186.992 29.85 14
      vertex 186.992 29.85 23
    endloop
  endfacet
  facet normal -0.925276 0.379293 3.52345e-19
    outer loop
      vertex 187.085 30.028 14
      vertex 187.161 30.2134 23
      vertex 187.161 30.2134 14
    endloop
  endfacet
  facet normal -0.925276 0.379293 3.52345e-19
    outer loop
      vertex 187.161 30.2134 23
      vertex 187.085 30.028 14
      vertex 187.085 30.028 23
    endloop
  endfacet
  facet normal -0.38341 -0.923578 0
    outer loop
      vertex 185.787 33.1613 14
      vertex 185.972 33.0845 23
      vertex 185.787 33.1613 23
    endloop
  endfacet
  facet normal -0.38341 -0.923578 -0
    outer loop
      vertex 185.972 33.0845 23
      vertex 185.787 33.1613 14
      vertex 185.972 33.0845 14
    endloop
  endfacet
  facet normal -0.0439575 0.999033 0
    outer loop
      vertex 185.2 28.7088 14
      vertex 185 28.7 23
      vertex 185.2 28.7088 23
    endloop
  endfacet
  facet normal -0.0439575 0.999033 0
    outer loop
      vertex 185 28.7 23
      vertex 185.2 28.7088 14
      vertex 185 28.7 14
    endloop
  endfacet
  facet normal -0.299633 -0.954055 0
    outer loop
      vertex 185.595 33.2216 14
      vertex 185.787 33.1613 23
      vertex 185.595 33.2216 23
    endloop
  endfacet
  facet normal -0.299633 -0.954055 -0
    outer loop
      vertex 185.787 33.1613 23
      vertex 185.595 33.2216 14
      vertex 185.787 33.1613 14
    endloop
  endfacet
  facet normal -0.976747 0.214396 -1.12888e-19
    outer loop
      vertex 187.222 30.4047 14
      vertex 187.265 30.6006 23
      vertex 187.265 30.6006 14
    endloop
  endfacet
  facet normal -0.976747 0.214396 -1.12888e-19
    outer loop
      vertex 187.265 30.6006 23
      vertex 187.222 30.4047 14
      vertex 187.222 30.4047 23
    endloop
  endfacet
  facet normal -0.991564 0.129616 -1.71454e-20
    outer loop
      vertex 187.265 30.6006 14
      vertex 187.291 30.7995 23
      vertex 187.291 30.7995 14
    endloop
  endfacet
  facet normal -0.991564 0.129616 -1.71454e-20
    outer loop
      vertex 187.291 30.7995 23
      vertex 187.265 30.6006 14
      vertex 187.265 30.6006 23
    endloop
  endfacet
  facet normal -0.7361 -0.676873 -8.08283e-19
    outer loop
      vertex 186.762 32.4784 14
      vertex 186.626 32.6263 23
      vertex 186.626 32.6263 14
    endloop
  endfacet
  facet normal -0.7361 -0.676873 -8.08283e-19
    outer loop
      vertex 186.626 32.6263 23
      vertex 186.762 32.4784 14
      vertex 186.762 32.4784 23
    endloop
  endfacet
  facet normal -0.38341 0.923578 0
    outer loop
      vertex 185.972 28.9155 14
      vertex 185.787 28.8387 23
      vertex 185.972 28.9155 23
    endloop
  endfacet
  facet normal -0.38341 0.923578 0
    outer loop
      vertex 185.787 28.8387 23
      vertex 185.972 28.9155 14
      vertex 185.787 28.8387 14
    endloop
  endfacet
  facet normal -0.130042 0.991508 0
    outer loop
      vertex 185.399 28.7349 14
      vertex 185.2 28.7088 23
      vertex 185.399 28.7349 23
    endloop
  endfacet
  facet normal -0.130042 0.991508 0
    outer loop
      vertex 185.2 28.7088 23
      vertex 185.399 28.7349 14
      vertex 185.2 28.7088 14
    endloop
  endfacet
  facet normal -0.842922 0.538035 -2.8338e-19
    outer loop
      vertex 186.884 29.6808 14
      vertex 186.992 29.85 23
      vertex 186.992 29.85 14
    endloop
  endfacet
  facet normal -0.842922 0.538035 -2.8338e-19
    outer loop
      vertex 186.992 29.85 23
      vertex 186.884 29.6808 14
      vertex 186.884 29.6808 23
    endloop
  endfacet
  facet normal 0.998994 -0.0448426 4.7926e-20
    outer loop
      vertex 182.7 31 23
      vertex 182.709 31.2005 14
      vertex 182.709 31.2005 23
    endloop
  endfacet
  facet normal 0.998994 -0.0448426 4.7926e-20
    outer loop
      vertex 182.709 31.2005 14
      vertex 182.7 31 23
      vertex 182.7 31 14
    endloop
  endfacet
  facet normal 0.842922 -0.538035 8.53532e-19
    outer loop
      vertex 183.008 32.15 23
      vertex 183.116 32.3192 14
      vertex 183.116 32.3192 23
    endloop
  endfacet
  facet normal 0.842922 -0.538035 8.53532e-19
    outer loop
      vertex 183.116 32.3192 14
      vertex 183.008 32.15 23
      vertex 183.008 32.15 14
    endloop
  endfacet
  facet normal -0.46151 -0.887135 0
    outer loop
      vertex 185.972 33.0845 14
      vertex 186.15 32.9919 23
      vertex 185.972 33.0845 23
    endloop
  endfacet
  facet normal -0.46151 -0.887135 -0
    outer loop
      vertex 186.15 32.9919 23
      vertex 185.972 33.0845 14
      vertex 186.15 32.9919 14
    endloop
  endfacet
  facet normal 0.0439575 0.999033 -0
    outer loop
      vertex 185 28.7 14
      vertex 184.8 28.7088 23
      vertex 185 28.7 23
    endloop
  endfacet
  facet normal 0.0439575 0.999033 0
    outer loop
      vertex 184.8 28.7088 23
      vertex 185 28.7 14
      vertex 184.8 28.7088 14
    endloop
  endfacet
  facet normal 0.976747 -0.214396 -1.12888e-19
    outer loop
      vertex 182.735 31.3994 23
      vertex 182.778 31.5953 14
      vertex 182.778 31.5953 23
    endloop
  endfacet
  facet normal 0.976747 -0.214396 -1.12888e-19
    outer loop
      vertex 182.778 31.5953 14
      vertex 182.735 31.3994 23
      vertex 182.735 31.3994 14
    endloop
  endfacet
  facet normal 0.925276 -0.379293 3.52345e-19
    outer loop
      vertex 182.839 31.7866 23
      vertex 182.915 31.972 14
      vertex 182.915 31.972 23
    endloop
  endfacet
  facet normal 0.925276 -0.379293 3.52345e-19
    outer loop
      vertex 182.915 31.972 14
      vertex 182.839 31.7866 23
      vertex 182.839 31.7866 14
    endloop
  endfacet
  facet normal 0.842922 0.538035 2.8338e-19
    outer loop
      vertex 183.116 29.6808 23
      vertex 183.008 29.85 14
      vertex 183.008 29.85 23
    endloop
  endfacet
  facet normal 0.842922 0.538035 2.8338e-19
    outer loop
      vertex 183.008 29.85 14
      vertex 183.116 29.6808 23
      vertex 183.116 29.6808 14
    endloop
  endfacet
  facet normal 0.925276 0.379293 -3.52345e-19
    outer loop
      vertex 182.915 30.028 23
      vertex 182.839 30.2134 14
      vertex 182.839 30.2134 23
    endloop
  endfacet
  facet normal 0.925276 0.379293 -3.52345e-19
    outer loop
      vertex 182.839 30.2134 14
      vertex 182.915 30.028 23
      vertex 182.915 30.028 14
    endloop
  endfacet
  facet normal -0.842922 -0.538035 -8.53532e-19
    outer loop
      vertex 186.992 32.15 14
      vertex 186.884 32.3192 23
      vertex 186.884 32.3192 14
    endloop
  endfacet
  facet normal -0.842922 -0.538035 -8.53532e-19
    outer loop
      vertex 186.884 32.3192 23
      vertex 186.992 32.15 14
      vertex 186.992 32.15 23
    endloop
  endfacet
  facet normal 0.793735 -0.608264 -9.45358e-19
    outer loop
      vertex 183.116 32.3192 23
      vertex 183.238 32.4784 14
      vertex 183.238 32.4784 23
    endloop
  endfacet
  facet normal 0.793735 -0.608264 -9.45358e-19
    outer loop
      vertex 183.238 32.4784 14
      vertex 183.116 32.3192 23
      vertex 183.116 32.3192 14
    endloop
  endfacet
  facet normal 0.0439575 -0.999033 0
    outer loop
      vertex 184.8 33.2912 14
      vertex 185 33.3 23
      vertex 184.8 33.2912 23
    endloop
  endfacet
  facet normal 0.0439575 -0.999033 0
    outer loop
      vertex 185 33.3 23
      vertex 184.8 33.2912 14
      vertex 185 33.3 14
    endloop
  endfacet
  facet normal 0.998994 0.0448426 -4.7926e-20
    outer loop
      vertex 182.709 30.7995 23
      vertex 182.7 31 14
      vertex 182.7 31 23
    endloop
  endfacet
  facet normal 0.998994 0.0448426 -4.7926e-20
    outer loop
      vertex 182.7 31 14
      vertex 182.709 30.7995 23
      vertex 182.709 30.7995 14
    endloop
  endfacet
  facet normal 0.952736 0.3038 -4.22645e-19
    outer loop
      vertex 182.839 30.2134 23
      vertex 182.778 30.4047 14
      vertex 182.778 30.4047 23
    endloop
  endfacet
  facet normal 0.952736 0.3038 -4.22645e-19
    outer loop
      vertex 182.778 30.4047 14
      vertex 182.839 30.2134 23
      vertex 182.839 30.2134 14
    endloop
  endfacet
  facet normal 0.7361 -0.676873 8.08283e-19
    outer loop
      vertex 183.238 32.4784 23
      vertex 183.374 32.6263 14
      vertex 183.374 32.6263 23
    endloop
  endfacet
  facet normal 0.7361 -0.676873 8.08283e-19
    outer loop
      vertex 183.374 32.6263 14
      vertex 183.238 32.4784 23
      vertex 183.238 32.4784 14
    endloop
  endfacet
  facet normal 0.793735 0.608264 -8.38244e-19
    outer loop
      vertex 183.238 29.5216 23
      vertex 183.116 29.6808 14
      vertex 183.116 29.6808 23
    endloop
  endfacet
  facet normal 0.793735 0.608264 -8.38244e-19
    outer loop
      vertex 183.116 29.6808 14
      vertex 183.238 29.5216 23
      vertex 183.238 29.5216 14
    endloop
  endfacet
  facet normal 0.130042 -0.991508 0
    outer loop
      vertex 184.601 33.2651 14
      vertex 184.8 33.2912 23
      vertex 184.601 33.2651 23
    endloop
  endfacet
  facet normal 0.130042 -0.991508 0
    outer loop
      vertex 184.8 33.2912 23
      vertex 184.601 33.2651 14
      vertex 184.8 33.2912 14
    endloop
  endfacet
  facet normal -0.299633 0.954055 0
    outer loop
      vertex 185.787 28.8387 14
      vertex 185.595 28.7784 23
      vertex 185.787 28.8387 23
    endloop
  endfacet
  facet normal -0.299633 0.954055 0
    outer loop
      vertex 185.595 28.7784 23
      vertex 185.787 28.8387 14
      vertex 185.595 28.7784 14
    endloop
  endfacet
  facet normal 0.976747 0.214396 1.12888e-19
    outer loop
      vertex 182.778 30.4047 23
      vertex 182.735 30.6006 14
      vertex 182.735 30.6006 23
    endloop
  endfacet
  facet normal 0.976747 0.214396 1.12888e-19
    outer loop
      vertex 182.735 30.6006 14
      vertex 182.778 30.4047 23
      vertex 182.778 30.4047 14
    endloop
  endfacet
  facet normal 0.216667 0.976246 -0
    outer loop
      vertex 184.601 28.7349 14
      vertex 184.405 28.7784 23
      vertex 184.601 28.7349 23
    endloop
  endfacet
  facet normal 0.216667 0.976246 0
    outer loop
      vertex 184.405 28.7784 23
      vertex 184.601 28.7349 14
      vertex 184.405 28.7784 14
    endloop
  endfacet
  facet normal 0.675544 0.73732 -0
    outer loop
      vertex 183.522 29.2381 14
      vertex 183.374 29.3737 23
      vertex 183.522 29.2381 23
    endloop
  endfacet
  facet normal 0.675544 0.73732 0
    outer loop
      vertex 183.374 29.3737 23
      vertex 183.522 29.2381 14
      vertex 183.374 29.3737 14
    endloop
  endfacet
  facet normal -0.675544 -0.73732 0
    outer loop
      vertex 186.478 32.7619 14
      vertex 186.626 32.6263 23
      vertex 186.478 32.7619 23
    endloop
  endfacet
  facet normal -0.675544 -0.73732 -0
    outer loop
      vertex 186.626 32.6263 23
      vertex 186.478 32.7619 14
      vertex 186.626 32.6263 14
    endloop
  endfacet
  facet normal -0.216667 -0.976246 0
    outer loop
      vertex 185.399 33.2651 14
      vertex 185.595 33.2216 23
      vertex 185.399 33.2651 23
    endloop
  endfacet
  facet normal -0.216667 -0.976246 -0
    outer loop
      vertex 185.595 33.2216 23
      vertex 185.399 33.2651 14
      vertex 185.595 33.2216 14
    endloop
  endfacet
  facet normal 0.7361 0.676873 -8.08283e-19
    outer loop
      vertex 183.374 29.3737 23
      vertex 183.238 29.5216 14
      vertex 183.238 29.5216 23
    endloop
  endfacet
  facet normal 0.7361 0.676873 -8.08283e-19
    outer loop
      vertex 183.238 29.5216 14
      vertex 183.374 29.3737 23
      vertex 183.374 29.3737 14
    endloop
  endfacet
  facet normal -0.46151 0.887135 0
    outer loop
      vertex 186.15 29.0081 14
      vertex 185.972 28.9155 23
      vertex 186.15 29.0081 23
    endloop
  endfacet
  facet normal -0.46151 0.887135 0
    outer loop
      vertex 185.972 28.9155 23
      vertex 186.15 29.0081 14
      vertex 185.972 28.9155 14
    endloop
  endfacet
  facet normal 0.538133 -0.84286 0
    outer loop
      vertex 183.681 32.884 14
      vertex 183.85 32.9919 23
      vertex 183.681 32.884 23
    endloop
  endfacet
  facet normal 0.538133 -0.84286 0
    outer loop
      vertex 183.85 32.9919 23
      vertex 183.681 32.884 14
      vertex 183.85 32.9919 14
    endloop
  endfacet
  facet normal 0.991564 0.129616 1.71454e-20
    outer loop
      vertex 182.735 30.6006 23
      vertex 182.709 30.7995 14
      vertex 182.709 30.7995 23
    endloop
  endfacet
  facet normal 0.991564 0.129616 1.71454e-20
    outer loop
      vertex 182.709 30.7995 14
      vertex 182.735 30.6006 23
      vertex 182.735 30.6006 14
    endloop
  endfacet
  facet normal -0.609373 0.792883 0
    outer loop
      vertex 186.478 29.2381 14
      vertex 186.319 29.1159 23
      vertex 186.478 29.2381 23
    endloop
  endfacet
  facet normal -0.609373 0.792883 0
    outer loop
      vertex 186.319 29.1159 23
      vertex 186.478 29.2381 14
      vertex 186.319 29.1159 14
    endloop
  endfacet
  facet normal -0.130042 -0.991508 0
    outer loop
      vertex 185.2 33.2912 14
      vertex 185.399 33.2651 23
      vertex 185.2 33.2912 23
    endloop
  endfacet
  facet normal -0.130042 -0.991508 -0
    outer loop
      vertex 185.399 33.2651 23
      vertex 185.2 33.2912 14
      vertex 185.399 33.2651 14
    endloop
  endfacet
  facet normal 0.609373 0.792883 -0
    outer loop
      vertex 183.681 29.1159 14
      vertex 183.522 29.2381 23
      vertex 183.681 29.1159 23
    endloop
  endfacet
  facet normal 0.609373 0.792883 0
    outer loop
      vertex 183.522 29.2381 23
      vertex 183.681 29.1159 14
      vertex 183.522 29.2381 14
    endloop
  endfacet
  facet normal 0.38341 -0.923578 0
    outer loop
      vertex 184.028 33.0845 14
      vertex 184.213 33.1613 23
      vertex 184.028 33.0845 23
    endloop
  endfacet
  facet normal 0.38341 -0.923578 0
    outer loop
      vertex 184.213 33.1613 23
      vertex 184.028 33.0845 14
      vertex 184.213 33.1613 14
    endloop
  endfacet
  facet normal 0.952736 -0.3038 4.22645e-19
    outer loop
      vertex 182.778 31.5953 23
      vertex 182.839 31.7866 14
      vertex 182.839 31.7866 23
    endloop
  endfacet
  facet normal 0.952736 -0.3038 4.22645e-19
    outer loop
      vertex 182.839 31.7866 14
      vertex 182.778 31.5953 23
      vertex 182.778 31.5953 14
    endloop
  endfacet
  facet normal 0.130042 0.991508 -0
    outer loop
      vertex 184.8 28.7088 14
      vertex 184.601 28.7349 23
      vertex 184.8 28.7088 23
    endloop
  endfacet
  facet normal 0.130042 0.991508 0
    outer loop
      vertex 184.601 28.7349 23
      vertex 184.8 28.7088 14
      vertex 184.601 28.7349 14
    endloop
  endfacet
  facet normal 0.537779 0.843086 -0
    outer loop
      vertex 183.85 29.0081 14
      vertex 183.681 29.1159 23
      vertex 183.85 29.0081 23
    endloop
  endfacet
  facet normal 0.537779 0.843086 0
    outer loop
      vertex 183.681 29.1159 23
      vertex 183.85 29.0081 14
      vertex 183.681 29.1159 14
    endloop
  endfacet
  facet normal 0.299633 -0.954055 0
    outer loop
      vertex 184.213 33.1613 14
      vertex 184.405 33.2216 23
      vertex 184.213 33.1613 23
    endloop
  endfacet
  facet normal 0.299633 -0.954055 0
    outer loop
      vertex 184.405 33.2216 23
      vertex 184.213 33.1613 14
      vertex 184.405 33.2216 14
    endloop
  endfacet
  facet normal -0.952736 0.3038 4.22645e-19
    outer loop
      vertex 187.161 30.2134 14
      vertex 187.222 30.4047 23
      vertex 187.222 30.4047 14
    endloop
  endfacet
  facet normal -0.952736 0.3038 4.22645e-19
    outer loop
      vertex 187.222 30.4047 23
      vertex 187.161 30.2134 14
      vertex 187.161 30.2134 23
    endloop
  endfacet
  facet normal -0.7361 0.676873 8.08283e-19
    outer loop
      vertex 186.626 29.3737 14
      vertex 186.762 29.5216 23
      vertex 186.762 29.5216 14
    endloop
  endfacet
  facet normal -0.7361 0.676873 8.08283e-19
    outer loop
      vertex 186.762 29.5216 23
      vertex 186.626 29.3737 14
      vertex 186.626 29.3737 23
    endloop
  endfacet
  facet normal -0.675544 0.73732 0
    outer loop
      vertex 186.626 29.3737 14
      vertex 186.478 29.2381 23
      vertex 186.626 29.3737 23
    endloop
  endfacet
  facet normal -0.675544 0.73732 0
    outer loop
      vertex 186.478 29.2381 23
      vertex 186.626 29.3737 14
      vertex 186.478 29.2381 14
    endloop
  endfacet
  facet normal 0.38341 0.923578 -0
    outer loop
      vertex 184.213 28.8387 14
      vertex 184.028 28.9155 23
      vertex 184.213 28.8387 23
    endloop
  endfacet
  facet normal 0.38341 0.923578 0
    outer loop
      vertex 184.028 28.9155 23
      vertex 184.213 28.8387 14
      vertex 184.028 28.9155 14
    endloop
  endfacet
  facet normal -0.953741 -0.30063 -2.3071e-19
    outer loop
      vertex 25.2216 23.5953 13
      vertex 25.1613 23.7866 23
      vertex 25.1613 23.7866 13
    endloop
  endfacet
  facet normal -0.953741 -0.30063 -2.3071e-19
    outer loop
      vertex 25.1613 23.7866 23
      vertex 25.2216 23.5953 13
      vertex 25.2216 23.5953 23
    endloop
  endfacet
  facet normal -0.9915 -0.130106 -1.84866e-19
    outer loop
      vertex 25.2912 23.2005 13
      vertex 25.2651 23.3994 23
      vertex 25.2651 23.3994 13
    endloop
  endfacet
  facet normal -0.9915 -0.130106 -1.84866e-19
    outer loop
      vertex 25.2651 23.3994 23
      vertex 25.2912 23.2005 13
      vertex 25.2912 23.2005 23
    endloop
  endfacet
  facet normal -0.999038 -0.0438481 4.09945e-20
    outer loop
      vertex 25.3 23 13
      vertex 25.2912 23.2005 23
      vertex 25.2912 23.2005 13
    endloop
  endfacet
  facet normal -0.999038 -0.0438481 4.09945e-20
    outer loop
      vertex 25.2912 23.2005 23
      vertex 25.3 23 13
      vertex 25.3 23 23
    endloop
  endfacet
  facet normal -0.976222 -0.216772 3.95676e-19
    outer loop
      vertex 25.2651 23.3994 13
      vertex 25.2216 23.5953 23
      vertex 25.2216 23.5953 13
    endloop
  endfacet
  facet normal -0.976222 -0.216772 3.95676e-19
    outer loop
      vertex 25.2216 23.5953 23
      vertex 25.2651 23.3994 13
      vertex 25.2651 23.3994 23
    endloop
  endfacet
  facet normal 0.30063 0.953741 -0
    outer loop
      vertex 22.4047 20.7784 13
      vertex 22.2134 20.8387 23
      vertex 22.4047 20.7784 23
    endloop
  endfacet
  facet normal 0.30063 0.953741 0
    outer loop
      vertex 22.2134 20.8387 23
      vertex 22.4047 20.7784 13
      vertex 22.2134 20.8387 13
    endloop
  endfacet
  facet normal 0.216772 -0.976222 0
    outer loop
      vertex 22.4047 25.2216 13
      vertex 22.6006 25.2651 23
      vertex 22.4047 25.2216 23
    endloop
  endfacet
  facet normal 0.216772 -0.976222 0
    outer loop
      vertex 22.6006 25.2651 23
      vertex 22.4047 25.2216 13
      vertex 22.6006 25.2651 13
    endloop
  endfacet
  facet normal 0.887135 0.46151 6.77137e-19
    outer loop
      vertex 21.0081 21.85 23
      vertex 20.9155 22.028 13
      vertex 20.9155 22.028 23
    endloop
  endfacet
  facet normal 0.887135 0.46151 6.77137e-19
    outer loop
      vertex 20.9155 22.028 13
      vertex 21.0081 21.85 23
      vertex 21.0081 21.85 13
    endloop
  endfacet
  facet normal -0.923871 -0.382704 3.56022e-19
    outer loop
      vertex 25.1613 23.7866 13
      vertex 25.0845 23.972 23
      vertex 25.0845 23.972 13
    endloop
  endfacet
  facet normal -0.923871 -0.382704 3.56022e-19
    outer loop
      vertex 25.0845 23.972 23
      vertex 25.1613 23.7866 13
      vertex 25.1613 23.7866 23
    endloop
  endfacet
  facet normal -0.537327 0.843374 0
    outer loop
      vertex 24.3192 21.1159 13
      vertex 24.15 21.0081 23
      vertex 24.3192 21.1159 23
    endloop
  endfacet
  facet normal -0.537327 0.843374 0
    outer loop
      vertex 24.15 21.0081 23
      vertex 24.3192 21.1159 13
      vertex 24.15 21.0081 13
    endloop
  endfacet
  facet normal 0.9915 -0.130106 1.84866e-19
    outer loop
      vertex 20.7088 23.2005 23
      vertex 20.7349 23.3994 13
      vertex 20.7349 23.3994 23
    endloop
  endfacet
  facet normal 0.9915 -0.130106 1.84866e-19
    outer loop
      vertex 20.7349 23.3994 13
      vertex 20.7088 23.2005 23
      vertex 20.7088 23.2005 13
    endloop
  endfacet
  facet normal -0.675792 0.737092 0
    outer loop
      vertex 24.6263 21.3737 13
      vertex 24.4784 21.2381 23
      vertex 24.6263 21.3737 23
    endloop
  endfacet
  facet normal -0.675792 0.737092 0
    outer loop
      vertex 24.4784 21.2381 23
      vertex 24.6263 21.3737 13
      vertex 24.4784 21.2381 13
    endloop
  endfacet
  facet normal 0.675792 -0.737092 0
    outer loop
      vertex 21.3737 24.6263 13
      vertex 21.5216 24.7619 23
      vertex 21.3737 24.6263 23
    endloop
  endfacet
  facet normal 0.675792 -0.737092 0
    outer loop
      vertex 21.5216 24.7619 23
      vertex 21.3737 24.6263 13
      vertex 21.5216 24.7619 13
    endloop
  endfacet
  facet normal -0.216772 0.976222 0
    outer loop
      vertex 23.5953 20.7784 13
      vertex 23.3994 20.7349 23
      vertex 23.5953 20.7784 23
    endloop
  endfacet
  facet normal -0.216772 0.976222 0
    outer loop
      vertex 23.3994 20.7349 23
      vertex 23.5953 20.7784 13
      vertex 23.3994 20.7349 13
    endloop
  endfacet
  facet normal 0.887135 -0.46151 -6.77137e-19
    outer loop
      vertex 20.9155 23.972 23
      vertex 21.0081 24.15 13
      vertex 21.0081 24.15 23
    endloop
  endfacet
  facet normal 0.887135 -0.46151 -6.77137e-19
    outer loop
      vertex 21.0081 24.15 13
      vertex 20.9155 23.972 23
      vertex 20.9155 23.972 13
    endloop
  endfacet
  facet normal -0.887135 -0.46151 6.77137e-19
    outer loop
      vertex 25.0845 23.972 13
      vertex 24.9919 24.15 23
      vertex 24.9919 24.15 13
    endloop
  endfacet
  facet normal -0.887135 -0.46151 6.77137e-19
    outer loop
      vertex 24.9919 24.15 23
      vertex 25.0845 23.972 13
      vertex 25.0845 23.972 23
    endloop
  endfacet
  facet normal -0.793494 0.608578 2.31669e-19
    outer loop
      vertex 24.7619 21.5216 13
      vertex 24.884 21.6808 23
      vertex 24.884 21.6808 13
    endloop
  endfacet
  facet normal -0.793494 0.608578 2.31669e-19
    outer loop
      vertex 24.884 21.6808 23
      vertex 24.7619 21.5216 13
      vertex 24.7619 21.5216 23
    endloop
  endfacet
  facet normal 0.46151 0.887135 -0
    outer loop
      vertex 22.028 20.9155 13
      vertex 21.85 21.0081 23
      vertex 22.028 20.9155 23
    endloop
  endfacet
  facet normal 0.46151 0.887135 0
    outer loop
      vertex 21.85 21.0081 23
      vertex 22.028 20.9155 13
      vertex 21.85 21.0081 13
    endloop
  endfacet
  facet normal -0.608578 -0.793494 0
    outer loop
      vertex 24.3192 24.884 13
      vertex 24.4784 24.7619 23
      vertex 24.3192 24.884 23
    endloop
  endfacet
  facet normal -0.608578 -0.793494 -0
    outer loop
      vertex 24.4784 24.7619 23
      vertex 24.3192 24.884 13
      vertex 24.4784 24.7619 13
    endloop
  endfacet
  facet normal 0.608578 -0.793494 0
    outer loop
      vertex 21.5216 24.7619 13
      vertex 21.6808 24.884 23
      vertex 21.5216 24.7619 23
    endloop
  endfacet
  facet normal 0.608578 -0.793494 0
    outer loop
      vertex 21.6808 24.884 23
      vertex 21.5216 24.7619 13
      vertex 21.6808 24.884 13
    endloop
  endfacet
  facet normal -0.0438481 -0.999038 0
    outer loop
      vertex 23 25.3 13
      vertex 23.2005 25.2912 23
      vertex 23 25.3 23
    endloop
  endfacet
  facet normal -0.0438481 -0.999038 -0
    outer loop
      vertex 23.2005 25.2912 23
      vertex 23 25.3 13
      vertex 23.2005 25.2912 13
    endloop
  endfacet
  facet normal 0.537327 0.843374 -0
    outer loop
      vertex 21.85 21.0081 13
      vertex 21.6808 21.1159 23
      vertex 21.85 21.0081 23
    endloop
  endfacet
  facet normal 0.537327 0.843374 0
    outer loop
      vertex 21.6808 21.1159 23
      vertex 21.85 21.0081 13
      vertex 21.6808 21.1159 13
    endloop
  endfacet
  facet normal -0.793494 -0.608578 -2.31669e-19
    outer loop
      vertex 24.884 24.3192 13
      vertex 24.7619 24.4784 23
      vertex 24.7619 24.4784 13
    endloop
  endfacet
  facet normal -0.793494 -0.608578 -2.31669e-19
    outer loop
      vertex 24.7619 24.4784 23
      vertex 24.884 24.3192 13
      vertex 24.884 24.3192 23
    endloop
  endfacet
  facet normal -0.537681 -0.843148 0
    outer loop
      vertex 24.15 24.9919 13
      vertex 24.3192 24.884 23
      vertex 24.15 24.9919 23
    endloop
  endfacet
  facet normal -0.537681 -0.843148 -0
    outer loop
      vertex 24.3192 24.884 23
      vertex 24.15 24.9919 13
      vertex 24.3192 24.884 13
    endloop
  endfacet
  facet normal -0.999038 0.0438481 -4.09945e-20
    outer loop
      vertex 25.2912 22.7995 13
      vertex 25.3 23 23
      vertex 25.3 23 13
    endloop
  endfacet
  facet normal -0.999038 0.0438481 -4.09945e-20
    outer loop
      vertex 25.3 23 23
      vertex 25.2912 22.7995 13
      vertex 25.2912 22.7995 23
    endloop
  endfacet
  facet normal 0.46151 -0.887135 0
    outer loop
      vertex 21.85 24.9919 13
      vertex 22.028 25.0845 23
      vertex 21.85 24.9919 23
    endloop
  endfacet
  facet normal 0.46151 -0.887135 0
    outer loop
      vertex 22.028 25.0845 23
      vertex 21.85 24.9919 13
      vertex 22.028 25.0845 13
    endloop
  endfacet
  facet normal -0.887135 0.46151 -6.77137e-19
    outer loop
      vertex 24.9919 21.85 13
      vertex 25.0845 22.028 23
      vertex 25.0845 22.028 13
    endloop
  endfacet
  facet normal -0.887135 0.46151 -6.77137e-19
    outer loop
      vertex 25.0845 22.028 23
      vertex 24.9919 21.85 13
      vertex 24.9919 21.85 23
    endloop
  endfacet
  facet normal -0.923871 0.382704 -3.56022e-19
    outer loop
      vertex 25.0845 22.028 13
      vertex 25.1613 22.2134 23
      vertex 25.1613 22.2134 13
    endloop
  endfacet
  facet normal -0.923871 0.382704 -3.56022e-19
    outer loop
      vertex 25.1613 22.2134 23
      vertex 25.0845 22.028 13
      vertex 25.0845 22.028 23
    endloop
  endfacet
  facet normal -0.382704 -0.923871 0
    outer loop
      vertex 23.7866 25.1613 13
      vertex 23.972 25.0845 23
      vertex 23.7866 25.1613 23
    endloop
  endfacet
  facet normal -0.382704 -0.923871 -0
    outer loop
      vertex 23.972 25.0845 23
      vertex 23.7866 25.1613 13
      vertex 23.972 25.0845 13
    endloop
  endfacet
  facet normal -0.0438481 0.999038 0
    outer loop
      vertex 23.2005 20.7088 13
      vertex 23 20.7 23
      vertex 23.2005 20.7088 23
    endloop
  endfacet
  facet normal -0.0438481 0.999038 0
    outer loop
      vertex 23 20.7 23
      vertex 23.2005 20.7088 13
      vertex 23 20.7 13
    endloop
  endfacet
  facet normal -0.30063 -0.953741 0
    outer loop
      vertex 23.5953 25.2216 13
      vertex 23.7866 25.1613 23
      vertex 23.5953 25.2216 23
    endloop
  endfacet
  facet normal -0.30063 -0.953741 -0
    outer loop
      vertex 23.7866 25.1613 23
      vertex 23.5953 25.2216 13
      vertex 23.7866 25.1613 13
    endloop
  endfacet
  facet normal -0.976222 0.216772 -3.95676e-19
    outer loop
      vertex 25.2216 22.4047 13
      vertex 25.2651 22.6006 23
      vertex 25.2651 22.6006 13
    endloop
  endfacet
  facet normal -0.976222 0.216772 -3.95676e-19
    outer loop
      vertex 25.2651 22.6006 23
      vertex 25.2216 22.4047 13
      vertex 25.2216 22.4047 23
    endloop
  endfacet
  facet normal -0.9915 0.130106 1.84866e-19
    outer loop
      vertex 25.2651 22.6006 13
      vertex 25.2912 22.7995 23
      vertex 25.2912 22.7995 13
    endloop
  endfacet
  facet normal -0.9915 0.130106 1.84866e-19
    outer loop
      vertex 25.2912 22.7995 23
      vertex 25.2651 22.6006 13
      vertex 25.2651 22.6006 23
    endloop
  endfacet
  facet normal -0.737092 -0.675792 -6.11507e-19
    outer loop
      vertex 24.7619 24.4784 13
      vertex 24.6263 24.6263 23
      vertex 24.6263 24.6263 13
    endloop
  endfacet
  facet normal -0.737092 -0.675792 -6.11507e-19
    outer loop
      vertex 24.6263 24.6263 23
      vertex 24.7619 24.4784 13
      vertex 24.7619 24.4784 23
    endloop
  endfacet
  facet normal -0.382704 0.923871 0
    outer loop
      vertex 23.972 20.9155 13
      vertex 23.7866 20.8387 23
      vertex 23.972 20.9155 23
    endloop
  endfacet
  facet normal -0.382704 0.923871 0
    outer loop
      vertex 23.7866 20.8387 23
      vertex 23.972 20.9155 13
      vertex 23.7866 20.8387 13
    endloop
  endfacet
  facet normal -0.130106 0.9915 0
    outer loop
      vertex 23.3994 20.7349 13
      vertex 23.2005 20.7088 23
      vertex 23.3994 20.7349 23
    endloop
  endfacet
  facet normal -0.130106 0.9915 0
    outer loop
      vertex 23.2005 20.7088 23
      vertex 23.3994 20.7349 13
      vertex 23.2005 20.7088 13
    endloop
  endfacet
  facet normal -0.843148 0.537681 -9.76801e-21
    outer loop
      vertex 24.884 21.6808 13
      vertex 24.9919 21.85 23
      vertex 24.9919 21.85 13
    endloop
  endfacet
  facet normal -0.843148 0.537681 -9.76801e-21
    outer loop
      vertex 24.9919 21.85 23
      vertex 24.884 21.6808 13
      vertex 24.884 21.6808 23
    endloop
  endfacet
  facet normal 0.999038 -0.0438481 -4.09945e-20
    outer loop
      vertex 20.7 23 23
      vertex 20.7088 23.2005 13
      vertex 20.7088 23.2005 23
    endloop
  endfacet
  facet normal 0.999038 -0.0438481 -4.09945e-20
    outer loop
      vertex 20.7088 23.2005 13
      vertex 20.7 23 23
      vertex 20.7 23 13
    endloop
  endfacet
  facet normal 0.843374 -0.537327 6.86649e-19
    outer loop
      vertex 21.0081 24.15 23
      vertex 21.1159 24.3192 13
      vertex 21.1159 24.3192 23
    endloop
  endfacet
  facet normal 0.843374 -0.537327 6.86649e-19
    outer loop
      vertex 21.1159 24.3192 13
      vertex 21.0081 24.15 23
      vertex 21.0081 24.15 13
    endloop
  endfacet
  facet normal -0.46151 -0.887135 0
    outer loop
      vertex 23.972 25.0845 13
      vertex 24.15 24.9919 23
      vertex 23.972 25.0845 23
    endloop
  endfacet
  facet normal -0.46151 -0.887135 -0
    outer loop
      vertex 24.15 24.9919 23
      vertex 23.972 25.0845 13
      vertex 24.15 24.9919 13
    endloop
  endfacet
  facet normal 0.0438481 0.999038 -0
    outer loop
      vertex 23 20.7 13
      vertex 22.7995 20.7088 23
      vertex 23 20.7 23
    endloop
  endfacet
  facet normal 0.0438481 0.999038 0
    outer loop
      vertex 22.7995 20.7088 23
      vertex 23 20.7 13
      vertex 22.7995 20.7088 13
    endloop
  endfacet
  facet normal 0.976222 -0.216772 -3.95676e-19
    outer loop
      vertex 20.7349 23.3994 23
      vertex 20.7784 23.5953 13
      vertex 20.7784 23.5953 23
    endloop
  endfacet
  facet normal 0.976222 -0.216772 -3.95676e-19
    outer loop
      vertex 20.7784 23.5953 13
      vertex 20.7349 23.3994 23
      vertex 20.7349 23.3994 13
    endloop
  endfacet
  facet normal 0.923871 -0.382704 -3.56022e-19
    outer loop
      vertex 20.8387 23.7866 23
      vertex 20.9155 23.972 13
      vertex 20.9155 23.972 23
    endloop
  endfacet
  facet normal 0.923871 -0.382704 -3.56022e-19
    outer loop
      vertex 20.9155 23.972 13
      vertex 20.8387 23.7866 23
      vertex 20.8387 23.7866 13
    endloop
  endfacet
  facet normal 0.843374 0.537327 -6.86649e-19
    outer loop
      vertex 21.1159 21.6808 23
      vertex 21.0081 21.85 13
      vertex 21.0081 21.85 23
    endloop
  endfacet
  facet normal 0.843374 0.537327 -6.86649e-19
    outer loop
      vertex 21.0081 21.85 13
      vertex 21.1159 21.6808 23
      vertex 21.1159 21.6808 13
    endloop
  endfacet
  facet normal 0.923871 0.382704 3.56022e-19
    outer loop
      vertex 20.9155 22.028 23
      vertex 20.8387 22.2134 13
      vertex 20.8387 22.2134 23
    endloop
  endfacet
  facet normal 0.923871 0.382704 3.56022e-19
    outer loop
      vertex 20.8387 22.2134 13
      vertex 20.9155 22.028 23
      vertex 20.9155 22.028 13
    endloop
  endfacet
  facet normal -0.843148 -0.537681 9.76801e-21
    outer loop
      vertex 24.9919 24.15 13
      vertex 24.884 24.3192 23
      vertex 24.884 24.3192 13
    endloop
  endfacet
  facet normal -0.843148 -0.537681 9.76801e-21
    outer loop
      vertex 24.884 24.3192 23
      vertex 24.9919 24.15 13
      vertex 24.9919 24.15 23
    endloop
  endfacet
  facet normal 0.793253 -0.608892 -4.34595e-19
    outer loop
      vertex 21.1159 24.3192 23
      vertex 21.2381 24.4784 13
      vertex 21.2381 24.4784 23
    endloop
  endfacet
  facet normal 0.793253 -0.608892 -4.34595e-19
    outer loop
      vertex 21.2381 24.4784 13
      vertex 21.1159 24.3192 23
      vertex 21.1159 24.3192 13
    endloop
  endfacet
  facet normal 0.0438481 -0.999038 0
    outer loop
      vertex 22.7995 25.2912 13
      vertex 23 25.3 23
      vertex 22.7995 25.2912 23
    endloop
  endfacet
  facet normal 0.0438481 -0.999038 0
    outer loop
      vertex 23 25.3 23
      vertex 22.7995 25.2912 13
      vertex 23 25.3 13
    endloop
  endfacet
  facet normal 0.999038 0.0438481 4.09945e-20
    outer loop
      vertex 20.7088 22.7995 23
      vertex 20.7 23 13
      vertex 20.7 23 23
    endloop
  endfacet
  facet normal 0.999038 0.0438481 4.09945e-20
    outer loop
      vertex 20.7 23 13
      vertex 20.7088 22.7995 23
      vertex 20.7088 22.7995 13
    endloop
  endfacet
  facet normal 0.953741 0.30063 -2.3071e-19
    outer loop
      vertex 20.8387 22.2134 23
      vertex 20.7784 22.4047 13
      vertex 20.7784 22.4047 23
    endloop
  endfacet
  facet normal 0.953741 0.30063 -2.3071e-19
    outer loop
      vertex 20.7784 22.4047 13
      vertex 20.8387 22.2134 23
      vertex 20.8387 22.2134 13
    endloop
  endfacet
  facet normal 0.737092 -0.675792 6.11507e-19
    outer loop
      vertex 21.2381 24.4784 23
      vertex 21.3737 24.6263 13
      vertex 21.3737 24.6263 23
    endloop
  endfacet
  facet normal 0.737092 -0.675792 6.11507e-19
    outer loop
      vertex 21.3737 24.6263 13
      vertex 21.2381 24.4784 23
      vertex 21.2381 24.4784 13
    endloop
  endfacet
  facet normal 0.793253 0.608892 4.34595e-19
    outer loop
      vertex 21.2381 21.5216 23
      vertex 21.1159 21.6808 13
      vertex 21.1159 21.6808 23
    endloop
  endfacet
  facet normal 0.793253 0.608892 4.34595e-19
    outer loop
      vertex 21.1159 21.6808 13
      vertex 21.2381 21.5216 23
      vertex 21.2381 21.5216 13
    endloop
  endfacet
  facet normal 0.130106 -0.9915 0
    outer loop
      vertex 22.6006 25.2651 13
      vertex 22.7995 25.2912 23
      vertex 22.6006 25.2651 23
    endloop
  endfacet
  facet normal 0.130106 -0.9915 0
    outer loop
      vertex 22.7995 25.2912 23
      vertex 22.6006 25.2651 13
      vertex 22.7995 25.2912 13
    endloop
  endfacet
  facet normal -0.30063 0.953741 0
    outer loop
      vertex 23.7866 20.8387 13
      vertex 23.5953 20.7784 23
      vertex 23.7866 20.8387 23
    endloop
  endfacet
  facet normal -0.30063 0.953741 0
    outer loop
      vertex 23.5953 20.7784 23
      vertex 23.7866 20.8387 13
      vertex 23.5953 20.7784 13
    endloop
  endfacet
  facet normal 0.976222 0.216772 3.95676e-19
    outer loop
      vertex 20.7784 22.4047 23
      vertex 20.7349 22.6006 13
      vertex 20.7349 22.6006 23
    endloop
  endfacet
  facet normal 0.976222 0.216772 3.95676e-19
    outer loop
      vertex 20.7349 22.6006 13
      vertex 20.7784 22.4047 23
      vertex 20.7784 22.4047 13
    endloop
  endfacet
  facet normal 0.216772 0.976222 -0
    outer loop
      vertex 22.6006 20.7349 13
      vertex 22.4047 20.7784 23
      vertex 22.6006 20.7349 23
    endloop
  endfacet
  facet normal 0.216772 0.976222 0
    outer loop
      vertex 22.4047 20.7784 23
      vertex 22.6006 20.7349 13
      vertex 22.4047 20.7784 13
    endloop
  endfacet
  facet normal 0.675792 0.737092 -0
    outer loop
      vertex 21.5216 21.2381 13
      vertex 21.3737 21.3737 23
      vertex 21.5216 21.2381 23
    endloop
  endfacet
  facet normal 0.675792 0.737092 0
    outer loop
      vertex 21.3737 21.3737 23
      vertex 21.5216 21.2381 13
      vertex 21.3737 21.3737 13
    endloop
  endfacet
  facet normal -0.675792 -0.737092 0
    outer loop
      vertex 24.4784 24.7619 13
      vertex 24.6263 24.6263 23
      vertex 24.4784 24.7619 23
    endloop
  endfacet
  facet normal -0.675792 -0.737092 -0
    outer loop
      vertex 24.6263 24.6263 23
      vertex 24.4784 24.7619 13
      vertex 24.6263 24.6263 13
    endloop
  endfacet
  facet normal -0.216772 -0.976222 0
    outer loop
      vertex 23.3994 25.2651 13
      vertex 23.5953 25.2216 23
      vertex 23.3994 25.2651 23
    endloop
  endfacet
  facet normal -0.216772 -0.976222 -0
    outer loop
      vertex 23.5953 25.2216 23
      vertex 23.3994 25.2651 13
      vertex 23.5953 25.2216 13
    endloop
  endfacet
  facet normal 0.737092 0.675792 -6.11507e-19
    outer loop
      vertex 21.3737 21.3737 23
      vertex 21.2381 21.5216 13
      vertex 21.2381 21.5216 23
    endloop
  endfacet
  facet normal 0.737092 0.675792 -6.11507e-19
    outer loop
      vertex 21.2381 21.5216 13
      vertex 21.3737 21.3737 23
      vertex 21.3737 21.3737 13
    endloop
  endfacet
  facet normal -0.46151 0.887135 0
    outer loop
      vertex 24.15 21.0081 13
      vertex 23.972 20.9155 23
      vertex 24.15 21.0081 23
    endloop
  endfacet
  facet normal -0.46151 0.887135 0
    outer loop
      vertex 23.972 20.9155 23
      vertex 24.15 21.0081 13
      vertex 23.972 20.9155 13
    endloop
  endfacet
  facet normal 0.537681 -0.843148 0
    outer loop
      vertex 21.6808 24.884 13
      vertex 21.85 24.9919 23
      vertex 21.6808 24.884 23
    endloop
  endfacet
  facet normal 0.537681 -0.843148 0
    outer loop
      vertex 21.85 24.9919 23
      vertex 21.6808 24.884 13
      vertex 21.85 24.9919 13
    endloop
  endfacet
  facet normal 0.9915 0.130106 -1.84866e-19
    outer loop
      vertex 20.7349 22.6006 23
      vertex 20.7088 22.7995 13
      vertex 20.7088 22.7995 23
    endloop
  endfacet
  facet normal 0.9915 0.130106 -1.84866e-19
    outer loop
      vertex 20.7088 22.7995 13
      vertex 20.7349 22.6006 23
      vertex 20.7349 22.6006 13
    endloop
  endfacet
  facet normal -0.608892 0.793253 0
    outer loop
      vertex 24.4784 21.2381 13
      vertex 24.3192 21.1159 23
      vertex 24.4784 21.2381 23
    endloop
  endfacet
  facet normal -0.608892 0.793253 0
    outer loop
      vertex 24.3192 21.1159 23
      vertex 24.4784 21.2381 13
      vertex 24.3192 21.1159 13
    endloop
  endfacet
  facet normal -0.130106 -0.9915 0
    outer loop
      vertex 23.2005 25.2912 13
      vertex 23.3994 25.2651 23
      vertex 23.2005 25.2912 23
    endloop
  endfacet
  facet normal -0.130106 -0.9915 -0
    outer loop
      vertex 23.3994 25.2651 23
      vertex 23.2005 25.2912 13
      vertex 23.3994 25.2651 13
    endloop
  endfacet
  facet normal 0.608892 0.793253 -0
    outer loop
      vertex 21.6808 21.1159 13
      vertex 21.5216 21.2381 23
      vertex 21.6808 21.1159 23
    endloop
  endfacet
  facet normal 0.608892 0.793253 0
    outer loop
      vertex 21.5216 21.2381 23
      vertex 21.6808 21.1159 13
      vertex 21.5216 21.2381 13
    endloop
  endfacet
  facet normal 0.382704 -0.923871 0
    outer loop
      vertex 22.028 25.0845 13
      vertex 22.2134 25.1613 23
      vertex 22.028 25.0845 23
    endloop
  endfacet
  facet normal 0.382704 -0.923871 0
    outer loop
      vertex 22.2134 25.1613 23
      vertex 22.028 25.0845 13
      vertex 22.2134 25.1613 13
    endloop
  endfacet
  facet normal 0.953741 -0.30063 2.3071e-19
    outer loop
      vertex 20.7784 23.5953 23
      vertex 20.8387 23.7866 13
      vertex 20.8387 23.7866 23
    endloop
  endfacet
  facet normal 0.953741 -0.30063 2.3071e-19
    outer loop
      vertex 20.8387 23.7866 13
      vertex 20.7784 23.5953 23
      vertex 20.7784 23.5953 13
    endloop
  endfacet
  facet normal 0.130106 0.9915 -0
    outer loop
      vertex 22.7995 20.7088 13
      vertex 22.6006 20.7349 23
      vertex 22.7995 20.7088 23
    endloop
  endfacet
  facet normal 0.130106 0.9915 0
    outer loop
      vertex 22.6006 20.7349 23
      vertex 22.7995 20.7088 13
      vertex 22.6006 20.7349 13
    endloop
  endfacet
  facet normal 0.30063 -0.953741 0
    outer loop
      vertex 22.2134 25.1613 13
      vertex 22.4047 25.2216 23
      vertex 22.2134 25.1613 23
    endloop
  endfacet
  facet normal 0.30063 -0.953741 0
    outer loop
      vertex 22.4047 25.2216 23
      vertex 22.2134 25.1613 13
      vertex 22.4047 25.2216 13
    endloop
  endfacet
  facet normal -0.953741 0.30063 2.3071e-19
    outer loop
      vertex 25.1613 22.2134 13
      vertex 25.2216 22.4047 23
      vertex 25.2216 22.4047 13
    endloop
  endfacet
  facet normal -0.953741 0.30063 2.3071e-19
    outer loop
      vertex 25.2216 22.4047 23
      vertex 25.1613 22.2134 13
      vertex 25.1613 22.2134 23
    endloop
  endfacet
  facet normal 0 0 1
    outer loop
      vertex 25.2912 23.2005 13
      vertex 25.2912 22.7995 13
      vertex 25.3 23 13
    endloop
  endfacet
  facet normal 0 0 1
    outer loop
      vertex 25.2651 23.3994 13
      vertex 25.2912 22.7995 13
      vertex 25.2912 23.2005 13
    endloop
  endfacet
  facet normal 0 0 1
    outer loop
      vertex 25.2651 23.3994 13
      vertex 25.2651 22.6006 13
      vertex 25.2912 22.7995 13
    endloop
  endfacet
  facet normal 0 0 1
    outer loop
      vertex 25.2216 23.5953 13
      vertex 25.2651 22.6006 13
      vertex 25.2651 23.3994 13
    endloop
  endfacet
  facet normal 0 0 1
    outer loop
      vertex 25.2216 23.5953 13
      vertex 25.2216 22.4047 13
      vertex 25.2651 22.6006 13
    endloop
  endfacet
  facet normal 0 0 1
    outer loop
      vertex 25.1613 23.7866 13
      vertex 25.2216 22.4047 13
      vertex 25.2216 23.5953 13
    endloop
  endfacet
  facet normal 0 0 1
    outer loop
      vertex 25.1613 23.7866 13
      vertex 25.1613 22.2134 13
      vertex 25.2216 22.4047 13
    endloop
  endfacet
  facet normal 0 0 1
    outer loop
      vertex 25.0845 23.972 13
      vertex 25.1613 22.2134 13
      vertex 25.1613 23.7866 13
    endloop
  endfacet
  facet normal 0 0 1
    outer loop
      vertex 25.0845 23.972 13
      vertex 25.0845 22.028 13
      vertex 25.1613 22.2134 13
    endloop
  endfacet
  facet normal 0 0 1
    outer loop
      vertex 24.9919 24.15 13
      vertex 25.0845 22.028 13
      vertex 25.0845 23.972 13
    endloop
  endfacet
  facet normal 0 0 1
    outer loop
      vertex 24.9919 24.15 13
      vertex 24.9919 21.85 13
      vertex 25.0845 22.028 13
    endloop
  endfacet
  facet normal 0 0 1
    outer loop
      vertex 24.884 24.3192 13
      vertex 24.9919 21.85 13
      vertex 24.9919 24.15 13
    endloop
  endfacet
  facet normal 0 0 1
    outer loop
      vertex 24.884 24.3192 13
      vertex 24.884 21.6808 13
      vertex 24.9919 21.85 13
    endloop
  endfacet
  facet normal 0 0 1
    outer loop
      vertex 24.7619 24.4784 13
      vertex 24.884 21.6808 13
      vertex 24.884 24.3192 13
    endloop
  endfacet
  facet normal 0 0 1
    outer loop
      vertex 24.7619 24.4784 13
      vertex 24.7619 21.5216 13
      vertex 24.884 21.6808 13
    endloop
  endfacet
  facet normal 0 0 1
    outer loop
      vertex 24.6263 24.6263 13
      vertex 24.7619 21.5216 13
      vertex 24.7619 24.4784 13
    endloop
  endfacet
  facet normal 0 0 1
    outer loop
      vertex 24.6263 24.6263 13
      vertex 24.6263 21.3737 13
      vertex 24.7619 21.5216 13
    endloop
  endfacet
  facet normal 0 0 1
    outer loop
      vertex 24.4784 24.7619 13
      vertex 24.6263 21.3737 13
      vertex 24.6263 24.6263 13
    endloop
  endfacet
  facet normal 0 0 1
    outer loop
      vertex 24.4784 24.7619 13
      vertex 24.4784 21.2381 13
      vertex 24.6263 21.3737 13
    endloop
  endfacet
  facet normal 0 0 1
    outer loop
      vertex 24.3192 24.884 13
      vertex 24.4784 21.2381 13
      vertex 24.4784 24.7619 13
    endloop
  endfacet
  facet normal 0 0 1
    outer loop
      vertex 24.3192 24.884 13
      vertex 24.3192 21.1159 13
      vertex 24.4784 21.2381 13
    endloop
  endfacet
  facet normal 0 0 1
    outer loop
      vertex 24.15 24.9919 13
      vertex 24.3192 21.1159 13
      vertex 24.3192 24.884 13
    endloop
  endfacet
  facet normal 0 0 1
    outer loop
      vertex 24.15 24.9919 13
      vertex 24.15 21.0081 13
      vertex 24.3192 21.1159 13
    endloop
  endfacet
  facet normal 0 0 1
    outer loop
      vertex 23.972 25.0845 13
      vertex 24.15 21.0081 13
      vertex 24.15 24.9919 13
    endloop
  endfacet
  facet normal 0 0 1
    outer loop
      vertex 23.972 25.0845 13
      vertex 23.972 20.9155 13
      vertex 24.15 21.0081 13
    endloop
  endfacet
  facet normal 0 0 1
    outer loop
      vertex 23.7866 25.1613 13
      vertex 23.972 20.9155 13
      vertex 23.972 25.0845 13
    endloop
  endfacet
  facet normal 0 0 1
    outer loop
      vertex 23.7866 25.1613 13
      vertex 23.7866 20.8387 13
      vertex 23.972 20.9155 13
    endloop
  endfacet
  facet normal 0 0 1
    outer loop
      vertex 23.5953 25.2216 13
      vertex 23.7866 20.8387 13
      vertex 23.7866 25.1613 13
    endloop
  endfacet
  facet normal 0 0 1
    outer loop
      vertex 23.5953 25.2216 13
      vertex 23.5953 20.7784 13
      vertex 23.7866 20.8387 13
    endloop
  endfacet
  facet normal 0 0 1
    outer loop
      vertex 23.3994 25.2651 13
      vertex 23.5953 20.7784 13
      vertex 23.5953 25.2216 13
    endloop
  endfacet
  facet normal 0 0 1
    outer loop
      vertex 23.3994 25.2651 13
      vertex 23.3994 20.7349 13
      vertex 23.5953 20.7784 13
    endloop
  endfacet
  facet normal 0 0 1
    outer loop
      vertex 23.2005 25.2912 13
      vertex 23.3994 20.7349 13
      vertex 23.3994 25.2651 13
    endloop
  endfacet
  facet normal 0 0 1
    outer loop
      vertex 23.2005 25.2912 13
      vertex 23.2005 20.7088 13
      vertex 23.3994 20.7349 13
    endloop
  endfacet
  facet normal 0 0 1
    outer loop
      vertex 23 25.3 13
      vertex 23.2005 20.7088 13
      vertex 23.2005 25.2912 13
    endloop
  endfacet
  facet normal 0 0 1
    outer loop
      vertex 23 25.3 13
      vertex 23 20.7 13
      vertex 23.2005 20.7088 13
    endloop
  endfacet
  facet normal -0 0 1
    outer loop
      vertex 22.7995 25.2912 13
      vertex 23 20.7 13
      vertex 23 25.3 13
    endloop
  endfacet
  facet normal 0 0 1
    outer loop
      vertex 22.7995 25.2912 13
      vertex 22.7995 20.7088 13
      vertex 23 20.7 13
    endloop
  endfacet
  facet normal -0 0 1
    outer loop
      vertex 22.6006 25.2651 13
      vertex 22.7995 20.7088 13
      vertex 22.7995 25.2912 13
    endloop
  endfacet
  facet normal 0 0 1
    outer loop
      vertex 22.6006 25.2651 13
      vertex 22.6006 20.7349 13
      vertex 22.7995 20.7088 13
    endloop
  endfacet
  facet normal -0 0 1
    outer loop
      vertex 22.4047 25.2216 13
      vertex 22.6006 20.7349 13
      vertex 22.6006 25.2651 13
    endloop
  endfacet
  facet normal 0 0 1
    outer loop
      vertex 22.4047 25.2216 13
      vertex 22.4047 20.7784 13
      vertex 22.6006 20.7349 13
    endloop
  endfacet
  facet normal -0 0 1
    outer loop
      vertex 22.2134 25.1613 13
      vertex 22.4047 20.7784 13
      vertex 22.4047 25.2216 13
    endloop
  endfacet
  facet normal 0 0 1
    outer loop
      vertex 22.2134 25.1613 13
      vertex 22.2134 20.8387 13
      vertex 22.4047 20.7784 13
    endloop
  endfacet
  facet normal -0 0 1
    outer loop
      vertex 22.028 25.0845 13
      vertex 22.2134 20.8387 13
      vertex 22.2134 25.1613 13
    endloop
  endfacet
  facet normal 0 0 1
    outer loop
      vertex 22.028 25.0845 13
      vertex 22.028 20.9155 13
      vertex 22.2134 20.8387 13
    endloop
  endfacet
  facet normal -0 0 1
    outer loop
      vertex 21.85 24.9919 13
      vertex 22.028 20.9155 13
      vertex 22.028 25.0845 13
    endloop
  endfacet
  facet normal 0 0 1
    outer loop
      vertex 21.85 24.9919 13
      vertex 21.85 21.0081 13
      vertex 22.028 20.9155 13
    endloop
  endfacet
  facet normal -0 0 1
    outer loop
      vertex 21.6808 24.884 13
      vertex 21.85 21.0081 13
      vertex 21.85 24.9919 13
    endloop
  endfacet
  facet normal 0 0 1
    outer loop
      vertex 21.6808 24.884 13
      vertex 21.6808 21.1159 13
      vertex 21.85 21.0081 13
    endloop
  endfacet
  facet normal -0 0 1
    outer loop
      vertex 21.5216 24.7619 13
      vertex 21.6808 21.1159 13
      vertex 21.6808 24.884 13
    endloop
  endfacet
  facet normal 0 0 1
    outer loop
      vertex 21.5216 24.7619 13
      vertex 21.5216 21.2381 13
      vertex 21.6808 21.1159 13
    endloop
  endfacet
  facet normal -0 0 1
    outer loop
      vertex 21.3737 24.6263 13
      vertex 21.5216 21.2381 13
      vertex 21.5216 24.7619 13
    endloop
  endfacet
  facet normal 0 0 1
    outer loop
      vertex 21.3737 24.6263 13
      vertex 21.3737 21.3737 13
      vertex 21.5216 21.2381 13
    endloop
  endfacet
  facet normal -0 0 1
    outer loop
      vertex 21.2381 24.4784 13
      vertex 21.3737 21.3737 13
      vertex 21.3737 24.6263 13
    endloop
  endfacet
  facet normal 0 0 1
    outer loop
      vertex 21.2381 24.4784 13
      vertex 21.2381 21.5216 13
      vertex 21.3737 21.3737 13
    endloop
  endfacet
  facet normal -0 0 1
    outer loop
      vertex 21.1159 24.3192 13
      vertex 21.2381 21.5216 13
      vertex 21.2381 24.4784 13
    endloop
  endfacet
  facet normal 0 0 1
    outer loop
      vertex 21.1159 24.3192 13
      vertex 21.1159 21.6808 13
      vertex 21.2381 21.5216 13
    endloop
  endfacet
  facet normal -0 0 1
    outer loop
      vertex 21.0081 24.15 13
      vertex 21.1159 21.6808 13
      vertex 21.1159 24.3192 13
    endloop
  endfacet
  facet normal 0 0 1
    outer loop
      vertex 21.0081 24.15 13
      vertex 21.0081 21.85 13
      vertex 21.1159 21.6808 13
    endloop
  endfacet
  facet normal -0 0 1
    outer loop
      vertex 20.9155 23.972 13
      vertex 21.0081 21.85 13
      vertex 21.0081 24.15 13
    endloop
  endfacet
  facet normal 0 0 1
    outer loop
      vertex 20.9155 23.972 13
      vertex 20.9155 22.028 13
      vertex 21.0081 21.85 13
    endloop
  endfacet
  facet normal -0 0 1
    outer loop
      vertex 20.8387 23.7866 13
      vertex 20.9155 22.028 13
      vertex 20.9155 23.972 13
    endloop
  endfacet
  facet normal 0 0 1
    outer loop
      vertex 20.8387 23.7866 13
      vertex 20.8387 22.2134 13
      vertex 20.9155 22.028 13
    endloop
  endfacet
  facet normal -0 0 1
    outer loop
      vertex 20.7784 23.5953 13
      vertex 20.8387 22.2134 13
      vertex 20.8387 23.7866 13
    endloop
  endfacet
  facet normal 0 0 1
    outer loop
      vertex 20.7784 23.5953 13
      vertex 20.7784 22.4047 13
      vertex 20.8387 22.2134 13
    endloop
  endfacet
  facet normal -0 0 1
    outer loop
      vertex 20.7349 23.3994 13
      vertex 20.7784 22.4047 13
      vertex 20.7784 23.5953 13
    endloop
  endfacet
  facet normal 0 0 1
    outer loop
      vertex 20.7349 23.3994 13
      vertex 20.7349 22.6006 13
      vertex 20.7784 22.4047 13
    endloop
  endfacet
  facet normal -0 0 1
    outer loop
      vertex 20.7088 23.2005 13
      vertex 20.7349 22.6006 13
      vertex 20.7349 23.3994 13
    endloop
  endfacet
  facet normal 0 0 1
    outer loop
      vertex 20.7088 23.2005 13
      vertex 20.7088 22.7995 13
      vertex 20.7349 22.6006 13
    endloop
  endfacet
  facet normal 0 -0 1
    outer loop
      vertex 20.7088 22.7995 13
      vertex 20.7088 23.2005 13
      vertex 20.7 23 13
    endloop
  endfacet
  facet normal -0.737092 0.675792 6.11507e-19
    outer loop
      vertex 24.6263 21.3737 13
      vertex 24.7619 21.5216 23
      vertex 24.7619 21.5216 13
    endloop
  endfacet
  facet normal -0.737092 0.675792 6.11507e-19
    outer loop
      vertex 24.7619 21.5216 23
      vertex 24.6263 21.3737 13
      vertex 24.6263 21.3737 23
    endloop
  endfacet
  facet normal 0.382704 0.923871 -0
    outer loop
      vertex 22.2134 20.8387 13
      vertex 22.028 20.9155 23
      vertex 22.2134 20.8387 23
    endloop
  endfacet
  facet normal 0.382704 0.923871 0
    outer loop
      vertex 22.028 20.9155 23
      vertex 22.2134 20.8387 13
      vertex 22.028 20.9155 13
    endloop
  endfacet
  facet normal -0.952736 -0.3038 -3.80381e-19
    outer loop
      vertex 195.222 23.5953 13
      vertex 195.161 23.7866 23
      vertex 195.161 23.7866 13
    endloop
  endfacet
  facet normal -0.952736 -0.3038 -3.80381e-19
    outer loop
      vertex 195.161 23.7866 23
      vertex 195.222 23.5953 13
      vertex 195.222 23.5953 23
    endloop
  endfacet
  facet normal -0.991564 -0.129616 1.54308e-20
    outer loop
      vertex 195.291 23.2005 13
      vertex 195.265 23.3994 23
      vertex 195.265 23.3994 13
    endloop
  endfacet
  facet normal -0.991564 -0.129616 1.54308e-20
    outer loop
      vertex 195.265 23.3994 23
      vertex 195.291 23.2005 13
      vertex 195.291 23.2005 23
    endloop
  endfacet
  facet normal -0.998994 -0.0448426 -4.31334e-20
    outer loop
      vertex 195.3 23 13
      vertex 195.291 23.2005 23
      vertex 195.291 23.2005 13
    endloop
  endfacet
  facet normal -0.998994 -0.0448426 -4.31334e-20
    outer loop
      vertex 195.291 23.2005 23
      vertex 195.3 23 13
      vertex 195.3 23 23
    endloop
  endfacet
  facet normal -0.976747 -0.214396 1.01599e-19
    outer loop
      vertex 195.265 23.3994 13
      vertex 195.222 23.5953 23
      vertex 195.222 23.5953 13
    endloop
  endfacet
  facet normal -0.976747 -0.214396 1.01599e-19
    outer loop
      vertex 195.222 23.5953 23
      vertex 195.265 23.3994 13
      vertex 195.265 23.3994 23
    endloop
  endfacet
  facet normal 0.299633 0.954055 -0
    outer loop
      vertex 192.405 20.7784 13
      vertex 192.213 20.8387 23
      vertex 192.405 20.7784 23
    endloop
  endfacet
  facet normal 0.299633 0.954055 0
    outer loop
      vertex 192.213 20.8387 23
      vertex 192.405 20.7784 13
      vertex 192.213 20.8387 13
    endloop
  endfacet
  facet normal 0.216667 -0.976246 0
    outer loop
      vertex 192.405 25.2216 13
      vertex 192.601 25.2651 23
      vertex 192.405 25.2216 23
    endloop
  endfacet
  facet normal 0.216667 -0.976246 0
    outer loop
      vertex 192.601 25.2651 23
      vertex 192.405 25.2216 13
      vertex 192.601 25.2651 13
    endloop
  endfacet
  facet normal 0.886318 0.463076 4.52203e-20
    outer loop
      vertex 191.008 21.85 23
      vertex 190.915 22.028 13
      vertex 190.915 22.028 23
    endloop
  endfacet
  facet normal 0.886318 0.463076 4.52203e-20
    outer loop
      vertex 190.915 22.028 13
      vertex 191.008 21.85 23
      vertex 191.008 21.85 13
    endloop
  endfacet
  facet normal -0.925276 -0.379293 -3.17111e-19
    outer loop
      vertex 195.161 23.7866 13
      vertex 195.085 23.972 23
      vertex 195.085 23.972 13
    endloop
  endfacet
  facet normal -0.925276 -0.379293 -3.17111e-19
    outer loop
      vertex 195.085 23.972 23
      vertex 195.161 23.7866 13
      vertex 195.161 23.7866 23
    endloop
  endfacet
  facet normal -0.537779 0.843086 0
    outer loop
      vertex 194.319 21.1159 13
      vertex 194.15 21.0081 23
      vertex 194.319 21.1159 23
    endloop
  endfacet
  facet normal -0.537779 0.843086 0
    outer loop
      vertex 194.15 21.0081 23
      vertex 194.319 21.1159 13
      vertex 194.15 21.0081 13
    endloop
  endfacet
  facet normal 0.991564 -0.129616 -1.54308e-20
    outer loop
      vertex 190.709 23.2005 23
      vertex 190.735 23.3994 13
      vertex 190.735 23.3994 23
    endloop
  endfacet
  facet normal 0.991564 -0.129616 -1.54308e-20
    outer loop
      vertex 190.735 23.3994 13
      vertex 190.709 23.2005 23
      vertex 190.709 23.2005 13
    endloop
  endfacet
  facet normal -0.675544 0.73732 0
    outer loop
      vertex 194.626 21.3737 13
      vertex 194.478 21.2381 23
      vertex 194.626 21.3737 23
    endloop
  endfacet
  facet normal -0.675544 0.73732 0
    outer loop
      vertex 194.478 21.2381 23
      vertex 194.626 21.3737 13
      vertex 194.478 21.2381 13
    endloop
  endfacet
  facet normal 0.675544 -0.73732 0
    outer loop
      vertex 191.374 24.6263 13
      vertex 191.522 24.7619 23
      vertex 191.374 24.6263 23
    endloop
  endfacet
  facet normal 0.675544 -0.73732 0
    outer loop
      vertex 191.522 24.7619 23
      vertex 191.374 24.6263 13
      vertex 191.522 24.7619 13
    endloop
  endfacet
  facet normal -0.216667 0.976246 0
    outer loop
      vertex 193.595 20.7784 13
      vertex 193.399 20.7349 23
      vertex 193.595 20.7784 23
    endloop
  endfacet
  facet normal -0.216667 0.976246 0
    outer loop
      vertex 193.399 20.7349 23
      vertex 193.595 20.7784 13
      vertex 193.399 20.7349 13
    endloop
  endfacet
  facet normal 0.886318 -0.463076 -4.52203e-20
    outer loop
      vertex 190.915 23.972 23
      vertex 191.008 24.15 13
      vertex 191.008 24.15 23
    endloop
  endfacet
  facet normal 0.886318 -0.463076 -4.52203e-20
    outer loop
      vertex 191.008 24.15 13
      vertex 190.915 23.972 23
      vertex 190.915 23.972 13
    endloop
  endfacet
  facet normal -0.886318 -0.463076 4.52203e-20
    outer loop
      vertex 195.085 23.972 13
      vertex 194.992 24.15 23
      vertex 194.992 24.15 13
    endloop
  endfacet
  facet normal -0.886318 -0.463076 4.52203e-20
    outer loop
      vertex 194.992 24.15 23
      vertex 195.085 23.972 13
      vertex 195.085 23.972 23
    endloop
  endfacet
  facet normal -0.793735 0.608264 7.5442e-19
    outer loop
      vertex 194.762 21.5216 13
      vertex 194.884 21.6808 23
      vertex 194.884 21.6808 13
    endloop
  endfacet
  facet normal -0.793735 0.608264 7.5442e-19
    outer loop
      vertex 194.884 21.6808 23
      vertex 194.762 21.5216 13
      vertex 194.762 21.5216 23
    endloop
  endfacet
  facet normal 0.46151 0.887135 -0
    outer loop
      vertex 192.028 20.9155 13
      vertex 191.85 21.0081 23
      vertex 192.028 20.9155 23
    endloop
  endfacet
  facet normal 0.46151 0.887135 0
    outer loop
      vertex 191.85 21.0081 23
      vertex 192.028 20.9155 13
      vertex 191.85 21.0081 13
    endloop
  endfacet
  facet normal -0.60906 -0.793124 0
    outer loop
      vertex 194.319 24.884 13
      vertex 194.478 24.7619 23
      vertex 194.319 24.884 23
    endloop
  endfacet
  facet normal -0.60906 -0.793124 -0
    outer loop
      vertex 194.478 24.7619 23
      vertex 194.319 24.884 13
      vertex 194.478 24.7619 13
    endloop
  endfacet
  facet normal 0.60906 -0.793124 0
    outer loop
      vertex 191.522 24.7619 13
      vertex 191.681 24.884 23
      vertex 191.522 24.7619 23
    endloop
  endfacet
  facet normal 0.60906 -0.793124 0
    outer loop
      vertex 191.681 24.884 23
      vertex 191.522 24.7619 13
      vertex 191.681 24.884 13
    endloop
  endfacet
  facet normal -0.0439575 -0.999033 0
    outer loop
      vertex 193 25.3 13
      vertex 193.2 25.2912 23
      vertex 193 25.3 23
    endloop
  endfacet
  facet normal -0.0439575 -0.999033 -0
    outer loop
      vertex 193.2 25.2912 23
      vertex 193 25.3 13
      vertex 193.2 25.2912 13
    endloop
  endfacet
  facet normal 0.537779 0.843086 -0
    outer loop
      vertex 191.85 21.0081 13
      vertex 191.681 21.1159 23
      vertex 191.85 21.0081 23
    endloop
  endfacet
  facet normal 0.537779 0.843086 0
    outer loop
      vertex 191.681 21.1159 23
      vertex 191.85 21.0081 13
      vertex 191.681 21.1159 13
    endloop
  endfacet
  facet normal -0.793735 -0.608264 -7.5442e-19
    outer loop
      vertex 194.884 24.3192 13
      vertex 194.762 24.4784 23
      vertex 194.762 24.4784 13
    endloop
  endfacet
  facet normal -0.793735 -0.608264 -7.5442e-19
    outer loop
      vertex 194.762 24.4784 23
      vertex 194.884 24.3192 13
      vertex 194.884 24.3192 23
    endloop
  endfacet
  facet normal 0.130042 -0.991508 0
    outer loop
      vertex 192.601 25.2651 13
      vertex 192.8 25.2912 23
      vertex 192.601 25.2651 23
    endloop
  endfacet
  facet normal 0.130042 -0.991508 0
    outer loop
      vertex 192.8 25.2912 23
      vertex 192.601 25.2651 13
      vertex 192.8 25.2912 13
    endloop
  endfacet
  facet normal -0.538133 -0.84286 0
    outer loop
      vertex 194.15 24.9919 13
      vertex 194.319 24.884 23
      vertex 194.15 24.9919 23
    endloop
  endfacet
  facet normal -0.538133 -0.84286 -0
    outer loop
      vertex 194.319 24.884 23
      vertex 194.15 24.9919 13
      vertex 194.319 24.884 13
    endloop
  endfacet
  facet normal -0.998994 0.0448426 4.31334e-20
    outer loop
      vertex 195.291 22.7995 13
      vertex 195.3 23 23
      vertex 195.3 23 13
    endloop
  endfacet
  facet normal -0.998994 0.0448426 4.31334e-20
    outer loop
      vertex 195.3 23 23
      vertex 195.291 22.7995 13
      vertex 195.291 22.7995 23
    endloop
  endfacet
  facet normal 0.46151 -0.887135 0
    outer loop
      vertex 191.85 24.9919 13
      vertex 192.028 25.0845 23
      vertex 191.85 24.9919 23
    endloop
  endfacet
  facet normal 0.46151 -0.887135 0
    outer loop
      vertex 192.028 25.0845 23
      vertex 191.85 24.9919 13
      vertex 192.028 25.0845 13
    endloop
  endfacet
  facet normal -0.886318 0.463076 -4.52203e-20
    outer loop
      vertex 194.992 21.85 13
      vertex 195.085 22.028 23
      vertex 195.085 22.028 13
    endloop
  endfacet
  facet normal -0.886318 0.463076 -4.52203e-20
    outer loop
      vertex 195.085 22.028 23
      vertex 194.992 21.85 13
      vertex 194.992 21.85 23
    endloop
  endfacet
  facet normal -0.925276 0.379293 3.17111e-19
    outer loop
      vertex 195.085 22.028 13
      vertex 195.161 22.2134 23
      vertex 195.161 22.2134 13
    endloop
  endfacet
  facet normal -0.925276 0.379293 3.17111e-19
    outer loop
      vertex 195.161 22.2134 23
      vertex 195.085 22.028 13
      vertex 195.085 22.028 23
    endloop
  endfacet
  facet normal -0.38341 -0.923578 0
    outer loop
      vertex 193.787 25.1613 13
      vertex 193.972 25.0845 23
      vertex 193.787 25.1613 23
    endloop
  endfacet
  facet normal -0.38341 -0.923578 -0
    outer loop
      vertex 193.972 25.0845 23
      vertex 193.787 25.1613 13
      vertex 193.972 25.0845 13
    endloop
  endfacet
  facet normal -0.0439575 0.999033 0
    outer loop
      vertex 193.2 20.7088 13
      vertex 193 20.7 23
      vertex 193.2 20.7088 23
    endloop
  endfacet
  facet normal -0.0439575 0.999033 0
    outer loop
      vertex 193 20.7 23
      vertex 193.2 20.7088 13
      vertex 193 20.7 13
    endloop
  endfacet
  facet normal -0.299633 -0.954055 0
    outer loop
      vertex 193.595 25.2216 13
      vertex 193.787 25.1613 23
      vertex 193.595 25.2216 23
    endloop
  endfacet
  facet normal -0.299633 -0.954055 -0
    outer loop
      vertex 193.787 25.1613 23
      vertex 193.595 25.2216 13
      vertex 193.787 25.1613 13
    endloop
  endfacet
  facet normal -0.976747 0.214396 -1.01599e-19
    outer loop
      vertex 195.222 22.4047 13
      vertex 195.265 22.6006 23
      vertex 195.265 22.6006 13
    endloop
  endfacet
  facet normal -0.976747 0.214396 -1.01599e-19
    outer loop
      vertex 195.265 22.6006 23
      vertex 195.222 22.4047 13
      vertex 195.222 22.4047 23
    endloop
  endfacet
  facet normal -0.991564 0.129616 -1.54308e-20
    outer loop
      vertex 195.265 22.6006 13
      vertex 195.291 22.7995 23
      vertex 195.291 22.7995 13
    endloop
  endfacet
  facet normal -0.991564 0.129616 -1.54308e-20
    outer loop
      vertex 195.291 22.7995 23
      vertex 195.265 22.6006 13
      vertex 195.265 22.6006 23
    endloop
  endfacet
  facet normal -0.7361 -0.676873 -7.27455e-19
    outer loop
      vertex 194.762 24.4784 13
      vertex 194.626 24.6263 23
      vertex 194.626 24.6263 13
    endloop
  endfacet
  facet normal -0.7361 -0.676873 -7.27455e-19
    outer loop
      vertex 194.626 24.6263 23
      vertex 194.762 24.4784 13
      vertex 194.762 24.4784 23
    endloop
  endfacet
  facet normal -0.38341 0.923578 0
    outer loop
      vertex 193.972 20.9155 13
      vertex 193.787 20.8387 23
      vertex 193.972 20.9155 23
    endloop
  endfacet
  facet normal -0.38341 0.923578 0
    outer loop
      vertex 193.787 20.8387 23
      vertex 193.972 20.9155 13
      vertex 193.787 20.8387 13
    endloop
  endfacet
  facet normal -0.130042 0.991508 0
    outer loop
      vertex 193.399 20.7349 13
      vertex 193.2 20.7088 23
      vertex 193.399 20.7349 23
    endloop
  endfacet
  facet normal -0.130042 0.991508 0
    outer loop
      vertex 193.2 20.7088 23
      vertex 193.399 20.7349 13
      vertex 193.2 20.7088 13
    endloop
  endfacet
  facet normal -0.842922 0.538035 -2.55042e-19
    outer loop
      vertex 194.884 21.6808 13
      vertex 194.992 21.85 23
      vertex 194.992 21.85 13
    endloop
  endfacet
  facet normal -0.842922 0.538035 -2.55042e-19
    outer loop
      vertex 194.992 21.85 23
      vertex 194.884 21.6808 13
      vertex 194.884 21.6808 23
    endloop
  endfacet
  facet normal 0.998994 -0.0448426 4.31334e-20
    outer loop
      vertex 190.7 23 23
      vertex 190.709 23.2005 13
      vertex 190.709 23.2005 23
    endloop
  endfacet
  facet normal 0.998994 -0.0448426 4.31334e-20
    outer loop
      vertex 190.709 23.2005 13
      vertex 190.7 23 23
      vertex 190.7 23 13
    endloop
  endfacet
  facet normal 0.842922 -0.538035 -2.55042e-19
    outer loop
      vertex 191.008 24.15 23
      vertex 191.116 24.3192 13
      vertex 191.116 24.3192 23
    endloop
  endfacet
  facet normal 0.842922 -0.538035 -2.55042e-19
    outer loop
      vertex 191.116 24.3192 13
      vertex 191.008 24.15 23
      vertex 191.008 24.15 13
    endloop
  endfacet
  facet normal -0.46151 -0.887135 0
    outer loop
      vertex 193.972 25.0845 13
      vertex 194.15 24.9919 23
      vertex 193.972 25.0845 23
    endloop
  endfacet
  facet normal -0.46151 -0.887135 -0
    outer loop
      vertex 194.15 24.9919 23
      vertex 193.972 25.0845 13
      vertex 194.15 24.9919 13
    endloop
  endfacet
  facet normal 0.0439575 0.999033 -0
    outer loop
      vertex 193 20.7 13
      vertex 192.8 20.7088 23
      vertex 193 20.7 23
    endloop
  endfacet
  facet normal 0.0439575 0.999033 0
    outer loop
      vertex 192.8 20.7088 23
      vertex 193 20.7 13
      vertex 192.8 20.7088 13
    endloop
  endfacet
  facet normal 0.976747 -0.214396 -1.01599e-19
    outer loop
      vertex 190.735 23.3994 23
      vertex 190.778 23.5953 13
      vertex 190.778 23.5953 23
    endloop
  endfacet
  facet normal 0.976747 -0.214396 -1.01599e-19
    outer loop
      vertex 190.778 23.5953 13
      vertex 190.735 23.3994 23
      vertex 190.735 23.3994 13
    endloop
  endfacet
  facet normal 0.925276 -0.379293 3.17111e-19
    outer loop
      vertex 190.839 23.7866 23
      vertex 190.915 23.972 13
      vertex 190.915 23.972 23
    endloop
  endfacet
  facet normal 0.925276 -0.379293 3.17111e-19
    outer loop
      vertex 190.915 23.972 13
      vertex 190.839 23.7866 23
      vertex 190.839 23.7866 13
    endloop
  endfacet
  facet normal 0.842922 0.538035 2.55042e-19
    outer loop
      vertex 191.116 21.6808 23
      vertex 191.008 21.85 13
      vertex 191.008 21.85 23
    endloop
  endfacet
  facet normal 0.842922 0.538035 2.55042e-19
    outer loop
      vertex 191.008 21.85 13
      vertex 191.116 21.6808 23
      vertex 191.116 21.6808 13
    endloop
  endfacet
  facet normal 0.925276 0.379293 -3.17111e-19
    outer loop
      vertex 190.915 22.028 23
      vertex 190.839 22.2134 13
      vertex 190.839 22.2134 23
    endloop
  endfacet
  facet normal 0.925276 0.379293 -3.17111e-19
    outer loop
      vertex 190.839 22.2134 13
      vertex 190.915 22.028 23
      vertex 190.915 22.028 13
    endloop
  endfacet
  facet normal -0.842922 -0.538035 2.55042e-19
    outer loop
      vertex 194.992 24.15 13
      vertex 194.884 24.3192 23
      vertex 194.884 24.3192 13
    endloop
  endfacet
  facet normal -0.842922 -0.538035 2.55042e-19
    outer loop
      vertex 194.884 24.3192 23
      vertex 194.992 24.15 13
      vertex 194.992 24.15 23
    endloop
  endfacet
  facet normal 0.793735 -0.608264 7.5442e-19
    outer loop
      vertex 191.116 24.3192 23
      vertex 191.238 24.4784 13
      vertex 191.238 24.4784 23
    endloop
  endfacet
  facet normal 0.793735 -0.608264 7.5442e-19
    outer loop
      vertex 191.238 24.4784 13
      vertex 191.116 24.3192 23
      vertex 191.116 24.3192 13
    endloop
  endfacet
  facet normal 0.0439575 -0.999033 0
    outer loop
      vertex 192.8 25.2912 13
      vertex 193 25.3 23
      vertex 192.8 25.2912 23
    endloop
  endfacet
  facet normal 0.0439575 -0.999033 0
    outer loop
      vertex 193 25.3 23
      vertex 192.8 25.2912 13
      vertex 193 25.3 13
    endloop
  endfacet
  facet normal 0.998994 0.0448426 -4.31334e-20
    outer loop
      vertex 190.709 22.7995 23
      vertex 190.7 23 13
      vertex 190.7 23 23
    endloop
  endfacet
  facet normal 0.998994 0.0448426 -4.31334e-20
    outer loop
      vertex 190.7 23 13
      vertex 190.709 22.7995 23
      vertex 190.709 22.7995 13
    endloop
  endfacet
  facet normal 0.952736 0.3038 -3.80381e-19
    outer loop
      vertex 190.839 22.2134 23
      vertex 190.778 22.4047 13
      vertex 190.778 22.4047 23
    endloop
  endfacet
  facet normal 0.952736 0.3038 -3.80381e-19
    outer loop
      vertex 190.778 22.4047 13
      vertex 190.839 22.2134 23
      vertex 190.839 22.2134 13
    endloop
  endfacet
  facet normal 0.7361 -0.676873 7.27455e-19
    outer loop
      vertex 191.238 24.4784 23
      vertex 191.374 24.6263 13
      vertex 191.374 24.6263 23
    endloop
  endfacet
  facet normal 0.7361 -0.676873 7.27455e-19
    outer loop
      vertex 191.374 24.6263 13
      vertex 191.238 24.4784 23
      vertex 191.238 24.4784 13
    endloop
  endfacet
  facet normal 0.793735 0.608264 -7.5442e-19
    outer loop
      vertex 191.238 21.5216 23
      vertex 191.116 21.6808 13
      vertex 191.116 21.6808 23
    endloop
  endfacet
  facet normal 0.793735 0.608264 -7.5442e-19
    outer loop
      vertex 191.116 21.6808 13
      vertex 191.238 21.5216 23
      vertex 191.238 21.5216 13
    endloop
  endfacet
  facet normal -0.299633 0.954055 0
    outer loop
      vertex 193.787 20.8387 13
      vertex 193.595 20.7784 23
      vertex 193.787 20.8387 23
    endloop
  endfacet
  facet normal -0.299633 0.954055 0
    outer loop
      vertex 193.595 20.7784 23
      vertex 193.787 20.8387 13
      vertex 193.595 20.7784 13
    endloop
  endfacet
  facet normal 0.976747 0.214396 1.01599e-19
    outer loop
      vertex 190.778 22.4047 23
      vertex 190.735 22.6006 13
      vertex 190.735 22.6006 23
    endloop
  endfacet
  facet normal 0.976747 0.214396 1.01599e-19
    outer loop
      vertex 190.735 22.6006 13
      vertex 190.778 22.4047 23
      vertex 190.778 22.4047 13
    endloop
  endfacet
  facet normal 0.216667 0.976246 -0
    outer loop
      vertex 192.601 20.7349 13
      vertex 192.405 20.7784 23
      vertex 192.601 20.7349 23
    endloop
  endfacet
  facet normal 0.216667 0.976246 0
    outer loop
      vertex 192.405 20.7784 23
      vertex 192.601 20.7349 13
      vertex 192.405 20.7784 13
    endloop
  endfacet
  facet normal 0.675544 0.73732 -0
    outer loop
      vertex 191.522 21.2381 13
      vertex 191.374 21.3737 23
      vertex 191.522 21.2381 23
    endloop
  endfacet
  facet normal 0.675544 0.73732 0
    outer loop
      vertex 191.374 21.3737 23
      vertex 191.522 21.2381 13
      vertex 191.374 21.3737 13
    endloop
  endfacet
  facet normal -0.675544 -0.73732 0
    outer loop
      vertex 194.478 24.7619 13
      vertex 194.626 24.6263 23
      vertex 194.478 24.7619 23
    endloop
  endfacet
  facet normal -0.675544 -0.73732 -0
    outer loop
      vertex 194.626 24.6263 23
      vertex 194.478 24.7619 13
      vertex 194.626 24.6263 13
    endloop
  endfacet
  facet normal -0.216667 -0.976246 0
    outer loop
      vertex 193.399 25.2651 13
      vertex 193.595 25.2216 23
      vertex 193.399 25.2651 23
    endloop
  endfacet
  facet normal -0.216667 -0.976246 -0
    outer loop
      vertex 193.595 25.2216 23
      vertex 193.399 25.2651 13
      vertex 193.595 25.2216 13
    endloop
  endfacet
  facet normal 0.7361 0.676873 -7.27455e-19
    outer loop
      vertex 191.374 21.3737 23
      vertex 191.238 21.5216 13
      vertex 191.238 21.5216 23
    endloop
  endfacet
  facet normal 0.7361 0.676873 -7.27455e-19
    outer loop
      vertex 191.238 21.5216 13
      vertex 191.374 21.3737 23
      vertex 191.374 21.3737 13
    endloop
  endfacet
  facet normal -0.46151 0.887135 0
    outer loop
      vertex 194.15 21.0081 13
      vertex 193.972 20.9155 23
      vertex 194.15 21.0081 23
    endloop
  endfacet
  facet normal -0.46151 0.887135 0
    outer loop
      vertex 193.972 20.9155 23
      vertex 194.15 21.0081 13
      vertex 193.972 20.9155 13
    endloop
  endfacet
  facet normal 0.538133 -0.84286 0
    outer loop
      vertex 191.681 24.884 13
      vertex 191.85 24.9919 23
      vertex 191.681 24.884 23
    endloop
  endfacet
  facet normal 0.538133 -0.84286 0
    outer loop
      vertex 191.85 24.9919 23
      vertex 191.681 24.884 13
      vertex 191.85 24.9919 13
    endloop
  endfacet
  facet normal 0.991564 0.129616 1.54308e-20
    outer loop
      vertex 190.735 22.6006 23
      vertex 190.709 22.7995 13
      vertex 190.709 22.7995 23
    endloop
  endfacet
  facet normal 0.991564 0.129616 1.54308e-20
    outer loop
      vertex 190.709 22.7995 13
      vertex 190.735 22.6006 23
      vertex 190.735 22.6006 13
    endloop
  endfacet
  facet normal -0.609373 0.792883 0
    outer loop
      vertex 194.478 21.2381 13
      vertex 194.319 21.1159 23
      vertex 194.478 21.2381 23
    endloop
  endfacet
  facet normal -0.609373 0.792883 0
    outer loop
      vertex 194.319 21.1159 23
      vertex 194.478 21.2381 13
      vertex 194.319 21.1159 13
    endloop
  endfacet
  facet normal -0.130042 -0.991508 0
    outer loop
      vertex 193.2 25.2912 13
      vertex 193.399 25.2651 23
      vertex 193.2 25.2912 23
    endloop
  endfacet
  facet normal -0.130042 -0.991508 -0
    outer loop
      vertex 193.399 25.2651 23
      vertex 193.2 25.2912 13
      vertex 193.399 25.2651 13
    endloop
  endfacet
  facet normal 0.609373 0.792883 -0
    outer loop
      vertex 191.681 21.1159 13
      vertex 191.522 21.2381 23
      vertex 191.681 21.1159 23
    endloop
  endfacet
  facet normal 0.609373 0.792883 0
    outer loop
      vertex 191.522 21.2381 23
      vertex 191.681 21.1159 13
      vertex 191.522 21.2381 13
    endloop
  endfacet
  facet normal 0.38341 -0.923578 0
    outer loop
      vertex 192.028 25.0845 13
      vertex 192.213 25.1613 23
      vertex 192.028 25.0845 23
    endloop
  endfacet
  facet normal 0.38341 -0.923578 0
    outer loop
      vertex 192.213 25.1613 23
      vertex 192.028 25.0845 13
      vertex 192.213 25.1613 13
    endloop
  endfacet
  facet normal 0.952736 -0.3038 3.80381e-19
    outer loop
      vertex 190.778 23.5953 23
      vertex 190.839 23.7866 13
      vertex 190.839 23.7866 23
    endloop
  endfacet
  facet normal 0.952736 -0.3038 3.80381e-19
    outer loop
      vertex 190.839 23.7866 13
      vertex 190.778 23.5953 23
      vertex 190.778 23.5953 13
    endloop
  endfacet
  facet normal 0.130042 0.991508 -0
    outer loop
      vertex 192.8 20.7088 13
      vertex 192.601 20.7349 23
      vertex 192.8 20.7088 23
    endloop
  endfacet
  facet normal 0.130042 0.991508 0
    outer loop
      vertex 192.601 20.7349 23
      vertex 192.8 20.7088 13
      vertex 192.601 20.7349 13
    endloop
  endfacet
  facet normal 0.299633 -0.954055 0
    outer loop
      vertex 192.213 25.1613 13
      vertex 192.405 25.2216 23
      vertex 192.213 25.1613 23
    endloop
  endfacet
  facet normal 0.299633 -0.954055 0
    outer loop
      vertex 192.405 25.2216 23
      vertex 192.213 25.1613 13
      vertex 192.405 25.2216 13
    endloop
  endfacet
  facet normal -0.952736 0.3038 3.80381e-19
    outer loop
      vertex 195.161 22.2134 13
      vertex 195.222 22.4047 23
      vertex 195.222 22.4047 13
    endloop
  endfacet
  facet normal -0.952736 0.3038 3.80381e-19
    outer loop
      vertex 195.222 22.4047 23
      vertex 195.161 22.2134 13
      vertex 195.161 22.2134 23
    endloop
  endfacet
  facet normal 0 0 1
    outer loop
      vertex 195.291 23.2005 13
      vertex 195.291 22.7995 13
      vertex 195.3 23 13
    endloop
  endfacet
  facet normal 0 0 1
    outer loop
      vertex 195.265 23.3994 13
      vertex 195.291 22.7995 13
      vertex 195.291 23.2005 13
    endloop
  endfacet
  facet normal 0 0 1
    outer loop
      vertex 195.265 23.3994 13
      vertex 195.265 22.6006 13
      vertex 195.291 22.7995 13
    endloop
  endfacet
  facet normal 0 0 1
    outer loop
      vertex 195.222 23.5953 13
      vertex 195.265 22.6006 13
      vertex 195.265 23.3994 13
    endloop
  endfacet
  facet normal 0 0 1
    outer loop
      vertex 195.222 23.5953 13
      vertex 195.222 22.4047 13
      vertex 195.265 22.6006 13
    endloop
  endfacet
  facet normal 0 0 1
    outer loop
      vertex 195.161 23.7866 13
      vertex 195.222 22.4047 13
      vertex 195.222 23.5953 13
    endloop
  endfacet
  facet normal 0 0 1
    outer loop
      vertex 195.161 23.7866 13
      vertex 195.161 22.2134 13
      vertex 195.222 22.4047 13
    endloop
  endfacet
  facet normal 0 0 1
    outer loop
      vertex 195.085 23.972 13
      vertex 195.161 22.2134 13
      vertex 195.161 23.7866 13
    endloop
  endfacet
  facet normal 0 0 1
    outer loop
      vertex 195.085 23.972 13
      vertex 195.085 22.028 13
      vertex 195.161 22.2134 13
    endloop
  endfacet
  facet normal 0 0 1
    outer loop
      vertex 194.992 24.15 13
      vertex 195.085 22.028 13
      vertex 195.085 23.972 13
    endloop
  endfacet
  facet normal 0 0 1
    outer loop
      vertex 194.992 24.15 13
      vertex 194.992 21.85 13
      vertex 195.085 22.028 13
    endloop
  endfacet
  facet normal 0 0 1
    outer loop
      vertex 194.884 24.3192 13
      vertex 194.992 21.85 13
      vertex 194.992 24.15 13
    endloop
  endfacet
  facet normal 0 0 1
    outer loop
      vertex 194.884 24.3192 13
      vertex 194.884 21.6808 13
      vertex 194.992 21.85 13
    endloop
  endfacet
  facet normal 0 0 1
    outer loop
      vertex 194.762 24.4784 13
      vertex 194.884 21.6808 13
      vertex 194.884 24.3192 13
    endloop
  endfacet
  facet normal 0 0 1
    outer loop
      vertex 194.762 24.4784 13
      vertex 194.762 21.5216 13
      vertex 194.884 21.6808 13
    endloop
  endfacet
  facet normal 0 0 1
    outer loop
      vertex 194.626 24.6263 13
      vertex 194.762 21.5216 13
      vertex 194.762 24.4784 13
    endloop
  endfacet
  facet normal 0 0 1
    outer loop
      vertex 194.626 24.6263 13
      vertex 194.626 21.3737 13
      vertex 194.762 21.5216 13
    endloop
  endfacet
  facet normal 0 0 1
    outer loop
      vertex 194.478 24.7619 13
      vertex 194.626 21.3737 13
      vertex 194.626 24.6263 13
    endloop
  endfacet
  facet normal 0 0 1
    outer loop
      vertex 194.478 24.7619 13
      vertex 194.478 21.2381 13
      vertex 194.626 21.3737 13
    endloop
  endfacet
  facet normal 0 0 1
    outer loop
      vertex 194.319 24.884 13
      vertex 194.478 21.2381 13
      vertex 194.478 24.7619 13
    endloop
  endfacet
  facet normal 0 0 1
    outer loop
      vertex 194.319 24.884 13
      vertex 194.319 21.1159 13
      vertex 194.478 21.2381 13
    endloop
  endfacet
  facet normal 0 0 1
    outer loop
      vertex 194.15 24.9919 13
      vertex 194.319 21.1159 13
      vertex 194.319 24.884 13
    endloop
  endfacet
  facet normal 0 0 1
    outer loop
      vertex 194.15 24.9919 13
      vertex 194.15 21.0081 13
      vertex 194.319 21.1159 13
    endloop
  endfacet
  facet normal 0 0 1
    outer loop
      vertex 193.972 25.0845 13
      vertex 194.15 21.0081 13
      vertex 194.15 24.9919 13
    endloop
  endfacet
  facet normal 0 0 1
    outer loop
      vertex 193.972 25.0845 13
      vertex 193.972 20.9155 13
      vertex 194.15 21.0081 13
    endloop
  endfacet
  facet normal 0 0 1
    outer loop
      vertex 193.787 25.1613 13
      vertex 193.972 20.9155 13
      vertex 193.972 25.0845 13
    endloop
  endfacet
  facet normal 0 0 1
    outer loop
      vertex 193.787 25.1613 13
      vertex 193.787 20.8387 13
      vertex 193.972 20.9155 13
    endloop
  endfacet
  facet normal 0 0 1
    outer loop
      vertex 193.595 25.2216 13
      vertex 193.787 20.8387 13
      vertex 193.787 25.1613 13
    endloop
  endfacet
  facet normal 0 0 1
    outer loop
      vertex 193.595 25.2216 13
      vertex 193.595 20.7784 13
      vertex 193.787 20.8387 13
    endloop
  endfacet
  facet normal 0 0 1
    outer loop
      vertex 193.399 25.2651 13
      vertex 193.595 20.7784 13
      vertex 193.595 25.2216 13
    endloop
  endfacet
  facet normal 0 0 1
    outer loop
      vertex 193.399 25.2651 13
      vertex 193.399 20.7349 13
      vertex 193.595 20.7784 13
    endloop
  endfacet
  facet normal 0 0 1
    outer loop
      vertex 193.2 25.2912 13
      vertex 193.399 20.7349 13
      vertex 193.399 25.2651 13
    endloop
  endfacet
  facet normal 0 0 1
    outer loop
      vertex 193.2 25.2912 13
      vertex 193.2 20.7088 13
      vertex 193.399 20.7349 13
    endloop
  endfacet
  facet normal 0 0 1
    outer loop
      vertex 193 25.3 13
      vertex 193.2 20.7088 13
      vertex 193.2 25.2912 13
    endloop
  endfacet
  facet normal 0 0 1
    outer loop
      vertex 193 25.3 13
      vertex 193 20.7 13
      vertex 193.2 20.7088 13
    endloop
  endfacet
  facet normal -0 0 1
    outer loop
      vertex 192.8 25.2912 13
      vertex 193 20.7 13
      vertex 193 25.3 13
    endloop
  endfacet
  facet normal 0 0 1
    outer loop
      vertex 192.8 25.2912 13
      vertex 192.8 20.7088 13
      vertex 193 20.7 13
    endloop
  endfacet
  facet normal -0 0 1
    outer loop
      vertex 192.601 25.2651 13
      vertex 192.8 20.7088 13
      vertex 192.8 25.2912 13
    endloop
  endfacet
  facet normal 0 0 1
    outer loop
      vertex 192.601 25.2651 13
      vertex 192.601 20.7349 13
      vertex 192.8 20.7088 13
    endloop
  endfacet
  facet normal -0 0 1
    outer loop
      vertex 192.405 25.2216 13
      vertex 192.601 20.7349 13
      vertex 192.601 25.2651 13
    endloop
  endfacet
  facet normal 0 0 1
    outer loop
      vertex 192.405 25.2216 13
      vertex 192.405 20.7784 13
      vertex 192.601 20.7349 13
    endloop
  endfacet
  facet normal -0 0 1
    outer loop
      vertex 192.213 25.1613 13
      vertex 192.405 20.7784 13
      vertex 192.405 25.2216 13
    endloop
  endfacet
  facet normal 0 0 1
    outer loop
      vertex 192.213 25.1613 13
      vertex 192.213 20.8387 13
      vertex 192.405 20.7784 13
    endloop
  endfacet
  facet normal -0 0 1
    outer loop
      vertex 192.028 25.0845 13
      vertex 192.213 20.8387 13
      vertex 192.213 25.1613 13
    endloop
  endfacet
  facet normal 0 0 1
    outer loop
      vertex 192.028 25.0845 13
      vertex 192.028 20.9155 13
      vertex 192.213 20.8387 13
    endloop
  endfacet
  facet normal -0 0 1
    outer loop
      vertex 191.85 24.9919 13
      vertex 192.028 20.9155 13
      vertex 192.028 25.0845 13
    endloop
  endfacet
  facet normal 0 0 1
    outer loop
      vertex 191.85 24.9919 13
      vertex 191.85 21.0081 13
      vertex 192.028 20.9155 13
    endloop
  endfacet
  facet normal -0 0 1
    outer loop
      vertex 191.681 24.884 13
      vertex 191.85 21.0081 13
      vertex 191.85 24.9919 13
    endloop
  endfacet
  facet normal 0 0 1
    outer loop
      vertex 191.681 24.884 13
      vertex 191.681 21.1159 13
      vertex 191.85 21.0081 13
    endloop
  endfacet
  facet normal -0 0 1
    outer loop
      vertex 191.522 24.7619 13
      vertex 191.681 21.1159 13
      vertex 191.681 24.884 13
    endloop
  endfacet
  facet normal 0 0 1
    outer loop
      vertex 191.522 24.7619 13
      vertex 191.522 21.2381 13
      vertex 191.681 21.1159 13
    endloop
  endfacet
  facet normal -0 0 1
    outer loop
      vertex 191.374 24.6263 13
      vertex 191.522 21.2381 13
      vertex 191.522 24.7619 13
    endloop
  endfacet
  facet normal 0 0 1
    outer loop
      vertex 191.374 24.6263 13
      vertex 191.374 21.3737 13
      vertex 191.522 21.2381 13
    endloop
  endfacet
  facet normal -0 0 1
    outer loop
      vertex 191.238 24.4784 13
      vertex 191.374 21.3737 13
      vertex 191.374 24.6263 13
    endloop
  endfacet
  facet normal 0 0 1
    outer loop
      vertex 191.238 24.4784 13
      vertex 191.238 21.5216 13
      vertex 191.374 21.3737 13
    endloop
  endfacet
  facet normal -0 0 1
    outer loop
      vertex 191.116 24.3192 13
      vertex 191.238 21.5216 13
      vertex 191.238 24.4784 13
    endloop
  endfacet
  facet normal 0 0 1
    outer loop
      vertex 191.116 24.3192 13
      vertex 191.116 21.6808 13
      vertex 191.238 21.5216 13
    endloop
  endfacet
  facet normal -0 0 1
    outer loop
      vertex 191.008 24.15 13
      vertex 191.116 21.6808 13
      vertex 191.116 24.3192 13
    endloop
  endfacet
  facet normal 0 0 1
    outer loop
      vertex 191.008 24.15 13
      vertex 191.008 21.85 13
      vertex 191.116 21.6808 13
    endloop
  endfacet
  facet normal -0 0 1
    outer loop
      vertex 190.915 23.972 13
      vertex 191.008 21.85 13
      vertex 191.008 24.15 13
    endloop
  endfacet
  facet normal 0 0 1
    outer loop
      vertex 190.915 23.972 13
      vertex 190.915 22.028 13
      vertex 191.008 21.85 13
    endloop
  endfacet
  facet normal -0 0 1
    outer loop
      vertex 190.839 23.7866 13
      vertex 190.915 22.028 13
      vertex 190.915 23.972 13
    endloop
  endfacet
  facet normal 0 0 1
    outer loop
      vertex 190.839 23.7866 13
      vertex 190.839 22.2134 13
      vertex 190.915 22.028 13
    endloop
  endfacet
  facet normal -0 0 1
    outer loop
      vertex 190.778 23.5953 13
      vertex 190.839 22.2134 13
      vertex 190.839 23.7866 13
    endloop
  endfacet
  facet normal 0 0 1
    outer loop
      vertex 190.778 23.5953 13
      vertex 190.778 22.4047 13
      vertex 190.839 22.2134 13
    endloop
  endfacet
  facet normal -0 0 1
    outer loop
      vertex 190.735 23.3994 13
      vertex 190.778 22.4047 13
      vertex 190.778 23.5953 13
    endloop
  endfacet
  facet normal 0 0 1
    outer loop
      vertex 190.735 23.3994 13
      vertex 190.735 22.6006 13
      vertex 190.778 22.4047 13
    endloop
  endfacet
  facet normal -0 0 1
    outer loop
      vertex 190.709 23.2005 13
      vertex 190.735 22.6006 13
      vertex 190.735 23.3994 13
    endloop
  endfacet
  facet normal 0 0 1
    outer loop
      vertex 190.709 23.2005 13
      vertex 190.709 22.7995 13
      vertex 190.735 22.6006 13
    endloop
  endfacet
  facet normal 0 -0 1
    outer loop
      vertex 190.709 22.7995 13
      vertex 190.709 23.2005 13
      vertex 190.7 23 13
    endloop
  endfacet
  facet normal -0.7361 0.676873 7.27455e-19
    outer loop
      vertex 194.626 21.3737 13
      vertex 194.762 21.5216 23
      vertex 194.762 21.5216 13
    endloop
  endfacet
  facet normal -0.7361 0.676873 7.27455e-19
    outer loop
      vertex 194.762 21.5216 23
      vertex 194.626 21.3737 13
      vertex 194.626 21.3737 23
    endloop
  endfacet
  facet normal 0.38341 0.923578 -0
    outer loop
      vertex 192.213 20.8387 13
      vertex 192.028 20.9155 23
      vertex 192.213 20.8387 23
    endloop
  endfacet
  facet normal 0.38341 0.923578 0
    outer loop
      vertex 192.028 20.9155 23
      vertex 192.213 20.8387 13
      vertex 192.028 20.9155 13
    endloop
  endfacet
  facet normal -0.991491 -0.130175 -7.11974e-20
    outer loop
      vertex 11.6935 32.1482 14
      vertex 11.6742 32.2952 21
      vertex 11.6742 32.2952 14
    endloop
  endfacet
  facet normal -0.991491 -0.130175 -7.11974e-20
    outer loop
      vertex 11.6742 32.2952 21
      vertex 11.6935 32.1482 14
      vertex 11.6935 32.1482 21
    endloop
  endfacet
  facet normal -0.99904 -0.0438175 2.10332e-20
    outer loop
      vertex 11.7 32 14
      vertex 11.6935 32.1482 21
      vertex 11.6935 32.1482 14
    endloop
  endfacet
  facet normal -0.99904 -0.0438175 2.10332e-20
    outer loop
      vertex 11.6935 32.1482 21
      vertex 11.7 32 14
      vertex 11.7 32 21
    endloop
  endfacet
  facet normal -0.976298 -0.216431 2.74865e-19
    outer loop
      vertex 11.6742 32.2952 14
      vertex 11.6421 32.44 21
      vertex 11.6421 32.44 14
    endloop
  endfacet
  facet normal -0.976298 -0.216431 2.74865e-19
    outer loop
      vertex 11.6421 32.44 21
      vertex 11.6742 32.2952 14
      vertex 11.6742 32.2952 21
    endloop
  endfacet
  facet normal 0.216445 -0.976295 0
    outer loop
      vertex 9.56001 33.6421 14
      vertex 9.7048 33.6742 21
      vertex 9.56001 33.6421 21
    endloop
  endfacet
  facet normal 0.216445 -0.976295 0
    outer loop
      vertex 9.7048 33.6742 21
      vertex 9.56001 33.6421 14
      vertex 9.7048 33.6742 14
    endloop
  endfacet
  facet normal 0.130149 -0.991494 0
    outer loop
      vertex 9.7048 33.6742 14
      vertex 9.85183 33.6935 21
      vertex 9.7048 33.6742 21
    endloop
  endfacet
  facet normal 0.130149 -0.991494 0
    outer loop
      vertex 9.85183 33.6935 21
      vertex 9.7048 33.6742 14
      vertex 9.85183 33.6935 14
    endloop
  endfacet
  facet normal -0.843689 -0.536832 6.78827e-19
    outer loop
      vertex 11.4722 32.85 14
      vertex 11.3926 32.9751 21
      vertex 11.3926 32.9751 14
    endloop
  endfacet
  facet normal -0.843689 -0.536832 6.78827e-19
    outer loop
      vertex 11.3926 32.9751 21
      vertex 11.4722 32.85 14
      vertex 11.4722 32.85 21
    endloop
  endfacet
  facet normal 0.976298 0.216431 3.32344e-19
    outer loop
      vertex 8.35793 31.56 21
      vertex 8.32583 31.7048 14
      vertex 8.32583 31.7048 21
    endloop
  endfacet
  facet normal 0.976298 0.216431 3.32344e-19
    outer loop
      vertex 8.32583 31.7048 14
      vertex 8.35793 31.56 21
      vertex 8.35793 31.56 14
    endloop
  endfacet
  facet normal -0.737434 -0.675419 -4.43719e-20
    outer loop
      vertex 11.3023 33.0927 14
      vertex 11.2021 33.2021 21
      vertex 11.2021 33.2021 14
    endloop
  endfacet
  facet normal -0.737434 -0.675419 -4.43719e-20
    outer loop
      vertex 11.2021 33.2021 21
      vertex 11.3023 33.0927 14
      vertex 11.3023 33.0927 21
    endloop
  endfacet
  facet normal -0.99904 0.0438175 -2.0198e-20
    outer loop
      vertex 11.6935 31.8518 14
      vertex 11.7 32 21
      vertex 11.7 32 14
    endloop
  endfacet
  facet normal -0.99904 0.0438175 -2.0198e-20
    outer loop
      vertex 11.7 32 21
      vertex 11.6935 31.8518 14
      vertex 11.6935 31.8518 21
    endloop
  endfacet
  facet normal -0.675419 0.737434 0
    outer loop
      vertex 11.2021 30.7979 14
      vertex 11.0927 30.6977 21
      vertex 11.2021 30.7979 21
    endloop
  endfacet
  facet normal -0.675419 0.737434 0
    outer loop
      vertex 11.0927 30.6977 21
      vertex 11.2021 30.7979 14
      vertex 11.0927 30.6977 14
    endloop
  endfacet
  facet normal 0.793215 -0.608941 -6.76379e-19
    outer loop
      vertex 8.60744 32.9751 21
      vertex 8.69772 33.0927 14
      vertex 8.69772 33.0927 21
    endloop
  endfacet
  facet normal 0.793215 -0.608941 -6.76379e-19
    outer loop
      vertex 8.69772 33.0927 14
      vertex 8.60744 32.9751 21
      vertex 8.60744 32.9751 14
    endloop
  endfacet
  facet normal -0.382749 0.923853 0
    outer loop
      vertex 10.7185 30.4593 14
      vertex 10.5814 30.4025 21
      vertex 10.7185 30.4593 21
    endloop
  endfacet
  facet normal -0.382749 0.923853 0
    outer loop
      vertex 10.5814 30.4025 21
      vertex 10.7185 30.4593 14
      vertex 10.5814 30.4025 14
    endloop
  endfacet
  facet normal -0.953685 -0.300809 2.79568e-19
    outer loop
      vertex 11.6421 32.44 14
      vertex 11.5975 32.5814 21
      vertex 11.5975 32.5814 14
    endloop
  endfacet
  facet normal -0.953685 -0.300809 2.79568e-19
    outer loop
      vertex 11.5975 32.5814 21
      vertex 11.6421 32.44 14
      vertex 11.6421 32.44 21
    endloop
  endfacet
  facet normal -0.130175 0.991491 0
    outer loop
      vertex 10.2952 30.3258 14
      vertex 10.1482 30.3065 21
      vertex 10.2952 30.3258 21
    endloop
  endfacet
  facet normal -0.130175 0.991491 0
    outer loop
      vertex 10.1482 30.3065 21
      vertex 10.2952 30.3258 14
      vertex 10.1482 30.3065 14
    endloop
  endfacet
  facet normal 0.976298 -0.216431 1.00749e-19
    outer loop
      vertex 8.32583 32.2952 21
      vertex 8.35793 32.44 14
      vertex 8.35793 32.44 21
    endloop
  endfacet
  facet normal 0.976298 -0.216431 1.00749e-19
    outer loop
      vertex 8.35793 32.44 14
      vertex 8.32583 32.2952 21
      vertex 8.32583 32.2952 14
    endloop
  endfacet
  facet normal 0.608831 -0.7933 0
    outer loop
      vertex 8.90726 33.3023 14
      vertex 9.02492 33.3926 21
      vertex 8.90726 33.3023 21
    endloop
  endfacet
  facet normal 0.608831 -0.7933 0
    outer loop
      vertex 9.02492 33.3926 21
      vertex 8.90726 33.3023 14
      vertex 9.02492 33.3926 14
    endloop
  endfacet
  facet normal 0.0438264 -0.999039 0
    outer loop
      vertex 9.85183 33.6935 14
      vertex 10 33.7 21
      vertex 9.85183 33.6935 21
    endloop
  endfacet
  facet normal 0.0438264 -0.999039 0
    outer loop
      vertex 10 33.7 21
      vertex 9.85183 33.6935 14
      vertex 10 33.7 14
    endloop
  endfacet
  facet normal 0.608831 0.7933 -0
    outer loop
      vertex 9.02492 30.6074 14
      vertex 8.90726 30.6977 21
      vertex 9.02492 30.6074 21
    endloop
  endfacet
  facet normal 0.608831 0.7933 0
    outer loop
      vertex 8.90726 30.6977 21
      vertex 9.02492 30.6074 14
      vertex 8.90726 30.6977 14
    endloop
  endfacet
  facet normal 0.382939 -0.923774 0
    outer loop
      vertex 9.28155 33.5407 14
      vertex 9.41857 33.5975 21
      vertex 9.28155 33.5407 21
    endloop
  endfacet
  facet normal 0.382939 -0.923774 0
    outer loop
      vertex 9.41857 33.5975 21
      vertex 9.28155 33.5407 14
      vertex 9.41857 33.5975 14
    endloop
  endfacet
  facet normal 0.999048 -0.0436157 2.56812e-21
    outer loop
      vertex 8.3 32 21
      vertex 8.30647 32.1482 14
      vertex 8.30647 32.1482 21
    endloop
  endfacet
  facet normal 0.999048 -0.0436157 2.56812e-21
    outer loop
      vertex 8.30647 32.1482 14
      vertex 8.3 32 21
      vertex 8.3 32 14
    endloop
  endfacet
  facet normal -0.300809 -0.953685 0
    outer loop
      vertex 10.44 33.6421 14
      vertex 10.5814 33.5975 21
      vertex 10.44 33.6421 21
    endloop
  endfacet
  facet normal -0.300809 -0.953685 -0
    outer loop
      vertex 10.5814 33.5975 21
      vertex 10.44 33.6421 14
      vertex 10.5814 33.5975 14
    endloop
  endfacet
  facet normal 0.300731 -0.953709 0
    outer loop
      vertex 9.41857 33.5975 14
      vertex 9.56001 33.6421 21
      vertex 9.41857 33.5975 21
    endloop
  endfacet
  facet normal 0.300731 -0.953709 0
    outer loop
      vertex 9.56001 33.6421 21
      vertex 9.41857 33.5975 14
      vertex 9.56001 33.6421 14
    endloop
  endfacet
  facet normal -0.923853 -0.382749 4.09521e-19
    outer loop
      vertex 11.5975 32.5814 14
      vertex 11.5407 32.7185 21
      vertex 11.5407 32.7185 14
    endloop
  endfacet
  facet normal -0.923853 -0.382749 4.09521e-19
    outer loop
      vertex 11.5407 32.7185 21
      vertex 11.5975 32.5814 14
      vertex 11.5975 32.5814 21
    endloop
  endfacet
  facet normal -0.300809 0.953685 0
    outer loop
      vertex 10.5814 30.4025 14
      vertex 10.44 30.3579 21
      vertex 10.5814 30.4025 21
    endloop
  endfacet
  facet normal -0.300809 0.953685 0
    outer loop
      vertex 10.44 30.3579 21
      vertex 10.5814 30.4025 14
      vertex 10.44 30.3579 14
    endloop
  endfacet
  facet normal -0.216431 0.976298 0
    outer loop
      vertex 10.44 30.3579 14
      vertex 10.2952 30.3258 21
      vertex 10.44 30.3579 21
    endloop
  endfacet
  facet normal -0.216431 0.976298 0
    outer loop
      vertex 10.2952 30.3258 21
      vertex 10.44 30.3579 14
      vertex 10.2952 30.3258 14
    endloop
  endfacet
  facet normal -0.609026 -0.79315 0
    outer loop
      vertex 10.9751 33.3926 14
      vertex 11.0927 33.3023 21
      vertex 10.9751 33.3926 21
    endloop
  endfacet
  facet normal -0.609026 -0.79315 -0
    outer loop
      vertex 11.0927 33.3023 21
      vertex 10.9751 33.3926 14
      vertex 11.0927 33.3023 14
    endloop
  endfacet
  facet normal 0.461852 0.886957 -0
    outer loop
      vertex 9.28155 30.4593 14
      vertex 9.15 30.5278 21
      vertex 9.28155 30.4593 21
    endloop
  endfacet
  facet normal 0.461852 0.886957 0
    outer loop
      vertex 9.15 30.5278 21
      vertex 9.28155 30.4593 14
      vertex 9.15 30.5278 14
    endloop
  endfacet
  facet normal -0.0438175 -0.99904 0
    outer loop
      vertex 10 33.7 14
      vertex 10.1482 33.6935 21
      vertex 10 33.7 21
    endloop
  endfacet
  facet normal -0.0438175 -0.99904 -0
    outer loop
      vertex 10.1482 33.6935 21
      vertex 10 33.7 14
      vertex 10.1482 33.6935 14
    endloop
  endfacet
  facet normal 0.536893 -0.84365 0
    outer loop
      vertex 9.02492 33.3926 14
      vertex 9.15 33.4722 21
      vertex 9.02492 33.3926 21
    endloop
  endfacet
  facet normal 0.536893 -0.84365 0
    outer loop
      vertex 9.15 33.4722 21
      vertex 9.02492 33.3926 14
      vertex 9.15 33.4722 14
    endloop
  endfacet
  facet normal -0.130175 -0.991491 0
    outer loop
      vertex 10.1482 33.6935 14
      vertex 10.2952 33.6742 21
      vertex 10.1482 33.6935 21
    endloop
  endfacet
  facet normal -0.130175 -0.991491 -0
    outer loop
      vertex 10.2952 33.6742 21
      vertex 10.1482 33.6935 14
      vertex 10.2952 33.6742 14
    endloop
  endfacet
  facet normal -0.536832 -0.843689 0
    outer loop
      vertex 10.85 33.4722 14
      vertex 10.9751 33.3926 21
      vertex 10.85 33.4722 21
    endloop
  endfacet
  facet normal -0.536832 -0.843689 -0
    outer loop
      vertex 10.9751 33.3926 21
      vertex 10.85 33.4722 14
      vertex 10.9751 33.3926 14
    endloop
  endfacet
  facet normal -0.79315 0.609026 3.20096e-20
    outer loop
      vertex 11.3023 30.9073 14
      vertex 11.3926 31.0249 21
      vertex 11.3926 31.0249 14
    endloop
  endfacet
  facet normal -0.79315 0.609026 3.20096e-20
    outer loop
      vertex 11.3926 31.0249 21
      vertex 11.3023 30.9073 14
      vertex 11.3023 30.9073 21
    endloop
  endfacet
  facet normal -0.991491 0.130175 1.15325e-19
    outer loop
      vertex 11.6742 31.7048 14
      vertex 11.6935 31.8518 21
      vertex 11.6935 31.8518 14
    endloop
  endfacet
  facet normal -0.991491 0.130175 1.15325e-19
    outer loop
      vertex 11.6935 31.8518 21
      vertex 11.6742 31.7048 14
      vertex 11.6742 31.7048 21
    endloop
  endfacet
  facet normal -0.382749 -0.923853 0
    outer loop
      vertex 10.5814 33.5975 14
      vertex 10.7185 33.5407 21
      vertex 10.5814 33.5975 21
    endloop
  endfacet
  facet normal -0.382749 -0.923853 -0
    outer loop
      vertex 10.7185 33.5407 21
      vertex 10.5814 33.5975 14
      vertex 10.7185 33.5407 14
    endloop
  endfacet
  facet normal 0.675621 -0.737249 0
    outer loop
      vertex 8.79792 33.2021 14
      vertex 8.90726 33.3023 21
      vertex 8.79792 33.2021 21
    endloop
  endfacet
  facet normal 0.675621 -0.737249 0
    outer loop
      vertex 8.90726 33.3023 21
      vertex 8.79792 33.2021 14
      vertex 8.90726 33.3023 14
    endloop
  endfacet
  facet normal 0.843445 -0.537216 -3.76859e-19
    outer loop
      vertex 8.52776 32.85 21
      vertex 8.60744 32.9751 14
      vertex 8.60744 32.9751 21
    endloop
  endfacet
  facet normal 0.843445 -0.537216 -3.76859e-19
    outer loop
      vertex 8.60744 32.9751 14
      vertex 8.52776 32.85 21
      vertex 8.52776 32.85 14
    endloop
  endfacet
  facet normal 0.382939 0.923774 -0
    outer loop
      vertex 9.41857 30.4025 14
      vertex 9.28155 30.4593 21
      vertex 9.41857 30.4025 21
    endloop
  endfacet
  facet normal 0.382939 0.923774 0
    outer loop
      vertex 9.28155 30.4593 21
      vertex 9.41857 30.4025 14
      vertex 9.28155 30.4593 14
    endloop
  endfacet
  facet normal -0.46199 0.886885 0
    outer loop
      vertex 10.85 30.5278 14
      vertex 10.7185 30.4593 21
      vertex 10.85 30.5278 21
    endloop
  endfacet
  facet normal -0.46199 0.886885 0
    outer loop
      vertex 10.7185 30.4593 21
      vertex 10.85 30.5278 14
      vertex 10.7185 30.4593 14
    endloop
  endfacet
  facet normal 0.300731 0.953709 -0
    outer loop
      vertex 9.56001 30.3579 14
      vertex 9.41857 30.4025 21
      vertex 9.56001 30.3579 21
    endloop
  endfacet
  facet normal 0.300731 0.953709 0
    outer loop
      vertex 9.41857 30.4025 21
      vertex 9.56001 30.3579 14
      vertex 9.41857 30.4025 14
    endloop
  endfacet
  facet normal -0.976298 0.216431 1.27483e-19
    outer loop
      vertex 11.6421 31.56 14
      vertex 11.6742 31.7048 21
      vertex 11.6742 31.7048 14
    endloop
  endfacet
  facet normal -0.976298 0.216431 1.27483e-19
    outer loop
      vertex 11.6742 31.7048 21
      vertex 11.6421 31.56 14
      vertex 11.6421 31.56 21
    endloop
  endfacet
  facet normal -0.953685 0.300809 2.52615e-19
    outer loop
      vertex 11.5975 31.4186 14
      vertex 11.6421 31.56 21
      vertex 11.6421 31.56 14
    endloop
  endfacet
  facet normal -0.953685 0.300809 2.52615e-19
    outer loop
      vertex 11.6421 31.56 21
      vertex 11.5975 31.4186 14
      vertex 11.5975 31.4186 21
    endloop
  endfacet
  facet normal -0.886885 -0.46199 4.07869e-19
    outer loop
      vertex 11.5407 32.7185 14
      vertex 11.4722 32.85 21
      vertex 11.4722 32.85 14
    endloop
  endfacet
  facet normal -0.886885 -0.46199 4.07869e-19
    outer loop
      vertex 11.4722 32.85 21
      vertex 11.5407 32.7185 14
      vertex 11.5407 32.7185 21
    endloop
  endfacet
  facet normal -0.675419 -0.737434 0
    outer loop
      vertex 11.0927 33.3023 14
      vertex 11.2021 33.2021 21
      vertex 11.0927 33.3023 21
    endloop
  endfacet
  facet normal -0.675419 -0.737434 -0
    outer loop
      vertex 11.2021 33.2021 21
      vertex 11.0927 33.3023 14
      vertex 11.2021 33.2021 14
    endloop
  endfacet
  facet normal 0.953704 0.300747 3.71283e-19
    outer loop
      vertex 8.40252 31.4186 21
      vertex 8.35793 31.56 14
      vertex 8.35793 31.56 21
    endloop
  endfacet
  facet normal 0.953704 0.300747 3.71283e-19
    outer loop
      vertex 8.35793 31.56 14
      vertex 8.40252 31.4186 21
      vertex 8.40252 31.4186 14
    endloop
  endfacet
  facet normal -0.0438175 0.99904 0
    outer loop
      vertex 10.1482 30.3065 14
      vertex 10 30.3 21
      vertex 10.1482 30.3065 21
    endloop
  endfacet
  facet normal -0.0438175 0.99904 0
    outer loop
      vertex 10 30.3 21
      vertex 10.1482 30.3065 14
      vertex 10 30.3 14
    endloop
  endfacet
  facet normal -0.886885 0.46199 -4.07869e-19
    outer loop
      vertex 11.4722 31.15 14
      vertex 11.5407 31.2815 21
      vertex 11.5407 31.2815 14
    endloop
  endfacet
  facet normal -0.886885 0.46199 -4.07869e-19
    outer loop
      vertex 11.5407 31.2815 21
      vertex 11.4722 31.15 14
      vertex 11.4722 31.15 21
    endloop
  endfacet
  facet normal 0.216445 0.976295 -0
    outer loop
      vertex 9.7048 30.3258 14
      vertex 9.56001 30.3579 21
      vertex 9.7048 30.3258 21
    endloop
  endfacet
  facet normal 0.216445 0.976295 0
    outer loop
      vertex 9.56001 30.3579 21
      vertex 9.7048 30.3258 14
      vertex 9.56001 30.3579 14
    endloop
  endfacet
  facet normal 0.953704 -0.300747 -1.36209e-19
    outer loop
      vertex 8.35793 32.44 21
      vertex 8.40252 32.5814 14
      vertex 8.40252 32.5814 21
    endloop
  endfacet
  facet normal 0.953704 -0.300747 -1.36209e-19
    outer loop
      vertex 8.40252 32.5814 14
      vertex 8.35793 32.44 21
      vertex 8.35793 32.44 14
    endloop
  endfacet
  facet normal -0.923853 0.382749 1.35544e-19
    outer loop
      vertex 11.5407 31.2815 14
      vertex 11.5975 31.4186 21
      vertex 11.5975 31.4186 14
    endloop
  endfacet
  facet normal -0.923853 0.382749 1.35544e-19
    outer loop
      vertex 11.5975 31.4186 21
      vertex 11.5407 31.2815 14
      vertex 11.5407 31.2815 21
    endloop
  endfacet
  facet normal 0.886941 -0.461884 -3.78053e-19
    outer loop
      vertex 8.45928 32.7185 21
      vertex 8.52776 32.85 14
      vertex 8.52776 32.85 21
    endloop
  endfacet
  facet normal 0.886941 -0.461884 -3.78053e-19
    outer loop
      vertex 8.52776 32.85 14
      vertex 8.45928 32.7185 21
      vertex 8.45928 32.7185 14
    endloop
  endfacet
  facet normal 0.461852 -0.886957 0
    outer loop
      vertex 9.15 33.4722 14
      vertex 9.28155 33.5407 21
      vertex 9.15 33.4722 21
    endloop
  endfacet
  facet normal 0.461852 -0.886957 0
    outer loop
      vertex 9.28155 33.5407 21
      vertex 9.15 33.4722 14
      vertex 9.28155 33.5407 14
    endloop
  endfacet
  facet normal 0.843445 0.537216 6.83575e-20
    outer loop
      vertex 8.60744 31.0249 21
      vertex 8.52776 31.15 14
      vertex 8.52776 31.15 21
    endloop
  endfacet
  facet normal 0.843445 0.537216 6.83575e-20
    outer loop
      vertex 8.52776 31.15 14
      vertex 8.60744 31.0249 21
      vertex 8.60744 31.0249 14
    endloop
  endfacet
  facet normal -0.79315 -0.609026 7.76342e-20
    outer loop
      vertex 11.3926 32.9751 14
      vertex 11.3023 33.0927 21
      vertex 11.3023 33.0927 14
    endloop
  endfacet
  facet normal -0.79315 -0.609026 7.76342e-20
    outer loop
      vertex 11.3023 33.0927 21
      vertex 11.3926 32.9751 14
      vertex 11.3926 32.9751 21
    endloop
  endfacet
  facet normal 0.991439 -0.130573 1.2554e-20
    outer loop
      vertex 8.30647 32.1482 21
      vertex 8.32583 32.2952 14
      vertex 8.32583 32.2952 21
    endloop
  endfacet
  facet normal 0.991439 -0.130573 1.2554e-20
    outer loop
      vertex 8.32583 32.2952 14
      vertex 8.30647 32.1482 21
      vertex 8.30647 32.1482 14
    endloop
  endfacet
  facet normal 0.737434 -0.675419 1.60793e-21
    outer loop
      vertex 8.69772 33.0927 21
      vertex 8.79792 33.2021 14
      vertex 8.79792 33.2021 21
    endloop
  endfacet
  facet normal 0.737434 -0.675419 1.60793e-21
    outer loop
      vertex 8.79792 33.2021 14
      vertex 8.69772 33.0927 21
      vertex 8.69772 33.0927 14
    endloop
  endfacet
  facet normal 0.886941 0.461884 3.78053e-19
    outer loop
      vertex 8.52776 31.15 21
      vertex 8.45928 31.2815 14
      vertex 8.45928 31.2815 21
    endloop
  endfacet
  facet normal 0.886941 0.461884 3.78053e-19
    outer loop
      vertex 8.45928 31.2815 14
      vertex 8.52776 31.15 21
      vertex 8.52776 31.15 14
    endloop
  endfacet
  facet normal 0.991439 0.130573 1.5579e-19
    outer loop
      vertex 8.32583 31.7048 21
      vertex 8.30647 31.8518 14
      vertex 8.30647 31.8518 21
    endloop
  endfacet
  facet normal 0.991439 0.130573 1.5579e-19
    outer loop
      vertex 8.30647 31.8518 14
      vertex 8.32583 31.7048 21
      vertex 8.32583 31.7048 14
    endloop
  endfacet
  facet normal 0.0438264 0.999039 -0
    outer loop
      vertex 10 30.3 14
      vertex 9.85183 30.3065 21
      vertex 10 30.3 21
    endloop
  endfacet
  facet normal 0.0438264 0.999039 0
    outer loop
      vertex 9.85183 30.3065 21
      vertex 10 30.3 14
      vertex 9.85183 30.3065 14
    endloop
  endfacet
  facet normal 0.675621 0.737249 -0
    outer loop
      vertex 8.90726 30.6977 14
      vertex 8.79792 30.7979 21
      vertex 8.90726 30.6977 21
    endloop
  endfacet
  facet normal 0.675621 0.737249 0
    outer loop
      vertex 8.79792 30.7979 21
      vertex 8.90726 30.6977 14
      vertex 8.79792 30.7979 14
    endloop
  endfacet
  facet normal -0.46199 -0.886885 0
    outer loop
      vertex 10.7185 33.5407 14
      vertex 10.85 33.4722 21
      vertex 10.7185 33.5407 21
    endloop
  endfacet
  facet normal -0.46199 -0.886885 -0
    outer loop
      vertex 10.85 33.4722 21
      vertex 10.7185 33.5407 14
      vertex 10.85 33.4722 14
    endloop
  endfacet
  facet normal -0.536832 0.843689 0
    outer loop
      vertex 10.9751 30.6074 14
      vertex 10.85 30.5278 21
      vertex 10.9751 30.6074 21
    endloop
  endfacet
  facet normal -0.536832 0.843689 0
    outer loop
      vertex 10.85 30.5278 21
      vertex 10.9751 30.6074 14
      vertex 10.85 30.5278 14
    endloop
  endfacet
  facet normal 0.923948 0.382518 -1.42886e-21
    outer loop
      vertex 8.45928 31.2815 21
      vertex 8.40252 31.4186 14
      vertex 8.40252 31.4186 21
    endloop
  endfacet
  facet normal 0.923948 0.382518 -1.42886e-21
    outer loop
      vertex 8.40252 31.4186 14
      vertex 8.45928 31.2815 21
      vertex 8.45928 31.2815 14
    endloop
  endfacet
  facet normal 0.923948 -0.382518 -4.06877e-19
    outer loop
      vertex 8.40252 32.5814 21
      vertex 8.45928 32.7185 14
      vertex 8.45928 32.7185 21
    endloop
  endfacet
  facet normal 0.923948 -0.382518 -4.06877e-19
    outer loop
      vertex 8.45928 32.7185 14
      vertex 8.40252 32.5814 21
      vertex 8.40252 32.5814 14
    endloop
  endfacet
  facet normal 0.737434 0.675419 -1.60793e-21
    outer loop
      vertex 8.79792 30.7979 21
      vertex 8.69772 30.9073 14
      vertex 8.69772 30.9073 21
    endloop
  endfacet
  facet normal 0.737434 0.675419 -1.60793e-21
    outer loop
      vertex 8.69772 30.9073 14
      vertex 8.79792 30.7979 21
      vertex 8.79792 30.7979 14
    endloop
  endfacet
  facet normal 0.793215 0.608941 4.9826e-19
    outer loop
      vertex 8.69772 30.9073 21
      vertex 8.60744 31.0249 14
      vertex 8.60744 31.0249 21
    endloop
  endfacet
  facet normal 0.793215 0.608941 4.9826e-19
    outer loop
      vertex 8.60744 31.0249 14
      vertex 8.69772 30.9073 21
      vertex 8.69772 30.9073 14
    endloop
  endfacet
  facet normal -0.609026 0.79315 0
    outer loop
      vertex 11.0927 30.6977 14
      vertex 10.9751 30.6074 21
      vertex 11.0927 30.6977 21
    endloop
  endfacet
  facet normal -0.609026 0.79315 0
    outer loop
      vertex 10.9751 30.6074 21
      vertex 11.0927 30.6977 14
      vertex 10.9751 30.6074 14
    endloop
  endfacet
  facet normal 0.999048 0.0436157 -1.63258e-21
    outer loop
      vertex 8.30647 31.8518 21
      vertex 8.3 32 14
      vertex 8.3 32 21
    endloop
  endfacet
  facet normal 0.999048 0.0436157 -1.63258e-21
    outer loop
      vertex 8.3 32 14
      vertex 8.30647 31.8518 21
      vertex 8.30647 31.8518 14
    endloop
  endfacet
  facet normal -0.843689 0.536832 -6.44064e-19
    outer loop
      vertex 11.3926 31.0249 14
      vertex 11.4722 31.15 21
      vertex 11.4722 31.15 14
    endloop
  endfacet
  facet normal -0.843689 0.536832 -6.44064e-19
    outer loop
      vertex 11.4722 31.15 21
      vertex 11.3926 31.0249 14
      vertex 11.3926 31.0249 21
    endloop
  endfacet
  facet normal -0.737434 0.675419 4.43719e-20
    outer loop
      vertex 11.2021 30.7979 14
      vertex 11.3023 30.9073 21
      vertex 11.3023 30.9073 14
    endloop
  endfacet
  facet normal -0.737434 0.675419 4.43719e-20
    outer loop
      vertex 11.3023 30.9073 21
      vertex 11.2021 30.7979 14
      vertex 11.2021 30.7979 21
    endloop
  endfacet
  facet normal 0.536893 0.84365 -0
    outer loop
      vertex 9.15 30.5278 14
      vertex 9.02492 30.6074 21
      vertex 9.15 30.5278 21
    endloop
  endfacet
  facet normal 0.536893 0.84365 0
    outer loop
      vertex 9.02492 30.6074 21
      vertex 9.15 30.5278 14
      vertex 9.02492 30.6074 14
    endloop
  endfacet
  facet normal -0.216431 -0.976298 0
    outer loop
      vertex 10.2952 33.6742 14
      vertex 10.44 33.6421 21
      vertex 10.2952 33.6742 21
    endloop
  endfacet
  facet normal -0.216431 -0.976298 -0
    outer loop
      vertex 10.44 33.6421 21
      vertex 10.2952 33.6742 14
      vertex 10.44 33.6421 14
    endloop
  endfacet
  facet normal 0.130149 0.991494 -0
    outer loop
      vertex 9.85183 30.3065 14
      vertex 9.7048 30.3258 21
      vertex 9.85183 30.3065 21
    endloop
  endfacet
  facet normal 0.130149 0.991494 0
    outer loop
      vertex 9.7048 30.3258 21
      vertex 9.85183 30.3065 14
      vertex 9.7048 30.3258 14
    endloop
  endfacet
  facet normal -0.990871 -0.134812 7.80432e-20
    outer loop
      vertex 207.694 32.1482 14
      vertex 207.674 32.2952 21
      vertex 207.674 32.2952 14
    endloop
  endfacet
  facet normal -0.990871 -0.134812 7.80432e-20
    outer loop
      vertex 207.674 32.2952 21
      vertex 207.694 32.1482 14
      vertex 207.694 32.1482 21
    endloop
  endfacet
  facet normal -0.999181 -0.0404527 4.39358e-21
    outer loop
      vertex 207.7 32 14
      vertex 207.694 32.1482 21
      vertex 207.694 32.1482 14
    endloop
  endfacet
  facet normal -0.999181 -0.0404527 4.39358e-21
    outer loop
      vertex 207.694 32.1482 21
      vertex 207.7 32 14
      vertex 207.7 32 21
    endloop
  endfacet
  facet normal -0.97644 -0.215788 3.41573e-19
    outer loop
      vertex 207.674 32.2952 14
      vertex 207.642 32.44 21
      vertex 207.642 32.44 14
    endloop
  endfacet
  facet normal -0.97644 -0.215788 3.41573e-19
    outer loop
      vertex 207.642 32.44 21
      vertex 207.674 32.2952 14
      vertex 207.674 32.2952 21
    endloop
  endfacet
  facet normal 0.216146 -0.976361 0
    outer loop
      vertex 205.56 33.6421 14
      vertex 205.705 33.6742 21
      vertex 205.56 33.6421 21
    endloop
  endfacet
  facet normal 0.216146 -0.976361 0
    outer loop
      vertex 205.705 33.6742 21
      vertex 205.56 33.6421 14
      vertex 205.705 33.6742 14
    endloop
  endfacet
  facet normal -0.845521 -0.533942 -1.4345e-19
    outer loop
      vertex 207.472 32.85 14
      vertex 207.393 32.9751 21
      vertex 207.393 32.9751 14
    endloop
  endfacet
  facet normal -0.845521 -0.533942 -1.4345e-19
    outer loop
      vertex 207.393 32.9751 21
      vertex 207.472 32.85 14
      vertex 207.472 32.85 21
    endloop
  endfacet
  facet normal 0.97644 0.215788 2.81412e-19
    outer loop
      vertex 204.358 31.56 21
      vertex 204.326 31.7048 14
      vertex 204.326 31.7048 21
    endloop
  endfacet
  facet normal 0.97644 0.215788 2.81412e-19
    outer loop
      vertex 204.326 31.7048 14
      vertex 204.358 31.56 21
      vertex 204.358 31.56 14
    endloop
  endfacet
  facet normal -0.738106 -0.674685 -5.31826e-19
    outer loop
      vertex 207.302 33.0927 14
      vertex 207.202 33.2021 21
      vertex 207.202 33.2021 14
    endloop
  endfacet
  facet normal -0.738106 -0.674685 -5.31826e-19
    outer loop
      vertex 207.202 33.2021 21
      vertex 207.302 33.0927 14
      vertex 207.302 33.0927 21
    endloop
  endfacet
  facet normal -0.999181 0.0404527 3.65414e-20
    outer loop
      vertex 207.694 31.8518 14
      vertex 207.7 32 21
      vertex 207.7 32 14
    endloop
  endfacet
  facet normal -0.999181 0.0404527 3.65414e-20
    outer loop
      vertex 207.7 32 21
      vertex 207.694 31.8518 14
      vertex 207.694 31.8518 21
    endloop
  endfacet
  facet normal -0.676764 0.7362 0
    outer loop
      vertex 207.202 30.7979 14
      vertex 207.093 30.6977 21
      vertex 207.202 30.7979 21
    endloop
  endfacet
  facet normal -0.676764 0.7362 0
    outer loop
      vertex 207.093 30.6977 21
      vertex 207.202 30.7979 14
      vertex 207.093 30.6977 14
    endloop
  endfacet
  facet normal -0.382987 0.923754 0
    outer loop
      vertex 206.718 30.4593 14
      vertex 206.581 30.4025 21
      vertex 206.718 30.4593 21
    endloop
  endfacet
  facet normal -0.382987 0.923754 0
    outer loop
      vertex 206.581 30.4025 21
      vertex 206.718 30.4593 14
      vertex 206.581 30.4025 14
    endloop
  endfacet
  facet normal -0.952908 -0.303259 -3.89219e-19
    outer loop
      vertex 207.642 32.44 14
      vertex 207.597 32.5814 21
      vertex 207.597 32.5814 14
    endloop
  endfacet
  facet normal -0.952908 -0.303259 -3.89219e-19
    outer loop
      vertex 207.597 32.5814 21
      vertex 207.642 32.44 14
      vertex 207.642 32.44 21
    endloop
  endfacet
  facet normal -0.130175 0.991491 0
    outer loop
      vertex 206.295 30.3258 14
      vertex 206.148 30.3065 21
      vertex 206.295 30.3258 21
    endloop
  endfacet
  facet normal -0.130175 0.991491 0
    outer loop
      vertex 206.148 30.3065 21
      vertex 206.295 30.3258 14
      vertex 206.148 30.3065 14
    endloop
  endfacet
  facet normal 0.97644 -0.215788 -3.41573e-19
    outer loop
      vertex 204.326 32.2952 21
      vertex 204.358 32.44 14
      vertex 204.358 32.44 21
    endloop
  endfacet
  facet normal 0.97644 -0.215788 -3.41573e-19
    outer loop
      vertex 204.358 32.44 14
      vertex 204.326 32.2952 21
      vertex 204.326 32.2952 14
    endloop
  endfacet
  facet normal 0.607725 -0.794148 0
    outer loop
      vertex 204.907 33.3023 14
      vertex 205.025 33.3926 21
      vertex 204.907 33.3023 21
    endloop
  endfacet
  facet normal 0.607725 -0.794148 0
    outer loop
      vertex 205.025 33.3926 21
      vertex 204.907 33.3023 14
      vertex 205.025 33.3926 14
    endloop
  endfacet
  facet normal 0.0438766 -0.999037 0
    outer loop
      vertex 205.852 33.6935 14
      vertex 206 33.7 21
      vertex 205.852 33.6935 21
    endloop
  endfacet
  facet normal 0.0438766 -0.999037 0
    outer loop
      vertex 206 33.7 21
      vertex 205.852 33.6935 14
      vertex 206 33.7 14
    endloop
  endfacet
  facet normal 0.607725 0.794148 -0
    outer loop
      vertex 205.025 30.6074 14
      vertex 204.907 30.6977 21
      vertex 205.025 30.6074 21
    endloop
  endfacet
  facet normal 0.607725 0.794148 0
    outer loop
      vertex 204.907 30.6977 21
      vertex 205.025 30.6074 14
      vertex 204.907 30.6977 14
    endloop
  endfacet
  facet normal 0.382987 -0.923754 0
    outer loop
      vertex 205.282 33.5407 14
      vertex 205.419 33.5975 21
      vertex 205.282 33.5407 21
    endloop
  endfacet
  facet normal 0.382987 -0.923754 0
    outer loop
      vertex 205.419 33.5975 21
      vertex 205.282 33.5407 14
      vertex 205.419 33.5975 14
    endloop
  endfacet
  facet normal 0.999181 -0.0404527 -4.39358e-21
    outer loop
      vertex 204.3 32 21
      vertex 204.306 32.1482 14
      vertex 204.306 32.1482 21
    endloop
  endfacet
  facet normal 0.999181 -0.0404527 -4.39358e-21
    outer loop
      vertex 204.306 32.1482 14
      vertex 204.3 32 21
      vertex 204.3 32 14
    endloop
  endfacet
  facet normal -0.301584 -0.953439 0
    outer loop
      vertex 206.44 33.6421 14
      vertex 206.581 33.5975 21
      vertex 206.44 33.6421 21
    endloop
  endfacet
  facet normal -0.301584 -0.953439 -0
    outer loop
      vertex 206.581 33.5975 21
      vertex 206.44 33.6421 14
      vertex 206.581 33.5975 14
    endloop
  endfacet
  facet normal 0.301584 -0.953439 0
    outer loop
      vertex 205.419 33.5975 14
      vertex 205.56 33.6421 21
      vertex 205.419 33.5975 21
    endloop
  endfacet
  facet normal 0.301584 -0.953439 0
    outer loop
      vertex 205.56 33.6421 21
      vertex 205.419 33.5975 14
      vertex 205.56 33.6421 14
    endloop
  endfacet
  facet normal -0.925751 -0.378133 -1.81612e-19
    outer loop
      vertex 207.597 32.5814 14
      vertex 207.541 32.7185 21
      vertex 207.541 32.7185 14
    endloop
  endfacet
  facet normal -0.925751 -0.378133 -1.81612e-19
    outer loop
      vertex 207.541 32.7185 21
      vertex 207.597 32.5814 14
      vertex 207.597 32.5814 21
    endloop
  endfacet
  facet normal -0.301584 0.953439 0
    outer loop
      vertex 206.581 30.4025 14
      vertex 206.44 30.3579 21
      vertex 206.581 30.4025 21
    endloop
  endfacet
  facet normal -0.301584 0.953439 0
    outer loop
      vertex 206.44 30.3579 21
      vertex 206.581 30.4025 14
      vertex 206.44 30.3579 14
    endloop
  endfacet
  facet normal -0.216146 0.976361 0
    outer loop
      vertex 206.44 30.3579 14
      vertex 206.295 30.3258 21
      vertex 206.44 30.3579 21
    endloop
  endfacet
  facet normal -0.216146 0.976361 0
    outer loop
      vertex 206.295 30.3258 21
      vertex 206.44 30.3579 14
      vertex 206.295 30.3258 14
    endloop
  endfacet
  facet normal -0.607725 -0.794148 0
    outer loop
      vertex 206.975 33.3926 14
      vertex 207.093 33.3023 21
      vertex 206.975 33.3926 21
    endloop
  endfacet
  facet normal -0.607725 -0.794148 -0
    outer loop
      vertex 207.093 33.3023 21
      vertex 206.975 33.3926 14
      vertex 207.093 33.3023 14
    endloop
  endfacet
  facet normal 0.460612 0.887602 -0
    outer loop
      vertex 205.282 30.4593 14
      vertex 205.15 30.5278 21
      vertex 205.282 30.4593 21
    endloop
  endfacet
  facet normal 0.460612 0.887602 0
    outer loop
      vertex 205.15 30.5278 21
      vertex 205.282 30.4593 14
      vertex 205.15 30.5278 14
    endloop
  endfacet
  facet normal -0.0438766 -0.999037 0
    outer loop
      vertex 206 33.7 14
      vertex 206.148 33.6935 21
      vertex 206 33.7 21
    endloop
  endfacet
  facet normal -0.0438766 -0.999037 -0
    outer loop
      vertex 206.148 33.6935 21
      vertex 206 33.7 14
      vertex 206.148 33.6935 14
    endloop
  endfacet
  facet normal 0.537137 -0.843495 0
    outer loop
      vertex 205.025 33.3926 14
      vertex 205.15 33.4722 21
      vertex 205.025 33.3926 21
    endloop
  endfacet
  facet normal 0.537137 -0.843495 0
    outer loop
      vertex 205.15 33.4722 21
      vertex 205.025 33.3926 14
      vertex 205.15 33.4722 14
    endloop
  endfacet
  facet normal -0.130175 -0.991491 0
    outer loop
      vertex 206.148 33.6935 14
      vertex 206.295 33.6742 21
      vertex 206.148 33.6935 21
    endloop
  endfacet
  facet normal -0.130175 -0.991491 -0
    outer loop
      vertex 206.295 33.6742 21
      vertex 206.148 33.6935 14
      vertex 206.295 33.6742 14
    endloop
  endfacet
  facet normal -0.790871 0.611983 -7.15938e-19
    outer loop
      vertex 207.302 30.9073 14
      vertex 207.393 31.0249 21
      vertex 207.393 31.0249 14
    endloop
  endfacet
  facet normal -0.790871 0.611983 -7.15938e-19
    outer loop
      vertex 207.393 31.0249 21
      vertex 207.302 30.9073 14
      vertex 207.302 30.9073 21
    endloop
  endfacet
  facet normal -0.990871 0.134812 -1.44861e-19
    outer loop
      vertex 207.674 31.7048 14
      vertex 207.694 31.8518 21
      vertex 207.694 31.8518 14
    endloop
  endfacet
  facet normal -0.990871 0.134812 -1.44861e-19
    outer loop
      vertex 207.694 31.8518 21
      vertex 207.674 31.7048 14
      vertex 207.674 31.7048 21
    endloop
  endfacet
  facet normal -0.952908 0.303259 -1.45202e-19
    outer loop
      vertex 207.597 31.4186 14
      vertex 207.642 31.56 21
      vertex 207.642 31.56 14
    endloop
  endfacet
  facet normal -0.952908 0.303259 -1.45202e-19
    outer loop
      vertex 207.642 31.56 21
      vertex 207.597 31.4186 14
      vertex 207.597 31.4186 21
    endloop
  endfacet
  facet normal -0.382987 -0.923754 0
    outer loop
      vertex 206.581 33.5975 14
      vertex 206.718 33.5407 21
      vertex 206.581 33.5975 21
    endloop
  endfacet
  facet normal -0.382987 -0.923754 -0
    outer loop
      vertex 206.718 33.5407 21
      vertex 206.581 33.5975 14
      vertex 206.718 33.5407 14
    endloop
  endfacet
  facet normal 0.676764 -0.7362 0
    outer loop
      vertex 204.798 33.2021 14
      vertex 204.907 33.3023 21
      vertex 204.798 33.2021 21
    endloop
  endfacet
  facet normal 0.676764 -0.7362 0
    outer loop
      vertex 204.907 33.3023 21
      vertex 204.798 33.2021 14
      vertex 204.907 33.3023 14
    endloop
  endfacet
  facet normal 0.845521 -0.533942 1.4345e-19
    outer loop
      vertex 204.528 32.85 21
      vertex 204.607 32.9751 14
      vertex 204.607 32.9751 21
    endloop
  endfacet
  facet normal 0.845521 -0.533942 1.4345e-19
    outer loop
      vertex 204.607 32.9751 14
      vertex 204.528 32.85 21
      vertex 204.528 32.85 14
    endloop
  endfacet
  facet normal 0.382987 0.923754 -0
    outer loop
      vertex 205.419 30.4025 14
      vertex 205.282 30.4593 21
      vertex 205.419 30.4025 21
    endloop
  endfacet
  facet normal 0.382987 0.923754 0
    outer loop
      vertex 205.282 30.4593 21
      vertex 205.419 30.4025 14
      vertex 205.282 30.4593 14
    endloop
  endfacet
  facet normal -0.460612 0.887602 0
    outer loop
      vertex 206.85 30.5278 14
      vertex 206.718 30.4593 21
      vertex 206.85 30.5278 21
    endloop
  endfacet
  facet normal -0.460612 0.887602 0
    outer loop
      vertex 206.718 30.4593 21
      vertex 206.85 30.5278 14
      vertex 206.718 30.4593 14
    endloop
  endfacet
  facet normal 0.301584 0.953439 -0
    outer loop
      vertex 205.56 30.3579 14
      vertex 205.419 30.4025 21
      vertex 205.56 30.3579 21
    endloop
  endfacet
  facet normal 0.301584 0.953439 0
    outer loop
      vertex 205.419 30.4025 21
      vertex 205.56 30.3579 14
      vertex 205.419 30.4025 14
    endloop
  endfacet
  facet normal -0.97644 0.215788 -2.81412e-19
    outer loop
      vertex 207.642 31.56 14
      vertex 207.674 31.7048 21
      vertex 207.674 31.7048 14
    endloop
  endfacet
  facet normal -0.97644 0.215788 -2.81412e-19
    outer loop
      vertex 207.674 31.7048 21
      vertex 207.642 31.56 14
      vertex 207.642 31.56 21
    endloop
  endfacet
  facet normal -0.885502 -0.464636 1.73018e-20
    outer loop
      vertex 207.541 32.7185 14
      vertex 207.472 32.85 21
      vertex 207.472 32.85 14
    endloop
  endfacet
  facet normal -0.885502 -0.464636 1.73018e-20
    outer loop
      vertex 207.472 32.85 21
      vertex 207.541 32.7185 14
      vertex 207.541 32.7185 21
    endloop
  endfacet
  facet normal 0.952908 0.303259 1.45202e-19
    outer loop
      vertex 204.403 31.4186 21
      vertex 204.358 31.56 14
      vertex 204.358 31.56 21
    endloop
  endfacet
  facet normal 0.952908 0.303259 1.45202e-19
    outer loop
      vertex 204.358 31.56 14
      vertex 204.403 31.4186 21
      vertex 204.403 31.4186 14
    endloop
  endfacet
  facet normal -0.0438766 0.999037 0
    outer loop
      vertex 206.148 30.3065 14
      vertex 206 30.3 21
      vertex 206.148 30.3065 21
    endloop
  endfacet
  facet normal -0.0438766 0.999037 0
    outer loop
      vertex 206 30.3 21
      vertex 206.148 30.3065 14
      vertex 206 30.3 14
    endloop
  endfacet
  facet normal 0.130175 -0.991491 0
    outer loop
      vertex 205.705 33.6742 14
      vertex 205.852 33.6935 21
      vertex 205.705 33.6742 21
    endloop
  endfacet
  facet normal 0.130175 -0.991491 0
    outer loop
      vertex 205.852 33.6935 21
      vertex 205.705 33.6742 14
      vertex 205.852 33.6935 14
    endloop
  endfacet
  facet normal -0.885502 0.464636 -1.73018e-20
    outer loop
      vertex 207.472 31.15 14
      vertex 207.541 31.2815 21
      vertex 207.541 31.2815 14
    endloop
  endfacet
  facet normal -0.885502 0.464636 -1.73018e-20
    outer loop
      vertex 207.541 31.2815 21
      vertex 207.472 31.15 14
      vertex 207.472 31.15 21
    endloop
  endfacet
  facet normal 0.216146 0.976361 -0
    outer loop
      vertex 205.705 30.3258 14
      vertex 205.56 30.3579 21
      vertex 205.705 30.3258 21
    endloop
  endfacet
  facet normal 0.216146 0.976361 0
    outer loop
      vertex 205.56 30.3579 21
      vertex 205.705 30.3258 14
      vertex 205.56 30.3579 14
    endloop
  endfacet
  facet normal 0.952908 -0.303259 3.89219e-19
    outer loop
      vertex 204.358 32.44 21
      vertex 204.403 32.5814 14
      vertex 204.403 32.5814 21
    endloop
  endfacet
  facet normal 0.952908 -0.303259 3.89219e-19
    outer loop
      vertex 204.403 32.5814 14
      vertex 204.358 32.44 21
      vertex 204.358 32.44 14
    endloop
  endfacet
  facet normal -0.925751 0.378133 -3.40476e-19
    outer loop
      vertex 207.541 31.2815 14
      vertex 207.597 31.4186 21
      vertex 207.597 31.4186 14
    endloop
  endfacet
  facet normal -0.925751 0.378133 -3.40476e-19
    outer loop
      vertex 207.597 31.4186 21
      vertex 207.541 31.2815 14
      vertex 207.541 31.2815 21
    endloop
  endfacet
  facet normal 0.885502 -0.464636 -1.73018e-20
    outer loop
      vertex 204.459 32.7185 21
      vertex 204.528 32.85 14
      vertex 204.528 32.85 21
    endloop
  endfacet
  facet normal 0.885502 -0.464636 -1.73018e-20
    outer loop
      vertex 204.528 32.85 14
      vertex 204.459 32.7185 21
      vertex 204.459 32.7185 14
    endloop
  endfacet
  facet normal 0.460612 -0.887602 0
    outer loop
      vertex 205.15 33.4722 14
      vertex 205.282 33.5407 21
      vertex 205.15 33.4722 21
    endloop
  endfacet
  facet normal 0.460612 -0.887602 0
    outer loop
      vertex 205.282 33.5407 21
      vertex 205.15 33.4722 14
      vertex 205.282 33.5407 14
    endloop
  endfacet
  facet normal 0.845521 0.533942 2.04938e-19
    outer loop
      vertex 204.607 31.0249 21
      vertex 204.528 31.15 14
      vertex 204.528 31.15 21
    endloop
  endfacet
  facet normal 0.845521 0.533942 2.04938e-19
    outer loop
      vertex 204.528 31.15 14
      vertex 204.607 31.0249 21
      vertex 204.607 31.0249 14
    endloop
  endfacet
  facet normal -0.790871 -0.611983 1.0263e-19
    outer loop
      vertex 207.393 32.9751 14
      vertex 207.302 33.0927 21
      vertex 207.302 33.0927 14
    endloop
  endfacet
  facet normal -0.790871 -0.611983 1.0263e-19
    outer loop
      vertex 207.302 33.0927 21
      vertex 207.393 32.9751 14
      vertex 207.393 32.9751 21
    endloop
  endfacet
  facet normal 0.990871 -0.134812 -7.80432e-20
    outer loop
      vertex 204.306 32.1482 21
      vertex 204.326 32.2952 14
      vertex 204.326 32.2952 21
    endloop
  endfacet
  facet normal 0.990871 -0.134812 -7.80432e-20
    outer loop
      vertex 204.326 32.2952 14
      vertex 204.306 32.1482 21
      vertex 204.306 32.1482 14
    endloop
  endfacet
  facet normal 0.738106 -0.674685 5.31826e-19
    outer loop
      vertex 204.698 33.0927 21
      vertex 204.798 33.2021 14
      vertex 204.798 33.2021 21
    endloop
  endfacet
  facet normal 0.738106 -0.674685 5.31826e-19
    outer loop
      vertex 204.798 33.2021 14
      vertex 204.698 33.0927 21
      vertex 204.698 33.0927 14
    endloop
  endfacet
  facet normal 0.885502 0.464636 1.73018e-20
    outer loop
      vertex 204.528 31.15 21
      vertex 204.459 31.2815 14
      vertex 204.459 31.2815 21
    endloop
  endfacet
  facet normal 0.885502 0.464636 1.73018e-20
    outer loop
      vertex 204.459 31.2815 14
      vertex 204.528 31.15 21
      vertex 204.528 31.15 14
    endloop
  endfacet
  facet normal 0.990871 0.134812 1.44861e-19
    outer loop
      vertex 204.326 31.7048 21
      vertex 204.306 31.8518 14
      vertex 204.306 31.8518 21
    endloop
  endfacet
  facet normal 0.990871 0.134812 1.44861e-19
    outer loop
      vertex 204.306 31.8518 14
      vertex 204.326 31.7048 21
      vertex 204.326 31.7048 14
    endloop
  endfacet
  facet normal 0.0438766 0.999037 -0
    outer loop
      vertex 206 30.3 14
      vertex 205.852 30.3065 21
      vertex 206 30.3 21
    endloop
  endfacet
  facet normal 0.0438766 0.999037 0
    outer loop
      vertex 205.852 30.3065 21
      vertex 206 30.3 14
      vertex 205.852 30.3065 14
    endloop
  endfacet
  facet normal 0.676764 0.7362 -0
    outer loop
      vertex 204.907 30.6977 14
      vertex 204.798 30.7979 21
      vertex 204.907 30.6977 21
    endloop
  endfacet
  facet normal 0.676764 0.7362 0
    outer loop
      vertex 204.798 30.7979 21
      vertex 204.907 30.6977 14
      vertex 204.798 30.7979 14
    endloop
  endfacet
  facet normal -0.460612 -0.887602 0
    outer loop
      vertex 206.718 33.5407 14
      vertex 206.85 33.4722 21
      vertex 206.718 33.5407 21
    endloop
  endfacet
  facet normal -0.460612 -0.887602 -0
    outer loop
      vertex 206.85 33.4722 21
      vertex 206.718 33.5407 14
      vertex 206.85 33.4722 14
    endloop
  endfacet
  facet normal -0.537137 0.843495 0
    outer loop
      vertex 206.975 30.6074 14
      vertex 206.85 30.5278 21
      vertex 206.975 30.6074 21
    endloop
  endfacet
  facet normal -0.537137 0.843495 0
    outer loop
      vertex 206.85 30.5278 21
      vertex 206.975 30.6074 14
      vertex 206.85 30.5278 14
    endloop
  endfacet
  facet normal 0.925751 0.378133 3.40476e-19
    outer loop
      vertex 204.459 31.2815 21
      vertex 204.403 31.4186 14
      vertex 204.403 31.4186 21
    endloop
  endfacet
  facet normal 0.925751 0.378133 3.40476e-19
    outer loop
      vertex 204.403 31.4186 14
      vertex 204.459 31.2815 21
      vertex 204.459 31.2815 14
    endloop
  endfacet
  facet normal -0.676764 -0.7362 0
    outer loop
      vertex 207.093 33.3023 14
      vertex 207.202 33.2021 21
      vertex 207.093 33.3023 21
    endloop
  endfacet
  facet normal -0.676764 -0.7362 -0
    outer loop
      vertex 207.202 33.2021 21
      vertex 207.093 33.3023 14
      vertex 207.202 33.2021 14
    endloop
  endfacet
  facet normal 0.925751 -0.378133 1.81612e-19
    outer loop
      vertex 204.403 32.5814 21
      vertex 204.459 32.7185 14
      vertex 204.459 32.7185 21
    endloop
  endfacet
  facet normal 0.925751 -0.378133 1.81612e-19
    outer loop
      vertex 204.459 32.7185 14
      vertex 204.403 32.5814 21
      vertex 204.403 32.5814 14
    endloop
  endfacet
  facet normal -0.537137 -0.843495 0
    outer loop
      vertex 206.85 33.4722 14
      vertex 206.975 33.3926 21
      vertex 206.85 33.4722 21
    endloop
  endfacet
  facet normal -0.537137 -0.843495 -0
    outer loop
      vertex 206.975 33.3926 21
      vertex 206.85 33.4722 14
      vertex 206.975 33.3926 14
    endloop
  endfacet
  facet normal 0.738106 0.674685 -5.31826e-19
    outer loop
      vertex 204.798 30.7979 21
      vertex 204.698 30.9073 14
      vertex 204.698 30.9073 21
    endloop
  endfacet
  facet normal 0.738106 0.674685 -5.31826e-19
    outer loop
      vertex 204.698 30.9073 14
      vertex 204.798 30.7979 21
      vertex 204.798 30.7979 14
    endloop
  endfacet
  facet normal 0.790871 0.611983 7.15938e-19
    outer loop
      vertex 204.698 30.9073 21
      vertex 204.607 31.0249 14
      vertex 204.607 31.0249 21
    endloop
  endfacet
  facet normal 0.790871 0.611983 7.15938e-19
    outer loop
      vertex 204.607 31.0249 14
      vertex 204.698 30.9073 21
      vertex 204.698 30.9073 14
    endloop
  endfacet
  facet normal -0.607725 0.794148 0
    outer loop
      vertex 207.093 30.6977 14
      vertex 206.975 30.6074 21
      vertex 207.093 30.6977 21
    endloop
  endfacet
  facet normal -0.607725 0.794148 0
    outer loop
      vertex 206.975 30.6074 21
      vertex 207.093 30.6977 14
      vertex 206.975 30.6074 14
    endloop
  endfacet
  facet normal 0.999181 0.0404527 -3.65414e-20
    outer loop
      vertex 204.306 31.8518 21
      vertex 204.3 32 14
      vertex 204.3 32 21
    endloop
  endfacet
  facet normal 0.999181 0.0404527 -3.65414e-20
    outer loop
      vertex 204.3 32 14
      vertex 204.306 31.8518 21
      vertex 204.306 31.8518 14
    endloop
  endfacet
  facet normal -0.845521 0.533942 -2.04938e-19
    outer loop
      vertex 207.393 31.0249 14
      vertex 207.472 31.15 21
      vertex 207.472 31.15 14
    endloop
  endfacet
  facet normal -0.845521 0.533942 -2.04938e-19
    outer loop
      vertex 207.472 31.15 21
      vertex 207.393 31.0249 14
      vertex 207.393 31.0249 21
    endloop
  endfacet
  facet normal -0.738106 0.674685 5.31826e-19
    outer loop
      vertex 207.202 30.7979 14
      vertex 207.302 30.9073 21
      vertex 207.302 30.9073 14
    endloop
  endfacet
  facet normal -0.738106 0.674685 5.31826e-19
    outer loop
      vertex 207.302 30.9073 21
      vertex 207.202 30.7979 14
      vertex 207.202 30.7979 21
    endloop
  endfacet
  facet normal 0.790871 -0.611983 -1.0263e-19
    outer loop
      vertex 204.607 32.9751 21
      vertex 204.698 33.0927 14
      vertex 204.698 33.0927 21
    endloop
  endfacet
  facet normal 0.790871 -0.611983 -1.0263e-19
    outer loop
      vertex 204.698 33.0927 14
      vertex 204.607 32.9751 21
      vertex 204.607 32.9751 14
    endloop
  endfacet
  facet normal 0.537137 0.843495 -0
    outer loop
      vertex 205.15 30.5278 14
      vertex 205.025 30.6074 21
      vertex 205.15 30.5278 21
    endloop
  endfacet
  facet normal 0.537137 0.843495 0
    outer loop
      vertex 205.025 30.6074 21
      vertex 205.15 30.5278 14
      vertex 205.025 30.6074 14
    endloop
  endfacet
  facet normal -0.216146 -0.976361 0
    outer loop
      vertex 206.295 33.6742 14
      vertex 206.44 33.6421 21
      vertex 206.295 33.6742 21
    endloop
  endfacet
  facet normal -0.216146 -0.976361 -0
    outer loop
      vertex 206.44 33.6421 21
      vertex 206.295 33.6742 14
      vertex 206.44 33.6421 14
    endloop
  endfacet
  facet normal 0.130175 0.991491 -0
    outer loop
      vertex 205.852 30.3065 14
      vertex 205.705 30.3258 21
      vertex 205.852 30.3065 21
    endloop
  endfacet
  facet normal 0.130175 0.991491 0
    outer loop
      vertex 205.705 30.3258 21
      vertex 205.852 30.3065 14
      vertex 205.705 30.3258 14
    endloop
  endfacet
  facet normal -0.991491 -0.130175 -1.40063e-19
    outer loop
      vertex 51.6935 14.1482 14
      vertex 51.6742 14.2952 21
      vertex 51.6742 14.2952 14
    endloop
  endfacet
  facet normal -0.991491 -0.130175 -1.40063e-19
    outer loop
      vertex 51.6742 14.2952 21
      vertex 51.6935 14.1482 14
      vertex 51.6935 14.1482 21
    endloop
  endfacet
  facet normal -0.99904 -0.0438175 -2.5219e-21
    outer loop
      vertex 51.7 14 14
      vertex 51.6935 14.1482 21
      vertex 51.6935 14.1482 14
    endloop
  endfacet
  facet normal -0.99904 -0.0438175 -2.5219e-21
    outer loop
      vertex 51.6935 14.1482 21
      vertex 51.7 14 14
      vertex 51.7 14 21
    endloop
  endfacet
  facet normal -0.976298 -0.216431 3.32344e-19
    outer loop
      vertex 51.6742 14.2952 14
      vertex 51.6421 14.44 21
      vertex 51.6421 14.44 14
    endloop
  endfacet
  facet normal -0.976298 -0.216431 3.32344e-19
    outer loop
      vertex 51.6421 14.44 21
      vertex 51.6742 14.2952 14
      vertex 51.6742 14.2952 21
    endloop
  endfacet
  facet normal 0.216431 -0.976298 0
    outer loop
      vertex 49.56 15.6421 14
      vertex 49.7048 15.6742 21
      vertex 49.56 15.6421 21
    endloop
  endfacet
  facet normal 0.216431 -0.976298 0
    outer loop
      vertex 49.7048 15.6742 21
      vertex 49.56 15.6421 14
      vertex 49.7048 15.6742 14
    endloop
  endfacet
  facet normal 0.130175 -0.991491 0
    outer loop
      vertex 49.7048 15.6742 14
      vertex 49.8518 15.6935 21
      vertex 49.7048 15.6742 21
    endloop
  endfacet
  facet normal 0.130175 -0.991491 0
    outer loop
      vertex 49.8518 15.6935 21
      vertex 49.7048 15.6742 14
      vertex 49.8518 15.6935 14
    endloop
  endfacet
  facet normal -0.843689 -0.536832 8.15206e-19
    outer loop
      vertex 51.4722 14.85 14
      vertex 51.3926 14.9751 21
      vertex 51.3926 14.9751 14
    endloop
  endfacet
  facet normal -0.843689 -0.536832 8.15206e-19
    outer loop
      vertex 51.3926 14.9751 21
      vertex 51.4722 14.85 14
      vertex 51.4722 14.85 21
    endloop
  endfacet
  facet normal 0.976298 0.216431 3.32344e-19
    outer loop
      vertex 48.3579 13.56 21
      vertex 48.3258 13.7048 14
      vertex 48.3258 13.7048 21
    endloop
  endfacet
  facet normal 0.976298 0.216431 3.32344e-19
    outer loop
      vertex 48.3258 13.7048 14
      vertex 48.3579 13.56 21
      vertex 48.3579 13.56 14
    endloop
  endfacet
  facet normal -0.737434 -0.675419 -7.04541e-19
    outer loop
      vertex 51.3023 15.0927 14
      vertex 51.2021 15.2021 21
      vertex 51.2021 15.2021 14
    endloop
  endfacet
  facet normal -0.737434 -0.675419 -7.04541e-19
    outer loop
      vertex 51.2021 15.2021 21
      vertex 51.3023 15.0927 14
      vertex 51.3023 15.0927 21
    endloop
  endfacet
  facet normal -0.99904 0.0438175 2.5219e-21
    outer loop
      vertex 51.6935 13.8518 14
      vertex 51.7 14 21
      vertex 51.7 14 14
    endloop
  endfacet
  facet normal -0.99904 0.0438175 2.5219e-21
    outer loop
      vertex 51.7 14 21
      vertex 51.6935 13.8518 14
      vertex 51.6935 13.8518 21
    endloop
  endfacet
  facet normal -0.675419 0.737434 0
    outer loop
      vertex 51.2021 12.7979 14
      vertex 51.0927 12.6977 21
      vertex 51.2021 12.7979 21
    endloop
  endfacet
  facet normal -0.675419 0.737434 0
    outer loop
      vertex 51.0927 12.6977 21
      vertex 51.2021 12.7979 14
      vertex 51.0927 12.6977 14
    endloop
  endfacet
  facet normal 0.79315 -0.609026 8.12888e-19
    outer loop
      vertex 48.6074 14.9751 21
      vertex 48.6977 15.0927 14
      vertex 48.6977 15.0927 21
    endloop
  endfacet
  facet normal 0.79315 -0.609026 8.12888e-19
    outer loop
      vertex 48.6977 15.0927 14
      vertex 48.6074 14.9751 21
      vertex 48.6074 14.9751 14
    endloop
  endfacet
  facet normal -0.382749 0.923853 0
    outer loop
      vertex 50.7185 12.4593 14
      vertex 50.5814 12.4025 21
      vertex 50.7185 12.4593 21
    endloop
  endfacet
  facet normal -0.382749 0.923853 0
    outer loop
      vertex 50.5814 12.4025 21
      vertex 50.7185 12.4593 14
      vertex 50.5814 12.4025 14
    endloop
  endfacet
  facet normal -0.953685 -0.300809 -1.32272e-19
    outer loop
      vertex 51.6421 14.44 14
      vertex 51.5975 14.5814 21
      vertex 51.5975 14.5814 14
    endloop
  endfacet
  facet normal -0.953685 -0.300809 -1.32272e-19
    outer loop
      vertex 51.5975 14.5814 21
      vertex 51.6421 14.44 14
      vertex 51.6421 14.44 21
    endloop
  endfacet
  facet normal -0.130175 0.991491 0
    outer loop
      vertex 50.2952 12.3258 14
      vertex 50.1482 12.3065 21
      vertex 50.2952 12.3258 21
    endloop
  endfacet
  facet normal -0.130175 0.991491 0
    outer loop
      vertex 50.1482 12.3065 21
      vertex 50.2952 12.3258 14
      vertex 50.1482 12.3065 14
    endloop
  endfacet
  facet normal 0.976298 -0.216431 -3.32344e-19
    outer loop
      vertex 48.3258 14.2952 21
      vertex 48.3579 14.44 14
      vertex 48.3579 14.44 21
    endloop
  endfacet
  facet normal 0.976298 -0.216431 -3.32344e-19
    outer loop
      vertex 48.3579 14.44 14
      vertex 48.3258 14.2952 21
      vertex 48.3258 14.2952 14
    endloop
  endfacet
  facet normal 0.609026 -0.79315 0
    outer loop
      vertex 48.9073 15.3023 14
      vertex 49.0249 15.3926 21
      vertex 48.9073 15.3023 21
    endloop
  endfacet
  facet normal 0.609026 -0.79315 0
    outer loop
      vertex 49.0249 15.3926 21
      vertex 48.9073 15.3023 14
      vertex 49.0249 15.3926 14
    endloop
  endfacet
  facet normal 0.0438175 -0.99904 0
    outer loop
      vertex 49.8518 15.6935 14
      vertex 50 15.7 21
      vertex 49.8518 15.6935 21
    endloop
  endfacet
  facet normal 0.0438175 -0.99904 0
    outer loop
      vertex 50 15.7 21
      vertex 49.8518 15.6935 14
      vertex 50 15.7 14
    endloop
  endfacet
  facet normal 0.609026 0.79315 -0
    outer loop
      vertex 49.0249 12.6074 14
      vertex 48.9073 12.6977 21
      vertex 49.0249 12.6074 21
    endloop
  endfacet
  facet normal 0.609026 0.79315 0
    outer loop
      vertex 48.9073 12.6977 21
      vertex 49.0249 12.6074 14
      vertex 48.9073 12.6977 14
    endloop
  endfacet
  facet normal 0.382749 -0.923853 0
    outer loop
      vertex 49.2815 15.5407 14
      vertex 49.4186 15.5975 21
      vertex 49.2815 15.5407 21
    endloop
  endfacet
  facet normal 0.382749 -0.923853 0
    outer loop
      vertex 49.4186 15.5975 21
      vertex 49.2815 15.5407 14
      vertex 49.4186 15.5975 14
    endloop
  endfacet
  facet normal 0.99904 -0.0438175 2.5219e-21
    outer loop
      vertex 48.3 14 21
      vertex 48.3065 14.1482 14
      vertex 48.3065 14.1482 21
    endloop
  endfacet
  facet normal 0.99904 -0.0438175 2.5219e-21
    outer loop
      vertex 48.3065 14.1482 14
      vertex 48.3 14 21
      vertex 48.3 14 14
    endloop
  endfacet
  facet normal -0.300809 -0.953685 0
    outer loop
      vertex 50.44 15.6421 14
      vertex 50.5814 15.5975 21
      vertex 50.44 15.6421 21
    endloop
  endfacet
  facet normal -0.300809 -0.953685 -0
    outer loop
      vertex 50.5814 15.5975 21
      vertex 50.44 15.6421 14
      vertex 50.5814 15.5975 14
    endloop
  endfacet
  facet normal 0.300809 -0.953685 0
    outer loop
      vertex 49.4186 15.5975 14
      vertex 49.56 15.6421 21
      vertex 49.4186 15.5975 21
    endloop
  endfacet
  facet normal 0.300809 -0.953685 0
    outer loop
      vertex 49.56 15.6421 21
      vertex 49.4186 15.5975 14
      vertex 49.56 15.6421 14
    endloop
  endfacet
  facet normal -0.923853 -0.382749 1.50348e-19
    outer loop
      vertex 51.5975 14.5814 14
      vertex 51.5407 14.7185 21
      vertex 51.5407 14.7185 14
    endloop
  endfacet
  facet normal -0.923853 -0.382749 1.50348e-19
    outer loop
      vertex 51.5407 14.7185 21
      vertex 51.5975 14.5814 14
      vertex 51.5975 14.5814 21
    endloop
  endfacet
  facet normal -0.300809 0.953685 0
    outer loop
      vertex 50.5814 12.4025 14
      vertex 50.44 12.3579 21
      vertex 50.5814 12.4025 21
    endloop
  endfacet
  facet normal -0.300809 0.953685 0
    outer loop
      vertex 50.44 12.3579 21
      vertex 50.5814 12.4025 14
      vertex 50.44 12.3579 14
    endloop
  endfacet
  facet normal -0.216431 0.976298 0
    outer loop
      vertex 50.44 12.3579 14
      vertex 50.2952 12.3258 21
      vertex 50.44 12.3579 21
    endloop
  endfacet
  facet normal -0.216431 0.976298 0
    outer loop
      vertex 50.2952 12.3258 21
      vertex 50.44 12.3579 14
      vertex 50.2952 12.3258 14
    endloop
  endfacet
  facet normal -0.609026 -0.79315 0
    outer loop
      vertex 50.9751 15.3926 14
      vertex 51.0927 15.3023 21
      vertex 50.9751 15.3926 21
    endloop
  endfacet
  facet normal -0.609026 -0.79315 -0
    outer loop
      vertex 51.0927 15.3023 21
      vertex 50.9751 15.3926 14
      vertex 51.0927 15.3023 14
    endloop
  endfacet
  facet normal 0.46199 0.886885 -0
    outer loop
      vertex 49.2815 12.4593 14
      vertex 49.15 12.5278 21
      vertex 49.2815 12.4593 21
    endloop
  endfacet
  facet normal 0.46199 0.886885 0
    outer loop
      vertex 49.15 12.5278 21
      vertex 49.2815 12.4593 14
      vertex 49.15 12.5278 14
    endloop
  endfacet
  facet normal -0.0438175 -0.99904 0
    outer loop
      vertex 50 15.7 14
      vertex 50.1482 15.6935 21
      vertex 50 15.7 21
    endloop
  endfacet
  facet normal -0.0438175 -0.99904 -0
    outer loop
      vertex 50.1482 15.6935 21
      vertex 50 15.7 14
      vertex 50.1482 15.6935 14
    endloop
  endfacet
  facet normal 0.536832 -0.843689 0
    outer loop
      vertex 49.0249 15.3926 14
      vertex 49.15 15.4722 21
      vertex 49.0249 15.3926 21
    endloop
  endfacet
  facet normal 0.536832 -0.843689 0
    outer loop
      vertex 49.15 15.4722 21
      vertex 49.0249 15.3926 14
      vertex 49.15 15.4722 14
    endloop
  endfacet
  facet normal -0.130175 -0.991491 0
    outer loop
      vertex 50.1482 15.6935 14
      vertex 50.2952 15.6742 21
      vertex 50.1482 15.6935 21
    endloop
  endfacet
  facet normal -0.130175 -0.991491 -0
    outer loop
      vertex 50.2952 15.6742 21
      vertex 50.1482 15.6935 14
      vertex 50.2952 15.6742 14
    endloop
  endfacet
  facet normal -0.79315 0.609026 8.12888e-19
    outer loop
      vertex 51.3023 12.9073 14
      vertex 51.3926 13.0249 21
      vertex 51.3926 13.0249 14
    endloop
  endfacet
  facet normal -0.79315 0.609026 8.12888e-19
    outer loop
      vertex 51.3926 13.0249 21
      vertex 51.3023 12.9073 14
      vertex 51.3023 12.9073 21
    endloop
  endfacet
  facet normal -0.991491 0.130175 1.40063e-19
    outer loop
      vertex 51.6742 13.7048 14
      vertex 51.6935 13.8518 21
      vertex 51.6935 13.8518 14
    endloop
  endfacet
  facet normal -0.991491 0.130175 1.40063e-19
    outer loop
      vertex 51.6935 13.8518 21
      vertex 51.6742 13.7048 14
      vertex 51.6742 13.7048 21
    endloop
  endfacet
  facet normal -0.382749 -0.923853 0
    outer loop
      vertex 50.5814 15.5975 14
      vertex 50.7185 15.5407 21
      vertex 50.5814 15.5975 21
    endloop
  endfacet
  facet normal -0.382749 -0.923853 -0
    outer loop
      vertex 50.7185 15.5407 21
      vertex 50.5814 15.5975 14
      vertex 50.7185 15.5407 14
    endloop
  endfacet
  facet normal 0.675419 -0.737434 0
    outer loop
      vertex 48.7979 15.2021 14
      vertex 48.9073 15.3023 21
      vertex 48.7979 15.2021 21
    endloop
  endfacet
  facet normal 0.675419 -0.737434 0
    outer loop
      vertex 48.9073 15.3023 21
      vertex 48.7979 15.2021 14
      vertex 48.9073 15.3023 14
    endloop
  endfacet
  facet normal 0.843689 -0.536832 -8.15206e-19
    outer loop
      vertex 48.5278 14.85 21
      vertex 48.6074 14.9751 14
      vertex 48.6074 14.9751 21
    endloop
  endfacet
  facet normal 0.843689 -0.536832 -8.15206e-19
    outer loop
      vertex 48.6074 14.9751 14
      vertex 48.5278 14.85 21
      vertex 48.5278 14.85 14
    endloop
  endfacet
  facet normal 0.382749 0.923853 -0
    outer loop
      vertex 49.4186 12.4025 14
      vertex 49.2815 12.4593 21
      vertex 49.4186 12.4025 21
    endloop
  endfacet
  facet normal 0.382749 0.923853 0
    outer loop
      vertex 49.2815 12.4593 21
      vertex 49.4186 12.4025 14
      vertex 49.2815 12.4593 14
    endloop
  endfacet
  facet normal -0.46199 0.886885 0
    outer loop
      vertex 50.85 12.5278 14
      vertex 50.7185 12.4593 21
      vertex 50.85 12.5278 21
    endloop
  endfacet
  facet normal -0.46199 0.886885 0
    outer loop
      vertex 50.7185 12.4593 21
      vertex 50.85 12.5278 14
      vertex 50.7185 12.4593 14
    endloop
  endfacet
  facet normal 0.300809 0.953685 -0
    outer loop
      vertex 49.56 12.3579 14
      vertex 49.4186 12.4025 21
      vertex 49.56 12.3579 21
    endloop
  endfacet
  facet normal 0.300809 0.953685 0
    outer loop
      vertex 49.4186 12.4025 21
      vertex 49.56 12.3579 14
      vertex 49.4186 12.4025 14
    endloop
  endfacet
  facet normal -0.976298 0.216431 -3.32344e-19
    outer loop
      vertex 51.6421 13.56 14
      vertex 51.6742 13.7048 21
      vertex 51.6742 13.7048 14
    endloop
  endfacet
  facet normal -0.976298 0.216431 -3.32344e-19
    outer loop
      vertex 51.6742 13.7048 21
      vertex 51.6421 13.56 14
      vertex 51.6421 13.56 21
    endloop
  endfacet
  facet normal -0.953685 0.300809 1.32272e-19
    outer loop
      vertex 51.5975 13.4186 14
      vertex 51.6421 13.56 21
      vertex 51.6421 13.56 14
    endloop
  endfacet
  facet normal -0.953685 0.300809 1.32272e-19
    outer loop
      vertex 51.6421 13.56 21
      vertex 51.5975 13.4186 14
      vertex 51.5975 13.4186 21
    endloop
  endfacet
  facet normal -0.886885 -0.46199 -2.07197e-19
    outer loop
      vertex 51.5407 14.7185 14
      vertex 51.4722 14.85 21
      vertex 51.4722 14.85 14
    endloop
  endfacet
  facet normal -0.886885 -0.46199 -2.07197e-19
    outer loop
      vertex 51.4722 14.85 21
      vertex 51.5407 14.7185 14
      vertex 51.5407 14.7185 21
    endloop
  endfacet
  facet normal -0.675419 -0.737434 0
    outer loop
      vertex 51.0927 15.3023 14
      vertex 51.2021 15.2021 21
      vertex 51.0927 15.3023 21
    endloop
  endfacet
  facet normal -0.675419 -0.737434 -0
    outer loop
      vertex 51.2021 15.2021 21
      vertex 51.0927 15.3023 14
      vertex 51.2021 15.2021 14
    endloop
  endfacet
  facet normal 0.953685 0.300809 -1.32272e-19
    outer loop
      vertex 48.4025 13.4186 21
      vertex 48.3579 13.56 14
      vertex 48.3579 13.56 21
    endloop
  endfacet
  facet normal 0.953685 0.300809 -1.32272e-19
    outer loop
      vertex 48.3579 13.56 14
      vertex 48.4025 13.4186 21
      vertex 48.4025 13.4186 14
    endloop
  endfacet
  facet normal -0.0438175 0.99904 0
    outer loop
      vertex 50.1482 12.3065 14
      vertex 50 12.3 21
      vertex 50.1482 12.3065 21
    endloop
  endfacet
  facet normal -0.0438175 0.99904 0
    outer loop
      vertex 50 12.3 21
      vertex 50.1482 12.3065 14
      vertex 50 12.3 14
    endloop
  endfacet
  facet normal -0.886885 0.46199 2.07197e-19
    outer loop
      vertex 51.4722 13.15 14
      vertex 51.5407 13.2815 21
      vertex 51.5407 13.2815 14
    endloop
  endfacet
  facet normal -0.886885 0.46199 2.07197e-19
    outer loop
      vertex 51.5407 13.2815 21
      vertex 51.4722 13.15 14
      vertex 51.4722 13.15 21
    endloop
  endfacet
  facet normal 0.216431 0.976298 -0
    outer loop
      vertex 49.7048 12.3258 14
      vertex 49.56 12.3579 21
      vertex 49.7048 12.3258 21
    endloop
  endfacet
  facet normal 0.216431 0.976298 0
    outer loop
      vertex 49.56 12.3579 21
      vertex 49.7048 12.3258 14
      vertex 49.56 12.3579 14
    endloop
  endfacet
  facet normal 0.953685 -0.300809 1.32272e-19
    outer loop
      vertex 48.3579 14.44 21
      vertex 48.4025 14.5814 14
      vertex 48.4025 14.5814 21
    endloop
  endfacet
  facet normal 0.953685 -0.300809 1.32272e-19
    outer loop
      vertex 48.4025 14.5814 14
      vertex 48.3579 14.44 21
      vertex 48.3579 14.44 14
    endloop
  endfacet
  facet normal -0.923853 0.382749 -1.50348e-19
    outer loop
      vertex 51.5407 13.2815 14
      vertex 51.5975 13.4186 21
      vertex 51.5975 13.4186 14
    endloop
  endfacet
  facet normal -0.923853 0.382749 -1.50348e-19
    outer loop
      vertex 51.5975 13.4186 21
      vertex 51.5407 13.2815 14
      vertex 51.5407 13.2815 21
    endloop
  endfacet
  facet normal 0.886885 -0.46199 2.07197e-19
    outer loop
      vertex 48.4593 14.7185 21
      vertex 48.5278 14.85 14
      vertex 48.5278 14.85 21
    endloop
  endfacet
  facet normal 0.886885 -0.46199 2.07197e-19
    outer loop
      vertex 48.5278 14.85 14
      vertex 48.4593 14.7185 21
      vertex 48.4593 14.7185 14
    endloop
  endfacet
  facet normal 0.46199 -0.886885 0
    outer loop
      vertex 49.15 15.4722 14
      vertex 49.2815 15.5407 21
      vertex 49.15 15.4722 21
    endloop
  endfacet
  facet normal 0.46199 -0.886885 0
    outer loop
      vertex 49.2815 15.5407 21
      vertex 49.15 15.4722 14
      vertex 49.2815 15.5407 14
    endloop
  endfacet
  facet normal 0.843689 0.536832 8.15206e-19
    outer loop
      vertex 48.6074 13.0249 21
      vertex 48.5278 13.15 14
      vertex 48.5278 13.15 21
    endloop
  endfacet
  facet normal 0.843689 0.536832 8.15206e-19
    outer loop
      vertex 48.5278 13.15 14
      vertex 48.6074 13.0249 21
      vertex 48.6074 13.0249 14
    endloop
  endfacet
  facet normal -0.79315 -0.609026 -8.12888e-19
    outer loop
      vertex 51.3926 14.9751 14
      vertex 51.3023 15.0927 21
      vertex 51.3023 15.0927 14
    endloop
  endfacet
  facet normal -0.79315 -0.609026 -8.12888e-19
    outer loop
      vertex 51.3023 15.0927 21
      vertex 51.3926 14.9751 14
      vertex 51.3926 14.9751 21
    endloop
  endfacet
  facet normal 0.991491 -0.130175 1.40063e-19
    outer loop
      vertex 48.3065 14.1482 21
      vertex 48.3258 14.2952 14
      vertex 48.3258 14.2952 21
    endloop
  endfacet
  facet normal 0.991491 -0.130175 1.40063e-19
    outer loop
      vertex 48.3258 14.2952 14
      vertex 48.3065 14.1482 21
      vertex 48.3065 14.1482 14
    endloop
  endfacet
  facet normal 0.737434 -0.675419 7.04541e-19
    outer loop
      vertex 48.6977 15.0927 21
      vertex 48.7979 15.2021 14
      vertex 48.7979 15.2021 21
    endloop
  endfacet
  facet normal 0.737434 -0.675419 7.04541e-19
    outer loop
      vertex 48.7979 15.2021 14
      vertex 48.6977 15.0927 21
      vertex 48.6977 15.0927 14
    endloop
  endfacet
  facet normal 0.886885 0.46199 -2.07197e-19
    outer loop
      vertex 48.5278 13.15 21
      vertex 48.4593 13.2815 14
      vertex 48.4593 13.2815 21
    endloop
  endfacet
  facet normal 0.886885 0.46199 -2.07197e-19
    outer loop
      vertex 48.4593 13.2815 14
      vertex 48.5278 13.15 21
      vertex 48.5278 13.15 14
    endloop
  endfacet
  facet normal 0.991491 0.130175 -1.40063e-19
    outer loop
      vertex 48.3258 13.7048 21
      vertex 48.3065 13.8518 14
      vertex 48.3065 13.8518 21
    endloop
  endfacet
  facet normal 0.991491 0.130175 -1.40063e-19
    outer loop
      vertex 48.3065 13.8518 14
      vertex 48.3258 13.7048 21
      vertex 48.3258 13.7048 14
    endloop
  endfacet
  facet normal 0.0438175 0.99904 -0
    outer loop
      vertex 50 12.3 14
      vertex 49.8518 12.3065 21
      vertex 50 12.3 21
    endloop
  endfacet
  facet normal 0.0438175 0.99904 0
    outer loop
      vertex 49.8518 12.3065 21
      vertex 50 12.3 14
      vertex 49.8518 12.3065 14
    endloop
  endfacet
  facet normal 0.675419 0.737434 -0
    outer loop
      vertex 48.9073 12.6977 14
      vertex 48.7979 12.7979 21
      vertex 48.9073 12.6977 21
    endloop
  endfacet
  facet normal 0.675419 0.737434 0
    outer loop
      vertex 48.7979 12.7979 21
      vertex 48.9073 12.6977 14
      vertex 48.7979 12.7979 14
    endloop
  endfacet
  facet normal -0.46199 -0.886885 0
    outer loop
      vertex 50.7185 15.5407 14
      vertex 50.85 15.4722 21
      vertex 50.7185 15.5407 21
    endloop
  endfacet
  facet normal -0.46199 -0.886885 -0
    outer loop
      vertex 50.85 15.4722 21
      vertex 50.7185 15.5407 14
      vertex 50.85 15.4722 14
    endloop
  endfacet
  facet normal -0.536832 0.843689 0
    outer loop
      vertex 50.9751 12.6074 14
      vertex 50.85 12.5278 21
      vertex 50.9751 12.6074 21
    endloop
  endfacet
  facet normal -0.536832 0.843689 0
    outer loop
      vertex 50.85 12.5278 21
      vertex 50.9751 12.6074 14
      vertex 50.85 12.5278 14
    endloop
  endfacet
  facet normal 0.923853 0.382749 1.50348e-19
    outer loop
      vertex 48.4593 13.2815 21
      vertex 48.4025 13.4186 14
      vertex 48.4025 13.4186 21
    endloop
  endfacet
  facet normal 0.923853 0.382749 1.50348e-19
    outer loop
      vertex 48.4025 13.4186 14
      vertex 48.4593 13.2815 21
      vertex 48.4593 13.2815 14
    endloop
  endfacet
  facet normal 0.923853 -0.382749 -1.50348e-19
    outer loop
      vertex 48.4025 14.5814 21
      vertex 48.4593 14.7185 14
      vertex 48.4593 14.7185 21
    endloop
  endfacet
  facet normal 0.923853 -0.382749 -1.50348e-19
    outer loop
      vertex 48.4593 14.7185 14
      vertex 48.4025 14.5814 21
      vertex 48.4025 14.5814 14
    endloop
  endfacet
  facet normal -0.536832 -0.843689 0
    outer loop
      vertex 50.85 15.4722 14
      vertex 50.9751 15.3926 21
      vertex 50.85 15.4722 21
    endloop
  endfacet
  facet normal -0.536832 -0.843689 -0
    outer loop
      vertex 50.9751 15.3926 21
      vertex 50.85 15.4722 14
      vertex 50.9751 15.3926 14
    endloop
  endfacet
  facet normal 0.737434 0.675419 -7.04541e-19
    outer loop
      vertex 48.7979 12.7979 21
      vertex 48.6977 12.9073 14
      vertex 48.6977 12.9073 21
    endloop
  endfacet
  facet normal 0.737434 0.675419 -7.04541e-19
    outer loop
      vertex 48.6977 12.9073 14
      vertex 48.7979 12.7979 21
      vertex 48.7979 12.7979 14
    endloop
  endfacet
  facet normal 0.79315 0.609026 -8.12888e-19
    outer loop
      vertex 48.6977 12.9073 21
      vertex 48.6074 13.0249 14
      vertex 48.6074 13.0249 21
    endloop
  endfacet
  facet normal 0.79315 0.609026 -8.12888e-19
    outer loop
      vertex 48.6074 13.0249 14
      vertex 48.6977 12.9073 21
      vertex 48.6977 12.9073 14
    endloop
  endfacet
  facet normal -0.609026 0.79315 0
    outer loop
      vertex 51.0927 12.6977 14
      vertex 50.9751 12.6074 21
      vertex 51.0927 12.6977 21
    endloop
  endfacet
  facet normal -0.609026 0.79315 0
    outer loop
      vertex 50.9751 12.6074 21
      vertex 51.0927 12.6977 14
      vertex 50.9751 12.6074 14
    endloop
  endfacet
  facet normal 0.99904 0.0438175 -2.5219e-21
    outer loop
      vertex 48.3065 13.8518 21
      vertex 48.3 14 14
      vertex 48.3 14 21
    endloop
  endfacet
  facet normal 0.99904 0.0438175 -2.5219e-21
    outer loop
      vertex 48.3 14 14
      vertex 48.3065 13.8518 21
      vertex 48.3065 13.8518 14
    endloop
  endfacet
  facet normal -0.843689 0.536832 -8.15206e-19
    outer loop
      vertex 51.3926 13.0249 14
      vertex 51.4722 13.15 21
      vertex 51.4722 13.15 14
    endloop
  endfacet
  facet normal -0.843689 0.536832 -8.15206e-19
    outer loop
      vertex 51.4722 13.15 21
      vertex 51.3926 13.0249 14
      vertex 51.3926 13.0249 21
    endloop
  endfacet
  facet normal -0.737434 0.675419 7.04541e-19
    outer loop
      vertex 51.2021 12.7979 14
      vertex 51.3023 12.9073 21
      vertex 51.3023 12.9073 14
    endloop
  endfacet
  facet normal -0.737434 0.675419 7.04541e-19
    outer loop
      vertex 51.3023 12.9073 21
      vertex 51.2021 12.7979 14
      vertex 51.2021 12.7979 21
    endloop
  endfacet
  facet normal -0.216431 -0.976298 0
    outer loop
      vertex 50.2952 15.6742 14
      vertex 50.44 15.6421 21
      vertex 50.2952 15.6742 21
    endloop
  endfacet
  facet normal -0.216431 -0.976298 -0
    outer loop
      vertex 50.44 15.6421 21
      vertex 50.2952 15.6742 14
      vertex 50.44 15.6421 14
    endloop
  endfacet
  facet normal 0.536832 0.843689 -0
    outer loop
      vertex 49.15 12.5278 14
      vertex 49.0249 12.6074 21
      vertex 49.15 12.5278 21
    endloop
  endfacet
  facet normal 0.536832 0.843689 0
    outer loop
      vertex 49.0249 12.6074 21
      vertex 49.15 12.5278 14
      vertex 49.0249 12.6074 14
    endloop
  endfacet
  facet normal 0.130175 0.991491 -0
    outer loop
      vertex 49.8518 12.3065 14
      vertex 49.7048 12.3258 21
      vertex 49.8518 12.3065 21
    endloop
  endfacet
  facet normal 0.130175 0.991491 0
    outer loop
      vertex 49.7048 12.3258 21
      vertex 49.8518 12.3065 14
      vertex 49.7048 12.3258 14
    endloop
  endfacet
  facet normal -0.990871 -0.134812 1.11452e-19
    outer loop
      vertex 167.694 14.1482 14
      vertex 167.674 14.2952 21
      vertex 167.674 14.2952 14
    endloop
  endfacet
  facet normal -0.990871 -0.134812 1.11452e-19
    outer loop
      vertex 167.674 14.2952 21
      vertex 167.694 14.1482 14
      vertex 167.694 14.1482 21
    endloop
  endfacet
  facet normal -0.999181 -0.0404527 -3.65414e-20
    outer loop
      vertex 167.7 14 14
      vertex 167.694 14.1482 21
      vertex 167.694 14.1482 14
    endloop
  endfacet
  facet normal -0.999181 -0.0404527 -3.65414e-20
    outer loop
      vertex 167.694 14.1482 21
      vertex 167.7 14 14
      vertex 167.7 14 21
    endloop
  endfacet
  facet normal -0.97644 -0.215788 2.81412e-19
    outer loop
      vertex 167.674 14.2952 14
      vertex 167.642 14.44 21
      vertex 167.642 14.44 14
    endloop
  endfacet
  facet normal -0.97644 -0.215788 2.81412e-19
    outer loop
      vertex 167.642 14.44 21
      vertex 167.674 14.2952 14
      vertex 167.674 14.2952 21
    endloop
  endfacet
  facet normal 0.216146 -0.976361 0
    outer loop
      vertex 165.56 15.6421 14
      vertex 165.705 15.6742 21
      vertex 165.56 15.6421 21
    endloop
  endfacet
  facet normal 0.216146 -0.976361 0
    outer loop
      vertex 165.705 15.6742 21
      vertex 165.56 15.6421 14
      vertex 165.705 15.6742 14
    endloop
  endfacet
  facet normal 0.130175 -0.991491 0
    outer loop
      vertex 165.705 15.6742 14
      vertex 165.852 15.6935 21
      vertex 165.705 15.6742 21
    endloop
  endfacet
  facet normal 0.130175 -0.991491 0
    outer loop
      vertex 165.852 15.6935 21
      vertex 165.705 15.6742 14
      vertex 165.852 15.6935 14
    endloop
  endfacet
  facet normal -0.845521 -0.533942 2.04938e-19
    outer loop
      vertex 167.472 14.85 14
      vertex 167.393 14.9751 21
      vertex 167.393 14.9751 14
    endloop
  endfacet
  facet normal -0.845521 -0.533942 2.04938e-19
    outer loop
      vertex 167.393 14.9751 21
      vertex 167.472 14.85 14
      vertex 167.472 14.85 21
    endloop
  endfacet
  facet normal 0.97644 0.215788 2.81412e-19
    outer loop
      vertex 164.358 13.56 21
      vertex 164.326 13.7048 14
      vertex 164.326 13.7048 21
    endloop
  endfacet
  facet normal 0.97644 0.215788 2.81412e-19
    outer loop
      vertex 164.326 13.7048 14
      vertex 164.358 13.56 21
      vertex 164.358 13.56 14
    endloop
  endfacet
  facet normal -0.738106 -0.674685 1.36969e-19
    outer loop
      vertex 167.302 15.0927 14
      vertex 167.202 15.2021 21
      vertex 167.202 15.2021 14
    endloop
  endfacet
  facet normal -0.738106 -0.674685 1.36969e-19
    outer loop
      vertex 167.202 15.2021 21
      vertex 167.302 15.0927 14
      vertex 167.302 15.0927 21
    endloop
  endfacet
  facet normal -0.999181 0.0404527 3.65414e-20
    outer loop
      vertex 167.694 13.8518 14
      vertex 167.7 14 21
      vertex 167.7 14 14
    endloop
  endfacet
  facet normal -0.999181 0.0404527 3.65414e-20
    outer loop
      vertex 167.7 14 21
      vertex 167.694 13.8518 14
      vertex 167.694 13.8518 21
    endloop
  endfacet
  facet normal -0.676764 0.7362 0
    outer loop
      vertex 167.202 12.7979 14
      vertex 167.093 12.6977 21
      vertex 167.202 12.7979 21
    endloop
  endfacet
  facet normal -0.676764 0.7362 0
    outer loop
      vertex 167.093 12.6977 21
      vertex 167.202 12.7979 14
      vertex 167.093 12.6977 14
    endloop
  endfacet
  facet normal 0.790871 -0.611983 -4.09284e-19
    outer loop
      vertex 164.607 14.9751 21
      vertex 164.698 15.0927 14
      vertex 164.698 15.0927 21
    endloop
  endfacet
  facet normal 0.790871 -0.611983 -4.09284e-19
    outer loop
      vertex 164.698 15.0927 14
      vertex 164.607 14.9751 21
      vertex 164.607 14.9751 14
    endloop
  endfacet
  facet normal -0.382987 0.923754 0
    outer loop
      vertex 166.718 12.4593 14
      vertex 166.581 12.4025 21
      vertex 166.718 12.4593 21
    endloop
  endfacet
  facet normal -0.382987 0.923754 0
    outer loop
      vertex 166.581 12.4025 21
      vertex 166.718 12.4593 14
      vertex 166.581 12.4025 14
    endloop
  endfacet
  facet normal -0.952908 -0.303259 -1.22008e-19
    outer loop
      vertex 167.642 14.44 14
      vertex 167.597 14.5814 21
      vertex 167.597 14.5814 14
    endloop
  endfacet
  facet normal -0.952908 -0.303259 -1.22008e-19
    outer loop
      vertex 167.597 14.5814 21
      vertex 167.642 14.44 14
      vertex 167.642 14.44 21
    endloop
  endfacet
  facet normal -0.130175 0.991491 0
    outer loop
      vertex 166.295 12.3258 14
      vertex 166.148 12.3065 21
      vertex 166.295 12.3258 21
    endloop
  endfacet
  facet normal -0.130175 0.991491 0
    outer loop
      vertex 166.148 12.3065 21
      vertex 166.295 12.3258 14
      vertex 166.148 12.3065 14
    endloop
  endfacet
  facet normal 0.97644 -0.215788 -2.81412e-19
    outer loop
      vertex 164.326 14.2952 21
      vertex 164.358 14.44 14
      vertex 164.358 14.44 21
    endloop
  endfacet
  facet normal 0.97644 -0.215788 -2.81412e-19
    outer loop
      vertex 164.358 14.44 14
      vertex 164.326 14.2952 21
      vertex 164.326 14.2952 14
    endloop
  endfacet
  facet normal 0.607725 -0.794148 0
    outer loop
      vertex 164.907 15.3023 14
      vertex 165.025 15.3926 21
      vertex 164.907 15.3023 21
    endloop
  endfacet
  facet normal 0.607725 -0.794148 0
    outer loop
      vertex 165.025 15.3926 21
      vertex 164.907 15.3023 14
      vertex 165.025 15.3926 14
    endloop
  endfacet
  facet normal 0.0438766 -0.999037 0
    outer loop
      vertex 165.852 15.6935 14
      vertex 166 15.7 21
      vertex 165.852 15.6935 21
    endloop
  endfacet
  facet normal 0.0438766 -0.999037 0
    outer loop
      vertex 166 15.7 21
      vertex 165.852 15.6935 14
      vertex 166 15.7 14
    endloop
  endfacet
  facet normal 0.607725 0.794148 -0
    outer loop
      vertex 165.025 12.6074 14
      vertex 164.907 12.6977 21
      vertex 165.025 12.6074 21
    endloop
  endfacet
  facet normal 0.607725 0.794148 0
    outer loop
      vertex 164.907 12.6977 21
      vertex 165.025 12.6074 14
      vertex 164.907 12.6977 14
    endloop
  endfacet
  facet normal 0.382987 -0.923754 0
    outer loop
      vertex 165.282 15.5407 14
      vertex 165.419 15.5975 21
      vertex 165.282 15.5407 21
    endloop
  endfacet
  facet normal 0.382987 -0.923754 0
    outer loop
      vertex 165.419 15.5975 21
      vertex 165.282 15.5407 14
      vertex 165.419 15.5975 14
    endloop
  endfacet
  facet normal 0.999181 -0.0404527 3.65414e-20
    outer loop
      vertex 164.3 14 21
      vertex 164.306 14.1482 14
      vertex 164.306 14.1482 21
    endloop
  endfacet
  facet normal 0.999181 -0.0404527 3.65414e-20
    outer loop
      vertex 164.306 14.1482 14
      vertex 164.3 14 21
      vertex 164.3 14 14
    endloop
  endfacet
  facet normal -0.301584 -0.953439 0
    outer loop
      vertex 166.44 15.6421 14
      vertex 166.581 15.5975 21
      vertex 166.44 15.6421 21
    endloop
  endfacet
  facet normal -0.301584 -0.953439 -0
    outer loop
      vertex 166.581 15.5975 21
      vertex 166.44 15.6421 14
      vertex 166.581 15.5975 14
    endloop
  endfacet
  facet normal 0.301584 -0.953439 0
    outer loop
      vertex 165.419 15.5975 14
      vertex 165.56 15.6421 21
      vertex 165.419 15.5975 21
    endloop
  endfacet
  facet normal 0.301584 -0.953439 0
    outer loop
      vertex 165.56 15.6421 21
      vertex 165.419 15.5975 14
      vertex 165.56 15.6421 14
    endloop
  endfacet
  facet normal -0.925751 -0.378133 3.40476e-19
    outer loop
      vertex 167.597 14.5814 14
      vertex 167.541 14.7185 21
      vertex 167.541 14.7185 14
    endloop
  endfacet
  facet normal -0.925751 -0.378133 3.40476e-19
    outer loop
      vertex 167.541 14.7185 21
      vertex 167.597 14.5814 14
      vertex 167.597 14.5814 21
    endloop
  endfacet
  facet normal -0.301584 0.953439 0
    outer loop
      vertex 166.581 12.4025 14
      vertex 166.44 12.3579 21
      vertex 166.581 12.4025 21
    endloop
  endfacet
  facet normal -0.301584 0.953439 0
    outer loop
      vertex 166.44 12.3579 21
      vertex 166.581 12.4025 14
      vertex 166.44 12.3579 14
    endloop
  endfacet
  facet normal -0.216146 0.976361 0
    outer loop
      vertex 166.44 12.3579 14
      vertex 166.295 12.3258 21
      vertex 166.44 12.3579 21
    endloop
  endfacet
  facet normal -0.216146 0.976361 0
    outer loop
      vertex 166.295 12.3258 21
      vertex 166.44 12.3579 14
      vertex 166.295 12.3258 14
    endloop
  endfacet
  facet normal -0.607725 -0.794148 0
    outer loop
      vertex 166.975 15.3926 14
      vertex 167.093 15.3023 21
      vertex 166.975 15.3926 21
    endloop
  endfacet
  facet normal -0.607725 -0.794148 -0
    outer loop
      vertex 167.093 15.3023 21
      vertex 166.975 15.3926 14
      vertex 167.093 15.3023 14
    endloop
  endfacet
  facet normal 0.460612 0.887602 -0
    outer loop
      vertex 165.282 12.4593 14
      vertex 165.15 12.5278 21
      vertex 165.282 12.4593 21
    endloop
  endfacet
  facet normal 0.460612 0.887602 0
    outer loop
      vertex 165.15 12.5278 21
      vertex 165.282 12.4593 14
      vertex 165.15 12.5278 14
    endloop
  endfacet
  facet normal -0.0438766 -0.999037 0
    outer loop
      vertex 166 15.7 14
      vertex 166.148 15.6935 21
      vertex 166 15.7 21
    endloop
  endfacet
  facet normal -0.0438766 -0.999037 -0
    outer loop
      vertex 166.148 15.6935 21
      vertex 166 15.7 14
      vertex 166.148 15.6935 14
    endloop
  endfacet
  facet normal 0.537137 -0.843495 0
    outer loop
      vertex 165.025 15.3926 14
      vertex 165.15 15.4722 21
      vertex 165.025 15.3926 21
    endloop
  endfacet
  facet normal 0.537137 -0.843495 0
    outer loop
      vertex 165.15 15.4722 21
      vertex 165.025 15.3926 14
      vertex 165.15 15.4722 14
    endloop
  endfacet
  facet normal -0.130175 -0.991491 0
    outer loop
      vertex 166.148 15.6935 14
      vertex 166.295 15.6742 21
      vertex 166.148 15.6935 21
    endloop
  endfacet
  facet normal -0.130175 -0.991491 -0
    outer loop
      vertex 166.295 15.6742 21
      vertex 166.148 15.6935 14
      vertex 166.295 15.6742 14
    endloop
  endfacet
  facet normal -0.790871 0.611983 -4.09284e-19
    outer loop
      vertex 167.302 12.9073 14
      vertex 167.393 13.0249 21
      vertex 167.393 13.0249 14
    endloop
  endfacet
  facet normal -0.790871 0.611983 -4.09284e-19
    outer loop
      vertex 167.393 13.0249 21
      vertex 167.302 12.9073 14
      vertex 167.302 12.9073 21
    endloop
  endfacet
  facet normal -0.990871 0.134812 -1.11452e-19
    outer loop
      vertex 167.674 13.7048 14
      vertex 167.694 13.8518 21
      vertex 167.694 13.8518 14
    endloop
  endfacet
  facet normal -0.990871 0.134812 -1.11452e-19
    outer loop
      vertex 167.694 13.8518 21
      vertex 167.674 13.7048 14
      vertex 167.674 13.7048 21
    endloop
  endfacet
  facet normal -0.952908 0.303259 1.22008e-19
    outer loop
      vertex 167.597 13.4186 14
      vertex 167.642 13.56 21
      vertex 167.642 13.56 14
    endloop
  endfacet
  facet normal -0.952908 0.303259 1.22008e-19
    outer loop
      vertex 167.642 13.56 21
      vertex 167.597 13.4186 14
      vertex 167.597 13.4186 21
    endloop
  endfacet
  facet normal -0.382987 -0.923754 0
    outer loop
      vertex 166.581 15.5975 14
      vertex 166.718 15.5407 21
      vertex 166.581 15.5975 21
    endloop
  endfacet
  facet normal -0.382987 -0.923754 -0
    outer loop
      vertex 166.718 15.5407 21
      vertex 166.581 15.5975 14
      vertex 166.718 15.5407 14
    endloop
  endfacet
  facet normal 0.676764 -0.7362 0
    outer loop
      vertex 164.798 15.2021 14
      vertex 164.907 15.3023 21
      vertex 164.798 15.2021 21
    endloop
  endfacet
  facet normal 0.676764 -0.7362 0
    outer loop
      vertex 164.907 15.3023 21
      vertex 164.798 15.2021 14
      vertex 164.907 15.3023 14
    endloop
  endfacet
  facet normal 0.845521 -0.533942 -2.04938e-19
    outer loop
      vertex 164.528 14.85 21
      vertex 164.607 14.9751 14
      vertex 164.607 14.9751 21
    endloop
  endfacet
  facet normal 0.845521 -0.533942 -2.04938e-19
    outer loop
      vertex 164.607 14.9751 14
      vertex 164.528 14.85 21
      vertex 164.528 14.85 14
    endloop
  endfacet
  facet normal 0.382987 0.923754 -0
    outer loop
      vertex 165.419 12.4025 14
      vertex 165.282 12.4593 21
      vertex 165.419 12.4025 21
    endloop
  endfacet
  facet normal 0.382987 0.923754 0
    outer loop
      vertex 165.282 12.4593 21
      vertex 165.419 12.4025 14
      vertex 165.282 12.4593 14
    endloop
  endfacet
  facet normal -0.460612 0.887602 0
    outer loop
      vertex 166.85 12.5278 14
      vertex 166.718 12.4593 21
      vertex 166.85 12.5278 21
    endloop
  endfacet
  facet normal -0.460612 0.887602 0
    outer loop
      vertex 166.718 12.4593 21
      vertex 166.85 12.5278 14
      vertex 166.718 12.4593 14
    endloop
  endfacet
  facet normal 0.301584 0.953439 -0
    outer loop
      vertex 165.56 12.3579 14
      vertex 165.419 12.4025 21
      vertex 165.56 12.3579 21
    endloop
  endfacet
  facet normal 0.301584 0.953439 0
    outer loop
      vertex 165.419 12.4025 21
      vertex 165.56 12.3579 14
      vertex 165.419 12.4025 14
    endloop
  endfacet
  facet normal -0.97644 0.215788 -2.81412e-19
    outer loop
      vertex 167.642 13.56 14
      vertex 167.674 13.7048 21
      vertex 167.674 13.7048 14
    endloop
  endfacet
  facet normal -0.97644 0.215788 -2.81412e-19
    outer loop
      vertex 167.674 13.7048 21
      vertex 167.642 13.56 14
      vertex 167.642 13.56 21
    endloop
  endfacet
  facet normal -0.885502 -0.464636 5.37957e-19
    outer loop
      vertex 167.541 14.7185 14
      vertex 167.472 14.85 21
      vertex 167.472 14.85 14
    endloop
  endfacet
  facet normal -0.885502 -0.464636 5.37957e-19
    outer loop
      vertex 167.472 14.85 21
      vertex 167.541 14.7185 14
      vertex 167.541 14.7185 21
    endloop
  endfacet
  facet normal -0.676764 -0.7362 0
    outer loop
      vertex 167.093 15.3023 14
      vertex 167.202 15.2021 21
      vertex 167.093 15.3023 21
    endloop
  endfacet
  facet normal -0.676764 -0.7362 -0
    outer loop
      vertex 167.202 15.2021 21
      vertex 167.093 15.3023 14
      vertex 167.202 15.2021 14
    endloop
  endfacet
  facet normal 0.952908 0.303259 -1.22008e-19
    outer loop
      vertex 164.403 13.4186 21
      vertex 164.358 13.56 14
      vertex 164.358 13.56 21
    endloop
  endfacet
  facet normal 0.952908 0.303259 -1.22008e-19
    outer loop
      vertex 164.358 13.56 14
      vertex 164.403 13.4186 21
      vertex 164.403 13.4186 14
    endloop
  endfacet
  facet normal -0.0438766 0.999037 0
    outer loop
      vertex 166.148 12.3065 14
      vertex 166 12.3 21
      vertex 166.148 12.3065 21
    endloop
  endfacet
  facet normal -0.0438766 0.999037 0
    outer loop
      vertex 166 12.3 21
      vertex 166.148 12.3065 14
      vertex 166 12.3 14
    endloop
  endfacet
  facet normal -0.885502 0.464636 -5.37957e-19
    outer loop
      vertex 167.472 13.15 14
      vertex 167.541 13.2815 21
      vertex 167.541 13.2815 14
    endloop
  endfacet
  facet normal -0.885502 0.464636 -5.37957e-19
    outer loop
      vertex 167.541 13.2815 21
      vertex 167.472 13.15 14
      vertex 167.472 13.15 21
    endloop
  endfacet
  facet normal 0.216146 0.976361 -0
    outer loop
      vertex 165.705 12.3258 14
      vertex 165.56 12.3579 21
      vertex 165.705 12.3258 21
    endloop
  endfacet
  facet normal 0.216146 0.976361 0
    outer loop
      vertex 165.56 12.3579 21
      vertex 165.705 12.3258 14
      vertex 165.56 12.3579 14
    endloop
  endfacet
  facet normal 0.952908 -0.303259 1.22008e-19
    outer loop
      vertex 164.358 14.44 21
      vertex 164.403 14.5814 14
      vertex 164.403 14.5814 21
    endloop
  endfacet
  facet normal 0.952908 -0.303259 1.22008e-19
    outer loop
      vertex 164.403 14.5814 14
      vertex 164.358 14.44 21
      vertex 164.358 14.44 14
    endloop
  endfacet
  facet normal -0.925751 0.378133 -3.40476e-19
    outer loop
      vertex 167.541 13.2815 14
      vertex 167.597 13.4186 21
      vertex 167.597 13.4186 14
    endloop
  endfacet
  facet normal -0.925751 0.378133 -3.40476e-19
    outer loop
      vertex 167.597 13.4186 21
      vertex 167.541 13.2815 14
      vertex 167.541 13.2815 21
    endloop
  endfacet
  facet normal 0.885502 -0.464636 -5.37957e-19
    outer loop
      vertex 164.459 14.7185 21
      vertex 164.528 14.85 14
      vertex 164.528 14.85 21
    endloop
  endfacet
  facet normal 0.885502 -0.464636 -5.37957e-19
    outer loop
      vertex 164.528 14.85 14
      vertex 164.459 14.7185 21
      vertex 164.459 14.7185 14
    endloop
  endfacet
  facet normal 0.460612 -0.887602 0
    outer loop
      vertex 165.15 15.4722 14
      vertex 165.282 15.5407 21
      vertex 165.15 15.4722 21
    endloop
  endfacet
  facet normal 0.460612 -0.887602 0
    outer loop
      vertex 165.282 15.5407 21
      vertex 165.15 15.4722 14
      vertex 165.282 15.5407 14
    endloop
  endfacet
  facet normal 0.845521 0.533942 2.04938e-19
    outer loop
      vertex 164.607 13.0249 21
      vertex 164.528 13.15 14
      vertex 164.528 13.15 21
    endloop
  endfacet
  facet normal 0.845521 0.533942 2.04938e-19
    outer loop
      vertex 164.528 13.15 14
      vertex 164.607 13.0249 21
      vertex 164.607 13.0249 14
    endloop
  endfacet
  facet normal 0.990871 -0.134812 -1.11452e-19
    outer loop
      vertex 164.306 14.1482 21
      vertex 164.326 14.2952 14
      vertex 164.326 14.2952 21
    endloop
  endfacet
  facet normal 0.990871 -0.134812 -1.11452e-19
    outer loop
      vertex 164.326 14.2952 14
      vertex 164.306 14.1482 21
      vertex 164.306 14.1482 14
    endloop
  endfacet
  facet normal 0.738106 -0.674685 -1.36969e-19
    outer loop
      vertex 164.698 15.0927 21
      vertex 164.798 15.2021 14
      vertex 164.798 15.2021 21
    endloop
  endfacet
  facet normal 0.738106 -0.674685 -1.36969e-19
    outer loop
      vertex 164.798 15.2021 14
      vertex 164.698 15.0927 21
      vertex 164.698 15.0927 14
    endloop
  endfacet
  facet normal 0.885502 0.464636 5.37957e-19
    outer loop
      vertex 164.528 13.15 21
      vertex 164.459 13.2815 14
      vertex 164.459 13.2815 21
    endloop
  endfacet
  facet normal 0.885502 0.464636 5.37957e-19
    outer loop
      vertex 164.459 13.2815 14
      vertex 164.528 13.15 21
      vertex 164.528 13.15 14
    endloop
  endfacet
  facet normal 0.990871 0.134812 1.11452e-19
    outer loop
      vertex 164.326 13.7048 21
      vertex 164.306 13.8518 14
      vertex 164.306 13.8518 21
    endloop
  endfacet
  facet normal 0.990871 0.134812 1.11452e-19
    outer loop
      vertex 164.306 13.8518 14
      vertex 164.326 13.7048 21
      vertex 164.326 13.7048 14
    endloop
  endfacet
  facet normal 0.0438766 0.999037 -0
    outer loop
      vertex 166 12.3 14
      vertex 165.852 12.3065 21
      vertex 166 12.3 21
    endloop
  endfacet
  facet normal 0.0438766 0.999037 0
    outer loop
      vertex 165.852 12.3065 21
      vertex 166 12.3 14
      vertex 165.852 12.3065 14
    endloop
  endfacet
  facet normal 0.676764 0.7362 -0
    outer loop
      vertex 164.907 12.6977 14
      vertex 164.798 12.7979 21
      vertex 164.907 12.6977 21
    endloop
  endfacet
  facet normal 0.676764 0.7362 0
    outer loop
      vertex 164.798 12.7979 21
      vertex 164.907 12.6977 14
      vertex 164.798 12.7979 14
    endloop
  endfacet
  facet normal -0.460612 -0.887602 0
    outer loop
      vertex 166.718 15.5407 14
      vertex 166.85 15.4722 21
      vertex 166.718 15.5407 21
    endloop
  endfacet
  facet normal -0.460612 -0.887602 -0
    outer loop
      vertex 166.85 15.4722 21
      vertex 166.718 15.5407 14
      vertex 166.85 15.4722 14
    endloop
  endfacet
  facet normal -0.537137 0.843495 0
    outer loop
      vertex 166.975 12.6074 14
      vertex 166.85 12.5278 21
      vertex 166.975 12.6074 21
    endloop
  endfacet
  facet normal -0.537137 0.843495 0
    outer loop
      vertex 166.85 12.5278 21
      vertex 166.975 12.6074 14
      vertex 166.85 12.5278 14
    endloop
  endfacet
  facet normal 0.925751 0.378133 3.40476e-19
    outer loop
      vertex 164.459 13.2815 21
      vertex 164.403 13.4186 14
      vertex 164.403 13.4186 21
    endloop
  endfacet
  facet normal 0.925751 0.378133 3.40476e-19
    outer loop
      vertex 164.403 13.4186 14
      vertex 164.459 13.2815 21
      vertex 164.459 13.2815 14
    endloop
  endfacet
  facet normal -0.790871 -0.611983 4.09284e-19
    outer loop
      vertex 167.393 14.9751 14
      vertex 167.302 15.0927 21
      vertex 167.302 15.0927 14
    endloop
  endfacet
  facet normal -0.790871 -0.611983 4.09284e-19
    outer loop
      vertex 167.302 15.0927 21
      vertex 167.393 14.9751 14
      vertex 167.393 14.9751 21
    endloop
  endfacet
  facet normal 0.925751 -0.378133 -3.40476e-19
    outer loop
      vertex 164.403 14.5814 21
      vertex 164.459 14.7185 14
      vertex 164.459 14.7185 21
    endloop
  endfacet
  facet normal 0.925751 -0.378133 -3.40476e-19
    outer loop
      vertex 164.459 14.7185 14
      vertex 164.403 14.5814 21
      vertex 164.403 14.5814 14
    endloop
  endfacet
  facet normal -0.537137 -0.843495 0
    outer loop
      vertex 166.85 15.4722 14
      vertex 166.975 15.3926 21
      vertex 166.85 15.4722 21
    endloop
  endfacet
  facet normal -0.537137 -0.843495 -0
    outer loop
      vertex 166.975 15.3926 21
      vertex 166.85 15.4722 14
      vertex 166.975 15.3926 14
    endloop
  endfacet
  facet normal 0.738106 0.674685 1.36969e-19
    outer loop
      vertex 164.798 12.7979 21
      vertex 164.698 12.9073 14
      vertex 164.698 12.9073 21
    endloop
  endfacet
  facet normal 0.738106 0.674685 1.36969e-19
    outer loop
      vertex 164.698 12.9073 14
      vertex 164.798 12.7979 21
      vertex 164.798 12.7979 14
    endloop
  endfacet
  facet normal 0.790871 0.611983 4.09284e-19
    outer loop
      vertex 164.698 12.9073 21
      vertex 164.607 13.0249 14
      vertex 164.607 13.0249 21
    endloop
  endfacet
  facet normal 0.790871 0.611983 4.09284e-19
    outer loop
      vertex 164.607 13.0249 14
      vertex 164.698 12.9073 21
      vertex 164.698 12.9073 14
    endloop
  endfacet
  facet normal -0.607725 0.794148 0
    outer loop
      vertex 167.093 12.6977 14
      vertex 166.975 12.6074 21
      vertex 167.093 12.6977 21
    endloop
  endfacet
  facet normal -0.607725 0.794148 0
    outer loop
      vertex 166.975 12.6074 21
      vertex 167.093 12.6977 14
      vertex 166.975 12.6074 14
    endloop
  endfacet
  facet normal 0.999181 0.0404527 -3.65414e-20
    outer loop
      vertex 164.306 13.8518 21
      vertex 164.3 14 14
      vertex 164.3 14 21
    endloop
  endfacet
  facet normal 0.999181 0.0404527 -3.65414e-20
    outer loop
      vertex 164.3 14 14
      vertex 164.306 13.8518 21
      vertex 164.306 13.8518 14
    endloop
  endfacet
  facet normal -0.845521 0.533942 -2.04938e-19
    outer loop
      vertex 167.393 13.0249 14
      vertex 167.472 13.15 21
      vertex 167.472 13.15 14
    endloop
  endfacet
  facet normal -0.845521 0.533942 -2.04938e-19
    outer loop
      vertex 167.472 13.15 21
      vertex 167.393 13.0249 14
      vertex 167.393 13.0249 21
    endloop
  endfacet
  facet normal -0.738106 0.674685 -1.36969e-19
    outer loop
      vertex 167.202 12.7979 14
      vertex 167.302 12.9073 21
      vertex 167.302 12.9073 14
    endloop
  endfacet
  facet normal -0.738106 0.674685 -1.36969e-19
    outer loop
      vertex 167.302 12.9073 21
      vertex 167.202 12.7979 14
      vertex 167.202 12.7979 21
    endloop
  endfacet
  facet normal 0.537137 0.843495 -0
    outer loop
      vertex 165.15 12.5278 14
      vertex 165.025 12.6074 21
      vertex 165.15 12.5278 21
    endloop
  endfacet
  facet normal 0.537137 0.843495 0
    outer loop
      vertex 165.025 12.6074 21
      vertex 165.15 12.5278 14
      vertex 165.025 12.6074 14
    endloop
  endfacet
  facet normal -0.216146 -0.976361 0
    outer loop
      vertex 166.295 15.6742 14
      vertex 166.44 15.6421 21
      vertex 166.295 15.6742 21
    endloop
  endfacet
  facet normal -0.216146 -0.976361 -0
    outer loop
      vertex 166.44 15.6421 21
      vertex 166.295 15.6742 14
      vertex 166.44 15.6421 14
    endloop
  endfacet
  facet normal 0.130175 0.991491 -0
    outer loop
      vertex 165.852 12.3065 14
      vertex 165.705 12.3258 21
      vertex 165.852 12.3065 21
    endloop
  endfacet
  facet normal 0.130175 0.991491 0
    outer loop
      vertex 165.705 12.3258 21
      vertex 165.852 12.3065 14
      vertex 165.705 12.3258 14
    endloop
  endfacet
  facet normal -0.793351 0.608765 -3.28337e-17
    outer loop
      vertex 178.476 48.8635 14
      vertex 183.362 55.231 19
      vertex 183.362 55.231 14
    endloop
  endfacet
  facet normal -0.793351 0.608765 -3.28337e-17
    outer loop
      vertex 183.362 55.231 19
      vertex 178.476 48.8635 14
      vertex 178.476 48.8635 19
    endloop
  endfacet
  facet normal 0.923879 0.382684 -3.14341e-17
    outer loop
      vertex 24.6197 69.1191 19
      vertex 21.5483 76.5341 14
      vertex 21.5483 76.5341 19
    endloop
  endfacet
  facet normal 0.923879 0.382684 -3.14341e-17
    outer loop
      vertex 21.5483 76.5341 14
      vertex 24.6197 69.1191 19
      vertex 24.6197 69.1191 14
    endloop
  endfacet
  facet normal 0.0436211 0.999048 -0
    outer loop
      vertex 108 16 14
      vertex 99.9817 16.3501 19
      vertex 108 16 19
    endloop
  endfacet
  facet normal 0.0436211 0.999048 0
    outer loop
      vertex 99.9817 16.3501 19
      vertex 108 16 14
      vertex 99.9817 16.3501 14
    endloop
  endfacet
  facet normal 0.793357 0.608757 8.48753e-18
    outer loop
      vertex 37.5239 48.8635 19
      vertex 32.638 55.231 14
      vertex 32.638 55.231 19
    endloop
  endfacet
  facet normal 0.793357 0.608757 8.48753e-18
    outer loop
      vertex 32.638 55.231 14
      vertex 37.5239 48.8635 19
      vertex 37.5239 48.8635 14
    endloop
  endfacet
  facet normal 0.737272 0.675597 -4.17318e-17
    outer loop
      vertex 42.9462 42.9462 19
      vertex 37.5239 48.8635 14
      vertex 37.5239 48.8635 19
    endloop
  endfacet
  facet normal 0.737272 0.675597 -4.17318e-17
    outer loop
      vertex 37.5239 48.8635 14
      vertex 42.9462 42.9462 19
      vertex 42.9462 42.9462 14
    endloop
  endfacet
  facet normal -0.923853 0.382748 -3.90657e-17
    outer loop
      vertex 191.38 69.1191 14
      vertex 194.452 76.5341 19
      vertex 194.452 76.5341 14
    endloop
  endfacet
  facet normal -0.923853 0.382748 -3.90657e-17
    outer loop
      vertex 194.452 76.5341 19
      vertex 191.38 69.1191 14
      vertex 191.38 69.1191 19
    endloop
  endfacet
  facet normal 0.843393 0.537297 3.4696e-17
    outer loop
      vertex 32.638 55.231 19
      vertex 28.3257 62 14
      vertex 28.3257 62 19
    endloop
  endfacet
  facet normal 0.843393 0.537297 3.4696e-17
    outer loop
      vertex 28.3257 62 14
      vertex 32.638 55.231 19
      vertex 32.638 55.231 14
    endloop
  endfacet
  facet normal -0.216454 0.976293 0
    outer loop
      vertex 131.811 19.1348 14
      vertex 123.976 17.3977 19
      vertex 131.811 19.1348 19
    endloop
  endfacet
  facet normal -0.216454 0.976293 0
    outer loop
      vertex 123.976 17.3977 19
      vertex 131.811 19.1348 14
      vertex 123.976 17.3977 14
    endloop
  endfacet
  facet normal 0.675597 0.737272 -0
    outer loop
      vertex 48.8635 37.5239 14
      vertex 42.9462 42.9462 19
      vertex 48.8635 37.5239 19
    endloop
  endfacet
  facet normal 0.675597 0.737272 0
    outer loop
      vertex 42.9462 42.9462 19
      vertex 48.8635 37.5239 14
      vertex 42.9462 42.9462 14
    endloop
  endfacet
  facet normal -0.9763 0.216421 -1.58098e-17
    outer loop
      vertex 196.865 84.1886 13
      vertex 198.602 92.0244 19
      vertex 198.602 92.0244 13
    endloop
  endfacet
  facet normal -0.9763 0.216421 -1.58098e-17
    outer loop
      vertex 198.602 92.0244 19
      vertex 196.865 84.1886 13
      vertex 196.865 84.1886 19
    endloop
  endfacet
  facet normal 0.953714 0.300714 0
    outer loop
      vertex 19.1348 84.1886 19
      vertex 20.4555 80 14
      vertex 19.1348 84.1886 13
    endloop
  endfacet
  facet normal 0.953715 0.300711 2.79218e-06
    outer loop
      vertex 21.5483 76.5341 19
      vertex 20.4555 80 14
      vertex 19.1348 84.1886 19
    endloop
  endfacet
  facet normal 0.953716 0.300707 -7.07764e-18
    outer loop
      vertex 20.4555 80 14
      vertex 21.5483 76.5341 19
      vertex 21.5483 76.5341 14
    endloop
  endfacet
  facet normal 0.953714 0.300714 6.73975e-17
    outer loop
      vertex 19.1348 84.1886 13
      vertex 20.4555 80 14
      vertex 20.4555 80 13
    endloop
  endfacet
  facet normal -0.0436227 0.999048 0
    outer loop
      vertex 116.018 16.3501 14
      vertex 108 16 19
      vertex 116.018 16.3501 19
    endloop
  endfacet
  facet normal -0.0436227 0.999048 0
    outer loop
      vertex 108 16 19
      vertex 116.018 16.3501 14
      vertex 108 16 14
    endloop
  endfacet
  facet normal 0.382684 0.923879 -0
    outer loop
      vertex 76.5341 21.5483 14
      vertex 69.1191 24.6197 19
      vertex 76.5341 21.5483 19
    endloop
  endfacet
  facet normal 0.382684 0.923879 0
    outer loop
      vertex 69.1191 24.6197 19
      vertex 76.5341 21.5483 14
      vertex 69.1191 24.6197 14
    endloop
  endfacet
  facet normal -0.537297 0.843393 0
    outer loop
      vertex 160.769 32.638 14
      vertex 154 28.3257 19
      vertex 160.769 32.638 19
    endloop
  endfacet
  facet normal -0.537297 0.843393 0
    outer loop
      vertex 154 28.3257 19
      vertex 160.769 32.638 14
      vertex 154 28.3257 14
    endloop
  endfacet
  facet normal -0.991438 0.130575 -9.87569e-18
    outer loop
      vertex 198.602 92.0244 13
      vertex 199.65 99.9817 19
      vertex 199.65 99.9817 13
    endloop
  endfacet
  facet normal -0.991438 0.130575 -9.87569e-18
    outer loop
      vertex 199.65 99.9817 19
      vertex 198.602 92.0244 13
      vertex 198.602 92.0244 19
    endloop
  endfacet
  facet normal -0.99851 0.0545634 0
    outer loop
      vertex 199.651 100 13
      vertex 199.65 99.9817 13
      vertex 199.651 100 14
    endloop
  endfacet
  facet normal -0.99905 0.0435835 0
    outer loop
      vertex 199.651 100 14
      vertex 200 108 19
      vertex 200 108 14
    endloop
  endfacet
  facet normal -0.999049 0.0436086 -4.02022e-05
    outer loop
      vertex 199.651 100 14
      vertex 199.65 99.9817 19
      vertex 200 108 19
    endloop
  endfacet
  facet normal -0.99851 0.0545634 0
    outer loop
      vertex 199.65 99.9817 19
      vertex 199.651 100 14
      vertex 199.65 99.9817 13
    endloop
  endfacet
  facet normal -0.84341 0.53727 -2.76902e-17
    outer loop
      vertex 183.362 55.231 14
      vertex 187.674 62 19
      vertex 187.674 62 14
    endloop
  endfacet
  facet normal -0.84341 0.53727 -2.76902e-17
    outer loop
      vertex 187.674 62 19
      vertex 183.362 55.231 14
      vertex 183.362 55.231 19
    endloop
  endfacet
  facet normal 0.608757 0.793357 -0
    outer loop
      vertex 55.231 32.638 14
      vertex 48.8635 37.5239 19
      vertex 55.231 32.638 19
    endloop
  endfacet
  facet normal 0.608757 0.793357 0
    outer loop
      vertex 48.8635 37.5239 19
      vertex 55.231 32.638 14
      vertex 48.8635 37.5239 14
    endloop
  endfacet
  facet normal -0.130515 0.991446 0
    outer loop
      vertex 123.976 17.3977 14
      vertex 116.018 16.3501 19
      vertex 123.976 17.3977 19
    endloop
  endfacet
  facet normal -0.130515 0.991446 0
    outer loop
      vertex 116.018 16.3501 19
      vertex 123.976 17.3977 14
      vertex 116.018 16.3501 14
    endloop
  endfacet
  facet normal -0.953695 0.300776 0
    outer loop
      vertex 195.544 80 14
      vertex 196.865 84.1886 13
      vertex 195.544 80 13
    endloop
  endfacet
  facet normal -0.953695 0.300776 0
    outer loop
      vertex 196.865 84.1886 13
      vertex 195.544 80 14
      vertex 196.865 84.1886 19
    endloop
  endfacet
  facet normal -0.95378 0.300507 0
    outer loop
      vertex 194.452 76.5341 19
      vertex 195.544 80 14
      vertex 194.452 76.5341 14
    endloop
  endfacet
  facet normal -0.953733 0.300654 0.000112205
    outer loop
      vertex 195.544 80 14
      vertex 194.452 76.5341 19
      vertex 196.865 84.1886 19
    endloop
  endfacet
  facet normal 0.461752 0.887009 -0
    outer loop
      vertex 69.1191 24.6197 14
      vertex 62 28.3257 19
      vertex 69.1191 24.6197 19
    endloop
  endfacet
  facet normal 0.461752 0.887009 0
    outer loop
      vertex 62 28.3257 19
      vertex 69.1191 24.6197 14
      vertex 62 28.3257 14
    endloop
  endfacet
  facet normal 0.130526 0.991445 -0
    outer loop
      vertex 99.9817 16.3501 14
      vertex 92.0244 17.3977 19
      vertex 99.9817 16.3501 19
    endloop
  endfacet
  facet normal 0.130526 0.991445 0
    outer loop
      vertex 92.0244 17.3977 19
      vertex 99.9817 16.3501 14
      vertex 92.0244 17.3977 14
    endloop
  endfacet
  facet normal 0.887009 0.461752 -3.75195e-17
    outer loop
      vertex 28.3257 62 19
      vertex 24.6197 69.1191 14
      vertex 24.6197 69.1191 19
    endloop
  endfacet
  facet normal 0.887009 0.461752 -3.75195e-17
    outer loop
      vertex 24.6197 69.1191 14
      vertex 28.3257 62 19
      vertex 28.3257 62 14
    endloop
  endfacet
  facet normal -0 0 1
    outer loop
      vertex 192 100 13
      vertex 199.65 99.9817 13
      vertex 199.651 100 13
    endloop
  endfacet
  facet normal 0 0 1
    outer loop
      vertex 199.65 99.9817 13
      vertex 192 100 13
      vertex 198.602 92.0244 13
    endloop
  endfacet
  facet normal -0 0 1
    outer loop
      vertex 188 96 13
      vertex 198.602 92.0244 13
      vertex 192 100 13
    endloop
  endfacet
  facet normal 0 0 1
    outer loop
      vertex 188 84 13
      vertex 198.602 92.0244 13
      vertex 188 96 13
    endloop
  endfacet
  facet normal 0 0 1
    outer loop
      vertex 198.602 92.0244 13
      vertex 188 84 13
      vertex 196.865 84.1886 13
    endloop
  endfacet
  facet normal 0 0 1
    outer loop
      vertex 188 96 13
      vertex 192 100 13
      vertex 191.651 99.9848 13
    endloop
  endfacet
  facet normal 0 -0 1
    outer loop
      vertex 192 80 13
      vertex 196.865 84.1886 13
      vertex 188 84 13
    endloop
  endfacet
  facet normal 0 0 1
    outer loop
      vertex 188 96 13
      vertex 191.651 99.9848 13
      vertex 191.305 99.9392 13
    endloop
  endfacet
  facet normal 0 0 1
    outer loop
      vertex 196.865 84.1886 13
      vertex 192 80 13
      vertex 195.544 80 13
    endloop
  endfacet
  facet normal 0 0 1
    outer loop
      vertex 188 96 13
      vertex 191.305 99.9392 13
      vertex 190.965 99.8637 13
    endloop
  endfacet
  facet normal 0 0 1
    outer loop
      vertex 192 80 13
      vertex 188 84 13
      vertex 191.651 80.0152 13
    endloop
  endfacet
  facet normal 0 0 1
    outer loop
      vertex 188 96 13
      vertex 190.965 99.8637 13
      vertex 190.632 99.7588 13
    endloop
  endfacet
  facet normal 0 0 1
    outer loop
      vertex 191.651 80.0152 13
      vertex 188 84 13
      vertex 191.305 80.0608 13
    endloop
  endfacet
  facet normal 0 0 1
    outer loop
      vertex 188 96 13
      vertex 190.632 99.7588 13
      vertex 190.31 99.6252 13
    endloop
  endfacet
  facet normal 0 0 1
    outer loop
      vertex 191.305 80.0608 13
      vertex 188 84 13
      vertex 190.965 80.1363 13
    endloop
  endfacet
  facet normal 0 0 1
    outer loop
      vertex 188 96 13
      vertex 190.31 99.6252 13
      vertex 190 99.4641 13
    endloop
  endfacet
  facet normal 0 0 1
    outer loop
      vertex 190.965 80.1363 13
      vertex 188 84 13
      vertex 190.632 80.2412 13
    endloop
  endfacet
  facet normal 0 0 1
    outer loop
      vertex 188 96 13
      vertex 190 99.4641 13
      vertex 189.706 99.2766 13
    endloop
  endfacet
  facet normal 0 0 1
    outer loop
      vertex 190.632 80.2412 13
      vertex 188 84 13
      vertex 190.31 80.3748 13
    endloop
  endfacet
  facet normal 0 0 1
    outer loop
      vertex 188 96 13
      vertex 189.706 99.2766 13
      vertex 189.429 99.0642 13
    endloop
  endfacet
  facet normal 0 0 1
    outer loop
      vertex 190.31 80.3748 13
      vertex 188 84 13
      vertex 190 80.5359 13
    endloop
  endfacet
  facet normal 0 0 1
    outer loop
      vertex 188 96 13
      vertex 189.429 99.0642 13
      vertex 189.172 98.8284 13
    endloop
  endfacet
  facet normal 0 0 1
    outer loop
      vertex 190 80.5359 13
      vertex 188 84 13
      vertex 189.706 80.7234 13
    endloop
  endfacet
  facet normal 0 0 1
    outer loop
      vertex 188 96 13
      vertex 189.172 98.8284 13
      vertex 188.936 98.5712 13
    endloop
  endfacet
  facet normal 0 0 1
    outer loop
      vertex 189.706 80.7234 13
      vertex 188 84 13
      vertex 189.429 80.9358 13
    endloop
  endfacet
  facet normal 0 0 1
    outer loop
      vertex 188 96 13
      vertex 188.936 98.5712 13
      vertex 188.723 98.2943 13
    endloop
  endfacet
  facet normal 0 0 1
    outer loop
      vertex 189.429 80.9358 13
      vertex 188 84 13
      vertex 189.172 81.1716 13
    endloop
  endfacet
  facet normal 0 0 1
    outer loop
      vertex 188 96 13
      vertex 188.723 98.2943 13
      vertex 188.536 98 13
    endloop
  endfacet
  facet normal 0 0 1
    outer loop
      vertex 189.172 81.1716 13
      vertex 188 84 13
      vertex 188.936 81.4288 13
    endloop
  endfacet
  facet normal 0 0 1
    outer loop
      vertex 188 96 13
      vertex 188.536 98 13
      vertex 188.375 97.6905 13
    endloop
  endfacet
  facet normal 0 0 1
    outer loop
      vertex 188.936 81.4288 13
      vertex 188 84 13
      vertex 188.723 81.7057 13
    endloop
  endfacet
  facet normal 0 0 1
    outer loop
      vertex 188 96 13
      vertex 188.375 97.6905 13
      vertex 188.241 97.3681 13
    endloop
  endfacet
  facet normal 0 0 1
    outer loop
      vertex 188.723 81.7057 13
      vertex 188 84 13
      vertex 188.536 82 13
    endloop
  endfacet
  facet normal 0 0 1
    outer loop
      vertex 188 96 13
      vertex 188.241 97.3681 13
      vertex 188.136 97.0353 13
    endloop
  endfacet
  facet normal 0 0 1
    outer loop
      vertex 188.536 82 13
      vertex 188 84 13
      vertex 188.375 82.3095 13
    endloop
  endfacet
  facet normal 0 0 1
    outer loop
      vertex 188 96 13
      vertex 188.136 97.0353 13
      vertex 188.061 96.6946 13
    endloop
  endfacet
  facet normal 0 0 1
    outer loop
      vertex 188.375 82.3095 13
      vertex 188 84 13
      vertex 188.241 82.6319 13
    endloop
  endfacet
  facet normal 0 0 1
    outer loop
      vertex 188 96 13
      vertex 188.061 96.6946 13
      vertex 188.015 96.3486 13
    endloop
  endfacet
  facet normal 0 0 1
    outer loop
      vertex 188.241 82.6319 13
      vertex 188 84 13
      vertex 188.136 82.9647 13
    endloop
  endfacet
  facet normal 0 0 1
    outer loop
      vertex 188.136 82.9647 13
      vertex 188 84 13
      vertex 188.061 83.3054 13
    endloop
  endfacet
  facet normal 0 0 1
    outer loop
      vertex 188.061 83.3054 13
      vertex 188 84 13
      vertex 188.015 83.6514 13
    endloop
  endfacet
  facet normal 0 0 1
    outer loop
      vertex 24 100 13
      vertex 28 96 13
      vertex 27.9848 96.3486 13
    endloop
  endfacet
  facet normal 0 0 1
    outer loop
      vertex 28 96 13
      vertex 17.3977 92.0244 13
      vertex 28 84 13
    endloop
  endfacet
  facet normal 0 0 1
    outer loop
      vertex 24 100 13
      vertex 27.9848 96.3486 13
      vertex 27.9392 96.6946 13
    endloop
  endfacet
  facet normal -0 -0 1
    outer loop
      vertex 19.1348 84.1886 13
      vertex 28 84 13
      vertex 17.3977 92.0244 13
    endloop
  endfacet
  facet normal 0 0 1
    outer loop
      vertex 24 100 13
      vertex 27.9392 96.6946 13
      vertex 27.8637 97.0353 13
    endloop
  endfacet
  facet normal 0 -0 1
    outer loop
      vertex 24 80 13
      vertex 28 84 13
      vertex 19.1348 84.1886 13
    endloop
  endfacet
  facet normal 0 0 1
    outer loop
      vertex 24 100 13
      vertex 27.8637 97.0353 13
      vertex 27.7588 97.3681 13
    endloop
  endfacet
  facet normal 0 0 1
    outer loop
      vertex 28 84 13
      vertex 24 80 13
      vertex 27.9848 83.6514 13
    endloop
  endfacet
  facet normal 0 0 1
    outer loop
      vertex 24 100 13
      vertex 27.7588 97.3681 13
      vertex 27.6252 97.6905 13
    endloop
  endfacet
  facet normal 0 0 1
    outer loop
      vertex 27.9848 83.6514 13
      vertex 24 80 13
      vertex 27.9392 83.3054 13
    endloop
  endfacet
  facet normal 0 0 1
    outer loop
      vertex 24 100 13
      vertex 27.6252 97.6905 13
      vertex 27.4641 98 13
    endloop
  endfacet
  facet normal 0 0 1
    outer loop
      vertex 27.9392 83.3054 13
      vertex 24 80 13
      vertex 27.8637 82.9647 13
    endloop
  endfacet
  facet normal 0 0 1
    outer loop
      vertex 24 100 13
      vertex 27.4641 98 13
      vertex 27.2766 98.2943 13
    endloop
  endfacet
  facet normal 0 0 1
    outer loop
      vertex 27.8637 82.9647 13
      vertex 24 80 13
      vertex 27.7588 82.6319 13
    endloop
  endfacet
  facet normal 0 0 1
    outer loop
      vertex 24 100 13
      vertex 27.2766 98.2943 13
      vertex 27.0642 98.5712 13
    endloop
  endfacet
  facet normal 0 0 1
    outer loop
      vertex 27.7588 82.6319 13
      vertex 24 80 13
      vertex 27.6252 82.3095 13
    endloop
  endfacet
  facet normal 0 0 1
    outer loop
      vertex 24 100 13
      vertex 27.0642 98.5712 13
      vertex 26.8284 98.8284 13
    endloop
  endfacet
  facet normal 0 0 1
    outer loop
      vertex 27.6252 82.3095 13
      vertex 24 80 13
      vertex 27.4641 82 13
    endloop
  endfacet
  facet normal 0 0 1
    outer loop
      vertex 24 100 13
      vertex 26.8284 98.8284 13
      vertex 26.5711 99.0642 13
    endloop
  endfacet
  facet normal 0 0 1
    outer loop
      vertex 27.4641 82 13
      vertex 24 80 13
      vertex 27.2766 81.7057 13
    endloop
  endfacet
  facet normal 0 0 1
    outer loop
      vertex 24 100 13
      vertex 26.5711 99.0642 13
      vertex 26.2943 99.2766 13
    endloop
  endfacet
  facet normal 0 0 1
    outer loop
      vertex 27.2766 81.7057 13
      vertex 24 80 13
      vertex 27.0642 81.4288 13
    endloop
  endfacet
  facet normal 0 0 1
    outer loop
      vertex 24 100 13
      vertex 26.2943 99.2766 13
      vertex 26 99.4641 13
    endloop
  endfacet
  facet normal 0 0 1
    outer loop
      vertex 27.0642 81.4288 13
      vertex 24 80 13
      vertex 26.8284 81.1716 13
    endloop
  endfacet
  facet normal 0 0 1
    outer loop
      vertex 24 100 13
      vertex 26 99.4641 13
      vertex 25.6905 99.6252 13
    endloop
  endfacet
  facet normal 0 0 1
    outer loop
      vertex 26.8284 81.1716 13
      vertex 24 80 13
      vertex 26.5711 80.9358 13
    endloop
  endfacet
  facet normal 0 0 1
    outer loop
      vertex 24 100 13
      vertex 25.6905 99.6252 13
      vertex 25.3681 99.7588 13
    endloop
  endfacet
  facet normal 0 0 1
    outer loop
      vertex 26.2943 80.7234 13
      vertex 24 80 13
      vertex 26 80.5359 13
    endloop
  endfacet
  facet normal 0 0 1
    outer loop
      vertex 24 100 13
      vertex 25.3681 99.7588 13
      vertex 25.0353 99.8637 13
    endloop
  endfacet
  facet normal 0 0 1
    outer loop
      vertex 26 80.5359 13
      vertex 24 80 13
      vertex 25.6905 80.3748 13
    endloop
  endfacet
  facet normal 0 0 1
    outer loop
      vertex 24 100 13
      vertex 25.0353 99.8637 13
      vertex 24.6946 99.9392 13
    endloop
  endfacet
  facet normal 0 0 1
    outer loop
      vertex 25.6905 80.3748 13
      vertex 24 80 13
      vertex 25.3681 80.2412 13
    endloop
  endfacet
  facet normal 0 0 1
    outer loop
      vertex 24 100 13
      vertex 24.6946 99.9392 13
      vertex 24.3486 99.9848 13
    endloop
  endfacet
  facet normal 0 0 1
    outer loop
      vertex 25.3681 80.2412 13
      vertex 24 80 13
      vertex 25.0353 80.1363 13
    endloop
  endfacet
  facet normal 0 0 1
    outer loop
      vertex 28 96 13
      vertex 24 100 13
      vertex 17.3977 92.0244 13
    endloop
  endfacet
  facet normal 0 0 1
    outer loop
      vertex 25.0353 80.1363 13
      vertex 24 80 13
      vertex 24.6946 80.0608 13
    endloop
  endfacet
  facet normal 0 0 1
    outer loop
      vertex 24.6946 80.0608 13
      vertex 24 80 13
      vertex 24.3486 80.0152 13
    endloop
  endfacet
  facet normal 0 0 1
    outer loop
      vertex 24 80 13
      vertex 19.1348 84.1886 13
      vertex 20.4555 80 13
    endloop
  endfacet
  facet normal 0 0 1
    outer loop
      vertex 26.5711 80.9358 13
      vertex 24 80 13
      vertex 26.2943 80.7234 13
    endloop
  endfacet
  facet normal 0 0 1
    outer loop
      vertex 24 100 13
      vertex 16.3501 99.9817 13
      vertex 17.3977 92.0244 13
    endloop
  endfacet
  facet normal 0 -0 1
    outer loop
      vertex 16.3501 99.9817 13
      vertex 24 100 13
      vertex 16.3493 100 13
    endloop
  endfacet
  facet normal 0.216433 0.976297 -0
    outer loop
      vertex 92.0244 17.3977 14
      vertex 84.1886 19.1348 19
      vertex 92.0244 17.3977 19
    endloop
  endfacet
  facet normal 0.216433 0.976297 0
    outer loop
      vertex 84.1886 19.1348 19
      vertex 92.0244 17.3977 14
      vertex 84.1886 19.1348 14
    endloop
  endfacet
  facet normal 0.976297 0.216433 -3.20728e-18
    outer loop
      vertex 19.1348 84.1886 19
      vertex 17.3977 92.0244 13
      vertex 17.3977 92.0244 19
    endloop
  endfacet
  facet normal 0.976297 0.216433 -3.20728e-18
    outer loop
      vertex 17.3977 92.0244 13
      vertex 19.1348 84.1886 19
      vertex 19.1348 84.1886 13
    endloop
  endfacet
  facet normal -0.461757 0.887007 0
    outer loop
      vertex 154 28.3257 14
      vertex 146.881 24.6197 19
      vertex 154 28.3257 19
    endloop
  endfacet
  facet normal -0.461757 0.887007 0
    outer loop
      vertex 146.881 24.6197 19
      vertex 154 28.3257 14
      vertex 146.881 24.6197 14
    endloop
  endfacet
  facet normal 0.991445 0.130526 -8.50137e-18
    outer loop
      vertex 17.3977 92.0244 19
      vertex 16.3501 99.9817 13
      vertex 16.3501 99.9817 19
    endloop
  endfacet
  facet normal 0.991445 0.130526 -8.50137e-18
    outer loop
      vertex 16.3501 99.9817 13
      vertex 17.3977 92.0244 19
      vertex 17.3977 92.0244 13
    endloop
  endfacet
  facet normal 0.999048 0.0436209 0
    outer loop
      vertex 16 108 19
      vertex 16.3493 100 14
      vertex 16 108 14
    endloop
  endfacet
  facet normal 0.999048 0.0436211 -1.94619e-07
    outer loop
      vertex 16.3501 99.9817 19
      vertex 16.3493 100 14
      vertex 16 108 19
    endloop
  endfacet
  facet normal 0.999046 0.0436741 -0
    outer loop
      vertex 16.3501 99.9817 13
      vertex 16.3493 100 14
      vertex 16.3501 99.9817 19
    endloop
  endfacet
  facet normal 0.999046 0.0436741 0
    outer loop
      vertex 16.3493 100 14
      vertex 16.3501 99.9817 13
      vertex 16.3493 100 13
    endloop
  endfacet
  facet normal -0.608787 0.793334 0
    outer loop
      vertex 167.136 37.5239 14
      vertex 160.769 32.638 19
      vertex 167.136 37.5239 19
    endloop
  endfacet
  facet normal -0.608787 0.793334 0
    outer loop
      vertex 160.769 32.638 19
      vertex 167.136 37.5239 14
      vertex 160.769 32.638 14
    endloop
  endfacet
  facet normal 0.300711 0.953715 -0
    outer loop
      vertex 84.1886 19.1348 14
      vertex 76.5341 21.5483 19
      vertex 84.1886 19.1348 19
    endloop
  endfacet
  facet normal 0.300711 0.953715 0
    outer loop
      vertex 76.5341 21.5483 19
      vertex 84.1886 19.1348 14
      vertex 76.5341 21.5483 14
    endloop
  endfacet
  facet normal -0.300693 0.953721 0
    outer loop
      vertex 139.466 21.5483 14
      vertex 131.811 19.1348 19
      vertex 139.466 21.5483 19
    endloop
  endfacet
  facet normal -0.300693 0.953721 0
    outer loop
      vertex 131.811 19.1348 19
      vertex 139.466 21.5483 14
      vertex 131.811 19.1348 14
    endloop
  endfacet
  facet normal -0.382684 0.923879 0
    outer loop
      vertex 146.881 24.6197 14
      vertex 139.466 21.5483 19
      vertex 146.881 24.6197 19
    endloop
  endfacet
  facet normal -0.382684 0.923879 0
    outer loop
      vertex 139.466 21.5483 19
      vertex 146.881 24.6197 14
      vertex 139.466 21.5483 14
    endloop
  endfacet
  facet normal -0.887009 0.461752 5.8875e-18
    outer loop
      vertex 187.674 62 14
      vertex 191.38 69.1191 19
      vertex 191.38 69.1191 14
    endloop
  endfacet
  facet normal -0.887009 0.461752 5.8875e-18
    outer loop
      vertex 191.38 69.1191 19
      vertex 187.674 62 14
      vertex 187.674 62 19
    endloop
  endfacet
  facet normal -0.73729 0.675576 6.45234e-17
    outer loop
      vertex 173.054 42.9462 14
      vertex 178.476 48.8635 19
      vertex 178.476 48.8635 14
    endloop
  endfacet
  facet normal -0.73729 0.675576 6.45234e-17
    outer loop
      vertex 178.476 48.8635 19
      vertex 173.054 42.9462 14
      vertex 173.054 42.9462 19
    endloop
  endfacet
  facet normal -0.675553 0.737311 0
    outer loop
      vertex 173.054 42.9462 14
      vertex 167.136 37.5239 19
      vertex 173.054 42.9462 19
    endloop
  endfacet
  facet normal -0.675553 0.737311 0
    outer loop
      vertex 167.136 37.5239 19
      vertex 173.054 42.9462 14
      vertex 167.136 37.5239 14
    endloop
  endfacet
  facet normal 0.537297 0.843393 -0
    outer loop
      vertex 62 28.3257 14
      vertex 55.231 32.638 19
      vertex 62 28.3257 19
    endloop
  endfacet
  facet normal 0.537297 0.843393 0
    outer loop
      vertex 55.231 32.638 19
      vertex 62 28.3257 14
      vertex 55.231 32.638 14
    endloop
  endfacet
endsolid OpenSCAD_Model
