solid OpenSCAD_Model
  facet normal 0 -1 0
    outer loop
      vertex 3 21 0
      vertex 75 21 19
      vertex 3 21 19
    endloop
  endfacet
  facet normal 0 -1 -0
    outer loop
      vertex 75 21 19
      vertex 3 21 0
      vertex 75 21 0
    endloop
  endfacet
  facet normal -0.953715 -0.300711 -1.81478e-19
    outer loop
      vertex 0.180922 22.9739 0
      vertex 0.102222 23.2235 19
      vertex 0.102222 23.2235 0
    endloop
  endfacet
  facet normal -0.953715 -0.300711 -1.81478e-19
    outer loop
      vertex 0.102222 23.2235 19
      vertex 0.180922 22.9739 0
      vertex 0.180922 22.9739 19
    endloop
  endfacet
  facet normal 0.843394 -0.537296 8.76078e-20
    outer loop
      vertex 77.4575 22.2793 19
      vertex 77.5981 22.5 0
      vertex 77.5981 22.5 19
    endloop
  endfacet
  facet normal 0.843394 -0.537296 8.76078e-20
    outer loop
      vertex 77.5981 22.5 0
      vertex 77.4575 22.2793 19
      vertex 77.4575 22.2793 0
    endloop
  endfacet
  facet normal -0.0435583 -0.999051 0
    outer loop
      vertex 2.73853 21.0114 0
      vertex 3 21 19
      vertex 2.73853 21.0114 19
    endloop
  endfacet
  facet normal -0.0435583 -0.999051 -0
    outer loop
      vertex 3 21 19
      vertex 2.73853 21.0114 0
      vertex 3 21 0
    endloop
  endfacet
  facet normal 0.953715 -0.300711 -3.36509e-19
    outer loop
      vertex 77.8191 22.9739 19
      vertex 77.8978 23.2235 0
      vertex 77.8978 23.2235 19
    endloop
  endfacet
  facet normal 0.953715 -0.300711 -3.36509e-19
    outer loop
      vertex 77.8978 23.2235 0
      vertex 77.8191 22.9739 19
      vertex 77.8191 22.9739 0
    endloop
  endfacet
  facet normal 0.887048 0.461678 2.41824e-19
    outer loop
      vertex 77.7189 41.2679 19
      vertex 77.5981 41.5 0
      vertex 77.5981 41.5 19
    endloop
  endfacet
  facet normal 0.887048 0.461678 2.41824e-19
    outer loop
      vertex 77.5981 41.5 0
      vertex 77.7189 41.2679 19
      vertex 77.7189 41.2679 0
    endloop
  endfacet
  facet normal -1 0 0
    outer loop
      vertex 0 192 0
      vertex 0 183 19
      vertex 0 192 19
    endloop
  endfacet
  facet normal -1 0 0
    outer loop
      vertex 0 183 19
      vertex 0 160 45
      vertex 0 183 72
    endloop
  endfacet
  facet normal -1 0 0
    outer loop
      vertex 0 126 45
      vertex 0 183 19
      vertex 0 192 0
    endloop
  endfacet
  facet normal -1 0 0
    outer loop
      vertex 0 183 19
      vertex 0 126 45
      vertex 0 160 45
    endloop
  endfacet
  facet normal -1 0 0
    outer loop
      vertex 0 126 45
      vertex 0 90 45
      vertex 0 126 69
    endloop
  endfacet
  facet normal -1 0 0
    outer loop
      vertex 0 192 0
      vertex 0 90 45
      vertex 0 126 45
    endloop
  endfacet
  facet normal -1 0 0
    outer loop
      vertex 0 24 0
      vertex 0 90 45
      vertex 0 192 0
    endloop
  endfacet
  facet normal -1 0 0
    outer loop
      vertex 0 33 72
      vertex 0 56 45
      vertex 0 33 19
    endloop
  endfacet
  facet normal -1 -0 0
    outer loop
      vertex 0 90 45
      vertex 0 33 19
      vertex 0 56 45
    endloop
  endfacet
  facet normal -1 0 0
    outer loop
      vertex 0 90 45
      vertex 0 24 0
      vertex 0 33 19
    endloop
  endfacet
  facet normal -1 -0 0
    outer loop
      vertex 0 33 19
      vertex 0 24 0
      vertex 0 24 19
    endloop
  endfacet
  facet normal -1 0 0
    outer loop
      vertex 0 160 69
      vertex 0 183 72
      vertex 0 160 45
    endloop
  endfacet
  facet normal -1 0 0
    outer loop
      vertex 0 126 69
      vertex 0 183 72
      vertex 0 160 69
    endloop
  endfacet
  facet normal -1 0 0
    outer loop
      vertex 0 90 69
      vertex 0 126 69
      vertex 0 90 45
    endloop
  endfacet
  facet normal -1 0 0
    outer loop
      vertex 0 90 69
      vertex 0 183 72
      vertex 0 126 69
    endloop
  endfacet
  facet normal -1 0 0
    outer loop
      vertex 0 33 72
      vertex 0 90 69
      vertex 0 56 69
    endloop
  endfacet
  facet normal -1 0 0
    outer loop
      vertex 0 90 69
      vertex 0 33 72
      vertex 0 183 72
    endloop
  endfacet
  facet normal -1 0 0
    outer loop
      vertex 0 56 45
      vertex 0 33 72
      vertex 0 56 69
    endloop
  endfacet
  facet normal 0.300711 -0.953715 0
    outer loop
      vertex 75.7765 21.1022 0
      vertex 76.0261 21.1809 19
      vertex 75.7765 21.1022 19
    endloop
  endfacet
  facet normal 0.300711 -0.953715 0
    outer loop
      vertex 76.0261 21.1809 19
      vertex 75.7765 21.1022 0
      vertex 76.0261 21.1809 0
    endloop
  endfacet
  facet normal -0.976312 -0.21637 -3.60005e-21
    outer loop
      vertex 0.102222 23.2235 0
      vertex 0.0455761 23.4791 19
      vertex 0.0455761 23.4791 0
    endloop
  endfacet
  facet normal -0.976312 -0.21637 -3.60005e-21
    outer loop
      vertex 0.0455761 23.4791 19
      vertex 0.102222 23.2235 0
      vertex 0.102222 23.2235 19
    endloop
  endfacet
  facet normal 0.216202 0.976349 -0
    outer loop
      vertex 75.7765 42.8978 0
      vertex 75.5209 42.9544 19
      vertex 75.7765 42.8978 19
    endloop
  endfacet
  facet normal 0.216202 0.976349 0
    outer loop
      vertex 75.5209 42.9544 19
      vertex 75.7765 42.8978 0
      vertex 75.5209 42.9544 0
    endloop
  endfacet
  facet normal -0.793447 -0.608639 -1.47282e-19
    outer loop
      vertex 0.701866 22.0716 0
      vertex 0.542543 22.2793 19
      vertex 0.542543 22.2793 0
    endloop
  endfacet
  facet normal -0.793447 -0.608639 -1.47282e-19
    outer loop
      vertex 0.542543 22.2793 19
      vertex 0.701866 22.0716 0
      vertex 0.701866 22.0716 19
    endloop
  endfacet
  facet normal 0.887048 -0.461678 -3.19027e-20
    outer loop
      vertex 77.5981 22.5 19
      vertex 77.7189 22.7321 0
      vertex 77.7189 22.7321 19
    endloop
  endfacet
  facet normal 0.887048 -0.461678 -3.19027e-20
    outer loop
      vertex 77.7189 22.7321 0
      vertex 77.5981 22.5 19
      vertex 77.5981 22.5 0
    endloop
  endfacet
  facet normal 0.130712 0.99142 -0
    outer loop
      vertex 75.5209 42.9544 0
      vertex 75.2615 42.9886 19
      vertex 75.5209 42.9544 19
    endloop
  endfacet
  facet normal 0.130712 0.99142 0
    outer loop
      vertex 75.2615 42.9886 19
      vertex 75.5209 42.9544 0
      vertex 75.2615 42.9886 0
    endloop
  endfacet
  facet normal 0 1 -0
    outer loop
      vertex 75 43 0
      vertex 13 43 19
      vertex 75 43 19
    endloop
  endfacet
  facet normal 0 1 0
    outer loop
      vertex 13 43 19
      vertex 75 43 0
      vertex 13 43 0
    endloop
  endfacet
  facet normal 0.608824 0.793305 -0
    outer loop
      vertex 76.9284 42.2981 0
      vertex 76.7207 42.4575 19
      vertex 76.9284 42.2981 19
    endloop
  endfacet
  facet normal 0.608824 0.793305 0
    outer loop
      vertex 76.7207 42.4575 19
      vertex 76.9284 42.2981 0
      vertex 76.7207 42.4575 0
    endloop
  endfacet
  facet normal 0 0 1
    outer loop
      vertex 75 43 19
      vertex 78 40 19
      vertex 77.9886 40.2615 19
    endloop
  endfacet
  facet normal 0 0 1
    outer loop
      vertex 78 40 19
      vertex 67.7 32 19
      vertex 78 24 19
    endloop
  endfacet
  facet normal 0 0 1
    outer loop
      vertex 75 43 19
      vertex 77.9886 40.2615 19
      vertex 77.9544 40.5209 19
    endloop
  endfacet
  facet normal -0 0 1
    outer loop
      vertex 67.6935 31.8518 19
      vertex 78 24 19
      vertex 67.7 32 19
    endloop
  endfacet
  facet normal 0 0 1
    outer loop
      vertex 75 43 19
      vertex 77.9544 40.5209 19
      vertex 77.8978 40.7765 19
    endloop
  endfacet
  facet normal -0 0 1
    outer loop
      vertex 67.6742 31.7048 19
      vertex 78 24 19
      vertex 67.6935 31.8518 19
    endloop
  endfacet
  facet normal 0 0 1
    outer loop
      vertex 75 43 19
      vertex 77.8978 40.7765 19
      vertex 77.8191 41.0261 19
    endloop
  endfacet
  facet normal -0 0 1
    outer loop
      vertex 67.6421 31.56 19
      vertex 78 24 19
      vertex 67.6742 31.7048 19
    endloop
  endfacet
  facet normal 0 0 1
    outer loop
      vertex 75 43 19
      vertex 77.8191 41.0261 19
      vertex 77.7189 41.2679 19
    endloop
  endfacet
  facet normal -0 0 1
    outer loop
      vertex 67.5975 31.4186 19
      vertex 78 24 19
      vertex 67.6421 31.56 19
    endloop
  endfacet
  facet normal 0 0 1
    outer loop
      vertex 75 43 19
      vertex 77.7189 41.2679 19
      vertex 77.5981 41.5 19
    endloop
  endfacet
  facet normal -0 0 1
    outer loop
      vertex 67.5407 31.2815 19
      vertex 78 24 19
      vertex 67.5975 31.4186 19
    endloop
  endfacet
  facet normal 0 0 1
    outer loop
      vertex 75 43 19
      vertex 77.5981 41.5 19
      vertex 77.4575 41.7207 19
    endloop
  endfacet
  facet normal -0 0 1
    outer loop
      vertex 67.4722 31.15 19
      vertex 78 24 19
      vertex 67.5407 31.2815 19
    endloop
  endfacet
  facet normal 0 0 1
    outer loop
      vertex 75 43 19
      vertex 77.4575 41.7207 19
      vertex 77.2981 41.9284 19
    endloop
  endfacet
  facet normal -0 0 1
    outer loop
      vertex 67.3926 31.0249 19
      vertex 78 24 19
      vertex 67.4722 31.15 19
    endloop
  endfacet
  facet normal 0 0 1
    outer loop
      vertex 75 43 19
      vertex 77.2981 41.9284 19
      vertex 77.1213 42.1213 19
    endloop
  endfacet
  facet normal -0 0 1
    outer loop
      vertex 67.3023 30.9073 19
      vertex 78 24 19
      vertex 67.3926 31.0249 19
    endloop
  endfacet
  facet normal 0 0 1
    outer loop
      vertex 75 43 19
      vertex 77.1213 42.1213 19
      vertex 76.9284 42.2981 19
    endloop
  endfacet
  facet normal 0 -0 1
    outer loop
      vertex 75 21 19
      vertex 78 24 19
      vertex 67.3023 30.9073 19
    endloop
  endfacet
  facet normal 0 0 1
    outer loop
      vertex 75 43 19
      vertex 76.9284 42.2981 19
      vertex 76.7207 42.4575 19
    endloop
  endfacet
  facet normal 0 0 1
    outer loop
      vertex 77.9886 23.7385 19
      vertex 75 21 19
      vertex 77.9544 23.4791 19
    endloop
  endfacet
  facet normal 0 0 1
    outer loop
      vertex 75 43 19
      vertex 76.7207 42.4575 19
      vertex 76.5 42.5981 19
    endloop
  endfacet
  facet normal 0 0 1
    outer loop
      vertex 77.9544 23.4791 19
      vertex 75 21 19
      vertex 77.8978 23.2235 19
    endloop
  endfacet
  facet normal 0 0 1
    outer loop
      vertex 75 43 19
      vertex 76.5 42.5981 19
      vertex 76.2679 42.7189 19
    endloop
  endfacet
  facet normal 0 0 1
    outer loop
      vertex 77.8978 23.2235 19
      vertex 75 21 19
      vertex 77.8191 22.9739 19
    endloop
  endfacet
  facet normal 0 0 1
    outer loop
      vertex 75 43 19
      vertex 76.2679 42.7189 19
      vertex 76.0261 42.8191 19
    endloop
  endfacet
  facet normal 0 0 1
    outer loop
      vertex 77.8191 22.9739 19
      vertex 75 21 19
      vertex 77.7189 22.7321 19
    endloop
  endfacet
  facet normal 0 0 1
    outer loop
      vertex 75 43 19
      vertex 76.0261 42.8191 19
      vertex 75.7765 42.8978 19
    endloop
  endfacet
  facet normal 0 0 1
    outer loop
      vertex 77.5981 22.5 19
      vertex 75 21 19
      vertex 77.4575 22.2793 19
    endloop
  endfacet
  facet normal 0 0 1
    outer loop
      vertex 75 43 19
      vertex 75.7765 42.8978 19
      vertex 75.5209 42.9544 19
    endloop
  endfacet
  facet normal 0 0 1
    outer loop
      vertex 77.4575 22.2793 19
      vertex 75 21 19
      vertex 77.2981 22.0716 19
    endloop
  endfacet
  facet normal 0 0 1
    outer loop
      vertex 75 43 19
      vertex 75.5209 42.9544 19
      vertex 75.2615 42.9886 19
    endloop
  endfacet
  facet normal 0 0 1
    outer loop
      vertex 77.2981 22.0716 19
      vertex 75 21 19
      vertex 77.1213 21.8787 19
    endloop
  endfacet
  facet normal 0 0 1
    outer loop
      vertex 78 40 19
      vertex 75 43 19
      vertex 67.3023 33.0927 19
    endloop
  endfacet
  facet normal 0 0 1
    outer loop
      vertex 76.9284 21.7019 19
      vertex 75 21 19
      vertex 76.7207 21.5425 19
    endloop
  endfacet
  facet normal 0 0 1
    outer loop
      vertex 76.7207 21.5425 19
      vertex 75 21 19
      vertex 76.5 21.4019 19
    endloop
  endfacet
  facet normal 0 0 1
    outer loop
      vertex 78 40 19
      vertex 67.6935 32.1482 19
      vertex 67.7 32 19
    endloop
  endfacet
  facet normal 0 0 1
    outer loop
      vertex 78 40 19
      vertex 67.6742 32.2952 19
      vertex 67.6935 32.1482 19
    endloop
  endfacet
  facet normal 0 0 1
    outer loop
      vertex 78 40 19
      vertex 67.6421 32.44 19
      vertex 67.6742 32.2952 19
    endloop
  endfacet
  facet normal 0 0 1
    outer loop
      vertex 78 40 19
      vertex 67.5975 32.5814 19
      vertex 67.6421 32.44 19
    endloop
  endfacet
  facet normal 0 0 1
    outer loop
      vertex 78 40 19
      vertex 67.5407 32.7185 19
      vertex 67.5975 32.5814 19
    endloop
  endfacet
  facet normal 0 0 1
    outer loop
      vertex 78 40 19
      vertex 67.4722 32.85 19
      vertex 67.5407 32.7185 19
    endloop
  endfacet
  facet normal 0 0 1
    outer loop
      vertex 78 40 19
      vertex 67.3926 32.9751 19
      vertex 67.4722 32.85 19
    endloop
  endfacet
  facet normal 0 0 1
    outer loop
      vertex 78 40 19
      vertex 67.3023 33.0927 19
      vertex 67.3926 32.9751 19
    endloop
  endfacet
  facet normal 0 0 1
    outer loop
      vertex 75 43 19
      vertex 67.2021 33.2021 19
      vertex 67.3023 33.0927 19
    endloop
  endfacet
  facet normal 0 0 1
    outer loop
      vertex 75 43 19
      vertex 67.0927 33.3023 19
      vertex 67.2021 33.2021 19
    endloop
  endfacet
  facet normal 0 0 1
    outer loop
      vertex 75 43 19
      vertex 66.9751 33.3926 19
      vertex 67.0927 33.3023 19
    endloop
  endfacet
  facet normal 0 0 1
    outer loop
      vertex 75 43 19
      vertex 66.85 33.4722 19
      vertex 66.9751 33.3926 19
    endloop
  endfacet
  facet normal 0 0 1
    outer loop
      vertex 75 43 19
      vertex 66.7185 33.5407 19
      vertex 66.85 33.4722 19
    endloop
  endfacet
  facet normal 0 0 1
    outer loop
      vertex 75 43 19
      vertex 66.5814 33.5975 19
      vertex 66.7185 33.5407 19
    endloop
  endfacet
  facet normal 0 0 1
    outer loop
      vertex 75 43 19
      vertex 66.44 33.6421 19
      vertex 66.5814 33.5975 19
    endloop
  endfacet
  facet normal 0 0 1
    outer loop
      vertex 75 43 19
      vertex 66.2952 33.6742 19
      vertex 66.44 33.6421 19
    endloop
  endfacet
  facet normal 0 0 1
    outer loop
      vertex 75 43 19
      vertex 66.1482 33.6935 19
      vertex 66.2952 33.6742 19
    endloop
  endfacet
  facet normal 0 0 1
    outer loop
      vertex 75 43 19
      vertex 66 33.7 19
      vertex 66.1482 33.6935 19
    endloop
  endfacet
  facet normal 0 0 1
    outer loop
      vertex 75 43 19
      vertex 65.8518 33.6935 19
      vertex 66 33.7 19
    endloop
  endfacet
  facet normal 0 0 1
    outer loop
      vertex 75 43 19
      vertex 65.7048 33.6742 19
      vertex 65.8518 33.6935 19
    endloop
  endfacet
  facet normal 0 0 1
    outer loop
      vertex 75 43 19
      vertex 65.56 33.6421 19
      vertex 65.7048 33.6742 19
    endloop
  endfacet
  facet normal 0 0 1
    outer loop
      vertex 75 43 19
      vertex 65.4186 33.5975 19
      vertex 65.56 33.6421 19
    endloop
  endfacet
  facet normal 0 0 1
    outer loop
      vertex 75 43 19
      vertex 65.2815 33.5407 19
      vertex 65.4186 33.5975 19
    endloop
  endfacet
  facet normal 0 0 1
    outer loop
      vertex 75 43 19
      vertex 65.15 33.4722 19
      vertex 65.2815 33.5407 19
    endloop
  endfacet
  facet normal 0 0 1
    outer loop
      vertex 75 43 19
      vertex 65.0249 33.3926 19
      vertex 65.15 33.4722 19
    endloop
  endfacet
  facet normal -0 0 1
    outer loop
      vertex 13 43 19
      vertex 65.0249 33.3926 19
      vertex 75 43 19
    endloop
  endfacet
  facet normal 0 0 1
    outer loop
      vertex 65.0249 33.3926 19
      vertex 13 43 19
      vertex 64.9073 33.3023 19
    endloop
  endfacet
  facet normal 0 0 1
    outer loop
      vertex 64.3258 32.2952 19
      vertex 13 33 19
      vertex 64.3065 32.1482 19
    endloop
  endfacet
  facet normal -0 0 1
    outer loop
      vertex 13 33 19
      vertex 64.3258 32.2952 19
      vertex 13 43 19
    endloop
  endfacet
  facet normal 0 0 1
    outer loop
      vertex 64.3579 32.44 19
      vertex 13 43 19
      vertex 64.3258 32.2952 19
    endloop
  endfacet
  facet normal 0 0 1
    outer loop
      vertex 64.4025 32.5814 19
      vertex 13 43 19
      vertex 64.3579 32.44 19
    endloop
  endfacet
  facet normal 0 0 1
    outer loop
      vertex 64.4593 32.7185 19
      vertex 13 43 19
      vertex 64.4025 32.5814 19
    endloop
  endfacet
  facet normal 0 0 1
    outer loop
      vertex 64.5278 32.85 19
      vertex 13 43 19
      vertex 64.4593 32.7185 19
    endloop
  endfacet
  facet normal 0 0 1
    outer loop
      vertex 64.6074 32.9751 19
      vertex 13 43 19
      vertex 64.5278 32.85 19
    endloop
  endfacet
  facet normal 0 0 1
    outer loop
      vertex 64.6977 33.0927 19
      vertex 13 43 19
      vertex 64.6074 32.9751 19
    endloop
  endfacet
  facet normal 0 0 1
    outer loop
      vertex 64.7979 33.2021 19
      vertex 13 43 19
      vertex 64.6977 33.0927 19
    endloop
  endfacet
  facet normal 0 0 1
    outer loop
      vertex 64.9073 33.3023 19
      vertex 13 43 19
      vertex 64.7979 33.2021 19
    endloop
  endfacet
  facet normal 0 0 1
    outer loop
      vertex 76.5 21.4019 19
      vertex 75 21 19
      vertex 76.2679 21.2811 19
    endloop
  endfacet
  facet normal 0 0 1
    outer loop
      vertex 76.2679 21.2811 19
      vertex 75 21 19
      vertex 76.0261 21.1809 19
    endloop
  endfacet
  facet normal 0 0 1
    outer loop
      vertex 75.7765 21.1022 19
      vertex 75 21 19
      vertex 75.5209 21.0456 19
    endloop
  endfacet
  facet normal 0 0 1
    outer loop
      vertex 75.5209 21.0456 19
      vertex 75 21 19
      vertex 75.2615 21.0114 19
    endloop
  endfacet
  facet normal 0 0 1
    outer loop
      vertex 76.0261 21.1809 19
      vertex 75 21 19
      vertex 75.7765 21.1022 19
    endloop
  endfacet
  facet normal 0 0 1
    outer loop
      vertex 77.1213 21.8787 19
      vertex 75 21 19
      vertex 76.9284 21.7019 19
    endloop
  endfacet
  facet normal 0 0 1
    outer loop
      vertex 77.7189 22.7321 19
      vertex 75 21 19
      vertex 77.5981 22.5 19
    endloop
  endfacet
  facet normal 0 0 1
    outer loop
      vertex 78 24 19
      vertex 75 21 19
      vertex 77.9886 23.7385 19
    endloop
  endfacet
  facet normal -0 0 1
    outer loop
      vertex 67.2021 30.7979 19
      vertex 75 21 19
      vertex 67.3023 30.9073 19
    endloop
  endfacet
  facet normal -0 0 1
    outer loop
      vertex 67.0927 30.6977 19
      vertex 75 21 19
      vertex 67.2021 30.7979 19
    endloop
  endfacet
  facet normal -0 0 1
    outer loop
      vertex 66.9751 30.6074 19
      vertex 75 21 19
      vertex 67.0927 30.6977 19
    endloop
  endfacet
  facet normal -0 0 1
    outer loop
      vertex 66.85 30.5278 19
      vertex 75 21 19
      vertex 66.9751 30.6074 19
    endloop
  endfacet
  facet normal -0 0 1
    outer loop
      vertex 66.7185 30.4593 19
      vertex 75 21 19
      vertex 66.85 30.5278 19
    endloop
  endfacet
  facet normal -0 0 1
    outer loop
      vertex 66.5814 30.4025 19
      vertex 75 21 19
      vertex 66.7185 30.4593 19
    endloop
  endfacet
  facet normal -0 0 1
    outer loop
      vertex 66.44 30.3579 19
      vertex 75 21 19
      vertex 66.5814 30.4025 19
    endloop
  endfacet
  facet normal -0 0 1
    outer loop
      vertex 66.2952 30.3258 19
      vertex 75 21 19
      vertex 66.44 30.3579 19
    endloop
  endfacet
  facet normal -0 0 1
    outer loop
      vertex 66.1482 30.3065 19
      vertex 75 21 19
      vertex 66.2952 30.3258 19
    endloop
  endfacet
  facet normal -0 0 1
    outer loop
      vertex 66 30.3 19
      vertex 75 21 19
      vertex 66.1482 30.3065 19
    endloop
  endfacet
  facet normal 0 0 1
    outer loop
      vertex 65.8518 30.3065 19
      vertex 75 21 19
      vertex 66 30.3 19
    endloop
  endfacet
  facet normal 0 0 1
    outer loop
      vertex 65.7048 30.3258 19
      vertex 75 21 19
      vertex 65.8518 30.3065 19
    endloop
  endfacet
  facet normal 0 0 1
    outer loop
      vertex 65.56 30.3579 19
      vertex 75 21 19
      vertex 65.7048 30.3258 19
    endloop
  endfacet
  facet normal 0 0 1
    outer loop
      vertex 65.4186 30.4025 19
      vertex 75 21 19
      vertex 65.56 30.3579 19
    endloop
  endfacet
  facet normal 0 0 1
    outer loop
      vertex 65.2815 30.4593 19
      vertex 75 21 19
      vertex 65.4186 30.4025 19
    endloop
  endfacet
  facet normal 0 0 1
    outer loop
      vertex 65.15 30.5278 19
      vertex 75 21 19
      vertex 65.2815 30.4593 19
    endloop
  endfacet
  facet normal 0 0 1
    outer loop
      vertex 65.0249 30.6074 19
      vertex 75 21 19
      vertex 65.15 30.5278 19
    endloop
  endfacet
  facet normal 0 0 1
    outer loop
      vertex 3 21 19
      vertex 65.0249 30.6074 19
      vertex 64.9073 30.6977 19
    endloop
  endfacet
  facet normal -0 0 1
    outer loop
      vertex 11.9284 30.7019 19
      vertex 64.9073 30.6977 19
      vertex 64.7979 30.7979 19
    endloop
  endfacet
  facet normal 0 0 1
    outer loop
      vertex 64.3065 32.1482 19
      vertex 13 33 19
      vertex 64.3 32 19
    endloop
  endfacet
  facet normal -0 0 1
    outer loop
      vertex 12.9886 32.7385 19
      vertex 64.3 32 19
      vertex 13 33 19
    endloop
  endfacet
  facet normal 0 0 1
    outer loop
      vertex 64.3 32 19
      vertex 12.9886 32.7385 19
      vertex 64.3065 31.8518 19
    endloop
  endfacet
  facet normal -0 0 1
    outer loop
      vertex 12.9544 32.4791 19
      vertex 64.3065 31.8518 19
      vertex 12.9886 32.7385 19
    endloop
  endfacet
  facet normal 0 0 1
    outer loop
      vertex 64.3065 31.8518 19
      vertex 12.9544 32.4791 19
      vertex 64.3258 31.7048 19
    endloop
  endfacet
  facet normal -0 0 1
    outer loop
      vertex 12.8978 32.2235 19
      vertex 64.3258 31.7048 19
      vertex 12.9544 32.4791 19
    endloop
  endfacet
  facet normal 0 0 1
    outer loop
      vertex 64.3258 31.7048 19
      vertex 12.8978 32.2235 19
      vertex 64.3579 31.56 19
    endloop
  endfacet
  facet normal -0 0 1
    outer loop
      vertex 12.8191 31.9739 19
      vertex 64.3579 31.56 19
      vertex 12.8978 32.2235 19
    endloop
  endfacet
  facet normal 0 0 1
    outer loop
      vertex 64.3579 31.56 19
      vertex 12.8191 31.9739 19
      vertex 64.4025 31.4186 19
    endloop
  endfacet
  facet normal -0 0 1
    outer loop
      vertex 12.7189 31.7321 19
      vertex 64.4025 31.4186 19
      vertex 12.8191 31.9739 19
    endloop
  endfacet
  facet normal 0 0 1
    outer loop
      vertex 64.4025 31.4186 19
      vertex 12.7189 31.7321 19
      vertex 64.4593 31.2815 19
    endloop
  endfacet
  facet normal -0 0 1
    outer loop
      vertex 12.5981 31.5 19
      vertex 64.4593 31.2815 19
      vertex 12.7189 31.7321 19
    endloop
  endfacet
  facet normal 0 0 1
    outer loop
      vertex 64.4593 31.2815 19
      vertex 12.5981 31.5 19
      vertex 64.5278 31.15 19
    endloop
  endfacet
  facet normal -0 0 1
    outer loop
      vertex 12.4575 31.2793 19
      vertex 64.5278 31.15 19
      vertex 12.5981 31.5 19
    endloop
  endfacet
  facet normal 0 0 1
    outer loop
      vertex 64.5278 31.15 19
      vertex 12.4575 31.2793 19
      vertex 64.6074 31.0249 19
    endloop
  endfacet
  facet normal 0 0 1
    outer loop
      vertex 64.6074 31.0249 19
      vertex 12.4575 31.2793 19
      vertex 64.6977 30.9073 19
    endloop
  endfacet
  facet normal -0 0 1
    outer loop
      vertex 12.2981 31.0716 19
      vertex 64.6977 30.9073 19
      vertex 12.4575 31.2793 19
    endloop
  endfacet
  facet normal 0 0 1
    outer loop
      vertex 64.6977 30.9073 19
      vertex 12.2981 31.0716 19
      vertex 64.7979 30.7979 19
    endloop
  endfacet
  facet normal -0 0 1
    outer loop
      vertex 12.1213 30.8787 19
      vertex 64.7979 30.7979 19
      vertex 12.2981 31.0716 19
    endloop
  endfacet
  facet normal 0 0 1
    outer loop
      vertex 11.9284 30.7019 19
      vertex 64.7979 30.7979 19
      vertex 12.1213 30.8787 19
    endloop
  endfacet
  facet normal 0 0 1
    outer loop
      vertex 64.9073 30.6977 19
      vertex 11.9284 30.7019 19
      vertex 3 21 19
    endloop
  endfacet
  facet normal 0 0 1
    outer loop
      vertex 3 21 19
      vertex 11.9284 30.7019 19
      vertex 11.7207 30.5425 19
    endloop
  endfacet
  facet normal 0 0 1
    outer loop
      vertex 3 21 19
      vertex 11.7207 30.5425 19
      vertex 11.5 30.4019 19
    endloop
  endfacet
  facet normal 0 0 1
    outer loop
      vertex 3 21 19
      vertex 11.5 30.4019 19
      vertex 11.2679 30.2811 19
    endloop
  endfacet
  facet normal 0 0 1
    outer loop
      vertex 3 21 19
      vertex 11.2679 30.2811 19
      vertex 11.0261 30.1809 19
    endloop
  endfacet
  facet normal 0 0 1
    outer loop
      vertex 3 21 19
      vertex 11.0261 30.1809 19
      vertex 10.7765 30.1022 19
    endloop
  endfacet
  facet normal 0 0 1
    outer loop
      vertex 3 21 19
      vertex 10.7765 30.1022 19
      vertex 10.5209 30.0456 19
    endloop
  endfacet
  facet normal 0 0 1
    outer loop
      vertex 3 21 19
      vertex 10.5209 30.0456 19
      vertex 10.2615 30.0114 19
    endloop
  endfacet
  facet normal 0 0 1
    outer loop
      vertex 3 21 19
      vertex 10.2615 30.0114 19
      vertex 10 30 19
    endloop
  endfacet
  facet normal 0 0 1
    outer loop
      vertex 3 21 19
      vertex 10 30 19
      vertex 3 30 19
    endloop
  endfacet
  facet normal 0 0 1
    outer loop
      vertex 65.0249 30.6074 19
      vertex 3 21 19
      vertex 75 21 19
    endloop
  endfacet
  facet normal 0 0 1
    outer loop
      vertex 0 24 19
      vertex 3 30 19
      vertex 2.73853 30.0114 19
    endloop
  endfacet
  facet normal 0 0 1
    outer loop
      vertex 3 30 19
      vertex 0 24 19
      vertex 3 21 19
    endloop
  endfacet
  facet normal 0 0 1
    outer loop
      vertex 0 24 19
      vertex 2.73853 30.0114 19
      vertex 2.47906 30.0456 19
    endloop
  endfacet
  facet normal 0 0 1
    outer loop
      vertex 3 21 19
      vertex 0 24 19
      vertex 2.73853 21.0114 19
    endloop
  endfacet
  facet normal 0 0 1
    outer loop
      vertex 0 24 19
      vertex 2.47906 30.0456 19
      vertex 2.22354 30.1022 19
    endloop
  endfacet
  facet normal 0 0 1
    outer loop
      vertex 2.73853 21.0114 19
      vertex 0 24 19
      vertex 2.47906 21.0456 19
    endloop
  endfacet
  facet normal 0 0 1
    outer loop
      vertex 0 24 19
      vertex 2.22354 30.1022 19
      vertex 1.97394 30.1809 19
    endloop
  endfacet
  facet normal 0 0 1
    outer loop
      vertex 2.47906 21.0456 19
      vertex 0 24 19
      vertex 2.22354 21.1022 19
    endloop
  endfacet
  facet normal 0 0 1
    outer loop
      vertex 0 24 19
      vertex 1.97394 30.1809 19
      vertex 1.73214 30.2811 19
    endloop
  endfacet
  facet normal 0 0 1
    outer loop
      vertex 2.22354 21.1022 19
      vertex 0 24 19
      vertex 1.97394 21.1809 19
    endloop
  endfacet
  facet normal 0 0 1
    outer loop
      vertex 0 24 19
      vertex 1.73214 30.2811 19
      vertex 1.5 30.4019 19
    endloop
  endfacet
  facet normal 0 0 1
    outer loop
      vertex 1.97394 21.1809 19
      vertex 0 24 19
      vertex 1.73214 21.2811 19
    endloop
  endfacet
  facet normal 0 0 1
    outer loop
      vertex 0 24 19
      vertex 1.5 30.4019 19
      vertex 1.27927 30.5425 19
    endloop
  endfacet
  facet normal 0 0 1
    outer loop
      vertex 1.73214 21.2811 19
      vertex 0 24 19
      vertex 1.5 21.4019 19
    endloop
  endfacet
  facet normal 0 0 1
    outer loop
      vertex 0 24 19
      vertex 1.27927 30.5425 19
      vertex 1.07164 30.7019 19
    endloop
  endfacet
  facet normal 0 0 1
    outer loop
      vertex 1.5 21.4019 19
      vertex 0 24 19
      vertex 1.27927 21.5425 19
    endloop
  endfacet
  facet normal 0 0 1
    outer loop
      vertex 0 24 19
      vertex 1.07164 30.7019 19
      vertex 0.878679 30.8787 19
    endloop
  endfacet
  facet normal 0 0 1
    outer loop
      vertex 1.27927 21.5425 19
      vertex 0 24 19
      vertex 1.07164 21.7019 19
    endloop
  endfacet
  facet normal 0 0 1
    outer loop
      vertex 0 24 19
      vertex 0.878679 30.8787 19
      vertex 0.701866 31.0716 19
    endloop
  endfacet
  facet normal 0 0 1
    outer loop
      vertex 1.07164 21.7019 19
      vertex 0 24 19
      vertex 0.878679 21.8787 19
    endloop
  endfacet
  facet normal 0 0 1
    outer loop
      vertex 0 24 19
      vertex 0.701866 31.0716 19
      vertex 0.542543 31.2793 19
    endloop
  endfacet
  facet normal 0 0 1
    outer loop
      vertex 0.878679 21.8787 19
      vertex 0 24 19
      vertex 0.701866 22.0716 19
    endloop
  endfacet
  facet normal 0 0 1
    outer loop
      vertex 0 24 19
      vertex 0.542543 31.2793 19
      vertex 0.401923 31.5 19
    endloop
  endfacet
  facet normal 0 0 1
    outer loop
      vertex 0.701866 22.0716 19
      vertex 0 24 19
      vertex 0.542543 22.2793 19
    endloop
  endfacet
  facet normal 0 0 1
    outer loop
      vertex 0 24 19
      vertex 0.401923 31.5 19
      vertex 0.281076 31.7321 19
    endloop
  endfacet
  facet normal 0 0 1
    outer loop
      vertex 0.542543 22.2793 19
      vertex 0 24 19
      vertex 0.401923 22.5 19
    endloop
  endfacet
  facet normal 0 0 1
    outer loop
      vertex 0 24 19
      vertex 0.281076 31.7321 19
      vertex 0.180922 31.9739 19
    endloop
  endfacet
  facet normal 0 0 1
    outer loop
      vertex 0.401923 22.5 19
      vertex 0 24 19
      vertex 0.281076 22.7321 19
    endloop
  endfacet
  facet normal 0 0 1
    outer loop
      vertex 0 24 19
      vertex 0.180922 31.9739 19
      vertex 0.102222 32.2235 19
    endloop
  endfacet
  facet normal 0 0 1
    outer loop
      vertex 0.281076 22.7321 19
      vertex 0 24 19
      vertex 0.180922 22.9739 19
    endloop
  endfacet
  facet normal 0 0 1
    outer loop
      vertex 0 24 19
      vertex 0.102222 32.2235 19
      vertex 0.0455761 32.4791 19
    endloop
  endfacet
  facet normal 0 0 1
    outer loop
      vertex 0.180922 22.9739 19
      vertex 0 24 19
      vertex 0.102222 23.2235 19
    endloop
  endfacet
  facet normal 0 0 1
    outer loop
      vertex 0 24 19
      vertex 0.0455761 32.4791 19
      vertex 0.0114155 32.7385 19
    endloop
  endfacet
  facet normal 0 0 1
    outer loop
      vertex 0.102222 23.2235 19
      vertex 0 24 19
      vertex 0.0455761 23.4791 19
    endloop
  endfacet
  facet normal 0 0 1
    outer loop
      vertex 0 24 19
      vertex 0.0114155 32.7385 19
      vertex 0 33 19
    endloop
  endfacet
  facet normal 0 0 1
    outer loop
      vertex 0.0455761 23.4791 19
      vertex 0 24 19
      vertex 0.0114155 23.7385 19
    endloop
  endfacet
  facet normal -0.461615 -0.88708 0
    outer loop
      vertex 1.5 21.4019 0
      vertex 1.73214 21.2811 19
      vertex 1.5 21.4019 19
    endloop
  endfacet
  facet normal -0.461615 -0.88708 -0
    outer loop
      vertex 1.73214 21.2811 19
      vertex 1.5 21.4019 0
      vertex 1.73214 21.2811 0
    endloop
  endfacet
  facet normal 0.0435533 0.999051 -0
    outer loop
      vertex 75.2615 42.9886 0
      vertex 75 43 19
      vertex 75.2615 42.9886 19
    endloop
  endfacet
  facet normal 0.0435533 0.999051 0
    outer loop
      vertex 75 43 19
      vertex 75.2615 42.9886 0
      vertex 75 43 0
    endloop
  endfacet
  facet normal -0.537244 -0.843427 0
    outer loop
      vertex 1.27927 21.5425 0
      vertex 1.5 21.4019 19
      vertex 1.27927 21.5425 19
    endloop
  endfacet
  facet normal -0.537244 -0.843427 -0
    outer loop
      vertex 1.5 21.4019 19
      vertex 1.27927 21.5425 0
      vertex 1.5 21.4019 0
    endloop
  endfacet
  facet normal -0.999049 -0.0436124 -2.34745e-20
    outer loop
      vertex 0.0114155 23.7385 0
      vertex 0 24 19
      vertex 0 24 0
    endloop
  endfacet
  facet normal -0.999049 -0.0436124 -2.34745e-20
    outer loop
      vertex 0 24 19
      vertex 0.0114155 23.7385 0
      vertex 0.0114155 23.7385 19
    endloop
  endfacet
  facet normal 0.675673 0.737202 -0
    outer loop
      vertex 77.1213 42.1213 0
      vertex 76.9284 42.2981 19
      vertex 77.1213 42.1213 19
    endloop
  endfacet
  facet normal 0.675673 0.737202 0
    outer loop
      vertex 76.9284 42.2981 19
      vertex 77.1213 42.1213 0
      vertex 76.9284 42.2981 0
    endloop
  endfacet
  facet normal -0.216267 -0.976334 0
    outer loop
      vertex 2.22354 21.1022 0
      vertex 2.47906 21.0456 19
      vertex 2.22354 21.1022 19
    endloop
  endfacet
  facet normal -0.216267 -0.976334 -0
    outer loop
      vertex 2.47906 21.0456 19
      vertex 2.22354 21.1022 0
      vertex 2.47906 21.0456 0
    endloop
  endfacet
  facet normal 0.382824 -0.923821 0
    outer loop
      vertex 76.0261 21.1809 0
      vertex 76.2679 21.2811 19
      vertex 76.0261 21.1809 19
    endloop
  endfacet
  facet normal 0.382824 -0.923821 0
    outer loop
      vertex 76.2679 21.2811 19
      vertex 76.0261 21.1809 0
      vertex 76.2679 21.2811 0
    endloop
  endfacet
  facet normal 0.99142 -0.130712 -1.57071e-19
    outer loop
      vertex 77.9544 23.4791 19
      vertex 77.9886 23.7385 0
      vertex 77.9886 23.7385 19
    endloop
  endfacet
  facet normal 0.99142 -0.130712 -1.57071e-19
    outer loop
      vertex 77.9886 23.7385 0
      vertex 77.9544 23.4791 19
      vertex 77.9544 23.4791 0
    endloop
  endfacet
  facet normal 0.793305 0.608824 -5.2178e-19
    outer loop
      vertex 77.4575 41.7207 19
      vertex 77.2981 41.9284 0
      vertex 77.2981 41.9284 19
    endloop
  endfacet
  facet normal 0.793305 0.608824 -5.2178e-19
    outer loop
      vertex 77.2981 41.9284 0
      vertex 77.4575 41.7207 19
      vertex 77.4575 41.7207 0
    endloop
  endfacet
  facet normal -0.382824 -0.923821 0
    outer loop
      vertex 1.73214 21.2811 0
      vertex 1.97394 21.1809 19
      vertex 1.73214 21.2811 19
    endloop
  endfacet
  facet normal -0.382824 -0.923821 -0
    outer loop
      vertex 1.97394 21.1809 19
      vertex 1.73214 21.2811 0
      vertex 1.97394 21.1809 0
    endloop
  endfacet
  facet normal -0.300711 -0.953715 0
    outer loop
      vertex 1.97394 21.1809 0
      vertex 2.22354 21.1022 19
      vertex 1.97394 21.1809 19
    endloop
  endfacet
  facet normal -0.300711 -0.953715 -0
    outer loop
      vertex 2.22354 21.1022 19
      vertex 1.97394 21.1809 0
      vertex 2.22354 21.1022 0
    endloop
  endfacet
  facet normal -0.130677 -0.991425 0
    outer loop
      vertex 2.47906 21.0456 0
      vertex 2.73853 21.0114 19
      vertex 2.47906 21.0456 19
    endloop
  endfacet
  facet normal -0.130677 -0.991425 -0
    outer loop
      vertex 2.73853 21.0114 19
      vertex 2.47906 21.0456 0
      vertex 2.73853 21.0114 0
    endloop
  endfacet
  facet normal 0.216202 -0.976349 0
    outer loop
      vertex 75.5209 21.0456 0
      vertex 75.7765 21.1022 19
      vertex 75.5209 21.0456 19
    endloop
  endfacet
  facet normal 0.216202 -0.976349 0
    outer loop
      vertex 75.7765 21.1022 19
      vertex 75.5209 21.0456 0
      vertex 75.7765 21.1022 0
    endloop
  endfacet
  facet normal 0.976349 -0.216202 3.36323e-21
    outer loop
      vertex 77.8978 23.2235 19
      vertex 77.9544 23.4791 0
      vertex 77.9544 23.4791 19
    endloop
  endfacet
  facet normal 0.976349 -0.216202 3.36323e-21
    outer loop
      vertex 77.9544 23.4791 0
      vertex 77.8978 23.2235 19
      vertex 77.8978 23.2235 0
    endloop
  endfacet
  facet normal 0.99142 0.130712 1.57071e-19
    outer loop
      vertex 77.9886 40.2615 19
      vertex 77.9544 40.5209 0
      vertex 77.9544 40.5209 19
    endloop
  endfacet
  facet normal 0.99142 0.130712 1.57071e-19
    outer loop
      vertex 77.9544 40.5209 0
      vertex 77.9886 40.2615 19
      vertex 77.9886 40.2615 0
    endloop
  endfacet
  facet normal 0.382824 0.923821 -0
    outer loop
      vertex 76.2679 42.7189 0
      vertex 76.0261 42.8191 19
      vertex 76.2679 42.7189 19
    endloop
  endfacet
  facet normal 0.382824 0.923821 0
    outer loop
      vertex 76.0261 42.8191 19
      vertex 76.2679 42.7189 0
      vertex 76.0261 42.8191 0
    endloop
  endfacet
  facet normal 0.675673 -0.737202 0
    outer loop
      vertex 76.9284 21.7019 0
      vertex 77.1213 21.8787 19
      vertex 76.9284 21.7019 19
    endloop
  endfacet
  facet normal 0.675673 -0.737202 0
    outer loop
      vertex 77.1213 21.8787 19
      vertex 76.9284 21.7019 0
      vertex 77.1213 21.8787 0
    endloop
  endfacet
  facet normal 0.300711 0.953715 -0
    outer loop
      vertex 76.0261 42.8191 0
      vertex 75.7765 42.8978 19
      vertex 76.0261 42.8191 19
    endloop
  endfacet
  facet normal 0.300711 0.953715 0
    outer loop
      vertex 75.7765 42.8978 19
      vertex 76.0261 42.8191 0
      vertex 75.7765 42.8978 0
    endloop
  endfacet
  facet normal 0.461678 0.887048 -0
    outer loop
      vertex 76.5 42.5981 0
      vertex 76.2679 42.7189 19
      vertex 76.5 42.5981 19
    endloop
  endfacet
  facet normal 0.461678 0.887048 0
    outer loop
      vertex 76.2679 42.7189 19
      vertex 76.5 42.5981 0
      vertex 76.2679 42.7189 0
    endloop
  endfacet
  facet normal 0.999051 -0.0435533 -3.61638e-20
    outer loop
      vertex 77.9886 23.7385 19
      vertex 78 24 0
      vertex 78 24 19
    endloop
  endfacet
  facet normal 0.999051 -0.0435533 -3.61638e-20
    outer loop
      vertex 78 24 0
      vertex 77.9886 23.7385 19
      vertex 77.9886 23.7385 0
    endloop
  endfacet
  facet normal 0.737202 0.675673 6.27108e-19
    outer loop
      vertex 77.2981 41.9284 19
      vertex 77.1213 42.1213 0
      vertex 77.1213 42.1213 19
    endloop
  endfacet
  facet normal 0.737202 0.675673 6.27108e-19
    outer loop
      vertex 77.1213 42.1213 0
      vertex 77.2981 41.9284 19
      vertex 77.2981 41.9284 0
    endloop
  endfacet
  facet normal 0.0435533 -0.999051 0
    outer loop
      vertex 75 21 0
      vertex 75.2615 21.0114 19
      vertex 75 21 19
    endloop
  endfacet
  facet normal 0.0435533 -0.999051 0
    outer loop
      vertex 75.2615 21.0114 19
      vertex 75 21 0
      vertex 75.2615 21.0114 0
    endloop
  endfacet
  facet normal 0.537296 0.843394 -0
    outer loop
      vertex 76.7207 42.4575 0
      vertex 76.5 42.5981 19
      vertex 76.7207 42.4575 19
    endloop
  endfacet
  facet normal 0.537296 0.843394 0
    outer loop
      vertex 76.5 42.5981 19
      vertex 76.7207 42.4575 0
      vertex 76.5 42.5981 0
    endloop
  endfacet
  facet normal 0.923821 -0.382824 1.48837e-19
    outer loop
      vertex 77.7189 22.7321 19
      vertex 77.8191 22.9739 0
      vertex 77.8191 22.9739 19
    endloop
  endfacet
  facet normal 0.923821 -0.382824 1.48837e-19
    outer loop
      vertex 77.8191 22.9739 0
      vertex 77.7189 22.7321 19
      vertex 77.7189 22.7321 0
    endloop
  endfacet
  facet normal 0.793305 -0.608824 -3.3301e-19
    outer loop
      vertex 77.2981 22.0716 19
      vertex 77.4575 22.2793 0
      vertex 77.4575 22.2793 19
    endloop
  endfacet
  facet normal 0.793305 -0.608824 -3.3301e-19
    outer loop
      vertex 77.4575 22.2793 0
      vertex 77.2981 22.0716 19
      vertex 77.2981 22.0716 0
    endloop
  endfacet
  facet normal 0.537296 -0.843394 0
    outer loop
      vertex 76.5 21.4019 0
      vertex 76.7207 21.5425 19
      vertex 76.5 21.4019 19
    endloop
  endfacet
  facet normal 0.537296 -0.843394 0
    outer loop
      vertex 76.7207 21.5425 19
      vertex 76.5 21.4019 0
      vertex 76.7207 21.5425 0
    endloop
  endfacet
  facet normal -0.608954 -0.793206 0
    outer loop
      vertex 1.07164 21.7019 0
      vertex 1.27927 21.5425 19
      vertex 1.07164 21.7019 19
    endloop
  endfacet
  facet normal -0.608954 -0.793206 -0
    outer loop
      vertex 1.27927 21.5425 19
      vertex 1.07164 21.7019 0
      vertex 1.27927 21.5425 0
    endloop
  endfacet
  facet normal -0.737177 -0.6757 -6.52229e-19
    outer loop
      vertex 0.878679 21.8787 0
      vertex 0.701866 22.0716 19
      vertex 0.701866 22.0716 0
    endloop
  endfacet
  facet normal -0.737177 -0.6757 -6.52229e-19
    outer loop
      vertex 0.701866 22.0716 19
      vertex 0.878679 21.8787 0
      vertex 0.878679 21.8787 19
    endloop
  endfacet
  facet normal -0.886974 -0.461819 -3.078e-19
    outer loop
      vertex 0.401923 22.5 0
      vertex 0.281076 22.7321 19
      vertex 0.281076 22.7321 0
    endloop
  endfacet
  facet normal -0.886974 -0.461819 -3.078e-19
    outer loop
      vertex 0.281076 22.7321 19
      vertex 0.401923 22.5 0
      vertex 0.401923 22.5 19
    endloop
  endfacet
  facet normal 0.461678 -0.887048 0
    outer loop
      vertex 76.2679 21.2811 0
      vertex 76.5 21.4019 19
      vertex 76.2679 21.2811 19
    endloop
  endfacet
  facet normal 0.461678 -0.887048 0
    outer loop
      vertex 76.5 21.4019 19
      vertex 76.2679 21.2811 0
      vertex 76.5 21.4019 0
    endloop
  endfacet
  facet normal -0.843359 -0.53735 -2.26565e-20
    outer loop
      vertex 0.542543 22.2793 0
      vertex 0.401923 22.5 19
      vertex 0.401923 22.5 0
    endloop
  endfacet
  facet normal -0.843359 -0.53735 -2.26565e-20
    outer loop
      vertex 0.401923 22.5 19
      vertex 0.542543 22.2793 0
      vertex 0.542543 22.2793 19
    endloop
  endfacet
  facet normal -0.99144 -0.130564 5.52384e-20
    outer loop
      vertex 0.0455761 23.4791 0
      vertex 0.0114155 23.7385 19
      vertex 0.0114155 23.7385 0
    endloop
  endfacet
  facet normal -0.99144 -0.130564 5.52384e-20
    outer loop
      vertex 0.0114155 23.7385 19
      vertex 0.0455761 23.4791 0
      vertex 0.0455761 23.4791 19
    endloop
  endfacet
  facet normal 0.953715 0.300711 3.36509e-19
    outer loop
      vertex 77.8978 40.7765 19
      vertex 77.8191 41.0261 0
      vertex 77.8191 41.0261 19
    endloop
  endfacet
  facet normal 0.953715 0.300711 3.36509e-19
    outer loop
      vertex 77.8191 41.0261 0
      vertex 77.8978 40.7765 19
      vertex 77.8978 40.7765 0
    endloop
  endfacet
  facet normal 0.999051 0.0435533 -1.71348e-20
    outer loop
      vertex 78 40 19
      vertex 77.9886 40.2615 0
      vertex 77.9886 40.2615 19
    endloop
  endfacet
  facet normal 0.999051 0.0435533 -1.71348e-20
    outer loop
      vertex 77.9886 40.2615 0
      vertex 78 40 19
      vertex 78 40 0
    endloop
  endfacet
  facet normal 0.130712 -0.99142 0
    outer loop
      vertex 75.2615 21.0114 0
      vertex 75.5209 21.0456 19
      vertex 75.2615 21.0114 19
    endloop
  endfacet
  facet normal 0.130712 -0.99142 0
    outer loop
      vertex 75.5209 21.0456 19
      vertex 75.2615 21.0114 0
      vertex 75.5209 21.0456 0
    endloop
  endfacet
  facet normal 0.737202 -0.675673 -5.66814e-19
    outer loop
      vertex 77.1213 21.8787 19
      vertex 77.2981 22.0716 0
      vertex 77.2981 22.0716 19
    endloop
  endfacet
  facet normal 0.737202 -0.675673 -5.66814e-19
    outer loop
      vertex 77.2981 22.0716 0
      vertex 77.1213 21.8787 19
      vertex 77.1213 21.8787 0
    endloop
  endfacet
  facet normal 0.843394 0.537296 -8.76078e-20
    outer loop
      vertex 77.5981 41.5 19
      vertex 77.4575 41.7207 0
      vertex 77.4575 41.7207 19
    endloop
  endfacet
  facet normal 0.843394 0.537296 -8.76078e-20
    outer loop
      vertex 77.4575 41.7207 0
      vertex 77.5981 41.5 19
      vertex 77.5981 41.5 0
    endloop
  endfacet
  facet normal 1 -0 0
    outer loop
      vertex 78 24 19
      vertex 78 40 0
      vertex 78 40 19
    endloop
  endfacet
  facet normal 1 0 0
    outer loop
      vertex 78 40 0
      vertex 78 24 19
      vertex 78 24 0
    endloop
  endfacet
  facet normal 0.976349 0.216202 2.56532e-20
    outer loop
      vertex 77.9544 40.5209 19
      vertex 77.8978 40.7765 0
      vertex 77.8978 40.7765 19
    endloop
  endfacet
  facet normal 0.976349 0.216202 2.56532e-20
    outer loop
      vertex 77.8978 40.7765 0
      vertex 77.9544 40.5209 19
      vertex 77.9544 40.5209 0
    endloop
  endfacet
  facet normal -0.923883 -0.382674 7.34827e-20
    outer loop
      vertex 0.281076 22.7321 0
      vertex 0.180922 22.9739 19
      vertex 0.180922 22.9739 0
    endloop
  endfacet
  facet normal -0.923883 -0.382674 7.34827e-20
    outer loop
      vertex 0.180922 22.9739 19
      vertex 0.281076 22.7321 0
      vertex 0.281076 22.7321 19
    endloop
  endfacet
  facet normal 0.608824 -0.793305 0
    outer loop
      vertex 76.7207 21.5425 0
      vertex 76.9284 21.7019 19
      vertex 76.7207 21.5425 19
    endloop
  endfacet
  facet normal 0.608824 -0.793305 0
    outer loop
      vertex 76.9284 21.7019 19
      vertex 76.7207 21.5425 0
      vertex 76.9284 21.7019 0
    endloop
  endfacet
  facet normal 0.923821 0.382824 2.73102e-19
    outer loop
      vertex 77.8191 41.0261 19
      vertex 77.7189 41.2679 0
      vertex 77.7189 41.2679 19
    endloop
  endfacet
  facet normal 0.923821 0.382824 2.73102e-19
    outer loop
      vertex 77.7189 41.2679 0
      vertex 77.8191 41.0261 19
      vertex 77.8191 41.0261 0
    endloop
  endfacet
  facet normal -0.675557 -0.737308 0
    outer loop
      vertex 0.878679 21.8787 0
      vertex 1.07164 21.7019 19
      vertex 0.878679 21.8787 19
    endloop
  endfacet
  facet normal -0.675557 -0.737308 -0
    outer loop
      vertex 1.07164 21.7019 19
      vertex 0.878679 21.8787 0
      vertex 1.07164 21.7019 0
    endloop
  endfacet
  facet normal 0 0 -1
    outer loop
      vertex 75 21 0
      vertex 78 24 0
      vertex 77.9886 23.7385 0
    endloop
  endfacet
  facet normal 0 0 -1
    outer loop
      vertex 78 24 0
      vertex 67.7 32 0
      vertex 78 40 0
    endloop
  endfacet
  facet normal 0 0 -1
    outer loop
      vertex 75 21 0
      vertex 77.9886 23.7385 0
      vertex 77.9544 23.4791 0
    endloop
  endfacet
  facet normal 0 0 -1
    outer loop
      vertex 67.6935 32.1482 0
      vertex 78 40 0
      vertex 67.7 32 0
    endloop
  endfacet
  facet normal 0 0 -1
    outer loop
      vertex 75 21 0
      vertex 77.9544 23.4791 0
      vertex 77.8978 23.2235 0
    endloop
  endfacet
  facet normal 0 0 -1
    outer loop
      vertex 67.6742 32.2952 0
      vertex 78 40 0
      vertex 67.6935 32.1482 0
    endloop
  endfacet
  facet normal 0 0 -1
    outer loop
      vertex 75 21 0
      vertex 77.8978 23.2235 0
      vertex 77.8191 22.9739 0
    endloop
  endfacet
  facet normal 0 0 -1
    outer loop
      vertex 67.6421 32.44 0
      vertex 78 40 0
      vertex 67.6742 32.2952 0
    endloop
  endfacet
  facet normal 0 0 -1
    outer loop
      vertex 75 21 0
      vertex 77.8191 22.9739 0
      vertex 77.7189 22.7321 0
    endloop
  endfacet
  facet normal 0 0 -1
    outer loop
      vertex 67.5975 32.5814 0
      vertex 78 40 0
      vertex 67.6421 32.44 0
    endloop
  endfacet
  facet normal 0 0 -1
    outer loop
      vertex 75 21 0
      vertex 77.7189 22.7321 0
      vertex 77.5981 22.5 0
    endloop
  endfacet
  facet normal 0 0 -1
    outer loop
      vertex 67.5407 32.7185 0
      vertex 78 40 0
      vertex 67.5975 32.5814 0
    endloop
  endfacet
  facet normal 0 0 -1
    outer loop
      vertex 75 21 0
      vertex 77.5981 22.5 0
      vertex 77.4575 22.2793 0
    endloop
  endfacet
  facet normal 0 0 -1
    outer loop
      vertex 67.4722 32.85 0
      vertex 78 40 0
      vertex 67.5407 32.7185 0
    endloop
  endfacet
  facet normal 0 0 -1
    outer loop
      vertex 75 21 0
      vertex 77.4575 22.2793 0
      vertex 77.2981 22.0716 0
    endloop
  endfacet
  facet normal 0 0 -1
    outer loop
      vertex 67.3926 32.9751 0
      vertex 78 40 0
      vertex 67.4722 32.85 0
    endloop
  endfacet
  facet normal 0 0 -1
    outer loop
      vertex 75 21 0
      vertex 77.2981 22.0716 0
      vertex 77.1213 21.8787 0
    endloop
  endfacet
  facet normal 0 0 -1
    outer loop
      vertex 67.3023 33.0927 0
      vertex 78 40 0
      vertex 67.3926 32.9751 0
    endloop
  endfacet
  facet normal 0 0 -1
    outer loop
      vertex 75 21 0
      vertex 77.1213 21.8787 0
      vertex 76.9284 21.7019 0
    endloop
  endfacet
  facet normal 0 -0 -1
    outer loop
      vertex 75 43 0
      vertex 78 40 0
      vertex 67.3023 33.0927 0
    endloop
  endfacet
  facet normal 0 0 -1
    outer loop
      vertex 75 21 0
      vertex 76.9284 21.7019 0
      vertex 76.7207 21.5425 0
    endloop
  endfacet
  facet normal 0 0 -1
    outer loop
      vertex 77.9886 40.2615 0
      vertex 75 43 0
      vertex 77.9544 40.5209 0
    endloop
  endfacet
  facet normal 0 0 -1
    outer loop
      vertex 75 21 0
      vertex 76.7207 21.5425 0
      vertex 76.5 21.4019 0
    endloop
  endfacet
  facet normal 0 0 -1
    outer loop
      vertex 77.9544 40.5209 0
      vertex 75 43 0
      vertex 77.8978 40.7765 0
    endloop
  endfacet
  facet normal 0 0 -1
    outer loop
      vertex 75 21 0
      vertex 76.5 21.4019 0
      vertex 76.2679 21.2811 0
    endloop
  endfacet
  facet normal 0 0 -1
    outer loop
      vertex 77.8978 40.7765 0
      vertex 75 43 0
      vertex 77.8191 41.0261 0
    endloop
  endfacet
  facet normal 0 0 -1
    outer loop
      vertex 75 21 0
      vertex 76.2679 21.2811 0
      vertex 76.0261 21.1809 0
    endloop
  endfacet
  facet normal 0 0 -1
    outer loop
      vertex 77.8191 41.0261 0
      vertex 75 43 0
      vertex 77.7189 41.2679 0
    endloop
  endfacet
  facet normal 0 0 -1
    outer loop
      vertex 75 21 0
      vertex 76.0261 21.1809 0
      vertex 75.7765 21.1022 0
    endloop
  endfacet
  facet normal 0 0 -1
    outer loop
      vertex 77.5981 41.5 0
      vertex 75 43 0
      vertex 77.4575 41.7207 0
    endloop
  endfacet
  facet normal 0 0 -1
    outer loop
      vertex 75 21 0
      vertex 75.7765 21.1022 0
      vertex 75.5209 21.0456 0
    endloop
  endfacet
  facet normal 0 0 -1
    outer loop
      vertex 77.4575 41.7207 0
      vertex 75 43 0
      vertex 77.2981 41.9284 0
    endloop
  endfacet
  facet normal 0 0 -1
    outer loop
      vertex 75 21 0
      vertex 75.5209 21.0456 0
      vertex 75.2615 21.0114 0
    endloop
  endfacet
  facet normal 0 0 -1
    outer loop
      vertex 77.2981 41.9284 0
      vertex 75 43 0
      vertex 77.1213 42.1213 0
    endloop
  endfacet
  facet normal -0 0 -1
    outer loop
      vertex 78 24 0
      vertex 75 21 0
      vertex 67.3023 30.9073 0
    endloop
  endfacet
  facet normal 0 0 -1
    outer loop
      vertex 76.9284 42.2981 0
      vertex 75 43 0
      vertex 76.7207 42.4575 0
    endloop
  endfacet
  facet normal 0 0 -1
    outer loop
      vertex 76.7207 42.4575 0
      vertex 75 43 0
      vertex 76.5 42.5981 0
    endloop
  endfacet
  facet normal 0 0 -1
    outer loop
      vertex 78 24 0
      vertex 67.6935 31.8518 0
      vertex 67.7 32 0
    endloop
  endfacet
  facet normal 0 0 -1
    outer loop
      vertex 78 24 0
      vertex 67.6742 31.7048 0
      vertex 67.6935 31.8518 0
    endloop
  endfacet
  facet normal 0 0 -1
    outer loop
      vertex 78 24 0
      vertex 67.6421 31.56 0
      vertex 67.6742 31.7048 0
    endloop
  endfacet
  facet normal 0 0 -1
    outer loop
      vertex 78 24 0
      vertex 67.5975 31.4186 0
      vertex 67.6421 31.56 0
    endloop
  endfacet
  facet normal 0 0 -1
    outer loop
      vertex 78 24 0
      vertex 67.5407 31.2815 0
      vertex 67.5975 31.4186 0
    endloop
  endfacet
  facet normal 0 0 -1
    outer loop
      vertex 78 24 0
      vertex 67.4722 31.15 0
      vertex 67.5407 31.2815 0
    endloop
  endfacet
  facet normal 0 0 -1
    outer loop
      vertex 78 24 0
      vertex 67.3926 31.0249 0
      vertex 67.4722 31.15 0
    endloop
  endfacet
  facet normal 0 0 -1
    outer loop
      vertex 78 24 0
      vertex 67.3023 30.9073 0
      vertex 67.3926 31.0249 0
    endloop
  endfacet
  facet normal 0 0 -1
    outer loop
      vertex 75 21 0
      vertex 67.2021 30.7979 0
      vertex 67.3023 30.9073 0
    endloop
  endfacet
  facet normal 0 0 -1
    outer loop
      vertex 75 21 0
      vertex 67.0927 30.6977 0
      vertex 67.2021 30.7979 0
    endloop
  endfacet
  facet normal 0 0 -1
    outer loop
      vertex 75 21 0
      vertex 66.9751 30.6074 0
      vertex 67.0927 30.6977 0
    endloop
  endfacet
  facet normal 0 0 -1
    outer loop
      vertex 75 21 0
      vertex 66.85 30.5278 0
      vertex 66.9751 30.6074 0
    endloop
  endfacet
  facet normal 0 0 -1
    outer loop
      vertex 75 21 0
      vertex 66.7185 30.4593 0
      vertex 66.85 30.5278 0
    endloop
  endfacet
  facet normal 0 0 -1
    outer loop
      vertex 75 21 0
      vertex 66.5814 30.4025 0
      vertex 66.7185 30.4593 0
    endloop
  endfacet
  facet normal 0 0 -1
    outer loop
      vertex 75 21 0
      vertex 66.44 30.3579 0
      vertex 66.5814 30.4025 0
    endloop
  endfacet
  facet normal 0 0 -1
    outer loop
      vertex 75 21 0
      vertex 66.2952 30.3258 0
      vertex 66.44 30.3579 0
    endloop
  endfacet
  facet normal 0 0 -1
    outer loop
      vertex 75 21 0
      vertex 66.1482 30.3065 0
      vertex 66.2952 30.3258 0
    endloop
  endfacet
  facet normal 0 0 -1
    outer loop
      vertex 75 21 0
      vertex 66 30.3 0
      vertex 66.1482 30.3065 0
    endloop
  endfacet
  facet normal 0 0 -1
    outer loop
      vertex 75 21 0
      vertex 65.8518 30.3065 0
      vertex 66 30.3 0
    endloop
  endfacet
  facet normal 0 0 -1
    outer loop
      vertex 75 21 0
      vertex 65.7048 30.3258 0
      vertex 65.8518 30.3065 0
    endloop
  endfacet
  facet normal 0 0 -1
    outer loop
      vertex 75 21 0
      vertex 65.56 30.3579 0
      vertex 65.7048 30.3258 0
    endloop
  endfacet
  facet normal 0 0 -1
    outer loop
      vertex 75 21 0
      vertex 65.4186 30.4025 0
      vertex 65.56 30.3579 0
    endloop
  endfacet
  facet normal 0 0 -1
    outer loop
      vertex 75 21 0
      vertex 65.2815 30.4593 0
      vertex 65.4186 30.4025 0
    endloop
  endfacet
  facet normal 0 0 -1
    outer loop
      vertex 75 21 0
      vertex 65.15 30.5278 0
      vertex 65.2815 30.4593 0
    endloop
  endfacet
  facet normal 0 0 -1
    outer loop
      vertex 75 21 0
      vertex 65.0249 30.6074 0
      vertex 65.15 30.5278 0
    endloop
  endfacet
  facet normal 0 0 -1
    outer loop
      vertex 3 21 0
      vertex 65.0249 30.6074 0
      vertex 75 21 0
    endloop
  endfacet
  facet normal -0 0 -1
    outer loop
      vertex 65.0249 30.6074 0
      vertex 3 21 0
      vertex 64.9073 30.6977 0
    endloop
  endfacet
  facet normal 0 0 -1
    outer loop
      vertex 64.3065 31.8518 0
      vertex 13 43 0
      vertex 64.3 32 0
    endloop
  endfacet
  facet normal 0 0 -1
    outer loop
      vertex 64.3258 31.7048 0
      vertex 13 43 0
      vertex 64.3065 31.8518 0
    endloop
  endfacet
  facet normal 0 0 -1
    outer loop
      vertex 64.3579 31.56 0
      vertex 13 43 0
      vertex 64.3258 31.7048 0
    endloop
  endfacet
  facet normal 0 0 -1
    outer loop
      vertex 64.4025 31.4186 0
      vertex 13 43 0
      vertex 64.3579 31.56 0
    endloop
  endfacet
  facet normal 0 0 -1
    outer loop
      vertex 3 21 0
      vertex 64.4025 31.4186 0
      vertex 64.4593 31.2815 0
    endloop
  endfacet
  facet normal 0 0 -1
    outer loop
      vertex 3 21 0
      vertex 64.4593 31.2815 0
      vertex 64.5278 31.15 0
    endloop
  endfacet
  facet normal 0 0 -1
    outer loop
      vertex 3 21 0
      vertex 64.5278 31.15 0
      vertex 64.6074 31.0249 0
    endloop
  endfacet
  facet normal 0 0 -1
    outer loop
      vertex 3 21 0
      vertex 64.6074 31.0249 0
      vertex 64.6977 30.9073 0
    endloop
  endfacet
  facet normal 0 0 -1
    outer loop
      vertex 3 21 0
      vertex 64.6977 30.9073 0
      vertex 64.7979 30.7979 0
    endloop
  endfacet
  facet normal -0 0 -1
    outer loop
      vertex 64.9073 30.6977 0
      vertex 3 21 0
      vertex 64.7979 30.7979 0
    endloop
  endfacet
  facet normal 0 0 -1
    outer loop
      vertex 0 24 0
      vertex 13 43 0
      vertex 3 21 0
    endloop
  endfacet
  facet normal -0 0 -1
    outer loop
      vertex 64.4025 31.4186 0
      vertex 3 21 0
      vertex 13 43 0
    endloop
  endfacet
  facet normal 0 0 -1
    outer loop
      vertex 76.5 42.5981 0
      vertex 75 43 0
      vertex 76.2679 42.7189 0
    endloop
  endfacet
  facet normal 0 0 -1
    outer loop
      vertex 76.2679 42.7189 0
      vertex 75 43 0
      vertex 76.0261 42.8191 0
    endloop
  endfacet
  facet normal 0 0 -1
    outer loop
      vertex 75.7765 42.8978 0
      vertex 75 43 0
      vertex 75.5209 42.9544 0
    endloop
  endfacet
  facet normal 0 0 -1
    outer loop
      vertex 75.5209 42.9544 0
      vertex 75 43 0
      vertex 75.2615 42.9886 0
    endloop
  endfacet
  facet normal 0 0 -1
    outer loop
      vertex 76.0261 42.8191 0
      vertex 75 43 0
      vertex 75.7765 42.8978 0
    endloop
  endfacet
  facet normal 0 0 -1
    outer loop
      vertex 77.1213 42.1213 0
      vertex 75 43 0
      vertex 76.9284 42.2981 0
    endloop
  endfacet
  facet normal 0 0 -1
    outer loop
      vertex 77.7189 41.2679 0
      vertex 75 43 0
      vertex 77.5981 41.5 0
    endloop
  endfacet
  facet normal 0 0 -1
    outer loop
      vertex 78 40 0
      vertex 75 43 0
      vertex 77.9886 40.2615 0
    endloop
  endfacet
  facet normal 0 0 -1
    outer loop
      vertex 67.2021 33.2021 0
      vertex 75 43 0
      vertex 67.3023 33.0927 0
    endloop
  endfacet
  facet normal 0 0 -1
    outer loop
      vertex 67.0927 33.3023 0
      vertex 75 43 0
      vertex 67.2021 33.2021 0
    endloop
  endfacet
  facet normal 0 0 -1
    outer loop
      vertex 66.9751 33.3926 0
      vertex 75 43 0
      vertex 67.0927 33.3023 0
    endloop
  endfacet
  facet normal 0 0 -1
    outer loop
      vertex 66.85 33.4722 0
      vertex 75 43 0
      vertex 66.9751 33.3926 0
    endloop
  endfacet
  facet normal 0 0 -1
    outer loop
      vertex 66.7185 33.5407 0
      vertex 75 43 0
      vertex 66.85 33.4722 0
    endloop
  endfacet
  facet normal 0 0 -1
    outer loop
      vertex 66.5814 33.5975 0
      vertex 75 43 0
      vertex 66.7185 33.5407 0
    endloop
  endfacet
  facet normal 0 0 -1
    outer loop
      vertex 66.44 33.6421 0
      vertex 75 43 0
      vertex 66.5814 33.5975 0
    endloop
  endfacet
  facet normal 0 0 -1
    outer loop
      vertex 66.2952 33.6742 0
      vertex 75 43 0
      vertex 66.44 33.6421 0
    endloop
  endfacet
  facet normal 0 0 -1
    outer loop
      vertex 66.1482 33.6935 0
      vertex 75 43 0
      vertex 66.2952 33.6742 0
    endloop
  endfacet
  facet normal 0 0 -1
    outer loop
      vertex 66 33.7 0
      vertex 75 43 0
      vertex 66.1482 33.6935 0
    endloop
  endfacet
  facet normal 0 0 -1
    outer loop
      vertex 65.8518 33.6935 0
      vertex 75 43 0
      vertex 66 33.7 0
    endloop
  endfacet
  facet normal 0 0 -1
    outer loop
      vertex 65.7048 33.6742 0
      vertex 75 43 0
      vertex 65.8518 33.6935 0
    endloop
  endfacet
  facet normal 0 0 -1
    outer loop
      vertex 65.56 33.6421 0
      vertex 75 43 0
      vertex 65.7048 33.6742 0
    endloop
  endfacet
  facet normal 0 0 -1
    outer loop
      vertex 65.4186 33.5975 0
      vertex 75 43 0
      vertex 65.56 33.6421 0
    endloop
  endfacet
  facet normal 0 0 -1
    outer loop
      vertex 65.2815 33.5407 0
      vertex 75 43 0
      vertex 65.4186 33.5975 0
    endloop
  endfacet
  facet normal 0 0 -1
    outer loop
      vertex 65.15 33.4722 0
      vertex 75 43 0
      vertex 65.2815 33.5407 0
    endloop
  endfacet
  facet normal 0 0 -1
    outer loop
      vertex 65.0249 33.3926 0
      vertex 75 43 0
      vertex 65.15 33.4722 0
    endloop
  endfacet
  facet normal 0 0 -1
    outer loop
      vertex 13 43 0
      vertex 65.0249 33.3926 0
      vertex 64.9073 33.3023 0
    endloop
  endfacet
  facet normal 0 0 -1
    outer loop
      vertex 13 43 0
      vertex 64.9073 33.3023 0
      vertex 64.7979 33.2021 0
    endloop
  endfacet
  facet normal 0 0 -1
    outer loop
      vertex 65.0249 33.3926 0
      vertex 13 43 0
      vertex 75 43 0
    endloop
  endfacet
  facet normal 0 0 -1
    outer loop
      vertex 64.6977 33.0927 0
      vertex 13 43 0
      vertex 64.7979 33.2021 0
    endloop
  endfacet
  facet normal 0 0 -1
    outer loop
      vertex 64.6074 32.9751 0
      vertex 13 43 0
      vertex 64.6977 33.0927 0
    endloop
  endfacet
  facet normal 0 0 -1
    outer loop
      vertex 64.5278 32.85 0
      vertex 13 43 0
      vertex 64.6074 32.9751 0
    endloop
  endfacet
  facet normal 0 0 -1
    outer loop
      vertex 64.4593 32.7185 0
      vertex 13 43 0
      vertex 64.5278 32.85 0
    endloop
  endfacet
  facet normal 0 0 -1
    outer loop
      vertex 64.4025 32.5814 0
      vertex 13 43 0
      vertex 64.4593 32.7185 0
    endloop
  endfacet
  facet normal 0 0 -1
    outer loop
      vertex 64.3579 32.44 0
      vertex 13 43 0
      vertex 64.4025 32.5814 0
    endloop
  endfacet
  facet normal 0 0 -1
    outer loop
      vertex 64.3258 32.2952 0
      vertex 13 43 0
      vertex 64.3579 32.44 0
    endloop
  endfacet
  facet normal 0 0 -1
    outer loop
      vertex 64.3065 32.1482 0
      vertex 13 43 0
      vertex 64.3258 32.2952 0
    endloop
  endfacet
  facet normal 0 0 -1
    outer loop
      vertex 13 43 0
      vertex 64.3065 32.1482 0
      vertex 64.3 32 0
    endloop
  endfacet
  facet normal 0 0 -1
    outer loop
      vertex 75 173 0
      vertex 78 176 0
      vertex 77.9886 175.739 0
    endloop
  endfacet
  facet normal 0 0 -1
    outer loop
      vertex 78 176 0
      vertex 67.7 184 0
      vertex 78 192 0
    endloop
  endfacet
  facet normal 0 0 -1
    outer loop
      vertex 75 173 0
      vertex 77.9886 175.739 0
      vertex 77.9544 175.479 0
    endloop
  endfacet
  facet normal 0 0 -1
    outer loop
      vertex 67.6935 184.148 0
      vertex 78 192 0
      vertex 67.7 184 0
    endloop
  endfacet
  facet normal 0 0 -1
    outer loop
      vertex 75 173 0
      vertex 77.9544 175.479 0
      vertex 77.8978 175.224 0
    endloop
  endfacet
  facet normal 0 0 -1
    outer loop
      vertex 67.6742 184.295 0
      vertex 78 192 0
      vertex 67.6935 184.148 0
    endloop
  endfacet
  facet normal 0 0 -1
    outer loop
      vertex 75 173 0
      vertex 77.8978 175.224 0
      vertex 77.8191 174.974 0
    endloop
  endfacet
  facet normal 0 0 -1
    outer loop
      vertex 67.6421 184.44 0
      vertex 78 192 0
      vertex 67.6742 184.295 0
    endloop
  endfacet
  facet normal 0 0 -1
    outer loop
      vertex 75 173 0
      vertex 77.8191 174.974 0
      vertex 77.7189 174.732 0
    endloop
  endfacet
  facet normal 0 0 -1
    outer loop
      vertex 67.5975 184.581 0
      vertex 78 192 0
      vertex 67.6421 184.44 0
    endloop
  endfacet
  facet normal 0 0 -1
    outer loop
      vertex 75 173 0
      vertex 77.7189 174.732 0
      vertex 77.5981 174.5 0
    endloop
  endfacet
  facet normal 0 0 -1
    outer loop
      vertex 67.5407 184.718 0
      vertex 78 192 0
      vertex 67.5975 184.581 0
    endloop
  endfacet
  facet normal 0 0 -1
    outer loop
      vertex 75 173 0
      vertex 77.5981 174.5 0
      vertex 77.4575 174.279 0
    endloop
  endfacet
  facet normal 0 0 -1
    outer loop
      vertex 67.4722 184.85 0
      vertex 78 192 0
      vertex 67.5407 184.718 0
    endloop
  endfacet
  facet normal 0 0 -1
    outer loop
      vertex 75 173 0
      vertex 77.4575 174.279 0
      vertex 77.2981 174.072 0
    endloop
  endfacet
  facet normal 0 0 -1
    outer loop
      vertex 67.3926 184.975 0
      vertex 78 192 0
      vertex 67.4722 184.85 0
    endloop
  endfacet
  facet normal 0 0 -1
    outer loop
      vertex 75 173 0
      vertex 77.2981 174.072 0
      vertex 77.1213 173.879 0
    endloop
  endfacet
  facet normal 0 0 -1
    outer loop
      vertex 67.3023 185.093 0
      vertex 78 192 0
      vertex 67.3926 184.975 0
    endloop
  endfacet
  facet normal 0 0 -1
    outer loop
      vertex 75 173 0
      vertex 77.1213 173.879 0
      vertex 76.9284 173.702 0
    endloop
  endfacet
  facet normal 0 -0 -1
    outer loop
      vertex 75 195 0
      vertex 78 192 0
      vertex 67.3023 185.093 0
    endloop
  endfacet
  facet normal 0 0 -1
    outer loop
      vertex 75 173 0
      vertex 76.9284 173.702 0
      vertex 76.7207 173.543 0
    endloop
  endfacet
  facet normal 0 0 -1
    outer loop
      vertex 77.9886 192.261 0
      vertex 75 195 0
      vertex 77.9544 192.521 0
    endloop
  endfacet
  facet normal 0 0 -1
    outer loop
      vertex 75 173 0
      vertex 76.7207 173.543 0
      vertex 76.5 173.402 0
    endloop
  endfacet
  facet normal 0 0 -1
    outer loop
      vertex 77.9544 192.521 0
      vertex 75 195 0
      vertex 77.8978 192.776 0
    endloop
  endfacet
  facet normal 0 0 -1
    outer loop
      vertex 75 173 0
      vertex 76.5 173.402 0
      vertex 76.2679 173.281 0
    endloop
  endfacet
  facet normal 0 0 -1
    outer loop
      vertex 77.8978 192.776 0
      vertex 75 195 0
      vertex 77.8191 193.026 0
    endloop
  endfacet
  facet normal 0 0 -1
    outer loop
      vertex 75 173 0
      vertex 76.2679 173.281 0
      vertex 76.0261 173.181 0
    endloop
  endfacet
  facet normal 0 0 -1
    outer loop
      vertex 77.8191 193.026 0
      vertex 75 195 0
      vertex 77.7189 193.268 0
    endloop
  endfacet
  facet normal 0 0 -1
    outer loop
      vertex 75 173 0
      vertex 76.0261 173.181 0
      vertex 75.7765 173.102 0
    endloop
  endfacet
  facet normal 0 0 -1
    outer loop
      vertex 77.5981 193.5 0
      vertex 75 195 0
      vertex 77.4575 193.721 0
    endloop
  endfacet
  facet normal 0 0 -1
    outer loop
      vertex 75 173 0
      vertex 75.7765 173.102 0
      vertex 75.5209 173.046 0
    endloop
  endfacet
  facet normal 0 0 -1
    outer loop
      vertex 77.4575 193.721 0
      vertex 75 195 0
      vertex 77.2981 193.928 0
    endloop
  endfacet
  facet normal 0 0 -1
    outer loop
      vertex 75 173 0
      vertex 75.5209 173.046 0
      vertex 75.2615 173.011 0
    endloop
  endfacet
  facet normal 0 0 -1
    outer loop
      vertex 77.2981 193.928 0
      vertex 75 195 0
      vertex 77.1213 194.121 0
    endloop
  endfacet
  facet normal -0 0 -1
    outer loop
      vertex 78 176 0
      vertex 75 173 0
      vertex 67.3023 182.907 0
    endloop
  endfacet
  facet normal 0 0 -1
    outer loop
      vertex 76.9284 194.298 0
      vertex 75 195 0
      vertex 76.7207 194.457 0
    endloop
  endfacet
  facet normal 0 0 -1
    outer loop
      vertex 76.7207 194.457 0
      vertex 75 195 0
      vertex 76.5 194.598 0
    endloop
  endfacet
  facet normal 0 0 -1
    outer loop
      vertex 78 176 0
      vertex 67.6935 183.852 0
      vertex 67.7 184 0
    endloop
  endfacet
  facet normal 0 0 -1
    outer loop
      vertex 78 176 0
      vertex 67.6742 183.705 0
      vertex 67.6935 183.852 0
    endloop
  endfacet
  facet normal 0 0 -1
    outer loop
      vertex 78 176 0
      vertex 67.6421 183.56 0
      vertex 67.6742 183.705 0
    endloop
  endfacet
  facet normal 0 0 -1
    outer loop
      vertex 78 176 0
      vertex 67.5975 183.419 0
      vertex 67.6421 183.56 0
    endloop
  endfacet
  facet normal 0 0 -1
    outer loop
      vertex 78 176 0
      vertex 67.5407 183.282 0
      vertex 67.5975 183.419 0
    endloop
  endfacet
  facet normal 0 0 -1
    outer loop
      vertex 78 176 0
      vertex 67.4722 183.15 0
      vertex 67.5407 183.282 0
    endloop
  endfacet
  facet normal 0 0 -1
    outer loop
      vertex 78 176 0
      vertex 67.3926 183.025 0
      vertex 67.4722 183.15 0
    endloop
  endfacet
  facet normal 0 0 -1
    outer loop
      vertex 78 176 0
      vertex 67.3023 182.907 0
      vertex 67.3926 183.025 0
    endloop
  endfacet
  facet normal 0 0 -1
    outer loop
      vertex 75 173 0
      vertex 67.2021 182.798 0
      vertex 67.3023 182.907 0
    endloop
  endfacet
  facet normal 0 0 -1
    outer loop
      vertex 75 173 0
      vertex 67.0927 182.698 0
      vertex 67.2021 182.798 0
    endloop
  endfacet
  facet normal 0 0 -1
    outer loop
      vertex 75 173 0
      vertex 66.9751 182.607 0
      vertex 67.0927 182.698 0
    endloop
  endfacet
  facet normal 0 0 -1
    outer loop
      vertex 75 173 0
      vertex 66.85 182.528 0
      vertex 66.9751 182.607 0
    endloop
  endfacet
  facet normal 0 0 -1
    outer loop
      vertex 75 173 0
      vertex 66.7185 182.459 0
      vertex 66.85 182.528 0
    endloop
  endfacet
  facet normal 0 0 -1
    outer loop
      vertex 75 173 0
      vertex 66.5814 182.403 0
      vertex 66.7185 182.459 0
    endloop
  endfacet
  facet normal 0 0 -1
    outer loop
      vertex 75 173 0
      vertex 66.44 182.358 0
      vertex 66.5814 182.403 0
    endloop
  endfacet
  facet normal 0 0 -1
    outer loop
      vertex 75 173 0
      vertex 66.2952 182.326 0
      vertex 66.44 182.358 0
    endloop
  endfacet
  facet normal 0 0 -1
    outer loop
      vertex 75 173 0
      vertex 66.1482 182.306 0
      vertex 66.2952 182.326 0
    endloop
  endfacet
  facet normal 0 0 -1
    outer loop
      vertex 75 173 0
      vertex 66 182.3 0
      vertex 66.1482 182.306 0
    endloop
  endfacet
  facet normal 0 0 -1
    outer loop
      vertex 75 173 0
      vertex 65.8518 182.306 0
      vertex 66 182.3 0
    endloop
  endfacet
  facet normal 0 0 -1
    outer loop
      vertex 75 173 0
      vertex 65.7048 182.326 0
      vertex 65.8518 182.306 0
    endloop
  endfacet
  facet normal 0 0 -1
    outer loop
      vertex 75 173 0
      vertex 65.56 182.358 0
      vertex 65.7048 182.326 0
    endloop
  endfacet
  facet normal 0 0 -1
    outer loop
      vertex 75 173 0
      vertex 65.4186 182.403 0
      vertex 65.56 182.358 0
    endloop
  endfacet
  facet normal 0 0 -1
    outer loop
      vertex 75 173 0
      vertex 65.2815 182.459 0
      vertex 65.4186 182.403 0
    endloop
  endfacet
  facet normal 0 0 -1
    outer loop
      vertex 75 173 0
      vertex 65.15 182.528 0
      vertex 65.2815 182.459 0
    endloop
  endfacet
  facet normal 0 0 -1
    outer loop
      vertex 75 173 0
      vertex 65.0249 182.607 0
      vertex 65.15 182.528 0
    endloop
  endfacet
  facet normal 0 0 -1
    outer loop
      vertex 13 173 0
      vertex 65.0249 182.607 0
      vertex 75 173 0
    endloop
  endfacet
  facet normal -0 0 -1
    outer loop
      vertex 65.0249 182.607 0
      vertex 13 173 0
      vertex 64.9073 182.698 0
    endloop
  endfacet
  facet normal -0 0 -1
    outer loop
      vertex 64.3065 183.852 0
      vertex 13 173 0
      vertex 64.3 184 0
    endloop
  endfacet
  facet normal -0 0 -1
    outer loop
      vertex 64.3258 183.705 0
      vertex 13 173 0
      vertex 64.3065 183.852 0
    endloop
  endfacet
  facet normal -0 0 -1
    outer loop
      vertex 64.3579 183.56 0
      vertex 13 173 0
      vertex 64.3258 183.705 0
    endloop
  endfacet
  facet normal -0 0 -1
    outer loop
      vertex 64.4025 183.419 0
      vertex 13 173 0
      vertex 64.3579 183.56 0
    endloop
  endfacet
  facet normal -0 0 -1
    outer loop
      vertex 64.4593 183.282 0
      vertex 13 173 0
      vertex 64.4025 183.419 0
    endloop
  endfacet
  facet normal -0 0 -1
    outer loop
      vertex 64.5278 183.15 0
      vertex 13 173 0
      vertex 64.4593 183.282 0
    endloop
  endfacet
  facet normal -0 0 -1
    outer loop
      vertex 64.6074 183.025 0
      vertex 13 173 0
      vertex 64.5278 183.15 0
    endloop
  endfacet
  facet normal -0 0 -1
    outer loop
      vertex 64.6977 182.907 0
      vertex 13 173 0
      vertex 64.6074 183.025 0
    endloop
  endfacet
  facet normal -0 0 -1
    outer loop
      vertex 64.7979 182.798 0
      vertex 13 173 0
      vertex 64.6977 182.907 0
    endloop
  endfacet
  facet normal -0 0 -1
    outer loop
      vertex 64.9073 182.698 0
      vertex 13 173 0
      vertex 64.7979 182.798 0
    endloop
  endfacet
  facet normal 0 0 -1
    outer loop
      vertex 76.5 194.598 0
      vertex 75 195 0
      vertex 76.2679 194.719 0
    endloop
  endfacet
  facet normal 0 0 -1
    outer loop
      vertex 76.2679 194.719 0
      vertex 75 195 0
      vertex 76.0261 194.819 0
    endloop
  endfacet
  facet normal 0 0 -1
    outer loop
      vertex 75.7765 194.898 0
      vertex 75 195 0
      vertex 75.5209 194.954 0
    endloop
  endfacet
  facet normal 0 0 -1
    outer loop
      vertex 75.5209 194.954 0
      vertex 75 195 0
      vertex 75.2615 194.989 0
    endloop
  endfacet
  facet normal 0 0 -1
    outer loop
      vertex 76.0261 194.819 0
      vertex 75 195 0
      vertex 75.7765 194.898 0
    endloop
  endfacet
  facet normal 0 0 -1
    outer loop
      vertex 77.1213 194.121 0
      vertex 75 195 0
      vertex 76.9284 194.298 0
    endloop
  endfacet
  facet normal 0 0 -1
    outer loop
      vertex 77.7189 193.268 0
      vertex 75 195 0
      vertex 77.5981 193.5 0
    endloop
  endfacet
  facet normal 0 0 -1
    outer loop
      vertex 78 192 0
      vertex 75 195 0
      vertex 77.9886 192.261 0
    endloop
  endfacet
  facet normal 0 0 -1
    outer loop
      vertex 67.2021 185.202 0
      vertex 75 195 0
      vertex 67.3023 185.093 0
    endloop
  endfacet
  facet normal 0 0 -1
    outer loop
      vertex 67.0927 185.302 0
      vertex 75 195 0
      vertex 67.2021 185.202 0
    endloop
  endfacet
  facet normal 0 0 -1
    outer loop
      vertex 66.9751 185.393 0
      vertex 75 195 0
      vertex 67.0927 185.302 0
    endloop
  endfacet
  facet normal 0 0 -1
    outer loop
      vertex 66.85 185.472 0
      vertex 75 195 0
      vertex 66.9751 185.393 0
    endloop
  endfacet
  facet normal 0 0 -1
    outer loop
      vertex 66.7185 185.541 0
      vertex 75 195 0
      vertex 66.85 185.472 0
    endloop
  endfacet
  facet normal 0 0 -1
    outer loop
      vertex 66.5814 185.597 0
      vertex 75 195 0
      vertex 66.7185 185.541 0
    endloop
  endfacet
  facet normal 0 0 -1
    outer loop
      vertex 66.44 185.642 0
      vertex 75 195 0
      vertex 66.5814 185.597 0
    endloop
  endfacet
  facet normal 0 0 -1
    outer loop
      vertex 66.2952 185.674 0
      vertex 75 195 0
      vertex 66.44 185.642 0
    endloop
  endfacet
  facet normal 0 0 -1
    outer loop
      vertex 66.1482 185.694 0
      vertex 75 195 0
      vertex 66.2952 185.674 0
    endloop
  endfacet
  facet normal 0 0 -1
    outer loop
      vertex 66 185.7 0
      vertex 75 195 0
      vertex 66.1482 185.694 0
    endloop
  endfacet
  facet normal 0 0 -1
    outer loop
      vertex 65.8518 185.694 0
      vertex 75 195 0
      vertex 66 185.7 0
    endloop
  endfacet
  facet normal 0 0 -1
    outer loop
      vertex 65.7048 185.674 0
      vertex 75 195 0
      vertex 65.8518 185.694 0
    endloop
  endfacet
  facet normal 0 0 -1
    outer loop
      vertex 65.56 185.642 0
      vertex 75 195 0
      vertex 65.7048 185.674 0
    endloop
  endfacet
  facet normal 0 0 -1
    outer loop
      vertex 65.4186 185.597 0
      vertex 75 195 0
      vertex 65.56 185.642 0
    endloop
  endfacet
  facet normal 0 0 -1
    outer loop
      vertex 65.2815 185.541 0
      vertex 75 195 0
      vertex 65.4186 185.597 0
    endloop
  endfacet
  facet normal 0 0 -1
    outer loop
      vertex 65.15 185.472 0
      vertex 75 195 0
      vertex 65.2815 185.541 0
    endloop
  endfacet
  facet normal 0 0 -1
    outer loop
      vertex 65.0249 185.393 0
      vertex 75 195 0
      vertex 65.15 185.472 0
    endloop
  endfacet
  facet normal 0 0 -1
    outer loop
      vertex 3 195 0
      vertex 65.0249 185.393 0
      vertex 64.9073 185.302 0
    endloop
  endfacet
  facet normal 0 0 -1
    outer loop
      vertex 3 195 0
      vertex 64.9073 185.302 0
      vertex 64.7979 185.202 0
    endloop
  endfacet
  facet normal 0 0 -1
    outer loop
      vertex 13 173 0
      vertex 64.3065 184.148 0
      vertex 64.3 184 0
    endloop
  endfacet
  facet normal 0 0 -1
    outer loop
      vertex 13 173 0
      vertex 64.3258 184.295 0
      vertex 64.3065 184.148 0
    endloop
  endfacet
  facet normal 0 0 -1
    outer loop
      vertex 13 173 0
      vertex 64.3579 184.44 0
      vertex 64.3258 184.295 0
    endloop
  endfacet
  facet normal 0 0 -1
    outer loop
      vertex 13 173 0
      vertex 64.4025 184.581 0
      vertex 64.3579 184.44 0
    endloop
  endfacet
  facet normal 0 0 -1
    outer loop
      vertex 3 195 0
      vertex 64.4025 184.581 0
      vertex 13 173 0
    endloop
  endfacet
  facet normal 0 0 -1
    outer loop
      vertex 64.4025 184.581 0
      vertex 3 195 0
      vertex 64.4593 184.718 0
    endloop
  endfacet
  facet normal 0 0 -1
    outer loop
      vertex 64.4593 184.718 0
      vertex 3 195 0
      vertex 64.5278 184.85 0
    endloop
  endfacet
  facet normal 0 0 -1
    outer loop
      vertex 64.5278 184.85 0
      vertex 3 195 0
      vertex 64.6074 184.975 0
    endloop
  endfacet
  facet normal 0 0 -1
    outer loop
      vertex 64.6074 184.975 0
      vertex 3 195 0
      vertex 64.6977 185.093 0
    endloop
  endfacet
  facet normal 0 0 -1
    outer loop
      vertex 64.6977 185.093 0
      vertex 3 195 0
      vertex 64.7979 185.202 0
    endloop
  endfacet
  facet normal 0 0 -1
    outer loop
      vertex 65.0249 185.393 0
      vertex 3 195 0
      vertex 75 195 0
    endloop
  endfacet
  facet normal -0 0 -1
    outer loop
      vertex 13 43 0
      vertex 0 24 0
      vertex 13 173 0
    endloop
  endfacet
  facet normal 0 0 -1
    outer loop
      vertex 0 24 0
      vertex 3 21 0
      vertex 2.73853 21.0114 0
    endloop
  endfacet
  facet normal 0 0 -1
    outer loop
      vertex 0 192 0
      vertex 13 173 0
      vertex 0 24 0
    endloop
  endfacet
  facet normal 0 0 -1
    outer loop
      vertex 0 24 0
      vertex 2.73853 21.0114 0
      vertex 2.47906 21.0456 0
    endloop
  endfacet
  facet normal 0 0 -1
    outer loop
      vertex 13 173 0
      vertex 0 192 0
      vertex 3 195 0
    endloop
  endfacet
  facet normal 0 0 -1
    outer loop
      vertex 0 24 0
      vertex 2.47906 21.0456 0
      vertex 2.22354 21.1022 0
    endloop
  endfacet
  facet normal 0 0 -1
    outer loop
      vertex 3 195 0
      vertex 0 192 0
      vertex 2.73853 194.989 0
    endloop
  endfacet
  facet normal 0 0 -1
    outer loop
      vertex 0 24 0
      vertex 2.22354 21.1022 0
      vertex 1.97394 21.1809 0
    endloop
  endfacet
  facet normal 0 0 -1
    outer loop
      vertex 2.73853 194.989 0
      vertex 0 192 0
      vertex 2.47906 194.954 0
    endloop
  endfacet
  facet normal 0 0 -1
    outer loop
      vertex 0 24 0
      vertex 1.97394 21.1809 0
      vertex 1.73214 21.2811 0
    endloop
  endfacet
  facet normal 0 0 -1
    outer loop
      vertex 2.47906 194.954 0
      vertex 0 192 0
      vertex 2.22354 194.898 0
    endloop
  endfacet
  facet normal 0 0 -1
    outer loop
      vertex 0 24 0
      vertex 1.73214 21.2811 0
      vertex 1.5 21.4019 0
    endloop
  endfacet
  facet normal 0 0 -1
    outer loop
      vertex 2.22354 194.898 0
      vertex 0 192 0
      vertex 1.97394 194.819 0
    endloop
  endfacet
  facet normal 0 0 -1
    outer loop
      vertex 0 24 0
      vertex 1.5 21.4019 0
      vertex 1.27927 21.5425 0
    endloop
  endfacet
  facet normal 0 0 -1
    outer loop
      vertex 1.97394 194.819 0
      vertex 0 192 0
      vertex 1.73214 194.719 0
    endloop
  endfacet
  facet normal 0 0 -1
    outer loop
      vertex 0 24 0
      vertex 1.27927 21.5425 0
      vertex 1.07164 21.7019 0
    endloop
  endfacet
  facet normal 0 0 -1
    outer loop
      vertex 1.73214 194.719 0
      vertex 0 192 0
      vertex 1.5 194.598 0
    endloop
  endfacet
  facet normal 0 0 -1
    outer loop
      vertex 0 24 0
      vertex 1.07164 21.7019 0
      vertex 0.878679 21.8787 0
    endloop
  endfacet
  facet normal 0 0 -1
    outer loop
      vertex 1.5 194.598 0
      vertex 0 192 0
      vertex 1.27927 194.457 0
    endloop
  endfacet
  facet normal 0 0 -1
    outer loop
      vertex 0 24 0
      vertex 0.878679 21.8787 0
      vertex 0.701866 22.0716 0
    endloop
  endfacet
  facet normal 0 0 -1
    outer loop
      vertex 1.27927 194.457 0
      vertex 0 192 0
      vertex 1.07164 194.298 0
    endloop
  endfacet
  facet normal 0 0 -1
    outer loop
      vertex 0 24 0
      vertex 0.701866 22.0716 0
      vertex 0.542543 22.2793 0
    endloop
  endfacet
  facet normal 0 0 -1
    outer loop
      vertex 1.07164 194.298 0
      vertex 0 192 0
      vertex 0.878679 194.121 0
    endloop
  endfacet
  facet normal 0 0 -1
    outer loop
      vertex 0 24 0
      vertex 0.542543 22.2793 0
      vertex 0.401923 22.5 0
    endloop
  endfacet
  facet normal 0 0 -1
    outer loop
      vertex 0.878679 194.121 0
      vertex 0 192 0
      vertex 0.701866 193.928 0
    endloop
  endfacet
  facet normal 0 0 -1
    outer loop
      vertex 0 24 0
      vertex 0.401923 22.5 0
      vertex 0.281076 22.7321 0
    endloop
  endfacet
  facet normal 0 0 -1
    outer loop
      vertex 0.701866 193.928 0
      vertex 0 192 0
      vertex 0.542543 193.721 0
    endloop
  endfacet
  facet normal 0 0 -1
    outer loop
      vertex 0 24 0
      vertex 0.281076 22.7321 0
      vertex 0.180922 22.9739 0
    endloop
  endfacet
  facet normal 0 0 -1
    outer loop
      vertex 0.542543 193.721 0
      vertex 0 192 0
      vertex 0.401923 193.5 0
    endloop
  endfacet
  facet normal 0 0 -1
    outer loop
      vertex 0 24 0
      vertex 0.180922 22.9739 0
      vertex 0.102222 23.2235 0
    endloop
  endfacet
  facet normal 0 0 -1
    outer loop
      vertex 0.401923 193.5 0
      vertex 0 192 0
      vertex 0.281076 193.268 0
    endloop
  endfacet
  facet normal 0 0 -1
    outer loop
      vertex 0 24 0
      vertex 0.102222 23.2235 0
      vertex 0.0455761 23.4791 0
    endloop
  endfacet
  facet normal 0 0 -1
    outer loop
      vertex 0.281076 193.268 0
      vertex 0 192 0
      vertex 0.180922 193.026 0
    endloop
  endfacet
  facet normal 0 0 -1
    outer loop
      vertex 0 24 0
      vertex 0.0455761 23.4791 0
      vertex 0.0114155 23.7385 0
    endloop
  endfacet
  facet normal 0 0 -1
    outer loop
      vertex 0.180922 193.026 0
      vertex 0 192 0
      vertex 0.102222 192.776 0
    endloop
  endfacet
  facet normal 0 0 -1
    outer loop
      vertex 0.102222 192.776 0
      vertex 0 192 0
      vertex 0.0455761 192.521 0
    endloop
  endfacet
  facet normal 0 0 -1
    outer loop
      vertex 0.0455761 192.521 0
      vertex 0 192 0
      vertex 0.0114155 192.261 0
    endloop
  endfacet
  facet normal 0 -1 0
    outer loop
      vertex 13 173 0
      vertex 75 173 19
      vertex 13 173 19
    endloop
  endfacet
  facet normal 0 -1 -0
    outer loop
      vertex 75 173 19
      vertex 13 173 0
      vertex 75 173 0
    endloop
  endfacet
  facet normal -0.301753 0.953386 0
    outer loop
      vertex 2.22354 194.898 0
      vertex 1.97394 194.819 19
      vertex 2.22354 194.898 19
    endloop
  endfacet
  facet normal -0.301753 0.953386 0
    outer loop
      vertex 1.97394 194.819 19
      vertex 2.22354 194.898 0
      vertex 1.97394 194.819 0
    endloop
  endfacet
  facet normal -0.953853 0.300273 0
    outer loop
      vertex 0.102222 192.776 0
      vertex 0.180922 193.026 19
      vertex 0.180922 193.026 0
    endloop
  endfacet
  facet normal -0.953853 0.300273 0
    outer loop
      vertex 0.180922 193.026 19
      vertex 0.102222 192.776 0
      vertex 0.102222 192.776 19
    endloop
  endfacet
  facet normal -0.84369 0.536831 -1.37499e-19
    outer loop
      vertex 0.401923 193.5 0
      vertex 0.542543 193.721 19
      vertex 0.542543 193.721 0
    endloop
  endfacet
  facet normal -0.84369 0.536831 -1.37499e-19
    outer loop
      vertex 0.542543 193.721 19
      vertex 0.401923 193.5 0
      vertex 0.401923 193.5 19
    endloop
  endfacet
  facet normal -0.792453 0.609933 -4.07534e-19
    outer loop
      vertex 0.542543 193.721 0
      vertex 0.701866 193.928 19
      vertex 0.701866 193.928 0
    endloop
  endfacet
  facet normal -0.792453 0.609933 -4.07534e-19
    outer loop
      vertex 0.701866 193.928 19
      vertex 0.542543 193.721 0
      vertex 0.542543 193.721 19
    endloop
  endfacet
  facet normal 0.214016 0.97683 -0
    outer loop
      vertex 75.7765 194.898 0
      vertex 75.5209 194.954 19
      vertex 75.7765 194.898 19
    endloop
  endfacet
  facet normal 0.214016 0.97683 0
    outer loop
      vertex 75.5209 194.954 19
      vertex 75.7765 194.898 0
      vertex 75.5209 194.954 0
    endloop
  endfacet
  facet normal -0.737351 0.675509 -3.57403e-19
    outer loop
      vertex 0.701866 193.928 0
      vertex 0.878679 194.121 19
      vertex 0.878679 194.121 0
    endloop
  endfacet
  facet normal -0.737351 0.675509 -3.57403e-19
    outer loop
      vertex 0.878679 194.121 19
      vertex 0.701866 193.928 0
      vertex 0.701866 193.928 19
    endloop
  endfacet
  facet normal 0.382172 -0.924091 0
    outer loop
      vertex 76.0261 173.181 0
      vertex 76.2679 173.281 19
      vertex 76.0261 173.181 19
    endloop
  endfacet
  facet normal 0.382172 -0.924091 0
    outer loop
      vertex 76.2679 173.281 19
      vertex 76.0261 173.181 0
      vertex 76.2679 173.281 0
    endloop
  endfacet
  facet normal 0.953853 -0.300273 0
    outer loop
      vertex 77.8191 174.974 19
      vertex 77.8978 175.224 0
      vertex 77.8978 175.224 19
    endloop
  endfacet
  facet normal 0.953853 -0.300273 0
    outer loop
      vertex 77.8978 175.224 0
      vertex 77.8191 174.974 19
      vertex 77.8191 174.974 0
    endloop
  endfacet
  facet normal 0.607862 0.794043 -0
    outer loop
      vertex 76.9284 194.298 0
      vertex 76.7207 194.457 19
      vertex 76.9284 194.298 19
    endloop
  endfacet
  facet normal 0.607862 0.794043 0
    outer loop
      vertex 76.7207 194.457 19
      vertex 76.9284 194.298 0
      vertex 76.7207 194.457 0
    endloop
  endfacet
  facet normal 0.301753 -0.953386 0
    outer loop
      vertex 75.7765 173.102 0
      vertex 76.0261 173.181 19
      vertex 75.7765 173.102 19
    endloop
  endfacet
  facet normal 0.301753 -0.953386 0
    outer loop
      vertex 76.0261 173.181 19
      vertex 75.7765 173.102 0
      vertex 76.0261 173.181 0
    endloop
  endfacet
  facet normal 0.462279 -0.886735 0
    outer loop
      vertex 76.2679 173.281 0
      vertex 76.5 173.402 19
      vertex 76.2679 173.281 19
    endloop
  endfacet
  facet normal 0.462279 -0.886735 0
    outer loop
      vertex 76.5 173.402 19
      vertex 76.2679 173.281 0
      vertex 76.5 173.402 0
    endloop
  endfacet
  facet normal 0.792311 0.610118 9.24507e-20
    outer loop
      vertex 77.4575 193.721 19
      vertex 77.2981 193.928 0
      vertex 77.2981 193.928 19
    endloop
  endfacet
  facet normal 0.792311 0.610118 9.24507e-20
    outer loop
      vertex 77.2981 193.928 0
      vertex 77.4575 193.721 19
      vertex 77.4575 193.721 0
    endloop
  endfacet
  facet normal 0.843724 0.536777 3.41744e-19
    outer loop
      vertex 77.5981 193.5 19
      vertex 77.4575 193.721 0
      vertex 77.4575 193.721 19
    endloop
  endfacet
  facet normal 0.843724 0.536777 3.41744e-19
    outer loop
      vertex 77.4575 193.721 0
      vertex 77.5981 193.5 19
      vertex 77.5981 193.5 0
    endloop
  endfacet
  facet normal -0.607991 0.793944 0
    outer loop
      vertex 1.27927 194.457 0
      vertex 1.07164 194.298 19
      vertex 1.27927 194.457 19
    endloop
  endfacet
  facet normal -0.607991 0.793944 0
    outer loop
      vertex 1.07164 194.298 19
      vertex 1.27927 194.457 0
      vertex 1.07164 194.298 0
    endloop
  endfacet
  facet normal -0.53833 0.842734 0
    outer loop
      vertex 1.5 194.598 0
      vertex 1.27927 194.457 19
      vertex 1.5 194.598 19
    endloop
  endfacet
  facet normal -0.53833 0.842734 0
    outer loop
      vertex 1.27927 194.457 19
      vertex 1.5 194.598 0
      vertex 1.27927 194.457 0
    endloop
  endfacet
  facet normal 0.0420278 0.999116 -0
    outer loop
      vertex 75.2615 194.989 0
      vertex 75 195 19
      vertex 75.2615 194.989 19
    endloop
  endfacet
  facet normal 0.0420278 0.999116 0
    outer loop
      vertex 75 195 19
      vertex 75.2615 194.989 0
      vertex 75 195 0
    endloop
  endfacet
  facet normal 0 1 -0
    outer loop
      vertex 75 195 0
      vertex 3 195 19
      vertex 75 195 19
    endloop
  endfacet
  facet normal 0 1 0
    outer loop
      vertex 3 195 19
      vertex 75 195 0
      vertex 3 195 0
    endloop
  endfacet
  facet normal 0.133715 0.99102 -0
    outer loop
      vertex 75.5209 194.954 0
      vertex 75.2615 194.989 19
      vertex 75.5209 194.954 19
    endloop
  endfacet
  facet normal 0.133715 0.99102 0
    outer loop
      vertex 75.2615 194.989 19
      vertex 75.5209 194.954 0
      vertex 75.2615 194.989 0
    endloop
  endfacet
  facet normal 0.991459 0.130415 1.34562e-19
    outer loop
      vertex 77.9886 192.261 19
      vertex 77.9544 192.521 0
      vertex 77.9544 192.521 19
    endloop
  endfacet
  facet normal 0.991459 0.130415 1.34562e-19
    outer loop
      vertex 77.9544 192.521 0
      vertex 77.9886 192.261 19
      vertex 77.9886 192.261 0
    endloop
  endfacet
  facet normal -0.21408 0.976816 0
    outer loop
      vertex 2.47906 194.954 0
      vertex 2.22354 194.898 19
      vertex 2.47906 194.954 19
    endloop
  endfacet
  facet normal -0.21408 0.976816 0
    outer loop
      vertex 2.22354 194.898 19
      vertex 2.47906 194.954 0
      vertex 2.22354 194.898 0
    endloop
  endfacet
  facet normal -0.462216 0.886767 0
    outer loop
      vertex 1.73214 194.719 0
      vertex 1.5 194.598 19
      vertex 1.73214 194.719 19
    endloop
  endfacet
  facet normal -0.462216 0.886767 0
    outer loop
      vertex 1.5 194.598 19
      vertex 1.73214 194.719 0
      vertex 1.5 194.598 0
    endloop
  endfacet
  facet normal -0.675972 0.736928 0
    outer loop
      vertex 1.07164 194.298 0
      vertex 0.878679 194.121 19
      vertex 1.07164 194.298 19
    endloop
  endfacet
  facet normal -0.675972 0.736928 0
    outer loop
      vertex 0.878679 194.121 19
      vertex 1.07164 194.298 0
      vertex 0.878679 194.121 0
    endloop
  endfacet
  facet normal -0.886893 0.461976 -2.19796e-20
    outer loop
      vertex 0.281076 193.268 0
      vertex 0.401923 193.5 19
      vertex 0.401923 193.5 0
    endloop
  endfacet
  facet normal -0.886893 0.461976 -2.19796e-20
    outer loop
      vertex 0.401923 193.5 19
      vertex 0.281076 193.268 0
      vertex 0.281076 193.268 19
    endloop
  endfacet
  facet normal -0.923995 0.382404 3.29932e-19
    outer loop
      vertex 0.180922 193.026 0
      vertex 0.281076 193.268 19
      vertex 0.281076 193.268 0
    endloop
  endfacet
  facet normal -0.923995 0.382404 3.29932e-19
    outer loop
      vertex 0.281076 193.268 19
      vertex 0.180922 193.026 0
      vertex 0.180922 193.026 19
    endloop
  endfacet
  facet normal 0.976241 0.216687 9.75573e-20
    outer loop
      vertex 77.9544 192.521 19
      vertex 77.8978 192.776 0
      vertex 77.8978 192.776 19
    endloop
  endfacet
  facet normal 0.976241 0.216687 9.75573e-20
    outer loop
      vertex 77.8978 192.776 0
      vertex 77.9544 192.521 19
      vertex 77.9544 192.521 0
    endloop
  endfacet
  facet normal 0.607862 -0.794043 0
    outer loop
      vertex 76.7207 173.543 0
      vertex 76.9284 173.702 19
      vertex 76.7207 173.543 19
    endloop
  endfacet
  facet normal 0.607862 -0.794043 0
    outer loop
      vertex 76.9284 173.702 19
      vertex 76.7207 173.543 0
      vertex 76.9284 173.702 0
    endloop
  endfacet
  facet normal 0.382172 0.924091 -0
    outer loop
      vertex 76.2679 194.719 0
      vertex 76.0261 194.819 19
      vertex 76.2679 194.719 19
    endloop
  endfacet
  facet normal 0.382172 0.924091 0
    outer loop
      vertex 76.0261 194.819 19
      vertex 76.2679 194.719 0
      vertex 76.0261 194.819 0
    endloop
  endfacet
  facet normal 0.976241 -0.216687 -9.75573e-20
    outer loop
      vertex 77.8978 175.224 19
      vertex 77.9544 175.479 0
      vertex 77.9544 175.479 19
    endloop
  endfacet
  facet normal 0.976241 -0.216687 -9.75573e-20
    outer loop
      vertex 77.9544 175.479 0
      vertex 77.8978 175.224 19
      vertex 77.8978 175.224 0
    endloop
  endfacet
  facet normal 0.133715 -0.99102 0
    outer loop
      vertex 75.2615 173.011 0
      vertex 75.5209 173.046 19
      vertex 75.2615 173.011 19
    endloop
  endfacet
  facet normal 0.133715 -0.99102 0
    outer loop
      vertex 75.5209 173.046 19
      vertex 75.2615 173.011 0
      vertex 75.5209 173.046 0
    endloop
  endfacet
  facet normal -0.13368 0.991025 0
    outer loop
      vertex 2.73853 194.989 0
      vertex 2.47906 194.954 19
      vertex 2.73853 194.989 19
    endloop
  endfacet
  facet normal -0.13368 0.991025 0
    outer loop
      vertex 2.47906 194.954 19
      vertex 2.73853 194.989 0
      vertex 2.47906 194.954 0
    endloop
  endfacet
  facet normal 0.214016 -0.97683 0
    outer loop
      vertex 75.5209 173.046 0
      vertex 75.7765 173.102 19
      vertex 75.5209 173.046 19
    endloop
  endfacet
  facet normal 0.214016 -0.97683 0
    outer loop
      vertex 75.7765 173.102 19
      vertex 75.5209 173.046 0
      vertex 75.7765 173.102 0
    endloop
  endfacet
  facet normal 0 0 1
    outer loop
      vertex 75 195 19
      vertex 78 192 19
      vertex 77.9886 192.261 19
    endloop
  endfacet
  facet normal 0 0 1
    outer loop
      vertex 78 192 19
      vertex 67.7 184 19
      vertex 78 176 19
    endloop
  endfacet
  facet normal 0 0 1
    outer loop
      vertex 75 195 19
      vertex 77.9886 192.261 19
      vertex 77.9544 192.521 19
    endloop
  endfacet
  facet normal -0 0 1
    outer loop
      vertex 67.6935 183.852 19
      vertex 78 176 19
      vertex 67.7 184 19
    endloop
  endfacet
  facet normal 0 0 1
    outer loop
      vertex 75 195 19
      vertex 77.9544 192.521 19
      vertex 77.8978 192.776 19
    endloop
  endfacet
  facet normal -0 0 1
    outer loop
      vertex 67.6742 183.705 19
      vertex 78 176 19
      vertex 67.6935 183.852 19
    endloop
  endfacet
  facet normal 0 0 1
    outer loop
      vertex 75 195 19
      vertex 77.8978 192.776 19
      vertex 77.8191 193.026 19
    endloop
  endfacet
  facet normal -0 0 1
    outer loop
      vertex 67.6421 183.56 19
      vertex 78 176 19
      vertex 67.6742 183.705 19
    endloop
  endfacet
  facet normal 0 0 1
    outer loop
      vertex 75 195 19
      vertex 77.8191 193.026 19
      vertex 77.7189 193.268 19
    endloop
  endfacet
  facet normal -0 0 1
    outer loop
      vertex 67.5975 183.419 19
      vertex 78 176 19
      vertex 67.6421 183.56 19
    endloop
  endfacet
  facet normal 0 0 1
    outer loop
      vertex 75 195 19
      vertex 77.7189 193.268 19
      vertex 77.5981 193.5 19
    endloop
  endfacet
  facet normal -0 0 1
    outer loop
      vertex 67.5407 183.282 19
      vertex 78 176 19
      vertex 67.5975 183.419 19
    endloop
  endfacet
  facet normal 0 0 1
    outer loop
      vertex 75 195 19
      vertex 77.5981 193.5 19
      vertex 77.4575 193.721 19
    endloop
  endfacet
  facet normal -0 0 1
    outer loop
      vertex 67.4722 183.15 19
      vertex 78 176 19
      vertex 67.5407 183.282 19
    endloop
  endfacet
  facet normal 0 0 1
    outer loop
      vertex 75 195 19
      vertex 77.4575 193.721 19
      vertex 77.2981 193.928 19
    endloop
  endfacet
  facet normal -0 0 1
    outer loop
      vertex 67.3926 183.025 19
      vertex 78 176 19
      vertex 67.4722 183.15 19
    endloop
  endfacet
  facet normal 0 0 1
    outer loop
      vertex 75 195 19
      vertex 77.2981 193.928 19
      vertex 77.1213 194.121 19
    endloop
  endfacet
  facet normal -0 0 1
    outer loop
      vertex 67.3023 182.907 19
      vertex 78 176 19
      vertex 67.3926 183.025 19
    endloop
  endfacet
  facet normal 0 0 1
    outer loop
      vertex 75 195 19
      vertex 77.1213 194.121 19
      vertex 76.9284 194.298 19
    endloop
  endfacet
  facet normal 0 -0 1
    outer loop
      vertex 75 173 19
      vertex 78 176 19
      vertex 67.3023 182.907 19
    endloop
  endfacet
  facet normal 0 0 1
    outer loop
      vertex 75 195 19
      vertex 76.9284 194.298 19
      vertex 76.7207 194.457 19
    endloop
  endfacet
  facet normal 0 0 1
    outer loop
      vertex 77.9886 175.739 19
      vertex 75 173 19
      vertex 77.9544 175.479 19
    endloop
  endfacet
  facet normal 0 0 1
    outer loop
      vertex 75 195 19
      vertex 76.7207 194.457 19
      vertex 76.5 194.598 19
    endloop
  endfacet
  facet normal 0 0 1
    outer loop
      vertex 77.9544 175.479 19
      vertex 75 173 19
      vertex 77.8978 175.224 19
    endloop
  endfacet
  facet normal 0 0 1
    outer loop
      vertex 75 195 19
      vertex 76.5 194.598 19
      vertex 76.2679 194.719 19
    endloop
  endfacet
  facet normal 0 0 1
    outer loop
      vertex 77.8978 175.224 19
      vertex 75 173 19
      vertex 77.8191 174.974 19
    endloop
  endfacet
  facet normal 0 0 1
    outer loop
      vertex 75 195 19
      vertex 76.2679 194.719 19
      vertex 76.0261 194.819 19
    endloop
  endfacet
  facet normal 0 0 1
    outer loop
      vertex 77.8191 174.974 19
      vertex 75 173 19
      vertex 77.7189 174.732 19
    endloop
  endfacet
  facet normal 0 0 1
    outer loop
      vertex 75 195 19
      vertex 76.0261 194.819 19
      vertex 75.7765 194.898 19
    endloop
  endfacet
  facet normal 0 0 1
    outer loop
      vertex 77.5981 174.5 19
      vertex 75 173 19
      vertex 77.4575 174.279 19
    endloop
  endfacet
  facet normal 0 0 1
    outer loop
      vertex 75 195 19
      vertex 75.7765 194.898 19
      vertex 75.5209 194.954 19
    endloop
  endfacet
  facet normal 0 0 1
    outer loop
      vertex 77.4575 174.279 19
      vertex 75 173 19
      vertex 77.2981 174.072 19
    endloop
  endfacet
  facet normal 0 0 1
    outer loop
      vertex 75 195 19
      vertex 75.5209 194.954 19
      vertex 75.2615 194.989 19
    endloop
  endfacet
  facet normal 0 0 1
    outer loop
      vertex 77.2981 174.072 19
      vertex 75 173 19
      vertex 77.1213 173.879 19
    endloop
  endfacet
  facet normal 0 0 1
    outer loop
      vertex 78 192 19
      vertex 75 195 19
      vertex 67.3023 185.093 19
    endloop
  endfacet
  facet normal 0 0 1
    outer loop
      vertex 76.9284 173.702 19
      vertex 75 173 19
      vertex 76.7207 173.543 19
    endloop
  endfacet
  facet normal 0 0 1
    outer loop
      vertex 76.7207 173.543 19
      vertex 75 173 19
      vertex 76.5 173.402 19
    endloop
  endfacet
  facet normal 0 0 1
    outer loop
      vertex 78 192 19
      vertex 67.6935 184.148 19
      vertex 67.7 184 19
    endloop
  endfacet
  facet normal 0 0 1
    outer loop
      vertex 78 192 19
      vertex 67.6742 184.295 19
      vertex 67.6935 184.148 19
    endloop
  endfacet
  facet normal 0 0 1
    outer loop
      vertex 78 192 19
      vertex 67.6421 184.44 19
      vertex 67.6742 184.295 19
    endloop
  endfacet
  facet normal 0 0 1
    outer loop
      vertex 78 192 19
      vertex 67.5975 184.581 19
      vertex 67.6421 184.44 19
    endloop
  endfacet
  facet normal 0 0 1
    outer loop
      vertex 78 192 19
      vertex 67.5407 184.718 19
      vertex 67.5975 184.581 19
    endloop
  endfacet
  facet normal 0 0 1
    outer loop
      vertex 78 192 19
      vertex 67.4722 184.85 19
      vertex 67.5407 184.718 19
    endloop
  endfacet
  facet normal 0 0 1
    outer loop
      vertex 78 192 19
      vertex 67.3926 184.975 19
      vertex 67.4722 184.85 19
    endloop
  endfacet
  facet normal 0 0 1
    outer loop
      vertex 78 192 19
      vertex 67.3023 185.093 19
      vertex 67.3926 184.975 19
    endloop
  endfacet
  facet normal 0 0 1
    outer loop
      vertex 75 195 19
      vertex 67.2021 185.202 19
      vertex 67.3023 185.093 19
    endloop
  endfacet
  facet normal 0 0 1
    outer loop
      vertex 75 195 19
      vertex 67.0927 185.302 19
      vertex 67.2021 185.202 19
    endloop
  endfacet
  facet normal 0 0 1
    outer loop
      vertex 75 195 19
      vertex 66.9751 185.393 19
      vertex 67.0927 185.302 19
    endloop
  endfacet
  facet normal 0 0 1
    outer loop
      vertex 75 195 19
      vertex 66.85 185.472 19
      vertex 66.9751 185.393 19
    endloop
  endfacet
  facet normal 0 0 1
    outer loop
      vertex 75 195 19
      vertex 66.7185 185.541 19
      vertex 66.85 185.472 19
    endloop
  endfacet
  facet normal 0 0 1
    outer loop
      vertex 75 195 19
      vertex 66.5814 185.597 19
      vertex 66.7185 185.541 19
    endloop
  endfacet
  facet normal 0 0 1
    outer loop
      vertex 75 195 19
      vertex 66.44 185.642 19
      vertex 66.5814 185.597 19
    endloop
  endfacet
  facet normal 0 0 1
    outer loop
      vertex 75 195 19
      vertex 66.2952 185.674 19
      vertex 66.44 185.642 19
    endloop
  endfacet
  facet normal 0 0 1
    outer loop
      vertex 75 195 19
      vertex 66.1482 185.694 19
      vertex 66.2952 185.674 19
    endloop
  endfacet
  facet normal 0 0 1
    outer loop
      vertex 75 195 19
      vertex 66 185.7 19
      vertex 66.1482 185.694 19
    endloop
  endfacet
  facet normal 0 0 1
    outer loop
      vertex 75 195 19
      vertex 65.8518 185.694 19
      vertex 66 185.7 19
    endloop
  endfacet
  facet normal 0 0 1
    outer loop
      vertex 75 195 19
      vertex 65.7048 185.674 19
      vertex 65.8518 185.694 19
    endloop
  endfacet
  facet normal 0 0 1
    outer loop
      vertex 75 195 19
      vertex 65.56 185.642 19
      vertex 65.7048 185.674 19
    endloop
  endfacet
  facet normal 0 0 1
    outer loop
      vertex 75 195 19
      vertex 65.4186 185.597 19
      vertex 65.56 185.642 19
    endloop
  endfacet
  facet normal 0 0 1
    outer loop
      vertex 75 195 19
      vertex 65.2815 185.541 19
      vertex 65.4186 185.597 19
    endloop
  endfacet
  facet normal 0 0 1
    outer loop
      vertex 75 195 19
      vertex 65.15 185.472 19
      vertex 65.2815 185.541 19
    endloop
  endfacet
  facet normal 0 0 1
    outer loop
      vertex 75 195 19
      vertex 65.0249 185.393 19
      vertex 65.15 185.472 19
    endloop
  endfacet
  facet normal -0 0 1
    outer loop
      vertex 3 195 19
      vertex 65.0249 185.393 19
      vertex 75 195 19
    endloop
  endfacet
  facet normal 0 0 1
    outer loop
      vertex 65.0249 185.393 19
      vertex 3 195 19
      vertex 64.9073 185.302 19
    endloop
  endfacet
  facet normal 0 0 1
    outer loop
      vertex 12.9886 183.261 19
      vertex 64.3 184 19
      vertex 64.3065 184.148 19
    endloop
  endfacet
  facet normal 0 0 1
    outer loop
      vertex 12.9544 183.521 19
      vertex 64.3065 184.148 19
      vertex 64.3258 184.295 19
    endloop
  endfacet
  facet normal 0 0 1
    outer loop
      vertex 12.8978 183.776 19
      vertex 64.3258 184.295 19
      vertex 64.3579 184.44 19
    endloop
  endfacet
  facet normal 0 0 1
    outer loop
      vertex 12.8191 184.026 19
      vertex 64.3579 184.44 19
      vertex 64.4025 184.581 19
    endloop
  endfacet
  facet normal 0 0 1
    outer loop
      vertex 12.7189 184.268 19
      vertex 64.4025 184.581 19
      vertex 64.4593 184.718 19
    endloop
  endfacet
  facet normal 0 0 1
    outer loop
      vertex 12.5981 184.5 19
      vertex 64.4593 184.718 19
      vertex 64.5278 184.85 19
    endloop
  endfacet
  facet normal 0 0 1
    outer loop
      vertex 12.4575 184.721 19
      vertex 64.5278 184.85 19
      vertex 64.6074 184.975 19
    endloop
  endfacet
  facet normal 0 0 1
    outer loop
      vertex 12.4575 184.721 19
      vertex 64.6074 184.975 19
      vertex 64.6977 185.093 19
    endloop
  endfacet
  facet normal 0 0 1
    outer loop
      vertex 12.2981 184.928 19
      vertex 64.6977 185.093 19
      vertex 64.7979 185.202 19
    endloop
  endfacet
  facet normal 0 -0 1
    outer loop
      vertex 11.9284 185.298 19
      vertex 64.9073 185.302 19
      vertex 3 195 19
    endloop
  endfacet
  facet normal 0 0 1
    outer loop
      vertex 64.3 184 19
      vertex 12.9886 183.261 19
      vertex 13 183 19
    endloop
  endfacet
  facet normal 0 0 1
    outer loop
      vertex 64.3065 184.148 19
      vertex 12.9544 183.521 19
      vertex 12.9886 183.261 19
    endloop
  endfacet
  facet normal 0 0 1
    outer loop
      vertex 64.3258 184.295 19
      vertex 12.8978 183.776 19
      vertex 12.9544 183.521 19
    endloop
  endfacet
  facet normal 0 0 1
    outer loop
      vertex 64.3579 184.44 19
      vertex 12.8191 184.026 19
      vertex 12.8978 183.776 19
    endloop
  endfacet
  facet normal 0 0 1
    outer loop
      vertex 64.4025 184.581 19
      vertex 12.7189 184.268 19
      vertex 12.8191 184.026 19
    endloop
  endfacet
  facet normal 0 0 1
    outer loop
      vertex 64.4593 184.718 19
      vertex 12.5981 184.5 19
      vertex 12.7189 184.268 19
    endloop
  endfacet
  facet normal 0 0 1
    outer loop
      vertex 64.5278 184.85 19
      vertex 12.4575 184.721 19
      vertex 12.5981 184.5 19
    endloop
  endfacet
  facet normal 0 0 1
    outer loop
      vertex 64.6977 185.093 19
      vertex 12.2981 184.928 19
      vertex 12.4575 184.721 19
    endloop
  endfacet
  facet normal 0 0 1
    outer loop
      vertex 64.7979 185.202 19
      vertex 12.1213 185.121 19
      vertex 12.2981 184.928 19
    endloop
  endfacet
  facet normal 0 0 1
    outer loop
      vertex 64.7979 185.202 19
      vertex 11.9284 185.298 19
      vertex 12.1213 185.121 19
    endloop
  endfacet
  facet normal 0 0 1
    outer loop
      vertex 64.9073 185.302 19
      vertex 11.9284 185.298 19
      vertex 64.7979 185.202 19
    endloop
  endfacet
  facet normal 0 0 1
    outer loop
      vertex 11.9284 185.298 19
      vertex 3 195 19
      vertex 11.7207 185.457 19
    endloop
  endfacet
  facet normal 0 0 1
    outer loop
      vertex 11.7207 185.457 19
      vertex 3 195 19
      vertex 11.5 185.598 19
    endloop
  endfacet
  facet normal 0 0 1
    outer loop
      vertex 11.5 185.598 19
      vertex 3 195 19
      vertex 11.2679 185.719 19
    endloop
  endfacet
  facet normal 0 0 1
    outer loop
      vertex 11.2679 185.719 19
      vertex 3 195 19
      vertex 11.0261 185.819 19
    endloop
  endfacet
  facet normal 0 0 1
    outer loop
      vertex 11.0261 185.819 19
      vertex 3 195 19
      vertex 10.7765 185.898 19
    endloop
  endfacet
  facet normal 0 0 1
    outer loop
      vertex 10.7765 185.898 19
      vertex 3 195 19
      vertex 10.5209 185.954 19
    endloop
  endfacet
  facet normal 0 0 1
    outer loop
      vertex 10.5209 185.954 19
      vertex 3 195 19
      vertex 10.2615 185.989 19
    endloop
  endfacet
  facet normal 0 0 1
    outer loop
      vertex 10.2615 185.989 19
      vertex 3 195 19
      vertex 10 186 19
    endloop
  endfacet
  facet normal 0 0 1
    outer loop
      vertex 3 195 19
      vertex 3 186 19
      vertex 10 186 19
    endloop
  endfacet
  facet normal 0 0 1
    outer loop
      vertex 0 192 19
      vertex 3 195 19
      vertex 2.73853 194.989 19
    endloop
  endfacet
  facet normal 0 0 1
    outer loop
      vertex 3 195 19
      vertex 0 192 19
      vertex 3 186 19
    endloop
  endfacet
  facet normal 0 0 1
    outer loop
      vertex 0 192 19
      vertex 2.73853 194.989 19
      vertex 2.47906 194.954 19
    endloop
  endfacet
  facet normal 0 0 1
    outer loop
      vertex 3 186 19
      vertex 0 192 19
      vertex 2.73853 185.989 19
    endloop
  endfacet
  facet normal 0 0 1
    outer loop
      vertex 0 192 19
      vertex 2.47906 194.954 19
      vertex 2.22354 194.898 19
    endloop
  endfacet
  facet normal 0 0 1
    outer loop
      vertex 2.73853 185.989 19
      vertex 0 192 19
      vertex 2.47906 185.954 19
    endloop
  endfacet
  facet normal 0 0 1
    outer loop
      vertex 0 192 19
      vertex 2.22354 194.898 19
      vertex 1.97394 194.819 19
    endloop
  endfacet
  facet normal 0 0 1
    outer loop
      vertex 2.47906 185.954 19
      vertex 0 192 19
      vertex 2.22354 185.898 19
    endloop
  endfacet
  facet normal 0 0 1
    outer loop
      vertex 0 192 19
      vertex 1.97394 194.819 19
      vertex 1.73214 194.719 19
    endloop
  endfacet
  facet normal 0 0 1
    outer loop
      vertex 2.22354 185.898 19
      vertex 0 192 19
      vertex 1.97394 185.819 19
    endloop
  endfacet
  facet normal 0 0 1
    outer loop
      vertex 0 192 19
      vertex 1.73214 194.719 19
      vertex 1.5 194.598 19
    endloop
  endfacet
  facet normal 0 0 1
    outer loop
      vertex 1.97394 185.819 19
      vertex 0 192 19
      vertex 1.73214 185.719 19
    endloop
  endfacet
  facet normal 0 0 1
    outer loop
      vertex 0 192 19
      vertex 1.5 194.598 19
      vertex 1.27927 194.457 19
    endloop
  endfacet
  facet normal 0 0 1
    outer loop
      vertex 1.73214 185.719 19
      vertex 0 192 19
      vertex 1.5 185.598 19
    endloop
  endfacet
  facet normal 0 0 1
    outer loop
      vertex 0 192 19
      vertex 1.27927 194.457 19
      vertex 1.07164 194.298 19
    endloop
  endfacet
  facet normal 0 0 1
    outer loop
      vertex 1.5 185.598 19
      vertex 0 192 19
      vertex 1.27927 185.457 19
    endloop
  endfacet
  facet normal 0 0 1
    outer loop
      vertex 0 192 19
      vertex 1.07164 194.298 19
      vertex 0.878679 194.121 19
    endloop
  endfacet
  facet normal 0 0 1
    outer loop
      vertex 1.27927 185.457 19
      vertex 0 192 19
      vertex 1.07164 185.298 19
    endloop
  endfacet
  facet normal 0 0 1
    outer loop
      vertex 0 192 19
      vertex 0.878679 194.121 19
      vertex 0.701866 193.928 19
    endloop
  endfacet
  facet normal 0 0 1
    outer loop
      vertex 1.07164 185.298 19
      vertex 0 192 19
      vertex 0.878679 185.121 19
    endloop
  endfacet
  facet normal 0 0 1
    outer loop
      vertex 0 192 19
      vertex 0.701866 193.928 19
      vertex 0.542543 193.721 19
    endloop
  endfacet
  facet normal 0 0 1
    outer loop
      vertex 0.878679 185.121 19
      vertex 0 192 19
      vertex 0.701866 184.928 19
    endloop
  endfacet
  facet normal 0 0 1
    outer loop
      vertex 0 192 19
      vertex 0.542543 193.721 19
      vertex 0.401923 193.5 19
    endloop
  endfacet
  facet normal 0 0 1
    outer loop
      vertex 0.701866 184.928 19
      vertex 0 192 19
      vertex 0.542543 184.721 19
    endloop
  endfacet
  facet normal 0 0 1
    outer loop
      vertex 0 192 19
      vertex 0.401923 193.5 19
      vertex 0.281076 193.268 19
    endloop
  endfacet
  facet normal 0 0 1
    outer loop
      vertex 0.542543 184.721 19
      vertex 0 192 19
      vertex 0.401923 184.5 19
    endloop
  endfacet
  facet normal 0 0 1
    outer loop
      vertex 0 192 19
      vertex 0.281076 193.268 19
      vertex 0.180922 193.026 19
    endloop
  endfacet
  facet normal 0 0 1
    outer loop
      vertex 0.401923 184.5 19
      vertex 0 192 19
      vertex 0.281076 184.268 19
    endloop
  endfacet
  facet normal 0 0 1
    outer loop
      vertex 0 192 19
      vertex 0.180922 193.026 19
      vertex 0.102222 192.776 19
    endloop
  endfacet
  facet normal 0 0 1
    outer loop
      vertex 0.281076 184.268 19
      vertex 0 192 19
      vertex 0.180922 184.026 19
    endloop
  endfacet
  facet normal 0 0 1
    outer loop
      vertex 0 192 19
      vertex 0.102222 192.776 19
      vertex 0.0455761 192.521 19
    endloop
  endfacet
  facet normal 0 0 1
    outer loop
      vertex 0.180922 184.026 19
      vertex 0 192 19
      vertex 0.102222 183.776 19
    endloop
  endfacet
  facet normal 0 0 1
    outer loop
      vertex 0 192 19
      vertex 0.0455761 192.521 19
      vertex 0.0114155 192.261 19
    endloop
  endfacet
  facet normal 0 0 1
    outer loop
      vertex 0.102222 183.776 19
      vertex 0 192 19
      vertex 0.0455761 183.521 19
    endloop
  endfacet
  facet normal 0 0 1
    outer loop
      vertex 0.0455761 183.521 19
      vertex 0 192 19
      vertex 0.0114155 183.261 19
    endloop
  endfacet
  facet normal 0 0 1
    outer loop
      vertex 0.0114155 183.261 19
      vertex 0 192 19
      vertex 0 183 19
    endloop
  endfacet
  facet normal 0 0 1
    outer loop
      vertex 76.5 173.402 19
      vertex 75 173 19
      vertex 76.2679 173.281 19
    endloop
  endfacet
  facet normal 0 0 1
    outer loop
      vertex 76.2679 173.281 19
      vertex 75 173 19
      vertex 76.0261 173.181 19
    endloop
  endfacet
  facet normal 0 0 1
    outer loop
      vertex 75.7765 173.102 19
      vertex 75 173 19
      vertex 75.5209 173.046 19
    endloop
  endfacet
  facet normal 0 0 1
    outer loop
      vertex 75.5209 173.046 19
      vertex 75 173 19
      vertex 75.2615 173.011 19
    endloop
  endfacet
  facet normal 0 0 1
    outer loop
      vertex 76.0261 173.181 19
      vertex 75 173 19
      vertex 75.7765 173.102 19
    endloop
  endfacet
  facet normal 0 0 1
    outer loop
      vertex 77.1213 173.879 19
      vertex 75 173 19
      vertex 76.9284 173.702 19
    endloop
  endfacet
  facet normal 0 0 1
    outer loop
      vertex 77.7189 174.732 19
      vertex 75 173 19
      vertex 77.5981 174.5 19
    endloop
  endfacet
  facet normal 0 0 1
    outer loop
      vertex 78 176 19
      vertex 75 173 19
      vertex 77.9886 175.739 19
    endloop
  endfacet
  facet normal -0 0 1
    outer loop
      vertex 67.2021 182.798 19
      vertex 75 173 19
      vertex 67.3023 182.907 19
    endloop
  endfacet
  facet normal -0 0 1
    outer loop
      vertex 67.0927 182.698 19
      vertex 75 173 19
      vertex 67.2021 182.798 19
    endloop
  endfacet
  facet normal -0 0 1
    outer loop
      vertex 66.9751 182.607 19
      vertex 75 173 19
      vertex 67.0927 182.698 19
    endloop
  endfacet
  facet normal -0 0 1
    outer loop
      vertex 66.85 182.528 19
      vertex 75 173 19
      vertex 66.9751 182.607 19
    endloop
  endfacet
  facet normal -0 0 1
    outer loop
      vertex 66.7185 182.459 19
      vertex 75 173 19
      vertex 66.85 182.528 19
    endloop
  endfacet
  facet normal -0 0 1
    outer loop
      vertex 66.5814 182.403 19
      vertex 75 173 19
      vertex 66.7185 182.459 19
    endloop
  endfacet
  facet normal -0 0 1
    outer loop
      vertex 66.44 182.358 19
      vertex 75 173 19
      vertex 66.5814 182.403 19
    endloop
  endfacet
  facet normal -0 0 1
    outer loop
      vertex 66.2952 182.326 19
      vertex 75 173 19
      vertex 66.44 182.358 19
    endloop
  endfacet
  facet normal -0 0 1
    outer loop
      vertex 66.1482 182.306 19
      vertex 75 173 19
      vertex 66.2952 182.326 19
    endloop
  endfacet
  facet normal -0 0 1
    outer loop
      vertex 66 182.3 19
      vertex 75 173 19
      vertex 66.1482 182.306 19
    endloop
  endfacet
  facet normal 0 0 1
    outer loop
      vertex 65.8518 182.306 19
      vertex 75 173 19
      vertex 66 182.3 19
    endloop
  endfacet
  facet normal 0 0 1
    outer loop
      vertex 65.7048 182.326 19
      vertex 75 173 19
      vertex 65.8518 182.306 19
    endloop
  endfacet
  facet normal 0 0 1
    outer loop
      vertex 65.56 182.358 19
      vertex 75 173 19
      vertex 65.7048 182.326 19
    endloop
  endfacet
  facet normal 0 0 1
    outer loop
      vertex 65.4186 182.403 19
      vertex 75 173 19
      vertex 65.56 182.358 19
    endloop
  endfacet
  facet normal 0 0 1
    outer loop
      vertex 65.2815 182.459 19
      vertex 75 173 19
      vertex 65.4186 182.403 19
    endloop
  endfacet
  facet normal 0 0 1
    outer loop
      vertex 65.15 182.528 19
      vertex 75 173 19
      vertex 65.2815 182.459 19
    endloop
  endfacet
  facet normal 0 0 1
    outer loop
      vertex 65.0249 182.607 19
      vertex 75 173 19
      vertex 65.15 182.528 19
    endloop
  endfacet
  facet normal 0 0 1
    outer loop
      vertex 13 173 19
      vertex 65.0249 182.607 19
      vertex 64.9073 182.698 19
    endloop
  endfacet
  facet normal 0 0 1
    outer loop
      vertex 13 173 19
      vertex 64.9073 182.698 19
      vertex 64.7979 182.798 19
    endloop
  endfacet
  facet normal 0 0 1
    outer loop
      vertex 13 183 19
      vertex 64.3065 183.852 19
      vertex 64.3 184 19
    endloop
  endfacet
  facet normal 0 0 1
    outer loop
      vertex 13 183 19
      vertex 64.3258 183.705 19
      vertex 64.3065 183.852 19
    endloop
  endfacet
  facet normal 0 0 1
    outer loop
      vertex 13 183 19
      vertex 64.3579 183.56 19
      vertex 64.3258 183.705 19
    endloop
  endfacet
  facet normal 0 0 1
    outer loop
      vertex 13 173 19
      vertex 64.3579 183.56 19
      vertex 13 183 19
    endloop
  endfacet
  facet normal 0 0 1
    outer loop
      vertex 64.3579 183.56 19
      vertex 13 173 19
      vertex 64.4025 183.419 19
    endloop
  endfacet
  facet normal 0 0 1
    outer loop
      vertex 64.4025 183.419 19
      vertex 13 173 19
      vertex 64.4593 183.282 19
    endloop
  endfacet
  facet normal 0 0 1
    outer loop
      vertex 64.4593 183.282 19
      vertex 13 173 19
      vertex 64.5278 183.15 19
    endloop
  endfacet
  facet normal 0 0 1
    outer loop
      vertex 64.5278 183.15 19
      vertex 13 173 19
      vertex 64.6074 183.025 19
    endloop
  endfacet
  facet normal 0 0 1
    outer loop
      vertex 64.6074 183.025 19
      vertex 13 173 19
      vertex 64.6977 182.907 19
    endloop
  endfacet
  facet normal 0 0 1
    outer loop
      vertex 64.6977 182.907 19
      vertex 13 173 19
      vertex 64.7979 182.798 19
    endloop
  endfacet
  facet normal 0 0 1
    outer loop
      vertex 65.0249 182.607 19
      vertex 13 173 19
      vertex 75 173 19
    endloop
  endfacet
  facet normal 0.538382 -0.842701 0
    outer loop
      vertex 76.5 173.402 0
      vertex 76.7207 173.543 19
      vertex 76.5 173.402 19
    endloop
  endfacet
  facet normal 0.538382 -0.842701 0
    outer loop
      vertex 76.7207 173.543 19
      vertex 76.5 173.402 0
      vertex 76.7207 173.543 0
    endloop
  endfacet
  facet normal -0.0420327 0.999116 0
    outer loop
      vertex 3 195 0
      vertex 2.73853 194.989 19
      vertex 3 195 19
    endloop
  endfacet
  facet normal -0.0420327 0.999116 0
    outer loop
      vertex 2.73853 194.989 19
      vertex 3 195 0
      vertex 2.73853 194.989 0
    endloop
  endfacet
  facet normal 0.676088 0.736821 -0
    outer loop
      vertex 77.1213 194.121 0
      vertex 76.9284 194.298 19
      vertex 77.1213 194.121 19
    endloop
  endfacet
  facet normal 0.676088 0.736821 0
    outer loop
      vertex 76.9284 194.298 19
      vertex 77.1213 194.121 0
      vertex 76.9284 194.298 0
    endloop
  endfacet
  facet normal 0.923933 -0.382554 2.06073e-19
    outer loop
      vertex 77.7189 174.732 19
      vertex 77.8191 174.974 0
      vertex 77.8191 174.974 19
    endloop
  endfacet
  facet normal 0.923933 -0.382554 2.06073e-19
    outer loop
      vertex 77.8191 174.974 0
      vertex 77.7189 174.732 19
      vertex 77.7189 174.732 0
    endloop
  endfacet
  facet normal -0.382172 0.924091 0
    outer loop
      vertex 1.97394 194.819 0
      vertex 1.73214 194.719 19
      vertex 1.97394 194.819 19
    endloop
  endfacet
  facet normal -0.382172 0.924091 0
    outer loop
      vertex 1.73214 194.719 19
      vertex 1.97394 194.819 0
      vertex 1.73214 194.719 0
    endloop
  endfacet
  facet normal 0.0420278 -0.999116 0
    outer loop
      vertex 75 173 0
      vertex 75.2615 173.011 19
      vertex 75 173 19
    endloop
  endfacet
  facet normal 0.0420278 -0.999116 0
    outer loop
      vertex 75.2615 173.011 19
      vertex 75 173 0
      vertex 75.2615 173.011 0
    endloop
  endfacet
  facet normal 0.843724 -0.536777 -3.41744e-19
    outer loop
      vertex 77.4575 174.279 19
      vertex 77.5981 174.5 0
      vertex 77.5981 174.5 19
    endloop
  endfacet
  facet normal 0.843724 -0.536777 -3.41744e-19
    outer loop
      vertex 77.5981 174.5 0
      vertex 77.4575 174.279 19
      vertex 77.4575 174.279 0
    endloop
  endfacet
  facet normal 0.886966 -0.461834 2.19035e-19
    outer loop
      vertex 77.5981 174.5 19
      vertex 77.7189 174.732 0
      vertex 77.7189 174.732 19
    endloop
  endfacet
  facet normal 0.886966 -0.461834 2.19035e-19
    outer loop
      vertex 77.7189 174.732 0
      vertex 77.5981 174.5 19
      vertex 77.5981 174.5 0
    endloop
  endfacet
  facet normal 0.999047 0.0436366 -3.83746e-20
    outer loop
      vertex 78 192 19
      vertex 77.9886 192.261 0
      vertex 77.9886 192.261 19
    endloop
  endfacet
  facet normal 0.999047 0.0436366 -3.83746e-20
    outer loop
      vertex 77.9886 192.261 0
      vertex 78 192 19
      vertex 78 192 0
    endloop
  endfacet
  facet normal 0.676088 -0.736821 0
    outer loop
      vertex 76.9284 173.702 0
      vertex 77.1213 173.879 19
      vertex 76.9284 173.702 19
    endloop
  endfacet
  facet normal 0.676088 -0.736821 0
    outer loop
      vertex 77.1213 173.879 19
      vertex 76.9284 173.702 0
      vertex 77.1213 173.879 0
    endloop
  endfacet
  facet normal 0.999047 -0.0436366 3.83746e-20
    outer loop
      vertex 77.9886 175.739 19
      vertex 78 176 0
      vertex 78 176 19
    endloop
  endfacet
  facet normal 0.999047 -0.0436366 3.83746e-20
    outer loop
      vertex 78 176 0
      vertex 77.9886 175.739 19
      vertex 77.9886 175.739 0
    endloop
  endfacet
  facet normal 0.301753 0.953386 -0
    outer loop
      vertex 76.0261 194.819 0
      vertex 75.7765 194.898 19
      vertex 76.0261 194.819 19
    endloop
  endfacet
  facet normal 0.301753 0.953386 0
    outer loop
      vertex 75.7765 194.898 19
      vertex 76.0261 194.819 0
      vertex 75.7765 194.898 0
    endloop
  endfacet
  facet normal 0.538382 0.842701 -0
    outer loop
      vertex 76.7207 194.457 0
      vertex 76.5 194.598 19
      vertex 76.7207 194.457 19
    endloop
  endfacet
  facet normal 0.538382 0.842701 0
    outer loop
      vertex 76.5 194.598 19
      vertex 76.7207 194.457 0
      vertex 76.5 194.598 0
    endloop
  endfacet
  facet normal 0.792311 -0.610118 -9.24507e-20
    outer loop
      vertex 77.2981 174.072 19
      vertex 77.4575 174.279 0
      vertex 77.4575 174.279 19
    endloop
  endfacet
  facet normal 0.792311 -0.610118 -9.24507e-20
    outer loop
      vertex 77.4575 174.279 0
      vertex 77.2981 174.072 19
      vertex 77.2981 174.072 0
    endloop
  endfacet
  facet normal 0.462279 0.886735 -0
    outer loop
      vertex 76.5 194.598 0
      vertex 76.2679 194.719 19
      vertex 76.5 194.598 19
    endloop
  endfacet
  facet normal 0.462279 0.886735 0
    outer loop
      vertex 76.2679 194.719 19
      vertex 76.5 194.598 0
      vertex 76.2679 194.719 0
    endloop
  endfacet
  facet normal 0.923933 0.382554 -2.06073e-19
    outer loop
      vertex 77.8191 193.026 19
      vertex 77.7189 193.268 0
      vertex 77.7189 193.268 19
    endloop
  endfacet
  facet normal 0.923933 0.382554 -2.06073e-19
    outer loop
      vertex 77.7189 193.268 0
      vertex 77.8191 193.026 19
      vertex 77.8191 193.026 0
    endloop
  endfacet
  facet normal 0.737376 -0.675482 4.92915e-19
    outer loop
      vertex 77.1213 173.879 19
      vertex 77.2981 174.072 0
      vertex 77.2981 174.072 19
    endloop
  endfacet
  facet normal 0.737376 -0.675482 4.92915e-19
    outer loop
      vertex 77.2981 174.072 0
      vertex 77.1213 173.879 19
      vertex 77.1213 173.879 0
    endloop
  endfacet
  facet normal -0.976204 0.216855 1.83841e-20
    outer loop
      vertex 0.0455761 192.521 0
      vertex 0.102222 192.776 19
      vertex 0.102222 192.776 0
    endloop
  endfacet
  facet normal -0.976204 0.216855 1.83841e-20
    outer loop
      vertex 0.102222 192.776 19
      vertex 0.0455761 192.521 0
      vertex 0.0455761 192.521 19
    endloop
  endfacet
  facet normal -0.991479 0.130267 6.26955e-20
    outer loop
      vertex 0.0114155 192.261 0
      vertex 0.0455761 192.521 19
      vertex 0.0455761 192.521 0
    endloop
  endfacet
  facet normal -0.991479 0.130267 6.26955e-20
    outer loop
      vertex 0.0455761 192.521 19
      vertex 0.0114155 192.261 0
      vertex 0.0114155 192.261 19
    endloop
  endfacet
  facet normal 0.737376 0.675482 -4.92915e-19
    outer loop
      vertex 77.2981 193.928 19
      vertex 77.1213 194.121 0
      vertex 77.1213 194.121 19
    endloop
  endfacet
  facet normal 0.737376 0.675482 -4.92915e-19
    outer loop
      vertex 77.1213 194.121 0
      vertex 77.2981 193.928 19
      vertex 77.2981 193.928 0
    endloop
  endfacet
  facet normal 1 -0 0
    outer loop
      vertex 78 176 19
      vertex 78 192 0
      vertex 78 192 19
    endloop
  endfacet
  facet normal 1 0 0
    outer loop
      vertex 78 192 0
      vertex 78 176 19
      vertex 78 176 0
    endloop
  endfacet
  facet normal -0.999045 0.0436958 3.9213e-20
    outer loop
      vertex 0 192 0
      vertex 0.0114155 192.261 19
      vertex 0.0114155 192.261 0
    endloop
  endfacet
  facet normal -0.999045 0.0436958 3.9213e-20
    outer loop
      vertex 0.0114155 192.261 19
      vertex 0 192 0
      vertex 0 192 19
    endloop
  endfacet
  facet normal 0.886966 0.461834 -2.19035e-19
    outer loop
      vertex 77.7189 193.268 19
      vertex 77.5981 193.5 0
      vertex 77.5981 193.5 19
    endloop
  endfacet
  facet normal 0.886966 0.461834 -2.19035e-19
    outer loop
      vertex 77.5981 193.5 0
      vertex 77.7189 193.268 19
      vertex 77.7189 193.268 0
    endloop
  endfacet
  facet normal 0.991459 -0.130415 -1.34562e-19
    outer loop
      vertex 77.9544 175.479 19
      vertex 77.9886 175.739 0
      vertex 77.9886 175.739 19
    endloop
  endfacet
  facet normal 0.991459 -0.130415 -1.34562e-19
    outer loop
      vertex 77.9886 175.739 0
      vertex 77.9544 175.479 19
      vertex 77.9544 175.479 0
    endloop
  endfacet
  facet normal 0.953853 0.300273 0
    outer loop
      vertex 77.8978 192.776 19
      vertex 77.8191 193.026 0
      vertex 77.8191 193.026 19
    endloop
  endfacet
  facet normal 0.953853 0.300273 0
    outer loop
      vertex 77.8191 193.026 0
      vertex 77.8978 192.776 19
      vertex 77.8978 192.776 0
    endloop
  endfacet
  facet normal 0.953715 -0.300711 7.82647e-20
    outer loop
      vertex 12.8191 31.9739 72
      vertex 12.8978 32.2235 19
      vertex 12.8978 32.2235 72
    endloop
  endfacet
  facet normal 0.953715 -0.300711 7.82647e-20
    outer loop
      vertex 12.8978 32.2235 19
      vertex 12.8191 31.9739 72
      vertex 12.8191 31.9739 19
    endloop
  endfacet
  facet normal 0 1 -0
    outer loop
      vertex 10 186 19
      vertex 3 186 72
      vertex 10 186 72
    endloop
  endfacet
  facet normal 0 1 0
    outer loop
      vertex 3 186 72
      vertex 10 186 19
      vertex 3 186 19
    endloop
  endfacet
  facet normal 0 -1 0
    outer loop
      vertex 3 30 19
      vertex 10 30 72
      vertex 3 30 72
    endloop
  endfacet
  facet normal 0 -1 -0
    outer loop
      vertex 10 30 72
      vertex 3 30 19
      vertex 10 30 19
    endloop
  endfacet
  facet normal 0.737202 -0.675673 -2.03198e-19
    outer loop
      vertex 12.1213 30.8787 72
      vertex 12.2981 31.0716 19
      vertex 12.2981 31.0716 72
    endloop
  endfacet
  facet normal 0.737202 -0.675673 -2.03198e-19
    outer loop
      vertex 12.2981 31.0716 19
      vertex 12.1213 30.8787 72
      vertex 12.1213 30.8787 19
    endloop
  endfacet
  facet normal 0.923821 -0.382824 5.33567e-20
    outer loop
      vertex 12.7189 31.7321 72
      vertex 12.8191 31.9739 19
      vertex 12.8191 31.9739 72
    endloop
  endfacet
  facet normal 0.923821 -0.382824 5.33567e-20
    outer loop
      vertex 12.8191 31.9739 19
      vertex 12.7189 31.7321 72
      vertex 12.7189 31.7321 19
    endloop
  endfacet
  facet normal -0.976312 -0.21637 -2.64121e-21
    outer loop
      vertex 0.102222 32.2235 19
      vertex 0.0455761 32.4791 72
      vertex 0.0455761 32.4791 19
    endloop
  endfacet
  facet normal -0.976312 -0.21637 -2.64121e-21
    outer loop
      vertex 0.0455761 32.4791 72
      vertex 0.102222 32.2235 19
      vertex 0.102222 32.2235 72
    endloop
  endfacet
  facet normal -0.886974 -0.461819 -1.10343e-19
    outer loop
      vertex 0.401923 31.5 19
      vertex 0.281076 31.7321 72
      vertex 0.281076 31.7321 19
    endloop
  endfacet
  facet normal -0.886974 -0.461819 -1.10343e-19
    outer loop
      vertex 0.281076 31.7321 72
      vertex 0.401923 31.5 19
      vertex 0.401923 31.5 72
    endloop
  endfacet
  facet normal -0.886893 0.461976 -7.8795e-21
    outer loop
      vertex 0.281076 184.268 19
      vertex 0.401923 184.5 72
      vertex 0.401923 184.5 19
    endloop
  endfacet
  facet normal -0.886893 0.461976 -7.8795e-21
    outer loop
      vertex 0.401923 184.5 72
      vertex 0.281076 184.268 19
      vertex 0.281076 184.268 72
    endloop
  endfacet
  facet normal 1 -0 0
    outer loop
      vertex 13 36 52
      vertex 13 56 45
      vertex 13 56 52
    endloop
  endfacet
  facet normal 1 0 0
    outer loop
      vertex 13 56 45
      vertex 13 36 52
      vertex 13 43 19
    endloop
  endfacet
  facet normal 1 0 0
    outer loop
      vertex 13 36 52
      vertex 13 33 19
      vertex 13 43 19
    endloop
  endfacet
  facet normal 1 0 0
    outer loop
      vertex 13 33 19
      vertex 13 36 52
      vertex 13 33 72
    endloop
  endfacet
  facet normal 1 0 0
    outer loop
      vertex 13 126 52
      vertex 13 90 52
      vertex 13 126 45
    endloop
  endfacet
  facet normal 1 0 0
    outer loop
      vertex 13 180 52
      vertex 13 183 72
      vertex 13 180 57
    endloop
  endfacet
  facet normal 1 0 0
    outer loop
      vertex 13 183 72
      vertex 13 160 69
      vertex 13 180 57
    endloop
  endfacet
  facet normal 1 0 0
    outer loop
      vertex 13 183 72
      vertex 13 126 69
      vertex 13 160 69
    endloop
  endfacet
  facet normal 1 0 0
    outer loop
      vertex 13 126 69
      vertex 13 90 69
      vertex 13 126 57
    endloop
  endfacet
  facet normal 1 0 0
    outer loop
      vertex 13 183 72
      vertex 13 90 69
      vertex 13 126 69
    endloop
  endfacet
  facet normal 1 -0 0
    outer loop
      vertex 13 33 72
      vertex 13 90 69
      vertex 13 183 72
    endloop
  endfacet
  facet normal 1 0 0
    outer loop
      vertex 13 56 69
      vertex 13 36 57
      vertex 13 56 57
    endloop
  endfacet
  facet normal 1 0 0
    outer loop
      vertex 13 36 57
      vertex 13 33 72
      vertex 13 36 52
    endloop
  endfacet
  facet normal 1 0 0
    outer loop
      vertex 13 56 69
      vertex 13 33 72
      vertex 13 36 57
    endloop
  endfacet
  facet normal 1 0 0
    outer loop
      vertex 13 90 69
      vertex 13 33 72
      vertex 13 56 69
    endloop
  endfacet
  facet normal 1 0 0
    outer loop
      vertex 13 183 72
      vertex 13 180 52
      vertex 13 183 19
    endloop
  endfacet
  facet normal 1 0 0
    outer loop
      vertex 13 180 52
      vertex 13 173 19
      vertex 13 183 19
    endloop
  endfacet
  facet normal 1 0 0
    outer loop
      vertex 13 160 45
      vertex 13 180 52
      vertex 13 160 52
    endloop
  endfacet
  facet normal 1 0 0
    outer loop
      vertex 13 180 52
      vertex 13 160 45
      vertex 13 173 19
    endloop
  endfacet
  facet normal 1 -0 0
    outer loop
      vertex 13 126 45
      vertex 13 173 19
      vertex 13 160 45
    endloop
  endfacet
  facet normal 1 0 0
    outer loop
      vertex 13 173 19
      vertex 13 126 45
      vertex 13 173 0
    endloop
  endfacet
  facet normal 1 0 0
    outer loop
      vertex 13 90 45
      vertex 13 126 45
      vertex 13 90 52
    endloop
  endfacet
  facet normal 1 0 0
    outer loop
      vertex 13 126 45
      vertex 13 90 45
      vertex 13 173 0
    endloop
  endfacet
  facet normal 1 0 0
    outer loop
      vertex 13 43 19
      vertex 13 90 45
      vertex 13 56 45
    endloop
  endfacet
  facet normal 1 0 0
    outer loop
      vertex 13 90 45
      vertex 13 43 19
      vertex 13 43 0
    endloop
  endfacet
  facet normal 1 0 0
    outer loop
      vertex 13 90 45
      vertex 13 43 0
      vertex 13 173 0
    endloop
  endfacet
  facet normal 1 0 0
    outer loop
      vertex 13 180 57
      vertex 13 160 69
      vertex 13 160 57
    endloop
  endfacet
  facet normal 1 0 0
    outer loop
      vertex 13 126 57
      vertex 13 90 69
      vertex 13 90 57
    endloop
  endfacet
  facet normal 0.999047 0.0436366 1.23024e-20
    outer loop
      vertex 13 183 72
      vertex 12.9886 183.261 19
      vertex 12.9886 183.261 72
    endloop
  endfacet
  facet normal 0.999047 0.0436366 1.23024e-20
    outer loop
      vertex 12.9886 183.261 19
      vertex 13 183 72
      vertex 13 183 19
    endloop
  endfacet
  facet normal 0.999051 -0.0435533 -1.53653e-20
    outer loop
      vertex 12.9886 32.7385 72
      vertex 13 33 19
      vertex 13 33 72
    endloop
  endfacet
  facet normal 0.999051 -0.0435533 -1.53653e-20
    outer loop
      vertex 13 33 19
      vertex 12.9886 32.7385 72
      vertex 12.9886 32.7385 19
    endloop
  endfacet
  facet normal -0.537244 -0.843427 0
    outer loop
      vertex 1.27927 30.5425 19
      vertex 1.5 30.4019 72
      vertex 1.27927 30.5425 72
    endloop
  endfacet
  facet normal -0.537244 -0.843427 -0
    outer loop
      vertex 1.5 30.4019 72
      vertex 1.27927 30.5425 19
      vertex 1.5 30.4019 19
    endloop
  endfacet
  facet normal -0.923995 0.382404 1.18278e-19
    outer loop
      vertex 0.180922 184.026 19
      vertex 0.281076 184.268 72
      vertex 0.281076 184.268 19
    endloop
  endfacet
  facet normal -0.923995 0.382404 1.18278e-19
    outer loop
      vertex 0.281076 184.268 72
      vertex 0.180922 184.026 19
      vertex 0.180922 184.026 72
    endloop
  endfacet
  facet normal 0.382824 -0.923821 0
    outer loop
      vertex 11.0261 30.1809 19
      vertex 11.2679 30.2811 72
      vertex 11.0261 30.1809 72
    endloop
  endfacet
  facet normal 0.382824 -0.923821 0
    outer loop
      vertex 11.2679 30.2811 72
      vertex 11.0261 30.1809 19
      vertex 11.2679 30.2811 19
    endloop
  endfacet
  facet normal 0.0435533 -0.999051 0
    outer loop
      vertex 10 30 19
      vertex 10.2615 30.0114 72
      vertex 10 30 72
    endloop
  endfacet
  facet normal 0.0435533 -0.999051 0
    outer loop
      vertex 10.2615 30.0114 72
      vertex 10 30 19
      vertex 10.2615 30.0114 19
    endloop
  endfacet
  facet normal -0.301753 0.953386 0
    outer loop
      vertex 2.22354 185.898 19
      vertex 1.97394 185.819 72
      vertex 2.22354 185.898 72
    endloop
  endfacet
  facet normal -0.301753 0.953386 0
    outer loop
      vertex 1.97394 185.819 72
      vertex 2.22354 185.898 19
      vertex 1.97394 185.819 19
    endloop
  endfacet
  facet normal -0.0435583 -0.999051 0
    outer loop
      vertex 2.73853 30.0114 19
      vertex 3 30 72
      vertex 2.73853 30.0114 72
    endloop
  endfacet
  facet normal -0.0435583 -0.999051 -0
    outer loop
      vertex 3 30 72
      vertex 2.73853 30.0114 19
      vertex 3 30 19
    endloop
  endfacet
  facet normal 0.216202 -0.976349 0
    outer loop
      vertex 10.5209 30.0456 19
      vertex 10.7765 30.1022 72
      vertex 10.5209 30.0456 72
    endloop
  endfacet
  facet normal 0.216202 -0.976349 0
    outer loop
      vertex 10.7765 30.1022 72
      vertex 10.5209 30.0456 19
      vertex 10.7765 30.1022 19
    endloop
  endfacet
  facet normal 0.301753 0.953386 -0
    outer loop
      vertex 11.0261 185.819 19
      vertex 10.7765 185.898 72
      vertex 11.0261 185.819 72
    endloop
  endfacet
  facet normal 0.301753 0.953386 0
    outer loop
      vertex 10.7765 185.898 72
      vertex 11.0261 185.819 19
      vertex 10.7765 185.898 19
    endloop
  endfacet
  facet normal 0.382172 0.924091 -0
    outer loop
      vertex 11.2679 185.719 19
      vertex 11.0261 185.819 72
      vertex 11.2679 185.719 72
    endloop
  endfacet
  facet normal 0.382172 0.924091 0
    outer loop
      vertex 11.0261 185.819 72
      vertex 11.2679 185.719 19
      vertex 11.0261 185.819 19
    endloop
  endfacet
  facet normal 0.462279 0.886735 -0
    outer loop
      vertex 11.5 185.598 19
      vertex 11.2679 185.719 72
      vertex 11.5 185.598 72
    endloop
  endfacet
  facet normal 0.462279 0.886735 0
    outer loop
      vertex 11.2679 185.719 72
      vertex 11.5 185.598 19
      vertex 11.2679 185.719 19
    endloop
  endfacet
  facet normal 0.130712 -0.99142 0
    outer loop
      vertex 10.2615 30.0114 19
      vertex 10.5209 30.0456 72
      vertex 10.2615 30.0114 72
    endloop
  endfacet
  facet normal 0.130712 -0.99142 0
    outer loop
      vertex 10.5209 30.0456 72
      vertex 10.2615 30.0114 19
      vertex 10.5209 30.0456 19
    endloop
  endfacet
  facet normal 0.99142 -0.130712 2.19515e-20
    outer loop
      vertex 12.9544 32.4791 72
      vertex 12.9886 32.7385 19
      vertex 12.9886 32.7385 72
    endloop
  endfacet
  facet normal 0.99142 -0.130712 2.19515e-20
    outer loop
      vertex 12.9886 32.7385 19
      vertex 12.9544 32.4791 72
      vertex 12.9544 32.4791 19
    endloop
  endfacet
  facet normal 0.675673 -0.737202 0
    outer loop
      vertex 11.9284 30.7019 19
      vertex 12.1213 30.8787 72
      vertex 11.9284 30.7019 72
    endloop
  endfacet
  facet normal 0.675673 -0.737202 0
    outer loop
      vertex 12.1213 30.8787 72
      vertex 11.9284 30.7019 19
      vertex 12.1213 30.8787 19
    endloop
  endfacet
  facet normal -0.792453 0.609933 -1.46097e-19
    outer loop
      vertex 0.542543 184.721 19
      vertex 0.701866 184.928 72
      vertex 0.701866 184.928 19
    endloop
  endfacet
  facet normal -0.792453 0.609933 -1.46097e-19
    outer loop
      vertex 0.701866 184.928 72
      vertex 0.542543 184.721 19
      vertex 0.542543 184.721 72
    endloop
  endfacet
  facet normal 0.607862 0.794043 -0
    outer loop
      vertex 11.9284 185.298 19
      vertex 11.7207 185.457 72
      vertex 11.9284 185.298 72
    endloop
  endfacet
  facet normal 0.607862 0.794043 0
    outer loop
      vertex 11.7207 185.457 72
      vertex 11.9284 185.298 19
      vertex 11.7207 185.457 19
    endloop
  endfacet
  facet normal 0.923933 0.382554 -7.38754e-20
    outer loop
      vertex 12.8191 184.026 72
      vertex 12.7189 184.268 19
      vertex 12.7189 184.268 72
    endloop
  endfacet
  facet normal 0.923933 0.382554 -7.38754e-20
    outer loop
      vertex 12.7189 184.268 19
      vertex 12.8191 184.026 72
      vertex 12.8191 184.026 19
    endloop
  endfacet
  facet normal 0.0420278 0.999116 -0
    outer loop
      vertex 10.2615 185.989 19
      vertex 10 186 72
      vertex 10.2615 185.989 72
    endloop
  endfacet
  facet normal 0.0420278 0.999116 0
    outer loop
      vertex 10 186 72
      vertex 10.2615 185.989 19
      vertex 10 186 19
    endloop
  endfacet
  facet normal -0.13368 0.991025 0
    outer loop
      vertex 2.73853 185.989 19
      vertex 2.47906 185.954 72
      vertex 2.73853 185.989 72
    endloop
  endfacet
  facet normal -0.13368 0.991025 0
    outer loop
      vertex 2.47906 185.954 72
      vertex 2.73853 185.989 19
      vertex 2.47906 185.954 19
    endloop
  endfacet
  facet normal 0.976349 -0.216202 5.72171e-20
    outer loop
      vertex 12.8978 32.2235 72
      vertex 12.9544 32.4791 19
      vertex 12.9544 32.4791 72
    endloop
  endfacet
  facet normal 0.976349 -0.216202 5.72171e-20
    outer loop
      vertex 12.9544 32.4791 19
      vertex 12.8978 32.2235 72
      vertex 12.8978 32.2235 19
    endloop
  endfacet
  facet normal 0.608824 -0.793305 0
    outer loop
      vertex 11.7207 30.5425 19
      vertex 11.9284 30.7019 72
      vertex 11.7207 30.5425 72
    endloop
  endfacet
  facet normal 0.608824 -0.793305 0
    outer loop
      vertex 11.9284 30.7019 72
      vertex 11.7207 30.5425 19
      vertex 11.9284 30.7019 19
    endloop
  endfacet
  facet normal 0.737376 0.675482 -1.76705e-19
    outer loop
      vertex 12.2981 184.928 72
      vertex 12.1213 185.121 19
      vertex 12.1213 185.121 72
    endloop
  endfacet
  facet normal 0.737376 0.675482 -1.76705e-19
    outer loop
      vertex 12.1213 185.121 19
      vertex 12.2981 184.928 72
      vertex 12.2981 184.928 19
    endloop
  endfacet
  facet normal -0.737177 -0.6757 -2.33818e-19
    outer loop
      vertex 0.878679 30.8787 19
      vertex 0.701866 31.0716 72
      vertex 0.701866 31.0716 19
    endloop
  endfacet
  facet normal -0.737177 -0.6757 -2.33818e-19
    outer loop
      vertex 0.701866 31.0716 72
      vertex 0.878679 30.8787 19
      vertex 0.878679 30.8787 72
    endloop
  endfacet
  facet normal 0.461678 -0.887048 0
    outer loop
      vertex 11.2679 30.2811 19
      vertex 11.5 30.4019 72
      vertex 11.2679 30.2811 72
    endloop
  endfacet
  facet normal 0.461678 -0.887048 0
    outer loop
      vertex 11.5 30.4019 72
      vertex 11.2679 30.2811 19
      vertex 11.5 30.4019 19
    endloop
  endfacet
  facet normal 0.991459 0.130415 1.82844e-20
    outer loop
      vertex 12.9886 183.261 72
      vertex 12.9544 183.521 19
      vertex 12.9544 183.521 72
    endloop
  endfacet
  facet normal 0.991459 0.130415 1.82844e-20
    outer loop
      vertex 12.9544 183.521 19
      vertex 12.9886 183.261 72
      vertex 12.9886 183.261 19
    endloop
  endfacet
  facet normal -0.130677 -0.991425 0
    outer loop
      vertex 2.47906 30.0456 19
      vertex 2.73853 30.0114 72
      vertex 2.47906 30.0456 72
    endloop
  endfacet
  facet normal -0.130677 -0.991425 -0
    outer loop
      vertex 2.73853 30.0114 72
      vertex 2.47906 30.0456 19
      vertex 2.73853 30.0114 19
    endloop
  endfacet
  facet normal 0.214016 0.97683 -0
    outer loop
      vertex 10.7765 185.898 19
      vertex 10.5209 185.954 72
      vertex 10.7765 185.898 72
    endloop
  endfacet
  facet normal 0.214016 0.97683 0
    outer loop
      vertex 10.5209 185.954 72
      vertex 10.7765 185.898 19
      vertex 10.5209 185.954 19
    endloop
  endfacet
  facet normal 0.133715 0.99102 -0
    outer loop
      vertex 10.5209 185.954 19
      vertex 10.2615 185.989 72
      vertex 10.5209 185.954 72
    endloop
  endfacet
  facet normal 0.133715 0.99102 0
    outer loop
      vertex 10.2615 185.989 72
      vertex 10.5209 185.954 19
      vertex 10.2615 185.989 19
    endloop
  endfacet
  facet normal 0.300711 -0.953715 0
    outer loop
      vertex 10.7765 30.1022 19
      vertex 11.0261 30.1809 72
      vertex 10.7765 30.1022 72
    endloop
  endfacet
  facet normal 0.300711 -0.953715 0
    outer loop
      vertex 11.0261 30.1809 72
      vertex 10.7765 30.1022 19
      vertex 11.0261 30.1809 19
    endloop
  endfacet
  facet normal 0.793305 -0.608824 -1.91389e-19
    outer loop
      vertex 12.2981 31.0716 72
      vertex 12.4575 31.2793 19
      vertex 12.4575 31.2793 72
    endloop
  endfacet
  facet normal 0.793305 -0.608824 -1.91389e-19
    outer loop
      vertex 12.4575 31.2793 19
      vertex 12.2981 31.0716 72
      vertex 12.2981 31.0716 19
    endloop
  endfacet
  facet normal -0.462216 0.886767 0
    outer loop
      vertex 1.73214 185.719 19
      vertex 1.5 185.598 72
      vertex 1.73214 185.719 72
    endloop
  endfacet
  facet normal -0.462216 0.886767 0
    outer loop
      vertex 1.5 185.598 72
      vertex 1.73214 185.719 19
      vertex 1.5 185.598 19
    endloop
  endfacet
  facet normal -0.0420327 0.999116 0
    outer loop
      vertex 3 186 19
      vertex 2.73853 185.989 72
      vertex 3 186 72
    endloop
  endfacet
  facet normal -0.0420327 0.999116 0
    outer loop
      vertex 2.73853 185.989 72
      vertex 3 186 19
      vertex 2.73853 185.989 19
    endloop
  endfacet
  facet normal 0.676088 0.736821 -0
    outer loop
      vertex 12.1213 185.121 19
      vertex 11.9284 185.298 72
      vertex 12.1213 185.121 72
    endloop
  endfacet
  facet normal 0.676088 0.736821 0
    outer loop
      vertex 11.9284 185.298 72
      vertex 12.1213 185.121 19
      vertex 11.9284 185.298 19
    endloop
  endfacet
  facet normal -0.21408 0.976816 0
    outer loop
      vertex 2.47906 185.954 19
      vertex 2.22354 185.898 72
      vertex 2.47906 185.954 72
    endloop
  endfacet
  facet normal -0.21408 0.976816 0
    outer loop
      vertex 2.22354 185.898 72
      vertex 2.47906 185.954 19
      vertex 2.22354 185.898 19
    endloop
  endfacet
  facet normal -0.999049 -0.0436124 7.70852e-21
    outer loop
      vertex 0.0114155 32.7385 19
      vertex 0 33 72
      vertex 0 33 19
    endloop
  endfacet
  facet normal -0.999049 -0.0436124 7.70852e-21
    outer loop
      vertex 0 33 72
      vertex 0.0114155 32.7385 19
      vertex 0.0114155 32.7385 72
    endloop
  endfacet
  facet normal 0.843394 -0.537296 3.26073e-20
    outer loop
      vertex 12.4575 31.2793 72
      vertex 12.5981 31.5 19
      vertex 12.5981 31.5 72
    endloop
  endfacet
  facet normal 0.843394 -0.537296 3.26073e-20
    outer loop
      vertex 12.5981 31.5 19
      vertex 12.4575 31.2793 72
      vertex 12.4575 31.2793 19
    endloop
  endfacet
  facet normal 0.953853 0.300273 0
    outer loop
      vertex 12.8978 183.776 72
      vertex 12.8191 184.026 19
      vertex 12.8191 184.026 72
    endloop
  endfacet
  facet normal 0.953853 0.300273 0
    outer loop
      vertex 12.8191 184.026 19
      vertex 12.8978 183.776 72
      vertex 12.8978 183.776 19
    endloop
  endfacet
  facet normal -0.607991 0.793944 0
    outer loop
      vertex 1.27927 185.457 19
      vertex 1.07164 185.298 72
      vertex 1.27927 185.457 72
    endloop
  endfacet
  facet normal -0.607991 0.793944 0
    outer loop
      vertex 1.07164 185.298 72
      vertex 1.27927 185.457 19
      vertex 1.07164 185.298 19
    endloop
  endfacet
  facet normal -0.53833 0.842734 0
    outer loop
      vertex 1.5 185.598 19
      vertex 1.27927 185.457 72
      vertex 1.5 185.598 72
    endloop
  endfacet
  facet normal -0.53833 0.842734 0
    outer loop
      vertex 1.27927 185.457 72
      vertex 1.5 185.598 19
      vertex 1.27927 185.457 19
    endloop
  endfacet
  facet normal -0.953853 0.300273 0
    outer loop
      vertex 0.102222 183.776 19
      vertex 0.180922 184.026 72
      vertex 0.180922 184.026 19
    endloop
  endfacet
  facet normal -0.953853 0.300273 0
    outer loop
      vertex 0.180922 184.026 72
      vertex 0.102222 183.776 19
      vertex 0.102222 183.776 72
    endloop
  endfacet
  facet normal 0.976241 0.216687 -6.02591e-20
    outer loop
      vertex 12.9544 183.521 72
      vertex 12.8978 183.776 19
      vertex 12.8978 183.776 72
    endloop
  endfacet
  facet normal 0.976241 0.216687 -6.02591e-20
    outer loop
      vertex 12.8978 183.776 19
      vertex 12.9544 183.521 72
      vertex 12.9544 183.521 19
    endloop
  endfacet
  facet normal -0.382172 0.924091 0
    outer loop
      vertex 1.97394 185.819 19
      vertex 1.73214 185.719 72
      vertex 1.97394 185.819 72
    endloop
  endfacet
  facet normal -0.382172 0.924091 0
    outer loop
      vertex 1.73214 185.719 72
      vertex 1.97394 185.819 19
      vertex 1.73214 185.719 19
    endloop
  endfacet
  facet normal -0.999045 0.0436958 1.40575e-20
    outer loop
      vertex 0 183 19
      vertex 0.0114155 183.261 72
      vertex 0.0114155 183.261 19
    endloop
  endfacet
  facet normal -0.999045 0.0436958 1.40575e-20
    outer loop
      vertex 0.0114155 183.261 72
      vertex 0 183 19
      vertex 0 183 72
    endloop
  endfacet
  facet normal -0.991479 0.130267 2.24758e-20
    outer loop
      vertex 0.0114155 183.261 19
      vertex 0.0455761 183.521 72
      vertex 0.0455761 183.521 19
    endloop
  endfacet
  facet normal -0.991479 0.130267 2.24758e-20
    outer loop
      vertex 0.0455761 183.521 72
      vertex 0.0114155 183.261 19
      vertex 0.0114155 183.261 72
    endloop
  endfacet
  facet normal -0.976204 0.216855 6.59052e-21
    outer loop
      vertex 0.0455761 183.521 19
      vertex 0.102222 183.776 72
      vertex 0.102222 183.776 19
    endloop
  endfacet
  facet normal -0.976204 0.216855 6.59052e-21
    outer loop
      vertex 0.102222 183.776 72
      vertex 0.0455761 183.521 19
      vertex 0.0455761 183.521 72
    endloop
  endfacet
  facet normal -0.300711 -0.953715 0
    outer loop
      vertex 1.97394 30.1809 19
      vertex 2.22354 30.1022 72
      vertex 1.97394 30.1809 72
    endloop
  endfacet
  facet normal -0.300711 -0.953715 -0
    outer loop
      vertex 2.22354 30.1022 72
      vertex 1.97394 30.1809 19
      vertex 2.22354 30.1022 19
    endloop
  endfacet
  facet normal -0.216267 -0.976334 0
    outer loop
      vertex 2.22354 30.1022 19
      vertex 2.47906 30.0456 72
      vertex 2.22354 30.1022 72
    endloop
  endfacet
  facet normal -0.216267 -0.976334 -0
    outer loop
      vertex 2.47906 30.0456 72
      vertex 2.22354 30.1022 19
      vertex 2.47906 30.0456 19
    endloop
  endfacet
  facet normal -0.953715 -0.300711 -6.5058e-20
    outer loop
      vertex 0.180922 31.9739 19
      vertex 0.102222 32.2235 72
      vertex 0.102222 32.2235 19
    endloop
  endfacet
  facet normal -0.953715 -0.300711 -6.5058e-20
    outer loop
      vertex 0.102222 32.2235 72
      vertex 0.180922 31.9739 19
      vertex 0.180922 31.9739 72
    endloop
  endfacet
  facet normal -0.382824 -0.923821 0
    outer loop
      vertex 1.73214 30.2811 19
      vertex 1.97394 30.1809 72
      vertex 1.73214 30.2811 72
    endloop
  endfacet
  facet normal -0.382824 -0.923821 -0
    outer loop
      vertex 1.97394 30.1809 72
      vertex 1.73214 30.2811 19
      vertex 1.97394 30.1809 19
    endloop
  endfacet
  facet normal -0.461615 -0.88708 0
    outer loop
      vertex 1.5 30.4019 19
      vertex 1.73214 30.2811 72
      vertex 1.5 30.4019 72
    endloop
  endfacet
  facet normal -0.461615 -0.88708 -0
    outer loop
      vertex 1.73214 30.2811 72
      vertex 1.5 30.4019 19
      vertex 1.73214 30.2811 19
    endloop
  endfacet
  facet normal 0.538382 0.842701 -0
    outer loop
      vertex 11.7207 185.457 19
      vertex 11.5 185.598 72
      vertex 11.7207 185.457 72
    endloop
  endfacet
  facet normal 0.538382 0.842701 0
    outer loop
      vertex 11.5 185.598 72
      vertex 11.7207 185.457 19
      vertex 11.5 185.598 19
    endloop
  endfacet
  facet normal 0.887048 -0.461678 7.10232e-20
    outer loop
      vertex 12.5981 31.5 72
      vertex 12.7189 31.7321 19
      vertex 12.7189 31.7321 72
    endloop
  endfacet
  facet normal 0.887048 -0.461678 7.10232e-20
    outer loop
      vertex 12.7189 31.7321 19
      vertex 12.5981 31.5 72
      vertex 12.5981 31.5 19
    endloop
  endfacet
  facet normal 0.843724 0.536777 -1.34418e-20
    outer loop
      vertex 12.5981 184.5 72
      vertex 12.4575 184.721 19
      vertex 12.4575 184.721 72
    endloop
  endfacet
  facet normal 0.843724 0.536777 -1.34418e-20
    outer loop
      vertex 12.4575 184.721 19
      vertex 12.5981 184.5 72
      vertex 12.5981 184.5 19
    endloop
  endfacet
  facet normal 0.886966 0.461834 6.36295e-20
    outer loop
      vertex 12.7189 184.268 72
      vertex 12.5981 184.5 19
      vertex 12.5981 184.5 72
    endloop
  endfacet
  facet normal 0.886966 0.461834 6.36295e-20
    outer loop
      vertex 12.5981 184.5 19
      vertex 12.7189 184.268 72
      vertex 12.7189 184.268 19
    endloop
  endfacet
  facet normal -0.608954 -0.793206 0
    outer loop
      vertex 1.07164 30.7019 19
      vertex 1.27927 30.5425 72
      vertex 1.07164 30.7019 72
    endloop
  endfacet
  facet normal -0.608954 -0.793206 -0
    outer loop
      vertex 1.27927 30.5425 72
      vertex 1.07164 30.7019 19
      vertex 1.27927 30.5425 19
    endloop
  endfacet
  facet normal 0.792311 0.610118 5.31874e-20
    outer loop
      vertex 12.4575 184.721 72
      vertex 12.2981 184.928 19
      vertex 12.2981 184.928 72
    endloop
  endfacet
  facet normal 0.792311 0.610118 5.31874e-20
    outer loop
      vertex 12.2981 184.928 19
      vertex 12.4575 184.721 72
      vertex 12.4575 184.721 19
    endloop
  endfacet
  facet normal 0.537296 -0.843394 0
    outer loop
      vertex 11.5 30.4019 19
      vertex 11.7207 30.5425 72
      vertex 11.5 30.4019 72
    endloop
  endfacet
  facet normal 0.537296 -0.843394 0
    outer loop
      vertex 11.7207 30.5425 72
      vertex 11.5 30.4019 19
      vertex 11.7207 30.5425 19
    endloop
  endfacet
  facet normal -0.737351 0.675509 -1.28125e-19
    outer loop
      vertex 0.701866 184.928 19
      vertex 0.878679 185.121 72
      vertex 0.878679 185.121 19
    endloop
  endfacet
  facet normal -0.737351 0.675509 -1.28125e-19
    outer loop
      vertex 0.878679 185.121 72
      vertex 0.701866 184.928 19
      vertex 0.701866 184.928 72
    endloop
  endfacet
  facet normal -0.99144 -0.130564 1.98024e-20
    outer loop
      vertex 0.0455761 32.4791 19
      vertex 0.0114155 32.7385 72
      vertex 0.0114155 32.7385 19
    endloop
  endfacet
  facet normal -0.99144 -0.130564 1.98024e-20
    outer loop
      vertex 0.0114155 32.7385 72
      vertex 0.0455761 32.4791 19
      vertex 0.0455761 32.4791 72
    endloop
  endfacet
  facet normal -0.84369 0.536831 -4.9292e-20
    outer loop
      vertex 0.401923 184.5 19
      vertex 0.542543 184.721 72
      vertex 0.542543 184.721 19
    endloop
  endfacet
  facet normal -0.84369 0.536831 -4.9292e-20
    outer loop
      vertex 0.542543 184.721 72
      vertex 0.401923 184.5 19
      vertex 0.401923 184.5 72
    endloop
  endfacet
  facet normal 0 0 1
    outer loop
      vertex 10 186 72
      vertex 13 183 72
      vertex 12.9886 183.261 72
    endloop
  endfacet
  facet normal 0 0 1
    outer loop
      vertex 13 183 72
      vertex 0 183 72
      vertex 13 33 72
    endloop
  endfacet
  facet normal 0 0 1
    outer loop
      vertex 10 186 72
      vertex 12.9886 183.261 72
      vertex 12.9544 183.521 72
    endloop
  endfacet
  facet normal 0 0 1
    outer loop
      vertex 0 33 72
      vertex 13 33 72
      vertex 0 183 72
    endloop
  endfacet
  facet normal 0 0 1
    outer loop
      vertex 10 186 72
      vertex 12.9544 183.521 72
      vertex 12.8978 183.776 72
    endloop
  endfacet
  facet normal 0 -0 1
    outer loop
      vertex 10 30 72
      vertex 13 33 72
      vertex 0 33 72
    endloop
  endfacet
  facet normal 0 0 1
    outer loop
      vertex 10 186 72
      vertex 12.8978 183.776 72
      vertex 12.8191 184.026 72
    endloop
  endfacet
  facet normal 0 0 1
    outer loop
      vertex 13 33 72
      vertex 10 30 72
      vertex 12.9886 32.7385 72
    endloop
  endfacet
  facet normal 0 0 1
    outer loop
      vertex 10 186 72
      vertex 12.8191 184.026 72
      vertex 12.7189 184.268 72
    endloop
  endfacet
  facet normal 0 0 1
    outer loop
      vertex 12.9886 32.7385 72
      vertex 10 30 72
      vertex 12.9544 32.4791 72
    endloop
  endfacet
  facet normal 0 0 1
    outer loop
      vertex 10 186 72
      vertex 12.7189 184.268 72
      vertex 12.5981 184.5 72
    endloop
  endfacet
  facet normal 0 0 1
    outer loop
      vertex 12.9544 32.4791 72
      vertex 10 30 72
      vertex 12.8978 32.2235 72
    endloop
  endfacet
  facet normal 0 0 1
    outer loop
      vertex 10 186 72
      vertex 12.5981 184.5 72
      vertex 12.4575 184.721 72
    endloop
  endfacet
  facet normal 0 0 1
    outer loop
      vertex 12.8978 32.2235 72
      vertex 10 30 72
      vertex 12.8191 31.9739 72
    endloop
  endfacet
  facet normal 0 0 1
    outer loop
      vertex 10 186 72
      vertex 12.4575 184.721 72
      vertex 12.2981 184.928 72
    endloop
  endfacet
  facet normal 0 0 1
    outer loop
      vertex 12.8191 31.9739 72
      vertex 10 30 72
      vertex 12.7189 31.7321 72
    endloop
  endfacet
  facet normal 0 0 1
    outer loop
      vertex 10 186 72
      vertex 12.2981 184.928 72
      vertex 12.1213 185.121 72
    endloop
  endfacet
  facet normal 0 0 1
    outer loop
      vertex 12.7189 31.7321 72
      vertex 10 30 72
      vertex 12.5981 31.5 72
    endloop
  endfacet
  facet normal 0 0 1
    outer loop
      vertex 10 186 72
      vertex 12.1213 185.121 72
      vertex 11.9284 185.298 72
    endloop
  endfacet
  facet normal 0 0 1
    outer loop
      vertex 12.5981 31.5 72
      vertex 10 30 72
      vertex 12.4575 31.2793 72
    endloop
  endfacet
  facet normal 0 0 1
    outer loop
      vertex 10 186 72
      vertex 11.9284 185.298 72
      vertex 11.7207 185.457 72
    endloop
  endfacet
  facet normal 0 0 1
    outer loop
      vertex 12.4575 31.2793 72
      vertex 10 30 72
      vertex 12.2981 31.0716 72
    endloop
  endfacet
  facet normal 0 0 1
    outer loop
      vertex 10 186 72
      vertex 11.7207 185.457 72
      vertex 11.5 185.598 72
    endloop
  endfacet
  facet normal 0 0 1
    outer loop
      vertex 12.2981 31.0716 72
      vertex 10 30 72
      vertex 12.1213 30.8787 72
    endloop
  endfacet
  facet normal 0 0 1
    outer loop
      vertex 10 186 72
      vertex 11.5 185.598 72
      vertex 11.2679 185.719 72
    endloop
  endfacet
  facet normal 0 0 1
    outer loop
      vertex 12.1213 30.8787 72
      vertex 10 30 72
      vertex 11.9284 30.7019 72
    endloop
  endfacet
  facet normal 0 0 1
    outer loop
      vertex 10 186 72
      vertex 11.2679 185.719 72
      vertex 11.0261 185.819 72
    endloop
  endfacet
  facet normal 0 0 1
    outer loop
      vertex 11.9284 30.7019 72
      vertex 10 30 72
      vertex 11.7207 30.5425 72
    endloop
  endfacet
  facet normal 0 0 1
    outer loop
      vertex 10 186 72
      vertex 11.0261 185.819 72
      vertex 10.7765 185.898 72
    endloop
  endfacet
  facet normal 0 0 1
    outer loop
      vertex 11.7207 30.5425 72
      vertex 10 30 72
      vertex 11.5 30.4019 72
    endloop
  endfacet
  facet normal 0 0 1
    outer loop
      vertex 10 186 72
      vertex 10.7765 185.898 72
      vertex 10.5209 185.954 72
    endloop
  endfacet
  facet normal 0 0 1
    outer loop
      vertex 11.5 30.4019 72
      vertex 10 30 72
      vertex 11.2679 30.2811 72
    endloop
  endfacet
  facet normal 0 0 1
    outer loop
      vertex 10 186 72
      vertex 10.5209 185.954 72
      vertex 10.2615 185.989 72
    endloop
  endfacet
  facet normal 0 0 1
    outer loop
      vertex 11.2679 30.2811 72
      vertex 10 30 72
      vertex 11.0261 30.1809 72
    endloop
  endfacet
  facet normal 0 0 1
    outer loop
      vertex 13 183 72
      vertex 10 186 72
      vertex 0 183 72
    endloop
  endfacet
  facet normal 0 0 1
    outer loop
      vertex 11.0261 30.1809 72
      vertex 10 30 72
      vertex 10.7765 30.1022 72
    endloop
  endfacet
  facet normal 0 0 1
    outer loop
      vertex 0 183 72
      vertex 10 186 72
      vertex 3 186 72
    endloop
  endfacet
  facet normal 0 0 1
    outer loop
      vertex 10.7765 30.1022 72
      vertex 10 30 72
      vertex 10.5209 30.0456 72
    endloop
  endfacet
  facet normal 0 0 1
    outer loop
      vertex 0 183 72
      vertex 3 186 72
      vertex 2.73853 185.989 72
    endloop
  endfacet
  facet normal 0 0 1
    outer loop
      vertex 10.5209 30.0456 72
      vertex 10 30 72
      vertex 10.2615 30.0114 72
    endloop
  endfacet
  facet normal 0 0 1
    outer loop
      vertex 0 183 72
      vertex 2.73853 185.989 72
      vertex 2.47906 185.954 72
    endloop
  endfacet
  facet normal 0 0 1
    outer loop
      vertex 10 30 72
      vertex 0 33 72
      vertex 3 30 72
    endloop
  endfacet
  facet normal 0 0 1
    outer loop
      vertex 0 183 72
      vertex 2.47906 185.954 72
      vertex 2.22354 185.898 72
    endloop
  endfacet
  facet normal 0 0 1
    outer loop
      vertex 3 30 72
      vertex 0 33 72
      vertex 2.73853 30.0114 72
    endloop
  endfacet
  facet normal 0 0 1
    outer loop
      vertex 0 183 72
      vertex 2.22354 185.898 72
      vertex 1.97394 185.819 72
    endloop
  endfacet
  facet normal 0 0 1
    outer loop
      vertex 2.73853 30.0114 72
      vertex 0 33 72
      vertex 2.47906 30.0456 72
    endloop
  endfacet
  facet normal 0 0 1
    outer loop
      vertex 0 183 72
      vertex 1.97394 185.819 72
      vertex 1.73214 185.719 72
    endloop
  endfacet
  facet normal 0 0 1
    outer loop
      vertex 2.47906 30.0456 72
      vertex 0 33 72
      vertex 2.22354 30.1022 72
    endloop
  endfacet
  facet normal 0 0 1
    outer loop
      vertex 0 183 72
      vertex 1.73214 185.719 72
      vertex 1.5 185.598 72
    endloop
  endfacet
  facet normal 0 0 1
    outer loop
      vertex 2.22354 30.1022 72
      vertex 0 33 72
      vertex 1.97394 30.1809 72
    endloop
  endfacet
  facet normal 0 0 1
    outer loop
      vertex 0 183 72
      vertex 1.5 185.598 72
      vertex 1.27927 185.457 72
    endloop
  endfacet
  facet normal 0 0 1
    outer loop
      vertex 1.97394 30.1809 72
      vertex 0 33 72
      vertex 1.73214 30.2811 72
    endloop
  endfacet
  facet normal 0 0 1
    outer loop
      vertex 0 183 72
      vertex 1.27927 185.457 72
      vertex 1.07164 185.298 72
    endloop
  endfacet
  facet normal 0 0 1
    outer loop
      vertex 1.73214 30.2811 72
      vertex 0 33 72
      vertex 1.5 30.4019 72
    endloop
  endfacet
  facet normal 0 0 1
    outer loop
      vertex 0 183 72
      vertex 1.07164 185.298 72
      vertex 0.878679 185.121 72
    endloop
  endfacet
  facet normal 0 0 1
    outer loop
      vertex 1.5 30.4019 72
      vertex 0 33 72
      vertex 1.27927 30.5425 72
    endloop
  endfacet
  facet normal 0 0 1
    outer loop
      vertex 0 183 72
      vertex 0.878679 185.121 72
      vertex 0.701866 184.928 72
    endloop
  endfacet
  facet normal 0 0 1
    outer loop
      vertex 1.27927 30.5425 72
      vertex 0 33 72
      vertex 1.07164 30.7019 72
    endloop
  endfacet
  facet normal 0 0 1
    outer loop
      vertex 0 183 72
      vertex 0.701866 184.928 72
      vertex 0.542543 184.721 72
    endloop
  endfacet
  facet normal 0 0 1
    outer loop
      vertex 1.07164 30.7019 72
      vertex 0 33 72
      vertex 0.878679 30.8787 72
    endloop
  endfacet
  facet normal 0 0 1
    outer loop
      vertex 0 183 72
      vertex 0.542543 184.721 72
      vertex 0.401923 184.5 72
    endloop
  endfacet
  facet normal 0 0 1
    outer loop
      vertex 0.878679 30.8787 72
      vertex 0 33 72
      vertex 0.701866 31.0716 72
    endloop
  endfacet
  facet normal 0 0 1
    outer loop
      vertex 0 183 72
      vertex 0.401923 184.5 72
      vertex 0.281076 184.268 72
    endloop
  endfacet
  facet normal 0 0 1
    outer loop
      vertex 0.701866 31.0716 72
      vertex 0 33 72
      vertex 0.542543 31.2793 72
    endloop
  endfacet
  facet normal 0 0 1
    outer loop
      vertex 0 183 72
      vertex 0.281076 184.268 72
      vertex 0.180922 184.026 72
    endloop
  endfacet
  facet normal 0 0 1
    outer loop
      vertex 0.542543 31.2793 72
      vertex 0 33 72
      vertex 0.401923 31.5 72
    endloop
  endfacet
  facet normal 0 0 1
    outer loop
      vertex 0 183 72
      vertex 0.180922 184.026 72
      vertex 0.102222 183.776 72
    endloop
  endfacet
  facet normal 0 0 1
    outer loop
      vertex 0.401923 31.5 72
      vertex 0 33 72
      vertex 0.281076 31.7321 72
    endloop
  endfacet
  facet normal 0 0 1
    outer loop
      vertex 0 183 72
      vertex 0.102222 183.776 72
      vertex 0.0455761 183.521 72
    endloop
  endfacet
  facet normal 0 0 1
    outer loop
      vertex 0.281076 31.7321 72
      vertex 0 33 72
      vertex 0.180922 31.9739 72
    endloop
  endfacet
  facet normal 0 0 1
    outer loop
      vertex 0 183 72
      vertex 0.0455761 183.521 72
      vertex 0.0114155 183.261 72
    endloop
  endfacet
  facet normal 0 0 1
    outer loop
      vertex 0.180922 31.9739 72
      vertex 0 33 72
      vertex 0.102222 32.2235 72
    endloop
  endfacet
  facet normal 0 0 1
    outer loop
      vertex 0.102222 32.2235 72
      vertex 0 33 72
      vertex 0.0455761 32.4791 72
    endloop
  endfacet
  facet normal 0 0 1
    outer loop
      vertex 0.0455761 32.4791 72
      vertex 0 33 72
      vertex 0.0114155 32.7385 72
    endloop
  endfacet
  facet normal -0.675557 -0.737308 0
    outer loop
      vertex 0.878679 30.8787 19
      vertex 1.07164 30.7019 72
      vertex 0.878679 30.8787 72
    endloop
  endfacet
  facet normal -0.675557 -0.737308 -0
    outer loop
      vertex 1.07164 30.7019 72
      vertex 0.878679 30.8787 19
      vertex 1.07164 30.7019 19
    endloop
  endfacet
  facet normal -0.923883 -0.382674 2.63429e-20
    outer loop
      vertex 0.281076 31.7321 19
      vertex 0.180922 31.9739 72
      vertex 0.180922 31.9739 19
    endloop
  endfacet
  facet normal -0.923883 -0.382674 2.63429e-20
    outer loop
      vertex 0.180922 31.9739 72
      vertex 0.281076 31.7321 19
      vertex 0.281076 31.7321 72
    endloop
  endfacet
  facet normal -0.843359 -0.53735 -8.12214e-21
    outer loop
      vertex 0.542543 31.2793 19
      vertex 0.401923 31.5 72
      vertex 0.401923 31.5 19
    endloop
  endfacet
  facet normal -0.843359 -0.53735 -8.12214e-21
    outer loop
      vertex 0.401923 31.5 72
      vertex 0.542543 31.2793 19
      vertex 0.542543 31.2793 72
    endloop
  endfacet
  facet normal -0.793447 -0.608639 -5.27993e-20
    outer loop
      vertex 0.701866 31.0716 19
      vertex 0.542543 31.2793 72
      vertex 0.542543 31.2793 19
    endloop
  endfacet
  facet normal -0.793447 -0.608639 -5.27993e-20
    outer loop
      vertex 0.542543 31.2793 72
      vertex 0.701866 31.0716 19
      vertex 0.701866 31.0716 72
    endloop
  endfacet
  facet normal -0.675972 0.736928 0
    outer loop
      vertex 1.07164 185.298 19
      vertex 0.878679 185.121 72
      vertex 1.07164 185.298 72
    endloop
  endfacet
  facet normal -0.675972 0.736928 0
    outer loop
      vertex 0.878679 185.121 72
      vertex 1.07164 185.298 19
      vertex 0.878679 185.121 19
    endloop
  endfacet
  facet normal 1 -0 0
    outer loop
      vertex 18 36 57
      vertex 18 180 52
      vertex 18 180 57
    endloop
  endfacet
  facet normal 1 0 0
    outer loop
      vertex 18 180 52
      vertex 18 36 57
      vertex 18 36 52
    endloop
  endfacet
  facet normal -0 0 1
    outer loop
      vertex 13 126 57
      vertex 14 90 57
      vertex 14 126 57
    endloop
  endfacet
  facet normal 0 0 1
    outer loop
      vertex 14 90 57
      vertex 13 126 57
      vertex 13 90 57
    endloop
  endfacet
  facet normal 0 0 1
    outer loop
      vertex 14 126 57
      vertex 18 180 57
      vertex 14 160 57
    endloop
  endfacet
  facet normal -0 0 1
    outer loop
      vertex 13 180 57
      vertex 14 160 57
      vertex 18 180 57
    endloop
  endfacet
  facet normal 0 0 1
    outer loop
      vertex 14 160 57
      vertex 13 180 57
      vertex 13 160 57
    endloop
  endfacet
  facet normal 0 0 1
    outer loop
      vertex 18 180 57
      vertex 14 126 57
      vertex 18 36 57
    endloop
  endfacet
  facet normal -0 0 1
    outer loop
      vertex 14 90 57
      vertex 18 36 57
      vertex 14 126 57
    endloop
  endfacet
  facet normal -0 0 1
    outer loop
      vertex 14 56 57
      vertex 18 36 57
      vertex 14 90 57
    endloop
  endfacet
  facet normal 0 0 1
    outer loop
      vertex 13 36 57
      vertex 14 56 57
      vertex 13 56 57
    endloop
  endfacet
  facet normal 0 0 1
    outer loop
      vertex 14 56 57
      vertex 13 36 57
      vertex 18 36 57
    endloop
  endfacet
  facet normal 0 0 -1
    outer loop
      vertex 13 90 52
      vertex 14 126 52
      vertex 14 90 52
    endloop
  endfacet
  facet normal -0 0 -1
    outer loop
      vertex 14 126 52
      vertex 13 90 52
      vertex 13 126 52
    endloop
  endfacet
  facet normal 0 0 -1
    outer loop
      vertex 14 90 52
      vertex 18 36 52
      vertex 14 56 52
    endloop
  endfacet
  facet normal 0 0 -1
    outer loop
      vertex 13 36 52
      vertex 14 56 52
      vertex 18 36 52
    endloop
  endfacet
  facet normal -0 0 -1
    outer loop
      vertex 14 56 52
      vertex 13 36 52
      vertex 13 56 52
    endloop
  endfacet
  facet normal 0 0 -1
    outer loop
      vertex 18 36 52
      vertex 14 90 52
      vertex 18 180 52
    endloop
  endfacet
  facet normal 0 0 -1
    outer loop
      vertex 14 126 52
      vertex 18 180 52
      vertex 14 90 52
    endloop
  endfacet
  facet normal 0 0 -1
    outer loop
      vertex 14 160 52
      vertex 18 180 52
      vertex 14 126 52
    endloop
  endfacet
  facet normal 0 0 -1
    outer loop
      vertex 13 180 52
      vertex 14 160 52
      vertex 13 160 52
    endloop
  endfacet
  facet normal 0 0 -1
    outer loop
      vertex 14 160 52
      vertex 13 180 52
      vertex 18 180 52
    endloop
  endfacet
  facet normal 0 1 -0
    outer loop
      vertex 18 180 52
      vertex 13 180 57
      vertex 18 180 57
    endloop
  endfacet
  facet normal 0 1 0
    outer loop
      vertex 13 180 57
      vertex 18 180 52
      vertex 13 180 52
    endloop
  endfacet
  facet normal 0 -1 0
    outer loop
      vertex 13 36 52
      vertex 18 36 57
      vertex 13 36 57
    endloop
  endfacet
  facet normal 0 -1 -0
    outer loop
      vertex 18 36 57
      vertex 13 36 52
      vertex 18 36 52
    endloop
  endfacet
  facet normal -0.991491 -0.130175 -4.34734e-20
    outer loop
      vertex 67.6935 32.1482 0
      vertex 67.6742 32.2952 19
      vertex 67.6742 32.2952 0
    endloop
  endfacet
  facet normal -0.991491 -0.130175 -4.34734e-20
    outer loop
      vertex 67.6742 32.2952 19
      vertex 67.6935 32.1482 0
      vertex 67.6935 32.1482 19
    endloop
  endfacet
  facet normal -0.99904 -0.0438175 -6.21385e-22
    outer loop
      vertex 67.7 32 0
      vertex 67.6935 32.1482 19
      vertex 67.6935 32.1482 0
    endloop
  endfacet
  facet normal -0.99904 -0.0438175 -6.21385e-22
    outer loop
      vertex 67.6935 32.1482 19
      vertex 67.7 32 0
      vertex 67.7 32 19
    endloop
  endfacet
  facet normal -0.976298 -0.216431 -3.71181e-20
    outer loop
      vertex 67.6742 32.2952 0
      vertex 67.6421 32.44 19
      vertex 67.6421 32.44 0
    endloop
  endfacet
  facet normal -0.976298 -0.216431 -3.71181e-20
    outer loop
      vertex 67.6421 32.44 19
      vertex 67.6742 32.2952 0
      vertex 67.6742 32.2952 19
    endloop
  endfacet
  facet normal 0.216431 -0.976298 0
    outer loop
      vertex 65.56 33.6421 0
      vertex 65.7048 33.6742 19
      vertex 65.56 33.6421 19
    endloop
  endfacet
  facet normal 0.216431 -0.976298 0
    outer loop
      vertex 65.7048 33.6742 19
      vertex 65.56 33.6421 0
      vertex 65.7048 33.6742 0
    endloop
  endfacet
  facet normal -0.843689 -0.536832 -3.026e-19
    outer loop
      vertex 67.4722 32.85 0
      vertex 67.3926 32.9751 19
      vertex 67.3926 32.9751 0
    endloop
  endfacet
  facet normal -0.843689 -0.536832 -3.026e-19
    outer loop
      vertex 67.3926 32.9751 19
      vertex 67.4722 32.85 0
      vertex 67.4722 32.85 19
    endloop
  endfacet
  facet normal 0.976298 0.216431 1.22442e-19
    outer loop
      vertex 64.3579 31.56 19
      vertex 64.3258 31.7048 0
      vertex 64.3258 31.7048 19
    endloop
  endfacet
  facet normal 0.976298 0.216431 1.22442e-19
    outer loop
      vertex 64.3258 31.7048 0
      vertex 64.3579 31.56 19
      vertex 64.3579 31.56 0
    endloop
  endfacet
  facet normal -0.737434 -0.675419 -1.63475e-20
    outer loop
      vertex 67.3023 33.0927 0
      vertex 67.2021 33.2021 19
      vertex 67.2021 33.2021 0
    endloop
  endfacet
  facet normal -0.737434 -0.675419 -1.63475e-20
    outer loop
      vertex 67.2021 33.2021 19
      vertex 67.3023 33.0927 0
      vertex 67.3023 33.0927 19
    endloop
  endfacet
  facet normal -0.99904 0.0438175 9.29123e-22
    outer loop
      vertex 67.6935 31.8518 0
      vertex 67.7 32 19
      vertex 67.7 32 0
    endloop
  endfacet
  facet normal -0.99904 0.0438175 9.29123e-22
    outer loop
      vertex 67.7 32 19
      vertex 67.6935 31.8518 0
      vertex 67.6935 31.8518 19
    endloop
  endfacet
  facet normal -0.675419 0.737434 0
    outer loop
      vertex 67.2021 30.7979 0
      vertex 67.0927 30.6977 19
      vertex 67.2021 30.7979 19
    endloop
  endfacet
  facet normal -0.675419 0.737434 0
    outer loop
      vertex 67.0927 30.6977 19
      vertex 67.2021 30.7979 0
      vertex 67.0927 30.6977 0
    endloop
  endfacet
  facet normal 0.79315 -0.609026 -2.86021e-20
    outer loop
      vertex 64.6074 32.9751 19
      vertex 64.6977 33.0927 0
      vertex 64.6977 33.0927 19
    endloop
  endfacet
  facet normal 0.79315 -0.609026 -2.86021e-20
    outer loop
      vertex 64.6977 33.0927 0
      vertex 64.6074 32.9751 19
      vertex 64.6074 32.9751 0
    endloop
  endfacet
  facet normal -0.382749 0.923853 0
    outer loop
      vertex 66.7185 30.4593 0
      vertex 66.5814 30.4025 19
      vertex 66.7185 30.4593 19
    endloop
  endfacet
  facet normal -0.382749 0.923853 0
    outer loop
      vertex 66.5814 30.4025 19
      vertex 66.7185 30.4593 0
      vertex 66.5814 30.4025 0
    endloop
  endfacet
  facet normal -0.953685 -0.300809 4.93017e-20
    outer loop
      vertex 67.6421 32.44 0
      vertex 67.5975 32.5814 19
      vertex 67.5975 32.5814 0
    endloop
  endfacet
  facet normal -0.953685 -0.300809 4.93017e-20
    outer loop
      vertex 67.5975 32.5814 19
      vertex 67.6421 32.44 0
      vertex 67.6421 32.44 19
    endloop
  endfacet
  facet normal -0.130175 0.991491 0
    outer loop
      vertex 66.2952 30.3258 0
      vertex 66.1482 30.3065 19
      vertex 66.2952 30.3258 19
    endloop
  endfacet
  facet normal -0.130175 0.991491 0
    outer loop
      vertex 66.1482 30.3065 19
      vertex 66.2952 30.3258 0
      vertex 66.1482 30.3065 0
    endloop
  endfacet
  facet normal 0.976298 -0.216431 3.71181e-20
    outer loop
      vertex 64.3258 32.2952 19
      vertex 64.3579 32.44 0
      vertex 64.3579 32.44 19
    endloop
  endfacet
  facet normal 0.976298 -0.216431 3.71181e-20
    outer loop
      vertex 64.3579 32.44 0
      vertex 64.3258 32.2952 19
      vertex 64.3258 32.2952 0
    endloop
  endfacet
  facet normal 0.609026 -0.79315 0
    outer loop
      vertex 64.9073 33.3023 0
      vertex 65.0249 33.3926 19
      vertex 64.9073 33.3023 19
    endloop
  endfacet
  facet normal 0.609026 -0.79315 0
    outer loop
      vertex 65.0249 33.3926 19
      vertex 64.9073 33.3023 0
      vertex 65.0249 33.3926 0
    endloop
  endfacet
  facet normal 0.0438175 -0.99904 0
    outer loop
      vertex 65.8518 33.6935 0
      vertex 66 33.7 19
      vertex 65.8518 33.6935 19
    endloop
  endfacet
  facet normal 0.0438175 -0.99904 0
    outer loop
      vertex 66 33.7 19
      vertex 65.8518 33.6935 0
      vertex 66 33.7 0
    endloop
  endfacet
  facet normal 0.609026 0.79315 -0
    outer loop
      vertex 65.0249 30.6074 0
      vertex 64.9073 30.6977 19
      vertex 65.0249 30.6074 19
    endloop
  endfacet
  facet normal 0.609026 0.79315 0
    outer loop
      vertex 64.9073 30.6977 19
      vertex 65.0249 30.6074 0
      vertex 64.9073 30.6977 0
    endloop
  endfacet
  facet normal 0.382749 -0.923853 0
    outer loop
      vertex 65.2815 33.5407 0
      vertex 65.4186 33.5975 19
      vertex 65.2815 33.5407 19
    endloop
  endfacet
  facet normal 0.382749 -0.923853 0
    outer loop
      vertex 65.4186 33.5975 19
      vertex 65.2815 33.5407 0
      vertex 65.4186 33.5975 0
    endloop
  endfacet
  facet normal 0.99904 -0.0438175 6.21385e-22
    outer loop
      vertex 64.3 32 19
      vertex 64.3065 32.1482 0
      vertex 64.3065 32.1482 19
    endloop
  endfacet
  facet normal 0.99904 -0.0438175 6.21385e-22
    outer loop
      vertex 64.3065 32.1482 0
      vertex 64.3 32 19
      vertex 64.3 32 0
    endloop
  endfacet
  facet normal -0.300809 -0.953685 0
    outer loop
      vertex 66.44 33.6421 0
      vertex 66.5814 33.5975 19
      vertex 66.44 33.6421 19
    endloop
  endfacet
  facet normal -0.300809 -0.953685 -0
    outer loop
      vertex 66.5814 33.5975 19
      vertex 66.44 33.6421 0
      vertex 66.5814 33.5975 0
    endloop
  endfacet
  facet normal 0.300809 -0.953685 0
    outer loop
      vertex 65.4186 33.5975 0
      vertex 65.56 33.6421 19
      vertex 65.4186 33.5975 19
    endloop
  endfacet
  facet normal 0.300809 -0.953685 0
    outer loop
      vertex 65.56 33.6421 19
      vertex 65.4186 33.5975 0
      vertex 65.56 33.6421 0
    endloop
  endfacet
  facet normal -0.923853 -0.382749 -5.14137e-20
    outer loop
      vertex 67.5975 32.5814 0
      vertex 67.5407 32.7185 19
      vertex 67.5407 32.7185 0
    endloop
  endfacet
  facet normal -0.923853 -0.382749 -5.14137e-20
    outer loop
      vertex 67.5407 32.7185 19
      vertex 67.5975 32.5814 0
      vertex 67.5975 32.5814 19
    endloop
  endfacet
  facet normal -0.300809 0.953685 0
    outer loop
      vertex 66.5814 30.4025 0
      vertex 66.44 30.3579 19
      vertex 66.5814 30.4025 19
    endloop
  endfacet
  facet normal -0.300809 0.953685 0
    outer loop
      vertex 66.44 30.3579 19
      vertex 66.5814 30.4025 0
      vertex 66.44 30.3579 0
    endloop
  endfacet
  facet normal -0.216431 0.976298 0
    outer loop
      vertex 66.44 30.3579 0
      vertex 66.2952 30.3258 19
      vertex 66.44 30.3579 19
    endloop
  endfacet
  facet normal -0.216431 0.976298 0
    outer loop
      vertex 66.2952 30.3258 19
      vertex 66.44 30.3579 0
      vertex 66.2952 30.3258 0
    endloop
  endfacet
  facet normal -0.609026 -0.79315 0
    outer loop
      vertex 66.9751 33.3926 0
      vertex 67.0927 33.3023 19
      vertex 66.9751 33.3926 19
    endloop
  endfacet
  facet normal -0.609026 -0.79315 -0
    outer loop
      vertex 67.0927 33.3023 19
      vertex 66.9751 33.3926 0
      vertex 67.0927 33.3023 0
    endloop
  endfacet
  facet normal 0.46199 0.886885 -0
    outer loop
      vertex 65.2815 30.4593 0
      vertex 65.15 30.5278 19
      vertex 65.2815 30.4593 19
    endloop
  endfacet
  facet normal 0.46199 0.886885 0
    outer loop
      vertex 65.15 30.5278 19
      vertex 65.2815 30.4593 0
      vertex 65.15 30.5278 0
    endloop
  endfacet
  facet normal -0.0438175 -0.99904 0
    outer loop
      vertex 66 33.7 0
      vertex 66.1482 33.6935 19
      vertex 66 33.7 19
    endloop
  endfacet
  facet normal -0.0438175 -0.99904 -0
    outer loop
      vertex 66.1482 33.6935 19
      vertex 66 33.7 0
      vertex 66.1482 33.6935 0
    endloop
  endfacet
  facet normal 0.536832 -0.843689 0
    outer loop
      vertex 65.0249 33.3926 0
      vertex 65.15 33.4722 19
      vertex 65.0249 33.3926 19
    endloop
  endfacet
  facet normal 0.536832 -0.843689 0
    outer loop
      vertex 65.15 33.4722 19
      vertex 65.0249 33.3926 0
      vertex 65.15 33.4722 0
    endloop
  endfacet
  facet normal -0.130175 -0.991491 0
    outer loop
      vertex 66.1482 33.6935 0
      vertex 66.2952 33.6742 19
      vertex 66.1482 33.6935 19
    endloop
  endfacet
  facet normal -0.130175 -0.991491 -0
    outer loop
      vertex 66.2952 33.6742 19
      vertex 66.1482 33.6935 0
      vertex 66.2952 33.6742 0
    endloop
  endfacet
  facet normal -0.79315 0.609026 1.1793e-20
    outer loop
      vertex 67.3023 30.9073 0
      vertex 67.3926 31.0249 19
      vertex 67.3926 31.0249 0
    endloop
  endfacet
  facet normal -0.79315 0.609026 1.1793e-20
    outer loop
      vertex 67.3926 31.0249 19
      vertex 67.3023 30.9073 0
      vertex 67.3023 30.9073 19
    endloop
  endfacet
  facet normal -0.991491 0.130175 5.97308e-20
    outer loop
      vertex 67.6742 31.7048 0
      vertex 67.6935 31.8518 19
      vertex 67.6935 31.8518 0
    endloop
  endfacet
  facet normal -0.991491 0.130175 5.97308e-20
    outer loop
      vertex 67.6935 31.8518 19
      vertex 67.6742 31.7048 0
      vertex 67.6742 31.7048 19
    endloop
  endfacet
  facet normal -0.953685 0.300809 1.46765e-19
    outer loop
      vertex 67.5975 31.4186 0
      vertex 67.6421 31.56 19
      vertex 67.6421 31.56 0
    endloop
  endfacet
  facet normal -0.953685 0.300809 1.46765e-19
    outer loop
      vertex 67.6421 31.56 19
      vertex 67.5975 31.4186 0
      vertex 67.5975 31.4186 19
    endloop
  endfacet
  facet normal -0.382749 -0.923853 0
    outer loop
      vertex 66.5814 33.5975 0
      vertex 66.7185 33.5407 19
      vertex 66.5814 33.5975 19
    endloop
  endfacet
  facet normal -0.382749 -0.923853 -0
    outer loop
      vertex 66.7185 33.5407 19
      vertex 66.5814 33.5975 0
      vertex 66.7185 33.5407 0
    endloop
  endfacet
  facet normal 0.675419 -0.737434 0
    outer loop
      vertex 64.7979 33.2021 0
      vertex 64.9073 33.3023 19
      vertex 64.7979 33.2021 19
    endloop
  endfacet
  facet normal 0.675419 -0.737434 0
    outer loop
      vertex 64.9073 33.3023 19
      vertex 64.7979 33.2021 0
      vertex 64.9073 33.3023 0
    endloop
  endfacet
  facet normal 0.843689 -0.536832 3.026e-19
    outer loop
      vertex 64.5278 32.85 19
      vertex 64.6074 32.9751 0
      vertex 64.6074 32.9751 19
    endloop
  endfacet
  facet normal 0.843689 -0.536832 3.026e-19
    outer loop
      vertex 64.6074 32.9751 0
      vertex 64.5278 32.85 19
      vertex 64.5278 32.85 0
    endloop
  endfacet
  facet normal 0.382749 0.923853 -0
    outer loop
      vertex 65.4186 30.4025 0
      vertex 65.2815 30.4593 19
      vertex 65.4186 30.4025 19
    endloop
  endfacet
  facet normal 0.382749 0.923853 0
    outer loop
      vertex 65.2815 30.4593 19
      vertex 65.4186 30.4025 0
      vertex 65.2815 30.4593 0
    endloop
  endfacet
  facet normal -0.46199 0.886885 0
    outer loop
      vertex 66.85 30.5278 0
      vertex 66.7185 30.4593 19
      vertex 66.85 30.5278 19
    endloop
  endfacet
  facet normal -0.46199 0.886885 0
    outer loop
      vertex 66.7185 30.4593 19
      vertex 66.85 30.5278 0
      vertex 66.7185 30.4593 0
    endloop
  endfacet
  facet normal 0.300809 0.953685 -0
    outer loop
      vertex 65.56 30.3579 0
      vertex 65.4186 30.4025 19
      vertex 65.56 30.3579 19
    endloop
  endfacet
  facet normal 0.300809 0.953685 0
    outer loop
      vertex 65.4186 30.4025 19
      vertex 65.56 30.3579 0
      vertex 65.4186 30.4025 0
    endloop
  endfacet
  facet normal -0.976298 0.216431 -1.22442e-19
    outer loop
      vertex 67.6421 31.56 0
      vertex 67.6742 31.7048 19
      vertex 67.6742 31.7048 0
    endloop
  endfacet
  facet normal -0.976298 0.216431 -1.22442e-19
    outer loop
      vertex 67.6742 31.7048 19
      vertex 67.6421 31.56 0
      vertex 67.6421 31.56 19
    endloop
  endfacet
  facet normal -0.886885 -0.46199 -2.53677e-19
    outer loop
      vertex 67.5407 32.7185 0
      vertex 67.4722 32.85 19
      vertex 67.4722 32.85 0
    endloop
  endfacet
  facet normal -0.886885 -0.46199 -2.53677e-19
    outer loop
      vertex 67.4722 32.85 19
      vertex 67.5407 32.7185 0
      vertex 67.5407 32.7185 19
    endloop
  endfacet
  facet normal -0.675419 -0.737434 0
    outer loop
      vertex 67.0927 33.3023 0
      vertex 67.2021 33.2021 19
      vertex 67.0927 33.3023 19
    endloop
  endfacet
  facet normal -0.675419 -0.737434 -0
    outer loop
      vertex 67.2021 33.2021 19
      vertex 67.0927 33.3023 0
      vertex 67.2021 33.2021 0
    endloop
  endfacet
  facet normal 0.953685 0.300809 -1.46765e-19
    outer loop
      vertex 64.4025 31.4186 19
      vertex 64.3579 31.56 0
      vertex 64.3579 31.56 19
    endloop
  endfacet
  facet normal 0.953685 0.300809 -1.46765e-19
    outer loop
      vertex 64.3579 31.56 0
      vertex 64.4025 31.4186 19
      vertex 64.4025 31.4186 0
    endloop
  endfacet
  facet normal -0.0438175 0.99904 0
    outer loop
      vertex 66.1482 30.3065 0
      vertex 66 30.3 19
      vertex 66.1482 30.3065 19
    endloop
  endfacet
  facet normal -0.0438175 0.99904 0
    outer loop
      vertex 66 30.3 19
      vertex 66.1482 30.3065 0
      vertex 66 30.3 0
    endloop
  endfacet
  facet normal 0.130175 -0.991491 0
    outer loop
      vertex 65.7048 33.6742 0
      vertex 65.8518 33.6935 19
      vertex 65.7048 33.6742 19
    endloop
  endfacet
  facet normal 0.130175 -0.991491 0
    outer loop
      vertex 65.8518 33.6935 19
      vertex 65.7048 33.6742 0
      vertex 65.8518 33.6935 0
    endloop
  endfacet
  facet normal -0.886885 0.46199 2.53677e-19
    outer loop
      vertex 67.4722 31.15 0
      vertex 67.5407 31.2815 19
      vertex 67.5407 31.2815 0
    endloop
  endfacet
  facet normal -0.886885 0.46199 2.53677e-19
    outer loop
      vertex 67.5407 31.2815 19
      vertex 67.4722 31.15 0
      vertex 67.4722 31.15 19
    endloop
  endfacet
  facet normal 0.216431 0.976298 -0
    outer loop
      vertex 65.7048 30.3258 0
      vertex 65.56 30.3579 19
      vertex 65.7048 30.3258 19
    endloop
  endfacet
  facet normal 0.216431 0.976298 0
    outer loop
      vertex 65.56 30.3579 19
      vertex 65.7048 30.3258 0
      vertex 65.56 30.3579 0
    endloop
  endfacet
  facet normal 0.953685 -0.300809 -4.93017e-20
    outer loop
      vertex 64.3579 32.44 19
      vertex 64.4025 32.5814 0
      vertex 64.4025 32.5814 19
    endloop
  endfacet
  facet normal 0.953685 -0.300809 -4.93017e-20
    outer loop
      vertex 64.4025 32.5814 0
      vertex 64.3579 32.44 19
      vertex 64.3579 32.44 0
    endloop
  endfacet
  facet normal -0.923853 0.382749 -5.53913e-20
    outer loop
      vertex 67.5407 31.2815 0
      vertex 67.5975 31.4186 19
      vertex 67.5975 31.4186 0
    endloop
  endfacet
  facet normal -0.923853 0.382749 -5.53913e-20
    outer loop
      vertex 67.5975 31.4186 19
      vertex 67.5407 31.2815 0
      vertex 67.5407 31.2815 19
    endloop
  endfacet
  facet normal 0.886885 -0.46199 2.53677e-19
    outer loop
      vertex 64.4593 32.7185 19
      vertex 64.5278 32.85 0
      vertex 64.5278 32.85 19
    endloop
  endfacet
  facet normal 0.886885 -0.46199 2.53677e-19
    outer loop
      vertex 64.5278 32.85 0
      vertex 64.4593 32.7185 19
      vertex 64.4593 32.7185 0
    endloop
  endfacet
  facet normal 0.46199 -0.886885 0
    outer loop
      vertex 65.15 33.4722 0
      vertex 65.2815 33.5407 19
      vertex 65.15 33.4722 19
    endloop
  endfacet
  facet normal 0.46199 -0.886885 0
    outer loop
      vertex 65.2815 33.5407 19
      vertex 65.15 33.4722 0
      vertex 65.2815 33.5407 0
    endloop
  endfacet
  facet normal 0.843689 0.536832 3.00339e-19
    outer loop
      vertex 64.6074 31.0249 19
      vertex 64.5278 31.15 0
      vertex 64.5278 31.15 19
    endloop
  endfacet
  facet normal 0.843689 0.536832 3.00339e-19
    outer loop
      vertex 64.5278 31.15 0
      vertex 64.6074 31.0249 19
      vertex 64.6074 31.0249 0
    endloop
  endfacet
  facet normal -0.79315 -0.609026 2.86021e-20
    outer loop
      vertex 67.3926 32.9751 0
      vertex 67.3023 33.0927 19
      vertex 67.3023 33.0927 0
    endloop
  endfacet
  facet normal -0.79315 -0.609026 2.86021e-20
    outer loop
      vertex 67.3023 33.0927 19
      vertex 67.3926 32.9751 0
      vertex 67.3926 32.9751 19
    endloop
  endfacet
  facet normal 0.991491 -0.130175 4.34734e-20
    outer loop
      vertex 64.3065 32.1482 19
      vertex 64.3258 32.2952 0
      vertex 64.3258 32.2952 19
    endloop
  endfacet
  facet normal 0.991491 -0.130175 4.34734e-20
    outer loop
      vertex 64.3258 32.2952 0
      vertex 64.3065 32.1482 19
      vertex 64.3065 32.1482 0
    endloop
  endfacet
  facet normal 0.737434 -0.675419 1.63475e-20
    outer loop
      vertex 64.6977 33.0927 19
      vertex 64.7979 33.2021 0
      vertex 64.7979 33.2021 19
    endloop
  endfacet
  facet normal 0.737434 -0.675419 1.63475e-20
    outer loop
      vertex 64.7979 33.2021 0
      vertex 64.6977 33.0927 19
      vertex 64.6977 33.0927 0
    endloop
  endfacet
  facet normal 0.886885 0.46199 -2.53677e-19
    outer loop
      vertex 64.5278 31.15 19
      vertex 64.4593 31.2815 0
      vertex 64.4593 31.2815 19
    endloop
  endfacet
  facet normal 0.886885 0.46199 -2.53677e-19
    outer loop
      vertex 64.4593 31.2815 0
      vertex 64.5278 31.15 19
      vertex 64.5278 31.15 0
    endloop
  endfacet
  facet normal 0.991491 0.130175 -5.97308e-20
    outer loop
      vertex 64.3258 31.7048 19
      vertex 64.3065 31.8518 0
      vertex 64.3065 31.8518 19
    endloop
  endfacet
  facet normal 0.991491 0.130175 -5.97308e-20
    outer loop
      vertex 64.3065 31.8518 0
      vertex 64.3258 31.7048 19
      vertex 64.3258 31.7048 0
    endloop
  endfacet
  facet normal 0.0438175 0.99904 -0
    outer loop
      vertex 66 30.3 0
      vertex 65.8518 30.3065 19
      vertex 66 30.3 19
    endloop
  endfacet
  facet normal 0.0438175 0.99904 0
    outer loop
      vertex 65.8518 30.3065 19
      vertex 66 30.3 0
      vertex 65.8518 30.3065 0
    endloop
  endfacet
  facet normal 0.675419 0.737434 -0
    outer loop
      vertex 64.9073 30.6977 0
      vertex 64.7979 30.7979 19
      vertex 64.9073 30.6977 19
    endloop
  endfacet
  facet normal 0.675419 0.737434 0
    outer loop
      vertex 64.7979 30.7979 19
      vertex 64.9073 30.6977 0
      vertex 64.7979 30.7979 0
    endloop
  endfacet
  facet normal -0.46199 -0.886885 0
    outer loop
      vertex 66.7185 33.5407 0
      vertex 66.85 33.4722 19
      vertex 66.7185 33.5407 19
    endloop
  endfacet
  facet normal -0.46199 -0.886885 -0
    outer loop
      vertex 66.85 33.4722 19
      vertex 66.7185 33.5407 0
      vertex 66.85 33.4722 0
    endloop
  endfacet
  facet normal -0.536832 0.843689 0
    outer loop
      vertex 66.9751 30.6074 0
      vertex 66.85 30.5278 19
      vertex 66.9751 30.6074 19
    endloop
  endfacet
  facet normal -0.536832 0.843689 0
    outer loop
      vertex 66.85 30.5278 19
      vertex 66.9751 30.6074 0
      vertex 66.85 30.5278 0
    endloop
  endfacet
  facet normal 0.923853 0.382749 5.53913e-20
    outer loop
      vertex 64.4593 31.2815 19
      vertex 64.4025 31.4186 0
      vertex 64.4025 31.4186 19
    endloop
  endfacet
  facet normal 0.923853 0.382749 5.53913e-20
    outer loop
      vertex 64.4025 31.4186 0
      vertex 64.4593 31.2815 19
      vertex 64.4593 31.2815 0
    endloop
  endfacet
  facet normal 0.923853 -0.382749 5.14137e-20
    outer loop
      vertex 64.4025 32.5814 19
      vertex 64.4593 32.7185 0
      vertex 64.4593 32.7185 19
    endloop
  endfacet
  facet normal 0.923853 -0.382749 5.14137e-20
    outer loop
      vertex 64.4593 32.7185 0
      vertex 64.4025 32.5814 19
      vertex 64.4025 32.5814 0
    endloop
  endfacet
  facet normal -0.536832 -0.843689 0
    outer loop
      vertex 66.85 33.4722 0
      vertex 66.9751 33.3926 19
      vertex 66.85 33.4722 19
    endloop
  endfacet
  facet normal -0.536832 -0.843689 -0
    outer loop
      vertex 66.9751 33.3926 19
      vertex 66.85 33.4722 0
      vertex 66.9751 33.3926 0
    endloop
  endfacet
  facet normal 0.737434 0.675419 -1.63475e-20
    outer loop
      vertex 64.7979 30.7979 19
      vertex 64.6977 30.9073 0
      vertex 64.6977 30.9073 19
    endloop
  endfacet
  facet normal 0.737434 0.675419 -1.63475e-20
    outer loop
      vertex 64.6977 30.9073 0
      vertex 64.7979 30.7979 19
      vertex 64.7979 30.7979 0
    endloop
  endfacet
  facet normal 0.79315 0.609026 -1.1793e-20
    outer loop
      vertex 64.6977 30.9073 19
      vertex 64.6074 31.0249 0
      vertex 64.6074 31.0249 19
    endloop
  endfacet
  facet normal 0.79315 0.609026 -1.1793e-20
    outer loop
      vertex 64.6074 31.0249 0
      vertex 64.6977 30.9073 19
      vertex 64.6977 30.9073 0
    endloop
  endfacet
  facet normal -0.609026 0.79315 0
    outer loop
      vertex 67.0927 30.6977 0
      vertex 66.9751 30.6074 19
      vertex 67.0927 30.6977 19
    endloop
  endfacet
  facet normal -0.609026 0.79315 0
    outer loop
      vertex 66.9751 30.6074 19
      vertex 67.0927 30.6977 0
      vertex 66.9751 30.6074 0
    endloop
  endfacet
  facet normal 0.99904 0.0438175 -9.29123e-22
    outer loop
      vertex 64.3065 31.8518 19
      vertex 64.3 32 0
      vertex 64.3 32 19
    endloop
  endfacet
  facet normal 0.99904 0.0438175 -9.29123e-22
    outer loop
      vertex 64.3 32 0
      vertex 64.3065 31.8518 19
      vertex 64.3065 31.8518 0
    endloop
  endfacet
  facet normal -0.843689 0.536832 -3.00339e-19
    outer loop
      vertex 67.3926 31.0249 0
      vertex 67.4722 31.15 19
      vertex 67.4722 31.15 0
    endloop
  endfacet
  facet normal -0.843689 0.536832 -3.00339e-19
    outer loop
      vertex 67.4722 31.15 19
      vertex 67.3926 31.0249 0
      vertex 67.3926 31.0249 19
    endloop
  endfacet
  facet normal -0.737434 0.675419 1.63475e-20
    outer loop
      vertex 67.2021 30.7979 0
      vertex 67.3023 30.9073 19
      vertex 67.3023 30.9073 0
    endloop
  endfacet
  facet normal -0.737434 0.675419 1.63475e-20
    outer loop
      vertex 67.3023 30.9073 19
      vertex 67.2021 30.7979 0
      vertex 67.2021 30.7979 19
    endloop
  endfacet
  facet normal 0.536832 0.843689 -0
    outer loop
      vertex 65.15 30.5278 0
      vertex 65.0249 30.6074 19
      vertex 65.15 30.5278 19
    endloop
  endfacet
  facet normal 0.536832 0.843689 0
    outer loop
      vertex 65.0249 30.6074 19
      vertex 65.15 30.5278 0
      vertex 65.0249 30.6074 0
    endloop
  endfacet
  facet normal -0.216431 -0.976298 0
    outer loop
      vertex 66.2952 33.6742 0
      vertex 66.44 33.6421 19
      vertex 66.2952 33.6742 19
    endloop
  endfacet
  facet normal -0.216431 -0.976298 -0
    outer loop
      vertex 66.44 33.6421 19
      vertex 66.2952 33.6742 0
      vertex 66.44 33.6421 0
    endloop
  endfacet
  facet normal 0.130175 0.991491 -0
    outer loop
      vertex 65.8518 30.3065 0
      vertex 65.7048 30.3258 19
      vertex 65.8518 30.3065 19
    endloop
  endfacet
  facet normal 0.130175 0.991491 0
    outer loop
      vertex 65.7048 30.3258 19
      vertex 65.8518 30.3065 0
      vertex 65.7048 30.3258 0
    endloop
  endfacet
  facet normal -0.991491 -0.130175 -1.09585e-20
    outer loop
      vertex 67.6935 184.148 0
      vertex 67.6742 184.295 19
      vertex 67.6742 184.295 0
    endloop
  endfacet
  facet normal -0.991491 -0.130175 -1.09585e-20
    outer loop
      vertex 67.6742 184.295 19
      vertex 67.6935 184.148 0
      vertex 67.6935 184.148 19
    endloop
  endfacet
  facet normal -0.999037 -0.0438766 2.12995e-21
    outer loop
      vertex 67.7 184 0
      vertex 67.6935 184.148 19
      vertex 67.6935 184.148 0
    endloop
  endfacet
  facet normal -0.999037 -0.0438766 2.12995e-21
    outer loop
      vertex 67.6935 184.148 19
      vertex 67.7 184 0
      vertex 67.7 184 19
    endloop
  endfacet
  facet normal -0.976361 -0.216146 9.00627e-20
    outer loop
      vertex 67.6742 184.295 0
      vertex 67.6421 184.44 19
      vertex 67.6421 184.44 0
    endloop
  endfacet
  facet normal -0.976361 -0.216146 9.00627e-20
    outer loop
      vertex 67.6421 184.44 19
      vertex 67.6742 184.295 0
      vertex 67.6742 184.295 19
    endloop
  endfacet
  facet normal 0.215788 -0.97644 0
    outer loop
      vertex 65.56 185.642 0
      vertex 65.7048 185.674 19
      vertex 65.56 185.642 19
    endloop
  endfacet
  facet normal 0.215788 -0.97644 0
    outer loop
      vertex 65.7048 185.674 19
      vertex 65.56 185.642 0
      vertex 65.7048 185.674 0
    endloop
  endfacet
  facet normal -0.843495 -0.537137 0
    outer loop
      vertex 67.4722 184.85 0
      vertex 67.3926 184.975 19
      vertex 67.3926 184.975 0
    endloop
  endfacet
  facet normal -0.843495 -0.537137 0
    outer loop
      vertex 67.3926 184.975 19
      vertex 67.4722 184.85 0
      vertex 67.4722 184.85 19
    endloop
  endfacet
  facet normal 0.976361 0.216146 9.00627e-20
    outer loop
      vertex 64.3579 183.56 19
      vertex 64.3258 183.705 0
      vertex 64.3258 183.705 19
    endloop
  endfacet
  facet normal 0.976361 0.216146 9.00627e-20
    outer loop
      vertex 64.3258 183.705 0
      vertex 64.3579 183.56 19
      vertex 64.3579 183.56 0
    endloop
  endfacet
  facet normal -0.7362 -0.676764 8.68495e-20
    outer loop
      vertex 67.3023 185.093 0
      vertex 67.2021 185.202 19
      vertex 67.2021 185.202 0
    endloop
  endfacet
  facet normal -0.7362 -0.676764 8.68495e-20
    outer loop
      vertex 67.2021 185.202 19
      vertex 67.3023 185.093 0
      vertex 67.3023 185.093 19
    endloop
  endfacet
  facet normal -0.999037 0.0438766 -2.12995e-21
    outer loop
      vertex 67.6935 183.852 0
      vertex 67.7 184 19
      vertex 67.7 184 0
    endloop
  endfacet
  facet normal -0.999037 0.0438766 -2.12995e-21
    outer loop
      vertex 67.7 184 19
      vertex 67.6935 183.852 0
      vertex 67.6935 183.852 19
    endloop
  endfacet
  facet normal -0.674685 0.738106 0
    outer loop
      vertex 67.2021 182.798 0
      vertex 67.0927 182.698 19
      vertex 67.2021 182.798 19
    endloop
  endfacet
  facet normal -0.674685 0.738106 0
    outer loop
      vertex 67.0927 182.698 19
      vertex 67.2021 182.798 0
      vertex 67.0927 182.698 0
    endloop
  endfacet
  facet normal 0.794148 -0.607725 1.25134e-20
    outer loop
      vertex 64.6074 184.975 19
      vertex 64.6977 185.093 0
      vertex 64.6977 185.093 19
    endloop
  endfacet
  facet normal 0.794148 -0.607725 1.25134e-20
    outer loop
      vertex 64.6977 185.093 0
      vertex 64.6074 184.975 19
      vertex 64.6074 184.975 0
    endloop
  endfacet
  facet normal -0.378133 0.925751 0
    outer loop
      vertex 66.7185 182.459 0
      vertex 66.5814 182.403 19
      vertex 66.7185 182.459 19
    endloop
  endfacet
  facet normal -0.378133 0.925751 0
    outer loop
      vertex 66.5814 182.403 19
      vertex 66.7185 182.459 0
      vertex 66.5814 182.403 0
    endloop
  endfacet
  facet normal -0.953439 -0.301584 9.79388e-20
    outer loop
      vertex 67.6421 184.44 0
      vertex 67.5975 184.581 19
      vertex 67.5975 184.581 0
    endloop
  endfacet
  facet normal -0.953439 -0.301584 9.79388e-20
    outer loop
      vertex 67.5975 184.581 19
      vertex 67.6421 184.44 0
      vertex 67.6421 184.44 19
    endloop
  endfacet
  facet normal -0.134812 0.990871 0
    outer loop
      vertex 66.2952 182.326 0
      vertex 66.1482 182.306 19
      vertex 66.2952 182.326 19
    endloop
  endfacet
  facet normal -0.134812 0.990871 0
    outer loop
      vertex 66.1482 182.306 19
      vertex 66.2952 182.326 0
      vertex 66.1482 182.306 0
    endloop
  endfacet
  facet normal 0.976361 -0.216146 -9.00627e-20
    outer loop
      vertex 64.3258 184.295 19
      vertex 64.3579 184.44 0
      vertex 64.3579 184.44 19
    endloop
  endfacet
  facet normal 0.976361 -0.216146 -9.00627e-20
    outer loop
      vertex 64.3579 184.44 0
      vertex 64.3258 184.295 19
      vertex 64.3258 184.295 0
    endloop
  endfacet
  facet normal 0.611983 -0.790871 0
    outer loop
      vertex 64.9073 185.302 0
      vertex 65.0249 185.393 19
      vertex 64.9073 185.302 19
    endloop
  endfacet
  facet normal 0.611983 -0.790871 0
    outer loop
      vertex 65.0249 185.393 19
      vertex 64.9073 185.302 0
      vertex 65.0249 185.393 0
    endloop
  endfacet
  facet normal 0.0404527 -0.999181 0
    outer loop
      vertex 65.8518 185.694 0
      vertex 66 185.7 19
      vertex 65.8518 185.694 19
    endloop
  endfacet
  facet normal 0.0404527 -0.999181 0
    outer loop
      vertex 66 185.7 19
      vertex 65.8518 185.694 0
      vertex 66 185.7 0
    endloop
  endfacet
  facet normal 0.611983 0.790871 -0
    outer loop
      vertex 65.0249 182.607 0
      vertex 64.9073 182.698 19
      vertex 65.0249 182.607 19
    endloop
  endfacet
  facet normal 0.611983 0.790871 0
    outer loop
      vertex 64.9073 182.698 19
      vertex 65.0249 182.607 0
      vertex 64.9073 182.698 0
    endloop
  endfacet
  facet normal 0.953439 0.301584 9.79388e-20
    outer loop
      vertex 64.4025 183.419 19
      vertex 64.3579 183.56 0
      vertex 64.3579 183.56 19
    endloop
  endfacet
  facet normal 0.953439 0.301584 9.79388e-20
    outer loop
      vertex 64.3579 183.56 0
      vertex 64.4025 183.419 19
      vertex 64.4025 183.419 0
    endloop
  endfacet
  facet normal 0.378133 -0.925751 0
    outer loop
      vertex 65.2815 185.541 0
      vertex 65.4186 185.597 19
      vertex 65.2815 185.541 19
    endloop
  endfacet
  facet normal 0.378133 -0.925751 0
    outer loop
      vertex 65.4186 185.597 19
      vertex 65.2815 185.541 0
      vertex 65.4186 185.597 0
    endloop
  endfacet
  facet normal 0.999037 -0.0438766 -2.12995e-21
    outer loop
      vertex 64.3 184 19
      vertex 64.3065 184.148 0
      vertex 64.3065 184.148 19
    endloop
  endfacet
  facet normal 0.999037 -0.0438766 -2.12995e-21
    outer loop
      vertex 64.3065 184.148 0
      vertex 64.3 184 19
      vertex 64.3 184 0
    endloop
  endfacet
  facet normal -0.303259 -0.952908 0
    outer loop
      vertex 66.44 185.642 0
      vertex 66.5814 185.597 19
      vertex 66.44 185.642 19
    endloop
  endfacet
  facet normal -0.303259 -0.952908 -0
    outer loop
      vertex 66.5814 185.597 19
      vertex 66.44 185.642 0
      vertex 66.5814 185.597 0
    endloop
  endfacet
  facet normal 0.303259 -0.952908 0
    outer loop
      vertex 65.4186 185.597 0
      vertex 65.56 185.642 19
      vertex 65.4186 185.597 19
    endloop
  endfacet
  facet normal 0.303259 -0.952908 0
    outer loop
      vertex 65.56 185.642 19
      vertex 65.4186 185.597 0
      vertex 65.56 185.642 0
    endloop
  endfacet
  facet normal -0.923754 -0.382987 9.00164e-20
    outer loop
      vertex 67.5975 184.581 0
      vertex 67.5407 184.718 19
      vertex 67.5407 184.718 0
    endloop
  endfacet
  facet normal -0.923754 -0.382987 9.00164e-20
    outer loop
      vertex 67.5407 184.718 19
      vertex 67.5975 184.581 0
      vertex 67.5975 184.581 19
    endloop
  endfacet
  facet normal -0.303259 0.952908 0
    outer loop
      vertex 66.5814 182.403 0
      vertex 66.44 182.358 19
      vertex 66.5814 182.403 19
    endloop
  endfacet
  facet normal -0.303259 0.952908 0
    outer loop
      vertex 66.44 182.358 19
      vertex 66.5814 182.403 0
      vertex 66.44 182.358 0
    endloop
  endfacet
  facet normal -0.215788 0.97644 0
    outer loop
      vertex 66.44 182.358 0
      vertex 66.2952 182.326 19
      vertex 66.44 182.358 19
    endloop
  endfacet
  facet normal -0.215788 0.97644 0
    outer loop
      vertex 66.2952 182.326 19
      vertex 66.44 182.358 0
      vertex 66.2952 182.326 0
    endloop
  endfacet
  facet normal -0.611983 -0.790871 0
    outer loop
      vertex 66.9751 185.393 0
      vertex 67.0927 185.302 19
      vertex 66.9751 185.393 19
    endloop
  endfacet
  facet normal -0.611983 -0.790871 -0
    outer loop
      vertex 67.0927 185.302 19
      vertex 66.9751 185.393 0
      vertex 67.0927 185.302 0
    endloop
  endfacet
  facet normal 0.464636 0.885502 -0
    outer loop
      vertex 65.2815 182.459 0
      vertex 65.15 182.528 19
      vertex 65.2815 182.459 19
    endloop
  endfacet
  facet normal 0.464636 0.885502 0
    outer loop
      vertex 65.15 182.528 19
      vertex 65.2815 182.459 0
      vertex 65.15 182.528 0
    endloop
  endfacet
  facet normal -0.0404527 -0.999181 0
    outer loop
      vertex 66 185.7 0
      vertex 66.1482 185.694 19
      vertex 66 185.7 19
    endloop
  endfacet
  facet normal -0.0404527 -0.999181 -0
    outer loop
      vertex 66.1482 185.694 19
      vertex 66 185.7 0
      vertex 66.1482 185.694 0
    endloop
  endfacet
  facet normal 0.533942 -0.845521 0
    outer loop
      vertex 65.0249 185.393 0
      vertex 65.15 185.472 19
      vertex 65.0249 185.393 19
    endloop
  endfacet
  facet normal 0.533942 -0.845521 0
    outer loop
      vertex 65.15 185.472 19
      vertex 65.0249 185.393 0
      vertex 65.15 185.472 0
    endloop
  endfacet
  facet normal -0.134812 -0.990871 0
    outer loop
      vertex 66.1482 185.694 0
      vertex 66.2952 185.674 19
      vertex 66.1482 185.694 19
    endloop
  endfacet
  facet normal -0.134812 -0.990871 -0
    outer loop
      vertex 66.2952 185.674 19
      vertex 66.1482 185.694 0
      vertex 66.2952 185.674 0
    endloop
  endfacet
  facet normal -0.533942 -0.845521 0
    outer loop
      vertex 66.85 185.472 0
      vertex 66.9751 185.393 19
      vertex 66.85 185.472 19
    endloop
  endfacet
  facet normal -0.533942 -0.845521 -0
    outer loop
      vertex 66.9751 185.393 19
      vertex 66.85 185.472 0
      vertex 66.9751 185.393 0
    endloop
  endfacet
  facet normal -0.794148 0.607725 1.25134e-20
    outer loop
      vertex 67.3023 182.907 0
      vertex 67.3926 183.025 19
      vertex 67.3926 183.025 0
    endloop
  endfacet
  facet normal -0.794148 0.607725 1.25134e-20
    outer loop
      vertex 67.3926 183.025 19
      vertex 67.3023 182.907 0
      vertex 67.3023 182.907 19
    endloop
  endfacet
  facet normal -0.991491 0.130175 1.09585e-20
    outer loop
      vertex 67.6742 183.705 0
      vertex 67.6935 183.852 19
      vertex 67.6935 183.852 0
    endloop
  endfacet
  facet normal -0.991491 0.130175 1.09585e-20
    outer loop
      vertex 67.6935 183.852 19
      vertex 67.6742 183.705 0
      vertex 67.6742 183.705 19
    endloop
  endfacet
  facet normal -0.378133 -0.925751 0
    outer loop
      vertex 66.5814 185.597 0
      vertex 66.7185 185.541 19
      vertex 66.5814 185.597 19
    endloop
  endfacet
  facet normal -0.378133 -0.925751 -0
    outer loop
      vertex 66.7185 185.541 19
      vertex 66.5814 185.597 0
      vertex 66.7185 185.541 0
    endloop
  endfacet
  facet normal 0.674685 -0.738106 0
    outer loop
      vertex 64.7979 185.202 0
      vertex 64.9073 185.302 19
      vertex 64.7979 185.202 19
    endloop
  endfacet
  facet normal 0.674685 -0.738106 0
    outer loop
      vertex 64.9073 185.302 19
      vertex 64.7979 185.202 0
      vertex 64.9073 185.302 0
    endloop
  endfacet
  facet normal 0.843495 -0.537137 0
    outer loop
      vertex 64.5278 184.85 19
      vertex 64.6074 184.975 0
      vertex 64.6074 184.975 19
    endloop
  endfacet
  facet normal 0.843495 -0.537137 0
    outer loop
      vertex 64.6074 184.975 0
      vertex 64.5278 184.85 19
      vertex 64.5278 184.85 0
    endloop
  endfacet
  facet normal 0.378133 0.925751 -0
    outer loop
      vertex 65.4186 182.403 0
      vertex 65.2815 182.459 19
      vertex 65.4186 182.403 19
    endloop
  endfacet
  facet normal 0.378133 0.925751 0
    outer loop
      vertex 65.2815 182.459 19
      vertex 65.4186 182.403 0
      vertex 65.2815 182.459 0
    endloop
  endfacet
  facet normal -0.464636 0.885502 0
    outer loop
      vertex 66.85 182.528 0
      vertex 66.7185 182.459 19
      vertex 66.85 182.528 19
    endloop
  endfacet
  facet normal -0.464636 0.885502 0
    outer loop
      vertex 66.7185 182.459 19
      vertex 66.85 182.528 0
      vertex 66.7185 182.459 0
    endloop
  endfacet
  facet normal 0.303259 0.952908 -0
    outer loop
      vertex 65.56 182.358 0
      vertex 65.4186 182.403 19
      vertex 65.56 182.358 19
    endloop
  endfacet
  facet normal 0.303259 0.952908 0
    outer loop
      vertex 65.4186 182.403 19
      vertex 65.56 182.358 0
      vertex 65.4186 182.403 0
    endloop
  endfacet
  facet normal -0.976361 0.216146 -9.00627e-20
    outer loop
      vertex 67.6421 183.56 0
      vertex 67.6742 183.705 19
      vertex 67.6742 183.705 0
    endloop
  endfacet
  facet normal -0.976361 0.216146 -9.00627e-20
    outer loop
      vertex 67.6742 183.705 19
      vertex 67.6421 183.56 0
      vertex 67.6421 183.56 19
    endloop
  endfacet
  facet normal -0.953439 0.301584 -9.79388e-20
    outer loop
      vertex 67.5975 183.419 0
      vertex 67.6421 183.56 19
      vertex 67.6421 183.56 0
    endloop
  endfacet
  facet normal -0.953439 0.301584 -9.79388e-20
    outer loop
      vertex 67.6421 183.56 19
      vertex 67.5975 183.419 0
      vertex 67.5975 183.419 19
    endloop
  endfacet
  facet normal -0.887602 -0.460612 -3.37909e-21
    outer loop
      vertex 67.5407 184.718 0
      vertex 67.4722 184.85 19
      vertex 67.4722 184.85 0
    endloop
  endfacet
  facet normal -0.887602 -0.460612 -3.37909e-21
    outer loop
      vertex 67.4722 184.85 19
      vertex 67.5407 184.718 0
      vertex 67.5407 184.718 19
    endloop
  endfacet
  facet normal -0.0404527 0.999181 0
    outer loop
      vertex 66.1482 182.306 0
      vertex 66 182.3 19
      vertex 66.1482 182.306 19
    endloop
  endfacet
  facet normal -0.0404527 0.999181 0
    outer loop
      vertex 66 182.3 19
      vertex 66.1482 182.306 0
      vertex 66 182.3 0
    endloop
  endfacet
  facet normal 0.134812 -0.990871 0
    outer loop
      vertex 65.7048 185.674 0
      vertex 65.8518 185.694 19
      vertex 65.7048 185.674 19
    endloop
  endfacet
  facet normal 0.134812 -0.990871 0
    outer loop
      vertex 65.8518 185.694 19
      vertex 65.7048 185.674 0
      vertex 65.8518 185.694 0
    endloop
  endfacet
  facet normal -0.887602 0.460612 3.37909e-21
    outer loop
      vertex 67.4722 183.15 0
      vertex 67.5407 183.282 19
      vertex 67.5407 183.282 0
    endloop
  endfacet
  facet normal -0.887602 0.460612 3.37909e-21
    outer loop
      vertex 67.5407 183.282 19
      vertex 67.4722 183.15 0
      vertex 67.4722 183.15 19
    endloop
  endfacet
  facet normal 0.215788 0.97644 -0
    outer loop
      vertex 65.7048 182.326 0
      vertex 65.56 182.358 19
      vertex 65.7048 182.326 19
    endloop
  endfacet
  facet normal 0.215788 0.97644 0
    outer loop
      vertex 65.56 182.358 19
      vertex 65.7048 182.326 0
      vertex 65.56 182.358 0
    endloop
  endfacet
  facet normal 0.953439 -0.301584 -9.79388e-20
    outer loop
      vertex 64.3579 184.44 19
      vertex 64.4025 184.581 0
      vertex 64.4025 184.581 19
    endloop
  endfacet
  facet normal 0.953439 -0.301584 -9.79388e-20
    outer loop
      vertex 64.4025 184.581 0
      vertex 64.3579 184.44 19
      vertex 64.3579 184.44 0
    endloop
  endfacet
  facet normal -0.923754 0.382987 -9.00164e-20
    outer loop
      vertex 67.5407 183.282 0
      vertex 67.5975 183.419 19
      vertex 67.5975 183.419 0
    endloop
  endfacet
  facet normal -0.923754 0.382987 -9.00164e-20
    outer loop
      vertex 67.5975 183.419 19
      vertex 67.5407 183.282 0
      vertex 67.5407 183.282 19
    endloop
  endfacet
  facet normal 0.887602 -0.460612 3.37909e-21
    outer loop
      vertex 64.4593 184.718 19
      vertex 64.5278 184.85 0
      vertex 64.5278 184.85 19
    endloop
  endfacet
  facet normal 0.887602 -0.460612 3.37909e-21
    outer loop
      vertex 64.5278 184.85 0
      vertex 64.4593 184.718 19
      vertex 64.4593 184.718 0
    endloop
  endfacet
  facet normal 0.464636 -0.885502 0
    outer loop
      vertex 65.15 185.472 0
      vertex 65.2815 185.541 19
      vertex 65.15 185.472 19
    endloop
  endfacet
  facet normal 0.464636 -0.885502 0
    outer loop
      vertex 65.2815 185.541 19
      vertex 65.15 185.472 0
      vertex 65.2815 185.541 0
    endloop
  endfacet
  facet normal 0.843495 0.537137 0
    outer loop
      vertex 64.6074 183.025 19
      vertex 64.5278 183.15 0
      vertex 64.5278 183.15 19
    endloop
  endfacet
  facet normal 0.843495 0.537137 0
    outer loop
      vertex 64.5278 183.15 0
      vertex 64.6074 183.025 19
      vertex 64.6074 183.025 0
    endloop
  endfacet
  facet normal 0.991491 -0.130175 1.09585e-20
    outer loop
      vertex 64.3065 184.148 19
      vertex 64.3258 184.295 0
      vertex 64.3258 184.295 19
    endloop
  endfacet
  facet normal 0.991491 -0.130175 1.09585e-20
    outer loop
      vertex 64.3258 184.295 0
      vertex 64.3065 184.148 19
      vertex 64.3065 184.148 0
    endloop
  endfacet
  facet normal 0.7362 -0.676764 -8.68495e-20
    outer loop
      vertex 64.6977 185.093 19
      vertex 64.7979 185.202 0
      vertex 64.7979 185.202 19
    endloop
  endfacet
  facet normal 0.7362 -0.676764 -8.68495e-20
    outer loop
      vertex 64.7979 185.202 0
      vertex 64.6977 185.093 19
      vertex 64.6977 185.093 0
    endloop
  endfacet
  facet normal 0.887602 0.460612 -3.37909e-21
    outer loop
      vertex 64.5278 183.15 19
      vertex 64.4593 183.282 0
      vertex 64.4593 183.282 19
    endloop
  endfacet
  facet normal 0.887602 0.460612 -3.37909e-21
    outer loop
      vertex 64.4593 183.282 0
      vertex 64.5278 183.15 19
      vertex 64.5278 183.15 0
    endloop
  endfacet
  facet normal 0.991491 0.130175 -1.09585e-20
    outer loop
      vertex 64.3258 183.705 19
      vertex 64.3065 183.852 0
      vertex 64.3065 183.852 19
    endloop
  endfacet
  facet normal 0.991491 0.130175 -1.09585e-20
    outer loop
      vertex 64.3065 183.852 0
      vertex 64.3258 183.705 19
      vertex 64.3258 183.705 0
    endloop
  endfacet
  facet normal 0.0404527 0.999181 -0
    outer loop
      vertex 66 182.3 0
      vertex 65.8518 182.306 19
      vertex 66 182.3 19
    endloop
  endfacet
  facet normal 0.0404527 0.999181 0
    outer loop
      vertex 65.8518 182.306 19
      vertex 66 182.3 0
      vertex 65.8518 182.306 0
    endloop
  endfacet
  facet normal 0.674685 0.738106 -0
    outer loop
      vertex 64.9073 182.698 0
      vertex 64.7979 182.798 19
      vertex 64.9073 182.698 19
    endloop
  endfacet
  facet normal 0.674685 0.738106 0
    outer loop
      vertex 64.7979 182.798 19
      vertex 64.9073 182.698 0
      vertex 64.7979 182.798 0
    endloop
  endfacet
  facet normal -0.464636 -0.885502 0
    outer loop
      vertex 66.7185 185.541 0
      vertex 66.85 185.472 19
      vertex 66.7185 185.541 19
    endloop
  endfacet
  facet normal -0.464636 -0.885502 -0
    outer loop
      vertex 66.85 185.472 19
      vertex 66.7185 185.541 0
      vertex 66.85 185.472 0
    endloop
  endfacet
  facet normal -0.533942 0.845521 0
    outer loop
      vertex 66.9751 182.607 0
      vertex 66.85 182.528 19
      vertex 66.9751 182.607 19
    endloop
  endfacet
  facet normal -0.533942 0.845521 0
    outer loop
      vertex 66.85 182.528 19
      vertex 66.9751 182.607 0
      vertex 66.85 182.528 0
    endloop
  endfacet
  facet normal 0.923754 0.382987 9.00164e-20
    outer loop
      vertex 64.4593 183.282 19
      vertex 64.4025 183.419 0
      vertex 64.4025 183.419 19
    endloop
  endfacet
  facet normal 0.923754 0.382987 9.00164e-20
    outer loop
      vertex 64.4025 183.419 0
      vertex 64.4593 183.282 19
      vertex 64.4593 183.282 0
    endloop
  endfacet
  facet normal -0.794148 -0.607725 -1.25134e-20
    outer loop
      vertex 67.3926 184.975 0
      vertex 67.3023 185.093 19
      vertex 67.3023 185.093 0
    endloop
  endfacet
  facet normal -0.794148 -0.607725 -1.25134e-20
    outer loop
      vertex 67.3023 185.093 19
      vertex 67.3926 184.975 0
      vertex 67.3926 184.975 19
    endloop
  endfacet
  facet normal -0.674685 -0.738106 0
    outer loop
      vertex 67.0927 185.302 0
      vertex 67.2021 185.202 19
      vertex 67.0927 185.302 19
    endloop
  endfacet
  facet normal -0.674685 -0.738106 -0
    outer loop
      vertex 67.2021 185.202 19
      vertex 67.0927 185.302 0
      vertex 67.2021 185.202 0
    endloop
  endfacet
  facet normal 0.923754 -0.382987 -9.00164e-20
    outer loop
      vertex 64.4025 184.581 19
      vertex 64.4593 184.718 0
      vertex 64.4593 184.718 19
    endloop
  endfacet
  facet normal 0.923754 -0.382987 -9.00164e-20
    outer loop
      vertex 64.4593 184.718 0
      vertex 64.4025 184.581 19
      vertex 64.4025 184.581 0
    endloop
  endfacet
  facet normal 0.7362 0.676764 8.68495e-20
    outer loop
      vertex 64.7979 182.798 19
      vertex 64.6977 182.907 0
      vertex 64.6977 182.907 19
    endloop
  endfacet
  facet normal 0.7362 0.676764 8.68495e-20
    outer loop
      vertex 64.6977 182.907 0
      vertex 64.7979 182.798 19
      vertex 64.7979 182.798 0
    endloop
  endfacet
  facet normal 0.794148 0.607725 -1.25134e-20
    outer loop
      vertex 64.6977 182.907 19
      vertex 64.6074 183.025 0
      vertex 64.6074 183.025 19
    endloop
  endfacet
  facet normal 0.794148 0.607725 -1.25134e-20
    outer loop
      vertex 64.6074 183.025 0
      vertex 64.6977 182.907 19
      vertex 64.6977 182.907 0
    endloop
  endfacet
  facet normal -0.611983 0.790871 0
    outer loop
      vertex 67.0927 182.698 0
      vertex 66.9751 182.607 19
      vertex 67.0927 182.698 19
    endloop
  endfacet
  facet normal -0.611983 0.790871 0
    outer loop
      vertex 66.9751 182.607 19
      vertex 67.0927 182.698 0
      vertex 66.9751 182.607 0
    endloop
  endfacet
  facet normal 0.999037 0.0438766 2.12995e-21
    outer loop
      vertex 64.3065 183.852 19
      vertex 64.3 184 0
      vertex 64.3 184 19
    endloop
  endfacet
  facet normal 0.999037 0.0438766 2.12995e-21
    outer loop
      vertex 64.3 184 0
      vertex 64.3065 183.852 19
      vertex 64.3065 183.852 0
    endloop
  endfacet
  facet normal -0.843495 0.537137 0
    outer loop
      vertex 67.3926 183.025 0
      vertex 67.4722 183.15 19
      vertex 67.4722 183.15 0
    endloop
  endfacet
  facet normal -0.843495 0.537137 0
    outer loop
      vertex 67.4722 183.15 19
      vertex 67.3926 183.025 0
      vertex 67.3926 183.025 19
    endloop
  endfacet
  facet normal -0.7362 0.676764 -8.68495e-20
    outer loop
      vertex 67.2021 182.798 0
      vertex 67.3023 182.907 19
      vertex 67.3023 182.907 0
    endloop
  endfacet
  facet normal -0.7362 0.676764 -8.68495e-20
    outer loop
      vertex 67.3023 182.907 19
      vertex 67.2021 182.798 0
      vertex 67.2021 182.798 19
    endloop
  endfacet
  facet normal 0.533942 0.845521 -0
    outer loop
      vertex 65.15 182.528 0
      vertex 65.0249 182.607 19
      vertex 65.15 182.528 19
    endloop
  endfacet
  facet normal 0.533942 0.845521 0
    outer loop
      vertex 65.0249 182.607 19
      vertex 65.15 182.528 0
      vertex 65.0249 182.607 0
    endloop
  endfacet
  facet normal -0.215788 -0.97644 0
    outer loop
      vertex 66.2952 185.674 0
      vertex 66.44 185.642 19
      vertex 66.2952 185.674 19
    endloop
  endfacet
  facet normal -0.215788 -0.97644 -0
    outer loop
      vertex 66.44 185.642 19
      vertex 66.2952 185.674 0
      vertex 66.44 185.642 0
    endloop
  endfacet
  facet normal 0.134812 0.990871 -0
    outer loop
      vertex 65.8518 182.306 0
      vertex 65.7048 182.326 19
      vertex 65.8518 182.306 19
    endloop
  endfacet
  facet normal 0.134812 0.990871 0
    outer loop
      vertex 65.7048 182.326 19
      vertex 65.8518 182.306 0
      vertex 65.7048 182.326 0
    endloop
  endfacet
  facet normal -1 0 0
    outer loop
      vertex 14 56 52
      vertex 14 90 57
      vertex 14 90 52
    endloop
  endfacet
  facet normal -1 -0 0
    outer loop
      vertex 14 90 57
      vertex 14 56 52
      vertex 14 56 57
    endloop
  endfacet
  facet normal 0 0 -1
    outer loop
      vertex 0 56 69
      vertex 13 90 69
      vertex 13 56 69
    endloop
  endfacet
  facet normal -0 0 -1
    outer loop
      vertex 13 90 69
      vertex 0 56 69
      vertex 0 90 69
    endloop
  endfacet
  facet normal -0 0 1
    outer loop
      vertex 0 90 45
      vertex 13 56 45
      vertex 13 90 45
    endloop
  endfacet
  facet normal 0 0 1
    outer loop
      vertex 13 56 45
      vertex 0 90 45
      vertex 0 56 45
    endloop
  endfacet
  facet normal 0 -1 0
    outer loop
      vertex 0 90 69
      vertex 13 90 57
      vertex 13 90 69
    endloop
  endfacet
  facet normal 0 -1 0
    outer loop
      vertex 13 90 57
      vertex 13 90 52
      vertex 14 90 57
    endloop
  endfacet
  facet normal 0 -1 0
    outer loop
      vertex 0 90 45
      vertex 13 90 57
      vertex 0 90 69
    endloop
  endfacet
  facet normal 0 -1 -0
    outer loop
      vertex 13 90 57
      vertex 0 90 45
      vertex 13 90 52
    endloop
  endfacet
  facet normal 0 -1 -0
    outer loop
      vertex 13 90 52
      vertex 0 90 45
      vertex 13 90 45
    endloop
  endfacet
  facet normal 0 -1 -0
    outer loop
      vertex 14 90 57
      vertex 13 90 52
      vertex 14 90 52
    endloop
  endfacet
  facet normal 0 1 0
    outer loop
      vertex 14 56 57
      vertex 14 56 52
      vertex 13 56 57
    endloop
  endfacet
  facet normal 0 1 -0
    outer loop
      vertex 13 56 57
      vertex 0 56 69
      vertex 13 56 69
    endloop
  endfacet
  facet normal 0 1 0
    outer loop
      vertex 13 56 52
      vertex 13 56 57
      vertex 14 56 52
    endloop
  endfacet
  facet normal 0 1 0
    outer loop
      vertex 0 56 45
      vertex 13 56 57
      vertex 13 56 52
    endloop
  endfacet
  facet normal 0 1 0
    outer loop
      vertex 0 56 45
      vertex 13 56 52
      vertex 13 56 45
    endloop
  endfacet
  facet normal 0 1 0
    outer loop
      vertex 13 56 57
      vertex 0 56 45
      vertex 0 56 69
    endloop
  endfacet
  facet normal -1 0 0
    outer loop
      vertex 14 126 52
      vertex 14 160 57
      vertex 14 160 52
    endloop
  endfacet
  facet normal -1 -0 0
    outer loop
      vertex 14 160 57
      vertex 14 126 52
      vertex 14 126 57
    endloop
  endfacet
  facet normal 0 0 -1
    outer loop
      vertex 0 126 69
      vertex 13 160 69
      vertex 13 126 69
    endloop
  endfacet
  facet normal -0 0 -1
    outer loop
      vertex 13 160 69
      vertex 0 126 69
      vertex 0 160 69
    endloop
  endfacet
  facet normal -0 0 1
    outer loop
      vertex 0 160 45
      vertex 13 126 45
      vertex 13 160 45
    endloop
  endfacet
  facet normal 0 0 1
    outer loop
      vertex 13 126 45
      vertex 0 160 45
      vertex 0 126 45
    endloop
  endfacet
  facet normal 0 -1 0
    outer loop
      vertex 0 160 69
      vertex 13 160 57
      vertex 13 160 69
    endloop
  endfacet
  facet normal 0 -1 0
    outer loop
      vertex 13 160 57
      vertex 13 160 52
      vertex 14 160 57
    endloop
  endfacet
  facet normal 0 -1 0
    outer loop
      vertex 0 160 45
      vertex 13 160 57
      vertex 0 160 69
    endloop
  endfacet
  facet normal 0 -1 -0
    outer loop
      vertex 13 160 57
      vertex 0 160 45
      vertex 13 160 52
    endloop
  endfacet
  facet normal 0 -1 -0
    outer loop
      vertex 13 160 52
      vertex 0 160 45
      vertex 13 160 45
    endloop
  endfacet
  facet normal 0 -1 -0
    outer loop
      vertex 14 160 57
      vertex 13 160 52
      vertex 14 160 52
    endloop
  endfacet
  facet normal 0 1 0
    outer loop
      vertex 14 126 57
      vertex 14 126 52
      vertex 13 126 57
    endloop
  endfacet
  facet normal 0 1 -0
    outer loop
      vertex 13 126 57
      vertex 0 126 69
      vertex 13 126 69
    endloop
  endfacet
  facet normal 0 1 0
    outer loop
      vertex 13 126 52
      vertex 13 126 57
      vertex 14 126 52
    endloop
  endfacet
  facet normal 0 1 0
    outer loop
      vertex 0 126 45
      vertex 13 126 57
      vertex 13 126 52
    endloop
  endfacet
  facet normal 0 1 0
    outer loop
      vertex 0 126 45
      vertex 13 126 52
      vertex 13 126 45
    endloop
  endfacet
  facet normal 0 1 0
    outer loop
      vertex 13 126 57
      vertex 0 126 45
      vertex 0 126 69
    endloop
  endfacet
endsolid OpenSCAD_Model
