solid OpenSCAD_Model
  facet normal 0.0981116 0.995175 -0
    outer loop
      vertex 73.6526 44.9572 0
      vertex 73.327 44.9893 21
      vertex 73.6526 44.9572 21
    endloop
  endfacet
  facet normal 0.0981116 0.995175 0
    outer loop
      vertex 73.327 44.9893 21
      vertex 73.6526 44.9572 0
      vertex 73.327 44.9893 0
    endloop
  endfacet
  facet normal 0.88187 -0.471492 -2.4284e-19
    outer loop
      vertex 77.3301 25.5 21
      vertex 77.4844 25.7886 0
      vertex 77.4844 25.7886 21
    endloop
  endfacet
  facet normal 0.88187 -0.471492 -2.4284e-19
    outer loop
      vertex 77.4844 25.7886 0
      vertex 77.3301 25.5 21
      vertex 77.3301 25.5 0
    endloop
  endfacet
  facet normal 0 -1 0
    outer loop
      vertex 14 23 0
      vertex 73 23 21
      vertex 14 23 21
    endloop
  endfacet
  facet normal 0 -1 -0
    outer loop
      vertex 73 23 21
      vertex 14 23 0
      vertex 73 23 0
    endloop
  endfacet
  facet normal 0.162912 -0.986641 0
    outer loop
      vertex 73.6526 23.0428 0
      vertex 73.9754 23.0961 21
      vertex 73.6526 23.0428 21
    endloop
  endfacet
  facet normal 0.162912 -0.986641 0
    outer loop
      vertex 73.9754 23.0961 21
      vertex 73.6526 23.0428 0
      vertex 73.9754 23.0961 0
    endloop
  endfacet
  facet normal 0.772935 -0.634485 3.71249e-19
    outer loop
      vertex 76.7592 24.7033 21
      vertex 76.9668 24.9562 0
      vertex 76.9668 24.9562 21
    endloop
  endfacet
  facet normal 0.772935 -0.634485 3.71249e-19
    outer loop
      vertex 76.9668 24.9562 0
      vertex 76.7592 24.7033 21
      vertex 76.7592 24.7033 0
    endloop
  endfacet
  facet normal 0.528184 -0.84913 0
    outer loop
      vertex 75.5 23.6699 0
      vertex 75.7778 23.8427 21
      vertex 75.5 23.6699 21
    endloop
  endfacet
  facet normal 0.528184 -0.84913 0
    outer loop
      vertex 75.7778 23.8427 21
      vertex 75.5 23.6699 0
      vertex 75.7778 23.8427 0
    endloop
  endfacet
  facet normal 1 -0 0
    outer loop
      vertex 78 28 21
      vertex 78 40 0
      vertex 78 40 21
    endloop
  endfacet
  facet normal 1 0 0
    outer loop
      vertex 78 40 0
      vertex 78 28 21
      vertex 78 28 0
    endloop
  endfacet
  facet normal 0.290067 -0.957006 0
    outer loop
      vertex 74.2941 23.1704 0
      vertex 74.6072 23.2653 21
      vertex 74.2941 23.1704 21
    endloop
  endfacet
  facet normal 0.290067 -0.957006 0
    outer loop
      vertex 74.6072 23.2653 21
      vertex 74.2941 23.1704 0
      vertex 74.6072 23.2653 0
    endloop
  endfacet
  facet normal 0 1 0
    outer loop
      vertex 73 45 21
      vertex 15 45 18
      vertex 15 45 21
    endloop
  endfacet
  facet normal 0 1 -0
    outer loop
      vertex 73 45 0
      vertex 15 45 18
      vertex 73 45 21
    endloop
  endfacet
  facet normal 0 1 0
    outer loop
      vertex 14 45 0
      vertex 15 45 18
      vertex 73 45 0
    endloop
  endfacet
  facet normal 0 1 0
    outer loop
      vertex 15 45 18
      vertex 14 45 0
      vertex 14 45 18
    endloop
  endfacet
  facet normal 0.471492 -0.88187 0
    outer loop
      vertex 75.2114 23.5156 0
      vertex 75.5 23.6699 21
      vertex 75.2114 23.5156 21
    endloop
  endfacet
  facet normal 0.471492 -0.88187 0
    outer loop
      vertex 75.5 23.6699 21
      vertex 75.2114 23.5156 0
      vertex 75.5 23.6699 0
    endloop
  endfacet
  facet normal 0.999465 0.0327042 -2.88428e-20
    outer loop
      vertex 78 40 21
      vertex 77.9893 40.327 0
      vertex 77.9893 40.327 21
    endloop
  endfacet
  facet normal 0.999465 0.0327042 -2.88428e-20
    outer loop
      vertex 77.9893 40.327 0
      vertex 78 40 21
      vertex 78 40 0
    endloop
  endfacet
  facet normal 0.0981116 -0.995175 0
    outer loop
      vertex 73.327 23.0107 0
      vertex 73.6526 23.0428 21
      vertex 73.327 23.0107 21
    endloop
  endfacet
  facet normal 0.0981116 -0.995175 0
    outer loop
      vertex 73.6526 23.0428 21
      vertex 73.327 23.0107 0
      vertex 73.6526 23.0428 0
    endloop
  endfacet
  facet normal 0.88187 0.471492 2.41225e-19
    outer loop
      vertex 77.4844 42.2114 21
      vertex 77.3301 42.5 0
      vertex 77.3301 42.5 21
    endloop
  endfacet
  facet normal 0.88187 0.471492 2.41225e-19
    outer loop
      vertex 77.3301 42.5 0
      vertex 77.4844 42.2114 21
      vertex 77.4844 42.2114 0
    endloop
  endfacet
  facet normal 0.956922 -0.290347 4.21074e-20
    outer loop
      vertex 77.7346 26.3928 21
      vertex 77.8296 26.7059 0
      vertex 77.8296 26.7059 21
    endloop
  endfacet
  facet normal 0.956922 -0.290347 4.21074e-20
    outer loop
      vertex 77.8296 26.7059 0
      vertex 77.7346 26.3928 21
      vertex 77.7346 26.3928 0
    endloop
  endfacet
  facet normal 0.683656 -0.729804 0
    outer loop
      vertex 76.2967 24.2408 0
      vertex 76.5355 24.4645 21
      vertex 76.2967 24.2408 21
    endloop
  endfacet
  facet normal 0.683656 -0.729804 0
    outer loop
      vertex 76.5355 24.4645 21
      vertex 76.2967 24.2408 0
      vertex 76.5355 24.4645 0
    endloop
  endfacet
  facet normal 0.999465 -0.0327042 7.0283e-21
    outer loop
      vertex 77.9893 27.673 21
      vertex 78 28 0
      vertex 78 28 21
    endloop
  endfacet
  facet normal 0.999465 -0.0327042 7.0283e-21
    outer loop
      vertex 78 28 0
      vertex 77.9893 27.673 21
      vertex 77.9893 27.673 0
    endloop
  endfacet
  facet normal 0.528184 0.84913 -0
    outer loop
      vertex 75.7778 44.1573 0
      vertex 75.5 44.3301 21
      vertex 75.7778 44.1573 21
    endloop
  endfacet
  facet normal 0.528184 0.84913 0
    outer loop
      vertex 75.5 44.3301 21
      vertex 75.7778 44.1573 0
      vertex 75.5 44.3301 0
    endloop
  endfacet
  facet normal 0.162912 0.986641 -0
    outer loop
      vertex 73.9754 44.9039 0
      vertex 73.6526 44.9572 21
      vertex 73.9754 44.9039 21
    endloop
  endfacet
  facet normal 0.162912 0.986641 0
    outer loop
      vertex 73.6526 44.9572 21
      vertex 73.9754 44.9039 0
      vertex 73.6526 44.9572 0
    endloop
  endfacet
  facet normal 0.995175 0.0981116 5.48736e-20
    outer loop
      vertex 77.9893 40.327 21
      vertex 77.9572 40.6526 0
      vertex 77.9572 40.6526 21
    endloop
  endfacet
  facet normal 0.995175 0.0981116 5.48736e-20
    outer loop
      vertex 77.9572 40.6526 0
      vertex 77.9893 40.327 21
      vertex 77.9893 40.327 0
    endloop
  endfacet
  facet normal 0.986649 -0.162863 1.11699e-19
    outer loop
      vertex 77.9039 27.0245 21
      vertex 77.9572 27.3474 0
      vertex 77.9572 27.3474 21
    endloop
  endfacet
  facet normal 0.986649 -0.162863 1.11699e-19
    outer loop
      vertex 77.9572 27.3474 0
      vertex 77.9039 27.0245 21
      vertex 77.9039 27.0245 0
    endloop
  endfacet
  facet normal 0.935952 0.352128 -2.77206e-19
    outer loop
      vertex 77.7346 41.6072 21
      vertex 77.6194 41.9134 0
      vertex 77.6194 41.9134 21
    endloop
  endfacet
  facet normal 0.935952 0.352128 -2.77206e-19
    outer loop
      vertex 77.6194 41.9134 0
      vertex 77.7346 41.6072 21
      vertex 77.7346 41.6072 0
    endloop
  endfacet
  facet normal 0.0327042 -0.999465 0
    outer loop
      vertex 73 23 0
      vertex 73.327 23.0107 21
      vertex 73 23 21
    endloop
  endfacet
  facet normal 0.0327042 -0.999465 0
    outer loop
      vertex 73.327 23.0107 21
      vertex 73 23 0
      vertex 73.327 23.0107 0
    endloop
  endfacet
  facet normal 0.973868 0.227114 -2.02743e-19
    outer loop
      vertex 77.9039 40.9755 21
      vertex 77.8296 41.2941 0
      vertex 77.8296 41.2941 21
    endloop
  endfacet
  facet normal 0.973868 0.227114 -2.02743e-19
    outer loop
      vertex 77.8296 41.2941 0
      vertex 77.9039 40.9755 21
      vertex 77.9039 40.9755 0
    endloop
  endfacet
  facet normal 0.973868 -0.227114 1.60726e-19
    outer loop
      vertex 77.8296 26.7059 21
      vertex 77.9039 27.0245 0
      vertex 77.9039 27.0245 21
    endloop
  endfacet
  facet normal 0.973868 -0.227114 1.60726e-19
    outer loop
      vertex 77.9039 27.0245 0
      vertex 77.8296 26.7059 21
      vertex 77.8296 26.7059 0
    endloop
  endfacet
  facet normal 0.58225 0.81301 -0
    outer loop
      vertex 76.0438 43.9668 0
      vertex 75.7778 44.1573 21
      vertex 76.0438 43.9668 21
    endloop
  endfacet
  facet normal 0.58225 0.81301 0
    outer loop
      vertex 75.7778 44.1573 21
      vertex 76.0438 43.9668 0
      vertex 75.7778 44.1573 0
    endloop
  endfacet
  facet normal 0.812906 -0.582394 4.65188e-19
    outer loop
      vertex 76.9668 24.9562 21
      vertex 77.1573 25.2221 0
      vertex 77.1573 25.2221 21
    endloop
  endfacet
  facet normal 0.812906 -0.582394 4.65188e-19
    outer loop
      vertex 77.1573 25.2221 0
      vertex 76.9668 24.9562 21
      vertex 76.9668 24.9562 0
    endloop
  endfacet
  facet normal 0.935952 -0.352128 2.94982e-19
    outer loop
      vertex 77.6194 26.0866 21
      vertex 77.7346 26.3928 0
      vertex 77.7346 26.3928 21
    endloop
  endfacet
  facet normal 0.935952 -0.352128 2.94982e-19
    outer loop
      vertex 77.7346 26.3928 0
      vertex 77.6194 26.0866 21
      vertex 77.6194 26.0866 0
    endloop
  endfacet
  facet normal 0.227046 -0.973884 0
    outer loop
      vertex 73.9754 23.0961 0
      vertex 74.2941 23.1704 21
      vertex 73.9754 23.0961 21
    endloop
  endfacet
  facet normal 0.227046 -0.973884 0
    outer loop
      vertex 74.2941 23.1704 21
      vertex 73.9754 23.0961 0
      vertex 74.2941 23.1704 0
    endloop
  endfacet
  facet normal 0.0327042 0.999465 -0
    outer loop
      vertex 73.327 44.9893 0
      vertex 73 45 21
      vertex 73.327 44.9893 21
    endloop
  endfacet
  facet normal 0.0327042 0.999465 0
    outer loop
      vertex 73 45 21
      vertex 73.327 44.9893 0
      vertex 73 45 0
    endloop
  endfacet
  facet normal 0.634485 -0.772935 0
    outer loop
      vertex 76.0438 24.0332 0
      vertex 76.2967 24.2408 21
      vertex 76.0438 24.0332 21
    endloop
  endfacet
  facet normal 0.634485 -0.772935 0
    outer loop
      vertex 76.2967 24.2408 21
      vertex 76.0438 24.0332 0
      vertex 76.2967 24.2408 0
    endloop
  endfacet
  facet normal 0.471492 0.88187 -0
    outer loop
      vertex 75.5 44.3301 0
      vertex 75.2114 44.4844 21
      vertex 75.5 44.3301 21
    endloop
  endfacet
  facet normal 0.471492 0.88187 0
    outer loop
      vertex 75.2114 44.4844 21
      vertex 75.5 44.3301 0
      vertex 75.2114 44.4844 0
    endloop
  endfacet
  facet normal 0.352396 -0.935851 0
    outer loop
      vertex 74.6072 23.2653 0
      vertex 74.9134 23.3806 21
      vertex 74.6072 23.2653 21
    endloop
  endfacet
  facet normal 0.352396 -0.935851 0
    outer loop
      vertex 74.9134 23.3806 21
      vertex 74.6072 23.2653 0
      vertex 74.9134 23.3806 0
    endloop
  endfacet
  facet normal 0.290347 0.956922 -0
    outer loop
      vertex 74.6072 44.7346 0
      vertex 74.2941 44.8296 21
      vertex 74.6072 44.7346 21
    endloop
  endfacet
  facet normal 0.290347 0.956922 0
    outer loop
      vertex 74.2941 44.8296 21
      vertex 74.6072 44.7346 0
      vertex 74.2941 44.8296 0
    endloop
  endfacet
  facet normal 0.634485 0.772935 -0
    outer loop
      vertex 76.2967 43.7592 0
      vertex 76.0438 43.9668 21
      vertex 76.2967 43.7592 21
    endloop
  endfacet
  facet normal 0.634485 0.772935 0
    outer loop
      vertex 76.0438 43.9668 21
      vertex 76.2967 43.7592 0
      vertex 76.0438 43.9668 0
    endloop
  endfacet
  facet normal 0.729804 0.683656 2.26768e-20
    outer loop
      vertex 76.7592 43.2967 21
      vertex 76.5355 43.5355 0
      vertex 76.5355 43.5355 21
    endloop
  endfacet
  facet normal 0.729804 0.683656 2.26768e-20
    outer loop
      vertex 76.5355 43.5355 0
      vertex 76.7592 43.2967 21
      vertex 76.7592 43.2967 0
    endloop
  endfacet
  facet normal 0.849215 0.528047 4.04712e-19
    outer loop
      vertex 77.3301 42.5 21
      vertex 77.1573 42.7779 0
      vertex 77.1573 42.7779 21
    endloop
  endfacet
  facet normal 0.849215 0.528047 4.04712e-19
    outer loop
      vertex 77.1573 42.7779 0
      vertex 77.3301 42.5 21
      vertex 77.3301 42.5 0
    endloop
  endfacet
  facet normal 0.910889 -0.412651 -1.72265e-19
    outer loop
      vertex 77.4844 25.7886 21
      vertex 77.6194 26.0866 0
      vertex 77.6194 26.0866 21
    endloop
  endfacet
  facet normal 0.910889 -0.412651 -1.72265e-19
    outer loop
      vertex 77.6194 26.0866 0
      vertex 77.4844 25.7886 21
      vertex 77.4844 25.7886 0
    endloop
  endfacet
  facet normal 0.412651 -0.910889 0
    outer loop
      vertex 74.9134 23.3806 0
      vertex 75.2114 23.5156 21
      vertex 74.9134 23.3806 21
    endloop
  endfacet
  facet normal 0.412651 -0.910889 0
    outer loop
      vertex 75.2114 23.5156 21
      vertex 74.9134 23.3806 0
      vertex 75.2114 23.5156 0
    endloop
  endfacet
  facet normal 0.729804 -0.683656 -2.26768e-20
    outer loop
      vertex 76.5355 24.4645 21
      vertex 76.7592 24.7033 0
      vertex 76.7592 24.7033 21
    endloop
  endfacet
  facet normal 0.729804 -0.683656 -2.26768e-20
    outer loop
      vertex 76.7592 24.7033 0
      vertex 76.5355 24.4645 21
      vertex 76.5355 24.4645 0
    endloop
  endfacet
  facet normal 0 0 -1
    outer loop
      vertex -1 19 0
      vertex 14 23 0
      vertex 14 19 0
    endloop
  endfacet
  facet normal -0 0 -1
    outer loop
      vertex 14 23 0
      vertex -1 19 0
      vertex 14 45 0
    endloop
  endfacet
  facet normal -0 0 -1
    outer loop
      vertex 14 45 0
      vertex -1 19 0
      vertex 14 175 0
    endloop
  endfacet
  facet normal 0 0 -1
    outer loop
      vertex -1 201 0
      vertex 14 175 0
      vertex -1 19 0
    endloop
  endfacet
  facet normal 0 0 -1
    outer loop
      vertex -1 19 0
      vertex 14 19 0
      vertex 13.985 18.5422 0
    endloop
  endfacet
  facet normal 0 0 -1
    outer loop
      vertex 14 175 0
      vertex -1 201 0
      vertex 14 197 0
    endloop
  endfacet
  facet normal 0 0 -1
    outer loop
      vertex -1 19 0
      vertex 13.985 18.5422 0
      vertex 13.9401 18.0863 0
    endloop
  endfacet
  facet normal 0 0 -1
    outer loop
      vertex 14 197 0
      vertex -1 201 0
      vertex 14 201 0
    endloop
  endfacet
  facet normal 0 0 -1
    outer loop
      vertex -1 19 0
      vertex 13.9401 18.0863 0
      vertex 13.8655 17.6344 0
    endloop
  endfacet
  facet normal 0 0 -1
    outer loop
      vertex 14 201 0
      vertex -1 201 0
      vertex 13.985 201.458 0
    endloop
  endfacet
  facet normal 0 0 -1
    outer loop
      vertex -1 19 0
      vertex 13.8655 17.6344 0
      vertex 13.7615 17.1883 0
    endloop
  endfacet
  facet normal -0 0 -1
    outer loop
      vertex 13.985 201.458 0
      vertex -1 201 0
      vertex 13.9401 201.914 0
    endloop
  endfacet
  facet normal 0 0 -1
    outer loop
      vertex -1 19 0
      vertex 13.7615 17.1883 0
      vertex 13.6285 16.7499 0
    endloop
  endfacet
  facet normal -0 0 -1
    outer loop
      vertex 13.9401 201.914 0
      vertex -1 201 0
      vertex 13.8655 202.366 0
    endloop
  endfacet
  facet normal 0 0 -1
    outer loop
      vertex -1 19 0
      vertex 13.6285 16.7499 0
      vertex 13.4672 16.3212 0
    endloop
  endfacet
  facet normal -0 0 -1
    outer loop
      vertex 13.8655 202.366 0
      vertex -1 201 0
      vertex 13.7615 202.812 0
    endloop
  endfacet
  facet normal 0 0 -1
    outer loop
      vertex -1 19 0
      vertex 13.4672 16.3212 0
      vertex 13.2781 15.904 0
    endloop
  endfacet
  facet normal -0 0 -1
    outer loop
      vertex 13.7615 202.812 0
      vertex -1 201 0
      vertex 13.6285 203.25 0
    endloop
  endfacet
  facet normal 0 0 -1
    outer loop
      vertex -1 19 0
      vertex 13.2781 15.904 0
      vertex 13.0622 15.5 0
    endloop
  endfacet
  facet normal -0 0 -1
    outer loop
      vertex 13.6285 203.25 0
      vertex -1 201 0
      vertex 13.4672 203.679 0
    endloop
  endfacet
  facet normal 0 0 -1
    outer loop
      vertex -1 19 0
      vertex 13.0622 15.5 0
      vertex 12.8203 15.111 0
    endloop
  endfacet
  facet normal -0 0 -1
    outer loop
      vertex 13.4672 203.679 0
      vertex -1 201 0
      vertex 13.2781 204.096 0
    endloop
  endfacet
  facet normal 0 0 -1
    outer loop
      vertex -1 19 0
      vertex 12.8203 15.111 0
      vertex 12.5535 14.7387 0
    endloop
  endfacet
  facet normal -0 0 -1
    outer loop
      vertex 13.2781 204.096 0
      vertex -1 201 0
      vertex 13.0622 204.5 0
    endloop
  endfacet
  facet normal 0 0 -1
    outer loop
      vertex -1 19 0
      vertex 12.5535 14.7387 0
      vertex 12.2629 14.3846 0
    endloop
  endfacet
  facet normal -0 0 -1
    outer loop
      vertex 13.0622 204.5 0
      vertex -1 201 0
      vertex 12.8203 204.889 0
    endloop
  endfacet
  facet normal 0 0 -1
    outer loop
      vertex -1 19 0
      vertex 12.2629 14.3846 0
      vertex 11.9497 14.0503 0
    endloop
  endfacet
  facet normal -0 0 -1
    outer loop
      vertex 12.8203 204.889 0
      vertex -1 201 0
      vertex 12.5535 205.261 0
    endloop
  endfacet
  facet normal 0 0 -1
    outer loop
      vertex -1 19 0
      vertex 11.9497 14.0503 0
      vertex 11.6154 13.7371 0
    endloop
  endfacet
  facet normal -0 0 -1
    outer loop
      vertex 12.5535 205.261 0
      vertex -1 201 0
      vertex 12.2629 205.615 0
    endloop
  endfacet
  facet normal 0 0 -1
    outer loop
      vertex -1 19 0
      vertex 11.6154 13.7371 0
      vertex 11.2613 13.4465 0
    endloop
  endfacet
  facet normal -0 0 -1
    outer loop
      vertex 12.2629 205.615 0
      vertex -1 201 0
      vertex 11.9497 205.95 0
    endloop
  endfacet
  facet normal 0 0 -1
    outer loop
      vertex -1 19 0
      vertex 11.2613 13.4465 0
      vertex 10.889 13.1797 0
    endloop
  endfacet
  facet normal -0 0 -1
    outer loop
      vertex 11.9497 205.95 0
      vertex -1 201 0
      vertex 11.6154 206.263 0
    endloop
  endfacet
  facet normal 0 0 -1
    outer loop
      vertex -1 19 0
      vertex 10.889 13.1797 0
      vertex 10.5 12.9378 0
    endloop
  endfacet
  facet normal -0 0 -1
    outer loop
      vertex 11.6154 206.263 0
      vertex -1 201 0
      vertex 11.2613 206.553 0
    endloop
  endfacet
  facet normal 0 0 -1
    outer loop
      vertex -1 19 0
      vertex 10.5 12.9378 0
      vertex 10.096 12.7219 0
    endloop
  endfacet
  facet normal -0 0 -1
    outer loop
      vertex 11.2613 206.553 0
      vertex -1 201 0
      vertex 10.889 206.82 0
    endloop
  endfacet
  facet normal 0 0 -1
    outer loop
      vertex -1 19 0
      vertex 10.096 12.7219 0
      vertex 9.67878 12.5328 0
    endloop
  endfacet
  facet normal -0 0 -1
    outer loop
      vertex 10.889 206.82 0
      vertex -1 201 0
      vertex 10.5 207.062 0
    endloop
  endfacet
  facet normal 0 0 -1
    outer loop
      vertex -1 19 0
      vertex 9.67878 12.5328 0
      vertex 9.25008 12.3715 0
    endloop
  endfacet
  facet normal -0 0 -1
    outer loop
      vertex 10.5 207.062 0
      vertex -1 201 0
      vertex 10.096 207.278 0
    endloop
  endfacet
  facet normal 0 0 -1
    outer loop
      vertex -1 19 0
      vertex 9.25008 12.3715 0
      vertex 8.81173 12.2385 0
    endloop
  endfacet
  facet normal -0 0 -1
    outer loop
      vertex 10.096 207.278 0
      vertex -1 201 0
      vertex 9.67878 207.467 0
    endloop
  endfacet
  facet normal 0 0 -1
    outer loop
      vertex -1 19 0
      vertex 8.81173 12.2385 0
      vertex 8.36563 12.1345 0
    endloop
  endfacet
  facet normal -0 0 -1
    outer loop
      vertex 9.67878 207.467 0
      vertex -1 201 0
      vertex 9.25008 207.629 0
    endloop
  endfacet
  facet normal 0 0 -1
    outer loop
      vertex -1 19 0
      vertex 8.36563 12.1345 0
      vertex 7.91368 12.0599 0
    endloop
  endfacet
  facet normal -0 0 -1
    outer loop
      vertex 9.25008 207.629 0
      vertex -1 201 0
      vertex 8.81173 207.761 0
    endloop
  endfacet
  facet normal 0 0 -1
    outer loop
      vertex -1 19 0
      vertex 7.91368 12.0599 0
      vertex 7.45782 12.015 0
    endloop
  endfacet
  facet normal -0 0 -1
    outer loop
      vertex 8.81173 207.761 0
      vertex -1 201 0
      vertex 8.36563 207.865 0
    endloop
  endfacet
  facet normal 0 0 -1
    outer loop
      vertex -1 19 0
      vertex 7.45782 12.015 0
      vertex 7 12 0
    endloop
  endfacet
  facet normal -0 0 -1
    outer loop
      vertex 8.36563 207.865 0
      vertex -1 201 0
      vertex 7.91368 207.94 0
    endloop
  endfacet
  facet normal 0 0 -1
    outer loop
      vertex -1 19 0
      vertex 7 12 0
      vertex 6 12 0
    endloop
  endfacet
  facet normal -0 0 -1
    outer loop
      vertex 7.91368 207.94 0
      vertex -1 201 0
      vertex 7.45782 207.985 0
    endloop
  endfacet
  facet normal 0 0 -1
    outer loop
      vertex -1 19 0
      vertex 6 12 0
      vertex 5.54218 12.015 0
    endloop
  endfacet
  facet normal -0 0 -1
    outer loop
      vertex 7.45782 207.985 0
      vertex -1 201 0
      vertex 7 208 0
    endloop
  endfacet
  facet normal 0 0 -1
    outer loop
      vertex -1 19 0
      vertex 5.54218 12.015 0
      vertex 5.08632 12.0599 0
    endloop
  endfacet
  facet normal -0 0 -1
    outer loop
      vertex 7 208 0
      vertex -1 201 0
      vertex 6 208 0
    endloop
  endfacet
  facet normal 0 0 -1
    outer loop
      vertex -1 19 0
      vertex 5.08632 12.0599 0
      vertex 4.63437 12.1345 0
    endloop
  endfacet
  facet normal 0 0 -1
    outer loop
      vertex 6 208 0
      vertex -1 201 0
      vertex 5.54218 207.985 0
    endloop
  endfacet
  facet normal 0 0 -1
    outer loop
      vertex -1 19 0
      vertex 4.63437 12.1345 0
      vertex 4.18827 12.2385 0
    endloop
  endfacet
  facet normal 0 0 -1
    outer loop
      vertex 5.54218 207.985 0
      vertex -1 201 0
      vertex 5.08632 207.94 0
    endloop
  endfacet
  facet normal 0 0 -1
    outer loop
      vertex -1 19 0
      vertex 4.18827 12.2385 0
      vertex 3.74992 12.3715 0
    endloop
  endfacet
  facet normal 0 0 -1
    outer loop
      vertex 5.08632 207.94 0
      vertex -1 201 0
      vertex 4.63437 207.865 0
    endloop
  endfacet
  facet normal 0 0 -1
    outer loop
      vertex -1 19 0
      vertex 3.74992 12.3715 0
      vertex 3.32122 12.5328 0
    endloop
  endfacet
  facet normal 0 0 -1
    outer loop
      vertex 4.63437 207.865 0
      vertex -1 201 0
      vertex 4.18827 207.761 0
    endloop
  endfacet
  facet normal 0 0 -1
    outer loop
      vertex -1 19 0
      vertex 3.32122 12.5328 0
      vertex 2.90398 12.7219 0
    endloop
  endfacet
  facet normal 0 0 -1
    outer loop
      vertex 4.18827 207.761 0
      vertex -1 201 0
      vertex 3.74992 207.629 0
    endloop
  endfacet
  facet normal 0 0 -1
    outer loop
      vertex -1 19 0
      vertex 2.90398 12.7219 0
      vertex 2.5 12.9378 0
    endloop
  endfacet
  facet normal 0 0 -1
    outer loop
      vertex 3.74992 207.629 0
      vertex -1 201 0
      vertex 3.32122 207.467 0
    endloop
  endfacet
  facet normal 0 0 -1
    outer loop
      vertex -1 19 0
      vertex 2.5 12.9378 0
      vertex 2.11101 13.1797 0
    endloop
  endfacet
  facet normal 0 0 -1
    outer loop
      vertex 3.32122 207.467 0
      vertex -1 201 0
      vertex 2.90398 207.278 0
    endloop
  endfacet
  facet normal 0 0 -1
    outer loop
      vertex -1 19 0
      vertex 2.11101 13.1797 0
      vertex 1.73867 13.4465 0
    endloop
  endfacet
  facet normal 0 0 -1
    outer loop
      vertex 2.90398 207.278 0
      vertex -1 201 0
      vertex 2.5 207.062 0
    endloop
  endfacet
  facet normal 0 0 -1
    outer loop
      vertex -1 19 0
      vertex 1.73867 13.4465 0
      vertex 1.38458 13.7371 0
    endloop
  endfacet
  facet normal 0 0 -1
    outer loop
      vertex 2.5 207.062 0
      vertex -1 201 0
      vertex 2.11101 206.82 0
    endloop
  endfacet
  facet normal 0 0 -1
    outer loop
      vertex -1 19 0
      vertex 1.38458 13.7371 0
      vertex 1.05025 14.0503 0
    endloop
  endfacet
  facet normal 0 0 -1
    outer loop
      vertex 2.11101 206.82 0
      vertex -1 201 0
      vertex 1.73867 206.553 0
    endloop
  endfacet
  facet normal 0 0 -1
    outer loop
      vertex -1 19 0
      vertex 1.05025 14.0503 0
      vertex 0.737121 14.3846 0
    endloop
  endfacet
  facet normal 0 0 -1
    outer loop
      vertex 1.73867 206.553 0
      vertex -1 201 0
      vertex 1.38458 206.263 0
    endloop
  endfacet
  facet normal 0 0 -1
    outer loop
      vertex -1 19 0
      vertex 0.737121 14.3846 0
      vertex 0.446527 14.7387 0
    endloop
  endfacet
  facet normal 0 0 -1
    outer loop
      vertex 1.38458 206.263 0
      vertex -1 201 0
      vertex 1.05025 205.95 0
    endloop
  endfacet
  facet normal 0 0 -1
    outer loop
      vertex -1 19 0
      vertex 0.446527 14.7387 0
      vertex 0.179712 15.111 0
    endloop
  endfacet
  facet normal 0 0 -1
    outer loop
      vertex 1.05025 205.95 0
      vertex -1 201 0
      vertex 0.737121 205.615 0
    endloop
  endfacet
  facet normal 0 0 -1
    outer loop
      vertex -1 19 0
      vertex 0.179712 15.111 0
      vertex -0.0621777 15.5 0
    endloop
  endfacet
  facet normal 0 0 -1
    outer loop
      vertex 0.737121 205.615 0
      vertex -1 201 0
      vertex 0.446527 205.261 0
    endloop
  endfacet
  facet normal 0 0 -1
    outer loop
      vertex -1 19 0
      vertex -0.0621777 15.5 0
      vertex -0.278109 15.904 0
    endloop
  endfacet
  facet normal 0 0 -1
    outer loop
      vertex 0.446527 205.261 0
      vertex -1 201 0
      vertex 0.179712 204.889 0
    endloop
  endfacet
  facet normal 0 0 -1
    outer loop
      vertex -1 19 0
      vertex -0.278109 15.904 0
      vertex -0.467156 16.3212 0
    endloop
  endfacet
  facet normal 0 0 -1
    outer loop
      vertex 0.179712 204.889 0
      vertex -1 201 0
      vertex -0.0621777 204.5 0
    endloop
  endfacet
  facet normal 0 0 -1
    outer loop
      vertex -1 19 0
      vertex -0.467156 16.3212 0
      vertex -0.62851 16.7499 0
    endloop
  endfacet
  facet normal 0 0 -1
    outer loop
      vertex -0.0621777 204.5 0
      vertex -1 201 0
      vertex -0.278109 204.096 0
    endloop
  endfacet
  facet normal 0 0 -1
    outer loop
      vertex -1 19 0
      vertex -0.62851 16.7499 0
      vertex -0.76148 17.1883 0
    endloop
  endfacet
  facet normal 0 0 -1
    outer loop
      vertex -0.278109 204.096 0
      vertex -1 201 0
      vertex -0.467156 203.679 0
    endloop
  endfacet
  facet normal 0 0 -1
    outer loop
      vertex -1 19 0
      vertex -0.76148 17.1883 0
      vertex -0.865497 17.6344 0
    endloop
  endfacet
  facet normal 0 0 -1
    outer loop
      vertex -0.467156 203.679 0
      vertex -1 201 0
      vertex -0.62851 203.25 0
    endloop
  endfacet
  facet normal 0 0 -1
    outer loop
      vertex -1 19 0
      vertex -0.865497 17.6344 0
      vertex -0.940114 18.0863 0
    endloop
  endfacet
  facet normal 0 0 -1
    outer loop
      vertex -0.62851 203.25 0
      vertex -1 201 0
      vertex -0.76148 202.812 0
    endloop
  endfacet
  facet normal 0 0 -1
    outer loop
      vertex -1 19 0
      vertex -0.940114 18.0863 0
      vertex -0.985012 18.5422 0
    endloop
  endfacet
  facet normal 0 0 -1
    outer loop
      vertex -0.76148 202.812 0
      vertex -1 201 0
      vertex -0.865497 202.366 0
    endloop
  endfacet
  facet normal 0 0 -1
    outer loop
      vertex -0.865497 202.366 0
      vertex -1 201 0
      vertex -0.940114 201.914 0
    endloop
  endfacet
  facet normal 0 0 -1
    outer loop
      vertex -0.940114 201.914 0
      vertex -1 201 0
      vertex -0.985012 201.458 0
    endloop
  endfacet
  facet normal 0 0 -1
    outer loop
      vertex 73 23 0
      vertex 78 28 0
      vertex 77.9893 27.673 0
    endloop
  endfacet
  facet normal 0 0 -1
    outer loop
      vertex 78 28 0
      vertex 65.7 34 0
      vertex 78 40 0
    endloop
  endfacet
  facet normal 0 0 -1
    outer loop
      vertex 73 23 0
      vertex 77.9893 27.673 0
      vertex 77.9572 27.3474 0
    endloop
  endfacet
  facet normal 0 0 -1
    outer loop
      vertex 65.6964 34.1112 0
      vertex 78 40 0
      vertex 65.7 34 0
    endloop
  endfacet
  facet normal 0 0 -1
    outer loop
      vertex 73 23 0
      vertex 77.9572 27.3474 0
      vertex 77.9039 27.0245 0
    endloop
  endfacet
  facet normal 0 0 -1
    outer loop
      vertex 65.6855 34.2219 0
      vertex 78 40 0
      vertex 65.6964 34.1112 0
    endloop
  endfacet
  facet normal 0 0 -1
    outer loop
      vertex 73 23 0
      vertex 77.9039 27.0245 0
      vertex 77.8296 26.7059 0
    endloop
  endfacet
  facet normal 0 0 -1
    outer loop
      vertex 65.6673 34.3317 0
      vertex 78 40 0
      vertex 65.6855 34.2219 0
    endloop
  endfacet
  facet normal 0 0 -1
    outer loop
      vertex 73 23 0
      vertex 77.8296 26.7059 0
      vertex 77.7346 26.3928 0
    endloop
  endfacet
  facet normal 0 0 -1
    outer loop
      vertex 65.6421 34.44 0
      vertex 78 40 0
      vertex 65.6673 34.3317 0
    endloop
  endfacet
  facet normal 0 0 -1
    outer loop
      vertex 73 23 0
      vertex 77.7346 26.3928 0
      vertex 77.6194 26.0866 0
    endloop
  endfacet
  facet normal 0 0 -1
    outer loop
      vertex 65.6098 34.5464 0
      vertex 78 40 0
      vertex 65.6421 34.44 0
    endloop
  endfacet
  facet normal 0 0 -1
    outer loop
      vertex 73 23 0
      vertex 77.6194 26.0866 0
      vertex 77.4844 25.7886 0
    endloop
  endfacet
  facet normal 0 0 -1
    outer loop
      vertex 65.5706 34.6506 0
      vertex 78 40 0
      vertex 65.6098 34.5464 0
    endloop
  endfacet
  facet normal 0 0 -1
    outer loop
      vertex 73 23 0
      vertex 77.4844 25.7886 0
      vertex 77.3301 25.5 0
    endloop
  endfacet
  facet normal 0 0 -1
    outer loop
      vertex 65.5247 34.7519 0
      vertex 78 40 0
      vertex 65.5706 34.6506 0
    endloop
  endfacet
  facet normal 0 0 -1
    outer loop
      vertex 73 23 0
      vertex 77.3301 25.5 0
      vertex 77.1573 25.2221 0
    endloop
  endfacet
  facet normal 0 0 -1
    outer loop
      vertex 65.4722 34.85 0
      vertex 78 40 0
      vertex 65.5247 34.7519 0
    endloop
  endfacet
  facet normal 0 0 -1
    outer loop
      vertex 73 23 0
      vertex 77.1573 25.2221 0
      vertex 76.9668 24.9562 0
    endloop
  endfacet
  facet normal 0 -0 -1
    outer loop
      vertex 73 45 0
      vertex 78 40 0
      vertex 65.4722 34.85 0
    endloop
  endfacet
  facet normal 0 0 -1
    outer loop
      vertex 73 23 0
      vertex 76.9668 24.9562 0
      vertex 76.7592 24.7033 0
    endloop
  endfacet
  facet normal 0 0 -1
    outer loop
      vertex 78 40 0
      vertex 73 45 0
      vertex 77.9893 40.327 0
    endloop
  endfacet
  facet normal 0 0 -1
    outer loop
      vertex 73 23 0
      vertex 76.7592 24.7033 0
      vertex 76.5355 24.4645 0
    endloop
  endfacet
  facet normal 0 0 -1
    outer loop
      vertex 77.9893 40.327 0
      vertex 73 45 0
      vertex 77.9572 40.6526 0
    endloop
  endfacet
  facet normal 0 0 -1
    outer loop
      vertex 73 23 0
      vertex 76.5355 24.4645 0
      vertex 76.2967 24.2408 0
    endloop
  endfacet
  facet normal 0 0 -1
    outer loop
      vertex 77.9572 40.6526 0
      vertex 73 45 0
      vertex 77.9039 40.9755 0
    endloop
  endfacet
  facet normal 0 0 -1
    outer loop
      vertex 73 23 0
      vertex 76.2967 24.2408 0
      vertex 76.0438 24.0332 0
    endloop
  endfacet
  facet normal 0 0 -1
    outer loop
      vertex 77.8296 41.2941 0
      vertex 73 45 0
      vertex 77.7346 41.6072 0
    endloop
  endfacet
  facet normal 0 0 -1
    outer loop
      vertex 73 23 0
      vertex 76.0438 24.0332 0
      vertex 75.7778 23.8427 0
    endloop
  endfacet
  facet normal 0 0 -1
    outer loop
      vertex 77.7346 41.6072 0
      vertex 73 45 0
      vertex 77.6194 41.9134 0
    endloop
  endfacet
  facet normal 0 0 -1
    outer loop
      vertex 73 23 0
      vertex 75.7778 23.8427 0
      vertex 75.5 23.6699 0
    endloop
  endfacet
  facet normal 0 0 -1
    outer loop
      vertex 77.6194 41.9134 0
      vertex 73 45 0
      vertex 77.4844 42.2114 0
    endloop
  endfacet
  facet normal 0 0 -1
    outer loop
      vertex 73 23 0
      vertex 75.5 23.6699 0
      vertex 75.2114 23.5156 0
    endloop
  endfacet
  facet normal 0 0 -1
    outer loop
      vertex 77.4844 42.2114 0
      vertex 73 45 0
      vertex 77.3301 42.5 0
    endloop
  endfacet
  facet normal 0 0 -1
    outer loop
      vertex 73 23 0
      vertex 75.2114 23.5156 0
      vertex 74.9134 23.3806 0
    endloop
  endfacet
  facet normal 0 0 -1
    outer loop
      vertex 77.3301 42.5 0
      vertex 73 45 0
      vertex 77.1573 42.7779 0
    endloop
  endfacet
  facet normal 0 0 -1
    outer loop
      vertex 73 23 0
      vertex 74.9134 23.3806 0
      vertex 74.6072 23.2653 0
    endloop
  endfacet
  facet normal 0 0 -1
    outer loop
      vertex 77.1573 42.7779 0
      vertex 73 45 0
      vertex 76.9668 43.0438 0
    endloop
  endfacet
  facet normal 0 0 -1
    outer loop
      vertex 73 23 0
      vertex 74.6072 23.2653 0
      vertex 74.2941 23.1704 0
    endloop
  endfacet
  facet normal 0 0 -1
    outer loop
      vertex 76.9668 43.0438 0
      vertex 73 45 0
      vertex 76.7592 43.2967 0
    endloop
  endfacet
  facet normal 0 0 -1
    outer loop
      vertex 73 23 0
      vertex 74.2941 23.1704 0
      vertex 73.9754 23.0961 0
    endloop
  endfacet
  facet normal 0 0 -1
    outer loop
      vertex 76.5355 43.5355 0
      vertex 73 45 0
      vertex 76.2967 43.7592 0
    endloop
  endfacet
  facet normal 0 0 -1
    outer loop
      vertex 73 23 0
      vertex 73.9754 23.0961 0
      vertex 73.6526 23.0428 0
    endloop
  endfacet
  facet normal 0 0 -1
    outer loop
      vertex 76.2967 43.7592 0
      vertex 73 45 0
      vertex 76.0438 43.9668 0
    endloop
  endfacet
  facet normal 0 0 -1
    outer loop
      vertex 73 23 0
      vertex 73.6526 23.0428 0
      vertex 73.327 23.0107 0
    endloop
  endfacet
  facet normal 0 0 -1
    outer loop
      vertex 76.0438 43.9668 0
      vertex 73 45 0
      vertex 75.7778 44.1573 0
    endloop
  endfacet
  facet normal -0 0 -1
    outer loop
      vertex 78 28 0
      vertex 73 23 0
      vertex 65.4722 33.15 0
    endloop
  endfacet
  facet normal 0 0 -1
    outer loop
      vertex 75.7778 44.1573 0
      vertex 73 45 0
      vertex 75.5 44.3301 0
    endloop
  endfacet
  facet normal 0 0 -1
    outer loop
      vertex 75.5 44.3301 0
      vertex 73 45 0
      vertex 75.2114 44.4844 0
    endloop
  endfacet
  facet normal 0 0 -1
    outer loop
      vertex 78 28 0
      vertex 65.6964 33.8888 0
      vertex 65.7 34 0
    endloop
  endfacet
  facet normal 0 0 -1
    outer loop
      vertex 78 28 0
      vertex 65.6855 33.7781 0
      vertex 65.6964 33.8888 0
    endloop
  endfacet
  facet normal 0 0 -1
    outer loop
      vertex 78 28 0
      vertex 65.6673 33.6683 0
      vertex 65.6855 33.7781 0
    endloop
  endfacet
  facet normal 0 0 -1
    outer loop
      vertex 78 28 0
      vertex 65.6421 33.56 0
      vertex 65.6673 33.6683 0
    endloop
  endfacet
  facet normal 0 0 -1
    outer loop
      vertex 78 28 0
      vertex 65.6098 33.4536 0
      vertex 65.6421 33.56 0
    endloop
  endfacet
  facet normal 0 0 -1
    outer loop
      vertex 78 28 0
      vertex 65.5706 33.3494 0
      vertex 65.6098 33.4536 0
    endloop
  endfacet
  facet normal 0 0 -1
    outer loop
      vertex 78 28 0
      vertex 65.5247 33.2481 0
      vertex 65.5706 33.3494 0
    endloop
  endfacet
  facet normal 0 0 -1
    outer loop
      vertex 78 28 0
      vertex 65.4722 33.15 0
      vertex 65.5247 33.2481 0
    endloop
  endfacet
  facet normal 0 0 -1
    outer loop
      vertex 73 23 0
      vertex 65.4135 33.0555 0
      vertex 65.4722 33.15 0
    endloop
  endfacet
  facet normal 0 0 -1
    outer loop
      vertex 73 23 0
      vertex 65.3487 32.9651 0
      vertex 65.4135 33.0555 0
    endloop
  endfacet
  facet normal 0 0 -1
    outer loop
      vertex 73 23 0
      vertex 65.2781 32.8791 0
      vertex 65.3487 32.9651 0
    endloop
  endfacet
  facet normal 0 0 -1
    outer loop
      vertex 73 23 0
      vertex 65.2021 32.7979 0
      vertex 65.2781 32.8791 0
    endloop
  endfacet
  facet normal 0 0 -1
    outer loop
      vertex 73 23 0
      vertex 65.1209 32.7219 0
      vertex 65.2021 32.7979 0
    endloop
  endfacet
  facet normal 0 0 -1
    outer loop
      vertex 73 23 0
      vertex 65.0349 32.6513 0
      vertex 65.1209 32.7219 0
    endloop
  endfacet
  facet normal 0 0 -1
    outer loop
      vertex 73 23 0
      vertex 64.9445 32.5865 0
      vertex 65.0349 32.6513 0
    endloop
  endfacet
  facet normal 0 0 -1
    outer loop
      vertex 73 23 0
      vertex 64.85 32.5278 0
      vertex 64.9445 32.5865 0
    endloop
  endfacet
  facet normal 0 0 -1
    outer loop
      vertex 73 23 0
      vertex 64.7519 32.4753 0
      vertex 64.85 32.5278 0
    endloop
  endfacet
  facet normal 0 0 -1
    outer loop
      vertex 73 23 0
      vertex 64.6506 32.4294 0
      vertex 64.7519 32.4753 0
    endloop
  endfacet
  facet normal 0 0 -1
    outer loop
      vertex 73 23 0
      vertex 64.5464 32.3902 0
      vertex 64.6506 32.4294 0
    endloop
  endfacet
  facet normal 0 0 -1
    outer loop
      vertex 73 23 0
      vertex 64.44 32.3579 0
      vertex 64.5464 32.3902 0
    endloop
  endfacet
  facet normal 0 0 -1
    outer loop
      vertex 73 23 0
      vertex 64.3316 32.3327 0
      vertex 64.44 32.3579 0
    endloop
  endfacet
  facet normal 0 0 -1
    outer loop
      vertex 73 23 0
      vertex 64.2219 32.3145 0
      vertex 64.3316 32.3327 0
    endloop
  endfacet
  facet normal 0 0 -1
    outer loop
      vertex 73 23 0
      vertex 64.1112 32.3036 0
      vertex 64.2219 32.3145 0
    endloop
  endfacet
  facet normal 0 0 -1
    outer loop
      vertex 73 23 0
      vertex 64 32.3 0
      vertex 64.1112 32.3036 0
    endloop
  endfacet
  facet normal 0 0 -1
    outer loop
      vertex 73 23 0
      vertex 63.8888 32.3036 0
      vertex 64 32.3 0
    endloop
  endfacet
  facet normal 0 0 -1
    outer loop
      vertex 73 23 0
      vertex 63.7781 32.3145 0
      vertex 63.8888 32.3036 0
    endloop
  endfacet
  facet normal 0 0 -1
    outer loop
      vertex 73 23 0
      vertex 63.6683 32.3327 0
      vertex 63.7781 32.3145 0
    endloop
  endfacet
  facet normal 0 0 -1
    outer loop
      vertex 73 23 0
      vertex 63.56 32.3579 0
      vertex 63.6683 32.3327 0
    endloop
  endfacet
  facet normal 0 0 -1
    outer loop
      vertex 73 23 0
      vertex 63.4536 32.3902 0
      vertex 63.56 32.3579 0
    endloop
  endfacet
  facet normal 0 0 -1
    outer loop
      vertex 73 23 0
      vertex 63.3494 32.4294 0
      vertex 63.4536 32.3902 0
    endloop
  endfacet
  facet normal 0 0 -1
    outer loop
      vertex 73 23 0
      vertex 63.2481 32.4753 0
      vertex 63.3494 32.4294 0
    endloop
  endfacet
  facet normal 0 0 -1
    outer loop
      vertex 73 23 0
      vertex 63.15 32.5278 0
      vertex 63.2481 32.4753 0
    endloop
  endfacet
  facet normal 0 0 -1
    outer loop
      vertex 73 23 0
      vertex 63.0555 32.5865 0
      vertex 63.15 32.5278 0
    endloop
  endfacet
  facet normal 0 0 -1
    outer loop
      vertex 14 23 0
      vertex 63.0555 32.5865 0
      vertex 73 23 0
    endloop
  endfacet
  facet normal -0 0 -1
    outer loop
      vertex 63.0555 32.5865 0
      vertex 14 23 0
      vertex 62.9651 32.6513 0
    endloop
  endfacet
  facet normal -0 0 -1
    outer loop
      vertex 62.9651 32.6513 0
      vertex 14 23 0
      vertex 62.8791 32.7219 0
    endloop
  endfacet
  facet normal -0 0 -1
    outer loop
      vertex 62.3036 33.8888 0
      vertex 14 23 0
      vertex 62.3 34 0
    endloop
  endfacet
  facet normal -0 0 -1
    outer loop
      vertex 62.3145 33.7781 0
      vertex 14 23 0
      vertex 62.3036 33.8888 0
    endloop
  endfacet
  facet normal -0 0 -1
    outer loop
      vertex 62.3327 33.6683 0
      vertex 14 23 0
      vertex 62.3145 33.7781 0
    endloop
  endfacet
  facet normal -0 0 -1
    outer loop
      vertex 62.3579 33.56 0
      vertex 14 23 0
      vertex 62.3327 33.6683 0
    endloop
  endfacet
  facet normal -0 0 -1
    outer loop
      vertex 62.3902 33.4536 0
      vertex 14 23 0
      vertex 62.3579 33.56 0
    endloop
  endfacet
  facet normal -0 0 -1
    outer loop
      vertex 62.4294 33.3494 0
      vertex 14 23 0
      vertex 62.3902 33.4536 0
    endloop
  endfacet
  facet normal -0 0 -1
    outer loop
      vertex 62.4753 33.2481 0
      vertex 14 23 0
      vertex 62.4294 33.3494 0
    endloop
  endfacet
  facet normal -0 0 -1
    outer loop
      vertex 62.5278 33.15 0
      vertex 14 23 0
      vertex 62.4753 33.2481 0
    endloop
  endfacet
  facet normal -0 0 -1
    outer loop
      vertex 62.5865 33.0555 0
      vertex 14 23 0
      vertex 62.5278 33.15 0
    endloop
  endfacet
  facet normal -0 0 -1
    outer loop
      vertex 62.6513 32.9651 0
      vertex 14 23 0
      vertex 62.5865 33.0555 0
    endloop
  endfacet
  facet normal -0 0 -1
    outer loop
      vertex 62.7219 32.8791 0
      vertex 14 23 0
      vertex 62.6513 32.9651 0
    endloop
  endfacet
  facet normal -0 0 -1
    outer loop
      vertex 62.7979 32.7979 0
      vertex 14 23 0
      vertex 62.7219 32.8791 0
    endloop
  endfacet
  facet normal -0 0 -1
    outer loop
      vertex 62.8791 32.7219 0
      vertex 14 23 0
      vertex 62.7979 32.7979 0
    endloop
  endfacet
  facet normal 0 0 -1
    outer loop
      vertex 75.2114 44.4844 0
      vertex 73 45 0
      vertex 74.9134 44.6194 0
    endloop
  endfacet
  facet normal 0 0 -1
    outer loop
      vertex 74.9134 44.6194 0
      vertex 73 45 0
      vertex 74.6072 44.7346 0
    endloop
  endfacet
  facet normal 0 0 -1
    outer loop
      vertex 74.2941 44.8296 0
      vertex 73 45 0
      vertex 73.9754 44.9039 0
    endloop
  endfacet
  facet normal 0 0 -1
    outer loop
      vertex 73.9754 44.9039 0
      vertex 73 45 0
      vertex 73.6526 44.9572 0
    endloop
  endfacet
  facet normal 0 0 -1
    outer loop
      vertex 73.6526 44.9572 0
      vertex 73 45 0
      vertex 73.327 44.9893 0
    endloop
  endfacet
  facet normal 0 0 -1
    outer loop
      vertex 74.6072 44.7346 0
      vertex 73 45 0
      vertex 74.2941 44.8296 0
    endloop
  endfacet
  facet normal 0 0 -1
    outer loop
      vertex 76.7592 43.2967 0
      vertex 73 45 0
      vertex 76.5355 43.5355 0
    endloop
  endfacet
  facet normal 0 0 -1
    outer loop
      vertex 77.9039 40.9755 0
      vertex 73 45 0
      vertex 77.8296 41.2941 0
    endloop
  endfacet
  facet normal 0 0 -1
    outer loop
      vertex 65.4135 34.9445 0
      vertex 73 45 0
      vertex 65.4722 34.85 0
    endloop
  endfacet
  facet normal 0 0 -1
    outer loop
      vertex 65.3487 35.0349 0
      vertex 73 45 0
      vertex 65.4135 34.9445 0
    endloop
  endfacet
  facet normal 0 0 -1
    outer loop
      vertex 65.2781 35.1209 0
      vertex 73 45 0
      vertex 65.3487 35.0349 0
    endloop
  endfacet
  facet normal 0 0 -1
    outer loop
      vertex 65.2021 35.2021 0
      vertex 73 45 0
      vertex 65.2781 35.1209 0
    endloop
  endfacet
  facet normal 0 0 -1
    outer loop
      vertex 65.1209 35.2781 0
      vertex 73 45 0
      vertex 65.2021 35.2021 0
    endloop
  endfacet
  facet normal 0 0 -1
    outer loop
      vertex 65.0349 35.3487 0
      vertex 73 45 0
      vertex 65.1209 35.2781 0
    endloop
  endfacet
  facet normal 0 0 -1
    outer loop
      vertex 64.9445 35.4135 0
      vertex 73 45 0
      vertex 65.0349 35.3487 0
    endloop
  endfacet
  facet normal 0 0 -1
    outer loop
      vertex 64.85 35.4722 0
      vertex 73 45 0
      vertex 64.9445 35.4135 0
    endloop
  endfacet
  facet normal 0 0 -1
    outer loop
      vertex 64.7519 35.5247 0
      vertex 73 45 0
      vertex 64.85 35.4722 0
    endloop
  endfacet
  facet normal 0 0 -1
    outer loop
      vertex 64.6506 35.5706 0
      vertex 73 45 0
      vertex 64.7519 35.5247 0
    endloop
  endfacet
  facet normal 0 0 -1
    outer loop
      vertex 64.5464 35.6098 0
      vertex 73 45 0
      vertex 64.6506 35.5706 0
    endloop
  endfacet
  facet normal 0 0 -1
    outer loop
      vertex 64.44 35.6421 0
      vertex 73 45 0
      vertex 64.5464 35.6098 0
    endloop
  endfacet
  facet normal 0 0 -1
    outer loop
      vertex 64.3316 35.6673 0
      vertex 73 45 0
      vertex 64.44 35.6421 0
    endloop
  endfacet
  facet normal 0 0 -1
    outer loop
      vertex 64.2219 35.6855 0
      vertex 73 45 0
      vertex 64.3316 35.6673 0
    endloop
  endfacet
  facet normal 0 0 -1
    outer loop
      vertex 64.1112 35.6964 0
      vertex 73 45 0
      vertex 64.2219 35.6855 0
    endloop
  endfacet
  facet normal 0 0 -1
    outer loop
      vertex 64 35.7 0
      vertex 73 45 0
      vertex 64.1112 35.6964 0
    endloop
  endfacet
  facet normal 0 0 -1
    outer loop
      vertex 63.8888 35.6964 0
      vertex 73 45 0
      vertex 64 35.7 0
    endloop
  endfacet
  facet normal 0 0 -1
    outer loop
      vertex 63.7781 35.6855 0
      vertex 73 45 0
      vertex 63.8888 35.6964 0
    endloop
  endfacet
  facet normal 0 0 -1
    outer loop
      vertex 63.6683 35.6673 0
      vertex 73 45 0
      vertex 63.7781 35.6855 0
    endloop
  endfacet
  facet normal 0 0 -1
    outer loop
      vertex 63.56 35.6421 0
      vertex 73 45 0
      vertex 63.6683 35.6673 0
    endloop
  endfacet
  facet normal 0 0 -1
    outer loop
      vertex 63.4536 35.6098 0
      vertex 73 45 0
      vertex 63.56 35.6421 0
    endloop
  endfacet
  facet normal 0 0 -1
    outer loop
      vertex 63.3494 35.5706 0
      vertex 73 45 0
      vertex 63.4536 35.6098 0
    endloop
  endfacet
  facet normal 0 0 -1
    outer loop
      vertex 63.2481 35.5247 0
      vertex 73 45 0
      vertex 63.3494 35.5706 0
    endloop
  endfacet
  facet normal 0 0 -1
    outer loop
      vertex 63.15 35.4722 0
      vertex 73 45 0
      vertex 63.2481 35.5247 0
    endloop
  endfacet
  facet normal 0 0 -1
    outer loop
      vertex 63.0555 35.4135 0
      vertex 73 45 0
      vertex 63.15 35.4722 0
    endloop
  endfacet
  facet normal 0 0 -1
    outer loop
      vertex 14 45 0
      vertex 63.0555 35.4135 0
      vertex 62.9651 35.3487 0
    endloop
  endfacet
  facet normal 0 0 -1
    outer loop
      vertex 14 45 0
      vertex 62.9651 35.3487 0
      vertex 62.8791 35.2781 0
    endloop
  endfacet
  facet normal 0 0 -1
    outer loop
      vertex 14 45 0
      vertex 62.8791 35.2781 0
      vertex 62.7979 35.2021 0
    endloop
  endfacet
  facet normal 0 0 -1
    outer loop
      vertex 14 45 0
      vertex 62.3 34 0
      vertex 14 23 0
    endloop
  endfacet
  facet normal 0 0 -1
    outer loop
      vertex 62.3 34 0
      vertex 14 45 0
      vertex 62.3036 34.1112 0
    endloop
  endfacet
  facet normal 0 0 -1
    outer loop
      vertex 62.3036 34.1112 0
      vertex 14 45 0
      vertex 62.3145 34.2219 0
    endloop
  endfacet
  facet normal 0 0 -1
    outer loop
      vertex 62.3145 34.2219 0
      vertex 14 45 0
      vertex 62.3327 34.3317 0
    endloop
  endfacet
  facet normal 0 0 -1
    outer loop
      vertex 62.3327 34.3317 0
      vertex 14 45 0
      vertex 62.3579 34.44 0
    endloop
  endfacet
  facet normal 0 0 -1
    outer loop
      vertex 62.3579 34.44 0
      vertex 14 45 0
      vertex 62.3902 34.5464 0
    endloop
  endfacet
  facet normal 0 0 -1
    outer loop
      vertex 62.3902 34.5464 0
      vertex 14 45 0
      vertex 62.4294 34.6506 0
    endloop
  endfacet
  facet normal 0 0 -1
    outer loop
      vertex 62.4294 34.6506 0
      vertex 14 45 0
      vertex 62.4753 34.7519 0
    endloop
  endfacet
  facet normal 0 0 -1
    outer loop
      vertex 62.4753 34.7519 0
      vertex 14 45 0
      vertex 62.5278 34.85 0
    endloop
  endfacet
  facet normal 0 0 -1
    outer loop
      vertex 62.5278 34.85 0
      vertex 14 45 0
      vertex 62.5865 34.9445 0
    endloop
  endfacet
  facet normal 0 0 -1
    outer loop
      vertex 62.5865 34.9445 0
      vertex 14 45 0
      vertex 62.6513 35.0349 0
    endloop
  endfacet
  facet normal 0 0 -1
    outer loop
      vertex 62.6513 35.0349 0
      vertex 14 45 0
      vertex 62.7219 35.1209 0
    endloop
  endfacet
  facet normal 0 0 -1
    outer loop
      vertex 62.7219 35.1209 0
      vertex 14 45 0
      vertex 62.7979 35.2021 0
    endloop
  endfacet
  facet normal 0 0 -1
    outer loop
      vertex 63.0555 35.4135 0
      vertex 14 45 0
      vertex 73 45 0
    endloop
  endfacet
  facet normal 0 0 -1
    outer loop
      vertex 73 175 0
      vertex 78 180 0
      vertex 77.9893 179.673 0
    endloop
  endfacet
  facet normal 0 0 -1
    outer loop
      vertex 78 180 0
      vertex 65.7 186 0
      vertex 78 192 0
    endloop
  endfacet
  facet normal 0 0 -1
    outer loop
      vertex 73 175 0
      vertex 77.9893 179.673 0
      vertex 77.9572 179.347 0
    endloop
  endfacet
  facet normal 0 0 -1
    outer loop
      vertex 65.6964 186.111 0
      vertex 78 192 0
      vertex 65.7 186 0
    endloop
  endfacet
  facet normal 0 0 -1
    outer loop
      vertex 73 175 0
      vertex 77.9572 179.347 0
      vertex 77.9039 179.025 0
    endloop
  endfacet
  facet normal 0 0 -1
    outer loop
      vertex 65.6855 186.222 0
      vertex 78 192 0
      vertex 65.6964 186.111 0
    endloop
  endfacet
  facet normal 0 0 -1
    outer loop
      vertex 73 175 0
      vertex 77.9039 179.025 0
      vertex 77.8296 178.706 0
    endloop
  endfacet
  facet normal 0 0 -1
    outer loop
      vertex 65.6673 186.332 0
      vertex 78 192 0
      vertex 65.6855 186.222 0
    endloop
  endfacet
  facet normal 0 0 -1
    outer loop
      vertex 73 175 0
      vertex 77.8296 178.706 0
      vertex 77.7346 178.393 0
    endloop
  endfacet
  facet normal 0 0 -1
    outer loop
      vertex 65.6421 186.44 0
      vertex 78 192 0
      vertex 65.6673 186.332 0
    endloop
  endfacet
  facet normal 0 0 -1
    outer loop
      vertex 73 175 0
      vertex 77.7346 178.393 0
      vertex 77.6194 178.087 0
    endloop
  endfacet
  facet normal 0 0 -1
    outer loop
      vertex 65.6098 186.546 0
      vertex 78 192 0
      vertex 65.6421 186.44 0
    endloop
  endfacet
  facet normal 0 0 -1
    outer loop
      vertex 73 175 0
      vertex 77.6194 178.087 0
      vertex 77.4844 177.789 0
    endloop
  endfacet
  facet normal 0 0 -1
    outer loop
      vertex 65.5706 186.651 0
      vertex 78 192 0
      vertex 65.6098 186.546 0
    endloop
  endfacet
  facet normal 0 0 -1
    outer loop
      vertex 73 175 0
      vertex 77.4844 177.789 0
      vertex 77.3301 177.5 0
    endloop
  endfacet
  facet normal 0 0 -1
    outer loop
      vertex 65.5247 186.752 0
      vertex 78 192 0
      vertex 65.5706 186.651 0
    endloop
  endfacet
  facet normal 0 0 -1
    outer loop
      vertex 73 175 0
      vertex 77.3301 177.5 0
      vertex 77.1573 177.222 0
    endloop
  endfacet
  facet normal 0 0 -1
    outer loop
      vertex 65.4722 186.85 0
      vertex 78 192 0
      vertex 65.5247 186.752 0
    endloop
  endfacet
  facet normal 0 0 -1
    outer loop
      vertex 73 175 0
      vertex 77.1573 177.222 0
      vertex 76.9668 176.956 0
    endloop
  endfacet
  facet normal 0 -0 -1
    outer loop
      vertex 73 197 0
      vertex 78 192 0
      vertex 65.4722 186.85 0
    endloop
  endfacet
  facet normal 0 0 -1
    outer loop
      vertex 73 175 0
      vertex 76.9668 176.956 0
      vertex 76.7592 176.703 0
    endloop
  endfacet
  facet normal 0 0 -1
    outer loop
      vertex 78 192 0
      vertex 73 197 0
      vertex 77.9893 192.327 0
    endloop
  endfacet
  facet normal 0 0 -1
    outer loop
      vertex 73 175 0
      vertex 76.7592 176.703 0
      vertex 76.5355 176.464 0
    endloop
  endfacet
  facet normal 0 0 -1
    outer loop
      vertex 77.9893 192.327 0
      vertex 73 197 0
      vertex 77.9572 192.653 0
    endloop
  endfacet
  facet normal 0 0 -1
    outer loop
      vertex 73 175 0
      vertex 76.5355 176.464 0
      vertex 76.2967 176.241 0
    endloop
  endfacet
  facet normal 0 0 -1
    outer loop
      vertex 77.9572 192.653 0
      vertex 73 197 0
      vertex 77.9039 192.975 0
    endloop
  endfacet
  facet normal 0 0 -1
    outer loop
      vertex 73 175 0
      vertex 76.2967 176.241 0
      vertex 76.0438 176.033 0
    endloop
  endfacet
  facet normal 0 0 -1
    outer loop
      vertex 77.8296 193.294 0
      vertex 73 197 0
      vertex 77.7346 193.607 0
    endloop
  endfacet
  facet normal 0 0 -1
    outer loop
      vertex 73 175 0
      vertex 76.0438 176.033 0
      vertex 75.7778 175.843 0
    endloop
  endfacet
  facet normal 0 0 -1
    outer loop
      vertex 77.7346 193.607 0
      vertex 73 197 0
      vertex 77.6194 193.913 0
    endloop
  endfacet
  facet normal 0 0 -1
    outer loop
      vertex 73 175 0
      vertex 75.7778 175.843 0
      vertex 75.5 175.67 0
    endloop
  endfacet
  facet normal 0 0 -1
    outer loop
      vertex 77.6194 193.913 0
      vertex 73 197 0
      vertex 77.4844 194.211 0
    endloop
  endfacet
  facet normal 0 0 -1
    outer loop
      vertex 73 175 0
      vertex 75.5 175.67 0
      vertex 75.2114 175.516 0
    endloop
  endfacet
  facet normal 0 0 -1
    outer loop
      vertex 77.4844 194.211 0
      vertex 73 197 0
      vertex 77.3301 194.5 0
    endloop
  endfacet
  facet normal 0 0 -1
    outer loop
      vertex 73 175 0
      vertex 75.2114 175.516 0
      vertex 74.9134 175.381 0
    endloop
  endfacet
  facet normal 0 0 -1
    outer loop
      vertex 77.3301 194.5 0
      vertex 73 197 0
      vertex 77.1573 194.778 0
    endloop
  endfacet
  facet normal 0 0 -1
    outer loop
      vertex 73 175 0
      vertex 74.9134 175.381 0
      vertex 74.6072 175.265 0
    endloop
  endfacet
  facet normal 0 0 -1
    outer loop
      vertex 77.1573 194.778 0
      vertex 73 197 0
      vertex 76.9668 195.044 0
    endloop
  endfacet
  facet normal 0 0 -1
    outer loop
      vertex 73 175 0
      vertex 74.6072 175.265 0
      vertex 74.2941 175.17 0
    endloop
  endfacet
  facet normal 0 0 -1
    outer loop
      vertex 76.9668 195.044 0
      vertex 73 197 0
      vertex 76.7592 195.297 0
    endloop
  endfacet
  facet normal 0 0 -1
    outer loop
      vertex 73 175 0
      vertex 74.2941 175.17 0
      vertex 73.9754 175.096 0
    endloop
  endfacet
  facet normal 0 0 -1
    outer loop
      vertex 76.5355 195.536 0
      vertex 73 197 0
      vertex 76.2967 195.759 0
    endloop
  endfacet
  facet normal 0 0 -1
    outer loop
      vertex 73 175 0
      vertex 73.9754 175.096 0
      vertex 73.6526 175.043 0
    endloop
  endfacet
  facet normal 0 0 -1
    outer loop
      vertex 76.2967 195.759 0
      vertex 73 197 0
      vertex 76.0438 195.967 0
    endloop
  endfacet
  facet normal 0 0 -1
    outer loop
      vertex 73 175 0
      vertex 73.6526 175.043 0
      vertex 73.327 175.011 0
    endloop
  endfacet
  facet normal 0 0 -1
    outer loop
      vertex 76.0438 195.967 0
      vertex 73 197 0
      vertex 75.7778 196.157 0
    endloop
  endfacet
  facet normal -0 0 -1
    outer loop
      vertex 78 180 0
      vertex 73 175 0
      vertex 65.4722 185.15 0
    endloop
  endfacet
  facet normal 0 0 -1
    outer loop
      vertex 75.7778 196.157 0
      vertex 73 197 0
      vertex 75.5 196.33 0
    endloop
  endfacet
  facet normal 0 0 -1
    outer loop
      vertex 75.5 196.33 0
      vertex 73 197 0
      vertex 75.2114 196.484 0
    endloop
  endfacet
  facet normal 0 0 -1
    outer loop
      vertex 78 180 0
      vertex 65.6964 185.889 0
      vertex 65.7 186 0
    endloop
  endfacet
  facet normal 0 0 -1
    outer loop
      vertex 78 180 0
      vertex 65.6855 185.778 0
      vertex 65.6964 185.889 0
    endloop
  endfacet
  facet normal 0 0 -1
    outer loop
      vertex 78 180 0
      vertex 65.6673 185.668 0
      vertex 65.6855 185.778 0
    endloop
  endfacet
  facet normal 0 0 -1
    outer loop
      vertex 78 180 0
      vertex 65.6421 185.56 0
      vertex 65.6673 185.668 0
    endloop
  endfacet
  facet normal 0 0 -1
    outer loop
      vertex 78 180 0
      vertex 65.6098 185.454 0
      vertex 65.6421 185.56 0
    endloop
  endfacet
  facet normal 0 0 -1
    outer loop
      vertex 78 180 0
      vertex 65.5706 185.349 0
      vertex 65.6098 185.454 0
    endloop
  endfacet
  facet normal 0 0 -1
    outer loop
      vertex 78 180 0
      vertex 65.5247 185.248 0
      vertex 65.5706 185.349 0
    endloop
  endfacet
  facet normal 0 0 -1
    outer loop
      vertex 78 180 0
      vertex 65.4722 185.15 0
      vertex 65.5247 185.248 0
    endloop
  endfacet
  facet normal 0 0 -1
    outer loop
      vertex 73 175 0
      vertex 65.4135 185.056 0
      vertex 65.4722 185.15 0
    endloop
  endfacet
  facet normal 0 0 -1
    outer loop
      vertex 73 175 0
      vertex 65.3487 184.965 0
      vertex 65.4135 185.056 0
    endloop
  endfacet
  facet normal 0 0 -1
    outer loop
      vertex 73 175 0
      vertex 65.2781 184.879 0
      vertex 65.3487 184.965 0
    endloop
  endfacet
  facet normal 0 0 -1
    outer loop
      vertex 73 175 0
      vertex 65.2021 184.798 0
      vertex 65.2781 184.879 0
    endloop
  endfacet
  facet normal 0 0 -1
    outer loop
      vertex 73 175 0
      vertex 65.1209 184.722 0
      vertex 65.2021 184.798 0
    endloop
  endfacet
  facet normal 0 0 -1
    outer loop
      vertex 73 175 0
      vertex 65.0349 184.651 0
      vertex 65.1209 184.722 0
    endloop
  endfacet
  facet normal 0 0 -1
    outer loop
      vertex 73 175 0
      vertex 64.9445 184.587 0
      vertex 65.0349 184.651 0
    endloop
  endfacet
  facet normal 0 0 -1
    outer loop
      vertex 73 175 0
      vertex 64.85 184.528 0
      vertex 64.9445 184.587 0
    endloop
  endfacet
  facet normal 0 0 -1
    outer loop
      vertex 73 175 0
      vertex 64.7519 184.475 0
      vertex 64.85 184.528 0
    endloop
  endfacet
  facet normal 0 0 -1
    outer loop
      vertex 73 175 0
      vertex 64.6506 184.429 0
      vertex 64.7519 184.475 0
    endloop
  endfacet
  facet normal 0 0 -1
    outer loop
      vertex 73 175 0
      vertex 64.5464 184.39 0
      vertex 64.6506 184.429 0
    endloop
  endfacet
  facet normal 0 0 -1
    outer loop
      vertex 73 175 0
      vertex 64.44 184.358 0
      vertex 64.5464 184.39 0
    endloop
  endfacet
  facet normal 0 0 -1
    outer loop
      vertex 73 175 0
      vertex 64.3316 184.333 0
      vertex 64.44 184.358 0
    endloop
  endfacet
  facet normal 0 0 -1
    outer loop
      vertex 73 175 0
      vertex 64.2219 184.315 0
      vertex 64.3316 184.333 0
    endloop
  endfacet
  facet normal 0 0 -1
    outer loop
      vertex 73 175 0
      vertex 64.1112 184.304 0
      vertex 64.2219 184.315 0
    endloop
  endfacet
  facet normal 0 0 -1
    outer loop
      vertex 73 175 0
      vertex 64 184.3 0
      vertex 64.1112 184.304 0
    endloop
  endfacet
  facet normal 0 0 -1
    outer loop
      vertex 73 175 0
      vertex 63.8888 184.304 0
      vertex 64 184.3 0
    endloop
  endfacet
  facet normal 0 0 -1
    outer loop
      vertex 73 175 0
      vertex 63.7781 184.315 0
      vertex 63.8888 184.304 0
    endloop
  endfacet
  facet normal 0 0 -1
    outer loop
      vertex 73 175 0
      vertex 63.6683 184.333 0
      vertex 63.7781 184.315 0
    endloop
  endfacet
  facet normal 0 0 -1
    outer loop
      vertex 73 175 0
      vertex 63.56 184.358 0
      vertex 63.6683 184.333 0
    endloop
  endfacet
  facet normal 0 0 -1
    outer loop
      vertex 73 175 0
      vertex 63.4536 184.39 0
      vertex 63.56 184.358 0
    endloop
  endfacet
  facet normal 0 0 -1
    outer loop
      vertex 73 175 0
      vertex 63.3494 184.429 0
      vertex 63.4536 184.39 0
    endloop
  endfacet
  facet normal 0 0 -1
    outer loop
      vertex 73 175 0
      vertex 63.2481 184.475 0
      vertex 63.3494 184.429 0
    endloop
  endfacet
  facet normal 0 0 -1
    outer loop
      vertex 73 175 0
      vertex 63.15 184.528 0
      vertex 63.2481 184.475 0
    endloop
  endfacet
  facet normal 0 0 -1
    outer loop
      vertex 73 175 0
      vertex 63.0555 184.587 0
      vertex 63.15 184.528 0
    endloop
  endfacet
  facet normal 0 0 -1
    outer loop
      vertex 14 175 0
      vertex 63.0555 184.587 0
      vertex 73 175 0
    endloop
  endfacet
  facet normal -0 0 -1
    outer loop
      vertex 63.0555 184.587 0
      vertex 14 175 0
      vertex 62.9651 184.651 0
    endloop
  endfacet
  facet normal -0 0 -1
    outer loop
      vertex 62.9651 184.651 0
      vertex 14 175 0
      vertex 62.8791 184.722 0
    endloop
  endfacet
  facet normal -0 0 -1
    outer loop
      vertex 62.3036 185.889 0
      vertex 14 175 0
      vertex 62.3 186 0
    endloop
  endfacet
  facet normal -0 0 -1
    outer loop
      vertex 62.3145 185.778 0
      vertex 14 175 0
      vertex 62.3036 185.889 0
    endloop
  endfacet
  facet normal -0 0 -1
    outer loop
      vertex 62.3327 185.668 0
      vertex 14 175 0
      vertex 62.3145 185.778 0
    endloop
  endfacet
  facet normal -0 0 -1
    outer loop
      vertex 62.3579 185.56 0
      vertex 14 175 0
      vertex 62.3327 185.668 0
    endloop
  endfacet
  facet normal -0 0 -1
    outer loop
      vertex 62.3902 185.454 0
      vertex 14 175 0
      vertex 62.3579 185.56 0
    endloop
  endfacet
  facet normal -0 0 -1
    outer loop
      vertex 62.4294 185.349 0
      vertex 14 175 0
      vertex 62.3902 185.454 0
    endloop
  endfacet
  facet normal -0 0 -1
    outer loop
      vertex 62.4753 185.248 0
      vertex 14 175 0
      vertex 62.4294 185.349 0
    endloop
  endfacet
  facet normal -0 0 -1
    outer loop
      vertex 62.5278 185.15 0
      vertex 14 175 0
      vertex 62.4753 185.248 0
    endloop
  endfacet
  facet normal -0 0 -1
    outer loop
      vertex 62.5865 185.056 0
      vertex 14 175 0
      vertex 62.5278 185.15 0
    endloop
  endfacet
  facet normal -0 0 -1
    outer loop
      vertex 62.6513 184.965 0
      vertex 14 175 0
      vertex 62.5865 185.056 0
    endloop
  endfacet
  facet normal -0 0 -1
    outer loop
      vertex 62.7219 184.879 0
      vertex 14 175 0
      vertex 62.6513 184.965 0
    endloop
  endfacet
  facet normal -0 0 -1
    outer loop
      vertex 62.7979 184.798 0
      vertex 14 175 0
      vertex 62.7219 184.879 0
    endloop
  endfacet
  facet normal -0 0 -1
    outer loop
      vertex 62.8791 184.722 0
      vertex 14 175 0
      vertex 62.7979 184.798 0
    endloop
  endfacet
  facet normal 0 0 -1
    outer loop
      vertex 75.2114 196.484 0
      vertex 73 197 0
      vertex 74.9134 196.619 0
    endloop
  endfacet
  facet normal 0 0 -1
    outer loop
      vertex 74.9134 196.619 0
      vertex 73 197 0
      vertex 74.6072 196.735 0
    endloop
  endfacet
  facet normal 0 0 -1
    outer loop
      vertex 74.2941 196.83 0
      vertex 73 197 0
      vertex 73.9754 196.904 0
    endloop
  endfacet
  facet normal 0 0 -1
    outer loop
      vertex 73.9754 196.904 0
      vertex 73 197 0
      vertex 73.6526 196.957 0
    endloop
  endfacet
  facet normal 0 0 -1
    outer loop
      vertex 73.6526 196.957 0
      vertex 73 197 0
      vertex 73.327 196.989 0
    endloop
  endfacet
  facet normal 0 0 -1
    outer loop
      vertex 74.6072 196.735 0
      vertex 73 197 0
      vertex 74.2941 196.83 0
    endloop
  endfacet
  facet normal 0 0 -1
    outer loop
      vertex 76.7592 195.297 0
      vertex 73 197 0
      vertex 76.5355 195.536 0
    endloop
  endfacet
  facet normal 0 0 -1
    outer loop
      vertex 77.9039 192.975 0
      vertex 73 197 0
      vertex 77.8296 193.294 0
    endloop
  endfacet
  facet normal 0 0 -1
    outer loop
      vertex 65.4135 186.944 0
      vertex 73 197 0
      vertex 65.4722 186.85 0
    endloop
  endfacet
  facet normal 0 0 -1
    outer loop
      vertex 65.3487 187.035 0
      vertex 73 197 0
      vertex 65.4135 186.944 0
    endloop
  endfacet
  facet normal 0 0 -1
    outer loop
      vertex 65.2781 187.121 0
      vertex 73 197 0
      vertex 65.3487 187.035 0
    endloop
  endfacet
  facet normal 0 0 -1
    outer loop
      vertex 65.2021 187.202 0
      vertex 73 197 0
      vertex 65.2781 187.121 0
    endloop
  endfacet
  facet normal 0 0 -1
    outer loop
      vertex 65.1209 187.278 0
      vertex 73 197 0
      vertex 65.2021 187.202 0
    endloop
  endfacet
  facet normal 0 0 -1
    outer loop
      vertex 65.0349 187.349 0
      vertex 73 197 0
      vertex 65.1209 187.278 0
    endloop
  endfacet
  facet normal 0 0 -1
    outer loop
      vertex 64.9445 187.413 0
      vertex 73 197 0
      vertex 65.0349 187.349 0
    endloop
  endfacet
  facet normal 0 0 -1
    outer loop
      vertex 64.85 187.472 0
      vertex 73 197 0
      vertex 64.9445 187.413 0
    endloop
  endfacet
  facet normal 0 0 -1
    outer loop
      vertex 64.7519 187.525 0
      vertex 73 197 0
      vertex 64.85 187.472 0
    endloop
  endfacet
  facet normal 0 0 -1
    outer loop
      vertex 64.6506 187.571 0
      vertex 73 197 0
      vertex 64.7519 187.525 0
    endloop
  endfacet
  facet normal 0 0 -1
    outer loop
      vertex 64.5464 187.61 0
      vertex 73 197 0
      vertex 64.6506 187.571 0
    endloop
  endfacet
  facet normal 0 0 -1
    outer loop
      vertex 64.44 187.642 0
      vertex 73 197 0
      vertex 64.5464 187.61 0
    endloop
  endfacet
  facet normal 0 0 -1
    outer loop
      vertex 64.3316 187.667 0
      vertex 73 197 0
      vertex 64.44 187.642 0
    endloop
  endfacet
  facet normal 0 0 -1
    outer loop
      vertex 64.2219 187.685 0
      vertex 73 197 0
      vertex 64.3316 187.667 0
    endloop
  endfacet
  facet normal 0 0 -1
    outer loop
      vertex 64.1112 187.696 0
      vertex 73 197 0
      vertex 64.2219 187.685 0
    endloop
  endfacet
  facet normal 0 0 -1
    outer loop
      vertex 64 187.7 0
      vertex 73 197 0
      vertex 64.1112 187.696 0
    endloop
  endfacet
  facet normal 0 0 -1
    outer loop
      vertex 63.8888 187.696 0
      vertex 73 197 0
      vertex 64 187.7 0
    endloop
  endfacet
  facet normal 0 0 -1
    outer loop
      vertex 63.7781 187.685 0
      vertex 73 197 0
      vertex 63.8888 187.696 0
    endloop
  endfacet
  facet normal 0 0 -1
    outer loop
      vertex 63.6683 187.667 0
      vertex 73 197 0
      vertex 63.7781 187.685 0
    endloop
  endfacet
  facet normal 0 0 -1
    outer loop
      vertex 63.56 187.642 0
      vertex 73 197 0
      vertex 63.6683 187.667 0
    endloop
  endfacet
  facet normal 0 0 -1
    outer loop
      vertex 63.4536 187.61 0
      vertex 73 197 0
      vertex 63.56 187.642 0
    endloop
  endfacet
  facet normal 0 0 -1
    outer loop
      vertex 63.3494 187.571 0
      vertex 73 197 0
      vertex 63.4536 187.61 0
    endloop
  endfacet
  facet normal 0 0 -1
    outer loop
      vertex 63.2481 187.525 0
      vertex 73 197 0
      vertex 63.3494 187.571 0
    endloop
  endfacet
  facet normal 0 0 -1
    outer loop
      vertex 63.15 187.472 0
      vertex 73 197 0
      vertex 63.2481 187.525 0
    endloop
  endfacet
  facet normal 0 0 -1
    outer loop
      vertex 63.0555 187.413 0
      vertex 73 197 0
      vertex 63.15 187.472 0
    endloop
  endfacet
  facet normal 0 0 -1
    outer loop
      vertex 14 197 0
      vertex 63.0555 187.413 0
      vertex 62.9651 187.349 0
    endloop
  endfacet
  facet normal 0 0 -1
    outer loop
      vertex 14 197 0
      vertex 62.9651 187.349 0
      vertex 62.8791 187.278 0
    endloop
  endfacet
  facet normal 0 0 -1
    outer loop
      vertex 14 197 0
      vertex 62.8791 187.278 0
      vertex 62.7979 187.202 0
    endloop
  endfacet
  facet normal 0 0 -1
    outer loop
      vertex 14 197 0
      vertex 62.3 186 0
      vertex 14 175 0
    endloop
  endfacet
  facet normal 0 0 -1
    outer loop
      vertex 62.3 186 0
      vertex 14 197 0
      vertex 62.3036 186.111 0
    endloop
  endfacet
  facet normal 0 0 -1
    outer loop
      vertex 62.3036 186.111 0
      vertex 14 197 0
      vertex 62.3145 186.222 0
    endloop
  endfacet
  facet normal 0 0 -1
    outer loop
      vertex 62.3145 186.222 0
      vertex 14 197 0
      vertex 62.3327 186.332 0
    endloop
  endfacet
  facet normal 0 0 -1
    outer loop
      vertex 62.3327 186.332 0
      vertex 14 197 0
      vertex 62.3579 186.44 0
    endloop
  endfacet
  facet normal 0 0 -1
    outer loop
      vertex 62.3579 186.44 0
      vertex 14 197 0
      vertex 62.3902 186.546 0
    endloop
  endfacet
  facet normal 0 0 -1
    outer loop
      vertex 62.3902 186.546 0
      vertex 14 197 0
      vertex 62.4294 186.651 0
    endloop
  endfacet
  facet normal 0 0 -1
    outer loop
      vertex 62.4294 186.651 0
      vertex 14 197 0
      vertex 62.4753 186.752 0
    endloop
  endfacet
  facet normal 0 0 -1
    outer loop
      vertex 62.4753 186.752 0
      vertex 14 197 0
      vertex 62.5278 186.85 0
    endloop
  endfacet
  facet normal 0 0 -1
    outer loop
      vertex 62.5278 186.85 0
      vertex 14 197 0
      vertex 62.5865 186.944 0
    endloop
  endfacet
  facet normal 0 0 -1
    outer loop
      vertex 62.5865 186.944 0
      vertex 14 197 0
      vertex 62.6513 187.035 0
    endloop
  endfacet
  facet normal 0 0 -1
    outer loop
      vertex 62.6513 187.035 0
      vertex 14 197 0
      vertex 62.7219 187.121 0
    endloop
  endfacet
  facet normal 0 0 -1
    outer loop
      vertex 62.7219 187.121 0
      vertex 14 197 0
      vertex 62.7979 187.202 0
    endloop
  endfacet
  facet normal 0 0 -1
    outer loop
      vertex 63.0555 187.413 0
      vertex 14 197 0
      vertex 73 197 0
    endloop
  endfacet
  facet normal 0.956922 0.290347 -4.21074e-20
    outer loop
      vertex 77.8296 41.2941 21
      vertex 77.7346 41.6072 0
      vertex 77.7346 41.6072 21
    endloop
  endfacet
  facet normal 0.956922 0.290347 -4.21074e-20
    outer loop
      vertex 77.7346 41.6072 0
      vertex 77.8296 41.2941 21
      vertex 77.8296 41.2941 0
    endloop
  endfacet
  facet normal 0.58225 -0.81301 0
    outer loop
      vertex 75.7778 23.8427 0
      vertex 76.0438 24.0332 21
      vertex 75.7778 23.8427 21
    endloop
  endfacet
  facet normal 0.58225 -0.81301 0
    outer loop
      vertex 76.0438 24.0332 21
      vertex 75.7778 23.8427 0
      vertex 76.0438 24.0332 0
    endloop
  endfacet
  facet normal 0.910889 0.412651 4.14664e-19
    outer loop
      vertex 77.6194 41.9134 21
      vertex 77.4844 42.2114 0
      vertex 77.4844 42.2114 21
    endloop
  endfacet
  facet normal 0.910889 0.412651 4.14664e-19
    outer loop
      vertex 77.4844 42.2114 0
      vertex 77.6194 41.9134 21
      vertex 77.6194 41.9134 0
    endloop
  endfacet
  facet normal 0.995175 -0.0981116 1.05691e-20
    outer loop
      vertex 77.9572 27.3474 21
      vertex 77.9893 27.673 0
      vertex 77.9893 27.673 21
    endloop
  endfacet
  facet normal 0.995175 -0.0981116 1.05691e-20
    outer loop
      vertex 77.9893 27.673 0
      vertex 77.9572 27.3474 21
      vertex 77.9572 27.3474 0
    endloop
  endfacet
  facet normal 0.227046 0.973884 -0
    outer loop
      vertex 74.2941 44.8296 0
      vertex 73.9754 44.9039 21
      vertex 74.2941 44.8296 21
    endloop
  endfacet
  facet normal 0.227046 0.973884 0
    outer loop
      vertex 73.9754 44.9039 21
      vertex 74.2941 44.8296 0
      vertex 73.9754 44.9039 0
    endloop
  endfacet
  facet normal 0.812906 0.582394 -3.92456e-19
    outer loop
      vertex 77.1573 42.7779 21
      vertex 76.9668 43.0438 0
      vertex 76.9668 43.0438 21
    endloop
  endfacet
  facet normal 0.812906 0.582394 -3.92456e-19
    outer loop
      vertex 76.9668 43.0438 0
      vertex 77.1573 42.7779 21
      vertex 77.1573 42.7779 0
    endloop
  endfacet
  facet normal 0.352128 0.935952 -0
    outer loop
      vertex 74.9134 44.6194 0
      vertex 74.6072 44.7346 21
      vertex 74.9134 44.6194 21
    endloop
  endfacet
  facet normal 0.352128 0.935952 0
    outer loop
      vertex 74.6072 44.7346 21
      vertex 74.9134 44.6194 0
      vertex 74.6072 44.7346 0
    endloop
  endfacet
  facet normal 0.683656 0.729804 -0
    outer loop
      vertex 76.5355 43.5355 0
      vertex 76.2967 43.7592 21
      vertex 76.5355 43.5355 21
    endloop
  endfacet
  facet normal 0.683656 0.729804 0
    outer loop
      vertex 76.2967 43.7592 21
      vertex 76.5355 43.5355 0
      vertex 76.2967 43.7592 0
    endloop
  endfacet
  facet normal 0.849215 -0.528047 1.26804e-19
    outer loop
      vertex 77.1573 25.2221 21
      vertex 77.3301 25.5 0
      vertex 77.3301 25.5 21
    endloop
  endfacet
  facet normal 0.849215 -0.528047 1.26804e-19
    outer loop
      vertex 77.3301 25.5 0
      vertex 77.1573 25.2221 21
      vertex 77.1573 25.2221 0
    endloop
  endfacet
  facet normal 0 0 1
    outer loop
      vertex 73 45 21
      vertex 78 40 21
      vertex 77.9893 40.327 21
    endloop
  endfacet
  facet normal 0 0 1
    outer loop
      vertex 78 40 21
      vertex 65.7 34 21
      vertex 78 28 21
    endloop
  endfacet
  facet normal 0 0 1
    outer loop
      vertex 73 45 21
      vertex 77.9893 40.327 21
      vertex 77.9572 40.6526 21
    endloop
  endfacet
  facet normal -0 0 1
    outer loop
      vertex 65.6964 33.8888 21
      vertex 78 28 21
      vertex 65.7 34 21
    endloop
  endfacet
  facet normal 0 0 1
    outer loop
      vertex 73 45 21
      vertex 77.9572 40.6526 21
      vertex 77.9039 40.9755 21
    endloop
  endfacet
  facet normal -0 0 1
    outer loop
      vertex 65.6855 33.7781 21
      vertex 78 28 21
      vertex 65.6964 33.8888 21
    endloop
  endfacet
  facet normal 0 0 1
    outer loop
      vertex 73 45 21
      vertex 77.9039 40.9755 21
      vertex 77.8296 41.2941 21
    endloop
  endfacet
  facet normal -0 0 1
    outer loop
      vertex 65.6673 33.6683 21
      vertex 78 28 21
      vertex 65.6855 33.7781 21
    endloop
  endfacet
  facet normal 0 0 1
    outer loop
      vertex 73 45 21
      vertex 77.8296 41.2941 21
      vertex 77.7346 41.6072 21
    endloop
  endfacet
  facet normal -0 0 1
    outer loop
      vertex 65.6421 33.56 21
      vertex 78 28 21
      vertex 65.6673 33.6683 21
    endloop
  endfacet
  facet normal 0 0 1
    outer loop
      vertex 73 45 21
      vertex 77.7346 41.6072 21
      vertex 77.6194 41.9134 21
    endloop
  endfacet
  facet normal -0 0 1
    outer loop
      vertex 65.6098 33.4536 21
      vertex 78 28 21
      vertex 65.6421 33.56 21
    endloop
  endfacet
  facet normal 0 0 1
    outer loop
      vertex 73 45 21
      vertex 77.6194 41.9134 21
      vertex 77.4844 42.2114 21
    endloop
  endfacet
  facet normal -0 0 1
    outer loop
      vertex 65.5706 33.3494 21
      vertex 78 28 21
      vertex 65.6098 33.4536 21
    endloop
  endfacet
  facet normal 0 0 1
    outer loop
      vertex 73 45 21
      vertex 77.4844 42.2114 21
      vertex 77.3301 42.5 21
    endloop
  endfacet
  facet normal -0 0 1
    outer loop
      vertex 65.5247 33.2481 21
      vertex 78 28 21
      vertex 65.5706 33.3494 21
    endloop
  endfacet
  facet normal 0 0 1
    outer loop
      vertex 73 45 21
      vertex 77.3301 42.5 21
      vertex 77.1573 42.7779 21
    endloop
  endfacet
  facet normal -0 0 1
    outer loop
      vertex 65.4722 33.15 21
      vertex 78 28 21
      vertex 65.5247 33.2481 21
    endloop
  endfacet
  facet normal 0 0 1
    outer loop
      vertex 73 45 21
      vertex 77.1573 42.7779 21
      vertex 76.9668 43.0438 21
    endloop
  endfacet
  facet normal 0 -0 1
    outer loop
      vertex 73 23 21
      vertex 78 28 21
      vertex 65.4722 33.15 21
    endloop
  endfacet
  facet normal 0 0 1
    outer loop
      vertex 73 45 21
      vertex 76.9668 43.0438 21
      vertex 76.7592 43.2967 21
    endloop
  endfacet
  facet normal 0 0 1
    outer loop
      vertex 78 28 21
      vertex 73 23 21
      vertex 77.9893 27.673 21
    endloop
  endfacet
  facet normal 0 0 1
    outer loop
      vertex 73 45 21
      vertex 76.7592 43.2967 21
      vertex 76.5355 43.5355 21
    endloop
  endfacet
  facet normal 0 0 1
    outer loop
      vertex 77.9893 27.673 21
      vertex 73 23 21
      vertex 77.9572 27.3474 21
    endloop
  endfacet
  facet normal 0 0 1
    outer loop
      vertex 73 45 21
      vertex 76.5355 43.5355 21
      vertex 76.2967 43.7592 21
    endloop
  endfacet
  facet normal 0 0 1
    outer loop
      vertex 77.9572 27.3474 21
      vertex 73 23 21
      vertex 77.9039 27.0245 21
    endloop
  endfacet
  facet normal 0 0 1
    outer loop
      vertex 73 45 21
      vertex 76.2967 43.7592 21
      vertex 76.0438 43.9668 21
    endloop
  endfacet
  facet normal 0 0 1
    outer loop
      vertex 77.8296 26.7059 21
      vertex 73 23 21
      vertex 77.7346 26.3928 21
    endloop
  endfacet
  facet normal 0 0 1
    outer loop
      vertex 73 45 21
      vertex 76.0438 43.9668 21
      vertex 75.7778 44.1573 21
    endloop
  endfacet
  facet normal 0 0 1
    outer loop
      vertex 77.7346 26.3928 21
      vertex 73 23 21
      vertex 77.6194 26.0866 21
    endloop
  endfacet
  facet normal 0 0 1
    outer loop
      vertex 73 45 21
      vertex 75.7778 44.1573 21
      vertex 75.5 44.3301 21
    endloop
  endfacet
  facet normal 0 0 1
    outer loop
      vertex 77.6194 26.0866 21
      vertex 73 23 21
      vertex 77.4844 25.7886 21
    endloop
  endfacet
  facet normal 0 0 1
    outer loop
      vertex 73 45 21
      vertex 75.5 44.3301 21
      vertex 75.2114 44.4844 21
    endloop
  endfacet
  facet normal 0 0 1
    outer loop
      vertex 77.4844 25.7886 21
      vertex 73 23 21
      vertex 77.3301 25.5 21
    endloop
  endfacet
  facet normal 0 0 1
    outer loop
      vertex 73 45 21
      vertex 75.2114 44.4844 21
      vertex 74.9134 44.6194 21
    endloop
  endfacet
  facet normal 0 0 1
    outer loop
      vertex 77.3301 25.5 21
      vertex 73 23 21
      vertex 77.1573 25.2221 21
    endloop
  endfacet
  facet normal 0 0 1
    outer loop
      vertex 73 45 21
      vertex 74.9134 44.6194 21
      vertex 74.6072 44.7346 21
    endloop
  endfacet
  facet normal 0 0 1
    outer loop
      vertex 77.1573 25.2221 21
      vertex 73 23 21
      vertex 76.9668 24.9562 21
    endloop
  endfacet
  facet normal 0 0 1
    outer loop
      vertex 73 45 21
      vertex 74.6072 44.7346 21
      vertex 74.2941 44.8296 21
    endloop
  endfacet
  facet normal 0 0 1
    outer loop
      vertex 76.9668 24.9562 21
      vertex 73 23 21
      vertex 76.7592 24.7033 21
    endloop
  endfacet
  facet normal 0 0 1
    outer loop
      vertex 73 45 21
      vertex 74.2941 44.8296 21
      vertex 73.9754 44.9039 21
    endloop
  endfacet
  facet normal 0 0 1
    outer loop
      vertex 76.5355 24.4645 21
      vertex 73 23 21
      vertex 76.2967 24.2408 21
    endloop
  endfacet
  facet normal 0 0 1
    outer loop
      vertex 73 45 21
      vertex 73.9754 44.9039 21
      vertex 73.6526 44.9572 21
    endloop
  endfacet
  facet normal 0 0 1
    outer loop
      vertex 76.2967 24.2408 21
      vertex 73 23 21
      vertex 76.0438 24.0332 21
    endloop
  endfacet
  facet normal 0 0 1
    outer loop
      vertex 73 45 21
      vertex 73.6526 44.9572 21
      vertex 73.327 44.9893 21
    endloop
  endfacet
  facet normal 0 0 1
    outer loop
      vertex 76.0438 24.0332 21
      vertex 73 23 21
      vertex 75.7778 23.8427 21
    endloop
  endfacet
  facet normal 0 0 1
    outer loop
      vertex 78 40 21
      vertex 73 45 21
      vertex 65.4722 34.85 21
    endloop
  endfacet
  facet normal 0 0 1
    outer loop
      vertex 75.7778 23.8427 21
      vertex 73 23 21
      vertex 75.5 23.6699 21
    endloop
  endfacet
  facet normal 0 0 1
    outer loop
      vertex 75.5 23.6699 21
      vertex 73 23 21
      vertex 75.2114 23.5156 21
    endloop
  endfacet
  facet normal 0 0 1
    outer loop
      vertex 78 40 21
      vertex 65.6964 34.1112 21
      vertex 65.7 34 21
    endloop
  endfacet
  facet normal 0 0 1
    outer loop
      vertex 78 40 21
      vertex 65.6855 34.2219 21
      vertex 65.6964 34.1112 21
    endloop
  endfacet
  facet normal 0 0 1
    outer loop
      vertex 78 40 21
      vertex 65.6673 34.3317 21
      vertex 65.6855 34.2219 21
    endloop
  endfacet
  facet normal 0 0 1
    outer loop
      vertex 78 40 21
      vertex 65.6421 34.44 21
      vertex 65.6673 34.3317 21
    endloop
  endfacet
  facet normal 0 0 1
    outer loop
      vertex 78 40 21
      vertex 65.6098 34.5464 21
      vertex 65.6421 34.44 21
    endloop
  endfacet
  facet normal 0 0 1
    outer loop
      vertex 78 40 21
      vertex 65.5706 34.6506 21
      vertex 65.6098 34.5464 21
    endloop
  endfacet
  facet normal 0 0 1
    outer loop
      vertex 78 40 21
      vertex 65.5247 34.7519 21
      vertex 65.5706 34.6506 21
    endloop
  endfacet
  facet normal 0 0 1
    outer loop
      vertex 78 40 21
      vertex 65.4722 34.85 21
      vertex 65.5247 34.7519 21
    endloop
  endfacet
  facet normal 0 0 1
    outer loop
      vertex 73 45 21
      vertex 65.4135 34.9445 21
      vertex 65.4722 34.85 21
    endloop
  endfacet
  facet normal 0 0 1
    outer loop
      vertex 73 45 21
      vertex 65.3487 35.0349 21
      vertex 65.4135 34.9445 21
    endloop
  endfacet
  facet normal 0 0 1
    outer loop
      vertex 73 45 21
      vertex 65.2781 35.1209 21
      vertex 65.3487 35.0349 21
    endloop
  endfacet
  facet normal 0 0 1
    outer loop
      vertex 73 45 21
      vertex 65.2021 35.2021 21
      vertex 65.2781 35.1209 21
    endloop
  endfacet
  facet normal 0 0 1
    outer loop
      vertex 73 45 21
      vertex 65.1209 35.2781 21
      vertex 65.2021 35.2021 21
    endloop
  endfacet
  facet normal 0 0 1
    outer loop
      vertex 73 45 21
      vertex 65.0349 35.3487 21
      vertex 65.1209 35.2781 21
    endloop
  endfacet
  facet normal 0 0 1
    outer loop
      vertex 73 45 21
      vertex 64.9445 35.4135 21
      vertex 65.0349 35.3487 21
    endloop
  endfacet
  facet normal 0 0 1
    outer loop
      vertex 73 45 21
      vertex 64.85 35.4722 21
      vertex 64.9445 35.4135 21
    endloop
  endfacet
  facet normal 0 0 1
    outer loop
      vertex 73 45 21
      vertex 64.7519 35.5247 21
      vertex 64.85 35.4722 21
    endloop
  endfacet
  facet normal 0 0 1
    outer loop
      vertex 73 45 21
      vertex 64.6506 35.5706 21
      vertex 64.7519 35.5247 21
    endloop
  endfacet
  facet normal 0 0 1
    outer loop
      vertex 73 45 21
      vertex 64.5464 35.6098 21
      vertex 64.6506 35.5706 21
    endloop
  endfacet
  facet normal 0 0 1
    outer loop
      vertex 73 45 21
      vertex 64.44 35.6421 21
      vertex 64.5464 35.6098 21
    endloop
  endfacet
  facet normal 0 0 1
    outer loop
      vertex 73 45 21
      vertex 64.3316 35.6673 21
      vertex 64.44 35.6421 21
    endloop
  endfacet
  facet normal 0 0 1
    outer loop
      vertex 73 45 21
      vertex 64.2219 35.6855 21
      vertex 64.3316 35.6673 21
    endloop
  endfacet
  facet normal 0 0 1
    outer loop
      vertex 73 45 21
      vertex 64.1112 35.6964 21
      vertex 64.2219 35.6855 21
    endloop
  endfacet
  facet normal 0 0 1
    outer loop
      vertex 73 45 21
      vertex 64 35.7 21
      vertex 64.1112 35.6964 21
    endloop
  endfacet
  facet normal 0 0 1
    outer loop
      vertex 73 45 21
      vertex 63.8888 35.6964 21
      vertex 64 35.7 21
    endloop
  endfacet
  facet normal 0 0 1
    outer loop
      vertex 73 45 21
      vertex 63.7781 35.6855 21
      vertex 63.8888 35.6964 21
    endloop
  endfacet
  facet normal 0 0 1
    outer loop
      vertex 73 45 21
      vertex 63.6683 35.6673 21
      vertex 63.7781 35.6855 21
    endloop
  endfacet
  facet normal 0 0 1
    outer loop
      vertex 73 45 21
      vertex 63.56 35.6421 21
      vertex 63.6683 35.6673 21
    endloop
  endfacet
  facet normal 0 0 1
    outer loop
      vertex 73 45 21
      vertex 63.4536 35.6098 21
      vertex 63.56 35.6421 21
    endloop
  endfacet
  facet normal 0 0 1
    outer loop
      vertex 73 45 21
      vertex 63.3494 35.5706 21
      vertex 63.4536 35.6098 21
    endloop
  endfacet
  facet normal 0 0 1
    outer loop
      vertex 73 45 21
      vertex 63.2481 35.5247 21
      vertex 63.3494 35.5706 21
    endloop
  endfacet
  facet normal 0 0 1
    outer loop
      vertex 73 45 21
      vertex 63.15 35.4722 21
      vertex 63.2481 35.5247 21
    endloop
  endfacet
  facet normal 0 0 1
    outer loop
      vertex 73 45 21
      vertex 63.0555 35.4135 21
      vertex 63.15 35.4722 21
    endloop
  endfacet
  facet normal -0 0 1
    outer loop
      vertex 15 45 21
      vertex 63.0555 35.4135 21
      vertex 73 45 21
    endloop
  endfacet
  facet normal 0 0 1
    outer loop
      vertex 63.0555 35.4135 21
      vertex 15 45 21
      vertex 62.9651 35.3487 21
    endloop
  endfacet
  facet normal 0 0 1
    outer loop
      vertex 62.9651 35.3487 21
      vertex 15 45 21
      vertex 62.8791 35.2781 21
    endloop
  endfacet
  facet normal 0 0 1
    outer loop
      vertex 62.3327 34.3317 21
      vertex 14.9936 40.8038 21
      vertex 62.3145 34.2219 21
    endloop
  endfacet
  facet normal 0 0 1
    outer loop
      vertex 62.3579 34.44 21
      vertex 14.9936 40.8038 21
      vertex 62.3327 34.3317 21
    endloop
  endfacet
  facet normal -0 0 1
    outer loop
      vertex 14.9936 40.8038 21
      vertex 62.3579 34.44 21
      vertex 15 41 21
    endloop
  endfacet
  facet normal 0 0 1
    outer loop
      vertex 62.3902 34.5464 21
      vertex 15 41 21
      vertex 62.3579 34.44 21
    endloop
  endfacet
  facet normal -0 0 1
    outer loop
      vertex 15 41 21
      vertex 62.3902 34.5464 21
      vertex 15 45 21
    endloop
  endfacet
  facet normal 0 0 1
    outer loop
      vertex 62.4294 34.6506 21
      vertex 15 45 21
      vertex 62.3902 34.5464 21
    endloop
  endfacet
  facet normal 0 0 1
    outer loop
      vertex 62.4753 34.7519 21
      vertex 15 45 21
      vertex 62.4294 34.6506 21
    endloop
  endfacet
  facet normal 0 0 1
    outer loop
      vertex 62.5278 34.85 21
      vertex 15 45 21
      vertex 62.4753 34.7519 21
    endloop
  endfacet
  facet normal 0 0 1
    outer loop
      vertex 62.5865 34.9445 21
      vertex 15 45 21
      vertex 62.5278 34.85 21
    endloop
  endfacet
  facet normal 0 0 1
    outer loop
      vertex 62.6513 35.0349 21
      vertex 15 45 21
      vertex 62.5865 34.9445 21
    endloop
  endfacet
  facet normal 0 0 1
    outer loop
      vertex 62.7219 35.1209 21
      vertex 15 45 21
      vertex 62.6513 35.0349 21
    endloop
  endfacet
  facet normal 0 0 1
    outer loop
      vertex 62.7979 35.2021 21
      vertex 15 45 21
      vertex 62.7219 35.1209 21
    endloop
  endfacet
  facet normal 0 0 1
    outer loop
      vertex 62.8791 35.2781 21
      vertex 15 45 21
      vertex 62.7979 35.2021 21
    endloop
  endfacet
  facet normal 0 0 1
    outer loop
      vertex 75.2114 23.5156 21
      vertex 73 23 21
      vertex 74.9134 23.3806 21
    endloop
  endfacet
  facet normal 0 0 1
    outer loop
      vertex 74.9134 23.3806 21
      vertex 73 23 21
      vertex 74.6072 23.2653 21
    endloop
  endfacet
  facet normal 0 0 1
    outer loop
      vertex 74.2941 23.1704 21
      vertex 73 23 21
      vertex 73.9754 23.0961 21
    endloop
  endfacet
  facet normal 0 0 1
    outer loop
      vertex 73.9754 23.0961 21
      vertex 73 23 21
      vertex 73.6526 23.0428 21
    endloop
  endfacet
  facet normal 0 0 1
    outer loop
      vertex 73.6526 23.0428 21
      vertex 73 23 21
      vertex 73.327 23.0107 21
    endloop
  endfacet
  facet normal 0 0 1
    outer loop
      vertex 74.6072 23.2653 21
      vertex 73 23 21
      vertex 74.2941 23.1704 21
    endloop
  endfacet
  facet normal 0 0 1
    outer loop
      vertex 76.7592 24.7033 21
      vertex 73 23 21
      vertex 76.5355 24.4645 21
    endloop
  endfacet
  facet normal 0 0 1
    outer loop
      vertex 77.9039 27.0245 21
      vertex 73 23 21
      vertex 77.8296 26.7059 21
    endloop
  endfacet
  facet normal -0 0 1
    outer loop
      vertex 65.4135 33.0555 21
      vertex 73 23 21
      vertex 65.4722 33.15 21
    endloop
  endfacet
  facet normal -0 0 1
    outer loop
      vertex 65.3487 32.9651 21
      vertex 73 23 21
      vertex 65.4135 33.0555 21
    endloop
  endfacet
  facet normal -0 0 1
    outer loop
      vertex 65.2781 32.8791 21
      vertex 73 23 21
      vertex 65.3487 32.9651 21
    endloop
  endfacet
  facet normal -0 0 1
    outer loop
      vertex 65.2021 32.7979 21
      vertex 73 23 21
      vertex 65.2781 32.8791 21
    endloop
  endfacet
  facet normal -0 0 1
    outer loop
      vertex 65.1209 32.7219 21
      vertex 73 23 21
      vertex 65.2021 32.7979 21
    endloop
  endfacet
  facet normal -0 0 1
    outer loop
      vertex 65.0349 32.6513 21
      vertex 73 23 21
      vertex 65.1209 32.7219 21
    endloop
  endfacet
  facet normal -0 0 1
    outer loop
      vertex 64.9445 32.5865 21
      vertex 73 23 21
      vertex 65.0349 32.6513 21
    endloop
  endfacet
  facet normal -0 0 1
    outer loop
      vertex 64.85 32.5278 21
      vertex 73 23 21
      vertex 64.9445 32.5865 21
    endloop
  endfacet
  facet normal -0 0 1
    outer loop
      vertex 64.7519 32.4753 21
      vertex 73 23 21
      vertex 64.85 32.5278 21
    endloop
  endfacet
  facet normal -0 0 1
    outer loop
      vertex 64.6506 32.4294 21
      vertex 73 23 21
      vertex 64.7519 32.4753 21
    endloop
  endfacet
  facet normal -0 0 1
    outer loop
      vertex 64.5464 32.3902 21
      vertex 73 23 21
      vertex 64.6506 32.4294 21
    endloop
  endfacet
  facet normal -0 0 1
    outer loop
      vertex 64.44 32.3579 21
      vertex 73 23 21
      vertex 64.5464 32.3902 21
    endloop
  endfacet
  facet normal -0 0 1
    outer loop
      vertex 64.3316 32.3327 21
      vertex 73 23 21
      vertex 64.44 32.3579 21
    endloop
  endfacet
  facet normal -0 0 1
    outer loop
      vertex 64.2219 32.3145 21
      vertex 73 23 21
      vertex 64.3316 32.3327 21
    endloop
  endfacet
  facet normal -0 0 1
    outer loop
      vertex 64.1112 32.3036 21
      vertex 73 23 21
      vertex 64.2219 32.3145 21
    endloop
  endfacet
  facet normal -0 0 1
    outer loop
      vertex 64 32.3 21
      vertex 73 23 21
      vertex 64.1112 32.3036 21
    endloop
  endfacet
  facet normal 0 0 1
    outer loop
      vertex 63.8888 32.3036 21
      vertex 73 23 21
      vertex 64 32.3 21
    endloop
  endfacet
  facet normal 0 0 1
    outer loop
      vertex 63.7781 32.3145 21
      vertex 73 23 21
      vertex 63.8888 32.3036 21
    endloop
  endfacet
  facet normal 0 0 1
    outer loop
      vertex 63.6683 32.3327 21
      vertex 73 23 21
      vertex 63.7781 32.3145 21
    endloop
  endfacet
  facet normal 0 0 1
    outer loop
      vertex 63.56 32.3579 21
      vertex 73 23 21
      vertex 63.6683 32.3327 21
    endloop
  endfacet
  facet normal 0 0 1
    outer loop
      vertex 63.4536 32.3902 21
      vertex 73 23 21
      vertex 63.56 32.3579 21
    endloop
  endfacet
  facet normal 0 0 1
    outer loop
      vertex 63.3494 32.4294 21
      vertex 73 23 21
      vertex 63.4536 32.3902 21
    endloop
  endfacet
  facet normal 0 0 1
    outer loop
      vertex 63.2481 32.4753 21
      vertex 73 23 21
      vertex 63.3494 32.4294 21
    endloop
  endfacet
  facet normal 0 0 1
    outer loop
      vertex 63.15 32.5278 21
      vertex 73 23 21
      vertex 63.2481 32.4753 21
    endloop
  endfacet
  facet normal 0 0 1
    outer loop
      vertex 63.0555 32.5865 21
      vertex 73 23 21
      vertex 63.15 32.5278 21
    endloop
  endfacet
  facet normal 0 0 1
    outer loop
      vertex 14 23 21
      vertex 63.0555 32.5865 21
      vertex 62.9651 32.6513 21
    endloop
  endfacet
  facet normal 0 0 1
    outer loop
      vertex 14 23 21
      vertex 62.9651 32.6513 21
      vertex 62.8791 32.7219 21
    endloop
  endfacet
  facet normal 0 0 1
    outer loop
      vertex 14 23 21
      vertex 62.8791 32.7219 21
      vertex 62.7979 32.7979 21
    endloop
  endfacet
  facet normal -0 0 1
    outer loop
      vertex 14.9743 40.6084 21
      vertex 62.3145 34.2219 21
      vertex 14.9936 40.8038 21
    endloop
  endfacet
  facet normal 0 0 1
    outer loop
      vertex 62.3145 34.2219 21
      vertex 14.9743 40.6084 21
      vertex 62.3036 34.1112 21
    endloop
  endfacet
  facet normal -0 0 1
    outer loop
      vertex 14.9424 40.4147 21
      vertex 62.3036 34.1112 21
      vertex 14.9743 40.6084 21
    endloop
  endfacet
  facet normal 0 0 1
    outer loop
      vertex 62.3036 34.1112 21
      vertex 14.9424 40.4147 21
      vertex 62.3 34 21
    endloop
  endfacet
  facet normal -0 0 1
    outer loop
      vertex 14.8978 40.2235 21
      vertex 62.3 34 21
      vertex 14.9424 40.4147 21
    endloop
  endfacet
  facet normal 0 0 1
    outer loop
      vertex 62.3 34 21
      vertex 14.8978 40.2235 21
      vertex 62.3036 33.8888 21
    endloop
  endfacet
  facet normal -0 0 1
    outer loop
      vertex 14.8408 40.0357 21
      vertex 62.3036 33.8888 21
      vertex 14.8978 40.2235 21
    endloop
  endfacet
  facet normal 0 0 1
    outer loop
      vertex 62.3036 33.8888 21
      vertex 14.8408 40.0357 21
      vertex 62.3145 33.7781 21
    endloop
  endfacet
  facet normal -0 0 1
    outer loop
      vertex 14.7716 39.852 21
      vertex 62.3145 33.7781 21
      vertex 14.8408 40.0357 21
    endloop
  endfacet
  facet normal 0 0 1
    outer loop
      vertex 14 23 21
      vertex 62.3145 33.7781 21
      vertex 14.7716 39.852 21
    endloop
  endfacet
  facet normal 0 0 1
    outer loop
      vertex 62.3145 33.7781 21
      vertex 14 23 21
      vertex 62.3327 33.6683 21
    endloop
  endfacet
  facet normal 0 0 1
    outer loop
      vertex 62.3327 33.6683 21
      vertex 14 23 21
      vertex 62.3579 33.56 21
    endloop
  endfacet
  facet normal 0 0 1
    outer loop
      vertex 62.3579 33.56 21
      vertex 14 23 21
      vertex 62.3902 33.4536 21
    endloop
  endfacet
  facet normal 0 0 1
    outer loop
      vertex 62.3902 33.4536 21
      vertex 14 23 21
      vertex 62.4294 33.3494 21
    endloop
  endfacet
  facet normal 0 0 1
    outer loop
      vertex 62.4294 33.3494 21
      vertex 14 23 21
      vertex 62.4753 33.2481 21
    endloop
  endfacet
  facet normal 0 0 1
    outer loop
      vertex 62.4753 33.2481 21
      vertex 14 23 21
      vertex 62.5278 33.15 21
    endloop
  endfacet
  facet normal 0 0 1
    outer loop
      vertex 62.5278 33.15 21
      vertex 14 23 21
      vertex 62.5865 33.0555 21
    endloop
  endfacet
  facet normal 0 0 1
    outer loop
      vertex 62.5865 33.0555 21
      vertex 14 23 21
      vertex 62.6513 32.9651 21
    endloop
  endfacet
  facet normal 0 0 1
    outer loop
      vertex 62.6513 32.9651 21
      vertex 14 23 21
      vertex 62.7219 32.8791 21
    endloop
  endfacet
  facet normal 0 0 1
    outer loop
      vertex 62.7219 32.8791 21
      vertex 14 23 21
      vertex 62.7979 32.7979 21
    endloop
  endfacet
  facet normal 0 0 1
    outer loop
      vertex 14 23 21
      vertex 14.7716 39.852 21
      vertex 14.6906 39.6731 21
    endloop
  endfacet
  facet normal 0 0 1
    outer loop
      vertex 14 23 21
      vertex 14.6906 39.6731 21
      vertex 14.5981 39.5 21
    endloop
  endfacet
  facet normal 0 0 1
    outer loop
      vertex 14 23 21
      vertex 14.5981 39.5 21
      vertex 14.4944 39.3333 21
    endloop
  endfacet
  facet normal 0 0 1
    outer loop
      vertex 14 23 21
      vertex 14.4944 39.3333 21
      vertex 14.3801 39.1737 21
    endloop
  endfacet
  facet normal 0 0 1
    outer loop
      vertex 14 23 21
      vertex 14.3801 39.1737 21
      vertex 14.2555 39.022 21
    endloop
  endfacet
  facet normal 0 0 1
    outer loop
      vertex 14 23 21
      vertex 14.2555 39.022 21
      vertex 14.1213 38.8787 21
    endloop
  endfacet
  facet normal 0 0 1
    outer loop
      vertex 14 23 21
      vertex 14.1213 38.8787 21
      vertex 14 38.765 21
    endloop
  endfacet
  facet normal 0 0 1
    outer loop
      vertex 63.0555 32.5865 21
      vertex 14 23 21
      vertex 73 23 21
    endloop
  endfacet
  facet normal 0.986649 0.162863 1.80692e-19
    outer loop
      vertex 77.9572 40.6526 21
      vertex 77.9039 40.9755 0
      vertex 77.9039 40.9755 21
    endloop
  endfacet
  facet normal 0.986649 0.162863 1.80692e-19
    outer loop
      vertex 77.9039 40.9755 0
      vertex 77.9572 40.6526 21
      vertex 77.9572 40.6526 0
    endloop
  endfacet
  facet normal 0.772935 0.634485 3.44546e-19
    outer loop
      vertex 76.9668 43.0438 21
      vertex 76.7592 43.2967 0
      vertex 76.7592 43.2967 21
    endloop
  endfacet
  facet normal 0.772935 0.634485 3.44546e-19
    outer loop
      vertex 76.7592 43.2967 0
      vertex 76.9668 43.0438 21
      vertex 76.9668 43.0438 0
    endloop
  endfacet
  facet normal 0.412651 0.910889 -0
    outer loop
      vertex 75.2114 44.4844 0
      vertex 74.9134 44.6194 21
      vertex 75.2114 44.4844 21
    endloop
  endfacet
  facet normal 0.412651 0.910889 0
    outer loop
      vertex 74.9134 44.6194 21
      vertex 75.2114 44.4844 0
      vertex 74.9134 44.6194 0
    endloop
  endfacet
  facet normal 0.0978089 0.995205 -0
    outer loop
      vertex 73.6526 196.957 0
      vertex 73.327 196.989 21
      vertex 73.6526 196.957 21
    endloop
  endfacet
  facet normal 0.0978089 0.995205 0
    outer loop
      vertex 73.327 196.989 21
      vertex 73.6526 196.957 0
      vertex 73.327 196.989 0
    endloop
  endfacet
  facet normal 0.882142 -0.470984 3.97649e-19
    outer loop
      vertex 77.3301 177.5 21
      vertex 77.4844 177.789 0
      vertex 77.4844 177.789 21
    endloop
  endfacet
  facet normal 0.882142 -0.470984 3.97649e-19
    outer loop
      vertex 77.4844 177.789 0
      vertex 77.3301 177.5 21
      vertex 77.3301 177.5 0
    endloop
  endfacet
  facet normal 0 -1 0
    outer loop
      vertex 14 175 18
      vertex 14 175 0
      vertex 14.2349 175 18
    endloop
  endfacet
  facet normal 0 -1 0
    outer loop
      vertex 14.2349 175 18
      vertex 73 175 21
      vertex 14.2349 175 21
    endloop
  endfacet
  facet normal 0 -1 0
    outer loop
      vertex 73 175 0
      vertex 14.2349 175 18
      vertex 14 175 0
    endloop
  endfacet
  facet normal 0 -1 0
    outer loop
      vertex 14.2349 175 18
      vertex 73 175 0
      vertex 73 175 21
    endloop
  endfacet
  facet normal 0.162019 -0.986788 0
    outer loop
      vertex 73.6526 175.043 0
      vertex 73.9754 175.096 21
      vertex 73.6526 175.043 21
    endloop
  endfacet
  facet normal 0.162019 -0.986788 0
    outer loop
      vertex 73.9754 175.096 21
      vertex 73.6526 175.043 0
      vertex 73.9754 175.096 0
    endloop
  endfacet
  facet normal 0.773058 -0.634335 -1.15922e-20
    outer loop
      vertex 76.7592 176.703 21
      vertex 76.9668 176.956 0
      vertex 76.9668 176.956 21
    endloop
  endfacet
  facet normal 0.773058 -0.634335 -1.15922e-20
    outer loop
      vertex 76.9668 176.956 0
      vertex 76.7592 176.703 21
      vertex 76.7592 176.703 0
    endloop
  endfacet
  facet normal 0.528625 -0.848856 0
    outer loop
      vertex 75.5 175.67 0
      vertex 75.7778 175.843 21
      vertex 75.5 175.67 21
    endloop
  endfacet
  facet normal 0.528625 -0.848856 0
    outer loop
      vertex 75.7778 175.843 21
      vertex 75.5 175.67 0
      vertex 75.7778 175.843 0
    endloop
  endfacet
  facet normal 1 -0 0
    outer loop
      vertex 78 180 21
      vertex 78 192 0
      vertex 78 192 21
    endloop
  endfacet
  facet normal 1 0 0
    outer loop
      vertex 78 192 0
      vertex 78 180 21
      vertex 78 180 0
    endloop
  endfacet
  facet normal 0.290347 -0.956922 0
    outer loop
      vertex 74.2941 175.17 0
      vertex 74.6072 175.265 21
      vertex 74.2941 175.17 21
    endloop
  endfacet
  facet normal 0.290347 -0.956922 0
    outer loop
      vertex 74.6072 175.265 21
      vertex 74.2941 175.17 0
      vertex 74.6072 175.265 0
    endloop
  endfacet
  facet normal 0 1 -0
    outer loop
      vertex 73 197 0
      vertex 14 197 21
      vertex 73 197 21
    endloop
  endfacet
  facet normal 0 1 0
    outer loop
      vertex 14 197 21
      vertex 73 197 0
      vertex 14 197 0
    endloop
  endfacet
  facet normal 0.470779 -0.882251 0
    outer loop
      vertex 75.2114 175.516 0
      vertex 75.5 175.67 21
      vertex 75.2114 175.516 21
    endloop
  endfacet
  facet normal 0.470779 -0.882251 0
    outer loop
      vertex 75.5 175.67 21
      vertex 75.2114 175.516 0
      vertex 75.5 175.67 0
    endloop
  endfacet
  facet normal 0.999465 0.0327042 -2.88428e-20
    outer loop
      vertex 78 192 21
      vertex 77.9893 192.327 0
      vertex 77.9893 192.327 21
    endloop
  endfacet
  facet normal 0.999465 0.0327042 -2.88428e-20
    outer loop
      vertex 77.9893 192.327 0
      vertex 78 192 21
      vertex 78 192 0
    endloop
  endfacet
  facet normal 0.0978089 -0.995205 0
    outer loop
      vertex 73.327 175.011 0
      vertex 73.6526 175.043 21
      vertex 73.327 175.011 21
    endloop
  endfacet
  facet normal 0.0978089 -0.995205 0
    outer loop
      vertex 73.6526 175.043 21
      vertex 73.327 175.011 0
      vertex 73.6526 175.043 0
    endloop
  endfacet
  facet normal 0.882142 0.470984 -3.97649e-19
    outer loop
      vertex 77.4844 194.211 21
      vertex 77.3301 194.5 0
      vertex 77.3301 194.5 21
    endloop
  endfacet
  facet normal 0.882142 0.470984 -3.97649e-19
    outer loop
      vertex 77.3301 194.5 0
      vertex 77.4844 194.211 21
      vertex 77.4844 194.211 0
    endloop
  endfacet
  facet normal 0.956896 -0.290432 2.00093e-19
    outer loop
      vertex 77.7346 178.393 21
      vertex 77.8296 178.706 0
      vertex 77.8296 178.706 21
    endloop
  endfacet
  facet normal 0.956896 -0.290432 2.00093e-19
    outer loop
      vertex 77.8296 178.706 0
      vertex 77.7346 178.393 21
      vertex 77.7346 178.393 0
    endloop
  endfacet
  facet normal 0.682515 -0.730872 0
    outer loop
      vertex 76.2967 176.241 0
      vertex 76.5355 176.464 21
      vertex 76.2967 176.241 21
    endloop
  endfacet
  facet normal 0.682515 -0.730872 0
    outer loop
      vertex 76.5355 176.464 21
      vertex 76.2967 176.241 0
      vertex 76.5355 176.464 0
    endloop
  endfacet
  facet normal 0.999465 -0.0327042 2.88428e-20
    outer loop
      vertex 77.9893 179.673 21
      vertex 78 180 0
      vertex 78 180 21
    endloop
  endfacet
  facet normal 0.999465 -0.0327042 2.88428e-20
    outer loop
      vertex 78 180 0
      vertex 77.9893 179.673 21
      vertex 77.9893 179.673 0
    endloop
  endfacet
  facet normal 0.528625 0.848856 -0
    outer loop
      vertex 75.7778 196.157 0
      vertex 75.5 196.33 21
      vertex 75.7778 196.157 21
    endloop
  endfacet
  facet normal 0.528625 0.848856 0
    outer loop
      vertex 75.5 196.33 21
      vertex 75.7778 196.157 0
      vertex 75.5 196.33 0
    endloop
  endfacet
  facet normal 0.162019 0.986788 -0
    outer loop
      vertex 73.9754 196.904 0
      vertex 73.6526 196.957 21
      vertex 73.9754 196.904 21
    endloop
  endfacet
  facet normal 0.162019 0.986788 0
    outer loop
      vertex 73.6526 196.957 21
      vertex 73.9754 196.904 0
      vertex 73.6526 196.957 0
    endloop
  endfacet
  facet normal 0.995187 0.0979924 9.81577e-21
    outer loop
      vertex 77.9893 192.327 21
      vertex 77.9572 192.653 0
      vertex 77.9572 192.653 21
    endloop
  endfacet
  facet normal 0.995187 0.0979924 9.81577e-21
    outer loop
      vertex 77.9572 192.653 0
      vertex 77.9893 192.327 21
      vertex 77.9893 192.327 0
    endloop
  endfacet
  facet normal 0.986575 -0.163306 -2.18545e-20
    outer loop
      vertex 77.9039 179.025 21
      vertex 77.9572 179.347 0
      vertex 77.9572 179.347 21
    endloop
  endfacet
  facet normal 0.986575 -0.163306 -2.18545e-20
    outer loop
      vertex 77.9572 179.347 0
      vertex 77.9039 179.025 21
      vertex 77.9039 179.025 0
    endloop
  endfacet
  facet normal 0.935876 0.35233 -2.16822e-19
    outer loop
      vertex 77.7346 193.607 21
      vertex 77.6194 193.913 0
      vertex 77.6194 193.913 21
    endloop
  endfacet
  facet normal 0.935876 0.35233 -2.16822e-19
    outer loop
      vertex 77.6194 193.913 0
      vertex 77.7346 193.607 21
      vertex 77.7346 193.607 0
    endloop
  endfacet
  facet normal 0.0336201 -0.999435 0
    outer loop
      vertex 73 175 0
      vertex 73.327 175.011 21
      vertex 73 175 21
    endloop
  endfacet
  facet normal 0.0336201 -0.999435 0
    outer loop
      vertex 73.327 175.011 21
      vertex 73 175 0
      vertex 73.327 175.011 0
    endloop
  endfacet
  facet normal 0.973931 0.226844 3.52905e-20
    outer loop
      vertex 77.9039 192.975 21
      vertex 77.8296 193.294 0
      vertex 77.8296 193.294 21
    endloop
  endfacet
  facet normal 0.973931 0.226844 3.52905e-20
    outer loop
      vertex 77.8296 193.294 0
      vertex 77.9039 192.975 21
      vertex 77.9039 192.975 0
    endloop
  endfacet
  facet normal 0.973931 -0.226844 -3.52905e-20
    outer loop
      vertex 77.8296 178.706 21
      vertex 77.9039 179.025 0
      vertex 77.9039 179.025 21
    endloop
  endfacet
  facet normal 0.973931 -0.226844 -3.52905e-20
    outer loop
      vertex 77.9039 179.025 0
      vertex 77.8296 178.706 21
      vertex 77.8296 178.706 0
    endloop
  endfacet
  facet normal 0.581238 0.813733 -0
    outer loop
      vertex 76.0438 195.967 0
      vertex 75.7778 196.157 21
      vertex 76.0438 195.967 21
    endloop
  endfacet
  facet normal 0.581238 0.813733 0
    outer loop
      vertex 75.7778 196.157 21
      vertex 76.0438 195.967 0
      vertex 75.7778 196.157 0
    endloop
  endfacet
  facet normal 0.81301 -0.58225 -2.03858e-19
    outer loop
      vertex 76.9668 176.956 21
      vertex 77.1573 177.222 0
      vertex 77.1573 177.222 21
    endloop
  endfacet
  facet normal 0.81301 -0.58225 -2.03858e-19
    outer loop
      vertex 77.1573 177.222 0
      vertex 76.9668 176.956 21
      vertex 76.9668 176.956 0
    endloop
  endfacet
  facet normal 0.935876 -0.35233 2.16822e-19
    outer loop
      vertex 77.6194 178.087 21
      vertex 77.7346 178.393 0
      vertex 77.7346 178.393 21
    endloop
  endfacet
  facet normal 0.935876 -0.35233 2.16822e-19
    outer loop
      vertex 77.7346 178.393 0
      vertex 77.6194 178.087 21
      vertex 77.6194 178.087 0
    endloop
  endfacet
  facet normal 0.226176 -0.974086 0
    outer loop
      vertex 73.9754 175.096 0
      vertex 74.2941 175.17 21
      vertex 73.9754 175.096 21
    endloop
  endfacet
  facet normal 0.226176 -0.974086 0
    outer loop
      vertex 74.2941 175.17 21
      vertex 73.9754 175.096 0
      vertex 74.2941 175.17 0
    endloop
  endfacet
  facet normal 0.0336201 0.999435 -0
    outer loop
      vertex 73.327 196.989 0
      vertex 73 197 21
      vertex 73.327 196.989 21
    endloop
  endfacet
  facet normal 0.0336201 0.999435 0
    outer loop
      vertex 73 197 21
      vertex 73.327 196.989 0
      vertex 73 197 0
    endloop
  endfacet
  facet normal 0.635215 -0.772336 0
    outer loop
      vertex 76.0438 176.033 0
      vertex 76.2967 176.241 21
      vertex 76.0438 176.033 21
    endloop
  endfacet
  facet normal 0.635215 -0.772336 0
    outer loop
      vertex 76.2967 176.241 21
      vertex 76.0438 176.033 0
      vertex 76.2967 176.241 0
    endloop
  endfacet
  facet normal 0.470779 0.882251 -0
    outer loop
      vertex 75.5 196.33 0
      vertex 75.2114 196.484 21
      vertex 75.5 196.33 21
    endloop
  endfacet
  facet normal 0.470779 0.882251 0
    outer loop
      vertex 75.2114 196.484 21
      vertex 75.5 196.33 0
      vertex 75.2114 196.484 0
    endloop
  endfacet
  facet normal 0.354268 -0.935144 0
    outer loop
      vertex 74.6072 175.265 0
      vertex 74.9134 175.381 21
      vertex 74.6072 175.265 21
    endloop
  endfacet
  facet normal 0.354268 -0.935144 0
    outer loop
      vertex 74.9134 175.381 21
      vertex 74.6072 175.265 0
      vertex 74.9134 175.381 0
    endloop
  endfacet
  facet normal 0.290347 0.956922 -0
    outer loop
      vertex 74.6072 196.735 0
      vertex 74.2941 196.83 21
      vertex 74.6072 196.735 21
    endloop
  endfacet
  facet normal 0.290347 0.956922 0
    outer loop
      vertex 74.2941 196.83 21
      vertex 74.6072 196.735 0
      vertex 74.2941 196.83 0
    endloop
  endfacet
  facet normal 0.635215 0.772336 -0
    outer loop
      vertex 76.2967 195.759 0
      vertex 76.0438 195.967 21
      vertex 76.2967 195.759 21
    endloop
  endfacet
  facet normal 0.635215 0.772336 0
    outer loop
      vertex 76.0438 195.967 21
      vertex 76.2967 195.759 0
      vertex 76.0438 195.967 0
    endloop
  endfacet
  facet normal 0.730089 0.683352 -4.22222e-20
    outer loop
      vertex 76.7592 195.297 21
      vertex 76.5355 195.536 0
      vertex 76.5355 195.536 21
    endloop
  endfacet
  facet normal 0.730089 0.683352 -4.22222e-20
    outer loop
      vertex 76.5355 195.536 0
      vertex 76.7592 195.297 21
      vertex 76.7592 195.297 0
    endloop
  endfacet
  facet normal 0.8493 0.52791 -9.54089e-20
    outer loop
      vertex 77.3301 194.5 21
      vertex 77.1573 194.778 0
      vertex 77.1573 194.778 21
    endloop
  endfacet
  facet normal 0.8493 0.52791 -9.54089e-20
    outer loop
      vertex 77.1573 194.778 0
      vertex 77.3301 194.5 21
      vertex 77.3301 194.5 0
    endloop
  endfacet
  facet normal 0.910889 -0.412651 -1.72265e-19
    outer loop
      vertex 77.4844 177.789 21
      vertex 77.6194 178.087 0
      vertex 77.6194 178.087 21
    endloop
  endfacet
  facet normal 0.910889 -0.412651 -1.72265e-19
    outer loop
      vertex 77.6194 178.087 0
      vertex 77.4844 177.789 21
      vertex 77.4844 177.789 0
    endloop
  endfacet
  facet normal 0.412651 -0.910889 0
    outer loop
      vertex 74.9134 175.381 0
      vertex 75.2114 175.516 21
      vertex 74.9134 175.381 21
    endloop
  endfacet
  facet normal 0.412651 -0.910889 0
    outer loop
      vertex 75.2114 175.516 21
      vertex 74.9134 175.381 0
      vertex 75.2114 175.516 0
    endloop
  endfacet
  facet normal 0.730089 -0.683352 4.22222e-20
    outer loop
      vertex 76.5355 176.464 21
      vertex 76.7592 176.703 0
      vertex 76.7592 176.703 21
    endloop
  endfacet
  facet normal 0.730089 -0.683352 4.22222e-20
    outer loop
      vertex 76.7592 176.703 0
      vertex 76.5355 176.464 21
      vertex 76.5355 176.464 0
    endloop
  endfacet
  facet normal 0.956896 0.290432 -2.00093e-19
    outer loop
      vertex 77.8296 193.294 21
      vertex 77.7346 193.607 0
      vertex 77.7346 193.607 21
    endloop
  endfacet
  facet normal 0.956896 0.290432 -2.00093e-19
    outer loop
      vertex 77.7346 193.607 0
      vertex 77.8296 193.294 21
      vertex 77.8296 193.294 0
    endloop
  endfacet
  facet normal 0.581238 -0.813733 0
    outer loop
      vertex 75.7778 175.843 0
      vertex 76.0438 176.033 21
      vertex 75.7778 175.843 21
    endloop
  endfacet
  facet normal 0.581238 -0.813733 0
    outer loop
      vertex 76.0438 176.033 21
      vertex 75.7778 175.843 0
      vertex 76.0438 176.033 0
    endloop
  endfacet
  facet normal 0.910889 0.412651 1.72265e-19
    outer loop
      vertex 77.6194 193.913 21
      vertex 77.4844 194.211 0
      vertex 77.4844 194.211 21
    endloop
  endfacet
  facet normal 0.910889 0.412651 1.72265e-19
    outer loop
      vertex 77.4844 194.211 0
      vertex 77.6194 193.913 21
      vertex 77.6194 193.913 0
    endloop
  endfacet
  facet normal 0.995187 -0.0979924 -9.81577e-21
    outer loop
      vertex 77.9572 179.347 21
      vertex 77.9893 179.673 0
      vertex 77.9893 179.673 21
    endloop
  endfacet
  facet normal 0.995187 -0.0979924 -9.81577e-21
    outer loop
      vertex 77.9893 179.673 0
      vertex 77.9572 179.347 21
      vertex 77.9572 179.347 0
    endloop
  endfacet
  facet normal 0.226176 0.974086 -0
    outer loop
      vertex 74.2941 196.83 0
      vertex 73.9754 196.904 21
      vertex 74.2941 196.83 21
    endloop
  endfacet
  facet normal 0.226176 0.974086 0
    outer loop
      vertex 73.9754 196.904 21
      vertex 74.2941 196.83 0
      vertex 73.9754 196.904 0
    endloop
  endfacet
  facet normal 0.81301 0.58225 2.03858e-19
    outer loop
      vertex 77.1573 194.778 21
      vertex 76.9668 195.044 0
      vertex 76.9668 195.044 21
    endloop
  endfacet
  facet normal 0.81301 0.58225 2.03858e-19
    outer loop
      vertex 76.9668 195.044 0
      vertex 77.1573 194.778 21
      vertex 77.1573 194.778 0
    endloop
  endfacet
  facet normal 0.354268 0.935144 -0
    outer loop
      vertex 74.9134 196.619 0
      vertex 74.6072 196.735 21
      vertex 74.9134 196.619 21
    endloop
  endfacet
  facet normal 0.354268 0.935144 0
    outer loop
      vertex 74.6072 196.735 21
      vertex 74.9134 196.619 0
      vertex 74.6072 196.735 0
    endloop
  endfacet
  facet normal 0.682515 0.730872 -0
    outer loop
      vertex 76.5355 195.536 0
      vertex 76.2967 195.759 21
      vertex 76.5355 195.536 21
    endloop
  endfacet
  facet normal 0.682515 0.730872 0
    outer loop
      vertex 76.2967 195.759 21
      vertex 76.5355 195.536 0
      vertex 76.2967 195.759 0
    endloop
  endfacet
  facet normal 0.8493 -0.52791 9.54089e-20
    outer loop
      vertex 77.1573 177.222 21
      vertex 77.3301 177.5 0
      vertex 77.3301 177.5 21
    endloop
  endfacet
  facet normal 0.8493 -0.52791 9.54089e-20
    outer loop
      vertex 77.3301 177.5 0
      vertex 77.1573 177.222 21
      vertex 77.1573 177.222 0
    endloop
  endfacet
  facet normal 0 0 1
    outer loop
      vertex 73 197 21
      vertex 78 192 21
      vertex 77.9893 192.327 21
    endloop
  endfacet
  facet normal 0 0 1
    outer loop
      vertex 78 192 21
      vertex 65.7 186 21
      vertex 78 180 21
    endloop
  endfacet
  facet normal 0 0 1
    outer loop
      vertex 73 197 21
      vertex 77.9893 192.327 21
      vertex 77.9572 192.653 21
    endloop
  endfacet
  facet normal -0 0 1
    outer loop
      vertex 65.6964 185.889 21
      vertex 78 180 21
      vertex 65.7 186 21
    endloop
  endfacet
  facet normal 0 0 1
    outer loop
      vertex 73 197 21
      vertex 77.9572 192.653 21
      vertex 77.9039 192.975 21
    endloop
  endfacet
  facet normal -0 0 1
    outer loop
      vertex 65.6855 185.778 21
      vertex 78 180 21
      vertex 65.6964 185.889 21
    endloop
  endfacet
  facet normal 0 0 1
    outer loop
      vertex 73 197 21
      vertex 77.9039 192.975 21
      vertex 77.8296 193.294 21
    endloop
  endfacet
  facet normal -0 0 1
    outer loop
      vertex 65.6673 185.668 21
      vertex 78 180 21
      vertex 65.6855 185.778 21
    endloop
  endfacet
  facet normal 0 0 1
    outer loop
      vertex 73 197 21
      vertex 77.8296 193.294 21
      vertex 77.7346 193.607 21
    endloop
  endfacet
  facet normal -0 0 1
    outer loop
      vertex 65.6421 185.56 21
      vertex 78 180 21
      vertex 65.6673 185.668 21
    endloop
  endfacet
  facet normal 0 0 1
    outer loop
      vertex 73 197 21
      vertex 77.7346 193.607 21
      vertex 77.6194 193.913 21
    endloop
  endfacet
  facet normal -0 0 1
    outer loop
      vertex 65.6098 185.454 21
      vertex 78 180 21
      vertex 65.6421 185.56 21
    endloop
  endfacet
  facet normal 0 0 1
    outer loop
      vertex 73 197 21
      vertex 77.6194 193.913 21
      vertex 77.4844 194.211 21
    endloop
  endfacet
  facet normal -0 0 1
    outer loop
      vertex 65.5706 185.349 21
      vertex 78 180 21
      vertex 65.6098 185.454 21
    endloop
  endfacet
  facet normal 0 0 1
    outer loop
      vertex 73 197 21
      vertex 77.4844 194.211 21
      vertex 77.3301 194.5 21
    endloop
  endfacet
  facet normal -0 0 1
    outer loop
      vertex 65.5247 185.248 21
      vertex 78 180 21
      vertex 65.5706 185.349 21
    endloop
  endfacet
  facet normal 0 0 1
    outer loop
      vertex 73 197 21
      vertex 77.3301 194.5 21
      vertex 77.1573 194.778 21
    endloop
  endfacet
  facet normal -0 0 1
    outer loop
      vertex 65.4722 185.15 21
      vertex 78 180 21
      vertex 65.5247 185.248 21
    endloop
  endfacet
  facet normal 0 0 1
    outer loop
      vertex 73 197 21
      vertex 77.1573 194.778 21
      vertex 76.9668 195.044 21
    endloop
  endfacet
  facet normal 0 -0 1
    outer loop
      vertex 73 175 21
      vertex 78 180 21
      vertex 65.4722 185.15 21
    endloop
  endfacet
  facet normal 0 0 1
    outer loop
      vertex 73 197 21
      vertex 76.9668 195.044 21
      vertex 76.7592 195.297 21
    endloop
  endfacet
  facet normal 0 0 1
    outer loop
      vertex 78 180 21
      vertex 73 175 21
      vertex 77.9893 179.673 21
    endloop
  endfacet
  facet normal 0 0 1
    outer loop
      vertex 73 197 21
      vertex 76.7592 195.297 21
      vertex 76.5355 195.536 21
    endloop
  endfacet
  facet normal 0 0 1
    outer loop
      vertex 77.9893 179.673 21
      vertex 73 175 21
      vertex 77.9572 179.347 21
    endloop
  endfacet
  facet normal 0 0 1
    outer loop
      vertex 73 197 21
      vertex 76.5355 195.536 21
      vertex 76.2967 195.759 21
    endloop
  endfacet
  facet normal 0 0 1
    outer loop
      vertex 77.9572 179.347 21
      vertex 73 175 21
      vertex 77.9039 179.025 21
    endloop
  endfacet
  facet normal 0 0 1
    outer loop
      vertex 73 197 21
      vertex 76.2967 195.759 21
      vertex 76.0438 195.967 21
    endloop
  endfacet
  facet normal 0 0 1
    outer loop
      vertex 77.8296 178.706 21
      vertex 73 175 21
      vertex 77.7346 178.393 21
    endloop
  endfacet
  facet normal 0 0 1
    outer loop
      vertex 73 197 21
      vertex 76.0438 195.967 21
      vertex 75.7778 196.157 21
    endloop
  endfacet
  facet normal 0 0 1
    outer loop
      vertex 77.7346 178.393 21
      vertex 73 175 21
      vertex 77.6194 178.087 21
    endloop
  endfacet
  facet normal 0 0 1
    outer loop
      vertex 73 197 21
      vertex 75.7778 196.157 21
      vertex 75.5 196.33 21
    endloop
  endfacet
  facet normal 0 0 1
    outer loop
      vertex 77.6194 178.087 21
      vertex 73 175 21
      vertex 77.4844 177.789 21
    endloop
  endfacet
  facet normal 0 0 1
    outer loop
      vertex 73 197 21
      vertex 75.5 196.33 21
      vertex 75.2114 196.484 21
    endloop
  endfacet
  facet normal 0 0 1
    outer loop
      vertex 77.4844 177.789 21
      vertex 73 175 21
      vertex 77.3301 177.5 21
    endloop
  endfacet
  facet normal 0 0 1
    outer loop
      vertex 73 197 21
      vertex 75.2114 196.484 21
      vertex 74.9134 196.619 21
    endloop
  endfacet
  facet normal 0 0 1
    outer loop
      vertex 77.3301 177.5 21
      vertex 73 175 21
      vertex 77.1573 177.222 21
    endloop
  endfacet
  facet normal 0 0 1
    outer loop
      vertex 73 197 21
      vertex 74.9134 196.619 21
      vertex 74.6072 196.735 21
    endloop
  endfacet
  facet normal 0 0 1
    outer loop
      vertex 77.1573 177.222 21
      vertex 73 175 21
      vertex 76.9668 176.956 21
    endloop
  endfacet
  facet normal 0 0 1
    outer loop
      vertex 73 197 21
      vertex 74.6072 196.735 21
      vertex 74.2941 196.83 21
    endloop
  endfacet
  facet normal 0 0 1
    outer loop
      vertex 76.9668 176.956 21
      vertex 73 175 21
      vertex 76.7592 176.703 21
    endloop
  endfacet
  facet normal 0 0 1
    outer loop
      vertex 73 197 21
      vertex 74.2941 196.83 21
      vertex 73.9754 196.904 21
    endloop
  endfacet
  facet normal 0 0 1
    outer loop
      vertex 76.5355 176.464 21
      vertex 73 175 21
      vertex 76.2967 176.241 21
    endloop
  endfacet
  facet normal 0 0 1
    outer loop
      vertex 73 197 21
      vertex 73.9754 196.904 21
      vertex 73.6526 196.957 21
    endloop
  endfacet
  facet normal 0 0 1
    outer loop
      vertex 76.2967 176.241 21
      vertex 73 175 21
      vertex 76.0438 176.033 21
    endloop
  endfacet
  facet normal 0 0 1
    outer loop
      vertex 73 197 21
      vertex 73.6526 196.957 21
      vertex 73.327 196.989 21
    endloop
  endfacet
  facet normal 0 0 1
    outer loop
      vertex 76.0438 176.033 21
      vertex 73 175 21
      vertex 75.7778 175.843 21
    endloop
  endfacet
  facet normal 0 0 1
    outer loop
      vertex 78 192 21
      vertex 73 197 21
      vertex 65.4722 186.85 21
    endloop
  endfacet
  facet normal 0 0 1
    outer loop
      vertex 75.7778 175.843 21
      vertex 73 175 21
      vertex 75.5 175.67 21
    endloop
  endfacet
  facet normal 0 0 1
    outer loop
      vertex 75.5 175.67 21
      vertex 73 175 21
      vertex 75.2114 175.516 21
    endloop
  endfacet
  facet normal 0 0 1
    outer loop
      vertex 78 192 21
      vertex 65.6964 186.111 21
      vertex 65.7 186 21
    endloop
  endfacet
  facet normal 0 0 1
    outer loop
      vertex 78 192 21
      vertex 65.6855 186.222 21
      vertex 65.6964 186.111 21
    endloop
  endfacet
  facet normal 0 0 1
    outer loop
      vertex 78 192 21
      vertex 65.6673 186.332 21
      vertex 65.6855 186.222 21
    endloop
  endfacet
  facet normal 0 0 1
    outer loop
      vertex 78 192 21
      vertex 65.6421 186.44 21
      vertex 65.6673 186.332 21
    endloop
  endfacet
  facet normal 0 0 1
    outer loop
      vertex 78 192 21
      vertex 65.6098 186.546 21
      vertex 65.6421 186.44 21
    endloop
  endfacet
  facet normal 0 0 1
    outer loop
      vertex 78 192 21
      vertex 65.5706 186.651 21
      vertex 65.6098 186.546 21
    endloop
  endfacet
  facet normal 0 0 1
    outer loop
      vertex 78 192 21
      vertex 65.5247 186.752 21
      vertex 65.5706 186.651 21
    endloop
  endfacet
  facet normal 0 0 1
    outer loop
      vertex 78 192 21
      vertex 65.4722 186.85 21
      vertex 65.5247 186.752 21
    endloop
  endfacet
  facet normal 0 0 1
    outer loop
      vertex 73 197 21
      vertex 65.4135 186.944 21
      vertex 65.4722 186.85 21
    endloop
  endfacet
  facet normal 0 0 1
    outer loop
      vertex 73 197 21
      vertex 65.3487 187.035 21
      vertex 65.4135 186.944 21
    endloop
  endfacet
  facet normal 0 0 1
    outer loop
      vertex 73 197 21
      vertex 65.2781 187.121 21
      vertex 65.3487 187.035 21
    endloop
  endfacet
  facet normal 0 0 1
    outer loop
      vertex 73 197 21
      vertex 65.2021 187.202 21
      vertex 65.2781 187.121 21
    endloop
  endfacet
  facet normal 0 0 1
    outer loop
      vertex 73 197 21
      vertex 65.1209 187.278 21
      vertex 65.2021 187.202 21
    endloop
  endfacet
  facet normal 0 0 1
    outer loop
      vertex 73 197 21
      vertex 65.0349 187.349 21
      vertex 65.1209 187.278 21
    endloop
  endfacet
  facet normal 0 0 1
    outer loop
      vertex 73 197 21
      vertex 64.9445 187.413 21
      vertex 65.0349 187.349 21
    endloop
  endfacet
  facet normal 0 0 1
    outer loop
      vertex 73 197 21
      vertex 64.85 187.472 21
      vertex 64.9445 187.413 21
    endloop
  endfacet
  facet normal 0 0 1
    outer loop
      vertex 73 197 21
      vertex 64.7519 187.525 21
      vertex 64.85 187.472 21
    endloop
  endfacet
  facet normal 0 0 1
    outer loop
      vertex 73 197 21
      vertex 64.6506 187.571 21
      vertex 64.7519 187.525 21
    endloop
  endfacet
  facet normal 0 0 1
    outer loop
      vertex 73 197 21
      vertex 64.5464 187.61 21
      vertex 64.6506 187.571 21
    endloop
  endfacet
  facet normal 0 0 1
    outer loop
      vertex 73 197 21
      vertex 64.44 187.642 21
      vertex 64.5464 187.61 21
    endloop
  endfacet
  facet normal 0 0 1
    outer loop
      vertex 73 197 21
      vertex 64.3316 187.667 21
      vertex 64.44 187.642 21
    endloop
  endfacet
  facet normal 0 0 1
    outer loop
      vertex 73 197 21
      vertex 64.2219 187.685 21
      vertex 64.3316 187.667 21
    endloop
  endfacet
  facet normal 0 0 1
    outer loop
      vertex 73 197 21
      vertex 64.1112 187.696 21
      vertex 64.2219 187.685 21
    endloop
  endfacet
  facet normal 0 0 1
    outer loop
      vertex 73 197 21
      vertex 64 187.7 21
      vertex 64.1112 187.696 21
    endloop
  endfacet
  facet normal 0 0 1
    outer loop
      vertex 73 197 21
      vertex 63.8888 187.696 21
      vertex 64 187.7 21
    endloop
  endfacet
  facet normal 0 0 1
    outer loop
      vertex 73 197 21
      vertex 63.7781 187.685 21
      vertex 63.8888 187.696 21
    endloop
  endfacet
  facet normal 0 0 1
    outer loop
      vertex 73 197 21
      vertex 63.6683 187.667 21
      vertex 63.7781 187.685 21
    endloop
  endfacet
  facet normal 0 0 1
    outer loop
      vertex 73 197 21
      vertex 63.56 187.642 21
      vertex 63.6683 187.667 21
    endloop
  endfacet
  facet normal 0 0 1
    outer loop
      vertex 73 197 21
      vertex 63.4536 187.61 21
      vertex 63.56 187.642 21
    endloop
  endfacet
  facet normal 0 0 1
    outer loop
      vertex 73 197 21
      vertex 63.3494 187.571 21
      vertex 63.4536 187.61 21
    endloop
  endfacet
  facet normal 0 0 1
    outer loop
      vertex 73 197 21
      vertex 63.2481 187.525 21
      vertex 63.3494 187.571 21
    endloop
  endfacet
  facet normal 0 0 1
    outer loop
      vertex 73 197 21
      vertex 63.15 187.472 21
      vertex 63.2481 187.525 21
    endloop
  endfacet
  facet normal 0 0 1
    outer loop
      vertex 73 197 21
      vertex 63.0555 187.413 21
      vertex 63.15 187.472 21
    endloop
  endfacet
  facet normal -0 0 1
    outer loop
      vertex 14 197 21
      vertex 63.0555 187.413 21
      vertex 73 197 21
    endloop
  endfacet
  facet normal 0 0 1
    outer loop
      vertex 63.0555 187.413 21
      vertex 14 197 21
      vertex 62.9651 187.349 21
    endloop
  endfacet
  facet normal 0 0 1
    outer loop
      vertex 62.9651 187.349 21
      vertex 14 197 21
      vertex 62.8791 187.278 21
    endloop
  endfacet
  facet normal 0 0 1
    outer loop
      vertex 14 197 21
      vertex 62.3 186 21
      vertex 62.3036 186.111 21
    endloop
  endfacet
  facet normal 0 0 1
    outer loop
      vertex 14 197 21
      vertex 62.3036 186.111 21
      vertex 62.3145 186.222 21
    endloop
  endfacet
  facet normal 0 0 1
    outer loop
      vertex 14 197 21
      vertex 62.3145 186.222 21
      vertex 62.3327 186.332 21
    endloop
  endfacet
  facet normal 0 0 1
    outer loop
      vertex 14 197 21
      vertex 62.3327 186.332 21
      vertex 62.3579 186.44 21
    endloop
  endfacet
  facet normal 0 0 1
    outer loop
      vertex 14 197 21
      vertex 62.3579 186.44 21
      vertex 62.3902 186.546 21
    endloop
  endfacet
  facet normal 0 0 1
    outer loop
      vertex 14 197 21
      vertex 62.3902 186.546 21
      vertex 62.4294 186.651 21
    endloop
  endfacet
  facet normal 0 0 1
    outer loop
      vertex 14 197 21
      vertex 62.4294 186.651 21
      vertex 62.4753 186.752 21
    endloop
  endfacet
  facet normal 0 0 1
    outer loop
      vertex 14 197 21
      vertex 62.4753 186.752 21
      vertex 62.5278 186.85 21
    endloop
  endfacet
  facet normal 0 0 1
    outer loop
      vertex 14 197 21
      vertex 62.5278 186.85 21
      vertex 62.5865 186.944 21
    endloop
  endfacet
  facet normal 0 0 1
    outer loop
      vertex 14 197 21
      vertex 62.5865 186.944 21
      vertex 62.6513 187.035 21
    endloop
  endfacet
  facet normal 0 0 1
    outer loop
      vertex 14 197 21
      vertex 62.6513 187.035 21
      vertex 62.7219 187.121 21
    endloop
  endfacet
  facet normal 0 0 1
    outer loop
      vertex 14 197 21
      vertex 62.7219 187.121 21
      vertex 62.7979 187.202 21
    endloop
  endfacet
  facet normal 0 0 1
    outer loop
      vertex 62.8791 187.278 21
      vertex 14 197 21
      vertex 62.7979 187.202 21
    endloop
  endfacet
  facet normal 0 0 1
    outer loop
      vertex 62.3 186 21
      vertex 14 197 21
      vertex 14.2349 175 21
    endloop
  endfacet
  facet normal 0 0 1
    outer loop
      vertex 14.2349 175 21
      vertex 14 197 21
      vertex 14.1213 175.121 21
    endloop
  endfacet
  facet normal 0 0 1
    outer loop
      vertex 14.1213 175.121 21
      vertex 14 197 21
      vertex 14 175.235 21
    endloop
  endfacet
  facet normal 0 0 1
    outer loop
      vertex 75.2114 175.516 21
      vertex 73 175 21
      vertex 74.9134 175.381 21
    endloop
  endfacet
  facet normal 0 0 1
    outer loop
      vertex 74.9134 175.381 21
      vertex 73 175 21
      vertex 74.6072 175.265 21
    endloop
  endfacet
  facet normal 0 0 1
    outer loop
      vertex 74.2941 175.17 21
      vertex 73 175 21
      vertex 73.9754 175.096 21
    endloop
  endfacet
  facet normal 0 0 1
    outer loop
      vertex 73.9754 175.096 21
      vertex 73 175 21
      vertex 73.6526 175.043 21
    endloop
  endfacet
  facet normal 0 0 1
    outer loop
      vertex 73.6526 175.043 21
      vertex 73 175 21
      vertex 73.327 175.011 21
    endloop
  endfacet
  facet normal 0 0 1
    outer loop
      vertex 74.6072 175.265 21
      vertex 73 175 21
      vertex 74.2941 175.17 21
    endloop
  endfacet
  facet normal 0 0 1
    outer loop
      vertex 76.7592 176.703 21
      vertex 73 175 21
      vertex 76.5355 176.464 21
    endloop
  endfacet
  facet normal 0 0 1
    outer loop
      vertex 77.9039 179.025 21
      vertex 73 175 21
      vertex 77.8296 178.706 21
    endloop
  endfacet
  facet normal -0 0 1
    outer loop
      vertex 65.4135 185.056 21
      vertex 73 175 21
      vertex 65.4722 185.15 21
    endloop
  endfacet
  facet normal -0 0 1
    outer loop
      vertex 65.3487 184.965 21
      vertex 73 175 21
      vertex 65.4135 185.056 21
    endloop
  endfacet
  facet normal -0 0 1
    outer loop
      vertex 65.2781 184.879 21
      vertex 73 175 21
      vertex 65.3487 184.965 21
    endloop
  endfacet
  facet normal -0 0 1
    outer loop
      vertex 65.2021 184.798 21
      vertex 73 175 21
      vertex 65.2781 184.879 21
    endloop
  endfacet
  facet normal -0 0 1
    outer loop
      vertex 65.1209 184.722 21
      vertex 73 175 21
      vertex 65.2021 184.798 21
    endloop
  endfacet
  facet normal -0 0 1
    outer loop
      vertex 65.0349 184.651 21
      vertex 73 175 21
      vertex 65.1209 184.722 21
    endloop
  endfacet
  facet normal -0 0 1
    outer loop
      vertex 64.9445 184.587 21
      vertex 73 175 21
      vertex 65.0349 184.651 21
    endloop
  endfacet
  facet normal -0 0 1
    outer loop
      vertex 64.85 184.528 21
      vertex 73 175 21
      vertex 64.9445 184.587 21
    endloop
  endfacet
  facet normal -0 0 1
    outer loop
      vertex 64.7519 184.475 21
      vertex 73 175 21
      vertex 64.85 184.528 21
    endloop
  endfacet
  facet normal -0 0 1
    outer loop
      vertex 64.6506 184.429 21
      vertex 73 175 21
      vertex 64.7519 184.475 21
    endloop
  endfacet
  facet normal -0 0 1
    outer loop
      vertex 64.5464 184.39 21
      vertex 73 175 21
      vertex 64.6506 184.429 21
    endloop
  endfacet
  facet normal -0 0 1
    outer loop
      vertex 64.44 184.358 21
      vertex 73 175 21
      vertex 64.5464 184.39 21
    endloop
  endfacet
  facet normal -0 0 1
    outer loop
      vertex 64.3316 184.333 21
      vertex 73 175 21
      vertex 64.44 184.358 21
    endloop
  endfacet
  facet normal -0 0 1
    outer loop
      vertex 64.2219 184.315 21
      vertex 73 175 21
      vertex 64.3316 184.333 21
    endloop
  endfacet
  facet normal -0 0 1
    outer loop
      vertex 64.1112 184.304 21
      vertex 73 175 21
      vertex 64.2219 184.315 21
    endloop
  endfacet
  facet normal -0 0 1
    outer loop
      vertex 64 184.3 21
      vertex 73 175 21
      vertex 64.1112 184.304 21
    endloop
  endfacet
  facet normal 0 0 1
    outer loop
      vertex 63.8888 184.304 21
      vertex 73 175 21
      vertex 64 184.3 21
    endloop
  endfacet
  facet normal 0 0 1
    outer loop
      vertex 63.7781 184.315 21
      vertex 73 175 21
      vertex 63.8888 184.304 21
    endloop
  endfacet
  facet normal 0 0 1
    outer loop
      vertex 63.6683 184.333 21
      vertex 73 175 21
      vertex 63.7781 184.315 21
    endloop
  endfacet
  facet normal 0 0 1
    outer loop
      vertex 63.56 184.358 21
      vertex 73 175 21
      vertex 63.6683 184.333 21
    endloop
  endfacet
  facet normal 0 0 1
    outer loop
      vertex 63.4536 184.39 21
      vertex 73 175 21
      vertex 63.56 184.358 21
    endloop
  endfacet
  facet normal 0 0 1
    outer loop
      vertex 63.3494 184.429 21
      vertex 73 175 21
      vertex 63.4536 184.39 21
    endloop
  endfacet
  facet normal 0 0 1
    outer loop
      vertex 63.2481 184.475 21
      vertex 73 175 21
      vertex 63.3494 184.429 21
    endloop
  endfacet
  facet normal 0 0 1
    outer loop
      vertex 63.15 184.528 21
      vertex 73 175 21
      vertex 63.2481 184.475 21
    endloop
  endfacet
  facet normal 0 0 1
    outer loop
      vertex 63.0555 184.587 21
      vertex 73 175 21
      vertex 63.15 184.528 21
    endloop
  endfacet
  facet normal 0 0 1
    outer loop
      vertex 14.2349 175 21
      vertex 63.0555 184.587 21
      vertex 62.9651 184.651 21
    endloop
  endfacet
  facet normal 0 0 1
    outer loop
      vertex 14.2349 175 21
      vertex 62.9651 184.651 21
      vertex 62.8791 184.722 21
    endloop
  endfacet
  facet normal 0 0 1
    outer loop
      vertex 14.2349 175 21
      vertex 62.8791 184.722 21
      vertex 62.7979 184.798 21
    endloop
  endfacet
  facet normal 0 0 1
    outer loop
      vertex 63.0555 184.587 21
      vertex 14.2349 175 21
      vertex 73 175 21
    endloop
  endfacet
  facet normal 0 0 1
    outer loop
      vertex 62.7219 184.879 21
      vertex 14.2349 175 21
      vertex 62.7979 184.798 21
    endloop
  endfacet
  facet normal 0 0 1
    outer loop
      vertex 62.6513 184.965 21
      vertex 14.2349 175 21
      vertex 62.7219 184.879 21
    endloop
  endfacet
  facet normal 0 0 1
    outer loop
      vertex 62.5865 185.056 21
      vertex 14.2349 175 21
      vertex 62.6513 184.965 21
    endloop
  endfacet
  facet normal 0 0 1
    outer loop
      vertex 62.5278 185.15 21
      vertex 14.2349 175 21
      vertex 62.5865 185.056 21
    endloop
  endfacet
  facet normal 0 0 1
    outer loop
      vertex 62.4753 185.248 21
      vertex 14.2349 175 21
      vertex 62.5278 185.15 21
    endloop
  endfacet
  facet normal 0 0 1
    outer loop
      vertex 62.4294 185.349 21
      vertex 14.2349 175 21
      vertex 62.4753 185.248 21
    endloop
  endfacet
  facet normal 0 0 1
    outer loop
      vertex 62.3902 185.454 21
      vertex 14.2349 175 21
      vertex 62.4294 185.349 21
    endloop
  endfacet
  facet normal 0 0 1
    outer loop
      vertex 62.3579 185.56 21
      vertex 14.2349 175 21
      vertex 62.3902 185.454 21
    endloop
  endfacet
  facet normal 0 0 1
    outer loop
      vertex 62.3327 185.668 21
      vertex 14.2349 175 21
      vertex 62.3579 185.56 21
    endloop
  endfacet
  facet normal 0 0 1
    outer loop
      vertex 62.3145 185.778 21
      vertex 14.2349 175 21
      vertex 62.3327 185.668 21
    endloop
  endfacet
  facet normal 0 0 1
    outer loop
      vertex 62.3036 185.889 21
      vertex 14.2349 175 21
      vertex 62.3145 185.778 21
    endloop
  endfacet
  facet normal 0 0 1
    outer loop
      vertex 14.2349 175 21
      vertex 62.3036 185.889 21
      vertex 62.3 186 21
    endloop
  endfacet
  facet normal 0.986575 0.163306 2.18545e-20
    outer loop
      vertex 77.9572 192.653 21
      vertex 77.9039 192.975 0
      vertex 77.9039 192.975 21
    endloop
  endfacet
  facet normal 0.986575 0.163306 2.18545e-20
    outer loop
      vertex 77.9039 192.975 0
      vertex 77.9572 192.653 21
      vertex 77.9572 192.653 0
    endloop
  endfacet
  facet normal 0.773058 0.634335 1.15922e-20
    outer loop
      vertex 76.9668 195.044 21
      vertex 76.7592 195.297 0
      vertex 76.7592 195.297 21
    endloop
  endfacet
  facet normal 0.773058 0.634335 1.15922e-20
    outer loop
      vertex 76.7592 195.297 0
      vertex 76.9668 195.044 21
      vertex 76.9668 195.044 0
    endloop
  endfacet
  facet normal 0.412651 0.910889 -0
    outer loop
      vertex 75.2114 196.484 0
      vertex 74.9134 196.619 21
      vertex 75.2114 196.484 21
    endloop
  endfacet
  facet normal 0.412651 0.910889 0
    outer loop
      vertex 74.9134 196.619 21
      vertex 75.2114 196.484 0
      vertex 74.9134 196.619 0
    endloop
  endfacet
  facet normal 0.471228 -0.882011 0
    outer loop
      vertex 9.65373 30.6188 54
      vertex 10 30.8038 75
      vertex 9.65373 30.6188 75
    endloop
  endfacet
  facet normal 0.471228 -0.882011 0
    outer loop
      vertex 10 30.8038 75
      vertex 9.65373 30.6188 54
      vertex 10 30.8038 54
    endloop
  endfacet
  facet normal 0.999468 -0.0326024 1.67326e-21
    outer loop
      vertex 12.9872 35.6076 75
      vertex 13 36 54
      vertex 13 36 75
    endloop
  endfacet
  facet normal 0.999468 -0.0326024 1.67326e-21
    outer loop
      vertex 13 36 54
      vertex 12.9872 35.6076 75
      vertex 12.9872 35.6076 54
    endloop
  endfacet
  facet normal 0.999467 0.0326357 3.26433e-20
    outer loop
      vertex 13 184 75
      vertex 12.9872 184.392 54
      vertex 12.9872 184.392 75
    endloop
  endfacet
  facet normal 0.999467 0.0326357 3.26433e-20
    outer loop
      vertex 12.9872 184.392 54
      vertex 13 184 75
      vertex 13 184 54
    endloop
  endfacet
  facet normal -0.29034 -0.956924 0
    outer loop
      vertex 4.07136 30.3184 54
      vertex 4.44709 30.2044 75
      vertex 4.07136 30.3184 75
    endloop
  endfacet
  facet normal -0.29034 -0.956924 -0
    outer loop
      vertex 4.44709 30.2044 75
      vertex 4.07136 30.3184 54
      vertex 4.44709 30.2044 54
    endloop
  endfacet
  facet normal 0.353805 0.935319 -0
    outer loop
      vertex 9.2961 189.543 54
      vertex 8.92864 189.682 75
      vertex 9.2961 189.543 75
    endloop
  endfacet
  facet normal 0.353805 0.935319 0
    outer loop
      vertex 8.92864 189.682 75
      vertex 9.2961 189.543 54
      vertex 8.92864 189.682 54
    endloop
  endfacet
  facet normal -0.881939 -0.471363 4.28703e-19
    outer loop
      vertex 0.803847 33 54
      vertex 0.618763 33.3463 75
      vertex 0.618763 33.3463 54
    endloop
  endfacet
  facet normal -0.881939 -0.471363 4.28703e-19
    outer loop
      vertex 0.618763 33.3463 75
      vertex 0.803847 33 54
      vertex 0.803847 33 75
    endloop
  endfacet
  facet normal -0.848904 0.528546 5.34703e-19
    outer loop
      vertex 0.803847 187 54
      vertex 1.01118 187.333 75
      vertex 1.01118 187.333 54
    endloop
  endfacet
  facet normal -0.848904 0.528546 5.34703e-19
    outer loop
      vertex 1.01118 187.333 75
      vertex 0.803847 187 54
      vertex 0.803847 187 75
    endloop
  endfacet
  facet normal 0.956982 0.290149 -1.06462e-19
    outer loop
      vertex 12.7956 185.553 75
      vertex 12.6816 185.929 54
      vertex 12.6816 185.929 75
    endloop
  endfacet
  facet normal 0.956982 0.290149 -1.06462e-19
    outer loop
      vertex 12.6816 185.929 54
      vertex 12.7956 185.553 75
      vertex 12.7956 185.553 54
    endloop
  endfacet
  facet normal -0.999465 -0.0327195 4.34436e-20
    outer loop
      vertex 0.012846 35.6076 54
      vertex 0 36 75
      vertex 0 36 54
    endloop
  endfacet
  facet normal -0.999465 -0.0327195 4.34436e-20
    outer loop
      vertex 0 36 75
      vertex 0.012846 35.6076 54
      vertex 0.012846 35.6076 75
    endloop
  endfacet
  facet normal 0.973913 -0.226924 2.21287e-19
    outer loop
      vertex 12.7956 34.4471 75
      vertex 12.8847 34.8295 54
      vertex 12.8847 34.8295 75
    endloop
  endfacet
  facet normal 0.973913 -0.226924 2.21287e-19
    outer loop
      vertex 12.8847 34.8295 54
      vertex 12.7956 34.4471 75
      vertex 12.7956 34.4471 54
    endloop
  endfacet
  facet normal 0 0 1
    outer loop
      vertex 0 184 75
      vertex 13 184 75
      vertex 12.9872 184.392 75
    endloop
  endfacet
  facet normal 0 0 1
    outer loop
      vertex 13 184 75
      vertex 0 184 75
      vertex 13 36 75
    endloop
  endfacet
  facet normal 0 0 1
    outer loop
      vertex 0 184 75
      vertex 12.9872 184.392 75
      vertex 12.9487 184.783 75
    endloop
  endfacet
  facet normal 0 0 1
    outer loop
      vertex 0 36 75
      vertex 13 36 75
      vertex 0 184 75
    endloop
  endfacet
  facet normal 0 0 1
    outer loop
      vertex 0 184 75
      vertex 12.9487 184.783 75
      vertex 12.8847 185.171 75
    endloop
  endfacet
  facet normal 0 0 1
    outer loop
      vertex 13 36 75
      vertex 0 36 75
      vertex 12.9872 35.6076 75
    endloop
  endfacet
  facet normal 0 0 1
    outer loop
      vertex 0 184 75
      vertex 12.8847 185.171 75
      vertex 12.7956 185.553 75
    endloop
  endfacet
  facet normal 0 0 1
    outer loop
      vertex 12.9872 35.6076 75
      vertex 0 36 75
      vertex 12.9487 35.2168 75
    endloop
  endfacet
  facet normal 0 0 1
    outer loop
      vertex 0 184 75
      vertex 12.7956 185.553 75
      vertex 12.6816 185.929 75
    endloop
  endfacet
  facet normal 0 0 1
    outer loop
      vertex 12.9487 35.2168 75
      vertex 0 36 75
      vertex 12.8847 34.8295 75
    endloop
  endfacet
  facet normal 0 0 1
    outer loop
      vertex 0 184 75
      vertex 12.6816 185.929 75
      vertex 12.5433 186.296 75
    endloop
  endfacet
  facet normal 0 0 1
    outer loop
      vertex 12.8847 34.8295 75
      vertex 0 36 75
      vertex 12.7956 34.4471 75
    endloop
  endfacet
  facet normal 0 0 1
    outer loop
      vertex 0 184 75
      vertex 12.5433 186.296 75
      vertex 12.3812 186.654 75
    endloop
  endfacet
  facet normal 0 0 1
    outer loop
      vertex 12.7956 34.4471 75
      vertex 0 36 75
      vertex 12.6816 34.0714 75
    endloop
  endfacet
  facet normal 0 0 1
    outer loop
      vertex 0 184 75
      vertex 12.3812 186.654 75
      vertex 12.1962 187 75
    endloop
  endfacet
  facet normal 0 0 1
    outer loop
      vertex 12.6816 34.0714 75
      vertex 0 36 75
      vertex 12.5433 33.7039 75
    endloop
  endfacet
  facet normal 0 0 1
    outer loop
      vertex 0 184 75
      vertex 12.1962 187 75
      vertex 11.9888 187.333 75
    endloop
  endfacet
  facet normal 0 0 1
    outer loop
      vertex 12.5433 33.7039 75
      vertex 0 36 75
      vertex 12.3812 33.3463 75
    endloop
  endfacet
  facet normal 0 0 1
    outer loop
      vertex 0 184 75
      vertex 11.9888 187.333 75
      vertex 11.7601 187.653 75
    endloop
  endfacet
  facet normal 0 0 1
    outer loop
      vertex 12.3812 33.3463 75
      vertex 0 36 75
      vertex 12.1962 33 75
    endloop
  endfacet
  facet normal 0 0 1
    outer loop
      vertex 0 184 75
      vertex 11.7601 187.653 75
      vertex 11.511 187.956 75
    endloop
  endfacet
  facet normal 0 0 1
    outer loop
      vertex 12.1962 33 75
      vertex 0 36 75
      vertex 11.9888 32.6666 75
    endloop
  endfacet
  facet normal 0 0 1
    outer loop
      vertex 0 184 75
      vertex 11.511 187.956 75
      vertex 11.2426 188.243 75
    endloop
  endfacet
  facet normal 0 0 1
    outer loop
      vertex 11.9888 32.6666 75
      vertex 0 36 75
      vertex 11.7601 32.3474 75
    endloop
  endfacet
  facet normal 0 0 1
    outer loop
      vertex 0 184 75
      vertex 11.2426 188.243 75
      vertex 10.9561 188.511 75
    endloop
  endfacet
  facet normal 0 0 1
    outer loop
      vertex 11.7601 32.3474 75
      vertex 0 36 75
      vertex 11.511 32.0439 75
    endloop
  endfacet
  facet normal 0 0 1
    outer loop
      vertex 0 184 75
      vertex 10.9561 188.511 75
      vertex 10.6526 188.76 75
    endloop
  endfacet
  facet normal 0 0 1
    outer loop
      vertex 11.511 32.0439 75
      vertex 0 36 75
      vertex 11.2426 31.7574 75
    endloop
  endfacet
  facet normal 0 0 1
    outer loop
      vertex 0 184 75
      vertex 10.6526 188.76 75
      vertex 10.3334 188.989 75
    endloop
  endfacet
  facet normal 0 0 1
    outer loop
      vertex 11.2426 31.7574 75
      vertex 0 36 75
      vertex 10.9561 31.489 75
    endloop
  endfacet
  facet normal 0 0 1
    outer loop
      vertex 0 184 75
      vertex 10.3334 188.989 75
      vertex 10 189.196 75
    endloop
  endfacet
  facet normal 0 0 1
    outer loop
      vertex 10.9561 31.489 75
      vertex 0 36 75
      vertex 10.6526 31.2399 75
    endloop
  endfacet
  facet normal 0 0 1
    outer loop
      vertex 0 184 75
      vertex 10 189.196 75
      vertex 9.65373 189.381 75
    endloop
  endfacet
  facet normal 0 0 1
    outer loop
      vertex 10.6526 31.2399 75
      vertex 0 36 75
      vertex 10.3334 31.0112 75
    endloop
  endfacet
  facet normal 0 0 1
    outer loop
      vertex 0 184 75
      vertex 9.65373 189.381 75
      vertex 9.2961 189.543 75
    endloop
  endfacet
  facet normal 0 0 1
    outer loop
      vertex 10.3334 31.0112 75
      vertex 0 36 75
      vertex 10 30.8038 75
    endloop
  endfacet
  facet normal 0 0 1
    outer loop
      vertex 0 184 75
      vertex 9.2961 189.543 75
      vertex 8.92864 189.682 75
    endloop
  endfacet
  facet normal 0 0 1
    outer loop
      vertex 10 30.8038 75
      vertex 0 36 75
      vertex 9.65373 30.6188 75
    endloop
  endfacet
  facet normal 0 0 1
    outer loop
      vertex 0 184 75
      vertex 8.92864 189.682 75
      vertex 8.55291 189.796 75
    endloop
  endfacet
  facet normal 0 0 1
    outer loop
      vertex 9.65373 30.6188 75
      vertex 0 36 75
      vertex 9.2961 30.4567 75
    endloop
  endfacet
  facet normal 0 0 1
    outer loop
      vertex 0 184 75
      vertex 8.55291 189.796 75
      vertex 8.17054 189.885 75
    endloop
  endfacet
  facet normal 0 0 1
    outer loop
      vertex 9.2961 30.4567 75
      vertex 0 36 75
      vertex 8.92864 30.3184 75
    endloop
  endfacet
  facet normal 0 0 1
    outer loop
      vertex 0 184 75
      vertex 8.17054 189.885 75
      vertex 7.78316 189.949 75
    endloop
  endfacet
  facet normal 0 0 1
    outer loop
      vertex 8.92864 30.3184 75
      vertex 0 36 75
      vertex 8.55291 30.2044 75
    endloop
  endfacet
  facet normal 0 0 1
    outer loop
      vertex 0 184 75
      vertex 7.78316 189.949 75
      vertex 7.39242 189.987 75
    endloop
  endfacet
  facet normal 0 0 1
    outer loop
      vertex 8.55291 30.2044 75
      vertex 0 36 75
      vertex 8.17054 30.1153 75
    endloop
  endfacet
  facet normal 0 0 1
    outer loop
      vertex 0 184 75
      vertex 7.39242 189.987 75
      vertex 7 190 75
    endloop
  endfacet
  facet normal 0 0 1
    outer loop
      vertex 8.17054 30.1153 75
      vertex 0 36 75
      vertex 7.78316 30.0513 75
    endloop
  endfacet
  facet normal 0 0 1
    outer loop
      vertex 0 184 75
      vertex 7 190 75
      vertex 6 190 75
    endloop
  endfacet
  facet normal 0 0 1
    outer loop
      vertex 7.78316 30.0513 75
      vertex 0 36 75
      vertex 7.39242 30.0128 75
    endloop
  endfacet
  facet normal 0 0 1
    outer loop
      vertex 0 184 75
      vertex 6 190 75
      vertex 5.60758 189.987 75
    endloop
  endfacet
  facet normal 0 0 1
    outer loop
      vertex 7.39242 30.0128 75
      vertex 0 36 75
      vertex 7 30 75
    endloop
  endfacet
  facet normal 0 0 1
    outer loop
      vertex 0 184 75
      vertex 5.60758 189.987 75
      vertex 5.21684 189.949 75
    endloop
  endfacet
  facet normal 0 0 1
    outer loop
      vertex 7 30 75
      vertex 0 36 75
      vertex 6 30 75
    endloop
  endfacet
  facet normal 0 0 1
    outer loop
      vertex 0 184 75
      vertex 5.21684 189.949 75
      vertex 4.82946 189.885 75
    endloop
  endfacet
  facet normal 0 0 1
    outer loop
      vertex 6 30 75
      vertex 0 36 75
      vertex 5.60758 30.0128 75
    endloop
  endfacet
  facet normal 0 0 1
    outer loop
      vertex 0 184 75
      vertex 4.82946 189.885 75
      vertex 4.44709 189.796 75
    endloop
  endfacet
  facet normal 0 0 1
    outer loop
      vertex 5.60758 30.0128 75
      vertex 0 36 75
      vertex 5.21684 30.0513 75
    endloop
  endfacet
  facet normal 0 0 1
    outer loop
      vertex 0 184 75
      vertex 4.44709 189.796 75
      vertex 4.07136 189.682 75
    endloop
  endfacet
  facet normal 0 0 1
    outer loop
      vertex 5.21684 30.0513 75
      vertex 0 36 75
      vertex 4.82946 30.1153 75
    endloop
  endfacet
  facet normal 0 0 1
    outer loop
      vertex 0 184 75
      vertex 4.07136 189.682 75
      vertex 3.7039 189.543 75
    endloop
  endfacet
  facet normal 0 0 1
    outer loop
      vertex 4.82946 30.1153 75
      vertex 0 36 75
      vertex 4.44709 30.2044 75
    endloop
  endfacet
  facet normal 0 0 1
    outer loop
      vertex 0 184 75
      vertex 3.7039 189.543 75
      vertex 3.34627 189.381 75
    endloop
  endfacet
  facet normal 0 0 1
    outer loop
      vertex 4.44709 30.2044 75
      vertex 0 36 75
      vertex 4.07136 30.3184 75
    endloop
  endfacet
  facet normal 0 0 1
    outer loop
      vertex 0 184 75
      vertex 3.34627 189.381 75
      vertex 3 189.196 75
    endloop
  endfacet
  facet normal 0 0 1
    outer loop
      vertex 4.07136 30.3184 75
      vertex 0 36 75
      vertex 3.7039 30.4567 75
    endloop
  endfacet
  facet normal 0 0 1
    outer loop
      vertex 0 184 75
      vertex 3 189.196 75
      vertex 2.66658 188.989 75
    endloop
  endfacet
  facet normal 0 0 1
    outer loop
      vertex 3.7039 30.4567 75
      vertex 0 36 75
      vertex 3.34627 30.6188 75
    endloop
  endfacet
  facet normal 0 0 1
    outer loop
      vertex 0 184 75
      vertex 2.66658 188.989 75
      vertex 2.34743 188.76 75
    endloop
  endfacet
  facet normal 0 0 1
    outer loop
      vertex 3.34627 30.6188 75
      vertex 0 36 75
      vertex 3 30.8038 75
    endloop
  endfacet
  facet normal 0 0 1
    outer loop
      vertex 0 184 75
      vertex 2.34743 188.76 75
      vertex 2.04392 188.511 75
    endloop
  endfacet
  facet normal 0 0 1
    outer loop
      vertex 3 30.8038 75
      vertex 0 36 75
      vertex 2.66658 31.0112 75
    endloop
  endfacet
  facet normal 0 0 1
    outer loop
      vertex 0 184 75
      vertex 2.04392 188.511 75
      vertex 1.75736 188.243 75
    endloop
  endfacet
  facet normal 0 0 1
    outer loop
      vertex 2.66658 31.0112 75
      vertex 0 36 75
      vertex 2.34743 31.2399 75
    endloop
  endfacet
  facet normal 0 0 1
    outer loop
      vertex 0 184 75
      vertex 1.75736 188.243 75
      vertex 1.48896 187.956 75
    endloop
  endfacet
  facet normal 0 0 1
    outer loop
      vertex 2.34743 31.2399 75
      vertex 0 36 75
      vertex 2.04392 31.489 75
    endloop
  endfacet
  facet normal 0 0 1
    outer loop
      vertex 0 184 75
      vertex 1.48896 187.956 75
      vertex 1.23988 187.653 75
    endloop
  endfacet
  facet normal 0 0 1
    outer loop
      vertex 2.04392 31.489 75
      vertex 0 36 75
      vertex 1.75736 31.7574 75
    endloop
  endfacet
  facet normal 0 0 1
    outer loop
      vertex 0 184 75
      vertex 1.23988 187.653 75
      vertex 1.01118 187.333 75
    endloop
  endfacet
  facet normal 0 0 1
    outer loop
      vertex 1.75736 31.7574 75
      vertex 0 36 75
      vertex 1.48896 32.0439 75
    endloop
  endfacet
  facet normal 0 0 1
    outer loop
      vertex 0 184 75
      vertex 1.01118 187.333 75
      vertex 0.803847 187 75
    endloop
  endfacet
  facet normal 0 0 1
    outer loop
      vertex 1.48896 32.0439 75
      vertex 0 36 75
      vertex 1.23988 32.3474 75
    endloop
  endfacet
  facet normal 0 0 1
    outer loop
      vertex 0 184 75
      vertex 0.803847 187 75
      vertex 0.618763 186.654 75
    endloop
  endfacet
  facet normal 0 0 1
    outer loop
      vertex 1.23988 32.3474 75
      vertex 0 36 75
      vertex 1.01118 32.6666 75
    endloop
  endfacet
  facet normal 0 0 1
    outer loop
      vertex 0 184 75
      vertex 0.618763 186.654 75
      vertex 0.456722 186.296 75
    endloop
  endfacet
  facet normal 0 0 1
    outer loop
      vertex 1.01118 32.6666 75
      vertex 0 36 75
      vertex 0.803847 33 75
    endloop
  endfacet
  facet normal 0 0 1
    outer loop
      vertex 0 184 75
      vertex 0.456722 186.296 75
      vertex 0.318419 185.929 75
    endloop
  endfacet
  facet normal 0 0 1
    outer loop
      vertex 0.803847 33 75
      vertex 0 36 75
      vertex 0.618763 33.3463 75
    endloop
  endfacet
  facet normal 0 0 1
    outer loop
      vertex 0 184 75
      vertex 0.318419 185.929 75
      vertex 0.204445 185.553 75
    endloop
  endfacet
  facet normal 0 0 1
    outer loop
      vertex 0.618763 33.3463 75
      vertex 0 36 75
      vertex 0.456722 33.7039 75
    endloop
  endfacet
  facet normal 0 0 1
    outer loop
      vertex 0 184 75
      vertex 0.204445 185.553 75
      vertex 0.115288 185.171 75
    endloop
  endfacet
  facet normal 0 0 1
    outer loop
      vertex 0.456722 33.7039 75
      vertex 0 36 75
      vertex 0.318419 34.0714 75
    endloop
  endfacet
  facet normal 0 0 1
    outer loop
      vertex 0 184 75
      vertex 0.115288 185.171 75
      vertex 0.0513306 184.783 75
    endloop
  endfacet
  facet normal 0 0 1
    outer loop
      vertex 0.318419 34.0714 75
      vertex 0 36 75
      vertex 0.204445 34.4471 75
    endloop
  endfacet
  facet normal 0 0 1
    outer loop
      vertex 0 184 75
      vertex 0.0513306 184.783 75
      vertex 0.012846 184.392 75
    endloop
  endfacet
  facet normal 0 0 1
    outer loop
      vertex 0.204445 34.4471 75
      vertex 0 36 75
      vertex 0.115288 34.8295 75
    endloop
  endfacet
  facet normal 0 0 1
    outer loop
      vertex 0.115288 34.8295 75
      vertex 0 36 75
      vertex 0.0513306 35.2168 75
    endloop
  endfacet
  facet normal 0 0 1
    outer loop
      vertex 0.0513306 35.2168 75
      vertex 0 36 75
      vertex 0.012846 35.6076 75
    endloop
  endfacet
  facet normal 0.848828 0.528669 -2.25235e-19
    outer loop
      vertex 12.1962 187 75
      vertex 11.9888 187.333 54
      vertex 11.9888 187.333 75
    endloop
  endfacet
  facet normal 0.848828 0.528669 -2.25235e-19
    outer loop
      vertex 11.9888 187.333 54
      vertex 12.1962 187 75
      vertex 12.1962 187 54
    endloop
  endfacet
  facet normal -0.730378 0.683043 6.78714e-19
    outer loop
      vertex 1.48896 187.956 54
      vertex 1.75736 188.243 75
      vertex 1.75736 188.243 54
    endloop
  endfacet
  facet normal -0.730378 0.683043 6.78714e-19
    outer loop
      vertex 1.75736 188.243 75
      vertex 1.48896 187.956 54
      vertex 1.48896 187.956 75
    endloop
  endfacet
  facet normal -1 0 0
    outer loop
      vertex 0 64 54
      vertex 0 36 54
      vertex 0 64 70
    endloop
  endfacet
  facet normal -1 0 0
    outer loop
      vertex 0 128 54
      vertex 0 92 54
      vertex 0 128 70
    endloop
  endfacet
  facet normal -1 0 0
    outer loop
      vertex 0 156 70
      vertex 0 184 54
      vertex 0 156 54
    endloop
  endfacet
  facet normal -1 0 0
    outer loop
      vertex 0 184 54
      vertex 0 156 70
      vertex 0 184 75
    endloop
  endfacet
  facet normal -1 0 0
    outer loop
      vertex 0 128 70
      vertex 0 184 75
      vertex 0 156 70
    endloop
  endfacet
  facet normal -1 0 0
    outer loop
      vertex 0 92 70
      vertex 0 128 70
      vertex 0 92 54
    endloop
  endfacet
  facet normal -1 0 0
    outer loop
      vertex 0 92 70
      vertex 0 184 75
      vertex 0 128 70
    endloop
  endfacet
  facet normal -1 0 0
    outer loop
      vertex 0 36 75
      vertex 0 92 70
      vertex 0 64 70
    endloop
  endfacet
  facet normal -1 0 0
    outer loop
      vertex 0 92 70
      vertex 0 36 75
      vertex 0 184 75
    endloop
  endfacet
  facet normal -1 0 0
    outer loop
      vertex 0 36 75
      vertex 0 64 70
      vertex 0 36 54
    endloop
  endfacet
  facet normal -0.353805 0.935319 0
    outer loop
      vertex 4.07136 189.682 54
      vertex 3.7039 189.543 75
      vertex 4.07136 189.682 75
    endloop
  endfacet
  facet normal -0.353805 0.935319 0
    outer loop
      vertex 3.7039 189.543 75
      vertex 4.07136 189.682 54
      vertex 3.7039 189.543 54
    endloop
  endfacet
  facet normal 0.528212 -0.849112 0
    outer loop
      vertex 10 30.8038 54
      vertex 10.3334 31.0112 75
      vertex 10 30.8038 75
    endloop
  endfacet
  facet normal 0.528212 -0.849112 0
    outer loop
      vertex 10.3334 31.0112 75
      vertex 10 30.8038 54
      vertex 10.3334 31.0112 54
    endloop
  endfacet
  facet normal 0.995182 -0.0980413 9.68172e-20
    outer loop
      vertex 12.9487 35.2168 75
      vertex 12.9872 35.6076 54
      vertex 12.9872 35.6076 75
    endloop
  endfacet
  facet normal 0.995182 -0.0980413 9.68172e-20
    outer loop
      vertex 12.9872 35.6076 54
      vertex 12.9487 35.2168 75
      vertex 12.9487 35.2168 54
    endloop
  endfacet
  facet normal 1 0 0
    outer loop
      vertex 13 184 75
      vertex 13 182 60
      vertex 13 184 54
    endloop
  endfacet
  facet normal 1 0 0
    outer loop
      vertex 13 184 75
      vertex 13 156 70
      vertex 13 182 60
    endloop
  endfacet
  facet normal 1 0 0
    outer loop
      vertex 13 184 75
      vertex 13 128 70
      vertex 13 156 70
    endloop
  endfacet
  facet normal 1 0 0
    outer loop
      vertex 13 128 70
      vertex 13 92 70
      vertex 13 128 60
    endloop
  endfacet
  facet normal 1 0 0
    outer loop
      vertex 13 184 75
      vertex 13 92 70
      vertex 13 128 70
    endloop
  endfacet
  facet normal 1 -0 0
    outer loop
      vertex 13 36 75
      vertex 13 92 70
      vertex 13 184 75
    endloop
  endfacet
  facet normal 1 0 0
    outer loop
      vertex 13 64 70
      vertex 13 38 60
      vertex 13 64 60
    endloop
  endfacet
  facet normal 1 0 0
    outer loop
      vertex 13 36 54
      vertex 13 38 60
      vertex 13 36 75
    endloop
  endfacet
  facet normal 1 0 0
    outer loop
      vertex 13 64 70
      vertex 13 36 75
      vertex 13 38 60
    endloop
  endfacet
  facet normal 1 0 0
    outer loop
      vertex 13 92 70
      vertex 13 36 75
      vertex 13 64 70
    endloop
  endfacet
  facet normal 1 -0 0
    outer loop
      vertex 13 182 55
      vertex 13 184 54
      vertex 13 182 60
    endloop
  endfacet
  facet normal 1 0 0
    outer loop
      vertex 13 156 54
      vertex 13 182 55
      vertex 13 156 55
    endloop
  endfacet
  facet normal 1 0 0
    outer loop
      vertex 13 182 55
      vertex 13 156 54
      vertex 13 184 54
    endloop
  endfacet
  facet normal 1 0 0
    outer loop
      vertex 13 182 60
      vertex 13 156 70
      vertex 13 156 60
    endloop
  endfacet
  facet normal 1 0 0
    outer loop
      vertex 13 128 60
      vertex 13 92 70
      vertex 13 92 60
    endloop
  endfacet
  facet normal 1 -0 0
    outer loop
      vertex 13 38 55
      vertex 13 64 54
      vertex 13 64 55
    endloop
  endfacet
  facet normal 1 0 0
    outer loop
      vertex 13 38 55
      vertex 13 36 54
      vertex 13 64 54
    endloop
  endfacet
  facet normal 1 0 0
    outer loop
      vertex 13 38 60
      vertex 13 36 54
      vertex 13 38 55
    endloop
  endfacet
  facet normal 1 -0 0
    outer loop
      vertex 13 92 55
      vertex 13 128 54
      vertex 13 128 55
    endloop
  endfacet
  facet normal 1 0 0
    outer loop
      vertex 13 128 54
      vertex 13 92 55
      vertex 13 92 54
    endloop
  endfacet
  facet normal 0.0980562 -0.995181 0
    outer loop
      vertex 7.39242 30.0128 54
      vertex 7.78316 30.0513 75
      vertex 7.39242 30.0128 75
    endloop
  endfacet
  facet normal 0.0980562 -0.995181 0
    outer loop
      vertex 7.78316 30.0513 75
      vertex 7.39242 30.0128 54
      vertex 7.78316 30.0513 54
    endloop
  endfacet
  facet normal -0.957 0.290088 2.41372e-20
    outer loop
      vertex 0.204445 185.553 54
      vertex 0.318419 185.929 75
      vertex 0.318419 185.929 54
    endloop
  endfacet
  facet normal -0.957 0.290088 2.41372e-20
    outer loop
      vertex 0.318419 185.929 75
      vertex 0.204445 185.553 54
      vertex 0.204445 185.553 75
    endloop
  endfacet
  facet normal -0.0967947 0.995304 0
    outer loop
      vertex 5.60758 189.987 54
      vertex 5.21684 189.949 75
      vertex 5.60758 189.987 75
    endloop
  endfacet
  facet normal -0.0967947 0.995304 0
    outer loop
      vertex 5.21684 189.949 75
      vertex 5.60758 189.987 54
      vertex 5.21684 189.949 54
    endloop
  endfacet
  facet normal -0.999463 0.0327528 3.54854e-20
    outer loop
      vertex 0 184 54
      vertex 0.012846 184.392 75
      vertex 0.012846 184.392 54
    endloop
  endfacet
  facet normal -0.999463 0.0327528 3.54854e-20
    outer loop
      vertex 0.012846 184.392 75
      vertex 0 184 54
      vertex 0 184 75
    endloop
  endfacet
  facet normal -0.527454 0.849583 0
    outer loop
      vertex 3 189.196 54
      vertex 2.66658 188.989 75
      vertex 3 189.196 75
    endloop
  endfacet
  facet normal -0.527454 0.849583 0
    outer loop
      vertex 2.66658 188.989 75
      vertex 3 189.196 54
      vertex 2.66658 188.989 54
    endloop
  endfacet
  facet normal 0.881859 0.471514 -1.35823e-19
    outer loop
      vertex 12.3812 186.654 75
      vertex 12.1962 187 54
      vertex 12.1962 187 75
    endloop
  endfacet
  facet normal 0.881859 0.471514 -1.35823e-19
    outer loop
      vertex 12.1962 187 54
      vertex 12.3812 186.654 75
      vertex 12.3812 186.654 54
    endloop
  endfacet
  facet normal -0.0980562 -0.995181 0
    outer loop
      vertex 5.21684 30.0513 54
      vertex 5.60758 30.0128 75
      vertex 5.21684 30.0513 75
    endloop
  endfacet
  facet normal -0.0980562 -0.995181 -0
    outer loop
      vertex 5.60758 30.0128 75
      vertex 5.21684 30.0513 54
      vertex 5.60758 30.0128 54
    endloop
  endfacet
  facet normal 0.634278 0.773105 -0
    outer loop
      vertex 10.9561 188.511 54
      vertex 10.6526 188.76 75
      vertex 10.9561 188.511 75
    endloop
  endfacet
  facet normal 0.634278 0.773105 0
    outer loop
      vertex 10.6526 188.76 75
      vertex 10.9561 188.511 54
      vertex 10.6526 188.76 54
    endloop
  endfacet
  facet normal 0.0967947 0.995304 -0
    outer loop
      vertex 7.78316 189.949 54
      vertex 7.39242 189.987 75
      vertex 7.78316 189.949 75
    endloop
  endfacet
  facet normal 0.0967947 0.995304 0
    outer loop
      vertex 7.39242 189.987 75
      vertex 7.78316 189.949 54
      vertex 7.39242 189.987 54
    endloop
  endfacet
  facet normal -0.352245 -0.935908 0
    outer loop
      vertex 3.7039 30.4567 54
      vertex 4.07136 30.3184 75
      vertex 3.7039 30.4567 75
    endloop
  endfacet
  facet normal -0.352245 -0.935908 -0
    outer loop
      vertex 4.07136 30.3184 75
      vertex 3.7039 30.4567 54
      vertex 4.07136 30.3184 54
    endloop
  endfacet
  facet normal -0.634417 -0.772991 0
    outer loop
      vertex 2.04392 31.489 54
      vertex 2.34743 31.2399 75
      vertex 2.04392 31.489 75
    endloop
  endfacet
  facet normal -0.634417 -0.772991 -0
    outer loop
      vertex 2.34743 31.2399 75
      vertex 2.04392 31.489 54
      vertex 2.34743 31.2399 54
    endloop
  endfacet
  facet normal -0.772492 0.635024 -5.17442e-19
    outer loop
      vertex 1.23988 187.653 54
      vertex 1.48896 187.956 75
      vertex 1.48896 187.956 54
    endloop
  endfacet
  facet normal -0.772492 0.635024 -5.17442e-19
    outer loop
      vertex 1.48896 187.956 75
      vertex 1.23988 187.653 54
      vertex 1.23988 187.653 75
    endloop
  endfacet
  facet normal -0.812889 -0.582418 -1.12667e-19
    outer loop
      vertex 1.23988 32.3474 54
      vertex 1.01118 32.6666 75
      vertex 1.01118 32.6666 54
    endloop
  endfacet
  facet normal -0.812889 -0.582418 -1.12667e-19
    outer loop
      vertex 1.01118 32.6666 75
      vertex 1.23988 32.3474 54
      vertex 1.23988 32.3474 75
    endloop
  endfacet
  facet normal 0.97386 0.227149 2.36004e-19
    outer loop
      vertex 12.8847 185.171 75
      vertex 12.7956 185.553 54
      vertex 12.7956 185.553 75
    endloop
  endfacet
  facet normal 0.97386 0.227149 2.36004e-19
    outer loop
      vertex 12.7956 185.553 54
      vertex 12.8847 185.171 75
      vertex 12.8847 185.171 54
    endloop
  endfacet
  facet normal 0.730378 0.683043 3.16894e-19
    outer loop
      vertex 11.511 187.956 75
      vertex 11.2426 188.243 54
      vertex 11.2426 188.243 75
    endloop
  endfacet
  facet normal 0.730378 0.683043 3.16894e-19
    outer loop
      vertex 11.2426 188.243 54
      vertex 11.511 187.956 75
      vertex 11.511 187.956 54
    endloop
  endfacet
  facet normal 0.849112 -0.528212 -5.08726e-19
    outer loop
      vertex 11.9888 32.6666 75
      vertex 12.1962 33 54
      vertex 12.1962 33 75
    endloop
  endfacet
  facet normal 0.849112 -0.528212 -5.08726e-19
    outer loop
      vertex 12.1962 33 54
      vertex 11.9888 32.6666 75
      vertex 11.9888 32.6666 54
    endloop
  endfacet
  facet normal 0.729783 -0.683678 1.31004e-20
    outer loop
      vertex 11.2426 31.7574 75
      vertex 11.511 32.0439 54
      vertex 11.511 32.0439 75
    endloop
  endfacet
  facet normal 0.729783 -0.683678 1.31004e-20
    outer loop
      vertex 11.511 32.0439 54
      vertex 11.2426 31.7574 75
      vertex 11.2426 31.7574 54
    endloop
  endfacet
  facet normal 0.63443 -0.77298 0
    outer loop
      vertex 10.6526 31.2399 54
      vertex 10.9561 31.489 75
      vertex 10.6526 31.2399 75
    endloop
  endfacet
  facet normal 0.63443 -0.77298 0
    outer loop
      vertex 10.9561 31.489 75
      vertex 10.6526 31.2399 54
      vertex 10.9561 31.489 54
    endloop
  endfacet
  facet normal -0.412834 -0.910806 0
    outer loop
      vertex 3.34627 30.6188 54
      vertex 3.7039 30.4567 75
      vertex 3.34627 30.6188 75
    endloop
  endfacet
  facet normal -0.412834 -0.910806 -0
    outer loop
      vertex 3.7039 30.4567 75
      vertex 3.34627 30.6188 54
      vertex 3.7039 30.4567 54
    endloop
  endfacet
  facet normal -0.773005 -0.634399 -1.45778e-19
    outer loop
      vertex 1.48896 32.0439 54
      vertex 1.23988 32.3474 75
      vertex 1.23988 32.3474 54
    endloop
  endfacet
  facet normal -0.773005 -0.634399 -1.45778e-19
    outer loop
      vertex 1.23988 32.3474 75
      vertex 1.48896 32.0439 54
      vertex 1.48896 32.0439 75
    endloop
  endfacet
  facet normal -0.471228 -0.882011 0
    outer loop
      vertex 3 30.8038 54
      vertex 3.34627 30.6188 75
      vertex 3 30.8038 75
    endloop
  endfacet
  facet normal -0.471228 -0.882011 -0
    outer loop
      vertex 3.34627 30.6188 75
      vertex 3 30.8038 54
      vertex 3.34627 30.6188 54
    endloop
  endfacet
  facet normal -0.683602 -0.729855 0
    outer loop
      vertex 1.75736 31.7574 54
      vertex 2.04392 31.489 75
      vertex 1.75736 31.7574 75
    endloop
  endfacet
  facet normal -0.683602 -0.729855 -0
    outer loop
      vertex 2.04392 31.489 75
      vertex 1.75736 31.7574 54
      vertex 2.04392 31.489 54
    endloop
  endfacet
  facet normal 0.527477 0.849569 -0
    outer loop
      vertex 10.3334 188.989 54
      vertex 10 189.196 75
      vertex 10.3334 188.989 75
    endloop
  endfacet
  facet normal 0.527477 0.849569 0
    outer loop
      vertex 10 189.196 75
      vertex 10.3334 188.989 54
      vertex 10 189.196 54
    endloop
  endfacet
  facet normal -0.986638 -0.16293 2.08691e-19
    outer loop
      vertex 0.115288 34.8295 54
      vertex 0.0513306 35.2168 75
      vertex 0.0513306 35.2168 54
    endloop
  endfacet
  facet normal -0.986638 -0.16293 2.08691e-19
    outer loop
      vertex 0.0513306 35.2168 75
      vertex 0.115288 34.8295 54
      vertex 0.115288 34.8295 75
    endloop
  endfacet
  facet normal -0.813579 0.581455 -7.5712e-19
    outer loop
      vertex 1.01118 187.333 54
      vertex 1.23988 187.653 75
      vertex 1.23988 187.653 54
    endloop
  endfacet
  facet normal -0.813579 0.581455 -7.5712e-19
    outer loop
      vertex 1.23988 187.653 75
      vertex 1.01118 187.333 54
      vertex 1.01118 187.333 75
    endloop
  endfacet
  facet normal -0.582478 -0.812846 0
    outer loop
      vertex 2.34743 31.2399 54
      vertex 2.66658 31.0112 75
      vertex 2.34743 31.2399 75
    endloop
  endfacet
  facet normal -0.582478 -0.812846 -0
    outer loop
      vertex 2.66658 31.0112 75
      vertex 2.34743 31.2399 54
      vertex 2.66658 31.0112 54
    endloop
  endfacet
  facet normal 0.226699 0.973965 -0
    outer loop
      vertex 8.55291 189.796 54
      vertex 8.17054 189.885 75
      vertex 8.55291 189.796 75
    endloop
  endfacet
  facet normal 0.226699 0.973965 0
    outer loop
      vertex 8.17054 189.885 75
      vertex 8.55291 189.796 54
      vertex 8.17054 189.885 54
    endloop
  endfacet
  facet normal -0.683059 0.730363 0
    outer loop
      vertex 2.04392 188.511 54
      vertex 1.75736 188.243 75
      vertex 2.04392 188.511 75
    endloop
  endfacet
  facet normal -0.683059 0.730363 0
    outer loop
      vertex 1.75736 188.243 75
      vertex 2.04392 188.511 54
      vertex 1.75736 188.243 54
    endloop
  endfacet
  facet normal -0.634265 0.773116 0
    outer loop
      vertex 2.34743 188.76 54
      vertex 2.04392 188.511 75
      vertex 2.34743 188.76 75
    endloop
  endfacet
  facet normal -0.634265 0.773116 0
    outer loop
      vertex 2.04392 188.511 75
      vertex 2.34743 188.76 54
      vertex 2.04392 188.511 54
    endloop
  endfacet
  facet normal -0.226941 -0.973909 0
    outer loop
      vertex 4.44709 30.2044 54
      vertex 4.82946 30.1153 75
      vertex 4.44709 30.2044 75
    endloop
  endfacet
  facet normal -0.226941 -0.973909 -0
    outer loop
      vertex 4.82946 30.1153 75
      vertex 4.44709 30.2044 54
      vertex 4.82946 30.1153 54
    endloop
  endfacet
  facet normal 0.772467 0.635055 -4.05938e-19
    outer loop
      vertex 11.7601 187.653 75
      vertex 11.511 187.956 54
      vertex 11.511 187.956 75
    endloop
  endfacet
  facet normal 0.772467 0.635055 -4.05938e-19
    outer loop
      vertex 11.511 187.956 54
      vertex 11.7601 187.653 75
      vertex 11.7601 187.653 54
    endloop
  endfacet
  facet normal -0.88177 0.47168 -5.14237e-19
    outer loop
      vertex 0.618763 186.654 54
      vertex 0.803847 187 75
      vertex 0.803847 187 54
    endloop
  endfacet
  facet normal -0.88177 0.47168 -5.14237e-19
    outer loop
      vertex 0.803847 187 75
      vertex 0.618763 186.654 54
      vertex 0.618763 186.654 75
    endloop
  endfacet
  facet normal -0.91085 -0.412738 2.26482e-19
    outer loop
      vertex 0.618763 33.3463 54
      vertex 0.456722 33.7039 75
      vertex 0.456722 33.7039 54
    endloop
  endfacet
  facet normal -0.91085 -0.412738 2.26482e-19
    outer loop
      vertex 0.456722 33.7039 75
      vertex 0.618763 33.3463 54
      vertex 0.618763 33.3463 75
    endloop
  endfacet
  facet normal 0.412834 -0.910806 0
    outer loop
      vertex 9.2961 30.4567 54
      vertex 9.65373 30.6188 75
      vertex 9.2961 30.4567 75
    endloop
  endfacet
  facet normal 0.412834 -0.910806 0
    outer loop
      vertex 9.65373 30.6188 75
      vertex 9.2961 30.4567 54
      vertex 9.65373 30.6188 54
    endloop
  endfacet
  facet normal 0.995187 0.0979916 6.82493e-20
    outer loop
      vertex 12.9872 184.392 75
      vertex 12.9487 184.783 54
      vertex 12.9487 184.783 75
    endloop
  endfacet
  facet normal 0.995187 0.0979916 6.82493e-20
    outer loop
      vertex 12.9487 184.783 54
      vertex 12.9872 184.392 75
      vertex 12.9872 184.392 54
    endloop
  endfacet
  facet normal -0.956936 -0.2903 1.02496e-19
    outer loop
      vertex 0.318419 34.0714 54
      vertex 0.204445 34.4471 75
      vertex 0.204445 34.4471 54
    endloop
  endfacet
  facet normal -0.956936 -0.2903 1.02496e-19
    outer loop
      vertex 0.204445 34.4471 75
      vertex 0.318419 34.0714 54
      vertex 0.318419 34.0714 75
    endloop
  endfacet
  facet normal 0.986667 0.162749 6.1762e-20
    outer loop
      vertex 12.9487 184.783 75
      vertex 12.8847 185.171 54
      vertex 12.8847 185.171 75
    endloop
  endfacet
  facet normal 0.986667 0.162749 6.1762e-20
    outer loop
      vertex 12.8847 185.171 54
      vertex 12.9487 184.783 75
      vertex 12.9487 184.783 54
    endloop
  endfacet
  facet normal 0.412622 0.910902 -0
    outer loop
      vertex 9.65373 189.381 54
      vertex 9.2961 189.543 75
      vertex 9.65373 189.381 75
    endloop
  endfacet
  facet normal 0.412622 0.910902 0
    outer loop
      vertex 9.2961 189.543 75
      vertex 9.65373 189.381 54
      vertex 9.2961 189.543 54
    endloop
  endfacet
  facet normal -0.582983 0.812485 0
    outer loop
      vertex 2.66658 188.989 54
      vertex 2.34743 188.76 75
      vertex 2.66658 188.989 75
    endloop
  endfacet
  facet normal -0.582983 0.812485 0
    outer loop
      vertex 2.34743 188.76 75
      vertex 2.66658 188.989 54
      vertex 2.34743 188.76 54
    endloop
  endfacet
  facet normal -0.29034 0.956924 0
    outer loop
      vertex 4.44709 189.796 54
      vertex 4.07136 189.682 75
      vertex 4.44709 189.796 75
    endloop
  endfacet
  facet normal -0.29034 0.956924 0
    outer loop
      vertex 4.07136 189.682 75
      vertex 4.44709 189.796 54
      vertex 4.07136 189.682 54
    endloop
  endfacet
  facet normal -0.995186 -0.0980024 -4.84152e-20
    outer loop
      vertex 0.0513306 35.2168 54
      vertex 0.012846 35.6076 75
      vertex 0.012846 35.6076 54
    endloop
  endfacet
  facet normal -0.995186 -0.0980024 -4.84152e-20
    outer loop
      vertex 0.012846 35.6076 75
      vertex 0.0513306 35.2168 54
      vertex 0.0513306 35.2168 75
    endloop
  endfacet
  facet normal -0.911023 0.412355 -1.75173e-19
    outer loop
      vertex 0.456722 186.296 54
      vertex 0.618763 186.654 75
      vertex 0.618763 186.654 54
    endloop
  endfacet
  facet normal -0.911023 0.412355 -1.75173e-19
    outer loop
      vertex 0.618763 186.654 75
      vertex 0.456722 186.296 54
      vertex 0.456722 186.296 75
    endloop
  endfacet
  facet normal 0.683678 -0.729783 0
    outer loop
      vertex 10.9561 31.489 54
      vertex 11.2426 31.7574 75
      vertex 10.9561 31.489 75
    endloop
  endfacet
  facet normal 0.683678 -0.729783 0
    outer loop
      vertex 11.2426 31.7574 75
      vertex 10.9561 31.489 54
      vertex 11.2426 31.7574 54
    endloop
  endfacet
  facet normal 0.98662 -0.163036 -1.50871e-19
    outer loop
      vertex 12.8847 34.8295 75
      vertex 12.9487 35.2168 54
      vertex 12.9487 35.2168 75
    endloop
  endfacet
  facet normal 0.98662 -0.163036 -1.50871e-19
    outer loop
      vertex 12.9487 35.2168 54
      vertex 12.8847 34.8295 75
      vertex 12.8847 34.8295 54
    endloop
  endfacet
  facet normal 0 1 -0
    outer loop
      vertex 7 190 54
      vertex 6 190 75
      vertex 7 190 75
    endloop
  endfacet
  facet normal 0 1 0
    outer loop
      vertex 6 190 75
      vertex 7 190 54
      vertex 6 190 54
    endloop
  endfacet
  facet normal -0.0331096 0.999452 0
    outer loop
      vertex 6 190 54
      vertex 5.60758 189.987 75
      vertex 6 190 75
    endloop
  endfacet
  facet normal -0.0331096 0.999452 0
    outer loop
      vertex 5.60758 189.987 75
      vertex 6 190 54
      vertex 5.60758 189.987 54
    endloop
  endfacet
  facet normal -0.163003 0.986626 0
    outer loop
      vertex 5.21684 189.949 54
      vertex 4.82946 189.885 75
      vertex 5.21684 189.949 75
    endloop
  endfacet
  facet normal -0.163003 0.986626 0
    outer loop
      vertex 4.82946 189.885 75
      vertex 5.21684 189.949 54
      vertex 4.82946 189.885 54
    endloop
  endfacet
  facet normal 0.0326008 -0.999468 0
    outer loop
      vertex 7 30 54
      vertex 7.39242 30.0128 75
      vertex 7 30 75
    endloop
  endfacet
  facet normal 0.0326008 -0.999468 0
    outer loop
      vertex 7.39242 30.0128 75
      vertex 7 30 54
      vertex 7.39242 30.0128 54
    endloop
  endfacet
  facet normal 0.29034 -0.956924 0
    outer loop
      vertex 8.55291 30.2044 54
      vertex 8.92864 30.3184 75
      vertex 8.55291 30.2044 75
    endloop
  endfacet
  facet normal 0.29034 -0.956924 0
    outer loop
      vertex 8.92864 30.3184 75
      vertex 8.55291 30.2044 54
      vertex 8.92864 30.3184 54
    endloop
  endfacet
  facet normal 0.812889 -0.582418 -6.77443e-20
    outer loop
      vertex 11.7601 32.3474 75
      vertex 11.9888 32.6666 54
      vertex 11.9888 32.6666 75
    endloop
  endfacet
  facet normal 0.812889 -0.582418 -6.77443e-20
    outer loop
      vertex 11.9888 32.6666 54
      vertex 11.7601 32.3474 75
      vertex 11.7601 32.3474 54
    endloop
  endfacet
  facet normal -0.93576 0.352639 3.03092e-19
    outer loop
      vertex 0.318419 185.929 54
      vertex 0.456722 186.296 75
      vertex 0.456722 186.296 54
    endloop
  endfacet
  facet normal -0.93576 0.352639 3.03092e-19
    outer loop
      vertex 0.456722 186.296 75
      vertex 0.318419 185.929 54
      vertex 0.318419 185.929 75
    endloop
  endfacet
  facet normal -0.995191 0.0979528 -1.00477e-19
    outer loop
      vertex 0.012846 184.392 54
      vertex 0.0513306 184.783 75
      vertex 0.0513306 184.783 54
    endloop
  endfacet
  facet normal -0.995191 0.0979528 -1.00477e-19
    outer loop
      vertex 0.0513306 184.783 75
      vertex 0.012846 184.392 54
      vertex 0.012846 184.392 75
    endloop
  endfacet
  facet normal -0.412622 0.910902 0
    outer loop
      vertex 3.7039 189.543 54
      vertex 3.34627 189.381 75
      vertex 3.7039 189.543 75
    endloop
  endfacet
  facet normal -0.412622 0.910902 0
    outer loop
      vertex 3.34627 189.381 75
      vertex 3.7039 189.543 54
      vertex 3.34627 189.381 54
    endloop
  endfacet
  facet normal -0.471228 0.882011 0
    outer loop
      vertex 3.34627 189.381 54
      vertex 3 189.196 75
      vertex 3.34627 189.381 75
    endloop
  endfacet
  facet normal -0.471228 0.882011 0
    outer loop
      vertex 3 189.196 75
      vertex 3.34627 189.381 54
      vertex 3 189.196 54
    endloop
  endfacet
  facet normal -0.849189 -0.528089 5.47511e-19
    outer loop
      vertex 1.01118 32.6666 54
      vertex 0.803847 33 75
      vertex 0.803847 33 54
    endloop
  endfacet
  facet normal -0.849189 -0.528089 5.47511e-19
    outer loop
      vertex 0.803847 33 75
      vertex 1.01118 32.6666 54
      vertex 1.01118 32.6666 75
    endloop
  endfacet
  facet normal 0.910967 0.41248 -1.43331e-19
    outer loop
      vertex 12.5433 186.296 75
      vertex 12.3812 186.654 54
      vertex 12.3812 186.654 75
    endloop
  endfacet
  facet normal 0.910967 0.41248 -1.43331e-19
    outer loop
      vertex 12.3812 186.654 54
      vertex 12.5433 186.296 75
      vertex 12.5433 186.296 54
    endloop
  endfacet
  facet normal 0.0331096 0.999452 -0
    outer loop
      vertex 7.39242 189.987 54
      vertex 7 190 75
      vertex 7.39242 189.987 75
    endloop
  endfacet
  facet normal 0.0331096 0.999452 0
    outer loop
      vertex 7 190 75
      vertex 7.39242 189.987 54
      vertex 7 190 54
    endloop
  endfacet
  facet normal 0.29034 0.956924 -0
    outer loop
      vertex 8.92864 189.682 54
      vertex 8.55291 189.796 75
      vertex 8.92864 189.682 75
    endloop
  endfacet
  facet normal 0.29034 0.956924 0
    outer loop
      vertex 8.55291 189.796 75
      vertex 8.92864 189.682 54
      vertex 8.55291 189.796 54
    endloop
  endfacet
  facet normal 0.352245 -0.935908 0
    outer loop
      vertex 8.92864 30.3184 54
      vertex 9.2961 30.4567 75
      vertex 8.92864 30.3184 75
    endloop
  endfacet
  facet normal 0.352245 -0.935908 0
    outer loop
      vertex 9.2961 30.4567 75
      vertex 8.92864 30.3184 54
      vertex 9.2961 30.4567 54
    endloop
  endfacet
  facet normal 0.935762 0.352632 -9.77139e-20
    outer loop
      vertex 12.6816 185.929 75
      vertex 12.5433 186.296 54
      vertex 12.5433 186.296 75
    endloop
  endfacet
  facet normal 0.935762 0.352632 -9.77139e-20
    outer loop
      vertex 12.5433 186.296 54
      vertex 12.6816 185.929 75
      vertex 12.6816 185.929 54
    endloop
  endfacet
  facet normal -0.163003 -0.986626 0
    outer loop
      vertex 4.82946 30.1153 54
      vertex 5.21684 30.0513 75
      vertex 4.82946 30.1153 75
    endloop
  endfacet
  facet normal -0.163003 -0.986626 -0
    outer loop
      vertex 5.21684 30.0513 75
      vertex 4.82946 30.1153 54
      vertex 5.21684 30.0513 54
    endloop
  endfacet
  facet normal 0.93592 -0.352212 -2.56461e-19
    outer loop
      vertex 12.5433 33.7039 75
      vertex 12.6816 34.0714 54
      vertex 12.6816 34.0714 75
    endloop
  endfacet
  facet normal 0.93592 -0.352212 -2.56461e-19
    outer loop
      vertex 12.6816 34.0714 54
      vertex 12.5433 33.7039 75
      vertex 12.5433 33.7039 54
    endloop
  endfacet
  facet normal 0.956917 -0.290361 -4.93055e-20
    outer loop
      vertex 12.6816 34.0714 75
      vertex 12.7956 34.4471 54
      vertex 12.7956 34.4471 75
    endloop
  endfacet
  facet normal 0.956917 -0.290361 -4.93055e-20
    outer loop
      vertex 12.7956 34.4471 54
      vertex 12.6816 34.0714 75
      vertex 12.6816 34.0714 54
    endloop
  endfacet
  facet normal -0.986685 0.162644 -1.05546e-19
    outer loop
      vertex 0.0513306 184.783 54
      vertex 0.115288 185.171 75
      vertex 0.115288 185.171 54
    endloop
  endfacet
  facet normal -0.986685 0.162644 -1.05546e-19
    outer loop
      vertex 0.115288 185.171 75
      vertex 0.0513306 184.783 54
      vertex 0.0513306 184.783 75
    endloop
  endfacet
  facet normal -0.973828 0.227287 -1.40735e-19
    outer loop
      vertex 0.115288 185.171 54
      vertex 0.204445 185.553 75
      vertex 0.204445 185.553 54
    endloop
  endfacet
  facet normal -0.973828 0.227287 -1.40735e-19
    outer loop
      vertex 0.204445 185.553 75
      vertex 0.115288 185.171 54
      vertex 0.115288 185.171 75
    endloop
  endfacet
  facet normal 0.471228 0.882011 -0
    outer loop
      vertex 10 189.196 54
      vertex 9.65373 189.381 75
      vertex 10 189.196 75
    endloop
  endfacet
  facet normal 0.471228 0.882011 0
    outer loop
      vertex 9.65373 189.381 75
      vertex 10 189.196 54
      vertex 9.65373 189.381 54
    endloop
  endfacet
  facet normal 0.813579 0.581455 -7.2142e-19
    outer loop
      vertex 11.9888 187.333 75
      vertex 11.7601 187.653 54
      vertex 11.7601 187.653 75
    endloop
  endfacet
  facet normal 0.813579 0.581455 -7.2142e-19
    outer loop
      vertex 11.7601 187.653 54
      vertex 11.9888 187.333 75
      vertex 11.9888 187.333 54
    endloop
  endfacet
  facet normal 0.683135 0.730292 -0
    outer loop
      vertex 11.2426 188.243 54
      vertex 10.9561 188.511 75
      vertex 11.2426 188.243 75
    endloop
  endfacet
  facet normal 0.683135 0.730292 0
    outer loop
      vertex 10.9561 188.511 75
      vertex 11.2426 188.243 54
      vertex 10.9561 188.511 54
    endloop
  endfacet
  facet normal 0.163003 0.986626 -0
    outer loop
      vertex 8.17054 189.885 54
      vertex 7.78316 189.949 75
      vertex 8.17054 189.885 75
    endloop
  endfacet
  facet normal 0.163003 0.986626 0
    outer loop
      vertex 7.78316 189.949 75
      vertex 8.17054 189.885 54
      vertex 7.78316 189.949 54
    endloop
  endfacet
  facet normal 0.582418 -0.812889 0
    outer loop
      vertex 10.3334 31.0112 54
      vertex 10.6526 31.2399 75
      vertex 10.3334 31.0112 75
    endloop
  endfacet
  facet normal 0.582418 -0.812889 0
    outer loop
      vertex 10.6526 31.2399 75
      vertex 10.3334 31.0112 54
      vertex 10.6526 31.2399 54
    endloop
  endfacet
  facet normal 0.882028 -0.471196 6.92448e-19
    outer loop
      vertex 12.1962 33 75
      vertex 12.3812 33.3463 54
      vertex 12.3812 33.3463 75
    endloop
  endfacet
  facet normal 0.882028 -0.471196 6.92448e-19
    outer loop
      vertex 12.3812 33.3463 54
      vertex 12.1962 33 75
      vertex 12.1962 33 54
    endloop
  endfacet
  facet normal 0.226941 -0.973909 0
    outer loop
      vertex 8.17054 30.1153 54
      vertex 8.55291 30.2044 75
      vertex 8.17054 30.1153 75
    endloop
  endfacet
  facet normal 0.226941 -0.973909 0
    outer loop
      vertex 8.55291 30.2044 75
      vertex 8.17054 30.1153 54
      vertex 8.55291 30.2044 54
    endloop
  endfacet
  facet normal 0.910793 -0.412862 3.61887e-19
    outer loop
      vertex 12.3812 33.3463 75
      vertex 12.5433 33.7039 54
      vertex 12.5433 33.7039 75
    endloop
  endfacet
  facet normal 0.910793 -0.412862 3.61887e-19
    outer loop
      vertex 12.5433 33.7039 54
      vertex 12.3812 33.3463 75
      vertex 12.3812 33.3463 54
    endloop
  endfacet
  facet normal -0.226699 0.973965 0
    outer loop
      vertex 4.82946 189.885 54
      vertex 4.44709 189.796 75
      vertex 4.82946 189.885 75
    endloop
  endfacet
  facet normal -0.226699 0.973965 0
    outer loop
      vertex 4.44709 189.796 75
      vertex 4.82946 189.885 54
      vertex 4.44709 189.796 54
    endloop
  endfacet
  facet normal -0.97388 -0.227061 -4.09637e-19
    outer loop
      vertex 0.204445 34.4471 54
      vertex 0.115288 34.8295 75
      vertex 0.115288 34.8295 54
    endloop
  endfacet
  facet normal -0.97388 -0.227061 -4.09637e-19
    outer loop
      vertex 0.115288 34.8295 75
      vertex 0.204445 34.4471 54
      vertex 0.204445 34.4471 75
    endloop
  endfacet
  facet normal 0.582922 0.812528 -0
    outer loop
      vertex 10.6526 188.76 54
      vertex 10.3334 188.989 75
      vertex 10.6526 188.76 75
    endloop
  endfacet
  facet normal 0.582922 0.812528 0
    outer loop
      vertex 10.3334 188.989 75
      vertex 10.6526 188.76 54
      vertex 10.3334 188.989 54
    endloop
  endfacet
  facet normal -0.528189 -0.849127 0
    outer loop
      vertex 2.66658 31.0112 54
      vertex 3 30.8038 75
      vertex 2.66658 31.0112 75
    endloop
  endfacet
  facet normal -0.528189 -0.849127 -0
    outer loop
      vertex 3 30.8038 75
      vertex 2.66658 31.0112 54
      vertex 3 30.8038 54
    endloop
  endfacet
  facet normal 0.163003 -0.986626 0
    outer loop
      vertex 7.78316 30.0513 54
      vertex 8.17054 30.1153 75
      vertex 7.78316 30.0513 75
    endloop
  endfacet
  facet normal 0.163003 -0.986626 0
    outer loop
      vertex 8.17054 30.1153 75
      vertex 7.78316 30.0513 54
      vertex 8.17054 30.1153 54
    endloop
  endfacet
  facet normal 0.77298 -0.63443 5.06924e-20
    outer loop
      vertex 11.511 32.0439 75
      vertex 11.7601 32.3474 54
      vertex 11.7601 32.3474 75
    endloop
  endfacet
  facet normal 0.77298 -0.63443 5.06924e-20
    outer loop
      vertex 11.7601 32.3474 54
      vertex 11.511 32.0439 75
      vertex 11.511 32.0439 54
    endloop
  endfacet
  facet normal -0.935918 -0.352218 -9.68637e-20
    outer loop
      vertex 0.456722 33.7039 54
      vertex 0.318419 34.0714 75
      vertex 0.318419 34.0714 54
    endloop
  endfacet
  facet normal -0.935918 -0.352218 -9.68637e-20
    outer loop
      vertex 0.318419 34.0714 75
      vertex 0.456722 33.7039 54
      vertex 0.456722 33.7039 75
    endloop
  endfacet
  facet normal -0.729783 -0.683678 6.87167e-19
    outer loop
      vertex 1.75736 31.7574 54
      vertex 1.48896 32.0439 75
      vertex 1.48896 32.0439 54
    endloop
  endfacet
  facet normal -0.729783 -0.683678 6.87167e-19
    outer loop
      vertex 1.48896 32.0439 75
      vertex 1.75736 31.7574 54
      vertex 1.75736 31.7574 75
    endloop
  endfacet
  facet normal 0 -1 0
    outer loop
      vertex 6 30 54
      vertex 7 30 75
      vertex 6 30 75
    endloop
  endfacet
  facet normal 0 -1 -0
    outer loop
      vertex 7 30 75
      vertex 6 30 54
      vertex 7 30 54
    endloop
  endfacet
  facet normal -0.0326008 -0.999468 0
    outer loop
      vertex 5.60758 30.0128 54
      vertex 6 30 75
      vertex 5.60758 30.0128 75
    endloop
  endfacet
  facet normal -0.0326008 -0.999468 -0
    outer loop
      vertex 6 30 75
      vertex 5.60758 30.0128 54
      vertex 6 30 54
    endloop
  endfacet
  facet normal 1 -0 0
    outer loop
      vertex 18 38 60
      vertex 18 182 55
      vertex 18 182 60
    endloop
  endfacet
  facet normal 1 0 0
    outer loop
      vertex 18 182 55
      vertex 18 38 60
      vertex 18 38 55
    endloop
  endfacet
  facet normal -0 0 1
    outer loop
      vertex 13 128 60
      vertex 14 92 60
      vertex 14 128 60
    endloop
  endfacet
  facet normal 0 0 1
    outer loop
      vertex 14 92 60
      vertex 13 128 60
      vertex 13 92 60
    endloop
  endfacet
  facet normal 0 0 1
    outer loop
      vertex 14 128 60
      vertex 18 182 60
      vertex 14 156 60
    endloop
  endfacet
  facet normal -0 0 1
    outer loop
      vertex 13 182 60
      vertex 14 156 60
      vertex 18 182 60
    endloop
  endfacet
  facet normal 0 0 1
    outer loop
      vertex 14 156 60
      vertex 13 182 60
      vertex 13 156 60
    endloop
  endfacet
  facet normal 0 0 1
    outer loop
      vertex 18 182 60
      vertex 14 128 60
      vertex 18 38 60
    endloop
  endfacet
  facet normal -0 0 1
    outer loop
      vertex 14 92 60
      vertex 18 38 60
      vertex 14 128 60
    endloop
  endfacet
  facet normal -0 0 1
    outer loop
      vertex 14 64 60
      vertex 18 38 60
      vertex 14 92 60
    endloop
  endfacet
  facet normal 0 0 1
    outer loop
      vertex 13 38 60
      vertex 14 64 60
      vertex 13 64 60
    endloop
  endfacet
  facet normal 0 0 1
    outer loop
      vertex 14 64 60
      vertex 13 38 60
      vertex 18 38 60
    endloop
  endfacet
  facet normal 0 0 -1
    outer loop
      vertex 13 92 55
      vertex 14 128 55
      vertex 14 92 55
    endloop
  endfacet
  facet normal -0 0 -1
    outer loop
      vertex 14 128 55
      vertex 13 92 55
      vertex 13 128 55
    endloop
  endfacet
  facet normal 0 0 -1
    outer loop
      vertex 14 92 55
      vertex 18 38 55
      vertex 14 64 55
    endloop
  endfacet
  facet normal 0 0 -1
    outer loop
      vertex 13 38 55
      vertex 14 64 55
      vertex 18 38 55
    endloop
  endfacet
  facet normal -0 0 -1
    outer loop
      vertex 14 64 55
      vertex 13 38 55
      vertex 13 64 55
    endloop
  endfacet
  facet normal 0 0 -1
    outer loop
      vertex 18 38 55
      vertex 14 92 55
      vertex 18 182 55
    endloop
  endfacet
  facet normal 0 0 -1
    outer loop
      vertex 14 128 55
      vertex 18 182 55
      vertex 14 92 55
    endloop
  endfacet
  facet normal 0 0 -1
    outer loop
      vertex 14 156 55
      vertex 18 182 55
      vertex 14 128 55
    endloop
  endfacet
  facet normal 0 0 -1
    outer loop
      vertex 13 182 55
      vertex 14 156 55
      vertex 13 156 55
    endloop
  endfacet
  facet normal 0 0 -1
    outer loop
      vertex 14 156 55
      vertex 13 182 55
      vertex 18 182 55
    endloop
  endfacet
  facet normal 0 1 -0
    outer loop
      vertex 18 182 55
      vertex 13 182 60
      vertex 18 182 60
    endloop
  endfacet
  facet normal 0 1 0
    outer loop
      vertex 13 182 60
      vertex 18 182 55
      vertex 13 182 55
    endloop
  endfacet
  facet normal 0 -1 0
    outer loop
      vertex 13 38 55
      vertex 18 38 60
      vertex 13 38 60
    endloop
  endfacet
  facet normal 0 -1 -0
    outer loop
      vertex 18 38 60
      vertex 13 38 55
      vertex 18 38 55
    endloop
  endfacet
  facet normal 1 -0 0
    outer loop
      vertex 14 19 54
      vertex 14 64 52
      vertex 14 64 54
    endloop
  endfacet
  facet normal 1 0 0
    outer loop
      vertex 14 64 52
      vertex 14 38.765 25
      vertex 14 55.2349 25
    endloop
  endfacet
  facet normal 1 0 0
    outer loop
      vertex 14 38.765 25
      vertex 14 23 21
      vertex 14 38.765 21
    endloop
  endfacet
  facet normal 1 0 0
    outer loop
      vertex 14 64 52
      vertex 14 19 54
      vertex 14 38.765 25
    endloop
  endfacet
  facet normal 1 0 0
    outer loop
      vertex 14 38.765 25
      vertex 14 19 54
      vertex 14 23 21
    endloop
  endfacet
  facet normal 1 0 0
    outer loop
      vertex 14 19 0
      vertex 14 23 21
      vertex 14 19 54
    endloop
  endfacet
  facet normal 1 0 0
    outer loop
      vertex 14 23 21
      vertex 14 19 0
      vertex 14 23 0
    endloop
  endfacet
  facet normal 1 -0 0
    outer loop
      vertex 14 64 52
      vertex 14 85.2349 25
      vertex 14 92 52
    endloop
  endfacet
  facet normal 1 0 0
    outer loop
      vertex 14 55.2349 25
      vertex 14 68.7651 25
      vertex 14 64 52
    endloop
  endfacet
  facet normal 1 0 0
    outer loop
      vertex 14 85.2349 25
      vertex 14 64 52
      vertex 14 68.7651 25
    endloop
  endfacet
  facet normal 1 0 0
    outer loop
      vertex 14 92 52
      vertex 14 128 52
      vertex 14 128 54
    endloop
  endfacet
  facet normal 1 0 0
    outer loop
      vertex 14 128 52
      vertex 14 92 52
      vertex 14 115.235 25
    endloop
  endfacet
  facet normal 1 0 0
    outer loop
      vertex 14 115.235 25
      vertex 14 92 52
      vertex 14 98.7651 25
    endloop
  endfacet
  facet normal 1 0 0
    outer loop
      vertex 14 92 52
      vertex 14 128 54
      vertex 14 92 54
    endloop
  endfacet
  facet normal 1 0 0
    outer loop
      vertex 14 201 54
      vertex 14 197 21
      vertex 14 201 0
    endloop
  endfacet
  facet normal 1 0 0
    outer loop
      vertex 14 201 54
      vertex 14 175.235 25
      vertex 14 197 21
    endloop
  endfacet
  facet normal 1 -0 0
    outer loop
      vertex 14 156 52
      vertex 14 175.235 25
      vertex 14 201 54
    endloop
  endfacet
  facet normal 1 0 0
    outer loop
      vertex 14 175.235 25
      vertex 14 156 52
      vertex 14 158.765 25
    endloop
  endfacet
  facet normal 1 0 0
    outer loop
      vertex 14 156 52
      vertex 14 201 54
      vertex 14 156 54
    endloop
  endfacet
  facet normal 1 0 0
    outer loop
      vertex 14 201 0
      vertex 14 197 21
      vertex 14 197 0
    endloop
  endfacet
  facet normal 1 0 0
    outer loop
      vertex 14 197 21
      vertex 14 175.235 25
      vertex 14 175.235 21
    endloop
  endfacet
  facet normal 1 -0 0
    outer loop
      vertex 14 158.765 18
      vertex 14 175 0
      vertex 14 175 18
    endloop
  endfacet
  facet normal 1 0 0
    outer loop
      vertex 14 145.235 25
      vertex 14 158.765 25
      vertex 14 156 52
    endloop
  endfacet
  facet normal 1 0 0
    outer loop
      vertex 14 158.765 25
      vertex 14 145.235 25
      vertex 14 158.765 18
    endloop
  endfacet
  facet normal 1 0 0
    outer loop
      vertex 14 145.235 18
      vertex 14 158.765 18
      vertex 14 145.235 25
    endloop
  endfacet
  facet normal 1 0 0
    outer loop
      vertex 14 158.765 18
      vertex 14 145.235 18
      vertex 14 175 0
    endloop
  endfacet
  facet normal 1 -0 0
    outer loop
      vertex 14 128.765 18
      vertex 14 175 0
      vertex 14 145.235 18
    endloop
  endfacet
  facet normal 1 0 0
    outer loop
      vertex 14 128.765 25
      vertex 14 115.235 25
      vertex 14 128.765 18
    endloop
  endfacet
  facet normal 1 0 0
    outer loop
      vertex 14 115.235 18
      vertex 14 128.765 18
      vertex 14 115.235 25
    endloop
  endfacet
  facet normal 1 -0 0
    outer loop
      vertex 14 115.235 18
      vertex 14 175 0
      vertex 14 128.765 18
    endloop
  endfacet
  facet normal 1 0 0
    outer loop
      vertex 14 45 0
      vertex 14 115.235 18
      vertex 14 98.7651 18
    endloop
  endfacet
  facet normal 1 0 0
    outer loop
      vertex 14 85.2349 25
      vertex 14 98.7651 25
      vertex 14 92 52
    endloop
  endfacet
  facet normal 1 0 0
    outer loop
      vertex 14 98.7651 25
      vertex 14 85.2349 25
      vertex 14 98.7651 18
    endloop
  endfacet
  facet normal 1 0 0
    outer loop
      vertex 14 85.2349 18
      vertex 14 98.7651 18
      vertex 14 85.2349 25
    endloop
  endfacet
  facet normal 1 0 0
    outer loop
      vertex 14 45 0
      vertex 14 98.7651 18
      vertex 14 85.2349 18
    endloop
  endfacet
  facet normal 1 0 0
    outer loop
      vertex 14 45 0
      vertex 14 85.2349 18
      vertex 14 68.7651 18
    endloop
  endfacet
  facet normal 1 0 0
    outer loop
      vertex 14 68.7651 25
      vertex 14 55.2349 25
      vertex 14 68.7651 18
    endloop
  endfacet
  facet normal 1 0 0
    outer loop
      vertex 14 55.2349 18
      vertex 14 68.7651 18
      vertex 14 55.2349 25
    endloop
  endfacet
  facet normal 1 0 0
    outer loop
      vertex 14 45 0
      vertex 14 68.7651 18
      vertex 14 55.2349 18
    endloop
  endfacet
  facet normal 1 0 0
    outer loop
      vertex 14 45 0
      vertex 14 55.2349 18
      vertex 14 45 18
    endloop
  endfacet
  facet normal 1 0 0
    outer loop
      vertex 14 115.235 18
      vertex 14 45 0
      vertex 14 175 0
    endloop
  endfacet
  facet normal 1 -0 0
    outer loop
      vertex 14 128 52
      vertex 14 145.235 25
      vertex 14 156 52
    endloop
  endfacet
  facet normal 1 0 0
    outer loop
      vertex 14 115.235 25
      vertex 14 128.765 25
      vertex 14 128 52
    endloop
  endfacet
  facet normal 1 0 0
    outer loop
      vertex 14 145.235 25
      vertex 14 128 52
      vertex 14 128.765 25
    endloop
  endfacet
  facet normal -1 0 0
    outer loop
      vertex 14 64 55
      vertex 14 92 60
      vertex 14 92 55
    endloop
  endfacet
  facet normal -1 -0 0
    outer loop
      vertex 14 92 60
      vertex 14 64 55
      vertex 14 64 60
    endloop
  endfacet
  facet normal -1 0 0
    outer loop
      vertex 14 128 55
      vertex 14 156 60
      vertex 14 156 55
    endloop
  endfacet
  facet normal -1 -0 0
    outer loop
      vertex 14 156 60
      vertex 14 128 55
      vertex 14 128 60
    endloop
  endfacet
  facet normal -1 0 0
    outer loop
      vertex -1 173 25
      vertex -1 201 0
      vertex -1 173 18
    endloop
  endfacet
  facet normal -1 0 0
    outer loop
      vertex -1 201 0
      vertex -1 161 18
      vertex -1 173 18
    endloop
  endfacet
  facet normal -1 0 0
    outer loop
      vertex -1 143 25
      vertex -1 161 25
      vertex -1 161 18
    endloop
  endfacet
  facet normal -1 0 0
    outer loop
      vertex -1 143 25
      vertex -1 161 18
      vertex -1 143 18
    endloop
  endfacet
  facet normal -1 0 0
    outer loop
      vertex -1 201 0
      vertex -1 143 18
      vertex -1 161 18
    endloop
  endfacet
  facet normal -1 0 0
    outer loop
      vertex -1 201 0
      vertex -1 131 18
      vertex -1 143 18
    endloop
  endfacet
  facet normal -1 0 0
    outer loop
      vertex -1 113 25
      vertex -1 131 25
      vertex -1 131 18
    endloop
  endfacet
  facet normal -1 0 0
    outer loop
      vertex -1 131 25
      vertex -1 113 25
      vertex -1 128 52
    endloop
  endfacet
  facet normal -1 0 0
    outer loop
      vertex -1 113 25
      vertex -1 131 18
      vertex -1 113 18
    endloop
  endfacet
  facet normal -1 0 0
    outer loop
      vertex -1 201 0
      vertex -1 113 18
      vertex -1 131 18
    endloop
  endfacet
  facet normal -1 0 0
    outer loop
      vertex -1 19 0
      vertex -1 113 18
      vertex -1 201 0
    endloop
  endfacet
  facet normal -1 0 0
    outer loop
      vertex -1 83 25
      vertex -1 101 25
      vertex -1 101 18
    endloop
  endfacet
  facet normal -1 0 0
    outer loop
      vertex -1 83 25
      vertex -1 101 18
      vertex -1 83 18
    endloop
  endfacet
  facet normal -1 -0 0
    outer loop
      vertex -1 113 18
      vertex -1 19 0
      vertex -1 101 18
    endloop
  endfacet
  facet normal -1 -0 0
    outer loop
      vertex -1 101 18
      vertex -1 19 0
      vertex -1 83 18
    endloop
  endfacet
  facet normal -1 0 0
    outer loop
      vertex -1 53 25
      vertex -1 71 25
      vertex -1 71 18
    endloop
  endfacet
  facet normal -1 0 0
    outer loop
      vertex -1 71 25
      vertex -1 53 25
      vertex -1 64 52
    endloop
  endfacet
  facet normal -1 0 0
    outer loop
      vertex -1 53 25
      vertex -1 71 18
      vertex -1 53 18
    endloop
  endfacet
  facet normal -1 -0 0
    outer loop
      vertex -1 83 18
      vertex -1 19 0
      vertex -1 71 18
    endloop
  endfacet
  facet normal -1 -0 0
    outer loop
      vertex -1 71 18
      vertex -1 19 0
      vertex -1 53 18
    endloop
  endfacet
  facet normal -1 -0 0
    outer loop
      vertex -1 41 18
      vertex -1 19 0
      vertex -1 41 25
    endloop
  endfacet
  facet normal -1 -0 0
    outer loop
      vertex -1 53 18
      vertex -1 19 0
      vertex -1 41 18
    endloop
  endfacet
  facet normal -1 0 0
    outer loop
      vertex -1 201 0
      vertex -1 173 25
      vertex -1 201 54
    endloop
  endfacet
  facet normal -1 0 0
    outer loop
      vertex -1 156 52
      vertex -1 173 25
      vertex -1 161 25
    endloop
  endfacet
  facet normal -1 0 0
    outer loop
      vertex -1 173 25
      vertex -1 156 52
      vertex -1 201 54
    endloop
  endfacet
  facet normal -1 -0 0
    outer loop
      vertex -1 201 54
      vertex -1 156 52
      vertex -1 156 54
    endloop
  endfacet
  facet normal -1 0 0
    outer loop
      vertex -1 161 25
      vertex -1 143 25
      vertex -1 156 52
    endloop
  endfacet
  facet normal -1 0 0
    outer loop
      vertex -1 128 52
      vertex -1 143 25
      vertex -1 131 25
    endloop
  endfacet
  facet normal -1 0 0
    outer loop
      vertex -1 143 25
      vertex -1 128 52
      vertex -1 156 52
    endloop
  endfacet
  facet normal -1 0 0
    outer loop
      vertex -1 92 52
      vertex -1 128 52
      vertex -1 113 25
    endloop
  endfacet
  facet normal -1 0 0
    outer loop
      vertex -1 92 52
      vertex -1 113 25
      vertex -1 101 25
    endloop
  endfacet
  facet normal -1 0 0
    outer loop
      vertex -1 128 52
      vertex -1 92 52
      vertex -1 128 54
    endloop
  endfacet
  facet normal -1 -0 0
    outer loop
      vertex -1 128 54
      vertex -1 92 52
      vertex -1 92 54
    endloop
  endfacet
  facet normal -1 0 0
    outer loop
      vertex -1 101 25
      vertex -1 83 25
      vertex -1 92 52
    endloop
  endfacet
  facet normal -1 0 0
    outer loop
      vertex -1 64 52
      vertex -1 83 25
      vertex -1 71 25
    endloop
  endfacet
  facet normal -1 0 0
    outer loop
      vertex -1 83 25
      vertex -1 64 52
      vertex -1 92 52
    endloop
  endfacet
  facet normal -1 0 0
    outer loop
      vertex -1 41 25
      vertex -1 64 52
      vertex -1 53 25
    endloop
  endfacet
  facet normal -1 0 0
    outer loop
      vertex -1 19 54
      vertex -1 64 52
      vertex -1 41 25
    endloop
  endfacet
  facet normal -1 0 0
    outer loop
      vertex -1 19 54
      vertex -1 41 25
      vertex -1 19 0
    endloop
  endfacet
  facet normal -1 0 0
    outer loop
      vertex -1 64 52
      vertex -1 19 54
      vertex -1 64 54
    endloop
  endfacet
  facet normal -0.999465 -0.0327217 -9.06759e-21
    outer loop
      vertex -0.985012 18.5422 0
      vertex -1 19 54
      vertex -1 19 0
    endloop
  endfacet
  facet normal -0.999465 -0.0327217 -9.06759e-21
    outer loop
      vertex -1 19 54
      vertex -0.985012 18.5422 0
      vertex -0.985012 18.5422 54
    endloop
  endfacet
  facet normal 0.986646 -0.162876 9.27125e-20
    outer loop
      vertex 13.8655 17.6344 54
      vertex 13.9401 18.0863 0
      vertex 13.9401 18.0863 54
    endloop
  endfacet
  facet normal 0.986646 -0.162876 9.27125e-20
    outer loop
      vertex 13.9401 18.0863 0
      vertex 13.8655 17.6344 54
      vertex 13.8655 17.6344 0
    endloop
  endfacet
  facet normal 0.683701 -0.729762 0
    outer loop
      vertex 11.6154 13.7371 0
      vertex 11.9497 14.0503 54
      vertex 11.6154 13.7371 54
    endloop
  endfacet
  facet normal 0.683701 -0.729762 0
    outer loop
      vertex 11.9497 14.0503 54
      vertex 11.6154 13.7371 0
      vertex 11.9497 14.0503 0
    endloop
  endfacet
  facet normal 0.772925 0.634497 2.20953e-19
    outer loop
      vertex 12.5535 205.261 54
      vertex 12.2629 205.615 0
      vertex 12.2629 205.615 54
    endloop
  endfacet
  facet normal 0.772925 0.634497 2.20953e-19
    outer loop
      vertex 12.2629 205.615 0
      vertex 12.5535 205.261 54
      vertex 12.5535 205.261 0
    endloop
  endfacet
  facet normal 0.352152 -0.935943 0
    outer loop
      vertex 9.25008 12.3715 0
      vertex 9.67878 12.5328 54
      vertex 9.25008 12.3715 54
    endloop
  endfacet
  facet normal 0.352152 -0.935943 0
    outer loop
      vertex 9.67878 12.5328 54
      vertex 9.25008 12.3715 0
      vertex 9.67878 12.5328 0
    endloop
  endfacet
  facet normal -0.683669 -0.729792 0
    outer loop
      vertex 1.05025 14.0503 0
      vertex 1.38458 13.7371 54
      vertex 1.05025 14.0503 54
    endloop
  endfacet
  facet normal -0.683669 -0.729792 -0
    outer loop
      vertex 1.38458 13.7371 54
      vertex 1.05025 14.0503 0
      vertex 1.38458 13.7371 0
    endloop
  endfacet
  facet normal 0.999464 0.0327335 -1.24391e-20
    outer loop
      vertex 14 201 54
      vertex 13.985 201.458 0
      vertex 13.985 201.458 54
    endloop
  endfacet
  facet normal 0.999464 0.0327335 -1.24391e-20
    outer loop
      vertex 13.985 201.458 0
      vertex 14 201 54
      vertex 14 201 0
    endloop
  endfacet
  facet normal 0.910733 0.412996 -2.28723e-19
    outer loop
      vertex 13.4672 203.679 54
      vertex 13.2781 204.096 0
      vertex 13.2781 204.096 54
    endloop
  endfacet
  facet normal 0.910733 0.412996 -2.28723e-19
    outer loop
      vertex 13.2781 204.096 0
      vertex 13.4672 203.679 54
      vertex 13.4672 203.679 0
    endloop
  endfacet
  facet normal 0.290341 -0.956923 0
    outer loop
      vertex 8.81173 12.2385 0
      vertex 9.25008 12.3715 54
      vertex 8.81173 12.2385 54
    endloop
  endfacet
  facet normal 0.290341 -0.956923 0
    outer loop
      vertex 9.25008 12.3715 54
      vertex 8.81173 12.2385 0
      vertex 9.25008 12.3715 0
    endloop
  endfacet
  facet normal 0.471325 -0.88196 0
    outer loop
      vertex 10.096 12.7219 0
      vertex 10.5 12.9378 54
      vertex 10.096 12.7219 54
    endloop
  endfacet
  facet normal 0.471325 -0.88196 0
    outer loop
      vertex 10.5 12.9378 54
      vertex 10.096 12.7219 0
      vertex 10.5 12.9378 0
    endloop
  endfacet
  facet normal -0.812595 0.582829 2.04169e-19
    outer loop
      vertex 0.179712 204.889 0
      vertex 0.446527 205.261 54
      vertex 0.446527 205.261 0
    endloop
  endfacet
  facet normal -0.812595 0.582829 2.04169e-19
    outer loop
      vertex 0.446527 205.261 54
      vertex 0.179712 204.889 0
      vertex 0.179712 204.889 54
    endloop
  endfacet
  facet normal 0.63439 -0.773013 0
    outer loop
      vertex 11.2613 13.4465 0
      vertex 11.6154 13.7371 54
      vertex 11.2613 13.4465 54
    endloop
  endfacet
  facet normal 0.63439 -0.773013 0
    outer loop
      vertex 11.6154 13.7371 54
      vertex 11.2613 13.4465 0
      vertex 11.6154 13.7371 0
    endloop
  endfacet
  facet normal 0.528075 -0.849198 0
    outer loop
      vertex 10.5 12.9378 0
      vertex 10.889 13.1797 54
      vertex 10.5 12.9378 54
    endloop
  endfacet
  facet normal 0.528075 -0.849198 0
    outer loop
      vertex 10.889 13.1797 54
      vertex 10.5 12.9378 0
      vertex 10.889 13.1797 0
    endloop
  endfacet
  facet normal -0.995186 -0.098008 6.73027e-20
    outer loop
      vertex -0.940114 18.0863 0
      vertex -0.985012 18.5422 54
      vertex -0.985012 18.5422 0
    endloop
  endfacet
  facet normal -0.995186 -0.098008 6.73027e-20
    outer loop
      vertex -0.985012 18.5422 54
      vertex -0.940114 18.0863 0
      vertex -0.940114 18.0863 54
    endloop
  endfacet
  facet normal -0.730552 0.682857 8.54688e-20
    outer loop
      vertex 0.737121 205.615 0
      vertex 1.05025 205.95 54
      vertex 1.05025 205.95 0
    endloop
  endfacet
  facet normal -0.730552 0.682857 8.54688e-20
    outer loop
      vertex 1.05025 205.95 54
      vertex 0.737121 205.615 0
      vertex 0.737121 205.615 54
    endloop
  endfacet
  facet normal 0.88196 0.471325 -1.96983e-20
    outer loop
      vertex 13.2781 204.096 54
      vertex 13.0622 204.5 0
      vertex 13.0622 204.5 54
    endloop
  endfacet
  facet normal 0.88196 0.471325 -1.96983e-20
    outer loop
      vertex 13.0622 204.5 0
      vertex 13.2781 204.096 54
      vertex 13.2781 204.096 0
    endloop
  endfacet
  facet normal -0 0 1
    outer loop
      vertex -1 64 54
      vertex 0 36 54
      vertex 0 64 54
    endloop
  endfacet
  facet normal 0 0 1
    outer loop
      vertex 0 36 54
      vertex -1 19 54
      vertex -0.0621777 15.5 54
    endloop
  endfacet
  facet normal 0 0 1
    outer loop
      vertex -0.0621777 15.5 54
      vertex -1 19 54
      vertex -0.278109 15.904 54
    endloop
  endfacet
  facet normal 0 0 1
    outer loop
      vertex -0.278109 15.904 54
      vertex -1 19 54
      vertex -0.467156 16.3212 54
    endloop
  endfacet
  facet normal 0 0 1
    outer loop
      vertex -0.467156 16.3212 54
      vertex -1 19 54
      vertex -0.62851 16.7499 54
    endloop
  endfacet
  facet normal 0 0 1
    outer loop
      vertex -0.62851 16.7499 54
      vertex -1 19 54
      vertex -0.76148 17.1883 54
    endloop
  endfacet
  facet normal 0 0 1
    outer loop
      vertex -0.76148 17.1883 54
      vertex -1 19 54
      vertex -0.865497 17.6344 54
    endloop
  endfacet
  facet normal 0 0 1
    outer loop
      vertex -0.865497 17.6344 54
      vertex -1 19 54
      vertex -0.940114 18.0863 54
    endloop
  endfacet
  facet normal 0 0 1
    outer loop
      vertex 0 36 54
      vertex -1 64 54
      vertex -1 19 54
    endloop
  endfacet
  facet normal 0 0 1
    outer loop
      vertex -0.940114 18.0863 54
      vertex -1 19 54
      vertex -0.985012 18.5422 54
    endloop
  endfacet
  facet normal -0 0 1
    outer loop
      vertex 13 36 54
      vertex 14 19 54
      vertex 14 64 54
    endloop
  endfacet
  facet normal -0 0 1
    outer loop
      vertex 12.9872 35.6076 54
      vertex 14 19 54
      vertex 13 36 54
    endloop
  endfacet
  facet normal -0 0 1
    outer loop
      vertex 12.9487 35.2168 54
      vertex 14 19 54
      vertex 12.9872 35.6076 54
    endloop
  endfacet
  facet normal -0 0 1
    outer loop
      vertex 12.8847 34.8295 54
      vertex 14 19 54
      vertex 12.9487 35.2168 54
    endloop
  endfacet
  facet normal -0 0 1
    outer loop
      vertex 12.7956 34.4471 54
      vertex 14 19 54
      vertex 12.8847 34.8295 54
    endloop
  endfacet
  facet normal -0 0 1
    outer loop
      vertex 12.6816 34.0714 54
      vertex 14 19 54
      vertex 12.7956 34.4471 54
    endloop
  endfacet
  facet normal -0 0 1
    outer loop
      vertex 12.5433 33.7039 54
      vertex 14 19 54
      vertex 12.6816 34.0714 54
    endloop
  endfacet
  facet normal -0 0 1
    outer loop
      vertex 12.3812 33.3463 54
      vertex 14 19 54
      vertex 12.5433 33.7039 54
    endloop
  endfacet
  facet normal 0 0 1
    outer loop
      vertex 13 36 54
      vertex 14 64 54
      vertex 13 64 54
    endloop
  endfacet
  facet normal -0 0 1
    outer loop
      vertex 12.1962 33 54
      vertex 14 19 54
      vertex 12.3812 33.3463 54
    endloop
  endfacet
  facet normal -0 0 1
    outer loop
      vertex 11.9888 32.6666 54
      vertex 14 19 54
      vertex 12.1962 33 54
    endloop
  endfacet
  facet normal -0 0 1
    outer loop
      vertex 11.7601 32.3474 54
      vertex 14 19 54
      vertex 11.9888 32.6666 54
    endloop
  endfacet
  facet normal -0 0 1
    outer loop
      vertex 11.511 32.0439 54
      vertex 14 19 54
      vertex 11.7601 32.3474 54
    endloop
  endfacet
  facet normal -0 0 1
    outer loop
      vertex 11.2426 31.7574 54
      vertex 14 19 54
      vertex 11.511 32.0439 54
    endloop
  endfacet
  facet normal -0 0 1
    outer loop
      vertex 10.9561 31.489 54
      vertex 14 19 54
      vertex 11.2426 31.7574 54
    endloop
  endfacet
  facet normal -0 0 1
    outer loop
      vertex 10.6526 31.2399 54
      vertex 14 19 54
      vertex 10.9561 31.489 54
    endloop
  endfacet
  facet normal -0 0 1
    outer loop
      vertex 10.3334 31.0112 54
      vertex 14 19 54
      vertex 10.6526 31.2399 54
    endloop
  endfacet
  facet normal -0 0 1
    outer loop
      vertex 10 30.8038 54
      vertex 14 19 54
      vertex 10.3334 31.0112 54
    endloop
  endfacet
  facet normal -0 0 1
    outer loop
      vertex 9.65373 30.6188 54
      vertex 14 19 54
      vertex 10 30.8038 54
    endloop
  endfacet
  facet normal -0 0 1
    outer loop
      vertex 9.2961 30.4567 54
      vertex 14 19 54
      vertex 9.65373 30.6188 54
    endloop
  endfacet
  facet normal -0 0 1
    outer loop
      vertex 8.92864 30.3184 54
      vertex 14 19 54
      vertex 9.2961 30.4567 54
    endloop
  endfacet
  facet normal -0 0 1
    outer loop
      vertex 8.55291 30.2044 54
      vertex 14 19 54
      vertex 8.92864 30.3184 54
    endloop
  endfacet
  facet normal -0 0 1
    outer loop
      vertex 8.17054 30.1153 54
      vertex 14 19 54
      vertex 8.55291 30.2044 54
    endloop
  endfacet
  facet normal -0 0 1
    outer loop
      vertex 7.78316 30.0513 54
      vertex 14 19 54
      vertex 8.17054 30.1153 54
    endloop
  endfacet
  facet normal -0 0 1
    outer loop
      vertex 7.39242 30.0128 54
      vertex 14 19 54
      vertex 7.78316 30.0513 54
    endloop
  endfacet
  facet normal -0 0 1
    outer loop
      vertex 7 30 54
      vertex 14 19 54
      vertex 7.39242 30.0128 54
    endloop
  endfacet
  facet normal -0 0 1
    outer loop
      vertex 6 30 54
      vertex 14 19 54
      vertex 7 30 54
    endloop
  endfacet
  facet normal 0 0 1
    outer loop
      vertex -0.0621777 15.5 54
      vertex 14 19 54
      vertex 6 30 54
    endloop
  endfacet
  facet normal 0 -0 1
    outer loop
      vertex 6 12 54
      vertex 14 19 54
      vertex -0.0621777 15.5 54
    endloop
  endfacet
  facet normal 0 -0 1
    outer loop
      vertex 7 12 54
      vertex 14 19 54
      vertex 6 12 54
    endloop
  endfacet
  facet normal 0 0 1
    outer loop
      vertex 14 19 54
      vertex 7 12 54
      vertex 13.985 18.5422 54
    endloop
  endfacet
  facet normal 0 0 1
    outer loop
      vertex 13.985 18.5422 54
      vertex 7 12 54
      vertex 13.9401 18.0863 54
    endloop
  endfacet
  facet normal 0 0 1
    outer loop
      vertex 13.8655 17.6344 54
      vertex 7 12 54
      vertex 13.7615 17.1883 54
    endloop
  endfacet
  facet normal 0 0 1
    outer loop
      vertex 13.6285 16.7499 54
      vertex 7 12 54
      vertex 13.4672 16.3212 54
    endloop
  endfacet
  facet normal 0 0 1
    outer loop
      vertex 13.4672 16.3212 54
      vertex 7 12 54
      vertex 13.2781 15.904 54
    endloop
  endfacet
  facet normal 0 0 1
    outer loop
      vertex 13.2781 15.904 54
      vertex 7 12 54
      vertex 13.0622 15.5 54
    endloop
  endfacet
  facet normal 0 0 1
    outer loop
      vertex 13.0622 15.5 54
      vertex 7 12 54
      vertex 12.8203 15.111 54
    endloop
  endfacet
  facet normal 0 0 1
    outer loop
      vertex 12.8203 15.111 54
      vertex 7 12 54
      vertex 12.5535 14.7387 54
    endloop
  endfacet
  facet normal 0 0 1
    outer loop
      vertex 12.5535 14.7387 54
      vertex 7 12 54
      vertex 12.2629 14.3846 54
    endloop
  endfacet
  facet normal 0 0 1
    outer loop
      vertex 12.2629 14.3846 54
      vertex 7 12 54
      vertex 11.9497 14.0503 54
    endloop
  endfacet
  facet normal 0 0 1
    outer loop
      vertex 11.9497 14.0503 54
      vertex 7 12 54
      vertex 11.6154 13.7371 54
    endloop
  endfacet
  facet normal 0 0 1
    outer loop
      vertex 11.6154 13.7371 54
      vertex 7 12 54
      vertex 11.2613 13.4465 54
    endloop
  endfacet
  facet normal 0 0 1
    outer loop
      vertex 11.2613 13.4465 54
      vertex 7 12 54
      vertex 10.889 13.1797 54
    endloop
  endfacet
  facet normal 0 0 1
    outer loop
      vertex 10.889 13.1797 54
      vertex 7 12 54
      vertex 10.5 12.9378 54
    endloop
  endfacet
  facet normal 0 0 1
    outer loop
      vertex 10.5 12.9378 54
      vertex 7 12 54
      vertex 10.096 12.7219 54
    endloop
  endfacet
  facet normal 0 0 1
    outer loop
      vertex 10.096 12.7219 54
      vertex 7 12 54
      vertex 9.67878 12.5328 54
    endloop
  endfacet
  facet normal 0 0 1
    outer loop
      vertex 9.67878 12.5328 54
      vertex 7 12 54
      vertex 9.25008 12.3715 54
    endloop
  endfacet
  facet normal 0 0 1
    outer loop
      vertex 9.25008 12.3715 54
      vertex 7 12 54
      vertex 8.81173 12.2385 54
    endloop
  endfacet
  facet normal 0 0 1
    outer loop
      vertex 8.81173 12.2385 54
      vertex 7 12 54
      vertex 8.36563 12.1345 54
    endloop
  endfacet
  facet normal 0 0 1
    outer loop
      vertex 8.36563 12.1345 54
      vertex 7 12 54
      vertex 7.91368 12.0599 54
    endloop
  endfacet
  facet normal 0 0 1
    outer loop
      vertex 13.7615 17.1883 54
      vertex 7 12 54
      vertex 13.6285 16.7499 54
    endloop
  endfacet
  facet normal 0 0 1
    outer loop
      vertex 7.91368 12.0599 54
      vertex 7 12 54
      vertex 7.45782 12.015 54
    endloop
  endfacet
  facet normal 0 0 1
    outer loop
      vertex -0.0621777 15.5 54
      vertex 6 30 54
      vertex 5.60758 30.0128 54
    endloop
  endfacet
  facet normal 0 0 1
    outer loop
      vertex 13.9401 18.0863 54
      vertex 7 12 54
      vertex 13.8655 17.6344 54
    endloop
  endfacet
  facet normal 0 0 1
    outer loop
      vertex -0.0621777 15.5 54
      vertex 5.60758 30.0128 54
      vertex 5.21684 30.0513 54
    endloop
  endfacet
  facet normal 0 0 1
    outer loop
      vertex 6 12 54
      vertex -0.0621777 15.5 54
      vertex 5.54218 12.015 54
    endloop
  endfacet
  facet normal 0 0 1
    outer loop
      vertex -0.0621777 15.5 54
      vertex 5.21684 30.0513 54
      vertex 4.82946 30.1153 54
    endloop
  endfacet
  facet normal 0 0 1
    outer loop
      vertex 5.54218 12.015 54
      vertex -0.0621777 15.5 54
      vertex 5.08632 12.0599 54
    endloop
  endfacet
  facet normal 0 0 1
    outer loop
      vertex -0.0621777 15.5 54
      vertex 4.82946 30.1153 54
      vertex 4.44709 30.2044 54
    endloop
  endfacet
  facet normal 0 0 1
    outer loop
      vertex 5.08632 12.0599 54
      vertex -0.0621777 15.5 54
      vertex 4.63437 12.1345 54
    endloop
  endfacet
  facet normal 0 0 1
    outer loop
      vertex -0.0621777 15.5 54
      vertex 4.44709 30.2044 54
      vertex 4.07136 30.3184 54
    endloop
  endfacet
  facet normal 0 0 1
    outer loop
      vertex 4.63437 12.1345 54
      vertex -0.0621777 15.5 54
      vertex 4.18827 12.2385 54
    endloop
  endfacet
  facet normal 0 0 1
    outer loop
      vertex -0.0621777 15.5 54
      vertex 4.07136 30.3184 54
      vertex 3.7039 30.4567 54
    endloop
  endfacet
  facet normal 0 0 1
    outer loop
      vertex -0.0621777 15.5 54
      vertex 3.7039 30.4567 54
      vertex 3.34627 30.6188 54
    endloop
  endfacet
  facet normal 0 0 1
    outer loop
      vertex 4.18827 12.2385 54
      vertex -0.0621777 15.5 54
      vertex 3.74992 12.3715 54
    endloop
  endfacet
  facet normal 0 0 1
    outer loop
      vertex -0.0621777 15.5 54
      vertex 3.34627 30.6188 54
      vertex 3 30.8038 54
    endloop
  endfacet
  facet normal 0 0 1
    outer loop
      vertex 3.74992 12.3715 54
      vertex -0.0621777 15.5 54
      vertex 3.32122 12.5328 54
    endloop
  endfacet
  facet normal 0 0 1
    outer loop
      vertex -0.0621777 15.5 54
      vertex 3 30.8038 54
      vertex 2.66658 31.0112 54
    endloop
  endfacet
  facet normal 0 0 1
    outer loop
      vertex 3.32122 12.5328 54
      vertex -0.0621777 15.5 54
      vertex 2.90398 12.7219 54
    endloop
  endfacet
  facet normal 0 0 1
    outer loop
      vertex -0.0621777 15.5 54
      vertex 2.66658 31.0112 54
      vertex 2.34743 31.2399 54
    endloop
  endfacet
  facet normal 0 0 1
    outer loop
      vertex 2.90398 12.7219 54
      vertex -0.0621777 15.5 54
      vertex 2.5 12.9378 54
    endloop
  endfacet
  facet normal 0 0 1
    outer loop
      vertex -0.0621777 15.5 54
      vertex 2.34743 31.2399 54
      vertex 2.04392 31.489 54
    endloop
  endfacet
  facet normal 0 0 1
    outer loop
      vertex -0.0621777 15.5 54
      vertex 2.04392 31.489 54
      vertex 1.75736 31.7574 54
    endloop
  endfacet
  facet normal 0 0 1
    outer loop
      vertex 2.5 12.9378 54
      vertex -0.0621777 15.5 54
      vertex 2.11101 13.1797 54
    endloop
  endfacet
  facet normal 0 0 1
    outer loop
      vertex -0.0621777 15.5 54
      vertex 1.75736 31.7574 54
      vertex 1.48896 32.0439 54
    endloop
  endfacet
  facet normal 0 0 1
    outer loop
      vertex 2.11101 13.1797 54
      vertex -0.0621777 15.5 54
      vertex 1.73867 13.4465 54
    endloop
  endfacet
  facet normal 0 0 1
    outer loop
      vertex -0.0621777 15.5 54
      vertex 1.48896 32.0439 54
      vertex 1.23988 32.3474 54
    endloop
  endfacet
  facet normal 0 0 1
    outer loop
      vertex 1.73867 13.4465 54
      vertex -0.0621777 15.5 54
      vertex 1.38458 13.7371 54
    endloop
  endfacet
  facet normal 0 0 1
    outer loop
      vertex -0.0621777 15.5 54
      vertex 1.23988 32.3474 54
      vertex 1.01118 32.6666 54
    endloop
  endfacet
  facet normal 0 0 1
    outer loop
      vertex -0.0621777 15.5 54
      vertex 1.01118 32.6666 54
      vertex 0.803847 33 54
    endloop
  endfacet
  facet normal 0 0 1
    outer loop
      vertex 1.38458 13.7371 54
      vertex -0.0621777 15.5 54
      vertex 1.05025 14.0503 54
    endloop
  endfacet
  facet normal 0 0 1
    outer loop
      vertex -0.0621777 15.5 54
      vertex 0.803847 33 54
      vertex 0.618763 33.3463 54
    endloop
  endfacet
  facet normal 0 0 1
    outer loop
      vertex -0.0621777 15.5 54
      vertex 0.618763 33.3463 54
      vertex 0.456722 33.7039 54
    endloop
  endfacet
  facet normal 0 0 1
    outer loop
      vertex 1.05025 14.0503 54
      vertex -0.0621777 15.5 54
      vertex 0.737121 14.3846 54
    endloop
  endfacet
  facet normal 0 0 1
    outer loop
      vertex -0.0621777 15.5 54
      vertex 0.456722 33.7039 54
      vertex 0.318419 34.0714 54
    endloop
  endfacet
  facet normal 0 0 1
    outer loop
      vertex -0.0621777 15.5 54
      vertex 0.318419 34.0714 54
      vertex 0.204445 34.4471 54
    endloop
  endfacet
  facet normal 0 0 1
    outer loop
      vertex 0.737121 14.3846 54
      vertex -0.0621777 15.5 54
      vertex 0.446527 14.7387 54
    endloop
  endfacet
  facet normal 0 0 1
    outer loop
      vertex -0.0621777 15.5 54
      vertex 0.204445 34.4471 54
      vertex 0.115288 34.8295 54
    endloop
  endfacet
  facet normal 0 0 1
    outer loop
      vertex -0.0621777 15.5 54
      vertex 0.115288 34.8295 54
      vertex 0.0513306 35.2168 54
    endloop
  endfacet
  facet normal 0 0 1
    outer loop
      vertex -0.0621777 15.5 54
      vertex 0.0513306 35.2168 54
      vertex 0.012846 35.6076 54
    endloop
  endfacet
  facet normal 0 0 1
    outer loop
      vertex -0.0621777 15.5 54
      vertex 0.012846 35.6076 54
      vertex 0 36 54
    endloop
  endfacet
  facet normal 0 0 1
    outer loop
      vertex 0.446527 14.7387 54
      vertex -0.0621777 15.5 54
      vertex 0.179712 15.111 54
    endloop
  endfacet
  facet normal 0 0 1
    outer loop
      vertex 14 201 54
      vertex 12.9872 184.392 54
      vertex 13 184 54
    endloop
  endfacet
  facet normal 0 0 1
    outer loop
      vertex 14 201 54
      vertex 12.9487 184.783 54
      vertex 12.9872 184.392 54
    endloop
  endfacet
  facet normal 0 0 1
    outer loop
      vertex 14 201 54
      vertex 12.8847 185.171 54
      vertex 12.9487 184.783 54
    endloop
  endfacet
  facet normal 0 0 1
    outer loop
      vertex 12.5535 205.261 54
      vertex 14 201 54
      vertex 12.8203 204.889 54
    endloop
  endfacet
  facet normal 0 0 1
    outer loop
      vertex 14 201 54
      vertex 12.7956 185.553 54
      vertex 12.8847 185.171 54
    endloop
  endfacet
  facet normal 0 0 1
    outer loop
      vertex 14 201 54
      vertex 12.6816 185.929 54
      vertex 12.7956 185.553 54
    endloop
  endfacet
  facet normal 0 0 1
    outer loop
      vertex 12.2629 205.615 54
      vertex 14 201 54
      vertex 12.5535 205.261 54
    endloop
  endfacet
  facet normal 0 0 1
    outer loop
      vertex 14 201 54
      vertex 12.5433 186.296 54
      vertex 12.6816 185.929 54
    endloop
  endfacet
  facet normal 0 0 1
    outer loop
      vertex 14 201 54
      vertex 12.3812 186.654 54
      vertex 12.5433 186.296 54
    endloop
  endfacet
  facet normal 0 0 1
    outer loop
      vertex 11.9497 205.95 54
      vertex 14 201 54
      vertex 12.2629 205.615 54
    endloop
  endfacet
  facet normal 0 0 1
    outer loop
      vertex 14 201 54
      vertex 12.1962 187 54
      vertex 12.3812 186.654 54
    endloop
  endfacet
  facet normal 0 0 1
    outer loop
      vertex 14 201 54
      vertex 11.9888 187.333 54
      vertex 12.1962 187 54
    endloop
  endfacet
  facet normal 0 0 1
    outer loop
      vertex 11.6154 206.263 54
      vertex 14 201 54
      vertex 11.9497 205.95 54
    endloop
  endfacet
  facet normal 0 0 1
    outer loop
      vertex 14 201 54
      vertex 11.7601 187.653 54
      vertex 11.9888 187.333 54
    endloop
  endfacet
  facet normal 0 0 1
    outer loop
      vertex 11.2613 206.553 54
      vertex 14 201 54
      vertex 11.6154 206.263 54
    endloop
  endfacet
  facet normal 0 0 1
    outer loop
      vertex 14 201 54
      vertex 11.511 187.956 54
      vertex 11.7601 187.653 54
    endloop
  endfacet
  facet normal 0 0 1
    outer loop
      vertex 10.889 206.82 54
      vertex 14 201 54
      vertex 11.2613 206.553 54
    endloop
  endfacet
  facet normal 0 0 1
    outer loop
      vertex 14 201 54
      vertex 11.2426 188.243 54
      vertex 11.511 187.956 54
    endloop
  endfacet
  facet normal 0 0 1
    outer loop
      vertex 14 201 54
      vertex 10.9561 188.511 54
      vertex 11.2426 188.243 54
    endloop
  endfacet
  facet normal 0 0 1
    outer loop
      vertex 10.5 207.062 54
      vertex 14 201 54
      vertex 10.889 206.82 54
    endloop
  endfacet
  facet normal 0 0 1
    outer loop
      vertex 14 201 54
      vertex 10.6526 188.76 54
      vertex 10.9561 188.511 54
    endloop
  endfacet
  facet normal 0 0 1
    outer loop
      vertex 10.096 207.278 54
      vertex 14 201 54
      vertex 10.5 207.062 54
    endloop
  endfacet
  facet normal 0 0 1
    outer loop
      vertex 14 201 54
      vertex 10.3334 188.989 54
      vertex 10.6526 188.76 54
    endloop
  endfacet
  facet normal 0 0 1
    outer loop
      vertex 9.67878 207.467 54
      vertex 14 201 54
      vertex 10.096 207.278 54
    endloop
  endfacet
  facet normal 0 0 1
    outer loop
      vertex 14 201 54
      vertex 10 189.196 54
      vertex 10.3334 188.989 54
    endloop
  endfacet
  facet normal 0 0 1
    outer loop
      vertex 9.25008 207.629 54
      vertex 14 201 54
      vertex 9.67878 207.467 54
    endloop
  endfacet
  facet normal 0 0 1
    outer loop
      vertex 14 201 54
      vertex 9.65373 189.381 54
      vertex 10 189.196 54
    endloop
  endfacet
  facet normal 0 0 1
    outer loop
      vertex 14 201 54
      vertex 9.2961 189.543 54
      vertex 9.65373 189.381 54
    endloop
  endfacet
  facet normal 0 0 1
    outer loop
      vertex 8.81173 207.761 54
      vertex 14 201 54
      vertex 9.25008 207.629 54
    endloop
  endfacet
  facet normal 0 0 1
    outer loop
      vertex 14 201 54
      vertex 8.92864 189.682 54
      vertex 9.2961 189.543 54
    endloop
  endfacet
  facet normal 0 0 1
    outer loop
      vertex 8.36563 207.865 54
      vertex 14 201 54
      vertex 8.81173 207.761 54
    endloop
  endfacet
  facet normal 0 0 1
    outer loop
      vertex 14 201 54
      vertex 8.55291 189.796 54
      vertex 8.92864 189.682 54
    endloop
  endfacet
  facet normal 0 0 1
    outer loop
      vertex 7.91368 207.94 54
      vertex 14 201 54
      vertex 8.36563 207.865 54
    endloop
  endfacet
  facet normal 0 0 1
    outer loop
      vertex 14 201 54
      vertex 8.17054 189.885 54
      vertex 8.55291 189.796 54
    endloop
  endfacet
  facet normal 0 0 1
    outer loop
      vertex 7.45782 207.985 54
      vertex 14 201 54
      vertex 7.91368 207.94 54
    endloop
  endfacet
  facet normal 0 0 1
    outer loop
      vertex 14 201 54
      vertex 7.78316 189.949 54
      vertex 8.17054 189.885 54
    endloop
  endfacet
  facet normal 0 0 1
    outer loop
      vertex 7 208 54
      vertex 14 201 54
      vertex 7.45782 207.985 54
    endloop
  endfacet
  facet normal 0 0 1
    outer loop
      vertex 14 201 54
      vertex 7.39242 189.987 54
      vertex 7.78316 189.949 54
    endloop
  endfacet
  facet normal 0 0 1
    outer loop
      vertex 14 201 54
      vertex 7 208 54
      vertex -1 201 54
    endloop
  endfacet
  facet normal 0 0 1
    outer loop
      vertex 14 201 54
      vertex -1 201 54
      vertex 7 190 54
    endloop
  endfacet
  facet normal 0 0 1
    outer loop
      vertex -1 201 54
      vertex 7 208 54
      vertex 6 208 54
    endloop
  endfacet
  facet normal 0 0 1
    outer loop
      vertex 14 201 54
      vertex 7 190 54
      vertex 7.39242 189.987 54
    endloop
  endfacet
  facet normal 0 0 1
    outer loop
      vertex 7 190 54
      vertex -1 201 54
      vertex 6 190 54
    endloop
  endfacet
  facet normal 0 0 1
    outer loop
      vertex -1 201 54
      vertex 6 208 54
      vertex 5.54218 207.985 54
    endloop
  endfacet
  facet normal 0 0 1
    outer loop
      vertex 6 190 54
      vertex -1 201 54
      vertex 5.60758 189.987 54
    endloop
  endfacet
  facet normal 0 0 1
    outer loop
      vertex -1 201 54
      vertex 5.54218 207.985 54
      vertex 5.08632 207.94 54
    endloop
  endfacet
  facet normal 0 0 1
    outer loop
      vertex 5.60758 189.987 54
      vertex -1 201 54
      vertex 5.21684 189.949 54
    endloop
  endfacet
  facet normal 0 0 1
    outer loop
      vertex -1 201 54
      vertex 5.08632 207.94 54
      vertex 4.63437 207.865 54
    endloop
  endfacet
  facet normal 0 0 1
    outer loop
      vertex 5.21684 189.949 54
      vertex -1 201 54
      vertex 4.82946 189.885 54
    endloop
  endfacet
  facet normal 0 0 1
    outer loop
      vertex -1 201 54
      vertex 4.63437 207.865 54
      vertex 4.18827 207.761 54
    endloop
  endfacet
  facet normal 0 0 1
    outer loop
      vertex 4.82946 189.885 54
      vertex -1 201 54
      vertex 4.44709 189.796 54
    endloop
  endfacet
  facet normal 0 0 1
    outer loop
      vertex -1 201 54
      vertex 4.18827 207.761 54
      vertex 3.74992 207.629 54
    endloop
  endfacet
  facet normal 0 0 1
    outer loop
      vertex 4.44709 189.796 54
      vertex -1 201 54
      vertex 4.07136 189.682 54
    endloop
  endfacet
  facet normal 0 0 1
    outer loop
      vertex 4.07136 189.682 54
      vertex -1 201 54
      vertex 3.7039 189.543 54
    endloop
  endfacet
  facet normal 0 0 1
    outer loop
      vertex -1 201 54
      vertex 3.74992 207.629 54
      vertex 3.32122 207.467 54
    endloop
  endfacet
  facet normal 0 0 1
    outer loop
      vertex 3.7039 189.543 54
      vertex -1 201 54
      vertex 3.34627 189.381 54
    endloop
  endfacet
  facet normal 0 0 1
    outer loop
      vertex -1 201 54
      vertex 3.32122 207.467 54
      vertex 2.90398 207.278 54
    endloop
  endfacet
  facet normal 0 0 1
    outer loop
      vertex 3.34627 189.381 54
      vertex -1 201 54
      vertex 3 189.196 54
    endloop
  endfacet
  facet normal 0 0 1
    outer loop
      vertex -1 201 54
      vertex 2.90398 207.278 54
      vertex 2.5 207.062 54
    endloop
  endfacet
  facet normal 0 0 1
    outer loop
      vertex 3 189.196 54
      vertex -1 201 54
      vertex 2.66658 188.989 54
    endloop
  endfacet
  facet normal 0 0 1
    outer loop
      vertex -1 201 54
      vertex 2.5 207.062 54
      vertex 2.11101 206.82 54
    endloop
  endfacet
  facet normal 0 0 1
    outer loop
      vertex 2.66658 188.989 54
      vertex -1 201 54
      vertex 2.34743 188.76 54
    endloop
  endfacet
  facet normal 0 0 1
    outer loop
      vertex 2.34743 188.76 54
      vertex -1 201 54
      vertex 2.04392 188.511 54
    endloop
  endfacet
  facet normal 0 0 1
    outer loop
      vertex -1 201 54
      vertex 2.11101 206.82 54
      vertex 1.73867 206.553 54
    endloop
  endfacet
  facet normal 0 0 1
    outer loop
      vertex 2.04392 188.511 54
      vertex -1 201 54
      vertex 1.75736 188.243 54
    endloop
  endfacet
  facet normal 0 0 1
    outer loop
      vertex -1 201 54
      vertex 1.73867 206.553 54
      vertex 1.38458 206.263 54
    endloop
  endfacet
  facet normal 0 0 1
    outer loop
      vertex 1.75736 188.243 54
      vertex -1 201 54
      vertex 1.48896 187.956 54
    endloop
  endfacet
  facet normal 0 0 1
    outer loop
      vertex -1 201 54
      vertex 1.38458 206.263 54
      vertex 1.05025 205.95 54
    endloop
  endfacet
  facet normal 0 0 1
    outer loop
      vertex 1.48896 187.956 54
      vertex -1 201 54
      vertex 1.23988 187.653 54
    endloop
  endfacet
  facet normal 0 0 1
    outer loop
      vertex 1.23988 187.653 54
      vertex -1 201 54
      vertex 1.01118 187.333 54
    endloop
  endfacet
  facet normal 0 0 1
    outer loop
      vertex -1 201 54
      vertex 1.05025 205.95 54
      vertex 0.737121 205.615 54
    endloop
  endfacet
  facet normal 0 0 1
    outer loop
      vertex 1.01118 187.333 54
      vertex -1 201 54
      vertex 0.803847 187 54
    endloop
  endfacet
  facet normal 0 0 1
    outer loop
      vertex 0.803847 187 54
      vertex -1 201 54
      vertex 0.618763 186.654 54
    endloop
  endfacet
  facet normal 0 0 1
    outer loop
      vertex -1 201 54
      vertex 0.737121 205.615 54
      vertex 0.446527 205.261 54
    endloop
  endfacet
  facet normal 0 0 1
    outer loop
      vertex 0.618763 186.654 54
      vertex -1 201 54
      vertex 0.456722 186.296 54
    endloop
  endfacet
  facet normal 0 0 1
    outer loop
      vertex 0.456722 186.296 54
      vertex -1 201 54
      vertex 0.318419 185.929 54
    endloop
  endfacet
  facet normal 0 0 1
    outer loop
      vertex -1 201 54
      vertex 0.446527 205.261 54
      vertex 0.179712 204.889 54
    endloop
  endfacet
  facet normal 0 0 1
    outer loop
      vertex 0.318419 185.929 54
      vertex -1 201 54
      vertex 0.204445 185.553 54
    endloop
  endfacet
  facet normal 0 0 1
    outer loop
      vertex 0.204445 185.553 54
      vertex -1 201 54
      vertex 0.115288 185.171 54
    endloop
  endfacet
  facet normal 0 0 1
    outer loop
      vertex 0.115288 185.171 54
      vertex -1 201 54
      vertex 0.0513306 184.783 54
    endloop
  endfacet
  facet normal 0 0 1
    outer loop
      vertex 0.0513306 184.783 54
      vertex -1 201 54
      vertex 0.012846 184.392 54
    endloop
  endfacet
  facet normal 0 0 1
    outer loop
      vertex -1 201 54
      vertex 0.179712 204.889 54
      vertex -0.0621777 204.5 54
    endloop
  endfacet
  facet normal 0 0 1
    outer loop
      vertex 0.012846 184.392 54
      vertex -1 201 54
      vertex 0 184 54
    endloop
  endfacet
  facet normal 0 0 1
    outer loop
      vertex -1 201 54
      vertex -0.0621777 204.5 54
      vertex -0.278109 204.096 54
    endloop
  endfacet
  facet normal 0 0 1
    outer loop
      vertex -1 201 54
      vertex -0.278109 204.096 54
      vertex -0.467156 203.679 54
    endloop
  endfacet
  facet normal 0 0 1
    outer loop
      vertex -1 201 54
      vertex -0.467156 203.679 54
      vertex -0.62851 203.25 54
    endloop
  endfacet
  facet normal 0 0 1
    outer loop
      vertex -1 201 54
      vertex -0.62851 203.25 54
      vertex -0.76148 202.812 54
    endloop
  endfacet
  facet normal 0 0 1
    outer loop
      vertex -1 201 54
      vertex -0.76148 202.812 54
      vertex -0.865497 202.366 54
    endloop
  endfacet
  facet normal 0 0 1
    outer loop
      vertex -1 201 54
      vertex -0.865497 202.366 54
      vertex -0.940114 201.914 54
    endloop
  endfacet
  facet normal 0 0 1
    outer loop
      vertex -1 201 54
      vertex -0.940114 201.914 54
      vertex -0.985012 201.458 54
    endloop
  endfacet
  facet normal 0 0 1
    outer loop
      vertex -1 156 54
      vertex 0 184 54
      vertex -1 201 54
    endloop
  endfacet
  facet normal 0 0 1
    outer loop
      vertex 0 184 54
      vertex -1 156 54
      vertex 0 156 54
    endloop
  endfacet
  facet normal 0 0 1
    outer loop
      vertex 13.0622 204.5 54
      vertex 14 201 54
      vertex 13.985 201.458 54
    endloop
  endfacet
  facet normal 0 0 1
    outer loop
      vertex 13.0622 204.5 54
      vertex 13.985 201.458 54
      vertex 13.9401 201.914 54
    endloop
  endfacet
  facet normal 0 0 1
    outer loop
      vertex 13.0622 204.5 54
      vertex 13.9401 201.914 54
      vertex 13.8655 202.366 54
    endloop
  endfacet
  facet normal 0 0 1
    outer loop
      vertex 13.0622 204.5 54
      vertex 13.8655 202.366 54
      vertex 13.7615 202.812 54
    endloop
  endfacet
  facet normal 0 0 1
    outer loop
      vertex 13.0622 204.5 54
      vertex 13.7615 202.812 54
      vertex 13.6285 203.25 54
    endloop
  endfacet
  facet normal 0 0 1
    outer loop
      vertex 13.0622 204.5 54
      vertex 13.6285 203.25 54
      vertex 13.4672 203.679 54
    endloop
  endfacet
  facet normal 0 0 1
    outer loop
      vertex 13.0622 204.5 54
      vertex 13.4672 203.679 54
      vertex 13.2781 204.096 54
    endloop
  endfacet
  facet normal 0 0 1
    outer loop
      vertex 12.8203 204.889 54
      vertex 14 201 54
      vertex 13.0622 204.5 54
    endloop
  endfacet
  facet normal 0 0 1
    outer loop
      vertex 14 201 54
      vertex 13 184 54
      vertex 14 156 54
    endloop
  endfacet
  facet normal 0 0 1
    outer loop
      vertex 14 156 54
      vertex 13 184 54
      vertex 13 156 54
    endloop
  endfacet
  facet normal -0 0 1
    outer loop
      vertex -1 128 54
      vertex 0 92 54
      vertex 0 128 54
    endloop
  endfacet
  facet normal 0 0 1
    outer loop
      vertex 0 92 54
      vertex -1 128 54
      vertex -1 92 54
    endloop
  endfacet
  facet normal -0 0 1
    outer loop
      vertex 13 128 54
      vertex 14 92 54
      vertex 14 128 54
    endloop
  endfacet
  facet normal 0 0 1
    outer loop
      vertex 14 92 54
      vertex 13 128 54
      vertex 13 92 54
    endloop
  endfacet
  facet normal 0.936024 0.351936 -1.57371e-19
    outer loop
      vertex 13.6285 203.25 54
      vertex 13.4672 203.679 0
      vertex 13.4672 203.679 54
    endloop
  endfacet
  facet normal 0.936024 0.351936 -1.57371e-19
    outer loop
      vertex 13.4672 203.679 0
      vertex 13.6285 203.25 54
      vertex 13.6285 203.25 0
    endloop
  endfacet
  facet normal -0.773019 -0.634382 2.959e-20
    outer loop
      vertex 0.737121 14.3846 0
      vertex 0.446527 14.7387 54
      vertex 0.446527 14.7387 0
    endloop
  endfacet
  facet normal -0.773019 -0.634382 2.959e-20
    outer loop
      vertex 0.446527 14.7387 54
      vertex 0.737121 14.3846 0
      vertex 0.737121 14.3846 54
    endloop
  endfacet
  facet normal -0.634401 -0.773004 0
    outer loop
      vertex 1.38458 13.7371 0
      vertex 1.73867 13.4465 54
      vertex 1.38458 13.7371 54
    endloop
  endfacet
  facet normal -0.634401 -0.773004 -0
    outer loop
      vertex 1.73867 13.4465 54
      vertex 1.38458 13.7371 0
      vertex 1.73867 13.4465 0
    endloop
  endfacet
  facet normal -0.849208 0.528058 -2.13577e-19
    outer loop
      vertex -0.0621777 204.5 0
      vertex 0.179712 204.889 54
      vertex 0.179712 204.889 0
    endloop
  endfacet
  facet normal -0.849208 0.528058 -2.13577e-19
    outer loop
      vertex 0.179712 204.889 54
      vertex -0.0621777 204.5 0
      vertex -0.0621777 204.5 54
    endloop
  endfacet
  facet normal -0.471343 -0.88195 0
    outer loop
      vertex 2.5 12.9378 0
      vertex 2.90398 12.7219 54
      vertex 2.5 12.9378 54
    endloop
  endfacet
  facet normal -0.471343 -0.88195 -0
    outer loop
      vertex 2.90398 12.7219 54
      vertex 2.5 12.9378 0
      vertex 2.90398 12.7219 0
    endloop
  endfacet
  facet normal -0.290341 -0.956923 0
    outer loop
      vertex 3.74992 12.3715 0
      vertex 4.18827 12.2385 54
      vertex 3.74992 12.3715 54
    endloop
  endfacet
  facet normal -0.290341 -0.956923 -0
    outer loop
      vertex 4.18827 12.2385 54
      vertex 3.74992 12.3715 0
      vertex 4.18827 12.2385 0
    endloop
  endfacet
  facet normal -0.973865 0.227127 -6.39339e-20
    outer loop
      vertex -0.865497 202.366 0
      vertex -0.76148 202.812 54
      vertex -0.76148 202.812 0
    endloop
  endfacet
  facet normal -0.973865 0.227127 -6.39339e-20
    outer loop
      vertex -0.76148 202.812 54
      vertex -0.865497 202.366 0
      vertex -0.865497 202.366 54
    endloop
  endfacet
  facet normal 0.0327464 -0.999464 0
    outer loop
      vertex 7 12 0
      vertex 7.45782 12.015 54
      vertex 7 12 54
    endloop
  endfacet
  facet normal 0.0327464 -0.999464 0
    outer loop
      vertex 7.45782 12.015 54
      vertex 7 12 0
      vertex 7.45782 12.015 0
    endloop
  endfacet
  facet normal -0.471513 0.881859 0
    outer loop
      vertex 2.90398 207.278 0
      vertex 2.5 207.062 54
      vertex 2.90398 207.278 54
    endloop
  endfacet
  facet normal -0.471513 0.881859 0
    outer loop
      vertex 2.5 207.062 54
      vertex 2.90398 207.278 0
      vertex 2.5 207.062 0
    endloop
  endfacet
  facet normal 0.910807 -0.412832 2.73887e-19
    outer loop
      vertex 13.2781 15.904 54
      vertex 13.4672 16.3212 0
      vertex 13.4672 16.3212 54
    endloop
  endfacet
  facet normal 0.910807 -0.412832 2.73887e-19
    outer loop
      vertex 13.4672 16.3212 0
      vertex 13.2781 15.904 54
      vertex 13.2781 15.904 0
    endloop
  endfacet
  facet normal 0.995187 0.097991 -5.36287e-21
    outer loop
      vertex 13.985 201.458 54
      vertex 13.9401 201.914 0
      vertex 13.9401 201.914 54
    endloop
  endfacet
  facet normal 0.995187 0.097991 -5.36287e-21
    outer loop
      vertex 13.9401 201.914 0
      vertex 13.985 201.458 54
      vertex 13.985 201.458 0
    endloop
  endfacet
  facet normal -0.412799 -0.910822 0
    outer loop
      vertex 2.90398 12.7219 0
      vertex 3.32122 12.5328 54
      vertex 2.90398 12.7219 54
    endloop
  endfacet
  facet normal -0.412799 -0.910822 -0
    outer loop
      vertex 3.32122 12.5328 54
      vertex 2.90398 12.7219 0
      vertex 3.32122 12.5328 0
    endloop
  endfacet
  facet normal 0 -1 0
    outer loop
      vertex 6 12 0
      vertex 7 12 54
      vertex 6 12 54
    endloop
  endfacet
  facet normal 0 -1 -0
    outer loop
      vertex 7 12 54
      vertex 6 12 0
      vertex 7 12 0
    endloop
  endfacet
  facet normal -0.986646 0.162877 4.45513e-20
    outer loop
      vertex -0.940114 201.914 0
      vertex -0.865497 202.366 54
      vertex -0.865497 202.366 0
    endloop
  endfacet
  facet normal -0.986646 0.162877 4.45513e-20
    outer loop
      vertex -0.865497 202.366 54
      vertex -0.940114 201.914 0
      vertex -0.940114 201.914 54
    endloop
  endfacet
  facet normal 0.729762 -0.683701 2.45143e-20
    outer loop
      vertex 11.9497 14.0503 54
      vertex 12.2629 14.3846 0
      vertex 12.2629 14.3846 54
    endloop
  endfacet
  facet normal 0.729762 -0.683701 2.45143e-20
    outer loop
      vertex 12.2629 14.3846 0
      vertex 11.9497 14.0503 54
      vertex 11.9497 14.0503 0
    endloop
  endfacet
  facet normal 0.227043 -0.973885 0
    outer loop
      vertex 8.36563 12.1345 0
      vertex 8.81173 12.2385 54
      vertex 8.36563 12.1345 54
    endloop
  endfacet
  facet normal 0.227043 -0.973885 0
    outer loop
      vertex 8.81173 12.2385 54
      vertex 8.36563 12.1345 0
      vertex 8.81173 12.2385 0
    endloop
  endfacet
  facet normal 0.973885 -0.227043 -1.28121e-19
    outer loop
      vertex 13.7615 17.1883 54
      vertex 13.8655 17.6344 0
      vertex 13.8655 17.6344 54
    endloop
  endfacet
  facet normal 0.973885 -0.227043 -1.28121e-19
    outer loop
      vertex 13.8655 17.6344 0
      vertex 13.7615 17.1883 54
      vertex 13.7615 17.1883 0
    endloop
  endfacet
  facet normal -0.0327464 -0.999464 0
    outer loop
      vertex 5.54218 12.015 0
      vertex 6 12 54
      vertex 5.54218 12.015 54
    endloop
  endfacet
  facet normal -0.0327464 -0.999464 -0
    outer loop
      vertex 6 12 54
      vertex 5.54218 12.015 0
      vertex 6 12 0
    endloop
  endfacet
  facet normal -0.162859 -0.986649 0
    outer loop
      vertex 4.63437 12.1345 0
      vertex 5.08632 12.0599 54
      vertex 4.63437 12.1345 54
    endloop
  endfacet
  facet normal -0.162859 -0.986649 -0
    outer loop
      vertex 5.08632 12.0599 54
      vertex 4.63437 12.1345 0
      vertex 5.08632 12.0599 0
    endloop
  endfacet
  facet normal 0.995185 -0.0980123 -2.85019e-20
    outer loop
      vertex 13.9401 18.0863 54
      vertex 13.985 18.5422 0
      vertex 13.985 18.5422 54
    endloop
  endfacet
  facet normal 0.995185 -0.0980123 -2.85019e-20
    outer loop
      vertex 13.985 18.5422 0
      vertex 13.9401 18.0863 54
      vertex 13.9401 18.0863 0
    endloop
  endfacet
  facet normal -0.729839 -0.683619 -1.2258e-19
    outer loop
      vertex 1.05025 14.0503 0
      vertex 0.737121 14.3846 54
      vertex 0.737121 14.3846 0
    endloop
  endfacet
  facet normal -0.729839 -0.683619 -1.2258e-19
    outer loop
      vertex 0.737121 14.3846 54
      vertex 1.05025 14.0503 0
      vertex 1.05025 14.0503 54
    endloop
  endfacet
  facet normal 0.528232 0.8491 -0
    outer loop
      vertex 10.889 206.82 0
      vertex 10.5 207.062 54
      vertex 10.889 206.82 54
    endloop
  endfacet
  facet normal 0.528232 0.8491 0
    outer loop
      vertex 10.5 207.062 54
      vertex 10.889 206.82 0
      vertex 10.5 207.062 0
    endloop
  endfacet
  facet normal 0.582497 -0.812833 0
    outer loop
      vertex 10.889 13.1797 0
      vertex 11.2613 13.4465 54
      vertex 10.889 13.1797 54
    endloop
  endfacet
  facet normal 0.582497 -0.812833 0
    outer loop
      vertex 11.2613 13.4465 54
      vertex 10.889 13.1797 0
      vertex 11.2613 13.4465 0
    endloop
  endfacet
  facet normal 0.812833 -0.582497 -1.29289e-19
    outer loop
      vertex 12.5535 14.7387 54
      vertex 12.8203 15.111 0
      vertex 12.8203 15.111 54
    endloop
  endfacet
  facet normal 0.812833 -0.582497 -1.29289e-19
    outer loop
      vertex 12.8203 15.111 0
      vertex 12.5535 14.7387 54
      vertex 12.5535 14.7387 0
    endloop
  endfacet
  facet normal -0.910851 -0.412736 -1.97874e-19
    outer loop
      vertex -0.278109 15.904 0
      vertex -0.467156 16.3212 54
      vertex -0.467156 16.3212 0
    endloop
  endfacet
  facet normal -0.910851 -0.412736 -1.97874e-19
    outer loop
      vertex -0.467156 16.3212 54
      vertex -0.278109 15.904 0
      vertex -0.278109 15.904 54
    endloop
  endfacet
  facet normal 0.0980208 -0.995184 0
    outer loop
      vertex 7.45782 12.015 0
      vertex 7.91368 12.0599 54
      vertex 7.45782 12.015 54
    endloop
  endfacet
  facet normal 0.0980208 -0.995184 0
    outer loop
      vertex 7.91368 12.0599 54
      vertex 7.45782 12.015 0
      vertex 7.91368 12.0599 0
    endloop
  endfacet
  facet normal 0.162859 -0.986649 0
    outer loop
      vertex 7.91368 12.0599 0
      vertex 8.36563 12.1345 54
      vertex 7.91368 12.0599 54
    endloop
  endfacet
  facet normal 0.162859 -0.986649 0
    outer loop
      vertex 8.36563 12.1345 54
      vertex 7.91368 12.0599 0
      vertex 8.36563 12.1345 0
    endloop
  endfacet
  facet normal 0 1 -0
    outer loop
      vertex 7 208 0
      vertex 6 208 54
      vertex 7 208 54
    endloop
  endfacet
  facet normal 0 1 0
    outer loop
      vertex 6 208 54
      vertex 7 208 0
      vertex 6 208 0
    endloop
  endfacet
  facet normal -0.999465 0.0327074 -1.09046e-20
    outer loop
      vertex -1 201 0
      vertex -0.985012 201.458 54
      vertex -0.985012 201.458 0
    endloop
  endfacet
  facet normal -0.999465 0.0327074 -1.09046e-20
    outer loop
      vertex -0.985012 201.458 54
      vertex -1 201 0
      vertex -1 201 54
    endloop
  endfacet
  facet normal -0.849208 -0.528058 8.52621e-20
    outer loop
      vertex 0.179712 15.111 0
      vertex -0.0621777 15.5 54
      vertex -0.0621777 15.5 0
    endloop
  endfacet
  facet normal -0.849208 -0.528058 8.52621e-20
    outer loop
      vertex -0.0621777 15.5 54
      vertex 0.179712 15.111 0
      vertex 0.179712 15.111 54
    endloop
  endfacet
  facet normal -0.098237 0.995163 0
    outer loop
      vertex 5.54218 207.985 0
      vertex 5.08632 207.94 54
      vertex 5.54218 207.985 54
    endloop
  endfacet
  facet normal -0.098237 0.995163 0
    outer loop
      vertex 5.08632 207.94 54
      vertex 5.54218 207.985 0
      vertex 5.08632 207.94 0
    endloop
  endfacet
  facet normal -0.986641 -0.162912 1.05689e-19
    outer loop
      vertex -0.865497 17.6344 0
      vertex -0.940114 18.0863 54
      vertex -0.940114 18.0863 0
    endloop
  endfacet
  facet normal -0.986641 -0.162912 1.05689e-19
    outer loop
      vertex -0.940114 18.0863 54
      vertex -0.865497 17.6344 0
      vertex -0.865497 17.6344 54
    endloop
  endfacet
  facet normal 0.956859 0.290553 7.62116e-20
    outer loop
      vertex 13.7615 202.812 54
      vertex 13.6285 203.25 0
      vertex 13.6285 203.25 54
    endloop
  endfacet
  facet normal 0.956859 0.290553 7.62116e-20
    outer loop
      vertex 13.6285 203.25 0
      vertex 13.7615 202.812 54
      vertex 13.7615 202.812 0
    endloop
  endfacet
  facet normal 0.999464 -0.0327478 -8.98387e-21
    outer loop
      vertex 13.985 18.5422 54
      vertex 14 19 0
      vertex 14 19 54
    endloop
  endfacet
  facet normal 0.999464 -0.0327478 -8.98387e-21
    outer loop
      vertex 14 19 0
      vertex 13.985 18.5422 54
      vertex 13.985 18.5422 0
    endloop
  endfacet
  facet normal 0.849198 0.528075 -1.4404e-19
    outer loop
      vertex 13.0622 204.5 54
      vertex 12.8203 204.889 0
      vertex 12.8203 204.889 54
    endloop
  endfacet
  facet normal 0.849198 0.528075 -1.4404e-19
    outer loop
      vertex 12.8203 204.889 0
      vertex 13.0622 204.5 54
      vertex 13.0622 204.5 0
    endloop
  endfacet
  facet normal -0.352152 -0.935943 0
    outer loop
      vertex 3.32122 12.5328 0
      vertex 3.74992 12.3715 54
      vertex 3.32122 12.5328 54
    endloop
  endfacet
  facet normal -0.352152 -0.935943 -0
    outer loop
      vertex 3.74992 12.3715 54
      vertex 3.32122 12.5328 0
      vertex 3.74992 12.3715 0
    endloop
  endfacet
  facet normal 0.88196 -0.471325 1.71404e-19
    outer loop
      vertex 13.0622 15.5 54
      vertex 13.2781 15.904 0
      vertex 13.2781 15.904 54
    endloop
  endfacet
  facet normal 0.88196 -0.471325 1.71404e-19
    outer loop
      vertex 13.2781 15.904 0
      vertex 13.0622 15.5 54
      vertex 13.0622 15.5 0
    endloop
  endfacet
  facet normal 0.582786 0.812626 -0
    outer loop
      vertex 11.2613 206.553 0
      vertex 10.889 206.82 54
      vertex 11.2613 206.553 54
    endloop
  endfacet
  facet normal 0.582786 0.812626 0
    outer loop
      vertex 10.889 206.82 54
      vertex 11.2613 206.553 0
      vertex 10.889 206.82 0
    endloop
  endfacet
  facet normal -0.0980208 -0.995184 0
    outer loop
      vertex 5.08632 12.0599 0
      vertex 5.54218 12.015 54
      vertex 5.08632 12.0599 54
    endloop
  endfacet
  facet normal -0.0980208 -0.995184 -0
    outer loop
      vertex 5.54218 12.015 54
      vertex 5.08632 12.0599 0
      vertex 5.54218 12.015 0
    endloop
  endfacet
  facet normal -0.973876 -0.227078 2.60048e-20
    outer loop
      vertex -0.76148 17.1883 0
      vertex -0.865497 17.6344 54
      vertex -0.865497 17.6344 0
    endloop
  endfacet
  facet normal -0.973876 -0.227078 2.60048e-20
    outer loop
      vertex -0.865497 17.6344 54
      vertex -0.76148 17.1883 0
      vertex -0.76148 17.1883 54
    endloop
  endfacet
  facet normal -0.812817 -0.582519 -1.20867e-19
    outer loop
      vertex 0.446527 14.7387 0
      vertex 0.179712 15.111 54
      vertex 0.179712 15.111 0
    endloop
  endfacet
  facet normal -0.812817 -0.582519 -1.20867e-19
    outer loop
      vertex 0.179712 15.111 54
      vertex 0.446527 14.7387 0
      vertex 0.446527 14.7387 54
    endloop
  endfacet
  facet normal 0.0327464 0.999464 -0
    outer loop
      vertex 7.45782 207.985 0
      vertex 7 208 54
      vertex 7.45782 207.985 54
    endloop
  endfacet
  facet normal 0.0327464 0.999464 0
    outer loop
      vertex 7 208 54
      vertex 7.45782 207.985 0
      vertex 7 208 0
    endloop
  endfacet
  facet normal 0.773013 -0.63439 1.87392e-19
    outer loop
      vertex 12.2629 14.3846 54
      vertex 12.5535 14.7387 0
      vertex 12.5535 14.7387 54
    endloop
  endfacet
  facet normal 0.773013 -0.63439 1.87392e-19
    outer loop
      vertex 12.5535 14.7387 0
      vertex 12.2629 14.3846 54
      vertex 12.2629 14.3846 0
    endloop
  endfacet
  facet normal -0.528084 -0.849192 0
    outer loop
      vertex 2.11101 13.1797 0
      vertex 2.5 12.9378 54
      vertex 2.11101 13.1797 54
    endloop
  endfacet
  facet normal -0.528084 -0.849192 -0
    outer loop
      vertex 2.5 12.9378 54
      vertex 2.11101 13.1797 0
      vertex 2.5 12.9378 0
    endloop
  endfacet
  facet normal 0.849198 -0.528075 2.67915e-19
    outer loop
      vertex 12.8203 15.111 54
      vertex 13.0622 15.5 0
      vertex 13.0622 15.5 54
    endloop
  endfacet
  facet normal 0.849198 -0.528075 2.67915e-19
    outer loop
      vertex 13.0622 15.5 0
      vertex 12.8203 15.111 54
      vertex 12.8203 15.111 0
    endloop
  endfacet
  facet normal 0.956933 -0.29031 -7.69306e-20
    outer loop
      vertex 13.6285 16.7499 54
      vertex 13.7615 17.1883 0
      vertex 13.7615 17.1883 54
    endloop
  endfacet
  facet normal 0.956933 -0.29031 -7.69306e-20
    outer loop
      vertex 13.7615 17.1883 0
      vertex 13.6285 16.7499 54
      vertex 13.6285 16.7499 0
    endloop
  endfacet
  facet normal -0.528242 0.849094 0
    outer loop
      vertex 2.5 207.062 0
      vertex 2.11101 206.82 54
      vertex 2.5 207.062 54
    endloop
  endfacet
  facet normal -0.528242 0.849094 0
    outer loop
      vertex 2.11101 206.82 54
      vertex 2.5 207.062 0
      vertex 2.11101 206.82 0
    endloop
  endfacet
  facet normal -0.935985 0.35204 1.61829e-19
    outer loop
      vertex -0.62851 203.25 0
      vertex -0.467156 203.679 54
      vertex -0.467156 203.679 0
    endloop
  endfacet
  facet normal -0.935985 0.35204 1.61829e-19
    outer loop
      vertex -0.467156 203.679 54
      vertex -0.62851 203.25 0
      vertex -0.62851 203.25 54
    endloop
  endfacet
  facet normal 0.633607 0.773655 -0
    outer loop
      vertex 11.6154 206.263 0
      vertex 11.2613 206.553 54
      vertex 11.6154 206.263 54
    endloop
  endfacet
  facet normal 0.633607 0.773655 0
    outer loop
      vertex 11.2613 206.553 54
      vertex 11.6154 206.263 0
      vertex 11.2613 206.553 0
    endloop
  endfacet
  facet normal 0.935943 -0.352152 -1.30688e-19
    outer loop
      vertex 13.4672 16.3212 54
      vertex 13.6285 16.7499 0
      vertex 13.6285 16.7499 54
    endloop
  endfacet
  facet normal 0.935943 -0.352152 -1.30688e-19
    outer loop
      vertex 13.6285 16.7499 0
      vertex 13.4672 16.3212 54
      vertex 13.4672 16.3212 0
    endloop
  endfacet
  facet normal -0.910776 0.4129 3.89674e-20
    outer loop
      vertex -0.467156 203.679 0
      vertex -0.278109 204.096 54
      vertex -0.278109 204.096 0
    endloop
  endfacet
  facet normal -0.910776 0.4129 3.89674e-20
    outer loop
      vertex -0.278109 204.096 54
      vertex -0.467156 203.679 0
      vertex -0.467156 203.679 54
    endloop
  endfacet
  facet normal 0.412816 -0.910815 0
    outer loop
      vertex 9.67878 12.5328 0
      vertex 10.096 12.7219 54
      vertex 9.67878 12.5328 54
    endloop
  endfacet
  facet normal 0.412816 -0.910815 0
    outer loop
      vertex 10.096 12.7219 54
      vertex 9.67878 12.5328 0
      vertex 10.096 12.7219 0
    endloop
  endfacet
  facet normal 0.730475 0.68294 2.42194e-19
    outer loop
      vertex 12.2629 205.615 54
      vertex 11.9497 205.95 0
      vertex 11.9497 205.95 54
    endloop
  endfacet
  facet normal 0.730475 0.68294 2.42194e-19
    outer loop
      vertex 11.9497 205.95 0
      vertex 12.2629 205.615 54
      vertex 12.2629 205.615 0
    endloop
  endfacet
  facet normal -0.995188 0.0979867 -6.55287e-20
    outer loop
      vertex -0.985012 201.458 0
      vertex -0.940114 201.914 54
      vertex -0.940114 201.914 0
    endloop
  endfacet
  facet normal -0.995188 0.0979867 -6.55287e-20
    outer loop
      vertex -0.940114 201.914 54
      vertex -0.985012 201.458 0
      vertex -0.985012 201.458 54
    endloop
  endfacet
  facet normal -0.582456 -0.812862 0
    outer loop
      vertex 1.73867 13.4465 0
      vertex 2.11101 13.1797 54
      vertex 1.73867 13.4465 54
    endloop
  endfacet
  facet normal -0.582456 -0.812862 -0
    outer loop
      vertex 2.11101 13.1797 54
      vertex 1.73867 13.4465 0
      vertex 2.11101 13.1797 0
    endloop
  endfacet
  facet normal 0.471494 0.881869 -0
    outer loop
      vertex 10.5 207.062 0
      vertex 10.096 207.278 54
      vertex 10.5 207.062 54
    endloop
  endfacet
  facet normal 0.471494 0.881869 0
    outer loop
      vertex 10.096 207.278 54
      vertex 10.5 207.062 0
      vertex 10.096 207.278 0
    endloop
  endfacet
  facet normal 0.973873 0.227092 -3.39934e-20
    outer loop
      vertex 13.8655 202.366 54
      vertex 13.7615 202.812 0
      vertex 13.7615 202.812 54
    endloop
  endfacet
  facet normal 0.973873 0.227092 -3.39934e-20
    outer loop
      vertex 13.7615 202.812 0
      vertex 13.8655 202.366 54
      vertex 13.8655 202.366 0
    endloop
  endfacet
  facet normal 0.81261 0.582808 -6.01668e-20
    outer loop
      vertex 12.8203 204.889 54
      vertex 12.5535 205.261 0
      vertex 12.5535 205.261 54
    endloop
  endfacet
  facet normal 0.81261 0.582808 -6.01668e-20
    outer loop
      vertex 12.5535 205.261 0
      vertex 12.8203 204.889 54
      vertex 12.8203 204.889 0
    endloop
  endfacet
  facet normal -0.582744 0.812656 0
    outer loop
      vertex 2.11101 206.82 0
      vertex 1.73867 206.553 54
      vertex 2.11101 206.82 54
    endloop
  endfacet
  facet normal -0.582744 0.812656 0
    outer loop
      vertex 1.73867 206.553 54
      vertex 2.11101 206.82 0
      vertex 1.73867 206.553 0
    endloop
  endfacet
  facet normal -0.28834 0.957528 0
    outer loop
      vertex 4.18827 207.761 0
      vertex 3.74992 207.629 54
      vertex 4.18827 207.761 54
    endloop
  endfacet
  facet normal -0.28834 0.957528 0
    outer loop
      vertex 3.74992 207.629 54
      vertex 4.18827 207.761 0
      vertex 3.74992 207.629 0
    endloop
  endfacet
  facet normal -0.412618 0.910904 0
    outer loop
      vertex 3.32122 207.467 0
      vertex 2.90398 207.278 54
      vertex 3.32122 207.467 54
    endloop
  endfacet
  facet normal -0.412618 0.910904 0
    outer loop
      vertex 2.90398 207.278 54
      vertex 3.32122 207.467 0
      vertex 2.90398 207.278 0
    endloop
  endfacet
  facet normal -0.956877 0.290493 -8.20751e-20
    outer loop
      vertex -0.76148 202.812 0
      vertex -0.62851 203.25 54
      vertex -0.62851 203.25 0
    endloop
  endfacet
  facet normal -0.956877 0.290493 -8.20751e-20
    outer loop
      vertex -0.62851 203.25 54
      vertex -0.76148 202.812 0
      vertex -0.76148 202.812 54
    endloop
  endfacet
  facet normal -0.881931 0.471378 -1.64433e-19
    outer loop
      vertex -0.278109 204.096 0
      vertex -0.0621777 204.5 54
      vertex -0.0621777 204.5 0
    endloop
  endfacet
  facet normal -0.881931 0.471378 -1.64433e-19
    outer loop
      vertex -0.0621777 204.5 54
      vertex -0.278109 204.096 0
      vertex -0.278109 204.096 54
    endloop
  endfacet
  facet normal 0.986652 0.162841 -1.50506e-20
    outer loop
      vertex 13.9401 201.914 54
      vertex 13.8655 202.366 0
      vertex 13.8655 202.366 54
    endloop
  endfacet
  facet normal 0.986652 0.162841 -1.50506e-20
    outer loop
      vertex 13.8655 202.366 0
      vertex 13.9401 201.914 54
      vertex 13.9401 201.914 0
    endloop
  endfacet
  facet normal -0.0327464 0.999464 0
    outer loop
      vertex 6 208 0
      vertex 5.54218 207.985 54
      vertex 6 208 54
    endloop
  endfacet
  facet normal -0.0327464 0.999464 0
    outer loop
      vertex 5.54218 207.985 54
      vertex 6 208 0
      vertex 5.54218 207.985 0
    endloop
  endfacet
  facet normal -0.772932 0.634489 -2.06253e-19
    outer loop
      vertex 0.446527 205.261 0
      vertex 0.737121 205.615 54
      vertex 0.737121 205.615 0
    endloop
  endfacet
  facet normal -0.772932 0.634489 -2.06253e-19
    outer loop
      vertex 0.737121 205.615 54
      vertex 0.446527 205.261 0
      vertex 0.446527 205.261 54
    endloop
  endfacet
  facet normal -0.35349 0.935438 0
    outer loop
      vertex 3.74992 207.629 0
      vertex 3.32122 207.467 54
      vertex 3.74992 207.629 54
    endloop
  endfacet
  facet normal -0.35349 0.935438 0
    outer loop
      vertex 3.32122 207.467 54
      vertex 3.74992 207.629 0
      vertex 3.32122 207.467 0
    endloop
  endfacet
  facet normal -0.683436 0.73001 0
    outer loop
      vertex 1.38458 206.263 0
      vertex 1.05025 205.95 54
      vertex 1.38458 206.263 54
    endloop
  endfacet
  facet normal -0.683436 0.73001 0
    outer loop
      vertex 1.05025 205.95 54
      vertex 1.38458 206.263 0
      vertex 1.05025 205.95 0
    endloop
  endfacet
  facet normal -0.633617 0.773647 0
    outer loop
      vertex 1.73867 206.553 0
      vertex 1.38458 206.263 54
      vertex 1.73867 206.553 54
    endloop
  endfacet
  facet normal -0.633617 0.773647 0
    outer loop
      vertex 1.38458 206.263 54
      vertex 1.73867 206.553 0
      vertex 1.38458 206.263 0
    endloop
  endfacet
  facet normal -0.956951 -0.29025 5.89503e-20
    outer loop
      vertex -0.62851 16.7499 0
      vertex -0.76148 17.1883 54
      vertex -0.76148 17.1883 0
    endloop
  endfacet
  facet normal -0.956951 -0.29025 5.89503e-20
    outer loop
      vertex -0.76148 17.1883 54
      vertex -0.62851 16.7499 0
      vertex -0.62851 16.7499 54
    endloop
  endfacet
  facet normal -0.935904 -0.352255 -2.04187e-19
    outer loop
      vertex -0.467156 16.3212 0
      vertex -0.62851 16.7499 54
      vertex -0.62851 16.7499 0
    endloop
  endfacet
  facet normal -0.935904 -0.352255 -2.04187e-19
    outer loop
      vertex -0.62851 16.7499 54
      vertex -0.467156 16.3212 0
      vertex -0.467156 16.3212 54
    endloop
  endfacet
  facet normal 0.098237 0.995163 -0
    outer loop
      vertex 7.91368 207.94 0
      vertex 7.45782 207.985 54
      vertex 7.91368 207.94 54
    endloop
  endfacet
  facet normal 0.098237 0.995163 0
    outer loop
      vertex 7.45782 207.985 54
      vertex 7.91368 207.94 0
      vertex 7.45782 207.985 0
    endloop
  endfacet
  facet normal 0.412635 0.910897 -0
    outer loop
      vertex 10.096 207.278 0
      vertex 9.67878 207.467 54
      vertex 10.096 207.278 54
    endloop
  endfacet
  facet normal 0.412635 0.910897 0
    outer loop
      vertex 9.67878 207.467 54
      vertex 10.096 207.278 0
      vertex 9.67878 207.467 0
    endloop
  endfacet
  facet normal -0.227043 0.973885 0
    outer loop
      vertex 4.63437 207.865 0
      vertex 4.18827 207.761 54
      vertex 4.63437 207.865 54
    endloop
  endfacet
  facet normal -0.227043 0.973885 0
    outer loop
      vertex 4.18827 207.761 54
      vertex 4.63437 207.865 0
      vertex 4.18827 207.761 0
    endloop
  endfacet
  facet normal 0.683469 0.72998 -0
    outer loop
      vertex 11.9497 205.95 0
      vertex 11.6154 206.263 54
      vertex 11.9497 205.95 54
    endloop
  endfacet
  facet normal 0.683469 0.72998 0
    outer loop
      vertex 11.6154 206.263 54
      vertex 11.9497 205.95 0
      vertex 11.6154 206.263 0
    endloop
  endfacet
  facet normal -0.881931 -0.471378 8.23687e-21
    outer loop
      vertex -0.0621777 15.5 0
      vertex -0.278109 15.904 54
      vertex -0.278109 15.904 0
    endloop
  endfacet
  facet normal -0.881931 -0.471378 8.23687e-21
    outer loop
      vertex -0.278109 15.904 54
      vertex -0.0621777 15.5 0
      vertex -0.0621777 15.5 54
    endloop
  endfacet
  facet normal -0.227043 -0.973885 0
    outer loop
      vertex 4.18827 12.2385 0
      vertex 4.63437 12.1345 54
      vertex 4.18827 12.2385 54
    endloop
  endfacet
  facet normal -0.227043 -0.973885 -0
    outer loop
      vertex 4.63437 12.1345 54
      vertex 4.18827 12.2385 0
      vertex 4.63437 12.1345 0
    endloop
  endfacet
  facet normal 0.163709 0.986509 -0
    outer loop
      vertex 8.36563 207.865 0
      vertex 7.91368 207.94 54
      vertex 8.36563 207.865 54
    endloop
  endfacet
  facet normal 0.163709 0.986509 0
    outer loop
      vertex 7.91368 207.94 54
      vertex 8.36563 207.865 0
      vertex 7.91368 207.94 0
    endloop
  endfacet
  facet normal 0.28834 0.957528 -0
    outer loop
      vertex 9.25008 207.629 0
      vertex 8.81173 207.761 54
      vertex 9.25008 207.629 54
    endloop
  endfacet
  facet normal 0.28834 0.957528 0
    outer loop
      vertex 8.81173 207.761 54
      vertex 9.25008 207.629 0
      vertex 8.81173 207.761 0
    endloop
  endfacet
  facet normal -0.163709 0.986509 0
    outer loop
      vertex 5.08632 207.94 0
      vertex 4.63437 207.865 54
      vertex 5.08632 207.94 54
    endloop
  endfacet
  facet normal -0.163709 0.986509 0
    outer loop
      vertex 4.63437 207.865 54
      vertex 5.08632 207.94 0
      vertex 4.63437 207.865 0
    endloop
  endfacet
  facet normal 0.227043 0.973885 -0
    outer loop
      vertex 8.81173 207.761 0
      vertex 8.36563 207.865 54
      vertex 8.81173 207.761 54
    endloop
  endfacet
  facet normal 0.227043 0.973885 0
    outer loop
      vertex 8.36563 207.865 54
      vertex 8.81173 207.761 0
      vertex 8.36563 207.865 0
    endloop
  endfacet
  facet normal 0.35349 0.935438 -0
    outer loop
      vertex 9.67878 207.467 0
      vertex 9.25008 207.629 54
      vertex 9.67878 207.467 54
    endloop
  endfacet
  facet normal 0.35349 0.935438 0
    outer loop
      vertex 9.25008 207.629 54
      vertex 9.67878 207.467 0
      vertex 9.25008 207.629 0
    endloop
  endfacet
  facet normal -0.0982934 0.995157 0
    outer loop
      vertex 12.3916 38.0257 18
      vertex 12.1962 38.0064 25
      vertex 12.3916 38.0257 25
    endloop
  endfacet
  facet normal -0.0982934 0.995157 0
    outer loop
      vertex 12.1962 38.0064 25
      vertex 12.3916 38.0257 18
      vertex 12.1962 38.0064 18
    endloop
  endfacet
  facet normal 0.935885 0.352305 3.59622e-19
    outer loop
      vertex -0.771639 39.852 25
      vertex -0.840791 40.0357 18
      vertex -0.840791 40.0357 25
    endloop
  endfacet
  facet normal 0.935885 0.352305 3.59622e-19
    outer loop
      vertex -0.840791 40.0357 18
      vertex -0.771639 39.852 25
      vertex -0.771639 39.852 18
    endloop
  endfacet
  facet normal 0 -1 0
    outer loop
      vertex 2 56 18
      vertex 12 56 25
      vertex 2 56 25
    endloop
  endfacet
  facet normal 0 -1 -0
    outer loop
      vertex 12 56 25
      vertex 2 56 18
      vertex 12 56 18
    endloop
  endfacet
  facet normal 0.582315 0.812963 -0
    outer loop
      vertex 0.333289 38.5056 18
      vertex 0.173716 38.6199 25
      vertex 0.333289 38.5056 25
    endloop
  endfacet
  facet normal 0.582315 0.812963 0
    outer loop
      vertex 0.173716 38.6199 25
      vertex 0.333289 38.5056 18
      vertex 0.173716 38.6199 18
    endloop
  endfacet
  facet normal 0.812889 0.582418 9.90211e-19
    outer loop
      vertex -0.38006 39.1737 25
      vertex -0.49441 39.3333 18
      vertex -0.49441 39.3333 25
    endloop
  endfacet
  facet normal 0.812889 0.582418 9.90211e-19
    outer loop
      vertex -0.49441 39.3333 18
      vertex -0.38006 39.1737 25
      vertex -0.38006 39.1737 18
    endloop
  endfacet
  facet normal 0 1 -0
    outer loop
      vertex 12 38 18
      vertex 2 38 25
      vertex 12 38 25
    endloop
  endfacet
  facet normal 0 1 0
    outer loop
      vertex 2 38 25
      vertex 12 38 18
      vertex 2 38 18
    endloop
  endfacet
  facet normal -0.956896 0.290432 1.09118e-18
    outer loop
      vertex 14.8408 40.0357 18
      vertex 14.8978 40.2235 21
      vertex 14.8978 40.2235 18
    endloop
  endfacet
  facet normal -0.956896 0.290432 1.09118e-18
    outer loop
      vertex 14.8978 40.2235 21
      vertex 14.8408 40.0357 18
      vertex 14.8408 40.0357 21
    endloop
  endfacet
  facet normal 0.227176 -0.973854 0
    outer loop
      vertex 1.22354 55.8978 18
      vertex 1.41473 55.9424 25
      vertex 1.22354 55.8978 25
    endloop
  endfacet
  facet normal 0.227176 -0.973854 0
    outer loop
      vertex 1.41473 55.9424 25
      vertex 1.22354 55.8978 18
      vertex 1.41473 55.9424 18
    endloop
  endfacet
  facet normal -0.0326024 -0.999468 0
    outer loop
      vertex 12 56 18
      vertex 12.1962 55.9936 25
      vertex 12 56 25
    endloop
  endfacet
  facet normal -0.0326024 -0.999468 -0
    outer loop
      vertex 12.1962 55.9936 25
      vertex 12 56 18
      vertex 12.1962 55.9936 18
    endloop
  endfacet
  facet normal 0.995186 -0.0980009 4.19677e-20
    outer loop
      vertex -0.993577 53.1962 25
      vertex -0.974335 53.3916 18
      vertex -0.974335 53.3916 25
    endloop
  endfacet
  facet normal 0.995186 -0.0980009 4.19677e-20
    outer loop
      vertex -0.974335 53.3916 18
      vertex -0.993577 53.1962 25
      vertex -0.993577 53.1962 18
    endloop
  endfacet
  facet normal 0.935885 -0.352305 -3.59622e-19
    outer loop
      vertex -0.840791 53.9643 25
      vertex -0.771639 54.148 18
      vertex -0.771639 54.148 25
    endloop
  endfacet
  facet normal 0.935885 -0.352305 -3.59622e-19
    outer loop
      vertex -0.771639 54.148 18
      vertex -0.840791 53.9643 25
      vertex -0.840791 53.9643 18
    endloop
  endfacet
  facet normal -0.290432 0.956896 0
    outer loop
      vertex 12.9643 38.1592 18
      vertex 12.7765 38.1022 25
      vertex 12.9643 38.1592 25
    endloop
  endfacet
  facet normal -0.290432 0.956896 0
    outer loop
      vertex 12.7765 38.1022 25
      vertex 12.9643 38.1592 18
      vertex 12.7765 38.1022 18
    endloop
  endfacet
  facet normal -0.528212 -0.849112 0
    outer loop
      vertex 13.5 55.5981 18
      vertex 13.6667 55.4944 25
      vertex 13.5 55.5981 25
    endloop
  endfacet
  facet normal -0.528212 -0.849112 -0
    outer loop
      vertex 13.6667 55.4944 25
      vertex 13.5 55.5981 18
      vertex 13.6667 55.4944 18
    endloop
  endfacet
  facet normal 0.683594 0.729862 -0
    outer loop
      vertex 0.0219622 38.7445 18
      vertex -0.121321 38.8787 25
      vertex 0.0219622 38.7445 25
    endloop
  endfacet
  facet normal 0.683594 0.729862 0
    outer loop
      vertex -0.121321 38.8787 25
      vertex 0.0219622 38.7445 18
      vertex -0.121321 38.8787 18
    endloop
  endfacet
  facet normal 0.973881 0.227059 3.11272e-19
    outer loop
      vertex -0.897778 40.2235 25
      vertex -0.942356 40.4147 18
      vertex -0.942356 40.4147 25
    endloop
  endfacet
  facet normal 0.973881 0.227059 3.11272e-19
    outer loop
      vertex -0.942356 40.4147 18
      vertex -0.897778 40.2235 25
      vertex -0.897778 40.2235 18
    endloop
  endfacet
  facet normal 0.986644 0.162891 2.01374e-19
    outer loop
      vertex -0.942356 40.4147 25
      vertex -0.974335 40.6084 18
      vertex -0.974335 40.6084 25
    endloop
  endfacet
  facet normal 0.986644 0.162891 2.01374e-19
    outer loop
      vertex -0.974335 40.6084 18
      vertex -0.942356 40.4147 25
      vertex -0.942356 40.4147 18
    endloop
  endfacet
  facet normal -0.995157 0.0982934 2.23363e-20
    outer loop
      vertex 14.9743 40.6084 18
      vertex 14.9936 40.8038 21
      vertex 14.9936 40.8038 18
    endloop
  endfacet
  facet normal -0.995157 0.0982934 2.23363e-20
    outer loop
      vertex 14.9936 40.8038 21
      vertex 14.9743 40.6084 18
      vertex 14.9743 40.6084 21
    endloop
  endfacet
  facet normal -0.227165 0.973856 0
    outer loop
      vertex 12.7765 38.1022 18
      vertex 12.5853 38.0576 25
      vertex 12.7765 38.1022 25
    endloop
  endfacet
  facet normal -0.227165 0.973856 0
    outer loop
      vertex 12.5853 38.0576 25
      vertex 12.7765 38.1022 18
      vertex 12.5853 38.0576 18
    endloop
  endfacet
  facet normal 0.910938 0.412544 4.60502e-19
    outer loop
      vertex -0.690619 39.6731 25
      vertex -0.771639 39.852 18
      vertex -0.771639 39.852 25
    endloop
  endfacet
  facet normal 0.910938 0.412544 4.60502e-19
    outer loop
      vertex -0.771639 39.852 18
      vertex -0.690619 39.6731 25
      vertex -0.690619 39.6731 18
    endloop
  endfacet
  facet normal 0.0326008 -0.999468 0
    outer loop
      vertex 1.80379 55.9936 18
      vertex 2 56 25
      vertex 1.80379 55.9936 25
    endloop
  endfacet
  facet normal 0.0326008 -0.999468 0
    outer loop
      vertex 2 56 25
      vertex 1.80379 55.9936 18
      vertex 2 56 18
    endloop
  endfacet
  facet normal -0.41246 -0.910976 0
    outer loop
      vertex 13.148 55.7716 18
      vertex 13.3269 55.6906 25
      vertex 13.148 55.7716 25
    endloop
  endfacet
  facet normal -0.41246 -0.910976 -0
    outer loop
      vertex 13.3269 55.6906 25
      vertex 13.148 55.7716 18
      vertex 13.3269 55.6906 18
    endloop
  endfacet
  facet normal -1 0 0
    outer loop
      vertex 15 41 18
      vertex 15 45 21
      vertex 15 45 18
    endloop
  endfacet
  facet normal -1 -0 0
    outer loop
      vertex 15 45 21
      vertex 15 41 18
      vertex 15 41 21
    endloop
  endfacet
  facet normal -0.352519 -0.935805 0
    outer loop
      vertex 12.9643 55.8408 18
      vertex 13.148 55.7716 25
      vertex 12.9643 55.8408 25
    endloop
  endfacet
  facet normal -0.352519 -0.935805 -0
    outer loop
      vertex 13.148 55.7716 25
      vertex 12.9643 55.8408 18
      vertex 13.148 55.7716 18
    endloop
  endfacet
  facet normal 0.0326008 0.999468 -0
    outer loop
      vertex 2 38 18
      vertex 1.80379 38.0064 25
      vertex 2 38 25
    endloop
  endfacet
  facet normal 0.0326008 0.999468 0
    outer loop
      vertex 1.80379 38.0064 25
      vertex 2 38 18
      vertex 1.80379 38.0064 18
    endloop
  endfacet
  facet normal -0.0326024 0.999468 0
    outer loop
      vertex 12.1962 38.0064 18
      vertex 12 38 25
      vertex 12.1962 38.0064 25
    endloop
  endfacet
  facet normal -0.0326024 0.999468 0
    outer loop
      vertex 12 38 25
      vertex 12.1962 38.0064 18
      vertex 12 38 18
    endloop
  endfacet
  facet normal 0.290347 -0.956922 0
    outer loop
      vertex 1.03568 55.8408 18
      vertex 1.22354 55.8978 25
      vertex 1.03568 55.8408 25
    endloop
  endfacet
  facet normal 0.290347 -0.956922 0
    outer loop
      vertex 1.22354 55.8978 25
      vertex 1.03568 55.8408 18
      vertex 1.22354 55.8978 18
    endloop
  endfacet
  facet normal 0.973881 -0.227059 -3.11272e-19
    outer loop
      vertex -0.942356 53.5853 25
      vertex -0.897778 53.7765 18
      vertex -0.897778 53.7765 25
    endloop
  endfacet
  facet normal 0.973881 -0.227059 -3.11272e-19
    outer loop
      vertex -0.897778 53.7765 18
      vertex -0.942356 53.5853 25
      vertex -0.942356 53.5853 18
    endloop
  endfacet
  facet normal -0.849112 0.528212 -1.78054e-18
    outer loop
      vertex 14.4944 39.3333 18
      vertex 14.5981 39.5 21
      vertex 14.5981 39.5 18
    endloop
  endfacet
  facet normal -0.849112 0.528212 -1.78054e-18
    outer loop
      vertex 14.5981 39.5 21
      vertex 14.4944 39.3333 18
      vertex 14.4944 39.3333 21
    endloop
  endfacet
  facet normal 0.528187 0.849128 -0
    outer loop
      vertex 0.5 38.4019 18
      vertex 0.333289 38.5056 25
      vertex 0.5 38.4019 25
    endloop
  endfacet
  facet normal 0.528187 0.849128 0
    outer loop
      vertex 0.333289 38.5056 25
      vertex 0.5 38.4019 18
      vertex 0.333289 38.5056 18
    endloop
  endfacet
  facet normal 0.0983084 -0.995156 0
    outer loop
      vertex 1.60842 55.9743 18
      vertex 1.80379 55.9936 25
      vertex 1.60842 55.9743 25
    endloop
  endfacet
  facet normal 0.0983084 -0.995156 0
    outer loop
      vertex 1.80379 55.9936 25
      vertex 1.60842 55.9743 18
      vertex 1.80379 55.9936 18
    endloop
  endfacet
  facet normal 0.956914 -0.290371 3.80044e-19
    outer loop
      vertex -0.897778 53.7765 25
      vertex -0.840791 53.9643 18
      vertex -0.840791 53.9643 25
    endloop
  endfacet
  facet normal 0.956914 -0.290371 3.80044e-19
    outer loop
      vertex -0.840791 53.9643 18
      vertex -0.897778 53.7765 25
      vertex -0.897778 53.7765 18
    endloop
  endfacet
  facet normal -0.935805 0.352519 -6.35075e-19
    outer loop
      vertex 14.7716 39.852 18
      vertex 14.8408 40.0357 21
      vertex 14.8408 40.0357 18
    endloop
  endfacet
  facet normal -0.935805 0.352519 -6.35075e-19
    outer loop
      vertex 14.8408 40.0357 21
      vertex 14.7716 39.852 18
      vertex 14.7716 39.852 21
    endloop
  endfacet
  facet normal 0.910938 -0.412544 -4.60502e-19
    outer loop
      vertex -0.771639 54.148 25
      vertex -0.690619 54.3269 18
      vertex -0.690619 54.3269 25
    endloop
  endfacet
  facet normal 0.910938 -0.412544 -4.60502e-19
    outer loop
      vertex -0.690619 54.3269 18
      vertex -0.771639 54.148 25
      vertex -0.771639 54.148 18
    endloop
  endfacet
  facet normal 0.995186 0.0980009 -4.19677e-20
    outer loop
      vertex -0.974335 40.6084 25
      vertex -0.993577 40.8038 18
      vertex -0.993577 40.8038 25
    endloop
  endfacet
  facet normal 0.995186 0.0980009 -4.19677e-20
    outer loop
      vertex -0.993577 40.8038 18
      vertex -0.974335 40.6084 25
      vertex -0.974335 40.6084 18
    endloop
  endfacet
  facet normal -0.6835 -0.729951 0
    outer loop
      vertex 13.978 55.2555 18
      vertex 14 55.2349 25
      vertex 13.978 55.2555 25
    endloop
  endfacet
  facet normal -0.6835 -0.729951 -0
    outer loop
      vertex 14 55.2349 25
      vertex 13.978 55.2555 18
      vertex 14 55.2349 18
    endloop
  endfacet
  facet normal 0.986644 -0.162891 -2.01374e-19
    outer loop
      vertex -0.974335 53.3916 25
      vertex -0.942356 53.5853 18
      vertex -0.942356 53.5853 25
    endloop
  endfacet
  facet normal 0.986644 -0.162891 -2.01374e-19
    outer loop
      vertex -0.942356 53.5853 18
      vertex -0.974335 53.3916 25
      vertex -0.974335 53.3916 18
    endloop
  endfacet
  facet normal 0.729905 0.683549 -5.42799e-19
    outer loop
      vertex -0.121321 38.8787 25
      vertex -0.25552 39.022 18
      vertex -0.25552 39.022 25
    endloop
  endfacet
  facet normal 0.729905 0.683549 -5.42799e-19
    outer loop
      vertex -0.25552 39.022 18
      vertex -0.121321 38.8787 25
      vertex -0.121321 38.8787 18
    endloop
  endfacet
  facet normal -0.162499 0.986709 0
    outer loop
      vertex 12.5853 38.0576 18
      vertex 12.3916 38.0257 25
      vertex 12.5853 38.0576 25
    endloop
  endfacet
  facet normal -0.162499 0.986709 0
    outer loop
      vertex 12.3916 38.0257 25
      vertex 12.5853 38.0576 18
      vertex 12.3916 38.0257 18
    endloop
  endfacet
  facet normal -0.58225 0.81301 0
    outer loop
      vertex 13.8263 38.6199 18
      vertex 13.6667 38.5056 25
      vertex 13.8263 38.6199 25
    endloop
  endfacet
  facet normal -0.58225 0.81301 0
    outer loop
      vertex 13.6667 38.5056 25
      vertex 13.8263 38.6199 18
      vertex 13.6667 38.5056 18
    endloop
  endfacet
  facet normal 0.881883 -0.471469 -2.86853e-19
    outer loop
      vertex -0.690619 54.3269 25
      vertex -0.598077 54.5 18
      vertex -0.598077 54.5 25
    endloop
  endfacet
  facet normal 0.881883 -0.471469 -2.86853e-19
    outer loop
      vertex -0.598077 54.5 18
      vertex -0.690619 54.3269 25
      vertex -0.690619 54.3269 18
    endloop
  endfacet
  facet normal 0.881883 0.471469 2.86853e-19
    outer loop
      vertex -0.598077 39.5 25
      vertex -0.690619 39.6731 18
      vertex -0.690619 39.6731 25
    endloop
  endfacet
  facet normal 0.881883 0.471469 2.86853e-19
    outer loop
      vertex -0.690619 39.6731 18
      vertex -0.598077 39.5 25
      vertex -0.598077 39.5 18
    endloop
  endfacet
  facet normal 0.999465 0.0327195 -1.777e-20
    outer loop
      vertex -0.993577 40.8038 25
      vertex -1 41 18
      vertex -1 41 25
    endloop
  endfacet
  facet normal 0.999465 0.0327195 -1.777e-20
    outer loop
      vertex -1 41 18
      vertex -0.993577 40.8038 25
      vertex -0.993577 40.8038 18
    endloop
  endfacet
  facet normal -0.471302 0.881972 0
    outer loop
      vertex 13.5 38.4019 18
      vertex 13.3269 38.3094 25
      vertex 13.5 38.4019 25
    endloop
  endfacet
  facet normal -0.471302 0.881972 0
    outer loop
      vertex 13.3269 38.3094 25
      vertex 13.5 38.4019 18
      vertex 13.3269 38.3094 18
    endloop
  endfacet
  facet normal 0.634572 0.772863 -0
    outer loop
      vertex 0.173716 38.6199 18
      vertex 0.0219622 38.7445 25
      vertex 0.173716 38.6199 25
    endloop
  endfacet
  facet normal 0.634572 0.772863 0
    outer loop
      vertex 0.0219622 38.7445 25
      vertex 0.173716 38.6199 18
      vertex 0.0219622 38.7445 18
    endloop
  endfacet
  facet normal -0.352519 0.935805 0
    outer loop
      vertex 13.148 38.2284 18
      vertex 12.9643 38.1592 25
      vertex 13.148 38.2284 25
    endloop
  endfacet
  facet normal -0.352519 0.935805 0
    outer loop
      vertex 12.9643 38.1592 25
      vertex 13.148 38.2284 18
      vertex 12.9643 38.1592 18
    endloop
  endfacet
  facet normal -0.471302 -0.881972 0
    outer loop
      vertex 13.3269 55.6906 18
      vertex 13.5 55.5981 25
      vertex 13.3269 55.6906 25
    endloop
  endfacet
  facet normal -0.471302 -0.881972 -0
    outer loop
      vertex 13.5 55.5981 25
      vertex 13.3269 55.6906 18
      vertex 13.5 55.5981 18
    endloop
  endfacet
  facet normal 0.999465 -0.0327195 1.777e-20
    outer loop
      vertex -1 53 25
      vertex -0.993577 53.1962 18
      vertex -0.993577 53.1962 25
    endloop
  endfacet
  facet normal 0.999465 -0.0327195 1.777e-20
    outer loop
      vertex -0.993577 53.1962 18
      vertex -1 53 25
      vertex -1 53 18
    endloop
  endfacet
  facet normal -0.634707 0.772753 0
    outer loop
      vertex 13.978 38.7445 18
      vertex 13.8263 38.6199 25
      vertex 13.978 38.7445 25
    endloop
  endfacet
  facet normal -0.634707 0.772753 0
    outer loop
      vertex 13.8263 38.6199 25
      vertex 13.978 38.7445 18
      vertex 13.8263 38.6199 18
    endloop
  endfacet
  facet normal 0.162507 -0.986707 0
    outer loop
      vertex 1.41473 55.9424 18
      vertex 1.60842 55.9743 25
      vertex 1.41473 55.9424 25
    endloop
  endfacet
  facet normal 0.162507 -0.986707 0
    outer loop
      vertex 1.60842 55.9743 25
      vertex 1.41473 55.9424 18
      vertex 1.60842 55.9743 18
    endloop
  endfacet
  facet normal -0.634707 -0.772753 0
    outer loop
      vertex 13.8263 55.3801 18
      vertex 13.978 55.2555 25
      vertex 13.8263 55.3801 25
    endloop
  endfacet
  facet normal -0.634707 -0.772753 -0
    outer loop
      vertex 13.978 55.2555 25
      vertex 13.8263 55.3801 18
      vertex 13.978 55.2555 18
    endloop
  endfacet
  facet normal -0.58225 -0.81301 0
    outer loop
      vertex 13.6667 55.4944 18
      vertex 13.8263 55.3801 25
      vertex 13.6667 55.4944 25
    endloop
  endfacet
  facet normal -0.58225 -0.81301 -0
    outer loop
      vertex 13.8263 55.3801 25
      vertex 13.6667 55.4944 18
      vertex 13.8263 55.3801 18
    endloop
  endfacet
  facet normal -0.290432 -0.956896 0
    outer loop
      vertex 12.7765 55.8978 18
      vertex 12.9643 55.8408 25
      vertex 12.7765 55.8978 25
    endloop
  endfacet
  facet normal -0.290432 -0.956896 -0
    outer loop
      vertex 12.9643 55.8408 25
      vertex 12.7765 55.8978 18
      vertex 12.9643 55.8408 18
    endloop
  endfacet
  facet normal 0.683594 -0.729862 0
    outer loop
      vertex -0.121321 55.1213 18
      vertex 0.0219622 55.2555 25
      vertex -0.121321 55.1213 25
    endloop
  endfacet
  facet normal 0.683594 -0.729862 0
    outer loop
      vertex 0.0219622 55.2555 25
      vertex -0.121321 55.1213 18
      vertex 0.0219622 55.2555 18
    endloop
  endfacet
  facet normal -0.528212 0.849112 0
    outer loop
      vertex 13.6667 38.5056 18
      vertex 13.5 38.4019 25
      vertex 13.6667 38.5056 25
    endloop
  endfacet
  facet normal -0.528212 0.849112 0
    outer loop
      vertex 13.5 38.4019 25
      vertex 13.6667 38.5056 18
      vertex 13.5 38.4019 18
    endloop
  endfacet
  facet normal -0.986709 0.162499 4.17514e-19
    outer loop
      vertex 14.9424 40.4147 18
      vertex 14.9743 40.6084 21
      vertex 14.9743 40.6084 18
    endloop
  endfacet
  facet normal -0.986709 0.162499 4.17514e-19
    outer loop
      vertex 14.9743 40.6084 21
      vertex 14.9424 40.4147 18
      vertex 14.9424 40.4147 21
    endloop
  endfacet
  facet normal -0.772753 0.634707 6.11646e-19
    outer loop
      vertex 14.2555 39.022 18
      vertex 14.3801 39.1737 21
      vertex 14.3801 39.1737 18
    endloop
  endfacet
  facet normal -0.772753 0.634707 6.11646e-19
    outer loop
      vertex 14.3801 39.1737 21
      vertex 14.2555 39.022 18
      vertex 14.2555 39.022 21
    endloop
  endfacet
  facet normal 0.290347 0.956922 -0
    outer loop
      vertex 1.22354 38.1022 18
      vertex 1.03568 38.1592 25
      vertex 1.22354 38.1022 25
    endloop
  endfacet
  facet normal 0.290347 0.956922 0
    outer loop
      vertex 1.03568 38.1592 25
      vertex 1.22354 38.1022 18
      vertex 1.03568 38.1592 18
    endloop
  endfacet
  facet normal -0.881972 0.471302 1.02651e-18
    outer loop
      vertex 14.5981 39.5 18
      vertex 14.6906 39.6731 21
      vertex 14.6906 39.6731 18
    endloop
  endfacet
  facet normal -0.881972 0.471302 1.02651e-18
    outer loop
      vertex 14.6906 39.6731 21
      vertex 14.5981 39.5 18
      vertex 14.5981 39.5 21
    endloop
  endfacet
  facet normal 0.634572 -0.772863 0
    outer loop
      vertex 0.0219622 55.2555 18
      vertex 0.173716 55.3801 25
      vertex 0.0219622 55.2555 25
    endloop
  endfacet
  facet normal 0.634572 -0.772863 0
    outer loop
      vertex 0.173716 55.3801 25
      vertex 0.0219622 55.2555 18
      vertex 0.173716 55.3801 18
    endloop
  endfacet
  facet normal -0.999468 0.0326024 -1.75595e-19
    outer loop
      vertex 14.9936 40.8038 18
      vertex 15 41 21
      vertex 15 41 18
    endloop
  endfacet
  facet normal -0.999468 0.0326024 -1.75595e-19
    outer loop
      vertex 15 41 21
      vertex 14.9936 40.8038 18
      vertex 14.9936 40.8038 21
    endloop
  endfacet
  facet normal -0.227165 -0.973856 0
    outer loop
      vertex 12.5853 55.9424 18
      vertex 12.7765 55.8978 25
      vertex 12.5853 55.9424 25
    endloop
  endfacet
  facet normal -0.227165 -0.973856 -0
    outer loop
      vertex 12.7765 55.8978 25
      vertex 12.5853 55.9424 18
      vertex 12.7765 55.8978 18
    endloop
  endfacet
  facet normal 0.772903 -0.634524 -5.14441e-19
    outer loop
      vertex -0.38006 54.8263 25
      vertex -0.25552 54.978 18
      vertex -0.25552 54.978 25
    endloop
  endfacet
  facet normal 0.772903 -0.634524 -5.14441e-19
    outer loop
      vertex -0.25552 54.978 18
      vertex -0.38006 54.8263 25
      vertex -0.38006 54.8263 18
    endloop
  endfacet
  facet normal 0.352468 0.935824 -0
    outer loop
      vertex 1.03568 38.1592 18
      vertex 0.85195 38.2284 25
      vertex 1.03568 38.1592 25
    endloop
  endfacet
  facet normal 0.352468 0.935824 0
    outer loop
      vertex 0.85195 38.2284 25
      vertex 1.03568 38.1592 18
      vertex 0.85195 38.2284 18
    endloop
  endfacet
  facet normal -0.910976 0.41246 4.10283e-19
    outer loop
      vertex 14.6906 39.6731 18
      vertex 14.7716 39.852 21
      vertex 14.7716 39.852 18
    endloop
  endfacet
  facet normal -0.910976 0.41246 4.10283e-19
    outer loop
      vertex 14.7716 39.852 21
      vertex 14.6906 39.6731 18
      vertex 14.6906 39.6731 21
    endloop
  endfacet
  facet normal 0.528187 -0.849128 0
    outer loop
      vertex 0.333289 55.4944 18
      vertex 0.5 55.5981 25
      vertex 0.333289 55.4944 25
    endloop
  endfacet
  facet normal 0.528187 -0.849128 0
    outer loop
      vertex 0.5 55.5981 25
      vertex 0.333289 55.4944 18
      vertex 0.5 55.5981 18
    endloop
  endfacet
  facet normal 0.47123 -0.88201 0
    outer loop
      vertex 0.5 55.5981 18
      vertex 0.673134 55.6906 25
      vertex 0.5 55.5981 25
    endloop
  endfacet
  facet normal 0.47123 -0.88201 0
    outer loop
      vertex 0.673134 55.6906 25
      vertex 0.5 55.5981 18
      vertex 0.673134 55.6906 18
    endloop
  endfacet
  facet normal -0.41246 0.910976 0
    outer loop
      vertex 13.3269 38.3094 18
      vertex 13.148 38.2284 25
      vertex 13.3269 38.3094 25
    endloop
  endfacet
  facet normal -0.41246 0.910976 0
    outer loop
      vertex 13.148 38.2284 25
      vertex 13.3269 38.3094 18
      vertex 13.148 38.2284 18
    endloop
  endfacet
  facet normal 0.956914 0.290371 -3.80044e-19
    outer loop
      vertex -0.840791 40.0357 25
      vertex -0.897778 40.2235 18
      vertex -0.897778 40.2235 25
    endloop
  endfacet
  facet normal 0.956914 0.290371 -3.80044e-19
    outer loop
      vertex -0.897778 40.2235 18
      vertex -0.840791 40.0357 25
      vertex -0.840791 40.0357 18
    endloop
  endfacet
  facet normal 0.41262 0.910903 -0
    outer loop
      vertex 0.85195 38.2284 18
      vertex 0.673134 38.3094 25
      vertex 0.85195 38.2284 25
    endloop
  endfacet
  facet normal 0.41262 0.910903 0
    outer loop
      vertex 0.673134 38.3094 25
      vertex 0.85195 38.2284 18
      vertex 0.673134 38.3094 18
    endloop
  endfacet
  facet normal 0.849188 0.528091 1.43053e-19
    outer loop
      vertex -0.49441 39.3333 25
      vertex -0.598077 39.5 18
      vertex -0.598077 39.5 25
    endloop
  endfacet
  facet normal 0.849188 0.528091 1.43053e-19
    outer loop
      vertex -0.598077 39.5 18
      vertex -0.49441 39.3333 25
      vertex -0.49441 39.3333 18
    endloop
  endfacet
  facet normal -0.81301 0.58225 -1.83649e-18
    outer loop
      vertex 14.3801 39.1737 18
      vertex 14.4944 39.3333 21
      vertex 14.4944 39.3333 18
    endloop
  endfacet
  facet normal -0.81301 0.58225 -1.83649e-18
    outer loop
      vertex 14.4944 39.3333 21
      vertex 14.3801 39.1737 18
      vertex 14.3801 39.1737 21
    endloop
  endfacet
  facet normal 0.41262 -0.910903 0
    outer loop
      vertex 0.673134 55.6906 18
      vertex 0.85195 55.7716 25
      vertex 0.673134 55.6906 25
    endloop
  endfacet
  facet normal 0.41262 -0.910903 0
    outer loop
      vertex 0.85195 55.7716 25
      vertex 0.673134 55.6906 18
      vertex 0.85195 55.7716 18
    endloop
  endfacet
  facet normal -0.0982934 -0.995157 0
    outer loop
      vertex 12.1962 55.9936 18
      vertex 12.3916 55.9743 25
      vertex 12.1962 55.9936 25
    endloop
  endfacet
  facet normal -0.0982934 -0.995157 -0
    outer loop
      vertex 12.3916 55.9743 25
      vertex 12.1962 55.9936 18
      vertex 12.3916 55.9743 18
    endloop
  endfacet
  facet normal -0.973856 0.227165 9.18935e-19
    outer loop
      vertex 14.8978 40.2235 18
      vertex 14.9424 40.4147 21
      vertex 14.9424 40.4147 18
    endloop
  endfacet
  facet normal -0.973856 0.227165 9.18935e-19
    outer loop
      vertex 14.9424 40.4147 21
      vertex 14.8978 40.2235 18
      vertex 14.8978 40.2235 21
    endloop
  endfacet
  facet normal 0.729905 -0.683549 5.42799e-19
    outer loop
      vertex -0.25552 54.978 25
      vertex -0.121321 55.1213 18
      vertex -0.121321 55.1213 25
    endloop
  endfacet
  facet normal 0.729905 -0.683549 5.42799e-19
    outer loop
      vertex -0.121321 55.1213 18
      vertex -0.25552 54.978 25
      vertex -0.25552 54.978 18
    endloop
  endfacet
  facet normal -0.683881 0.729593 0
    outer loop
      vertex 14.1213 38.8787 21
      vertex 14.1213 38.8787 18
      vertex 14 38.765 21
    endloop
  endfacet
  facet normal -0.681726 0.731608 0
    outer loop
      vertex 14 38.765 21
      vertex 13.978 38.7445 25
      vertex 14 38.765 25
    endloop
  endfacet
  facet normal -0.681726 0.731608 5.49026e-20
    outer loop
      vertex 14 38.765 21
      vertex 13.978 38.7445 18
      vertex 13.978 38.7445 25
    endloop
  endfacet
  facet normal -0.683551 0.729902 2.50432e-05
    outer loop
      vertex 13.978 38.7445 18
      vertex 14 38.765 21
      vertex 14.1213 38.8787 18
    endloop
  endfacet
  facet normal 0.162507 0.986707 -0
    outer loop
      vertex 1.60842 38.0257 18
      vertex 1.41473 38.0576 25
      vertex 1.60842 38.0257 25
    endloop
  endfacet
  facet normal 0.162507 0.986707 0
    outer loop
      vertex 1.41473 38.0576 25
      vertex 1.60842 38.0257 18
      vertex 1.41473 38.0576 18
    endloop
  endfacet
  facet normal 0.352468 -0.935824 0
    outer loop
      vertex 0.85195 55.7716 18
      vertex 1.03568 55.8408 25
      vertex 0.85195 55.7716 25
    endloop
  endfacet
  facet normal 0.352468 -0.935824 0
    outer loop
      vertex 1.03568 55.8408 25
      vertex 0.85195 55.7716 18
      vertex 1.03568 55.8408 18
    endloop
  endfacet
  facet normal -0.162499 -0.986709 0
    outer loop
      vertex 12.3916 55.9743 18
      vertex 12.5853 55.9424 25
      vertex 12.3916 55.9743 25
    endloop
  endfacet
  facet normal -0.162499 -0.986709 -0
    outer loop
      vertex 12.5853 55.9424 25
      vertex 12.3916 55.9743 18
      vertex 12.5853 55.9424 18
    endloop
  endfacet
  facet normal 0.227176 0.973854 -0
    outer loop
      vertex 1.41473 38.0576 18
      vertex 1.22354 38.1022 25
      vertex 1.41473 38.0576 25
    endloop
  endfacet
  facet normal 0.227176 0.973854 0
    outer loop
      vertex 1.22354 38.1022 25
      vertex 1.41473 38.0576 18
      vertex 1.22354 38.1022 18
    endloop
  endfacet
  facet normal 0.812889 -0.582418 -9.90211e-19
    outer loop
      vertex -0.49441 54.6667 25
      vertex -0.38006 54.8263 18
      vertex -0.38006 54.8263 25
    endloop
  endfacet
  facet normal 0.812889 -0.582418 -9.90211e-19
    outer loop
      vertex -0.38006 54.8263 18
      vertex -0.49441 54.6667 25
      vertex -0.49441 54.6667 18
    endloop
  endfacet
  facet normal 0.849188 -0.528091 -1.43053e-19
    outer loop
      vertex -0.598077 54.5 25
      vertex -0.49441 54.6667 18
      vertex -0.49441 54.6667 25
    endloop
  endfacet
  facet normal 0.849188 -0.528091 -1.43053e-19
    outer loop
      vertex -0.49441 54.6667 18
      vertex -0.598077 54.5 25
      vertex -0.598077 54.5 18
    endloop
  endfacet
  facet normal 0.47123 0.88201 -0
    outer loop
      vertex 0.673134 38.3094 18
      vertex 0.5 38.4019 25
      vertex 0.673134 38.3094 25
    endloop
  endfacet
  facet normal 0.47123 0.88201 0
    outer loop
      vertex 0.5 38.4019 25
      vertex 0.673134 38.3094 18
      vertex 0.5 38.4019 18
    endloop
  endfacet
  facet normal 0.582315 -0.812963 0
    outer loop
      vertex 0.173716 55.3801 18
      vertex 0.333289 55.4944 25
      vertex 0.173716 55.3801 25
    endloop
  endfacet
  facet normal 0.582315 -0.812963 0
    outer loop
      vertex 0.333289 55.4944 25
      vertex 0.173716 55.3801 18
      vertex 0.333289 55.4944 18
    endloop
  endfacet
  facet normal 0.772903 0.634524 5.14441e-19
    outer loop
      vertex -0.25552 39.022 25
      vertex -0.38006 39.1737 18
      vertex -0.38006 39.1737 25
    endloop
  endfacet
  facet normal 0.772903 0.634524 5.14441e-19
    outer loop
      vertex -0.38006 39.1737 18
      vertex -0.25552 39.022 25
      vertex -0.25552 39.022 18
    endloop
  endfacet
  facet normal -0.729902 0.683551 3.74524e-19
    outer loop
      vertex 14.1213 38.8787 18
      vertex 14.2555 39.022 21
      vertex 14.2555 39.022 18
    endloop
  endfacet
  facet normal -0.729902 0.683551 3.74524e-19
    outer loop
      vertex 14.2555 39.022 21
      vertex 14.1213 38.8787 18
      vertex 14.1213 38.8787 21
    endloop
  endfacet
  facet normal 0 0 -1
    outer loop
      vertex 13.8263 38.6199 25
      vertex 14 38.765 25
      vertex 13.978 38.7445 25
    endloop
  endfacet
  facet normal -0 0 -1
    outer loop
      vertex 14 38.765 25
      vertex 12 38 25
      vertex 14 55.2349 25
    endloop
  endfacet
  facet normal 0 0 -1
    outer loop
      vertex 14 38.765 25
      vertex 13.8263 38.6199 25
      vertex 12 38 25
    endloop
  endfacet
  facet normal 0 0 -1
    outer loop
      vertex 12 56 25
      vertex 14 55.2349 25
      vertex 12 38 25
    endloop
  endfacet
  facet normal 0 0 -1
    outer loop
      vertex 12 38 25
      vertex 13.8263 38.6199 25
      vertex 13.6667 38.5056 25
    endloop
  endfacet
  facet normal -0 -0 -1
    outer loop
      vertex 13.8263 55.3801 25
      vertex 14 55.2349 25
      vertex 12 56 25
    endloop
  endfacet
  facet normal 0 0 -1
    outer loop
      vertex 12 38 25
      vertex 13.6667 38.5056 25
      vertex 13.5 38.4019 25
    endloop
  endfacet
  facet normal 0 0 -1
    outer loop
      vertex 14 55.2349 25
      vertex 13.8263 55.3801 25
      vertex 13.978 55.2555 25
    endloop
  endfacet
  facet normal 0 0 -1
    outer loop
      vertex 12 38 25
      vertex 13.5 38.4019 25
      vertex 13.3269 38.3094 25
    endloop
  endfacet
  facet normal 0 0 -1
    outer loop
      vertex 13.8263 55.3801 25
      vertex 12 56 25
      vertex 13.6667 55.4944 25
    endloop
  endfacet
  facet normal 0 0 -1
    outer loop
      vertex 12 38 25
      vertex 13.3269 38.3094 25
      vertex 13.148 38.2284 25
    endloop
  endfacet
  facet normal 0 0 -1
    outer loop
      vertex 13.6667 55.4944 25
      vertex 12 56 25
      vertex 13.5 55.5981 25
    endloop
  endfacet
  facet normal 0 0 -1
    outer loop
      vertex 12 38 25
      vertex 13.148 38.2284 25
      vertex 12.9643 38.1592 25
    endloop
  endfacet
  facet normal 0 0 -1
    outer loop
      vertex 13.5 55.5981 25
      vertex 12 56 25
      vertex 13.3269 55.6906 25
    endloop
  endfacet
  facet normal 0 0 -1
    outer loop
      vertex 12 38 25
      vertex 12.9643 38.1592 25
      vertex 12.7765 38.1022 25
    endloop
  endfacet
  facet normal 0 0 -1
    outer loop
      vertex 13.3269 55.6906 25
      vertex 12 56 25
      vertex 13.148 55.7716 25
    endloop
  endfacet
  facet normal 0 0 -1
    outer loop
      vertex 12 38 25
      vertex 12.7765 38.1022 25
      vertex 12.5853 38.0576 25
    endloop
  endfacet
  facet normal 0 0 -1
    outer loop
      vertex 13.148 55.7716 25
      vertex 12 56 25
      vertex 12.9643 55.8408 25
    endloop
  endfacet
  facet normal 0 0 -1
    outer loop
      vertex 12 38 25
      vertex 12.5853 38.0576 25
      vertex 12.3916 38.0257 25
    endloop
  endfacet
  facet normal 0 0 -1
    outer loop
      vertex 12.9643 55.8408 25
      vertex 12 56 25
      vertex 12.7765 55.8978 25
    endloop
  endfacet
  facet normal 0 0 -1
    outer loop
      vertex 12 38 25
      vertex 12.3916 38.0257 25
      vertex 12.1962 38.0064 25
    endloop
  endfacet
  facet normal 0 0 -1
    outer loop
      vertex 12.7765 55.8978 25
      vertex 12 56 25
      vertex 12.5853 55.9424 25
    endloop
  endfacet
  facet normal 0 0 -1
    outer loop
      vertex 12.5853 55.9424 25
      vertex 12 56 25
      vertex 12.3916 55.9743 25
    endloop
  endfacet
  facet normal 0 0 -1
    outer loop
      vertex 12.3916 55.9743 25
      vertex 12 56 25
      vertex 12.1962 55.9936 25
    endloop
  endfacet
  facet normal 0 0 -1
    outer loop
      vertex -1 41 25
      vertex 12 38 25
      vertex 2 38 25
    endloop
  endfacet
  facet normal 0 0 -1
    outer loop
      vertex 12 38 25
      vertex -1 41 25
      vertex 12 56 25
    endloop
  endfacet
  facet normal 0 0 -1
    outer loop
      vertex -1 41 25
      vertex 2 38 25
      vertex 1.80379 38.0064 25
    endloop
  endfacet
  facet normal 0 0 -1
    outer loop
      vertex -1 53 25
      vertex 12 56 25
      vertex -1 41 25
    endloop
  endfacet
  facet normal 0 0 -1
    outer loop
      vertex -1 41 25
      vertex 1.80379 38.0064 25
      vertex 1.60842 38.0257 25
    endloop
  endfacet
  facet normal -0 0 -1
    outer loop
      vertex 12 56 25
      vertex -1 53 25
      vertex 2 56 25
    endloop
  endfacet
  facet normal 0 0 -1
    outer loop
      vertex -1 41 25
      vertex 1.60842 38.0257 25
      vertex 1.41473 38.0576 25
    endloop
  endfacet
  facet normal 0 0 -1
    outer loop
      vertex 2 56 25
      vertex -1 53 25
      vertex 1.80379 55.9936 25
    endloop
  endfacet
  facet normal 0 0 -1
    outer loop
      vertex -1 41 25
      vertex 1.41473 38.0576 25
      vertex 1.22354 38.1022 25
    endloop
  endfacet
  facet normal 0 0 -1
    outer loop
      vertex 1.80379 55.9936 25
      vertex -1 53 25
      vertex 1.60842 55.9743 25
    endloop
  endfacet
  facet normal 0 0 -1
    outer loop
      vertex -1 41 25
      vertex 1.22354 38.1022 25
      vertex 1.03568 38.1592 25
    endloop
  endfacet
  facet normal 0 0 -1
    outer loop
      vertex 1.60842 55.9743 25
      vertex -1 53 25
      vertex 1.41473 55.9424 25
    endloop
  endfacet
  facet normal 0 0 -1
    outer loop
      vertex -1 41 25
      vertex 1.03568 38.1592 25
      vertex 0.85195 38.2284 25
    endloop
  endfacet
  facet normal 0 0 -1
    outer loop
      vertex 1.41473 55.9424 25
      vertex -1 53 25
      vertex 1.22354 55.8978 25
    endloop
  endfacet
  facet normal 0 0 -1
    outer loop
      vertex -1 41 25
      vertex 0.85195 38.2284 25
      vertex 0.673134 38.3094 25
    endloop
  endfacet
  facet normal 0 0 -1
    outer loop
      vertex 1.22354 55.8978 25
      vertex -1 53 25
      vertex 1.03568 55.8408 25
    endloop
  endfacet
  facet normal 0 0 -1
    outer loop
      vertex -1 41 25
      vertex 0.673134 38.3094 25
      vertex 0.5 38.4019 25
    endloop
  endfacet
  facet normal 0 0 -1
    outer loop
      vertex 1.03568 55.8408 25
      vertex -1 53 25
      vertex 0.85195 55.7716 25
    endloop
  endfacet
  facet normal 0 0 -1
    outer loop
      vertex -1 41 25
      vertex 0.5 38.4019 25
      vertex 0.333289 38.5056 25
    endloop
  endfacet
  facet normal 0 0 -1
    outer loop
      vertex 0.85195 55.7716 25
      vertex -1 53 25
      vertex 0.673134 55.6906 25
    endloop
  endfacet
  facet normal 0 0 -1
    outer loop
      vertex -1 41 25
      vertex 0.333289 38.5056 25
      vertex 0.173716 38.6199 25
    endloop
  endfacet
  facet normal 0 0 -1
    outer loop
      vertex 0.673134 55.6906 25
      vertex -1 53 25
      vertex 0.5 55.5981 25
    endloop
  endfacet
  facet normal 0 0 -1
    outer loop
      vertex -1 41 25
      vertex 0.173716 38.6199 25
      vertex 0.0219622 38.7445 25
    endloop
  endfacet
  facet normal 0 0 -1
    outer loop
      vertex 0.5 55.5981 25
      vertex -1 53 25
      vertex 0.333289 55.4944 25
    endloop
  endfacet
  facet normal 0 0 -1
    outer loop
      vertex -1 41 25
      vertex 0.0219622 38.7445 25
      vertex -0.121321 38.8787 25
    endloop
  endfacet
  facet normal 0 0 -1
    outer loop
      vertex 0.333289 55.4944 25
      vertex -1 53 25
      vertex 0.173716 55.3801 25
    endloop
  endfacet
  facet normal 0 0 -1
    outer loop
      vertex -1 41 25
      vertex -0.121321 38.8787 25
      vertex -0.25552 39.022 25
    endloop
  endfacet
  facet normal 0 0 -1
    outer loop
      vertex 0.173716 55.3801 25
      vertex -1 53 25
      vertex 0.0219622 55.2555 25
    endloop
  endfacet
  facet normal 0 0 -1
    outer loop
      vertex -1 41 25
      vertex -0.25552 39.022 25
      vertex -0.38006 39.1737 25
    endloop
  endfacet
  facet normal 0 0 -1
    outer loop
      vertex 0.0219622 55.2555 25
      vertex -1 53 25
      vertex -0.121321 55.1213 25
    endloop
  endfacet
  facet normal 0 0 -1
    outer loop
      vertex -1 41 25
      vertex -0.38006 39.1737 25
      vertex -0.49441 39.3333 25
    endloop
  endfacet
  facet normal 0 0 -1
    outer loop
      vertex -0.121321 55.1213 25
      vertex -1 53 25
      vertex -0.25552 54.978 25
    endloop
  endfacet
  facet normal 0 0 -1
    outer loop
      vertex -1 41 25
      vertex -0.49441 39.3333 25
      vertex -0.598077 39.5 25
    endloop
  endfacet
  facet normal 0 0 -1
    outer loop
      vertex -0.25552 54.978 25
      vertex -1 53 25
      vertex -0.38006 54.8263 25
    endloop
  endfacet
  facet normal 0 0 -1
    outer loop
      vertex -1 41 25
      vertex -0.598077 39.5 25
      vertex -0.690619 39.6731 25
    endloop
  endfacet
  facet normal 0 0 -1
    outer loop
      vertex -0.38006 54.8263 25
      vertex -1 53 25
      vertex -0.49441 54.6667 25
    endloop
  endfacet
  facet normal 0 0 -1
    outer loop
      vertex -1 41 25
      vertex -0.690619 39.6731 25
      vertex -0.771639 39.852 25
    endloop
  endfacet
  facet normal 0 0 -1
    outer loop
      vertex -0.49441 54.6667 25
      vertex -1 53 25
      vertex -0.598077 54.5 25
    endloop
  endfacet
  facet normal 0 0 -1
    outer loop
      vertex -1 41 25
      vertex -0.771639 39.852 25
      vertex -0.840791 40.0357 25
    endloop
  endfacet
  facet normal 0 0 -1
    outer loop
      vertex -0.598077 54.5 25
      vertex -1 53 25
      vertex -0.690619 54.3269 25
    endloop
  endfacet
  facet normal 0 0 -1
    outer loop
      vertex -1 41 25
      vertex -0.840791 40.0357 25
      vertex -0.897778 40.2235 25
    endloop
  endfacet
  facet normal 0 0 -1
    outer loop
      vertex -0.690619 54.3269 25
      vertex -1 53 25
      vertex -0.771639 54.148 25
    endloop
  endfacet
  facet normal 0 0 -1
    outer loop
      vertex -1 41 25
      vertex -0.897778 40.2235 25
      vertex -0.942356 40.4147 25
    endloop
  endfacet
  facet normal 0 0 -1
    outer loop
      vertex -0.771639 54.148 25
      vertex -1 53 25
      vertex -0.840791 53.9643 25
    endloop
  endfacet
  facet normal 0 0 -1
    outer loop
      vertex -1 41 25
      vertex -0.942356 40.4147 25
      vertex -0.974335 40.6084 25
    endloop
  endfacet
  facet normal 0 0 -1
    outer loop
      vertex -0.840791 53.9643 25
      vertex -1 53 25
      vertex -0.897778 53.7765 25
    endloop
  endfacet
  facet normal 0 0 -1
    outer loop
      vertex -1 41 25
      vertex -0.974335 40.6084 25
      vertex -0.993577 40.8038 25
    endloop
  endfacet
  facet normal 0 0 -1
    outer loop
      vertex -0.897778 53.7765 25
      vertex -1 53 25
      vertex -0.942356 53.5853 25
    endloop
  endfacet
  facet normal 0 0 -1
    outer loop
      vertex -0.942356 53.5853 25
      vertex -1 53 25
      vertex -0.974335 53.3916 25
    endloop
  endfacet
  facet normal 0 0 -1
    outer loop
      vertex -0.974335 53.3916 25
      vertex -1 53 25
      vertex -0.993577 53.1962 25
    endloop
  endfacet
  facet normal 0 0 1
    outer loop
      vertex 13.8263 55.3801 18
      vertex 14 55.2349 18
      vertex 13.978 55.2555 18
    endloop
  endfacet
  facet normal -0 0 1
    outer loop
      vertex 14 45 18
      vertex 15 41 18
      vertex 15 45 18
    endloop
  endfacet
  facet normal 0 0 1
    outer loop
      vertex 12 38 18
      vertex 15 41 18
      vertex 14 45 18
    endloop
  endfacet
  facet normal 0 0 1
    outer loop
      vertex 15 41 18
      vertex 12 38 18
      vertex 14.9936 40.8038 18
    endloop
  endfacet
  facet normal 0 0 1
    outer loop
      vertex 14.9936 40.8038 18
      vertex 12 38 18
      vertex 14.9743 40.6084 18
    endloop
  endfacet
  facet normal 0 0 1
    outer loop
      vertex 14.9743 40.6084 18
      vertex 12 38 18
      vertex 14.9424 40.4147 18
    endloop
  endfacet
  facet normal 0 0 1
    outer loop
      vertex 14.9424 40.4147 18
      vertex 12 38 18
      vertex 14.8978 40.2235 18
    endloop
  endfacet
  facet normal 0 0 1
    outer loop
      vertex 14.8978 40.2235 18
      vertex 12 38 18
      vertex 14.8408 40.0357 18
    endloop
  endfacet
  facet normal 0 0 1
    outer loop
      vertex 14.8408 40.0357 18
      vertex 12 38 18
      vertex 14.7716 39.852 18
    endloop
  endfacet
  facet normal 0 0 1
    outer loop
      vertex 14.7716 39.852 18
      vertex 12 38 18
      vertex 14.6906 39.6731 18
    endloop
  endfacet
  facet normal 0 0 1
    outer loop
      vertex 14.6906 39.6731 18
      vertex 12 38 18
      vertex 14.5981 39.5 18
    endloop
  endfacet
  facet normal 0 0 1
    outer loop
      vertex 14.5981 39.5 18
      vertex 12 38 18
      vertex 14.4944 39.3333 18
    endloop
  endfacet
  facet normal 0 0 1
    outer loop
      vertex 14.4944 39.3333 18
      vertex 12 38 18
      vertex 14.3801 39.1737 18
    endloop
  endfacet
  facet normal 0 0 1
    outer loop
      vertex 14.3801 39.1737 18
      vertex 12 38 18
      vertex 14.2555 39.022 18
    endloop
  endfacet
  facet normal 0 0 1
    outer loop
      vertex 14.2555 39.022 18
      vertex 12 38 18
      vertex 14.1213 38.8787 18
    endloop
  endfacet
  facet normal 0 0 1
    outer loop
      vertex 14 55.2349 18
      vertex 12 56 18
      vertex 14 45 18
    endloop
  endfacet
  facet normal 0 0 1
    outer loop
      vertex 14 55.2349 18
      vertex 13.8263 55.3801 18
      vertex 12 56 18
    endloop
  endfacet
  facet normal -0 0 1
    outer loop
      vertex 2 56 18
      vertex 14 45 18
      vertex 12 56 18
    endloop
  endfacet
  facet normal 0 0 1
    outer loop
      vertex 12 56 18
      vertex 13.8263 55.3801 18
      vertex 13.6667 55.4944 18
    endloop
  endfacet
  facet normal 0 0 1
    outer loop
      vertex 14.1213 38.8787 18
      vertex 12 38 18
      vertex 13.978 38.7445 18
    endloop
  endfacet
  facet normal 0 0 1
    outer loop
      vertex 12 56 18
      vertex 13.6667 55.4944 18
      vertex 13.5 55.5981 18
    endloop
  endfacet
  facet normal 0 0 1
    outer loop
      vertex 13.978 38.7445 18
      vertex 12 38 18
      vertex 13.8263 38.6199 18
    endloop
  endfacet
  facet normal 0 0 1
    outer loop
      vertex 12 56 18
      vertex 13.5 55.5981 18
      vertex 13.3269 55.6906 18
    endloop
  endfacet
  facet normal 0 0 1
    outer loop
      vertex 13.8263 38.6199 18
      vertex 12 38 18
      vertex 13.6667 38.5056 18
    endloop
  endfacet
  facet normal 0 0 1
    outer loop
      vertex 12 56 18
      vertex 13.3269 55.6906 18
      vertex 13.148 55.7716 18
    endloop
  endfacet
  facet normal 0 0 1
    outer loop
      vertex 13.6667 38.5056 18
      vertex 12 38 18
      vertex 13.5 38.4019 18
    endloop
  endfacet
  facet normal 0 0 1
    outer loop
      vertex 12 56 18
      vertex 13.148 55.7716 18
      vertex 12.9643 55.8408 18
    endloop
  endfacet
  facet normal 0 0 1
    outer loop
      vertex 13.5 38.4019 18
      vertex 12 38 18
      vertex 13.3269 38.3094 18
    endloop
  endfacet
  facet normal 0 0 1
    outer loop
      vertex 12 56 18
      vertex 12.9643 55.8408 18
      vertex 12.7765 55.8978 18
    endloop
  endfacet
  facet normal 0 0 1
    outer loop
      vertex 13.3269 38.3094 18
      vertex 12 38 18
      vertex 13.148 38.2284 18
    endloop
  endfacet
  facet normal 0 0 1
    outer loop
      vertex 12 56 18
      vertex 12.7765 55.8978 18
      vertex 12.5853 55.9424 18
    endloop
  endfacet
  facet normal 0 0 1
    outer loop
      vertex 13.148 38.2284 18
      vertex 12 38 18
      vertex 12.9643 38.1592 18
    endloop
  endfacet
  facet normal 0 0 1
    outer loop
      vertex 12 56 18
      vertex 12.5853 55.9424 18
      vertex 12.3916 55.9743 18
    endloop
  endfacet
  facet normal 0 0 1
    outer loop
      vertex 12.9643 38.1592 18
      vertex 12 38 18
      vertex 12.7765 38.1022 18
    endloop
  endfacet
  facet normal 0 0 1
    outer loop
      vertex 12 56 18
      vertex 12.3916 55.9743 18
      vertex 12.1962 55.9936 18
    endloop
  endfacet
  facet normal 0 0 1
    outer loop
      vertex 12.7765 38.1022 18
      vertex 12 38 18
      vertex 12.5853 38.0576 18
    endloop
  endfacet
  facet normal 0 0 1
    outer loop
      vertex 12.5853 38.0576 18
      vertex 12 38 18
      vertex 12.3916 38.0257 18
    endloop
  endfacet
  facet normal 0 0 1
    outer loop
      vertex 12.3916 38.0257 18
      vertex 12 38 18
      vertex 12.1962 38.0064 18
    endloop
  endfacet
  facet normal 0 0 1
    outer loop
      vertex 14 45 18
      vertex 2 56 18
      vertex -1 53 18
    endloop
  endfacet
  facet normal 0 0 1
    outer loop
      vertex -1 41 18
      vertex 14 45 18
      vertex -1 53 18
    endloop
  endfacet
  facet normal 0 0 1
    outer loop
      vertex -1 53 18
      vertex 2 56 18
      vertex 1.80379 55.9936 18
    endloop
  endfacet
  facet normal 0 -0 1
    outer loop
      vertex 2 38 18
      vertex 14 45 18
      vertex -1 41 18
    endloop
  endfacet
  facet normal 0 0 1
    outer loop
      vertex -1 53 18
      vertex 1.80379 55.9936 18
      vertex 1.60842 55.9743 18
    endloop
  endfacet
  facet normal 0 0 1
    outer loop
      vertex 14 45 18
      vertex 2 38 18
      vertex 12 38 18
    endloop
  endfacet
  facet normal 0 0 1
    outer loop
      vertex -1 53 18
      vertex 1.60842 55.9743 18
      vertex 1.41473 55.9424 18
    endloop
  endfacet
  facet normal 0 0 1
    outer loop
      vertex 2 38 18
      vertex -1 41 18
      vertex 1.80379 38.0064 18
    endloop
  endfacet
  facet normal 0 0 1
    outer loop
      vertex -1 53 18
      vertex 1.41473 55.9424 18
      vertex 1.22354 55.8978 18
    endloop
  endfacet
  facet normal 0 0 1
    outer loop
      vertex 1.80379 38.0064 18
      vertex -1 41 18
      vertex 1.60842 38.0257 18
    endloop
  endfacet
  facet normal 0 0 1
    outer loop
      vertex -1 53 18
      vertex 1.22354 55.8978 18
      vertex 1.03568 55.8408 18
    endloop
  endfacet
  facet normal 0 0 1
    outer loop
      vertex 1.60842 38.0257 18
      vertex -1 41 18
      vertex 1.41473 38.0576 18
    endloop
  endfacet
  facet normal 0 0 1
    outer loop
      vertex -1 53 18
      vertex 1.03568 55.8408 18
      vertex 0.85195 55.7716 18
    endloop
  endfacet
  facet normal 0 0 1
    outer loop
      vertex 1.41473 38.0576 18
      vertex -1 41 18
      vertex 1.22354 38.1022 18
    endloop
  endfacet
  facet normal 0 0 1
    outer loop
      vertex -1 53 18
      vertex 0.85195 55.7716 18
      vertex 0.673134 55.6906 18
    endloop
  endfacet
  facet normal 0 0 1
    outer loop
      vertex 1.22354 38.1022 18
      vertex -1 41 18
      vertex 1.03568 38.1592 18
    endloop
  endfacet
  facet normal 0 0 1
    outer loop
      vertex -1 53 18
      vertex 0.673134 55.6906 18
      vertex 0.5 55.5981 18
    endloop
  endfacet
  facet normal 0 0 1
    outer loop
      vertex 1.03568 38.1592 18
      vertex -1 41 18
      vertex 0.85195 38.2284 18
    endloop
  endfacet
  facet normal 0 0 1
    outer loop
      vertex -1 53 18
      vertex 0.5 55.5981 18
      vertex 0.333289 55.4944 18
    endloop
  endfacet
  facet normal 0 0 1
    outer loop
      vertex 0.85195 38.2284 18
      vertex -1 41 18
      vertex 0.673134 38.3094 18
    endloop
  endfacet
  facet normal 0 0 1
    outer loop
      vertex -1 53 18
      vertex 0.333289 55.4944 18
      vertex 0.173716 55.3801 18
    endloop
  endfacet
  facet normal 0 0 1
    outer loop
      vertex 0.673134 38.3094 18
      vertex -1 41 18
      vertex 0.5 38.4019 18
    endloop
  endfacet
  facet normal 0 0 1
    outer loop
      vertex -1 53 18
      vertex 0.173716 55.3801 18
      vertex 0.0219622 55.2555 18
    endloop
  endfacet
  facet normal 0 0 1
    outer loop
      vertex 0.5 38.4019 18
      vertex -1 41 18
      vertex 0.333289 38.5056 18
    endloop
  endfacet
  facet normal 0 0 1
    outer loop
      vertex -1 53 18
      vertex 0.0219622 55.2555 18
      vertex -0.121321 55.1213 18
    endloop
  endfacet
  facet normal 0 0 1
    outer loop
      vertex 0.333289 38.5056 18
      vertex -1 41 18
      vertex 0.173716 38.6199 18
    endloop
  endfacet
  facet normal 0 0 1
    outer loop
      vertex -1 53 18
      vertex -0.121321 55.1213 18
      vertex -0.25552 54.978 18
    endloop
  endfacet
  facet normal 0 0 1
    outer loop
      vertex 0.173716 38.6199 18
      vertex -1 41 18
      vertex 0.0219622 38.7445 18
    endloop
  endfacet
  facet normal 0 0 1
    outer loop
      vertex -1 53 18
      vertex -0.25552 54.978 18
      vertex -0.38006 54.8263 18
    endloop
  endfacet
  facet normal 0 0 1
    outer loop
      vertex 0.0219622 38.7445 18
      vertex -1 41 18
      vertex -0.121321 38.8787 18
    endloop
  endfacet
  facet normal 0 0 1
    outer loop
      vertex -1 53 18
      vertex -0.38006 54.8263 18
      vertex -0.49441 54.6667 18
    endloop
  endfacet
  facet normal 0 0 1
    outer loop
      vertex -0.121321 38.8787 18
      vertex -1 41 18
      vertex -0.25552 39.022 18
    endloop
  endfacet
  facet normal 0 0 1
    outer loop
      vertex -1 53 18
      vertex -0.49441 54.6667 18
      vertex -0.598077 54.5 18
    endloop
  endfacet
  facet normal 0 0 1
    outer loop
      vertex -0.25552 39.022 18
      vertex -1 41 18
      vertex -0.38006 39.1737 18
    endloop
  endfacet
  facet normal 0 0 1
    outer loop
      vertex -1 53 18
      vertex -0.598077 54.5 18
      vertex -0.690619 54.3269 18
    endloop
  endfacet
  facet normal 0 0 1
    outer loop
      vertex -0.38006 39.1737 18
      vertex -1 41 18
      vertex -0.49441 39.3333 18
    endloop
  endfacet
  facet normal 0 0 1
    outer loop
      vertex -1 53 18
      vertex -0.690619 54.3269 18
      vertex -0.771639 54.148 18
    endloop
  endfacet
  facet normal 0 0 1
    outer loop
      vertex -0.49441 39.3333 18
      vertex -1 41 18
      vertex -0.598077 39.5 18
    endloop
  endfacet
  facet normal 0 0 1
    outer loop
      vertex -1 53 18
      vertex -0.771639 54.148 18
      vertex -0.840791 53.9643 18
    endloop
  endfacet
  facet normal 0 0 1
    outer loop
      vertex -0.598077 39.5 18
      vertex -1 41 18
      vertex -0.690619 39.6731 18
    endloop
  endfacet
  facet normal 0 0 1
    outer loop
      vertex -1 53 18
      vertex -0.840791 53.9643 18
      vertex -0.897778 53.7765 18
    endloop
  endfacet
  facet normal 0 0 1
    outer loop
      vertex -0.690619 39.6731 18
      vertex -1 41 18
      vertex -0.771639 39.852 18
    endloop
  endfacet
  facet normal 0 0 1
    outer loop
      vertex -1 53 18
      vertex -0.897778 53.7765 18
      vertex -0.942356 53.5853 18
    endloop
  endfacet
  facet normal 0 0 1
    outer loop
      vertex -0.771639 39.852 18
      vertex -1 41 18
      vertex -0.840791 40.0357 18
    endloop
  endfacet
  facet normal 0 0 1
    outer loop
      vertex -1 53 18
      vertex -0.942356 53.5853 18
      vertex -0.974335 53.3916 18
    endloop
  endfacet
  facet normal 0 0 1
    outer loop
      vertex -0.840791 40.0357 18
      vertex -1 41 18
      vertex -0.897778 40.2235 18
    endloop
  endfacet
  facet normal 0 0 1
    outer loop
      vertex -1 53 18
      vertex -0.974335 53.3916 18
      vertex -0.993577 53.1962 18
    endloop
  endfacet
  facet normal 0 0 1
    outer loop
      vertex -0.897778 40.2235 18
      vertex -1 41 18
      vertex -0.942356 40.4147 18
    endloop
  endfacet
  facet normal 0 0 1
    outer loop
      vertex -0.942356 40.4147 18
      vertex -1 41 18
      vertex -0.974335 40.6084 18
    endloop
  endfacet
  facet normal 0 0 1
    outer loop
      vertex -0.974335 40.6084 18
      vertex -1 41 18
      vertex -0.993577 40.8038 18
    endloop
  endfacet
  facet normal 0.0983084 0.995156 -0
    outer loop
      vertex 1.80379 38.0064 18
      vertex 1.60842 38.0257 25
      vertex 1.80379 38.0064 25
    endloop
  endfacet
  facet normal 0.0983084 0.995156 0
    outer loop
      vertex 1.60842 38.0257 25
      vertex 1.80379 38.0064 18
      vertex 1.60842 38.0257 18
    endloop
  endfacet
  facet normal -0.0982934 0.995157 0
    outer loop
      vertex 12.3916 68.0257 18
      vertex 12.1962 68.0064 25
      vertex 12.3916 68.0257 25
    endloop
  endfacet
  facet normal -0.0982934 0.995157 0
    outer loop
      vertex 12.1962 68.0064 25
      vertex 12.3916 68.0257 18
      vertex 12.1962 68.0064 18
    endloop
  endfacet
  facet normal 0.935885 0.352305 3.59622e-19
    outer loop
      vertex -0.771639 69.852 25
      vertex -0.840791 70.0357 18
      vertex -0.840791 70.0357 25
    endloop
  endfacet
  facet normal 0.935885 0.352305 3.59622e-19
    outer loop
      vertex -0.840791 70.0357 18
      vertex -0.771639 69.852 25
      vertex -0.771639 69.852 18
    endloop
  endfacet
  facet normal 0.47123 -0.88201 0
    outer loop
      vertex 0.5 85.5981 18
      vertex 0.673134 85.6906 25
      vertex 0.5 85.5981 25
    endloop
  endfacet
  facet normal 0.47123 -0.88201 0
    outer loop
      vertex 0.673134 85.6906 25
      vertex 0.5 85.5981 18
      vertex 0.673134 85.6906 18
    endloop
  endfacet
  facet normal 0 -1 0
    outer loop
      vertex 2 86 18
      vertex 12 86 25
      vertex 2 86 25
    endloop
  endfacet
  facet normal 0 -1 -0
    outer loop
      vertex 12 86 25
      vertex 2 86 18
      vertex 12 86 18
    endloop
  endfacet
  facet normal 0.582315 0.812963 -0
    outer loop
      vertex 0.333289 68.5056 18
      vertex 0.173716 68.6199 25
      vertex 0.333289 68.5056 25
    endloop
  endfacet
  facet normal 0.582315 0.812963 0
    outer loop
      vertex 0.173716 68.6199 25
      vertex 0.333289 68.5056 18
      vertex 0.173716 68.6199 18
    endloop
  endfacet
  facet normal 0.812889 0.582418 -1.0576e-18
    outer loop
      vertex -0.38006 69.1737 25
      vertex -0.49441 69.3333 18
      vertex -0.49441 69.3333 25
    endloop
  endfacet
  facet normal 0.812889 0.582418 -1.0576e-18
    outer loop
      vertex -0.49441 69.3333 18
      vertex -0.38006 69.1737 25
      vertex -0.38006 69.1737 18
    endloop
  endfacet
  facet normal 0 1 -0
    outer loop
      vertex 12 68 18
      vertex 2 68 25
      vertex 12 68 25
    endloop
  endfacet
  facet normal 0 1 0
    outer loop
      vertex 2 68 25
      vertex 12 68 18
      vertex 2 68 18
    endloop
  endfacet
  facet normal 0.227176 -0.973854 0
    outer loop
      vertex 1.22354 85.8978 18
      vertex 1.41473 85.9424 25
      vertex 1.22354 85.8978 25
    endloop
  endfacet
  facet normal 0.227176 -0.973854 0
    outer loop
      vertex 1.41473 85.9424 25
      vertex 1.22354 85.8978 18
      vertex 1.41473 85.9424 18
    endloop
  endfacet
  facet normal 0.995186 -0.0980009 -4.03651e-20
    outer loop
      vertex -0.993577 83.1962 25
      vertex -0.974335 83.3916 18
      vertex -0.974335 83.3916 25
    endloop
  endfacet
  facet normal 0.995186 -0.0980009 -4.03651e-20
    outer loop
      vertex -0.974335 83.3916 18
      vertex -0.993577 83.1962 25
      vertex -0.993577 83.1962 18
    endloop
  endfacet
  facet normal 0.935885 -0.352305 -3.59622e-19
    outer loop
      vertex -0.840791 83.9643 25
      vertex -0.771639 84.148 18
      vertex -0.771639 84.148 25
    endloop
  endfacet
  facet normal 0.935885 -0.352305 -3.59622e-19
    outer loop
      vertex -0.771639 84.148 18
      vertex -0.840791 83.9643 25
      vertex -0.840791 83.9643 18
    endloop
  endfacet
  facet normal -0.290432 0.956896 0
    outer loop
      vertex 12.9643 68.1592 18
      vertex 12.7765 68.1022 25
      vertex 12.9643 68.1592 25
    endloop
  endfacet
  facet normal -0.290432 0.956896 0
    outer loop
      vertex 12.7765 68.1022 25
      vertex 12.9643 68.1592 18
      vertex 12.7765 68.1022 18
    endloop
  endfacet
  facet normal -0.528212 -0.849112 0
    outer loop
      vertex 13.5 85.5981 18
      vertex 13.6667 85.4944 25
      vertex 13.5 85.5981 25
    endloop
  endfacet
  facet normal -0.528212 -0.849112 -0
    outer loop
      vertex 13.6667 85.4944 25
      vertex 13.5 85.5981 18
      vertex 13.6667 85.4944 18
    endloop
  endfacet
  facet normal 0.683594 0.729862 -0
    outer loop
      vertex 0.0219622 68.7445 18
      vertex -0.121321 68.8787 25
      vertex 0.0219622 68.7445 25
    endloop
  endfacet
  facet normal 0.683594 0.729862 0
    outer loop
      vertex -0.121321 68.8787 25
      vertex 0.0219622 68.7445 18
      vertex -0.121321 68.8787 18
    endloop
  endfacet
  facet normal 0.973881 0.227059 -2.04378e-19
    outer loop
      vertex -0.897778 70.2235 25
      vertex -0.942356 70.4147 18
      vertex -0.942356 70.4147 25
    endloop
  endfacet
  facet normal 0.973881 0.227059 -2.04378e-19
    outer loop
      vertex -0.942356 70.4147 18
      vertex -0.897778 70.2235 25
      vertex -0.897778 70.2235 18
    endloop
  endfacet
  facet normal 0.986644 0.162891 2.19066e-19
    outer loop
      vertex -0.942356 70.4147 25
      vertex -0.974335 70.6084 18
      vertex -0.974335 70.6084 25
    endloop
  endfacet
  facet normal 0.986644 0.162891 2.19066e-19
    outer loop
      vertex -0.974335 70.6084 18
      vertex -0.942356 70.4147 25
      vertex -0.942356 70.4147 18
    endloop
  endfacet
  facet normal -0.227165 0.973856 0
    outer loop
      vertex 12.7765 68.1022 18
      vertex 12.5853 68.0576 25
      vertex 12.7765 68.1022 25
    endloop
  endfacet
  facet normal -0.227165 0.973856 0
    outer loop
      vertex 12.5853 68.0576 25
      vertex 12.7765 68.1022 18
      vertex 12.5853 68.0576 18
    endloop
  endfacet
  facet normal 0.910938 0.412544 4.60502e-19
    outer loop
      vertex -0.690619 69.6731 25
      vertex -0.771639 69.852 18
      vertex -0.771639 69.852 25
    endloop
  endfacet
  facet normal 0.910938 0.412544 4.60502e-19
    outer loop
      vertex -0.771639 69.852 18
      vertex -0.690619 69.6731 25
      vertex -0.690619 69.6731 18
    endloop
  endfacet
  facet normal 0.0326008 -0.999468 0
    outer loop
      vertex 1.80379 85.9936 18
      vertex 2 86 25
      vertex 1.80379 85.9936 25
    endloop
  endfacet
  facet normal 0.0326008 -0.999468 0
    outer loop
      vertex 2 86 25
      vertex 1.80379 85.9936 18
      vertex 2 86 18
    endloop
  endfacet
  facet normal -0.41246 -0.910976 0
    outer loop
      vertex 13.148 85.7716 18
      vertex 13.3269 85.6906 25
      vertex 13.148 85.7716 25
    endloop
  endfacet
  facet normal -0.41246 -0.910976 -0
    outer loop
      vertex 13.3269 85.6906 25
      vertex 13.148 85.7716 18
      vertex 13.3269 85.6906 18
    endloop
  endfacet
  facet normal -0.352519 -0.935805 0
    outer loop
      vertex 12.9643 85.8408 18
      vertex 13.148 85.7716 25
      vertex 12.9643 85.8408 25
    endloop
  endfacet
  facet normal -0.352519 -0.935805 -0
    outer loop
      vertex 13.148 85.7716 25
      vertex 12.9643 85.8408 18
      vertex 13.148 85.7716 18
    endloop
  endfacet
  facet normal 0.0326008 0.999468 -0
    outer loop
      vertex 2 68 18
      vertex 1.80379 68.0064 25
      vertex 2 68 25
    endloop
  endfacet
  facet normal 0.0326008 0.999468 0
    outer loop
      vertex 1.80379 68.0064 25
      vertex 2 68 18
      vertex 1.80379 68.0064 18
    endloop
  endfacet
  facet normal -0.0326024 0.999468 0
    outer loop
      vertex 12.1962 68.0064 18
      vertex 12 68 25
      vertex 12.1962 68.0064 25
    endloop
  endfacet
  facet normal -0.0326024 0.999468 0
    outer loop
      vertex 12 68 25
      vertex 12.1962 68.0064 18
      vertex 12 68 18
    endloop
  endfacet
  facet normal 0.290347 -0.956922 0
    outer loop
      vertex 1.03568 85.8408 18
      vertex 1.22354 85.8978 25
      vertex 1.03568 85.8408 25
    endloop
  endfacet
  facet normal 0.290347 -0.956922 0
    outer loop
      vertex 1.22354 85.8978 25
      vertex 1.03568 85.8408 18
      vertex 1.22354 85.8978 18
    endloop
  endfacet
  facet normal 0.973881 -0.227059 2.04378e-19
    outer loop
      vertex -0.942356 83.5853 25
      vertex -0.897778 83.7765 18
      vertex -0.897778 83.7765 25
    endloop
  endfacet
  facet normal 0.973881 -0.227059 2.04378e-19
    outer loop
      vertex -0.897778 83.7765 18
      vertex -0.942356 83.5853 25
      vertex -0.942356 83.5853 18
    endloop
  endfacet
  facet normal 0.528187 0.849128 -0
    outer loop
      vertex 0.5 68.4019 18
      vertex 0.333289 68.5056 25
      vertex 0.5 68.4019 25
    endloop
  endfacet
  facet normal 0.528187 0.849128 0
    outer loop
      vertex 0.333289 68.5056 25
      vertex 0.5 68.4019 18
      vertex 0.333289 68.5056 18
    endloop
  endfacet
  facet normal 0.0983084 -0.995156 0
    outer loop
      vertex 1.60842 85.9743 18
      vertex 1.80379 85.9936 25
      vertex 1.60842 85.9743 25
    endloop
  endfacet
  facet normal 0.0983084 -0.995156 0
    outer loop
      vertex 1.80379 85.9936 25
      vertex 1.60842 85.9743 18
      vertex 1.80379 85.9936 18
    endloop
  endfacet
  facet normal 0.956914 -0.290371 -1.48726e-19
    outer loop
      vertex -0.897778 83.7765 25
      vertex -0.840791 83.9643 18
      vertex -0.840791 83.9643 25
    endloop
  endfacet
  facet normal 0.956914 -0.290371 -1.48726e-19
    outer loop
      vertex -0.840791 83.9643 18
      vertex -0.897778 83.7765 25
      vertex -0.897778 83.7765 18
    endloop
  endfacet
  facet normal 0.910938 -0.412544 -4.60502e-19
    outer loop
      vertex -0.771639 84.148 25
      vertex -0.690619 84.3269 18
      vertex -0.690619 84.3269 25
    endloop
  endfacet
  facet normal 0.910938 -0.412544 -4.60502e-19
    outer loop
      vertex -0.690619 84.3269 18
      vertex -0.771639 84.148 25
      vertex -0.771639 84.148 18
    endloop
  endfacet
  facet normal 0.995186 0.0980009 4.03651e-20
    outer loop
      vertex -0.974335 70.6084 25
      vertex -0.993577 70.8038 18
      vertex -0.993577 70.8038 25
    endloop
  endfacet
  facet normal 0.995186 0.0980009 4.03651e-20
    outer loop
      vertex -0.993577 70.8038 18
      vertex -0.974335 70.6084 25
      vertex -0.974335 70.6084 18
    endloop
  endfacet
  facet normal -0.6835 -0.729951 0
    outer loop
      vertex 13.978 85.2555 18
      vertex 14 85.2349 25
      vertex 13.978 85.2555 25
    endloop
  endfacet
  facet normal -0.6835 -0.729951 -0
    outer loop
      vertex 14 85.2349 25
      vertex 13.978 85.2555 18
      vertex 14 85.2349 18
    endloop
  endfacet
  facet normal 0.986644 -0.162891 -2.19066e-19
    outer loop
      vertex -0.974335 83.3916 25
      vertex -0.942356 83.5853 18
      vertex -0.942356 83.5853 25
    endloop
  endfacet
  facet normal 0.986644 -0.162891 -2.19066e-19
    outer loop
      vertex -0.942356 83.5853 18
      vertex -0.974335 83.3916 25
      vertex -0.974335 83.3916 18
    endloop
  endfacet
  facet normal 0.729905 0.683549 2.67316e-19
    outer loop
      vertex -0.121321 68.8787 25
      vertex -0.25552 69.022 18
      vertex -0.25552 69.022 25
    endloop
  endfacet
  facet normal 0.729905 0.683549 2.67316e-19
    outer loop
      vertex -0.25552 69.022 18
      vertex -0.121321 68.8787 25
      vertex -0.121321 68.8787 18
    endloop
  endfacet
  facet normal -0.162499 0.986709 0
    outer loop
      vertex 12.5853 68.0576 18
      vertex 12.3916 68.0257 25
      vertex 12.5853 68.0576 25
    endloop
  endfacet
  facet normal -0.162499 0.986709 0
    outer loop
      vertex 12.3916 68.0257 25
      vertex 12.5853 68.0576 18
      vertex 12.3916 68.0257 18
    endloop
  endfacet
  facet normal -0.58225 0.81301 0
    outer loop
      vertex 13.8263 68.6199 18
      vertex 13.6667 68.5056 25
      vertex 13.8263 68.6199 25
    endloop
  endfacet
  facet normal -0.58225 0.81301 0
    outer loop
      vertex 13.6667 68.5056 25
      vertex 13.8263 68.6199 18
      vertex 13.6667 68.5056 18
    endloop
  endfacet
  facet normal 0.881883 -0.471469 1.04138e-18
    outer loop
      vertex -0.690619 84.3269 25
      vertex -0.598077 84.5 18
      vertex -0.598077 84.5 25
    endloop
  endfacet
  facet normal 0.881883 -0.471469 1.04138e-18
    outer loop
      vertex -0.598077 84.5 18
      vertex -0.690619 84.3269 25
      vertex -0.690619 84.3269 18
    endloop
  endfacet
  facet normal 0.881883 0.471469 -1.04138e-18
    outer loop
      vertex -0.598077 69.5 25
      vertex -0.690619 69.6731 18
      vertex -0.690619 69.6731 25
    endloop
  endfacet
  facet normal 0.881883 0.471469 -1.04138e-18
    outer loop
      vertex -0.690619 69.6731 18
      vertex -0.598077 69.5 25
      vertex -0.598077 69.5 18
    endloop
  endfacet
  facet normal 0.999465 0.0327195 6.6044e-20
    outer loop
      vertex -0.993577 70.8038 25
      vertex -1 71 18
      vertex -1 71 25
    endloop
  endfacet
  facet normal 0.999465 0.0327195 6.6044e-20
    outer loop
      vertex -1 71 18
      vertex -0.993577 70.8038 25
      vertex -0.993577 70.8038 18
    endloop
  endfacet
  facet normal 0.849188 -0.528091 6.39681e-19
    outer loop
      vertex -0.598077 84.5 25
      vertex -0.49441 84.6667 18
      vertex -0.49441 84.6667 25
    endloop
  endfacet
  facet normal 0.849188 -0.528091 6.39681e-19
    outer loop
      vertex -0.49441 84.6667 18
      vertex -0.598077 84.5 25
      vertex -0.598077 84.5 18
    endloop
  endfacet
  facet normal -0.471302 0.881972 0
    outer loop
      vertex 13.5 68.4019 18
      vertex 13.3269 68.3094 25
      vertex 13.5 68.4019 25
    endloop
  endfacet
  facet normal -0.471302 0.881972 0
    outer loop
      vertex 13.3269 68.3094 25
      vertex 13.5 68.4019 18
      vertex 13.3269 68.3094 18
    endloop
  endfacet
  facet normal -0.352519 0.935805 0
    outer loop
      vertex 13.148 68.2284 18
      vertex 12.9643 68.1592 25
      vertex 13.148 68.2284 25
    endloop
  endfacet
  facet normal -0.352519 0.935805 0
    outer loop
      vertex 12.9643 68.1592 25
      vertex 13.148 68.2284 18
      vertex 12.9643 68.1592 18
    endloop
  endfacet
  facet normal -0.471302 -0.881972 0
    outer loop
      vertex 13.3269 85.6906 18
      vertex 13.5 85.5981 25
      vertex 13.3269 85.6906 25
    endloop
  endfacet
  facet normal -0.471302 -0.881972 -0
    outer loop
      vertex 13.5 85.5981 25
      vertex 13.3269 85.6906 18
      vertex 13.5 85.5981 18
    endloop
  endfacet
  facet normal 0.999465 -0.0327195 -6.6044e-20
    outer loop
      vertex -1 83 25
      vertex -0.993577 83.1962 18
      vertex -0.993577 83.1962 25
    endloop
  endfacet
  facet normal 0.999465 -0.0327195 -6.6044e-20
    outer loop
      vertex -0.993577 83.1962 18
      vertex -1 83 25
      vertex -1 83 18
    endloop
  endfacet
  facet normal -0.634707 0.772753 0
    outer loop
      vertex 13.978 68.7445 18
      vertex 13.8263 68.6199 25
      vertex 13.978 68.7445 25
    endloop
  endfacet
  facet normal -0.634707 0.772753 0
    outer loop
      vertex 13.8263 68.6199 25
      vertex 13.978 68.7445 18
      vertex 13.8263 68.6199 18
    endloop
  endfacet
  facet normal 0.162507 -0.986707 0
    outer loop
      vertex 1.41473 85.9424 18
      vertex 1.60842 85.9743 25
      vertex 1.41473 85.9424 25
    endloop
  endfacet
  facet normal 0.162507 -0.986707 0
    outer loop
      vertex 1.60842 85.9743 25
      vertex 1.41473 85.9424 18
      vertex 1.60842 85.9743 18
    endloop
  endfacet
  facet normal -0.634707 -0.772753 0
    outer loop
      vertex 13.8263 85.3801 18
      vertex 13.978 85.2555 25
      vertex 13.8263 85.3801 25
    endloop
  endfacet
  facet normal -0.634707 -0.772753 -0
    outer loop
      vertex 13.978 85.2555 25
      vertex 13.8263 85.3801 18
      vertex 13.978 85.2555 18
    endloop
  endfacet
  facet normal -0.58225 -0.81301 0
    outer loop
      vertex 13.6667 85.4944 18
      vertex 13.8263 85.3801 25
      vertex 13.6667 85.4944 25
    endloop
  endfacet
  facet normal -0.58225 -0.81301 -0
    outer loop
      vertex 13.8263 85.3801 25
      vertex 13.6667 85.4944 18
      vertex 13.8263 85.3801 18
    endloop
  endfacet
  facet normal -0.290432 -0.956896 0
    outer loop
      vertex 12.7765 85.8978 18
      vertex 12.9643 85.8408 25
      vertex 12.7765 85.8978 25
    endloop
  endfacet
  facet normal -0.290432 -0.956896 -0
    outer loop
      vertex 12.9643 85.8408 25
      vertex 12.7765 85.8978 18
      vertex 12.9643 85.8408 18
    endloop
  endfacet
  facet normal 0.683594 -0.729862 0
    outer loop
      vertex -0.121321 85.1213 18
      vertex 0.0219622 85.2555 25
      vertex -0.121321 85.1213 25
    endloop
  endfacet
  facet normal 0.683594 -0.729862 0
    outer loop
      vertex 0.0219622 85.2555 25
      vertex -0.121321 85.1213 18
      vertex 0.0219622 85.2555 18
    endloop
  endfacet
  facet normal -0.528212 0.849112 0
    outer loop
      vertex 13.6667 68.5056 18
      vertex 13.5 68.4019 25
      vertex 13.6667 68.5056 25
    endloop
  endfacet
  facet normal -0.528212 0.849112 0
    outer loop
      vertex 13.5 68.4019 25
      vertex 13.6667 68.5056 18
      vertex 13.5 68.4019 18
    endloop
  endfacet
  facet normal 0.290347 0.956922 -0
    outer loop
      vertex 1.22354 68.1022 18
      vertex 1.03568 68.1592 25
      vertex 1.22354 68.1022 25
    endloop
  endfacet
  facet normal 0.290347 0.956922 0
    outer loop
      vertex 1.03568 68.1592 25
      vertex 1.22354 68.1022 18
      vertex 1.03568 68.1592 18
    endloop
  endfacet
  facet normal 0.634572 -0.772863 0
    outer loop
      vertex 0.0219622 85.2555 18
      vertex 0.173716 85.3801 25
      vertex 0.0219622 85.2555 25
    endloop
  endfacet
  facet normal 0.634572 -0.772863 0
    outer loop
      vertex 0.173716 85.3801 25
      vertex 0.0219622 85.2555 18
      vertex 0.173716 85.3801 18
    endloop
  endfacet
  facet normal -0.227165 -0.973856 0
    outer loop
      vertex 12.5853 85.9424 18
      vertex 12.7765 85.8978 25
      vertex 12.5853 85.9424 25
    endloop
  endfacet
  facet normal -0.227165 -0.973856 -0
    outer loop
      vertex 12.7765 85.8978 25
      vertex 12.5853 85.9424 18
      vertex 12.7765 85.8978 18
    endloop
  endfacet
  facet normal 0.772903 -0.634524 -6.60703e-19
    outer loop
      vertex -0.38006 84.8263 25
      vertex -0.25552 84.978 18
      vertex -0.25552 84.978 25
    endloop
  endfacet
  facet normal 0.772903 -0.634524 -6.60703e-19
    outer loop
      vertex -0.25552 84.978 18
      vertex -0.38006 84.8263 25
      vertex -0.38006 84.8263 18
    endloop
  endfacet
  facet normal 0.352468 0.935824 -0
    outer loop
      vertex 1.03568 68.1592 18
      vertex 0.85195 68.2284 25
      vertex 1.03568 68.1592 25
    endloop
  endfacet
  facet normal 0.352468 0.935824 0
    outer loop
      vertex 0.85195 68.2284 25
      vertex 1.03568 68.1592 18
      vertex 0.85195 68.2284 18
    endloop
  endfacet
  facet normal 0.528187 -0.849128 0
    outer loop
      vertex 0.333289 85.4944 18
      vertex 0.5 85.5981 25
      vertex 0.333289 85.4944 25
    endloop
  endfacet
  facet normal 0.528187 -0.849128 0
    outer loop
      vertex 0.5 85.5981 25
      vertex 0.333289 85.4944 18
      vertex 0.5 85.5981 18
    endloop
  endfacet
  facet normal -0.41246 0.910976 0
    outer loop
      vertex 13.3269 68.3094 18
      vertex 13.148 68.2284 25
      vertex 13.3269 68.3094 25
    endloop
  endfacet
  facet normal -0.41246 0.910976 0
    outer loop
      vertex 13.148 68.2284 25
      vertex 13.3269 68.3094 18
      vertex 13.148 68.2284 18
    endloop
  endfacet
  facet normal 0.956914 0.290371 1.48726e-19
    outer loop
      vertex -0.840791 70.0357 25
      vertex -0.897778 70.2235 18
      vertex -0.897778 70.2235 25
    endloop
  endfacet
  facet normal 0.956914 0.290371 1.48726e-19
    outer loop
      vertex -0.897778 70.2235 18
      vertex -0.840791 70.0357 25
      vertex -0.840791 70.0357 18
    endloop
  endfacet
  facet normal 0.41262 0.910903 -0
    outer loop
      vertex 0.85195 68.2284 18
      vertex 0.673134 68.3094 25
      vertex 0.85195 68.2284 25
    endloop
  endfacet
  facet normal 0.41262 0.910903 0
    outer loop
      vertex 0.673134 68.3094 25
      vertex 0.85195 68.2284 18
      vertex 0.673134 68.3094 18
    endloop
  endfacet
  facet normal 0.849188 0.528091 -6.39681e-19
    outer loop
      vertex -0.49441 69.3333 25
      vertex -0.598077 69.5 18
      vertex -0.598077 69.5 25
    endloop
  endfacet
  facet normal 0.849188 0.528091 -6.39681e-19
    outer loop
      vertex -0.598077 69.5 18
      vertex -0.49441 69.3333 25
      vertex -0.49441 69.3333 18
    endloop
  endfacet
  facet normal 0.47123 0.88201 -0
    outer loop
      vertex 0.673134 68.3094 18
      vertex 0.5 68.4019 25
      vertex 0.673134 68.3094 25
    endloop
  endfacet
  facet normal 0.47123 0.88201 0
    outer loop
      vertex 0.5 68.4019 25
      vertex 0.673134 68.3094 18
      vertex 0.5 68.4019 18
    endloop
  endfacet
  facet normal 0.634572 0.772863 -0
    outer loop
      vertex 0.173716 68.6199 18
      vertex 0.0219622 68.7445 25
      vertex 0.173716 68.6199 25
    endloop
  endfacet
  facet normal 0.634572 0.772863 0
    outer loop
      vertex 0.0219622 68.7445 25
      vertex 0.173716 68.6199 18
      vertex 0.0219622 68.7445 18
    endloop
  endfacet
  facet normal 0.41262 -0.910903 0
    outer loop
      vertex 0.673134 85.6906 18
      vertex 0.85195 85.7716 25
      vertex 0.673134 85.6906 25
    endloop
  endfacet
  facet normal 0.41262 -0.910903 0
    outer loop
      vertex 0.85195 85.7716 25
      vertex 0.673134 85.6906 18
      vertex 0.85195 85.7716 18
    endloop
  endfacet
  facet normal -0.0982934 -0.995157 0
    outer loop
      vertex 12.1962 85.9936 18
      vertex 12.3916 85.9743 25
      vertex 12.1962 85.9936 25
    endloop
  endfacet
  facet normal -0.0982934 -0.995157 -0
    outer loop
      vertex 12.3916 85.9743 25
      vertex 12.1962 85.9936 18
      vertex 12.3916 85.9743 18
    endloop
  endfacet
  facet normal 0.729905 -0.683549 -2.67316e-19
    outer loop
      vertex -0.25552 84.978 25
      vertex -0.121321 85.1213 18
      vertex -0.121321 85.1213 25
    endloop
  endfacet
  facet normal 0.729905 -0.683549 -2.67316e-19
    outer loop
      vertex -0.121321 85.1213 18
      vertex -0.25552 84.978 25
      vertex -0.25552 84.978 18
    endloop
  endfacet
  facet normal -0.6835 0.729951 0
    outer loop
      vertex 14 68.7651 18
      vertex 13.978 68.7445 25
      vertex 14 68.7651 25
    endloop
  endfacet
  facet normal -0.6835 0.729951 0
    outer loop
      vertex 13.978 68.7445 25
      vertex 14 68.7651 18
      vertex 13.978 68.7445 18
    endloop
  endfacet
  facet normal -0.0326024 -0.999468 0
    outer loop
      vertex 12 86 18
      vertex 12.1962 85.9936 25
      vertex 12 86 25
    endloop
  endfacet
  facet normal -0.0326024 -0.999468 -0
    outer loop
      vertex 12.1962 85.9936 25
      vertex 12 86 18
      vertex 12.1962 85.9936 18
    endloop
  endfacet
  facet normal 0.162507 0.986707 -0
    outer loop
      vertex 1.60842 68.0257 18
      vertex 1.41473 68.0576 25
      vertex 1.60842 68.0257 25
    endloop
  endfacet
  facet normal 0.162507 0.986707 0
    outer loop
      vertex 1.41473 68.0576 25
      vertex 1.60842 68.0257 18
      vertex 1.41473 68.0576 18
    endloop
  endfacet
  facet normal 0.352468 -0.935824 0
    outer loop
      vertex 0.85195 85.7716 18
      vertex 1.03568 85.8408 25
      vertex 0.85195 85.7716 25
    endloop
  endfacet
  facet normal 0.352468 -0.935824 0
    outer loop
      vertex 1.03568 85.8408 25
      vertex 0.85195 85.7716 18
      vertex 1.03568 85.8408 18
    endloop
  endfacet
  facet normal -0.162499 -0.986709 0
    outer loop
      vertex 12.3916 85.9743 18
      vertex 12.5853 85.9424 25
      vertex 12.3916 85.9743 25
    endloop
  endfacet
  facet normal -0.162499 -0.986709 -0
    outer loop
      vertex 12.5853 85.9424 25
      vertex 12.3916 85.9743 18
      vertex 12.5853 85.9424 18
    endloop
  endfacet
  facet normal 0.227176 0.973854 -0
    outer loop
      vertex 1.41473 68.0576 18
      vertex 1.22354 68.1022 25
      vertex 1.41473 68.0576 25
    endloop
  endfacet
  facet normal 0.227176 0.973854 0
    outer loop
      vertex 1.22354 68.1022 25
      vertex 1.41473 68.0576 18
      vertex 1.22354 68.1022 18
    endloop
  endfacet
  facet normal 0.812889 -0.582418 1.0576e-18
    outer loop
      vertex -0.49441 84.6667 25
      vertex -0.38006 84.8263 18
      vertex -0.38006 84.8263 25
    endloop
  endfacet
  facet normal 0.812889 -0.582418 1.0576e-18
    outer loop
      vertex -0.38006 84.8263 18
      vertex -0.49441 84.6667 25
      vertex -0.49441 84.6667 18
    endloop
  endfacet
  facet normal 0.582315 -0.812963 0
    outer loop
      vertex 0.173716 85.3801 18
      vertex 0.333289 85.4944 25
      vertex 0.173716 85.3801 25
    endloop
  endfacet
  facet normal 0.582315 -0.812963 0
    outer loop
      vertex 0.333289 85.4944 25
      vertex 0.173716 85.3801 18
      vertex 0.333289 85.4944 18
    endloop
  endfacet
  facet normal 0.772903 0.634524 6.60703e-19
    outer loop
      vertex -0.25552 69.022 25
      vertex -0.38006 69.1737 18
      vertex -0.38006 69.1737 25
    endloop
  endfacet
  facet normal 0.772903 0.634524 6.60703e-19
    outer loop
      vertex -0.38006 69.1737 18
      vertex -0.25552 69.022 25
      vertex -0.25552 69.022 18
    endloop
  endfacet
  facet normal 0 0 -1
    outer loop
      vertex 13.8263 68.6199 25
      vertex 14 68.7651 25
      vertex 13.978 68.7445 25
    endloop
  endfacet
  facet normal -0 0 -1
    outer loop
      vertex 14 68.7651 25
      vertex 12 68 25
      vertex 14 85.2349 25
    endloop
  endfacet
  facet normal 0 0 -1
    outer loop
      vertex 14 68.7651 25
      vertex 13.8263 68.6199 25
      vertex 12 68 25
    endloop
  endfacet
  facet normal 0 0 -1
    outer loop
      vertex 12 86 25
      vertex 14 85.2349 25
      vertex 12 68 25
    endloop
  endfacet
  facet normal 0 0 -1
    outer loop
      vertex 12 68 25
      vertex 13.8263 68.6199 25
      vertex 13.6667 68.5056 25
    endloop
  endfacet
  facet normal -0 -0 -1
    outer loop
      vertex 13.8263 85.3801 25
      vertex 14 85.2349 25
      vertex 12 86 25
    endloop
  endfacet
  facet normal 0 0 -1
    outer loop
      vertex 12 68 25
      vertex 13.6667 68.5056 25
      vertex 13.5 68.4019 25
    endloop
  endfacet
  facet normal 0 0 -1
    outer loop
      vertex 14 85.2349 25
      vertex 13.8263 85.3801 25
      vertex 13.978 85.2555 25
    endloop
  endfacet
  facet normal 0 0 -1
    outer loop
      vertex 12 68 25
      vertex 13.5 68.4019 25
      vertex 13.3269 68.3094 25
    endloop
  endfacet
  facet normal 0 0 -1
    outer loop
      vertex 13.8263 85.3801 25
      vertex 12 86 25
      vertex 13.6667 85.4944 25
    endloop
  endfacet
  facet normal 0 0 -1
    outer loop
      vertex 12 68 25
      vertex 13.3269 68.3094 25
      vertex 13.148 68.2284 25
    endloop
  endfacet
  facet normal 0 0 -1
    outer loop
      vertex 13.6667 85.4944 25
      vertex 12 86 25
      vertex 13.5 85.5981 25
    endloop
  endfacet
  facet normal 0 0 -1
    outer loop
      vertex 12 68 25
      vertex 13.148 68.2284 25
      vertex 12.9643 68.1592 25
    endloop
  endfacet
  facet normal 0 0 -1
    outer loop
      vertex 13.5 85.5981 25
      vertex 12 86 25
      vertex 13.3269 85.6906 25
    endloop
  endfacet
  facet normal 0 0 -1
    outer loop
      vertex 12 68 25
      vertex 12.9643 68.1592 25
      vertex 12.7765 68.1022 25
    endloop
  endfacet
  facet normal 0 0 -1
    outer loop
      vertex 13.3269 85.6906 25
      vertex 12 86 25
      vertex 13.148 85.7716 25
    endloop
  endfacet
  facet normal 0 0 -1
    outer loop
      vertex 12 68 25
      vertex 12.7765 68.1022 25
      vertex 12.5853 68.0576 25
    endloop
  endfacet
  facet normal 0 0 -1
    outer loop
      vertex 13.148 85.7716 25
      vertex 12 86 25
      vertex 12.9643 85.8408 25
    endloop
  endfacet
  facet normal 0 0 -1
    outer loop
      vertex 12 68 25
      vertex 12.5853 68.0576 25
      vertex 12.3916 68.0257 25
    endloop
  endfacet
  facet normal 0 0 -1
    outer loop
      vertex 12.9643 85.8408 25
      vertex 12 86 25
      vertex 12.7765 85.8978 25
    endloop
  endfacet
  facet normal 0 0 -1
    outer loop
      vertex 12 68 25
      vertex 12.3916 68.0257 25
      vertex 12.1962 68.0064 25
    endloop
  endfacet
  facet normal 0 0 -1
    outer loop
      vertex 12.7765 85.8978 25
      vertex 12 86 25
      vertex 12.5853 85.9424 25
    endloop
  endfacet
  facet normal 0 0 -1
    outer loop
      vertex 12.5853 85.9424 25
      vertex 12 86 25
      vertex 12.3916 85.9743 25
    endloop
  endfacet
  facet normal 0 0 -1
    outer loop
      vertex 12.3916 85.9743 25
      vertex 12 86 25
      vertex 12.1962 85.9936 25
    endloop
  endfacet
  facet normal 0 0 -1
    outer loop
      vertex -1 71 25
      vertex 12 68 25
      vertex 2 68 25
    endloop
  endfacet
  facet normal 0 0 -1
    outer loop
      vertex 12 68 25
      vertex -1 71 25
      vertex 12 86 25
    endloop
  endfacet
  facet normal 0 0 -1
    outer loop
      vertex -1 71 25
      vertex 2 68 25
      vertex 1.80379 68.0064 25
    endloop
  endfacet
  facet normal 0 0 -1
    outer loop
      vertex -1 83 25
      vertex 12 86 25
      vertex -1 71 25
    endloop
  endfacet
  facet normal 0 0 -1
    outer loop
      vertex -1 71 25
      vertex 1.80379 68.0064 25
      vertex 1.60842 68.0257 25
    endloop
  endfacet
  facet normal -0 0 -1
    outer loop
      vertex 12 86 25
      vertex -1 83 25
      vertex 2 86 25
    endloop
  endfacet
  facet normal 0 0 -1
    outer loop
      vertex -1 71 25
      vertex 1.60842 68.0257 25
      vertex 1.41473 68.0576 25
    endloop
  endfacet
  facet normal 0 0 -1
    outer loop
      vertex 2 86 25
      vertex -1 83 25
      vertex 1.80379 85.9936 25
    endloop
  endfacet
  facet normal 0 0 -1
    outer loop
      vertex -1 71 25
      vertex 1.41473 68.0576 25
      vertex 1.22354 68.1022 25
    endloop
  endfacet
  facet normal 0 0 -1
    outer loop
      vertex 1.80379 85.9936 25
      vertex -1 83 25
      vertex 1.60842 85.9743 25
    endloop
  endfacet
  facet normal 0 0 -1
    outer loop
      vertex -1 71 25
      vertex 1.22354 68.1022 25
      vertex 1.03568 68.1592 25
    endloop
  endfacet
  facet normal 0 0 -1
    outer loop
      vertex 1.60842 85.9743 25
      vertex -1 83 25
      vertex 1.41473 85.9424 25
    endloop
  endfacet
  facet normal 0 0 -1
    outer loop
      vertex -1 71 25
      vertex 1.03568 68.1592 25
      vertex 0.85195 68.2284 25
    endloop
  endfacet
  facet normal 0 0 -1
    outer loop
      vertex 1.41473 85.9424 25
      vertex -1 83 25
      vertex 1.22354 85.8978 25
    endloop
  endfacet
  facet normal 0 0 -1
    outer loop
      vertex -1 71 25
      vertex 0.85195 68.2284 25
      vertex 0.673134 68.3094 25
    endloop
  endfacet
  facet normal 0 0 -1
    outer loop
      vertex 1.22354 85.8978 25
      vertex -1 83 25
      vertex 1.03568 85.8408 25
    endloop
  endfacet
  facet normal 0 0 -1
    outer loop
      vertex -1 71 25
      vertex 0.673134 68.3094 25
      vertex 0.5 68.4019 25
    endloop
  endfacet
  facet normal 0 0 -1
    outer loop
      vertex 1.03568 85.8408 25
      vertex -1 83 25
      vertex 0.85195 85.7716 25
    endloop
  endfacet
  facet normal 0 0 -1
    outer loop
      vertex -1 71 25
      vertex 0.5 68.4019 25
      vertex 0.333289 68.5056 25
    endloop
  endfacet
  facet normal 0 0 -1
    outer loop
      vertex 0.85195 85.7716 25
      vertex -1 83 25
      vertex 0.673134 85.6906 25
    endloop
  endfacet
  facet normal 0 0 -1
    outer loop
      vertex -1 71 25
      vertex 0.333289 68.5056 25
      vertex 0.173716 68.6199 25
    endloop
  endfacet
  facet normal 0 0 -1
    outer loop
      vertex 0.673134 85.6906 25
      vertex -1 83 25
      vertex 0.5 85.5981 25
    endloop
  endfacet
  facet normal 0 0 -1
    outer loop
      vertex -1 71 25
      vertex 0.173716 68.6199 25
      vertex 0.0219622 68.7445 25
    endloop
  endfacet
  facet normal 0 0 -1
    outer loop
      vertex 0.5 85.5981 25
      vertex -1 83 25
      vertex 0.333289 85.4944 25
    endloop
  endfacet
  facet normal 0 0 -1
    outer loop
      vertex -1 71 25
      vertex 0.0219622 68.7445 25
      vertex -0.121321 68.8787 25
    endloop
  endfacet
  facet normal 0 0 -1
    outer loop
      vertex 0.333289 85.4944 25
      vertex -1 83 25
      vertex 0.173716 85.3801 25
    endloop
  endfacet
  facet normal 0 0 -1
    outer loop
      vertex -1 71 25
      vertex -0.121321 68.8787 25
      vertex -0.25552 69.022 25
    endloop
  endfacet
  facet normal 0 0 -1
    outer loop
      vertex 0.173716 85.3801 25
      vertex -1 83 25
      vertex 0.0219622 85.2555 25
    endloop
  endfacet
  facet normal 0 0 -1
    outer loop
      vertex -1 71 25
      vertex -0.25552 69.022 25
      vertex -0.38006 69.1737 25
    endloop
  endfacet
  facet normal 0 0 -1
    outer loop
      vertex 0.0219622 85.2555 25
      vertex -1 83 25
      vertex -0.121321 85.1213 25
    endloop
  endfacet
  facet normal 0 0 -1
    outer loop
      vertex -1 71 25
      vertex -0.38006 69.1737 25
      vertex -0.49441 69.3333 25
    endloop
  endfacet
  facet normal 0 0 -1
    outer loop
      vertex -0.121321 85.1213 25
      vertex -1 83 25
      vertex -0.25552 84.978 25
    endloop
  endfacet
  facet normal 0 0 -1
    outer loop
      vertex -1 71 25
      vertex -0.49441 69.3333 25
      vertex -0.598077 69.5 25
    endloop
  endfacet
  facet normal 0 0 -1
    outer loop
      vertex -0.25552 84.978 25
      vertex -1 83 25
      vertex -0.38006 84.8263 25
    endloop
  endfacet
  facet normal 0 0 -1
    outer loop
      vertex -1 71 25
      vertex -0.598077 69.5 25
      vertex -0.690619 69.6731 25
    endloop
  endfacet
  facet normal 0 0 -1
    outer loop
      vertex -0.38006 84.8263 25
      vertex -1 83 25
      vertex -0.49441 84.6667 25
    endloop
  endfacet
  facet normal 0 0 -1
    outer loop
      vertex -1 71 25
      vertex -0.690619 69.6731 25
      vertex -0.771639 69.852 25
    endloop
  endfacet
  facet normal 0 0 -1
    outer loop
      vertex -0.49441 84.6667 25
      vertex -1 83 25
      vertex -0.598077 84.5 25
    endloop
  endfacet
  facet normal 0 0 -1
    outer loop
      vertex -1 71 25
      vertex -0.771639 69.852 25
      vertex -0.840791 70.0357 25
    endloop
  endfacet
  facet normal 0 0 -1
    outer loop
      vertex -0.598077 84.5 25
      vertex -1 83 25
      vertex -0.690619 84.3269 25
    endloop
  endfacet
  facet normal 0 0 -1
    outer loop
      vertex -1 71 25
      vertex -0.840791 70.0357 25
      vertex -0.897778 70.2235 25
    endloop
  endfacet
  facet normal 0 0 -1
    outer loop
      vertex -0.690619 84.3269 25
      vertex -1 83 25
      vertex -0.771639 84.148 25
    endloop
  endfacet
  facet normal 0 0 -1
    outer loop
      vertex -1 71 25
      vertex -0.897778 70.2235 25
      vertex -0.942356 70.4147 25
    endloop
  endfacet
  facet normal 0 0 -1
    outer loop
      vertex -0.771639 84.148 25
      vertex -1 83 25
      vertex -0.840791 83.9643 25
    endloop
  endfacet
  facet normal 0 0 -1
    outer loop
      vertex -1 71 25
      vertex -0.942356 70.4147 25
      vertex -0.974335 70.6084 25
    endloop
  endfacet
  facet normal 0 0 -1
    outer loop
      vertex -0.840791 83.9643 25
      vertex -1 83 25
      vertex -0.897778 83.7765 25
    endloop
  endfacet
  facet normal 0 0 -1
    outer loop
      vertex -1 71 25
      vertex -0.974335 70.6084 25
      vertex -0.993577 70.8038 25
    endloop
  endfacet
  facet normal 0 0 -1
    outer loop
      vertex -0.897778 83.7765 25
      vertex -1 83 25
      vertex -0.942356 83.5853 25
    endloop
  endfacet
  facet normal 0 0 -1
    outer loop
      vertex -0.942356 83.5853 25
      vertex -1 83 25
      vertex -0.974335 83.3916 25
    endloop
  endfacet
  facet normal 0 0 -1
    outer loop
      vertex -0.974335 83.3916 25
      vertex -1 83 25
      vertex -0.993577 83.1962 25
    endloop
  endfacet
  facet normal 0 0 1
    outer loop
      vertex 13.8263 85.3801 18
      vertex 14 85.2349 18
      vertex 13.978 85.2555 18
    endloop
  endfacet
  facet normal 0 0 1
    outer loop
      vertex 14 85.2349 18
      vertex 12 86 18
      vertex 14 68.7651 18
    endloop
  endfacet
  facet normal 0 0 1
    outer loop
      vertex 14 85.2349 18
      vertex 13.8263 85.3801 18
      vertex 12 86 18
    endloop
  endfacet
  facet normal 0 0 1
    outer loop
      vertex 12 68 18
      vertex 14 68.7651 18
      vertex 12 86 18
    endloop
  endfacet
  facet normal 0 0 1
    outer loop
      vertex 12 86 18
      vertex 13.8263 85.3801 18
      vertex 13.6667 85.4944 18
    endloop
  endfacet
  facet normal 0 -0 1
    outer loop
      vertex 13.8263 68.6199 18
      vertex 14 68.7651 18
      vertex 12 68 18
    endloop
  endfacet
  facet normal 0 0 1
    outer loop
      vertex 12 86 18
      vertex 13.6667 85.4944 18
      vertex 13.5 85.5981 18
    endloop
  endfacet
  facet normal 0 0 1
    outer loop
      vertex 14 68.7651 18
      vertex 13.8263 68.6199 18
      vertex 13.978 68.7445 18
    endloop
  endfacet
  facet normal 0 0 1
    outer loop
      vertex 12 86 18
      vertex 13.5 85.5981 18
      vertex 13.3269 85.6906 18
    endloop
  endfacet
  facet normal 0 0 1
    outer loop
      vertex 13.8263 68.6199 18
      vertex 12 68 18
      vertex 13.6667 68.5056 18
    endloop
  endfacet
  facet normal 0 0 1
    outer loop
      vertex 12 86 18
      vertex 13.3269 85.6906 18
      vertex 13.148 85.7716 18
    endloop
  endfacet
  facet normal 0 0 1
    outer loop
      vertex 13.6667 68.5056 18
      vertex 12 68 18
      vertex 13.5 68.4019 18
    endloop
  endfacet
  facet normal 0 0 1
    outer loop
      vertex 12 86 18
      vertex 13.148 85.7716 18
      vertex 12.9643 85.8408 18
    endloop
  endfacet
  facet normal 0 0 1
    outer loop
      vertex 13.5 68.4019 18
      vertex 12 68 18
      vertex 13.3269 68.3094 18
    endloop
  endfacet
  facet normal 0 0 1
    outer loop
      vertex 12 86 18
      vertex 12.9643 85.8408 18
      vertex 12.7765 85.8978 18
    endloop
  endfacet
  facet normal 0 0 1
    outer loop
      vertex 13.3269 68.3094 18
      vertex 12 68 18
      vertex 13.148 68.2284 18
    endloop
  endfacet
  facet normal 0 0 1
    outer loop
      vertex 12 86 18
      vertex 12.7765 85.8978 18
      vertex 12.5853 85.9424 18
    endloop
  endfacet
  facet normal 0 0 1
    outer loop
      vertex 13.148 68.2284 18
      vertex 12 68 18
      vertex 12.9643 68.1592 18
    endloop
  endfacet
  facet normal 0 0 1
    outer loop
      vertex 12 86 18
      vertex 12.5853 85.9424 18
      vertex 12.3916 85.9743 18
    endloop
  endfacet
  facet normal 0 0 1
    outer loop
      vertex 12.9643 68.1592 18
      vertex 12 68 18
      vertex 12.7765 68.1022 18
    endloop
  endfacet
  facet normal 0 0 1
    outer loop
      vertex 12 86 18
      vertex 12.3916 85.9743 18
      vertex 12.1962 85.9936 18
    endloop
  endfacet
  facet normal 0 0 1
    outer loop
      vertex 12.7765 68.1022 18
      vertex 12 68 18
      vertex 12.5853 68.0576 18
    endloop
  endfacet
  facet normal 0 0 1
    outer loop
      vertex 12.5853 68.0576 18
      vertex 12 68 18
      vertex 12.3916 68.0257 18
    endloop
  endfacet
  facet normal 0 0 1
    outer loop
      vertex 12.3916 68.0257 18
      vertex 12 68 18
      vertex 12.1962 68.0064 18
    endloop
  endfacet
  facet normal 0 0 1
    outer loop
      vertex -1 83 18
      vertex 12 86 18
      vertex 2 86 18
    endloop
  endfacet
  facet normal 0 0 1
    outer loop
      vertex 12 86 18
      vertex -1 83 18
      vertex 12 68 18
    endloop
  endfacet
  facet normal 0 0 1
    outer loop
      vertex -1 83 18
      vertex 2 86 18
      vertex 1.80379 85.9936 18
    endloop
  endfacet
  facet normal -0 0 1
    outer loop
      vertex -1 71 18
      vertex 12 68 18
      vertex -1 83 18
    endloop
  endfacet
  facet normal 0 0 1
    outer loop
      vertex -1 83 18
      vertex 1.80379 85.9936 18
      vertex 1.60842 85.9743 18
    endloop
  endfacet
  facet normal 0 0 1
    outer loop
      vertex 12 68 18
      vertex -1 71 18
      vertex 2 68 18
    endloop
  endfacet
  facet normal 0 0 1
    outer loop
      vertex -1 83 18
      vertex 1.60842 85.9743 18
      vertex 1.41473 85.9424 18
    endloop
  endfacet
  facet normal 0 0 1
    outer loop
      vertex 2 68 18
      vertex -1 71 18
      vertex 1.80379 68.0064 18
    endloop
  endfacet
  facet normal 0 0 1
    outer loop
      vertex -1 83 18
      vertex 1.41473 85.9424 18
      vertex 1.22354 85.8978 18
    endloop
  endfacet
  facet normal 0 0 1
    outer loop
      vertex 1.80379 68.0064 18
      vertex -1 71 18
      vertex 1.60842 68.0257 18
    endloop
  endfacet
  facet normal 0 0 1
    outer loop
      vertex -1 83 18
      vertex 1.22354 85.8978 18
      vertex 1.03568 85.8408 18
    endloop
  endfacet
  facet normal 0 0 1
    outer loop
      vertex 1.60842 68.0257 18
      vertex -1 71 18
      vertex 1.41473 68.0576 18
    endloop
  endfacet
  facet normal 0 0 1
    outer loop
      vertex -1 83 18
      vertex 1.03568 85.8408 18
      vertex 0.85195 85.7716 18
    endloop
  endfacet
  facet normal 0 0 1
    outer loop
      vertex 1.41473 68.0576 18
      vertex -1 71 18
      vertex 1.22354 68.1022 18
    endloop
  endfacet
  facet normal 0 0 1
    outer loop
      vertex -1 83 18
      vertex 0.85195 85.7716 18
      vertex 0.673134 85.6906 18
    endloop
  endfacet
  facet normal 0 0 1
    outer loop
      vertex 1.22354 68.1022 18
      vertex -1 71 18
      vertex 1.03568 68.1592 18
    endloop
  endfacet
  facet normal 0 0 1
    outer loop
      vertex -1 83 18
      vertex 0.673134 85.6906 18
      vertex 0.5 85.5981 18
    endloop
  endfacet
  facet normal 0 0 1
    outer loop
      vertex 1.03568 68.1592 18
      vertex -1 71 18
      vertex 0.85195 68.2284 18
    endloop
  endfacet
  facet normal 0 0 1
    outer loop
      vertex -1 83 18
      vertex 0.5 85.5981 18
      vertex 0.333289 85.4944 18
    endloop
  endfacet
  facet normal 0 0 1
    outer loop
      vertex 0.85195 68.2284 18
      vertex -1 71 18
      vertex 0.673134 68.3094 18
    endloop
  endfacet
  facet normal 0 0 1
    outer loop
      vertex -1 83 18
      vertex 0.333289 85.4944 18
      vertex 0.173716 85.3801 18
    endloop
  endfacet
  facet normal 0 0 1
    outer loop
      vertex 0.673134 68.3094 18
      vertex -1 71 18
      vertex 0.5 68.4019 18
    endloop
  endfacet
  facet normal 0 0 1
    outer loop
      vertex -1 83 18
      vertex 0.173716 85.3801 18
      vertex 0.0219622 85.2555 18
    endloop
  endfacet
  facet normal 0 0 1
    outer loop
      vertex 0.5 68.4019 18
      vertex -1 71 18
      vertex 0.333289 68.5056 18
    endloop
  endfacet
  facet normal 0 0 1
    outer loop
      vertex -1 83 18
      vertex 0.0219622 85.2555 18
      vertex -0.121321 85.1213 18
    endloop
  endfacet
  facet normal 0 0 1
    outer loop
      vertex 0.333289 68.5056 18
      vertex -1 71 18
      vertex 0.173716 68.6199 18
    endloop
  endfacet
  facet normal 0 0 1
    outer loop
      vertex -1 83 18
      vertex -0.121321 85.1213 18
      vertex -0.25552 84.978 18
    endloop
  endfacet
  facet normal 0 0 1
    outer loop
      vertex 0.173716 68.6199 18
      vertex -1 71 18
      vertex 0.0219622 68.7445 18
    endloop
  endfacet
  facet normal 0 0 1
    outer loop
      vertex -1 83 18
      vertex -0.25552 84.978 18
      vertex -0.38006 84.8263 18
    endloop
  endfacet
  facet normal 0 0 1
    outer loop
      vertex 0.0219622 68.7445 18
      vertex -1 71 18
      vertex -0.121321 68.8787 18
    endloop
  endfacet
  facet normal 0 0 1
    outer loop
      vertex -1 83 18
      vertex -0.38006 84.8263 18
      vertex -0.49441 84.6667 18
    endloop
  endfacet
  facet normal 0 0 1
    outer loop
      vertex -0.121321 68.8787 18
      vertex -1 71 18
      vertex -0.25552 69.022 18
    endloop
  endfacet
  facet normal 0 0 1
    outer loop
      vertex -1 83 18
      vertex -0.49441 84.6667 18
      vertex -0.598077 84.5 18
    endloop
  endfacet
  facet normal 0 0 1
    outer loop
      vertex -0.25552 69.022 18
      vertex -1 71 18
      vertex -0.38006 69.1737 18
    endloop
  endfacet
  facet normal 0 0 1
    outer loop
      vertex -1 83 18
      vertex -0.598077 84.5 18
      vertex -0.690619 84.3269 18
    endloop
  endfacet
  facet normal 0 0 1
    outer loop
      vertex -0.38006 69.1737 18
      vertex -1 71 18
      vertex -0.49441 69.3333 18
    endloop
  endfacet
  facet normal 0 0 1
    outer loop
      vertex -1 83 18
      vertex -0.690619 84.3269 18
      vertex -0.771639 84.148 18
    endloop
  endfacet
  facet normal 0 0 1
    outer loop
      vertex -0.49441 69.3333 18
      vertex -1 71 18
      vertex -0.598077 69.5 18
    endloop
  endfacet
  facet normal 0 0 1
    outer loop
      vertex -1 83 18
      vertex -0.771639 84.148 18
      vertex -0.840791 83.9643 18
    endloop
  endfacet
  facet normal 0 0 1
    outer loop
      vertex -0.598077 69.5 18
      vertex -1 71 18
      vertex -0.690619 69.6731 18
    endloop
  endfacet
  facet normal 0 0 1
    outer loop
      vertex -1 83 18
      vertex -0.840791 83.9643 18
      vertex -0.897778 83.7765 18
    endloop
  endfacet
  facet normal 0 0 1
    outer loop
      vertex -0.690619 69.6731 18
      vertex -1 71 18
      vertex -0.771639 69.852 18
    endloop
  endfacet
  facet normal 0 0 1
    outer loop
      vertex -1 83 18
      vertex -0.897778 83.7765 18
      vertex -0.942356 83.5853 18
    endloop
  endfacet
  facet normal 0 0 1
    outer loop
      vertex -0.771639 69.852 18
      vertex -1 71 18
      vertex -0.840791 70.0357 18
    endloop
  endfacet
  facet normal 0 0 1
    outer loop
      vertex -1 83 18
      vertex -0.942356 83.5853 18
      vertex -0.974335 83.3916 18
    endloop
  endfacet
  facet normal 0 0 1
    outer loop
      vertex -0.840791 70.0357 18
      vertex -1 71 18
      vertex -0.897778 70.2235 18
    endloop
  endfacet
  facet normal 0 0 1
    outer loop
      vertex -1 83 18
      vertex -0.974335 83.3916 18
      vertex -0.993577 83.1962 18
    endloop
  endfacet
  facet normal 0 0 1
    outer loop
      vertex -0.897778 70.2235 18
      vertex -1 71 18
      vertex -0.942356 70.4147 18
    endloop
  endfacet
  facet normal 0 0 1
    outer loop
      vertex -0.942356 70.4147 18
      vertex -1 71 18
      vertex -0.974335 70.6084 18
    endloop
  endfacet
  facet normal 0 0 1
    outer loop
      vertex -0.974335 70.6084 18
      vertex -1 71 18
      vertex -0.993577 70.8038 18
    endloop
  endfacet
  facet normal 0.0983084 0.995156 -0
    outer loop
      vertex 1.80379 68.0064 18
      vertex 1.60842 68.0257 25
      vertex 1.80379 68.0064 25
    endloop
  endfacet
  facet normal 0.0983084 0.995156 0
    outer loop
      vertex 1.60842 68.0257 25
      vertex 1.80379 68.0064 18
      vertex 1.60842 68.0257 18
    endloop
  endfacet
  facet normal -0.0982934 0.995157 0
    outer loop
      vertex 12.3916 98.0257 18
      vertex 12.1962 98.0064 25
      vertex 12.3916 98.0257 25
    endloop
  endfacet
  facet normal -0.0982934 0.995157 0
    outer loop
      vertex 12.1962 98.0064 25
      vertex 12.3916 98.0257 18
      vertex 12.1962 98.0064 18
    endloop
  endfacet
  facet normal 0.936075 0.351801 -1.52801e-19
    outer loop
      vertex -0.771639 99.852 25
      vertex -0.840791 100.036 18
      vertex -0.840791 100.036 25
    endloop
  endfacet
  facet normal 0.936075 0.351801 -1.52801e-19
    outer loop
      vertex -0.840791 100.036 18
      vertex -0.771639 99.852 25
      vertex -0.771639 99.852 18
    endloop
  endfacet
  facet normal 0 -1 0
    outer loop
      vertex 2 116 18
      vertex 12 116 25
      vertex 2 116 25
    endloop
  endfacet
  facet normal 0 -1 -0
    outer loop
      vertex 12 116 25
      vertex 2 116 18
      vertex 12 116 18
    endloop
  endfacet
  facet normal 0.582315 0.812963 -0
    outer loop
      vertex 0.333289 98.5056 18
      vertex 0.173716 98.6199 25
      vertex 0.333289 98.5056 25
    endloop
  endfacet
  facet normal 0.582315 0.812963 0
    outer loop
      vertex 0.173716 98.6199 25
      vertex 0.333289 98.5056 18
      vertex 0.173716 98.6199 18
    endloop
  endfacet
  facet normal 0.812889 0.582418 -1.0576e-18
    outer loop
      vertex -0.38006 99.1737 25
      vertex -0.49441 99.3333 18
      vertex -0.49441 99.3333 25
    endloop
  endfacet
  facet normal 0.812889 0.582418 -1.0576e-18
    outer loop
      vertex -0.49441 99.3333 18
      vertex -0.38006 99.1737 25
      vertex -0.38006 99.1737 18
    endloop
  endfacet
  facet normal 0 1 -0
    outer loop
      vertex 12 98 18
      vertex 2 98 25
      vertex 12 98 25
    endloop
  endfacet
  facet normal 0 1 0
    outer loop
      vertex 2 98 25
      vertex 12 98 18
      vertex 2 98 18
    endloop
  endfacet
  facet normal 0.224275 -0.974526 0
    outer loop
      vertex 1.22354 115.898 18
      vertex 1.41473 115.942 25
      vertex 1.22354 115.898 25
    endloop
  endfacet
  facet normal 0.224275 -0.974526 0
    outer loop
      vertex 1.41473 115.942 25
      vertex 1.22354 115.898 18
      vertex 1.41473 115.942 18
    endloop
  endfacet
  facet normal 0.995216 -0.0977038 4.9343e-20
    outer loop
      vertex -0.993577 113.196 25
      vertex -0.974335 113.392 18
      vertex -0.974335 113.392 25
    endloop
  endfacet
  facet normal 0.995216 -0.0977038 4.9343e-20
    outer loop
      vertex -0.974335 113.392 18
      vertex -0.993577 113.196 25
      vertex -0.993577 113.196 18
    endloop
  endfacet
  facet normal 0.936075 -0.351801 1.52801e-19
    outer loop
      vertex -0.840791 113.964 25
      vertex -0.771639 114.148 18
      vertex -0.771639 114.148 25
    endloop
  endfacet
  facet normal 0.936075 -0.351801 1.52801e-19
    outer loop
      vertex -0.771639 114.148 18
      vertex -0.840791 113.964 25
      vertex -0.840791 113.964 18
    endloop
  endfacet
  facet normal -0.290432 0.956896 0
    outer loop
      vertex 12.9643 98.1592 18
      vertex 12.7765 98.1022 25
      vertex 12.9643 98.1592 25
    endloop
  endfacet
  facet normal -0.290432 0.956896 0
    outer loop
      vertex 12.7765 98.1022 25
      vertex 12.9643 98.1592 18
      vertex 12.7765 98.1022 18
    endloop
  endfacet
  facet normal -0.529313 -0.848427 0
    outer loop
      vertex 13.5 115.598 18
      vertex 13.6667 115.494 25
      vertex 13.5 115.598 25
    endloop
  endfacet
  facet normal -0.529313 -0.848427 -0
    outer loop
      vertex 13.6667 115.494 25
      vertex 13.5 115.598 18
      vertex 13.6667 115.494 18
    endloop
  endfacet
  facet normal 0.683594 0.729862 -0
    outer loop
      vertex 0.0219622 98.7445 18
      vertex -0.121321 98.8787 25
      vertex 0.0219622 98.7445 25
    endloop
  endfacet
  facet normal 0.683594 0.729862 0
    outer loop
      vertex -0.121321 98.8787 25
      vertex 0.0219622 98.7445 18
      vertex -0.121321 98.8787 18
    endloop
  endfacet
  facet normal 0.973828 0.227284 -4.14691e-19
    outer loop
      vertex -0.897778 100.224 25
      vertex -0.942356 100.415 18
      vertex -0.942356 100.415 25
    endloop
  endfacet
  facet normal 0.973828 0.227284 -4.14691e-19
    outer loop
      vertex -0.942356 100.415 18
      vertex -0.897778 100.224 25
      vertex -0.897778 100.224 18
    endloop
  endfacet
  facet normal 0.986549 0.163466 -1.32073e-19
    outer loop
      vertex -0.942356 100.415 25
      vertex -0.974335 100.608 18
      vertex -0.974335 100.608 25
    endloop
  endfacet
  facet normal 0.986549 0.163466 -1.32073e-19
    outer loop
      vertex -0.974335 100.608 18
      vertex -0.942356 100.415 25
      vertex -0.942356 100.415 18
    endloop
  endfacet
  facet normal -0.227165 0.973856 0
    outer loop
      vertex 12.7765 98.1022 18
      vertex 12.5853 98.0576 25
      vertex 12.7765 98.1022 25
    endloop
  endfacet
  facet normal -0.227165 0.973856 0
    outer loop
      vertex 12.5853 98.0576 25
      vertex 12.7765 98.1022 18
      vertex 12.5853 98.0576 18
    endloop
  endfacet
  facet normal 0.910938 0.412544 4.60502e-19
    outer loop
      vertex -0.690619 99.6731 25
      vertex -0.771639 99.852 18
      vertex -0.771639 99.852 25
    endloop
  endfacet
  facet normal 0.910938 0.412544 4.60502e-19
    outer loop
      vertex -0.771639 99.852 18
      vertex -0.690619 99.6731 25
      vertex -0.690619 99.6731 18
    endloop
  endfacet
  facet normal 0.0305652 -0.999533 0
    outer loop
      vertex 1.80379 115.994 18
      vertex 2 116 25
      vertex 1.80379 115.994 25
    endloop
  endfacet
  facet normal 0.0305652 -0.999533 0
    outer loop
      vertex 2 116 25
      vertex 1.80379 115.994 18
      vertex 2 116 18
    endloop
  endfacet
  facet normal -0.41246 -0.910976 0
    outer loop
      vertex 13.148 115.772 18
      vertex 13.3269 115.691 25
      vertex 13.148 115.772 25
    endloop
  endfacet
  facet normal -0.41246 -0.910976 -0
    outer loop
      vertex 13.3269 115.691 25
      vertex 13.148 115.772 18
      vertex 13.3269 115.691 18
    endloop
  endfacet
  facet normal -0.351626 -0.936141 0
    outer loop
      vertex 12.9643 115.841 18
      vertex 13.148 115.772 25
      vertex 12.9643 115.841 25
    endloop
  endfacet
  facet normal -0.351626 -0.936141 -0
    outer loop
      vertex 13.148 115.772 25
      vertex 12.9643 115.841 18
      vertex 13.148 115.772 18
    endloop
  endfacet
  facet normal 0.0326008 0.999468 -0
    outer loop
      vertex 2 98 18
      vertex 1.80379 98.0064 25
      vertex 2 98 25
    endloop
  endfacet
  facet normal 0.0326008 0.999468 0
    outer loop
      vertex 1.80379 98.0064 25
      vertex 2 98 18
      vertex 1.80379 98.0064 18
    endloop
  endfacet
  facet normal -0.0326024 0.999468 0
    outer loop
      vertex 12.1962 98.0064 18
      vertex 12 98 25
      vertex 12.1962 98.0064 25
    endloop
  endfacet
  facet normal -0.0326024 0.999468 0
    outer loop
      vertex 12 98 25
      vertex 12.1962 98.0064 18
      vertex 12 98 18
    endloop
  endfacet
  facet normal 0.290347 -0.956922 0
    outer loop
      vertex 1.03568 115.841 18
      vertex 1.22354 115.898 25
      vertex 1.03568 115.841 25
    endloop
  endfacet
  facet normal 0.290347 -0.956922 0
    outer loop
      vertex 1.22354 115.898 25
      vertex 1.03568 115.841 18
      vertex 1.22354 115.898 18
    endloop
  endfacet
  facet normal 0.973828 -0.227284 4.14691e-19
    outer loop
      vertex -0.942356 113.585 25
      vertex -0.897778 113.776 18
      vertex -0.897778 113.776 25
    endloop
  endfacet
  facet normal 0.973828 -0.227284 4.14691e-19
    outer loop
      vertex -0.897778 113.776 18
      vertex -0.942356 113.585 25
      vertex -0.942356 113.585 18
    endloop
  endfacet
  facet normal 0.528187 0.849128 -0
    outer loop
      vertex 0.5 98.4019 18
      vertex 0.333289 98.5056 25
      vertex 0.5 98.4019 25
    endloop
  endfacet
  facet normal 0.528187 0.849128 0
    outer loop
      vertex 0.333289 98.5056 25
      vertex 0.5 98.4019 18
      vertex 0.333289 98.5056 18
    endloop
  endfacet
  facet normal 0.101838 -0.994801 0
    outer loop
      vertex 1.60842 115.974 18
      vertex 1.80379 115.994 25
      vertex 1.60842 115.974 25
    endloop
  endfacet
  facet normal 0.101838 -0.994801 0
    outer loop
      vertex 1.80379 115.994 25
      vertex 1.60842 115.974 18
      vertex 1.80379 115.994 18
    endloop
  endfacet
  facet normal 0.957 -0.290088 3.62058e-20
    outer loop
      vertex -0.897778 113.776 25
      vertex -0.840791 113.964 18
      vertex -0.840791 113.964 25
    endloop
  endfacet
  facet normal 0.957 -0.290088 3.62058e-20
    outer loop
      vertex -0.840791 113.964 18
      vertex -0.897778 113.776 25
      vertex -0.897778 113.776 18
    endloop
  endfacet
  facet normal 0.911024 -0.412353 1.90212e-20
    outer loop
      vertex -0.771639 114.148 25
      vertex -0.690619 114.327 18
      vertex -0.690619 114.327 25
    endloop
  endfacet
  facet normal 0.911024 -0.412353 1.90212e-20
    outer loop
      vertex -0.690619 114.327 18
      vertex -0.771639 114.148 25
      vertex -0.771639 114.148 18
    endloop
  endfacet
  facet normal 0.995216 0.0977038 -4.9343e-20
    outer loop
      vertex -0.974335 100.608 25
      vertex -0.993577 100.804 18
      vertex -0.993577 100.804 25
    endloop
  endfacet
  facet normal 0.995216 0.0977038 -4.9343e-20
    outer loop
      vertex -0.993577 100.804 18
      vertex -0.974335 100.608 25
      vertex -0.974335 100.608 18
    endloop
  endfacet
  facet normal -0.690476 -0.723356 0
    outer loop
      vertex 13.978 115.256 18
      vertex 14 115.235 25
      vertex 13.978 115.256 25
    endloop
  endfacet
  facet normal -0.690476 -0.723356 -0
    outer loop
      vertex 14 115.235 25
      vertex 13.978 115.256 18
      vertex 14 115.235 18
    endloop
  endfacet
  facet normal 0.986549 -0.163466 1.32073e-19
    outer loop
      vertex -0.974335 113.392 25
      vertex -0.942356 113.585 18
      vertex -0.942356 113.585 25
    endloop
  endfacet
  facet normal 0.986549 -0.163466 1.32073e-19
    outer loop
      vertex -0.942356 113.585 18
      vertex -0.974335 113.392 25
      vertex -0.974335 113.392 18
    endloop
  endfacet
  facet normal 0.729905 0.683549 2.67316e-19
    outer loop
      vertex -0.121321 98.8787 25
      vertex -0.25552 99.022 18
      vertex -0.25552 99.022 25
    endloop
  endfacet
  facet normal 0.729905 0.683549 2.67316e-19
    outer loop
      vertex -0.25552 99.022 18
      vertex -0.121321 98.8787 25
      vertex -0.121321 98.8787 18
    endloop
  endfacet
  facet normal -0.162499 0.986709 0
    outer loop
      vertex 12.5853 98.0576 18
      vertex 12.3916 98.0257 25
      vertex 12.5853 98.0576 25
    endloop
  endfacet
  facet normal -0.162499 0.986709 0
    outer loop
      vertex 12.3916 98.0257 25
      vertex 12.5853 98.0576 18
      vertex 12.3916 98.0257 18
    endloop
  endfacet
  facet normal -0.58225 0.81301 0
    outer loop
      vertex 13.8263 98.6199 18
      vertex 13.6667 98.5056 25
      vertex 13.8263 98.6199 25
    endloop
  endfacet
  facet normal -0.58225 0.81301 0
    outer loop
      vertex 13.6667 98.5056 25
      vertex 13.8263 98.6199 18
      vertex 13.6667 98.5056 18
    endloop
  endfacet
  facet normal 0.88177 -0.47168 -7.71356e-19
    outer loop
      vertex -0.690619 114.327 25
      vertex -0.598077 114.5 18
      vertex -0.598077 114.5 25
    endloop
  endfacet
  facet normal 0.88177 -0.47168 -7.71356e-19
    outer loop
      vertex -0.598077 114.5 18
      vertex -0.690619 114.327 25
      vertex -0.690619 114.327 18
    endloop
  endfacet
  facet normal 0.881883 0.471469 -1.04138e-18
    outer loop
      vertex -0.598077 99.5 25
      vertex -0.690619 99.6731 18
      vertex -0.690619 99.6731 25
    endloop
  endfacet
  facet normal 0.881883 0.471469 -1.04138e-18
    outer loop
      vertex -0.690619 99.6731 18
      vertex -0.598077 99.5 25
      vertex -0.598077 99.5 18
    endloop
  endfacet
  facet normal 0.999463 0.0327528 -2.16356e-20
    outer loop
      vertex -0.993577 100.804 25
      vertex -1 101 18
      vertex -1 101 25
    endloop
  endfacet
  facet normal 0.999463 0.0327528 -2.16356e-20
    outer loop
      vertex -1 101 18
      vertex -0.993577 100.804 25
      vertex -0.993577 100.804 18
    endloop
  endfacet
  facet normal -0.471302 0.881972 0
    outer loop
      vertex 13.5 98.4019 18
      vertex 13.3269 98.3094 25
      vertex 13.5 98.4019 25
    endloop
  endfacet
  facet normal -0.471302 0.881972 0
    outer loop
      vertex 13.3269 98.3094 25
      vertex 13.5 98.4019 18
      vertex 13.3269 98.3094 18
    endloop
  endfacet
  facet normal -0.352519 0.935805 0
    outer loop
      vertex 13.148 98.2284 18
      vertex 12.9643 98.1592 25
      vertex 13.148 98.2284 25
    endloop
  endfacet
  facet normal -0.352519 0.935805 0
    outer loop
      vertex 12.9643 98.1592 25
      vertex 13.148 98.2284 18
      vertex 12.9643 98.1592 18
    endloop
  endfacet
  facet normal -0.47328 -0.880912 0
    outer loop
      vertex 13.3269 115.691 18
      vertex 13.5 115.598 25
      vertex 13.3269 115.691 25
    endloop
  endfacet
  facet normal -0.47328 -0.880912 -0
    outer loop
      vertex 13.5 115.598 25
      vertex 13.3269 115.691 18
      vertex 13.5 115.598 18
    endloop
  endfacet
  facet normal 0.999463 -0.0327528 2.16356e-20
    outer loop
      vertex -1 113 25
      vertex -0.993577 113.196 18
      vertex -0.993577 113.196 25
    endloop
  endfacet
  facet normal 0.999463 -0.0327528 2.16356e-20
    outer loop
      vertex -0.993577 113.196 18
      vertex -1 113 25
      vertex -1 113 18
    endloop
  endfacet
  facet normal -0.634707 0.772753 0
    outer loop
      vertex 13.978 98.7445 18
      vertex 13.8263 98.6199 25
      vertex 13.978 98.7445 25
    endloop
  endfacet
  facet normal -0.634707 0.772753 0
    outer loop
      vertex 13.8263 98.6199 25
      vertex 13.978 98.7445 18
      vertex 13.8263 98.6199 18
    endloop
  endfacet
  facet normal 0.163003 -0.986626 0
    outer loop
      vertex 1.41473 115.942 18
      vertex 1.60842 115.974 25
      vertex 1.41473 115.942 25
    endloop
  endfacet
  facet normal 0.163003 -0.986626 0
    outer loop
      vertex 1.60842 115.974 25
      vertex 1.41473 115.942 18
      vertex 1.60842 115.974 18
    endloop
  endfacet
  facet normal -0.632876 -0.774253 0
    outer loop
      vertex 13.8263 115.38 18
      vertex 13.978 115.256 25
      vertex 13.8263 115.38 25
    endloop
  endfacet
  facet normal -0.632876 -0.774253 -0
    outer loop
      vertex 13.978 115.256 25
      vertex 13.8263 115.38 18
      vertex 13.978 115.256 18
    endloop
  endfacet
  facet normal -0.581238 -0.813733 0
    outer loop
      vertex 13.6667 115.494 18
      vertex 13.8263 115.38 25
      vertex 13.6667 115.494 25
    endloop
  endfacet
  facet normal -0.581238 -0.813733 -0
    outer loop
      vertex 13.8263 115.38 25
      vertex 13.6667 115.494 18
      vertex 13.8263 115.38 18
    endloop
  endfacet
  facet normal -0.290432 -0.956896 0
    outer loop
      vertex 12.7765 115.898 18
      vertex 12.9643 115.841 25
      vertex 12.7765 115.898 25
    endloop
  endfacet
  facet normal -0.290432 -0.956896 -0
    outer loop
      vertex 12.9643 115.841 25
      vertex 12.7765 115.898 18
      vertex 12.9643 115.841 18
    endloop
  endfacet
  facet normal 0.685756 -0.727832 0
    outer loop
      vertex -0.121321 115.121 18
      vertex 0.0219622 115.256 25
      vertex -0.121321 115.121 25
    endloop
  endfacet
  facet normal 0.685756 -0.727832 0
    outer loop
      vertex 0.0219622 115.256 25
      vertex -0.121321 115.121 18
      vertex 0.0219622 115.256 18
    endloop
  endfacet
  facet normal -0.528212 0.849112 0
    outer loop
      vertex 13.6667 98.5056 18
      vertex 13.5 98.4019 25
      vertex 13.6667 98.5056 25
    endloop
  endfacet
  facet normal -0.528212 0.849112 0
    outer loop
      vertex 13.5 98.4019 25
      vertex 13.6667 98.5056 18
      vertex 13.5 98.4019 18
    endloop
  endfacet
  facet normal 0.290347 0.956922 -0
    outer loop
      vertex 1.22354 98.1022 18
      vertex 1.03568 98.1592 25
      vertex 1.22354 98.1022 25
    endloop
  endfacet
  facet normal 0.290347 0.956922 0
    outer loop
      vertex 1.03568 98.1592 25
      vertex 1.22354 98.1022 18
      vertex 1.03568 98.1592 18
    endloop
  endfacet
  facet normal 0.632742 -0.774363 0
    outer loop
      vertex 0.0219622 115.256 18
      vertex 0.173716 115.38 25
      vertex 0.0219622 115.256 25
    endloop
  endfacet
  facet normal 0.632742 -0.774363 0
    outer loop
      vertex 0.173716 115.38 25
      vertex 0.0219622 115.256 18
      vertex 0.173716 115.38 18
    endloop
  endfacet
  facet normal -0.224264 -0.974528 0
    outer loop
      vertex 12.5853 115.942 18
      vertex 12.7765 115.898 25
      vertex 12.5853 115.942 25
    endloop
  endfacet
  facet normal -0.224264 -0.974528 -0
    outer loop
      vertex 12.7765 115.898 25
      vertex 12.5853 115.942 18
      vertex 12.7765 115.898 18
    endloop
  endfacet
  facet normal 0.773517 -0.633775 1.21154e-18
    outer loop
      vertex -0.38006 114.826 25
      vertex -0.25552 114.978 18
      vertex -0.25552 114.978 25
    endloop
  endfacet
  facet normal 0.773517 -0.633775 1.21154e-18
    outer loop
      vertex -0.25552 114.978 18
      vertex -0.38006 114.826 25
      vertex -0.38006 114.826 18
    endloop
  endfacet
  facet normal 0.352468 0.935824 -0
    outer loop
      vertex 1.03568 98.1592 18
      vertex 0.85195 98.2284 25
      vertex 1.03568 98.1592 25
    endloop
  endfacet
  facet normal 0.352468 0.935824 0
    outer loop
      vertex 0.85195 98.2284 25
      vertex 1.03568 98.1592 18
      vertex 0.85195 98.2284 18
    endloop
  endfacet
  facet normal 0.529287 -0.848443 0
    outer loop
      vertex 0.333289 115.494 18
      vertex 0.5 115.598 25
      vertex 0.333289 115.494 25
    endloop
  endfacet
  facet normal 0.529287 -0.848443 0
    outer loop
      vertex 0.5 115.598 25
      vertex 0.333289 115.494 18
      vertex 0.5 115.598 18
    endloop
  endfacet
  facet normal 0.473208 -0.880951 0
    outer loop
      vertex 0.5 115.598 18
      vertex 0.673134 115.691 25
      vertex 0.5 115.598 25
    endloop
  endfacet
  facet normal 0.473208 -0.880951 0
    outer loop
      vertex 0.673134 115.691 25
      vertex 0.5 115.598 18
      vertex 0.673134 115.691 18
    endloop
  endfacet
  facet normal -0.41246 0.910976 0
    outer loop
      vertex 13.3269 98.3094 18
      vertex 13.148 98.2284 25
      vertex 13.3269 98.3094 25
    endloop
  endfacet
  facet normal -0.41246 0.910976 0
    outer loop
      vertex 13.148 98.2284 25
      vertex 13.3269 98.3094 18
      vertex 13.148 98.2284 18
    endloop
  endfacet
  facet normal 0.957 0.290088 -3.62058e-20
    outer loop
      vertex -0.840791 100.036 25
      vertex -0.897778 100.224 18
      vertex -0.897778 100.224 25
    endloop
  endfacet
  facet normal 0.957 0.290088 -3.62058e-20
    outer loop
      vertex -0.897778 100.224 18
      vertex -0.840791 100.036 25
      vertex -0.840791 100.036 18
    endloop
  endfacet
  facet normal 0.41262 0.910903 -0
    outer loop
      vertex 0.85195 98.2284 18
      vertex 0.673134 98.3094 25
      vertex 0.85195 98.2284 25
    endloop
  endfacet
  facet normal 0.41262 0.910903 0
    outer loop
      vertex 0.673134 98.3094 25
      vertex 0.85195 98.2284 18
      vertex 0.673134 98.3094 18
    endloop
  endfacet
  facet normal 0.849188 0.528091 -6.39681e-19
    outer loop
      vertex -0.49441 99.3333 25
      vertex -0.598077 99.5 18
      vertex -0.598077 99.5 25
    endloop
  endfacet
  facet normal 0.849188 0.528091 -6.39681e-19
    outer loop
      vertex -0.598077 99.5 18
      vertex -0.49441 99.3333 25
      vertex -0.49441 99.3333 18
    endloop
  endfacet
  facet normal 0.47123 0.88201 -0
    outer loop
      vertex 0.673134 98.3094 18
      vertex 0.5 98.4019 25
      vertex 0.673134 98.3094 25
    endloop
  endfacet
  facet normal 0.47123 0.88201 0
    outer loop
      vertex 0.5 98.4019 25
      vertex 0.673134 98.3094 18
      vertex 0.5 98.4019 18
    endloop
  endfacet
  facet normal 0.634572 0.772863 -0
    outer loop
      vertex 0.173716 98.6199 18
      vertex 0.0219622 98.7445 25
      vertex 0.173716 98.6199 25
    endloop
  endfacet
  facet normal 0.634572 0.772863 0
    outer loop
      vertex 0.0219622 98.7445 25
      vertex 0.173716 98.6199 18
      vertex 0.0219622 98.7445 18
    endloop
  endfacet
  facet normal 0.41262 -0.910903 0
    outer loop
      vertex 0.673134 115.691 18
      vertex 0.85195 115.772 25
      vertex 0.673134 115.691 25
    endloop
  endfacet
  facet normal 0.41262 -0.910903 0
    outer loop
      vertex 0.85195 115.772 25
      vertex 0.673134 115.691 18
      vertex 0.85195 115.772 18
    endloop
  endfacet
  facet normal -0.101822 -0.994803 0
    outer loop
      vertex 12.1962 115.994 18
      vertex 12.3916 115.974 25
      vertex 12.1962 115.994 25
    endloop
  endfacet
  facet normal -0.101822 -0.994803 -0
    outer loop
      vertex 12.3916 115.974 25
      vertex 12.1962 115.994 18
      vertex 12.3916 115.974 18
    endloop
  endfacet
  facet normal 0.72919 -0.684311 -9.89216e-19
    outer loop
      vertex -0.25552 114.978 25
      vertex -0.121321 115.121 18
      vertex -0.121321 115.121 25
    endloop
  endfacet
  facet normal 0.72919 -0.684311 -9.89216e-19
    outer loop
      vertex -0.121321 115.121 18
      vertex -0.25552 114.978 25
      vertex -0.25552 114.978 18
    endloop
  endfacet
  facet normal -0.6835 0.729951 0
    outer loop
      vertex 14 98.7651 18
      vertex 13.978 98.7445 25
      vertex 14 98.7651 25
    endloop
  endfacet
  facet normal -0.6835 0.729951 0
    outer loop
      vertex 13.978 98.7445 25
      vertex 14 98.7651 18
      vertex 13.978 98.7445 18
    endloop
  endfacet
  facet normal -0.0305668 -0.999533 0
    outer loop
      vertex 12 116 18
      vertex 12.1962 115.994 25
      vertex 12 116 25
    endloop
  endfacet
  facet normal -0.0305668 -0.999533 -0
    outer loop
      vertex 12.1962 115.994 25
      vertex 12 116 18
      vertex 12.1962 115.994 18
    endloop
  endfacet
  facet normal 0.162507 0.986707 -0
    outer loop
      vertex 1.60842 98.0257 18
      vertex 1.41473 98.0576 25
      vertex 1.60842 98.0257 25
    endloop
  endfacet
  facet normal 0.162507 0.986707 0
    outer loop
      vertex 1.41473 98.0576 25
      vertex 1.60842 98.0257 18
      vertex 1.41473 98.0576 18
    endloop
  endfacet
  facet normal 0.351576 -0.936159 0
    outer loop
      vertex 0.85195 115.772 18
      vertex 1.03568 115.841 25
      vertex 0.85195 115.772 25
    endloop
  endfacet
  facet normal 0.351576 -0.936159 0
    outer loop
      vertex 1.03568 115.841 25
      vertex 0.85195 115.772 18
      vertex 1.03568 115.841 18
    endloop
  endfacet
  facet normal -0.162995 -0.986627 0
    outer loop
      vertex 12.3916 115.974 18
      vertex 12.5853 115.942 25
      vertex 12.3916 115.974 25
    endloop
  endfacet
  facet normal -0.162995 -0.986627 -0
    outer loop
      vertex 12.5853 115.942 25
      vertex 12.3916 115.974 18
      vertex 12.5853 115.942 18
    endloop
  endfacet
  facet normal 0.227176 0.973854 -0
    outer loop
      vertex 1.41473 98.0576 18
      vertex 1.22354 98.1022 25
      vertex 1.41473 98.0576 25
    endloop
  endfacet
  facet normal 0.227176 0.973854 0
    outer loop
      vertex 1.22354 98.1022 25
      vertex 1.41473 98.0576 18
      vertex 1.22354 98.1022 18
    endloop
  endfacet
  facet normal 0.811849 -0.583867 9.47753e-19
    outer loop
      vertex -0.49441 114.667 25
      vertex -0.38006 114.826 18
      vertex -0.38006 114.826 25
    endloop
  endfacet
  facet normal 0.811849 -0.583867 9.47753e-19
    outer loop
      vertex -0.38006 114.826 18
      vertex -0.49441 114.667 25
      vertex -0.49441 114.667 18
    endloop
  endfacet
  facet normal 0.849613 -0.527406 1.3476e-19
    outer loop
      vertex -0.598077 114.5 25
      vertex -0.49441 114.667 18
      vertex -0.49441 114.667 25
    endloop
  endfacet
  facet normal 0.849613 -0.527406 1.3476e-19
    outer loop
      vertex -0.49441 114.667 18
      vertex -0.598077 114.5 25
      vertex -0.598077 114.5 18
    endloop
  endfacet
  facet normal 0.581303 -0.813687 0
    outer loop
      vertex 0.173716 115.38 18
      vertex 0.333289 115.494 25
      vertex 0.173716 115.38 25
    endloop
  endfacet
  facet normal 0.581303 -0.813687 0
    outer loop
      vertex 0.333289 115.494 25
      vertex 0.173716 115.38 18
      vertex 0.333289 115.494 18
    endloop
  endfacet
  facet normal 0.772903 0.634524 6.60703e-19
    outer loop
      vertex -0.25552 99.022 25
      vertex -0.38006 99.1737 18
      vertex -0.38006 99.1737 25
    endloop
  endfacet
  facet normal 0.772903 0.634524 6.60703e-19
    outer loop
      vertex -0.38006 99.1737 18
      vertex -0.25552 99.022 25
      vertex -0.25552 99.022 18
    endloop
  endfacet
  facet normal 0 0 -1
    outer loop
      vertex 13.8263 98.6199 25
      vertex 14 98.7651 25
      vertex 13.978 98.7445 25
    endloop
  endfacet
  facet normal -0 0 -1
    outer loop
      vertex 14 98.7651 25
      vertex 12 98 25
      vertex 14 115.235 25
    endloop
  endfacet
  facet normal 0 0 -1
    outer loop
      vertex 14 98.7651 25
      vertex 13.8263 98.6199 25
      vertex 12 98 25
    endloop
  endfacet
  facet normal 0 0 -1
    outer loop
      vertex 12 116 25
      vertex 14 115.235 25
      vertex 12 98 25
    endloop
  endfacet
  facet normal 0 0 -1
    outer loop
      vertex 12 98 25
      vertex 13.8263 98.6199 25
      vertex 13.6667 98.5056 25
    endloop
  endfacet
  facet normal -0 -0 -1
    outer loop
      vertex 13.8263 115.38 25
      vertex 14 115.235 25
      vertex 12 116 25
    endloop
  endfacet
  facet normal 0 0 -1
    outer loop
      vertex 12 98 25
      vertex 13.6667 98.5056 25
      vertex 13.5 98.4019 25
    endloop
  endfacet
  facet normal 0 0 -1
    outer loop
      vertex 14 115.235 25
      vertex 13.8263 115.38 25
      vertex 13.978 115.256 25
    endloop
  endfacet
  facet normal 0 0 -1
    outer loop
      vertex 12 98 25
      vertex 13.5 98.4019 25
      vertex 13.3269 98.3094 25
    endloop
  endfacet
  facet normal 0 0 -1
    outer loop
      vertex 13.8263 115.38 25
      vertex 12 116 25
      vertex 13.6667 115.494 25
    endloop
  endfacet
  facet normal 0 0 -1
    outer loop
      vertex 12 98 25
      vertex 13.3269 98.3094 25
      vertex 13.148 98.2284 25
    endloop
  endfacet
  facet normal 0 0 -1
    outer loop
      vertex 13.6667 115.494 25
      vertex 12 116 25
      vertex 13.5 115.598 25
    endloop
  endfacet
  facet normal 0 0 -1
    outer loop
      vertex 12 98 25
      vertex 13.148 98.2284 25
      vertex 12.9643 98.1592 25
    endloop
  endfacet
  facet normal 0 0 -1
    outer loop
      vertex 13.5 115.598 25
      vertex 12 116 25
      vertex 13.3269 115.691 25
    endloop
  endfacet
  facet normal 0 0 -1
    outer loop
      vertex 12 98 25
      vertex 12.9643 98.1592 25
      vertex 12.7765 98.1022 25
    endloop
  endfacet
  facet normal 0 0 -1
    outer loop
      vertex 13.3269 115.691 25
      vertex 12 116 25
      vertex 13.148 115.772 25
    endloop
  endfacet
  facet normal 0 0 -1
    outer loop
      vertex 12 98 25
      vertex 12.7765 98.1022 25
      vertex 12.5853 98.0576 25
    endloop
  endfacet
  facet normal 0 0 -1
    outer loop
      vertex 13.148 115.772 25
      vertex 12 116 25
      vertex 12.9643 115.841 25
    endloop
  endfacet
  facet normal 0 0 -1
    outer loop
      vertex 12 98 25
      vertex 12.5853 98.0576 25
      vertex 12.3916 98.0257 25
    endloop
  endfacet
  facet normal 0 0 -1
    outer loop
      vertex 12.9643 115.841 25
      vertex 12 116 25
      vertex 12.7765 115.898 25
    endloop
  endfacet
  facet normal 0 0 -1
    outer loop
      vertex 12 98 25
      vertex 12.3916 98.0257 25
      vertex 12.1962 98.0064 25
    endloop
  endfacet
  facet normal 0 0 -1
    outer loop
      vertex 12.7765 115.898 25
      vertex 12 116 25
      vertex 12.5853 115.942 25
    endloop
  endfacet
  facet normal 0 0 -1
    outer loop
      vertex 12.5853 115.942 25
      vertex 12 116 25
      vertex 12.3916 115.974 25
    endloop
  endfacet
  facet normal 0 0 -1
    outer loop
      vertex 12.3916 115.974 25
      vertex 12 116 25
      vertex 12.1962 115.994 25
    endloop
  endfacet
  facet normal 0 0 -1
    outer loop
      vertex -1 101 25
      vertex 12 98 25
      vertex 2 98 25
    endloop
  endfacet
  facet normal 0 0 -1
    outer loop
      vertex 12 98 25
      vertex -1 101 25
      vertex 12 116 25
    endloop
  endfacet
  facet normal 0 0 -1
    outer loop
      vertex -1 101 25
      vertex 2 98 25
      vertex 1.80379 98.0064 25
    endloop
  endfacet
  facet normal 0 0 -1
    outer loop
      vertex -1 113 25
      vertex 12 116 25
      vertex -1 101 25
    endloop
  endfacet
  facet normal 0 0 -1
    outer loop
      vertex -1 101 25
      vertex 1.80379 98.0064 25
      vertex 1.60842 98.0257 25
    endloop
  endfacet
  facet normal -0 0 -1
    outer loop
      vertex 12 116 25
      vertex -1 113 25
      vertex 2 116 25
    endloop
  endfacet
  facet normal 0 0 -1
    outer loop
      vertex -1 101 25
      vertex 1.60842 98.0257 25
      vertex 1.41473 98.0576 25
    endloop
  endfacet
  facet normal 0 0 -1
    outer loop
      vertex 2 116 25
      vertex -1 113 25
      vertex 1.80379 115.994 25
    endloop
  endfacet
  facet normal 0 0 -1
    outer loop
      vertex -1 101 25
      vertex 1.41473 98.0576 25
      vertex 1.22354 98.1022 25
    endloop
  endfacet
  facet normal 0 0 -1
    outer loop
      vertex 1.80379 115.994 25
      vertex -1 113 25
      vertex 1.60842 115.974 25
    endloop
  endfacet
  facet normal 0 0 -1
    outer loop
      vertex -1 101 25
      vertex 1.22354 98.1022 25
      vertex 1.03568 98.1592 25
    endloop
  endfacet
  facet normal 0 0 -1
    outer loop
      vertex 1.60842 115.974 25
      vertex -1 113 25
      vertex 1.41473 115.942 25
    endloop
  endfacet
  facet normal 0 0 -1
    outer loop
      vertex -1 101 25
      vertex 1.03568 98.1592 25
      vertex 0.85195 98.2284 25
    endloop
  endfacet
  facet normal 0 0 -1
    outer loop
      vertex 1.41473 115.942 25
      vertex -1 113 25
      vertex 1.22354 115.898 25
    endloop
  endfacet
  facet normal 0 0 -1
    outer loop
      vertex -1 101 25
      vertex 0.85195 98.2284 25
      vertex 0.673134 98.3094 25
    endloop
  endfacet
  facet normal 0 0 -1
    outer loop
      vertex 1.22354 115.898 25
      vertex -1 113 25
      vertex 1.03568 115.841 25
    endloop
  endfacet
  facet normal 0 0 -1
    outer loop
      vertex -1 101 25
      vertex 0.673134 98.3094 25
      vertex 0.5 98.4019 25
    endloop
  endfacet
  facet normal 0 0 -1
    outer loop
      vertex 1.03568 115.841 25
      vertex -1 113 25
      vertex 0.85195 115.772 25
    endloop
  endfacet
  facet normal 0 0 -1
    outer loop
      vertex -1 101 25
      vertex 0.5 98.4019 25
      vertex 0.333289 98.5056 25
    endloop
  endfacet
  facet normal 0 0 -1
    outer loop
      vertex 0.85195 115.772 25
      vertex -1 113 25
      vertex 0.673134 115.691 25
    endloop
  endfacet
  facet normal 0 0 -1
    outer loop
      vertex -1 101 25
      vertex 0.333289 98.5056 25
      vertex 0.173716 98.6199 25
    endloop
  endfacet
  facet normal 0 0 -1
    outer loop
      vertex 0.673134 115.691 25
      vertex -1 113 25
      vertex 0.5 115.598 25
    endloop
  endfacet
  facet normal 0 0 -1
    outer loop
      vertex -1 101 25
      vertex 0.173716 98.6199 25
      vertex 0.0219622 98.7445 25
    endloop
  endfacet
  facet normal 0 0 -1
    outer loop
      vertex 0.5 115.598 25
      vertex -1 113 25
      vertex 0.333289 115.494 25
    endloop
  endfacet
  facet normal 0 0 -1
    outer loop
      vertex -1 101 25
      vertex 0.0219622 98.7445 25
      vertex -0.121321 98.8787 25
    endloop
  endfacet
  facet normal 0 0 -1
    outer loop
      vertex 0.333289 115.494 25
      vertex -1 113 25
      vertex 0.173716 115.38 25
    endloop
  endfacet
  facet normal 0 0 -1
    outer loop
      vertex -1 101 25
      vertex -0.121321 98.8787 25
      vertex -0.25552 99.022 25
    endloop
  endfacet
  facet normal 0 0 -1
    outer loop
      vertex 0.173716 115.38 25
      vertex -1 113 25
      vertex 0.0219622 115.256 25
    endloop
  endfacet
  facet normal 0 0 -1
    outer loop
      vertex -1 101 25
      vertex -0.25552 99.022 25
      vertex -0.38006 99.1737 25
    endloop
  endfacet
  facet normal 0 0 -1
    outer loop
      vertex 0.0219622 115.256 25
      vertex -1 113 25
      vertex -0.121321 115.121 25
    endloop
  endfacet
  facet normal 0 0 -1
    outer loop
      vertex -1 101 25
      vertex -0.38006 99.1737 25
      vertex -0.49441 99.3333 25
    endloop
  endfacet
  facet normal 0 0 -1
    outer loop
      vertex -0.121321 115.121 25
      vertex -1 113 25
      vertex -0.25552 114.978 25
    endloop
  endfacet
  facet normal 0 0 -1
    outer loop
      vertex -1 101 25
      vertex -0.49441 99.3333 25
      vertex -0.598077 99.5 25
    endloop
  endfacet
  facet normal 0 0 -1
    outer loop
      vertex -0.25552 114.978 25
      vertex -1 113 25
      vertex -0.38006 114.826 25
    endloop
  endfacet
  facet normal 0 0 -1
    outer loop
      vertex -1 101 25
      vertex -0.598077 99.5 25
      vertex -0.690619 99.6731 25
    endloop
  endfacet
  facet normal 0 0 -1
    outer loop
      vertex -0.38006 114.826 25
      vertex -1 113 25
      vertex -0.49441 114.667 25
    endloop
  endfacet
  facet normal 0 0 -1
    outer loop
      vertex -1 101 25
      vertex -0.690619 99.6731 25
      vertex -0.771639 99.852 25
    endloop
  endfacet
  facet normal 0 0 -1
    outer loop
      vertex -0.49441 114.667 25
      vertex -1 113 25
      vertex -0.598077 114.5 25
    endloop
  endfacet
  facet normal 0 0 -1
    outer loop
      vertex -1 101 25
      vertex -0.771639 99.852 25
      vertex -0.840791 100.036 25
    endloop
  endfacet
  facet normal 0 0 -1
    outer loop
      vertex -0.598077 114.5 25
      vertex -1 113 25
      vertex -0.690619 114.327 25
    endloop
  endfacet
  facet normal 0 0 -1
    outer loop
      vertex -1 101 25
      vertex -0.840791 100.036 25
      vertex -0.897778 100.224 25
    endloop
  endfacet
  facet normal 0 0 -1
    outer loop
      vertex -0.690619 114.327 25
      vertex -1 113 25
      vertex -0.771639 114.148 25
    endloop
  endfacet
  facet normal 0 0 -1
    outer loop
      vertex -1 101 25
      vertex -0.897778 100.224 25
      vertex -0.942356 100.415 25
    endloop
  endfacet
  facet normal 0 0 -1
    outer loop
      vertex -0.771639 114.148 25
      vertex -1 113 25
      vertex -0.840791 113.964 25
    endloop
  endfacet
  facet normal 0 0 -1
    outer loop
      vertex -1 101 25
      vertex -0.942356 100.415 25
      vertex -0.974335 100.608 25
    endloop
  endfacet
  facet normal 0 0 -1
    outer loop
      vertex -0.840791 113.964 25
      vertex -1 113 25
      vertex -0.897778 113.776 25
    endloop
  endfacet
  facet normal 0 0 -1
    outer loop
      vertex -1 101 25
      vertex -0.974335 100.608 25
      vertex -0.993577 100.804 25
    endloop
  endfacet
  facet normal 0 0 -1
    outer loop
      vertex -0.897778 113.776 25
      vertex -1 113 25
      vertex -0.942356 113.585 25
    endloop
  endfacet
  facet normal 0 0 -1
    outer loop
      vertex -0.942356 113.585 25
      vertex -1 113 25
      vertex -0.974335 113.392 25
    endloop
  endfacet
  facet normal 0 0 -1
    outer loop
      vertex -0.974335 113.392 25
      vertex -1 113 25
      vertex -0.993577 113.196 25
    endloop
  endfacet
  facet normal 0 0 1
    outer loop
      vertex 13.8263 115.38 18
      vertex 14 115.235 18
      vertex 13.978 115.256 18
    endloop
  endfacet
  facet normal 0 0 1
    outer loop
      vertex 14 115.235 18
      vertex 12 116 18
      vertex 14 98.7651 18
    endloop
  endfacet
  facet normal 0 0 1
    outer loop
      vertex 14 115.235 18
      vertex 13.8263 115.38 18
      vertex 12 116 18
    endloop
  endfacet
  facet normal 0 0 1
    outer loop
      vertex 12 98 18
      vertex 14 98.7651 18
      vertex 12 116 18
    endloop
  endfacet
  facet normal 0 0 1
    outer loop
      vertex 12 116 18
      vertex 13.8263 115.38 18
      vertex 13.6667 115.494 18
    endloop
  endfacet
  facet normal 0 -0 1
    outer loop
      vertex 13.8263 98.6199 18
      vertex 14 98.7651 18
      vertex 12 98 18
    endloop
  endfacet
  facet normal 0 0 1
    outer loop
      vertex 12 116 18
      vertex 13.6667 115.494 18
      vertex 13.5 115.598 18
    endloop
  endfacet
  facet normal 0 0 1
    outer loop
      vertex 14 98.7651 18
      vertex 13.8263 98.6199 18
      vertex 13.978 98.7445 18
    endloop
  endfacet
  facet normal 0 0 1
    outer loop
      vertex 12 116 18
      vertex 13.5 115.598 18
      vertex 13.3269 115.691 18
    endloop
  endfacet
  facet normal 0 0 1
    outer loop
      vertex 13.8263 98.6199 18
      vertex 12 98 18
      vertex 13.6667 98.5056 18
    endloop
  endfacet
  facet normal 0 0 1
    outer loop
      vertex 12 116 18
      vertex 13.3269 115.691 18
      vertex 13.148 115.772 18
    endloop
  endfacet
  facet normal 0 0 1
    outer loop
      vertex 13.6667 98.5056 18
      vertex 12 98 18
      vertex 13.5 98.4019 18
    endloop
  endfacet
  facet normal 0 0 1
    outer loop
      vertex 12 116 18
      vertex 13.148 115.772 18
      vertex 12.9643 115.841 18
    endloop
  endfacet
  facet normal 0 0 1
    outer loop
      vertex 13.5 98.4019 18
      vertex 12 98 18
      vertex 13.3269 98.3094 18
    endloop
  endfacet
  facet normal 0 0 1
    outer loop
      vertex 12 116 18
      vertex 12.9643 115.841 18
      vertex 12.7765 115.898 18
    endloop
  endfacet
  facet normal 0 0 1
    outer loop
      vertex 13.3269 98.3094 18
      vertex 12 98 18
      vertex 13.148 98.2284 18
    endloop
  endfacet
  facet normal 0 0 1
    outer loop
      vertex 12 116 18
      vertex 12.7765 115.898 18
      vertex 12.5853 115.942 18
    endloop
  endfacet
  facet normal 0 0 1
    outer loop
      vertex 13.148 98.2284 18
      vertex 12 98 18
      vertex 12.9643 98.1592 18
    endloop
  endfacet
  facet normal 0 0 1
    outer loop
      vertex 12 116 18
      vertex 12.5853 115.942 18
      vertex 12.3916 115.974 18
    endloop
  endfacet
  facet normal 0 0 1
    outer loop
      vertex 12.9643 98.1592 18
      vertex 12 98 18
      vertex 12.7765 98.1022 18
    endloop
  endfacet
  facet normal 0 0 1
    outer loop
      vertex 12 116 18
      vertex 12.3916 115.974 18
      vertex 12.1962 115.994 18
    endloop
  endfacet
  facet normal 0 0 1
    outer loop
      vertex 12.7765 98.1022 18
      vertex 12 98 18
      vertex 12.5853 98.0576 18
    endloop
  endfacet
  facet normal 0 0 1
    outer loop
      vertex 12.5853 98.0576 18
      vertex 12 98 18
      vertex 12.3916 98.0257 18
    endloop
  endfacet
  facet normal 0 0 1
    outer loop
      vertex 12.3916 98.0257 18
      vertex 12 98 18
      vertex 12.1962 98.0064 18
    endloop
  endfacet
  facet normal 0 0 1
    outer loop
      vertex -1 113 18
      vertex 12 116 18
      vertex 2 116 18
    endloop
  endfacet
  facet normal 0 0 1
    outer loop
      vertex 12 116 18
      vertex -1 113 18
      vertex 12 98 18
    endloop
  endfacet
  facet normal 0 0 1
    outer loop
      vertex -1 113 18
      vertex 2 116 18
      vertex 1.80379 115.994 18
    endloop
  endfacet
  facet normal -0 0 1
    outer loop
      vertex -1 101 18
      vertex 12 98 18
      vertex -1 113 18
    endloop
  endfacet
  facet normal 0 0 1
    outer loop
      vertex -1 113 18
      vertex 1.80379 115.994 18
      vertex 1.60842 115.974 18
    endloop
  endfacet
  facet normal 0 0 1
    outer loop
      vertex 12 98 18
      vertex -1 101 18
      vertex 2 98 18
    endloop
  endfacet
  facet normal 0 0 1
    outer loop
      vertex -1 113 18
      vertex 1.60842 115.974 18
      vertex 1.41473 115.942 18
    endloop
  endfacet
  facet normal 0 0 1
    outer loop
      vertex 2 98 18
      vertex -1 101 18
      vertex 1.80379 98.0064 18
    endloop
  endfacet
  facet normal 0 0 1
    outer loop
      vertex -1 113 18
      vertex 1.41473 115.942 18
      vertex 1.22354 115.898 18
    endloop
  endfacet
  facet normal 0 0 1
    outer loop
      vertex 1.80379 98.0064 18
      vertex -1 101 18
      vertex 1.60842 98.0257 18
    endloop
  endfacet
  facet normal 0 0 1
    outer loop
      vertex -1 113 18
      vertex 1.22354 115.898 18
      vertex 1.03568 115.841 18
    endloop
  endfacet
  facet normal 0 0 1
    outer loop
      vertex 1.60842 98.0257 18
      vertex -1 101 18
      vertex 1.41473 98.0576 18
    endloop
  endfacet
  facet normal 0 0 1
    outer loop
      vertex -1 113 18
      vertex 1.03568 115.841 18
      vertex 0.85195 115.772 18
    endloop
  endfacet
  facet normal 0 0 1
    outer loop
      vertex 1.41473 98.0576 18
      vertex -1 101 18
      vertex 1.22354 98.1022 18
    endloop
  endfacet
  facet normal 0 0 1
    outer loop
      vertex -1 113 18
      vertex 0.85195 115.772 18
      vertex 0.673134 115.691 18
    endloop
  endfacet
  facet normal 0 0 1
    outer loop
      vertex 1.22354 98.1022 18
      vertex -1 101 18
      vertex 1.03568 98.1592 18
    endloop
  endfacet
  facet normal 0 0 1
    outer loop
      vertex -1 113 18
      vertex 0.673134 115.691 18
      vertex 0.5 115.598 18
    endloop
  endfacet
  facet normal 0 0 1
    outer loop
      vertex 1.03568 98.1592 18
      vertex -1 101 18
      vertex 0.85195 98.2284 18
    endloop
  endfacet
  facet normal 0 0 1
    outer loop
      vertex -1 113 18
      vertex 0.5 115.598 18
      vertex 0.333289 115.494 18
    endloop
  endfacet
  facet normal 0 0 1
    outer loop
      vertex 0.85195 98.2284 18
      vertex -1 101 18
      vertex 0.673134 98.3094 18
    endloop
  endfacet
  facet normal 0 0 1
    outer loop
      vertex -1 113 18
      vertex 0.333289 115.494 18
      vertex 0.173716 115.38 18
    endloop
  endfacet
  facet normal 0 0 1
    outer loop
      vertex 0.673134 98.3094 18
      vertex -1 101 18
      vertex 0.5 98.4019 18
    endloop
  endfacet
  facet normal 0 0 1
    outer loop
      vertex -1 113 18
      vertex 0.173716 115.38 18
      vertex 0.0219622 115.256 18
    endloop
  endfacet
  facet normal 0 0 1
    outer loop
      vertex 0.5 98.4019 18
      vertex -1 101 18
      vertex 0.333289 98.5056 18
    endloop
  endfacet
  facet normal 0 0 1
    outer loop
      vertex -1 113 18
      vertex 0.0219622 115.256 18
      vertex -0.121321 115.121 18
    endloop
  endfacet
  facet normal 0 0 1
    outer loop
      vertex 0.333289 98.5056 18
      vertex -1 101 18
      vertex 0.173716 98.6199 18
    endloop
  endfacet
  facet normal 0 0 1
    outer loop
      vertex -1 113 18
      vertex -0.121321 115.121 18
      vertex -0.25552 114.978 18
    endloop
  endfacet
  facet normal 0 0 1
    outer loop
      vertex 0.173716 98.6199 18
      vertex -1 101 18
      vertex 0.0219622 98.7445 18
    endloop
  endfacet
  facet normal 0 0 1
    outer loop
      vertex -1 113 18
      vertex -0.25552 114.978 18
      vertex -0.38006 114.826 18
    endloop
  endfacet
  facet normal 0 0 1
    outer loop
      vertex 0.0219622 98.7445 18
      vertex -1 101 18
      vertex -0.121321 98.8787 18
    endloop
  endfacet
  facet normal 0 0 1
    outer loop
      vertex -1 113 18
      vertex -0.38006 114.826 18
      vertex -0.49441 114.667 18
    endloop
  endfacet
  facet normal 0 0 1
    outer loop
      vertex -0.121321 98.8787 18
      vertex -1 101 18
      vertex -0.25552 99.022 18
    endloop
  endfacet
  facet normal 0 0 1
    outer loop
      vertex -1 113 18
      vertex -0.49441 114.667 18
      vertex -0.598077 114.5 18
    endloop
  endfacet
  facet normal 0 0 1
    outer loop
      vertex -0.25552 99.022 18
      vertex -1 101 18
      vertex -0.38006 99.1737 18
    endloop
  endfacet
  facet normal 0 0 1
    outer loop
      vertex -1 113 18
      vertex -0.598077 114.5 18
      vertex -0.690619 114.327 18
    endloop
  endfacet
  facet normal 0 0 1
    outer loop
      vertex -0.38006 99.1737 18
      vertex -1 101 18
      vertex -0.49441 99.3333 18
    endloop
  endfacet
  facet normal 0 0 1
    outer loop
      vertex -1 113 18
      vertex -0.690619 114.327 18
      vertex -0.771639 114.148 18
    endloop
  endfacet
  facet normal 0 0 1
    outer loop
      vertex -0.49441 99.3333 18
      vertex -1 101 18
      vertex -0.598077 99.5 18
    endloop
  endfacet
  facet normal 0 0 1
    outer loop
      vertex -1 113 18
      vertex -0.771639 114.148 18
      vertex -0.840791 113.964 18
    endloop
  endfacet
  facet normal 0 0 1
    outer loop
      vertex -0.598077 99.5 18
      vertex -1 101 18
      vertex -0.690619 99.6731 18
    endloop
  endfacet
  facet normal 0 0 1
    outer loop
      vertex -1 113 18
      vertex -0.840791 113.964 18
      vertex -0.897778 113.776 18
    endloop
  endfacet
  facet normal 0 0 1
    outer loop
      vertex -0.690619 99.6731 18
      vertex -1 101 18
      vertex -0.771639 99.852 18
    endloop
  endfacet
  facet normal 0 0 1
    outer loop
      vertex -1 113 18
      vertex -0.897778 113.776 18
      vertex -0.942356 113.585 18
    endloop
  endfacet
  facet normal 0 0 1
    outer loop
      vertex -0.771639 99.852 18
      vertex -1 101 18
      vertex -0.840791 100.036 18
    endloop
  endfacet
  facet normal 0 0 1
    outer loop
      vertex -1 113 18
      vertex -0.942356 113.585 18
      vertex -0.974335 113.392 18
    endloop
  endfacet
  facet normal 0 0 1
    outer loop
      vertex -0.840791 100.036 18
      vertex -1 101 18
      vertex -0.897778 100.224 18
    endloop
  endfacet
  facet normal 0 0 1
    outer loop
      vertex -1 113 18
      vertex -0.974335 113.392 18
      vertex -0.993577 113.196 18
    endloop
  endfacet
  facet normal 0 0 1
    outer loop
      vertex -0.897778 100.224 18
      vertex -1 101 18
      vertex -0.942356 100.415 18
    endloop
  endfacet
  facet normal 0 0 1
    outer loop
      vertex -0.942356 100.415 18
      vertex -1 101 18
      vertex -0.974335 100.608 18
    endloop
  endfacet
  facet normal 0 0 1
    outer loop
      vertex -0.974335 100.608 18
      vertex -1 101 18
      vertex -0.993577 100.804 18
    endloop
  endfacet
  facet normal 0.0983084 0.995156 -0
    outer loop
      vertex 1.80379 98.0064 18
      vertex 1.60842 98.0257 25
      vertex 1.80379 98.0064 25
    endloop
  endfacet
  facet normal 0.0983084 0.995156 0
    outer loop
      vertex 1.60842 98.0257 25
      vertex 1.80379 98.0064 18
      vertex 1.60842 98.0257 18
    endloop
  endfacet
  facet normal -0.101822 0.994803 0
    outer loop
      vertex 12.3916 128.026 18
      vertex 12.1962 128.006 25
      vertex 12.3916 128.026 25
    endloop
  endfacet
  facet normal -0.101822 0.994803 0
    outer loop
      vertex 12.1962 128.006 25
      vertex 12.3916 128.026 18
      vertex 12.1962 128.006 18
    endloop
  endfacet
  facet normal 0.936075 0.351801 -1.52801e-19
    outer loop
      vertex -0.771639 129.852 25
      vertex -0.840791 130.036 18
      vertex -0.840791 130.036 25
    endloop
  endfacet
  facet normal 0.936075 0.351801 -1.52801e-19
    outer loop
      vertex -0.840791 130.036 18
      vertex -0.771639 129.852 25
      vertex -0.771639 129.852 18
    endloop
  endfacet
  facet normal 0 -1 0
    outer loop
      vertex 2 146 18
      vertex 12 146 25
      vertex 2 146 25
    endloop
  endfacet
  facet normal 0 -1 -0
    outer loop
      vertex 12 146 25
      vertex 2 146 18
      vertex 12 146 18
    endloop
  endfacet
  facet normal 0.581303 0.813687 -0
    outer loop
      vertex 0.333289 128.506 18
      vertex 0.173716 128.62 25
      vertex 0.333289 128.506 25
    endloop
  endfacet
  facet normal 0.581303 0.813687 0
    outer loop
      vertex 0.173716 128.62 25
      vertex 0.333289 128.506 18
      vertex 0.173716 128.62 18
    endloop
  endfacet
  facet normal 0.811849 0.583867 -9.47753e-19
    outer loop
      vertex -0.38006 129.174 25
      vertex -0.49441 129.333 18
      vertex -0.49441 129.333 25
    endloop
  endfacet
  facet normal 0.811849 0.583867 -9.47753e-19
    outer loop
      vertex -0.49441 129.333 18
      vertex -0.38006 129.174 25
      vertex -0.38006 129.174 18
    endloop
  endfacet
  facet normal 0 1 -0
    outer loop
      vertex 12 128 18
      vertex 2 128 25
      vertex 12 128 25
    endloop
  endfacet
  facet normal 0 1 0
    outer loop
      vertex 2 128 25
      vertex 12 128 18
      vertex 2 128 18
    endloop
  endfacet
  facet normal 0.224275 -0.974526 0
    outer loop
      vertex 1.22354 145.898 18
      vertex 1.41473 145.942 25
      vertex 1.22354 145.898 25
    endloop
  endfacet
  facet normal 0.224275 -0.974526 0
    outer loop
      vertex 1.41473 145.942 25
      vertex 1.22354 145.898 18
      vertex 1.41473 145.942 18
    endloop
  endfacet
  facet normal 0.995216 -0.0977038 4.9343e-20
    outer loop
      vertex -0.993577 143.196 25
      vertex -0.974335 143.392 18
      vertex -0.974335 143.392 25
    endloop
  endfacet
  facet normal 0.995216 -0.0977038 4.9343e-20
    outer loop
      vertex -0.974335 143.392 18
      vertex -0.993577 143.196 25
      vertex -0.993577 143.196 18
    endloop
  endfacet
  facet normal 0.936075 -0.351801 1.52801e-19
    outer loop
      vertex -0.840791 143.964 25
      vertex -0.771639 144.148 18
      vertex -0.771639 144.148 25
    endloop
  endfacet
  facet normal 0.936075 -0.351801 1.52801e-19
    outer loop
      vertex -0.771639 144.148 18
      vertex -0.840791 143.964 25
      vertex -0.840791 143.964 18
    endloop
  endfacet
  facet normal -0.290432 0.956896 0
    outer loop
      vertex 12.9643 128.159 18
      vertex 12.7765 128.102 25
      vertex 12.9643 128.159 25
    endloop
  endfacet
  facet normal -0.290432 0.956896 0
    outer loop
      vertex 12.7765 128.102 25
      vertex 12.9643 128.159 18
      vertex 12.7765 128.102 18
    endloop
  endfacet
  facet normal -0.529313 -0.848427 0
    outer loop
      vertex 13.5 145.598 18
      vertex 13.6667 145.494 25
      vertex 13.5 145.598 25
    endloop
  endfacet
  facet normal -0.529313 -0.848427 -0
    outer loop
      vertex 13.6667 145.494 25
      vertex 13.5 145.598 18
      vertex 13.6667 145.494 18
    endloop
  endfacet
  facet normal 0.685756 0.727832 -0
    outer loop
      vertex 0.0219622 128.744 18
      vertex -0.121321 128.879 25
      vertex 0.0219622 128.744 25
    endloop
  endfacet
  facet normal 0.685756 0.727832 0
    outer loop
      vertex -0.121321 128.879 25
      vertex 0.0219622 128.744 18
      vertex -0.121321 128.879 18
    endloop
  endfacet
  facet normal 0.973828 0.227284 -4.14691e-19
    outer loop
      vertex -0.897778 130.224 25
      vertex -0.942356 130.415 18
      vertex -0.942356 130.415 25
    endloop
  endfacet
  facet normal 0.973828 0.227284 -4.14691e-19
    outer loop
      vertex -0.942356 130.415 18
      vertex -0.897778 130.224 25
      vertex -0.897778 130.224 18
    endloop
  endfacet
  facet normal 0.986549 0.163466 -9.65635e-20
    outer loop
      vertex -0.942356 130.415 25
      vertex -0.974335 130.608 18
      vertex -0.974335 130.608 25
    endloop
  endfacet
  facet normal 0.986549 0.163466 -9.65635e-20
    outer loop
      vertex -0.974335 130.608 18
      vertex -0.942356 130.415 25
      vertex -0.942356 130.415 18
    endloop
  endfacet
  facet normal -0.224264 0.974528 0
    outer loop
      vertex 12.7765 128.102 18
      vertex 12.5853 128.058 25
      vertex 12.7765 128.102 25
    endloop
  endfacet
  facet normal -0.224264 0.974528 0
    outer loop
      vertex 12.5853 128.058 25
      vertex 12.7765 128.102 18
      vertex 12.5853 128.058 18
    endloop
  endfacet
  facet normal 0.911024 0.412353 -1.90212e-20
    outer loop
      vertex -0.690619 129.673 25
      vertex -0.771639 129.852 18
      vertex -0.771639 129.852 25
    endloop
  endfacet
  facet normal 0.911024 0.412353 -1.90212e-20
    outer loop
      vertex -0.771639 129.852 18
      vertex -0.690619 129.673 25
      vertex -0.690619 129.673 18
    endloop
  endfacet
  facet normal 0.0305652 -0.999533 0
    outer loop
      vertex 1.80379 145.994 18
      vertex 2 146 25
      vertex 1.80379 145.994 25
    endloop
  endfacet
  facet normal 0.0305652 -0.999533 0
    outer loop
      vertex 2 146 25
      vertex 1.80379 145.994 18
      vertex 2 146 18
    endloop
  endfacet
  facet normal -0.41246 -0.910976 0
    outer loop
      vertex 13.148 145.772 18
      vertex 13.3269 145.691 25
      vertex 13.148 145.772 25
    endloop
  endfacet
  facet normal -0.41246 -0.910976 -0
    outer loop
      vertex 13.3269 145.691 25
      vertex 13.148 145.772 18
      vertex 13.3269 145.691 18
    endloop
  endfacet
  facet normal -0.351626 -0.936141 0
    outer loop
      vertex 12.9643 145.841 18
      vertex 13.148 145.772 25
      vertex 12.9643 145.841 25
    endloop
  endfacet
  facet normal -0.351626 -0.936141 -0
    outer loop
      vertex 13.148 145.772 25
      vertex 12.9643 145.841 18
      vertex 13.148 145.772 18
    endloop
  endfacet
  facet normal 0.0305652 0.999533 -0
    outer loop
      vertex 2 128 18
      vertex 1.80379 128.006 25
      vertex 2 128 25
    endloop
  endfacet
  facet normal 0.0305652 0.999533 0
    outer loop
      vertex 1.80379 128.006 25
      vertex 2 128 18
      vertex 1.80379 128.006 18
    endloop
  endfacet
  facet normal -0.0305668 0.999533 0
    outer loop
      vertex 12.1962 128.006 18
      vertex 12 128 25
      vertex 12.1962 128.006 25
    endloop
  endfacet
  facet normal -0.0305668 0.999533 0
    outer loop
      vertex 12 128 25
      vertex 12.1962 128.006 18
      vertex 12 128 18
    endloop
  endfacet
  facet normal 0.290347 -0.956922 0
    outer loop
      vertex 1.03568 145.841 18
      vertex 1.22354 145.898 25
      vertex 1.03568 145.841 25
    endloop
  endfacet
  facet normal 0.290347 -0.956922 0
    outer loop
      vertex 1.22354 145.898 25
      vertex 1.03568 145.841 18
      vertex 1.22354 145.898 18
    endloop
  endfacet
  facet normal 0.973828 -0.227284 4.14691e-19
    outer loop
      vertex -0.942356 143.585 25
      vertex -0.897778 143.776 18
      vertex -0.897778 143.776 25
    endloop
  endfacet
  facet normal 0.973828 -0.227284 4.14691e-19
    outer loop
      vertex -0.897778 143.776 18
      vertex -0.942356 143.585 25
      vertex -0.942356 143.585 18
    endloop
  endfacet
  facet normal 0.529287 0.848443 -0
    outer loop
      vertex 0.5 128.402 18
      vertex 0.333289 128.506 25
      vertex 0.5 128.402 25
    endloop
  endfacet
  facet normal 0.529287 0.848443 0
    outer loop
      vertex 0.333289 128.506 25
      vertex 0.5 128.402 18
      vertex 0.333289 128.506 18
    endloop
  endfacet
  facet normal 0.101838 -0.994801 0
    outer loop
      vertex 1.60842 145.974 18
      vertex 1.80379 145.994 25
      vertex 1.60842 145.974 25
    endloop
  endfacet
  facet normal 0.101838 -0.994801 0
    outer loop
      vertex 1.80379 145.994 25
      vertex 1.60842 145.974 18
      vertex 1.80379 145.994 18
    endloop
  endfacet
  facet normal 0.957 -0.290088 2.41194e-19
    outer loop
      vertex -0.897778 143.776 25
      vertex -0.840791 143.964 18
      vertex -0.840791 143.964 25
    endloop
  endfacet
  facet normal 0.957 -0.290088 2.41194e-19
    outer loop
      vertex -0.840791 143.964 18
      vertex -0.897778 143.776 25
      vertex -0.897778 143.776 18
    endloop
  endfacet
  facet normal 0.911024 -0.412353 1.90212e-20
    outer loop
      vertex -0.771639 144.148 25
      vertex -0.690619 144.327 18
      vertex -0.690619 144.327 25
    endloop
  endfacet
  facet normal 0.911024 -0.412353 1.90212e-20
    outer loop
      vertex -0.690619 144.327 18
      vertex -0.771639 144.148 25
      vertex -0.771639 144.148 18
    endloop
  endfacet
  facet normal 0.995216 0.0977038 -4.9343e-20
    outer loop
      vertex -0.974335 130.608 25
      vertex -0.993577 130.804 18
      vertex -0.993577 130.804 25
    endloop
  endfacet
  facet normal 0.995216 0.0977038 -4.9343e-20
    outer loop
      vertex -0.993577 130.804 18
      vertex -0.974335 130.608 25
      vertex -0.974335 130.608 18
    endloop
  endfacet
  facet normal -0.690476 -0.723356 0
    outer loop
      vertex 13.978 145.256 18
      vertex 14 145.235 25
      vertex 13.978 145.256 25
    endloop
  endfacet
  facet normal -0.690476 -0.723356 -0
    outer loop
      vertex 14 145.235 25
      vertex 13.978 145.256 18
      vertex 14 145.235 18
    endloop
  endfacet
  facet normal 0.986549 -0.163466 9.65635e-20
    outer loop
      vertex -0.974335 143.392 25
      vertex -0.942356 143.585 18
      vertex -0.942356 143.585 25
    endloop
  endfacet
  facet normal 0.986549 -0.163466 9.65635e-20
    outer loop
      vertex -0.942356 143.585 18
      vertex -0.974335 143.392 25
      vertex -0.974335 143.392 18
    endloop
  endfacet
  facet normal 0.72919 0.684311 9.89216e-19
    outer loop
      vertex -0.121321 128.879 25
      vertex -0.25552 129.022 18
      vertex -0.25552 129.022 25
    endloop
  endfacet
  facet normal 0.72919 0.684311 9.89216e-19
    outer loop
      vertex -0.25552 129.022 18
      vertex -0.121321 128.879 25
      vertex -0.121321 128.879 18
    endloop
  endfacet
  facet normal -0.162995 0.986627 0
    outer loop
      vertex 12.5853 128.058 18
      vertex 12.3916 128.026 25
      vertex 12.5853 128.058 25
    endloop
  endfacet
  facet normal -0.162995 0.986627 0
    outer loop
      vertex 12.3916 128.026 25
      vertex 12.5853 128.058 18
      vertex 12.3916 128.026 18
    endloop
  endfacet
  facet normal -0.581238 0.813733 0
    outer loop
      vertex 13.8263 128.62 18
      vertex 13.6667 128.506 25
      vertex 13.8263 128.62 25
    endloop
  endfacet
  facet normal -0.581238 0.813733 0
    outer loop
      vertex 13.6667 128.506 25
      vertex 13.8263 128.62 18
      vertex 13.6667 128.506 18
    endloop
  endfacet
  facet normal 0.88177 -0.47168 -7.71356e-19
    outer loop
      vertex -0.690619 144.327 25
      vertex -0.598077 144.5 18
      vertex -0.598077 144.5 25
    endloop
  endfacet
  facet normal 0.88177 -0.47168 -7.71356e-19
    outer loop
      vertex -0.598077 144.5 18
      vertex -0.690619 144.327 25
      vertex -0.690619 144.327 18
    endloop
  endfacet
  facet normal 0.88177 0.47168 7.71356e-19
    outer loop
      vertex -0.598077 129.5 25
      vertex -0.690619 129.673 18
      vertex -0.690619 129.673 25
    endloop
  endfacet
  facet normal 0.88177 0.47168 7.71356e-19
    outer loop
      vertex -0.690619 129.673 18
      vertex -0.598077 129.5 25
      vertex -0.598077 129.5 18
    endloop
  endfacet
  facet normal 0.999463 0.0327528 -2.16356e-20
    outer loop
      vertex -0.993577 130.804 25
      vertex -1 131 18
      vertex -1 131 25
    endloop
  endfacet
  facet normal 0.999463 0.0327528 -2.16356e-20
    outer loop
      vertex -1 131 18
      vertex -0.993577 130.804 25
      vertex -0.993577 130.804 18
    endloop
  endfacet
  facet normal 0.849613 -0.527406 1.3476e-19
    outer loop
      vertex -0.598077 144.5 25
      vertex -0.49441 144.667 18
      vertex -0.49441 144.667 25
    endloop
  endfacet
  facet normal 0.849613 -0.527406 1.3476e-19
    outer loop
      vertex -0.49441 144.667 18
      vertex -0.598077 144.5 25
      vertex -0.598077 144.5 18
    endloop
  endfacet
  facet normal -0.47328 0.880912 0
    outer loop
      vertex 13.5 128.402 18
      vertex 13.3269 128.309 25
      vertex 13.5 128.402 25
    endloop
  endfacet
  facet normal -0.47328 0.880912 0
    outer loop
      vertex 13.3269 128.309 25
      vertex 13.5 128.402 18
      vertex 13.3269 128.309 18
    endloop
  endfacet
  facet normal -0.351626 0.936141 0
    outer loop
      vertex 13.148 128.228 18
      vertex 12.9643 128.159 25
      vertex 13.148 128.228 25
    endloop
  endfacet
  facet normal -0.351626 0.936141 0
    outer loop
      vertex 12.9643 128.159 25
      vertex 13.148 128.228 18
      vertex 12.9643 128.159 18
    endloop
  endfacet
  facet normal -0.47328 -0.880912 0
    outer loop
      vertex 13.3269 145.691 18
      vertex 13.5 145.598 25
      vertex 13.3269 145.691 25
    endloop
  endfacet
  facet normal -0.47328 -0.880912 -0
    outer loop
      vertex 13.5 145.598 25
      vertex 13.3269 145.691 18
      vertex 13.5 145.598 18
    endloop
  endfacet
  facet normal 0.999463 -0.0327528 2.16356e-20
    outer loop
      vertex -1 143 25
      vertex -0.993577 143.196 18
      vertex -0.993577 143.196 25
    endloop
  endfacet
  facet normal 0.999463 -0.0327528 2.16356e-20
    outer loop
      vertex -0.993577 143.196 18
      vertex -1 143 25
      vertex -1 143 18
    endloop
  endfacet
  facet normal -0.632876 0.774253 0
    outer loop
      vertex 13.978 128.744 18
      vertex 13.8263 128.62 25
      vertex 13.978 128.744 25
    endloop
  endfacet
  facet normal -0.632876 0.774253 0
    outer loop
      vertex 13.8263 128.62 25
      vertex 13.978 128.744 18
      vertex 13.8263 128.62 18
    endloop
  endfacet
  facet normal 0.163003 -0.986626 0
    outer loop
      vertex 1.41473 145.942 18
      vertex 1.60842 145.974 25
      vertex 1.41473 145.942 25
    endloop
  endfacet
  facet normal 0.163003 -0.986626 0
    outer loop
      vertex 1.60842 145.974 25
      vertex 1.41473 145.942 18
      vertex 1.60842 145.974 18
    endloop
  endfacet
  facet normal -0.632876 -0.774253 0
    outer loop
      vertex 13.8263 145.38 18
      vertex 13.978 145.256 25
      vertex 13.8263 145.38 25
    endloop
  endfacet
  facet normal -0.632876 -0.774253 -0
    outer loop
      vertex 13.978 145.256 25
      vertex 13.8263 145.38 18
      vertex 13.978 145.256 18
    endloop
  endfacet
  facet normal -0.581238 -0.813733 0
    outer loop
      vertex 13.6667 145.494 18
      vertex 13.8263 145.38 25
      vertex 13.6667 145.494 25
    endloop
  endfacet
  facet normal -0.581238 -0.813733 -0
    outer loop
      vertex 13.8263 145.38 25
      vertex 13.6667 145.494 18
      vertex 13.8263 145.38 18
    endloop
  endfacet
  facet normal -0.290432 -0.956896 0
    outer loop
      vertex 12.7765 145.898 18
      vertex 12.9643 145.841 25
      vertex 12.7765 145.898 25
    endloop
  endfacet
  facet normal -0.290432 -0.956896 -0
    outer loop
      vertex 12.9643 145.841 25
      vertex 12.7765 145.898 18
      vertex 12.9643 145.841 18
    endloop
  endfacet
  facet normal 0.685756 -0.727832 0
    outer loop
      vertex -0.121321 145.121 18
      vertex 0.0219622 145.256 25
      vertex -0.121321 145.121 25
    endloop
  endfacet
  facet normal 0.685756 -0.727832 0
    outer loop
      vertex 0.0219622 145.256 25
      vertex -0.121321 145.121 18
      vertex 0.0219622 145.256 18
    endloop
  endfacet
  facet normal -0.529313 0.848427 0
    outer loop
      vertex 13.6667 128.506 18
      vertex 13.5 128.402 25
      vertex 13.6667 128.506 25
    endloop
  endfacet
  facet normal -0.529313 0.848427 0
    outer loop
      vertex 13.5 128.402 25
      vertex 13.6667 128.506 18
      vertex 13.5 128.402 18
    endloop
  endfacet
  facet normal 0.290347 0.956922 -0
    outer loop
      vertex 1.22354 128.102 18
      vertex 1.03568 128.159 25
      vertex 1.22354 128.102 25
    endloop
  endfacet
  facet normal 0.290347 0.956922 0
    outer loop
      vertex 1.03568 128.159 25
      vertex 1.22354 128.102 18
      vertex 1.03568 128.159 18
    endloop
  endfacet
  facet normal 0.632742 -0.774363 0
    outer loop
      vertex 0.0219622 145.256 18
      vertex 0.173716 145.38 25
      vertex 0.0219622 145.256 25
    endloop
  endfacet
  facet normal 0.632742 -0.774363 0
    outer loop
      vertex 0.173716 145.38 25
      vertex 0.0219622 145.256 18
      vertex 0.173716 145.38 18
    endloop
  endfacet
  facet normal -0.224264 -0.974528 0
    outer loop
      vertex 12.5853 145.942 18
      vertex 12.7765 145.898 25
      vertex 12.5853 145.942 25
    endloop
  endfacet
  facet normal -0.224264 -0.974528 -0
    outer loop
      vertex 12.7765 145.898 25
      vertex 12.5853 145.942 18
      vertex 12.7765 145.898 18
    endloop
  endfacet
  facet normal 0.773517 -0.633775 -1.01853e-18
    outer loop
      vertex -0.38006 144.826 25
      vertex -0.25552 144.978 18
      vertex -0.25552 144.978 25
    endloop
  endfacet
  facet normal 0.773517 -0.633775 -1.01853e-18
    outer loop
      vertex -0.25552 144.978 18
      vertex -0.38006 144.826 25
      vertex -0.38006 144.826 18
    endloop
  endfacet
  facet normal 0.351576 0.936159 -0
    outer loop
      vertex 1.03568 128.159 18
      vertex 0.85195 128.228 25
      vertex 1.03568 128.159 25
    endloop
  endfacet
  facet normal 0.351576 0.936159 0
    outer loop
      vertex 0.85195 128.228 25
      vertex 1.03568 128.159 18
      vertex 0.85195 128.228 18
    endloop
  endfacet
  facet normal 0.529287 -0.848443 0
    outer loop
      vertex 0.333289 145.494 18
      vertex 0.5 145.598 25
      vertex 0.333289 145.494 25
    endloop
  endfacet
  facet normal 0.529287 -0.848443 0
    outer loop
      vertex 0.5 145.598 25
      vertex 0.333289 145.494 18
      vertex 0.5 145.598 18
    endloop
  endfacet
  facet normal 0.473208 -0.880951 0
    outer loop
      vertex 0.5 145.598 18
      vertex 0.673134 145.691 25
      vertex 0.5 145.598 25
    endloop
  endfacet
  facet normal 0.473208 -0.880951 0
    outer loop
      vertex 0.673134 145.691 25
      vertex 0.5 145.598 18
      vertex 0.673134 145.691 18
    endloop
  endfacet
  facet normal -0.41246 0.910976 0
    outer loop
      vertex 13.3269 128.309 18
      vertex 13.148 128.228 25
      vertex 13.3269 128.309 25
    endloop
  endfacet
  facet normal -0.41246 0.910976 0
    outer loop
      vertex 13.148 128.228 25
      vertex 13.3269 128.309 18
      vertex 13.148 128.228 18
    endloop
  endfacet
  facet normal 0.957 0.290088 -2.41194e-19
    outer loop
      vertex -0.840791 130.036 25
      vertex -0.897778 130.224 18
      vertex -0.897778 130.224 25
    endloop
  endfacet
  facet normal 0.957 0.290088 -2.41194e-19
    outer loop
      vertex -0.897778 130.224 18
      vertex -0.840791 130.036 25
      vertex -0.840791 130.036 18
    endloop
  endfacet
  facet normal 0.41262 0.910903 -0
    outer loop
      vertex 0.85195 128.228 18
      vertex 0.673134 128.309 25
      vertex 0.85195 128.228 25
    endloop
  endfacet
  facet normal 0.41262 0.910903 0
    outer loop
      vertex 0.673134 128.309 25
      vertex 0.85195 128.228 18
      vertex 0.673134 128.309 18
    endloop
  endfacet
  facet normal 0.849613 0.527406 -1.3476e-19
    outer loop
      vertex -0.49441 129.333 25
      vertex -0.598077 129.5 18
      vertex -0.598077 129.5 25
    endloop
  endfacet
  facet normal 0.849613 0.527406 -1.3476e-19
    outer loop
      vertex -0.598077 129.5 18
      vertex -0.49441 129.333 25
      vertex -0.49441 129.333 18
    endloop
  endfacet
  facet normal 0.473208 0.880951 -0
    outer loop
      vertex 0.673134 128.309 18
      vertex 0.5 128.402 25
      vertex 0.673134 128.309 25
    endloop
  endfacet
  facet normal 0.473208 0.880951 0
    outer loop
      vertex 0.5 128.402 25
      vertex 0.673134 128.309 18
      vertex 0.5 128.402 18
    endloop
  endfacet
  facet normal 0.632742 0.774363 -0
    outer loop
      vertex 0.173716 128.62 18
      vertex 0.0219622 128.744 25
      vertex 0.173716 128.62 25
    endloop
  endfacet
  facet normal 0.632742 0.774363 0
    outer loop
      vertex 0.0219622 128.744 25
      vertex 0.173716 128.62 18
      vertex 0.0219622 128.744 18
    endloop
  endfacet
  facet normal 0.41262 -0.910903 0
    outer loop
      vertex 0.673134 145.691 18
      vertex 0.85195 145.772 25
      vertex 0.673134 145.691 25
    endloop
  endfacet
  facet normal 0.41262 -0.910903 0
    outer loop
      vertex 0.85195 145.772 25
      vertex 0.673134 145.691 18
      vertex 0.85195 145.772 18
    endloop
  endfacet
  facet normal -0.101822 -0.994803 0
    outer loop
      vertex 12.1962 145.994 18
      vertex 12.3916 145.974 25
      vertex 12.1962 145.994 25
    endloop
  endfacet
  facet normal -0.101822 -0.994803 -0
    outer loop
      vertex 12.3916 145.974 25
      vertex 12.1962 145.994 18
      vertex 12.3916 145.974 18
    endloop
  endfacet
  facet normal 0.72919 -0.684311 -9.89216e-19
    outer loop
      vertex -0.25552 144.978 25
      vertex -0.121321 145.121 18
      vertex -0.121321 145.121 25
    endloop
  endfacet
  facet normal 0.72919 -0.684311 -9.89216e-19
    outer loop
      vertex -0.121321 145.121 18
      vertex -0.25552 144.978 25
      vertex -0.25552 144.978 18
    endloop
  endfacet
  facet normal -0.690476 0.723356 0
    outer loop
      vertex 14 128.765 18
      vertex 13.978 128.744 25
      vertex 14 128.765 25
    endloop
  endfacet
  facet normal -0.690476 0.723356 0
    outer loop
      vertex 13.978 128.744 25
      vertex 14 128.765 18
      vertex 13.978 128.744 18
    endloop
  endfacet
  facet normal -0.0305668 -0.999533 0
    outer loop
      vertex 12 146 18
      vertex 12.1962 145.994 25
      vertex 12 146 25
    endloop
  endfacet
  facet normal -0.0305668 -0.999533 -0
    outer loop
      vertex 12.1962 145.994 25
      vertex 12 146 18
      vertex 12.1962 145.994 18
    endloop
  endfacet
  facet normal 0.163003 0.986626 -0
    outer loop
      vertex 1.60842 128.026 18
      vertex 1.41473 128.058 25
      vertex 1.60842 128.026 25
    endloop
  endfacet
  facet normal 0.163003 0.986626 0
    outer loop
      vertex 1.41473 128.058 25
      vertex 1.60842 128.026 18
      vertex 1.41473 128.058 18
    endloop
  endfacet
  facet normal 0.351576 -0.936159 0
    outer loop
      vertex 0.85195 145.772 18
      vertex 1.03568 145.841 25
      vertex 0.85195 145.772 25
    endloop
  endfacet
  facet normal 0.351576 -0.936159 0
    outer loop
      vertex 1.03568 145.841 25
      vertex 0.85195 145.772 18
      vertex 1.03568 145.841 18
    endloop
  endfacet
  facet normal -0.162995 -0.986627 0
    outer loop
      vertex 12.3916 145.974 18
      vertex 12.5853 145.942 25
      vertex 12.3916 145.974 25
    endloop
  endfacet
  facet normal -0.162995 -0.986627 -0
    outer loop
      vertex 12.5853 145.942 25
      vertex 12.3916 145.974 18
      vertex 12.5853 145.942 18
    endloop
  endfacet
  facet normal 0.224275 0.974526 -0
    outer loop
      vertex 1.41473 128.058 18
      vertex 1.22354 128.102 25
      vertex 1.41473 128.058 25
    endloop
  endfacet
  facet normal 0.224275 0.974526 0
    outer loop
      vertex 1.22354 128.102 25
      vertex 1.41473 128.058 18
      vertex 1.22354 128.102 18
    endloop
  endfacet
  facet normal 0.811849 -0.583867 9.47753e-19
    outer loop
      vertex -0.49441 144.667 25
      vertex -0.38006 144.826 18
      vertex -0.38006 144.826 25
    endloop
  endfacet
  facet normal 0.811849 -0.583867 9.47753e-19
    outer loop
      vertex -0.38006 144.826 18
      vertex -0.49441 144.667 25
      vertex -0.49441 144.667 18
    endloop
  endfacet
  facet normal 0.581303 -0.813687 0
    outer loop
      vertex 0.173716 145.38 18
      vertex 0.333289 145.494 25
      vertex 0.173716 145.38 25
    endloop
  endfacet
  facet normal 0.581303 -0.813687 0
    outer loop
      vertex 0.333289 145.494 25
      vertex 0.173716 145.38 18
      vertex 0.333289 145.494 18
    endloop
  endfacet
  facet normal 0.773517 0.633775 1.01853e-18
    outer loop
      vertex -0.25552 129.022 25
      vertex -0.38006 129.174 18
      vertex -0.38006 129.174 25
    endloop
  endfacet
  facet normal 0.773517 0.633775 1.01853e-18
    outer loop
      vertex -0.38006 129.174 18
      vertex -0.25552 129.022 25
      vertex -0.25552 129.022 18
    endloop
  endfacet
  facet normal 0 0 -1
    outer loop
      vertex 13.8263 128.62 25
      vertex 14 128.765 25
      vertex 13.978 128.744 25
    endloop
  endfacet
  facet normal -0 0 -1
    outer loop
      vertex 14 128.765 25
      vertex 12 128 25
      vertex 14 145.235 25
    endloop
  endfacet
  facet normal 0 0 -1
    outer loop
      vertex 14 128.765 25
      vertex 13.8263 128.62 25
      vertex 12 128 25
    endloop
  endfacet
  facet normal 0 0 -1
    outer loop
      vertex 12 146 25
      vertex 14 145.235 25
      vertex 12 128 25
    endloop
  endfacet
  facet normal 0 0 -1
    outer loop
      vertex 12 128 25
      vertex 13.8263 128.62 25
      vertex 13.6667 128.506 25
    endloop
  endfacet
  facet normal -0 -0 -1
    outer loop
      vertex 13.8263 145.38 25
      vertex 14 145.235 25
      vertex 12 146 25
    endloop
  endfacet
  facet normal 0 0 -1
    outer loop
      vertex 12 128 25
      vertex 13.6667 128.506 25
      vertex 13.5 128.402 25
    endloop
  endfacet
  facet normal 0 0 -1
    outer loop
      vertex 14 145.235 25
      vertex 13.8263 145.38 25
      vertex 13.978 145.256 25
    endloop
  endfacet
  facet normal 0 0 -1
    outer loop
      vertex 12 128 25
      vertex 13.5 128.402 25
      vertex 13.3269 128.309 25
    endloop
  endfacet
  facet normal 0 0 -1
    outer loop
      vertex 13.8263 145.38 25
      vertex 12 146 25
      vertex 13.6667 145.494 25
    endloop
  endfacet
  facet normal 0 0 -1
    outer loop
      vertex 12 128 25
      vertex 13.3269 128.309 25
      vertex 13.148 128.228 25
    endloop
  endfacet
  facet normal 0 0 -1
    outer loop
      vertex 13.6667 145.494 25
      vertex 12 146 25
      vertex 13.5 145.598 25
    endloop
  endfacet
  facet normal 0 0 -1
    outer loop
      vertex 12 128 25
      vertex 13.148 128.228 25
      vertex 12.9643 128.159 25
    endloop
  endfacet
  facet normal 0 0 -1
    outer loop
      vertex 13.5 145.598 25
      vertex 12 146 25
      vertex 13.3269 145.691 25
    endloop
  endfacet
  facet normal 0 0 -1
    outer loop
      vertex 12 128 25
      vertex 12.9643 128.159 25
      vertex 12.7765 128.102 25
    endloop
  endfacet
  facet normal 0 0 -1
    outer loop
      vertex 13.3269 145.691 25
      vertex 12 146 25
      vertex 13.148 145.772 25
    endloop
  endfacet
  facet normal 0 0 -1
    outer loop
      vertex 12 128 25
      vertex 12.7765 128.102 25
      vertex 12.5853 128.058 25
    endloop
  endfacet
  facet normal 0 0 -1
    outer loop
      vertex 13.148 145.772 25
      vertex 12 146 25
      vertex 12.9643 145.841 25
    endloop
  endfacet
  facet normal 0 0 -1
    outer loop
      vertex 12 128 25
      vertex 12.5853 128.058 25
      vertex 12.3916 128.026 25
    endloop
  endfacet
  facet normal 0 0 -1
    outer loop
      vertex 12.9643 145.841 25
      vertex 12 146 25
      vertex 12.7765 145.898 25
    endloop
  endfacet
  facet normal 0 0 -1
    outer loop
      vertex 12 128 25
      vertex 12.3916 128.026 25
      vertex 12.1962 128.006 25
    endloop
  endfacet
  facet normal 0 0 -1
    outer loop
      vertex 12.7765 145.898 25
      vertex 12 146 25
      vertex 12.5853 145.942 25
    endloop
  endfacet
  facet normal 0 0 -1
    outer loop
      vertex 12.5853 145.942 25
      vertex 12 146 25
      vertex 12.3916 145.974 25
    endloop
  endfacet
  facet normal 0 0 -1
    outer loop
      vertex 12.3916 145.974 25
      vertex 12 146 25
      vertex 12.1962 145.994 25
    endloop
  endfacet
  facet normal 0 0 -1
    outer loop
      vertex -1 131 25
      vertex 12 128 25
      vertex 2 128 25
    endloop
  endfacet
  facet normal 0 0 -1
    outer loop
      vertex 12 128 25
      vertex -1 131 25
      vertex 12 146 25
    endloop
  endfacet
  facet normal 0 0 -1
    outer loop
      vertex -1 131 25
      vertex 2 128 25
      vertex 1.80379 128.006 25
    endloop
  endfacet
  facet normal 0 0 -1
    outer loop
      vertex -1 143 25
      vertex 12 146 25
      vertex -1 131 25
    endloop
  endfacet
  facet normal 0 0 -1
    outer loop
      vertex -1 131 25
      vertex 1.80379 128.006 25
      vertex 1.60842 128.026 25
    endloop
  endfacet
  facet normal -0 0 -1
    outer loop
      vertex 12 146 25
      vertex -1 143 25
      vertex 2 146 25
    endloop
  endfacet
  facet normal 0 0 -1
    outer loop
      vertex -1 131 25
      vertex 1.60842 128.026 25
      vertex 1.41473 128.058 25
    endloop
  endfacet
  facet normal 0 0 -1
    outer loop
      vertex 2 146 25
      vertex -1 143 25
      vertex 1.80379 145.994 25
    endloop
  endfacet
  facet normal 0 0 -1
    outer loop
      vertex -1 131 25
      vertex 1.41473 128.058 25
      vertex 1.22354 128.102 25
    endloop
  endfacet
  facet normal 0 0 -1
    outer loop
      vertex 1.80379 145.994 25
      vertex -1 143 25
      vertex 1.60842 145.974 25
    endloop
  endfacet
  facet normal 0 0 -1
    outer loop
      vertex -1 131 25
      vertex 1.22354 128.102 25
      vertex 1.03568 128.159 25
    endloop
  endfacet
  facet normal 0 0 -1
    outer loop
      vertex 1.60842 145.974 25
      vertex -1 143 25
      vertex 1.41473 145.942 25
    endloop
  endfacet
  facet normal 0 0 -1
    outer loop
      vertex -1 131 25
      vertex 1.03568 128.159 25
      vertex 0.85195 128.228 25
    endloop
  endfacet
  facet normal 0 0 -1
    outer loop
      vertex 1.41473 145.942 25
      vertex -1 143 25
      vertex 1.22354 145.898 25
    endloop
  endfacet
  facet normal 0 0 -1
    outer loop
      vertex -1 131 25
      vertex 0.85195 128.228 25
      vertex 0.673134 128.309 25
    endloop
  endfacet
  facet normal 0 0 -1
    outer loop
      vertex 1.22354 145.898 25
      vertex -1 143 25
      vertex 1.03568 145.841 25
    endloop
  endfacet
  facet normal 0 0 -1
    outer loop
      vertex -1 131 25
      vertex 0.673134 128.309 25
      vertex 0.5 128.402 25
    endloop
  endfacet
  facet normal 0 0 -1
    outer loop
      vertex 1.03568 145.841 25
      vertex -1 143 25
      vertex 0.85195 145.772 25
    endloop
  endfacet
  facet normal 0 0 -1
    outer loop
      vertex -1 131 25
      vertex 0.5 128.402 25
      vertex 0.333289 128.506 25
    endloop
  endfacet
  facet normal 0 0 -1
    outer loop
      vertex 0.85195 145.772 25
      vertex -1 143 25
      vertex 0.673134 145.691 25
    endloop
  endfacet
  facet normal 0 0 -1
    outer loop
      vertex -1 131 25
      vertex 0.333289 128.506 25
      vertex 0.173716 128.62 25
    endloop
  endfacet
  facet normal 0 0 -1
    outer loop
      vertex 0.673134 145.691 25
      vertex -1 143 25
      vertex 0.5 145.598 25
    endloop
  endfacet
  facet normal 0 0 -1
    outer loop
      vertex -1 131 25
      vertex 0.173716 128.62 25
      vertex 0.0219622 128.744 25
    endloop
  endfacet
  facet normal 0 0 -1
    outer loop
      vertex 0.5 145.598 25
      vertex -1 143 25
      vertex 0.333289 145.494 25
    endloop
  endfacet
  facet normal 0 0 -1
    outer loop
      vertex -1 131 25
      vertex 0.0219622 128.744 25
      vertex -0.121321 128.879 25
    endloop
  endfacet
  facet normal 0 0 -1
    outer loop
      vertex 0.333289 145.494 25
      vertex -1 143 25
      vertex 0.173716 145.38 25
    endloop
  endfacet
  facet normal 0 0 -1
    outer loop
      vertex -1 131 25
      vertex -0.121321 128.879 25
      vertex -0.25552 129.022 25
    endloop
  endfacet
  facet normal 0 0 -1
    outer loop
      vertex 0.173716 145.38 25
      vertex -1 143 25
      vertex 0.0219622 145.256 25
    endloop
  endfacet
  facet normal 0 0 -1
    outer loop
      vertex -1 131 25
      vertex -0.25552 129.022 25
      vertex -0.38006 129.174 25
    endloop
  endfacet
  facet normal 0 0 -1
    outer loop
      vertex 0.0219622 145.256 25
      vertex -1 143 25
      vertex -0.121321 145.121 25
    endloop
  endfacet
  facet normal 0 0 -1
    outer loop
      vertex -1 131 25
      vertex -0.38006 129.174 25
      vertex -0.49441 129.333 25
    endloop
  endfacet
  facet normal 0 0 -1
    outer loop
      vertex -0.121321 145.121 25
      vertex -1 143 25
      vertex -0.25552 144.978 25
    endloop
  endfacet
  facet normal 0 0 -1
    outer loop
      vertex -1 131 25
      vertex -0.49441 129.333 25
      vertex -0.598077 129.5 25
    endloop
  endfacet
  facet normal 0 0 -1
    outer loop
      vertex -0.25552 144.978 25
      vertex -1 143 25
      vertex -0.38006 144.826 25
    endloop
  endfacet
  facet normal 0 0 -1
    outer loop
      vertex -1 131 25
      vertex -0.598077 129.5 25
      vertex -0.690619 129.673 25
    endloop
  endfacet
  facet normal 0 0 -1
    outer loop
      vertex -0.38006 144.826 25
      vertex -1 143 25
      vertex -0.49441 144.667 25
    endloop
  endfacet
  facet normal 0 0 -1
    outer loop
      vertex -1 131 25
      vertex -0.690619 129.673 25
      vertex -0.771639 129.852 25
    endloop
  endfacet
  facet normal 0 0 -1
    outer loop
      vertex -0.49441 144.667 25
      vertex -1 143 25
      vertex -0.598077 144.5 25
    endloop
  endfacet
  facet normal 0 0 -1
    outer loop
      vertex -1 131 25
      vertex -0.771639 129.852 25
      vertex -0.840791 130.036 25
    endloop
  endfacet
  facet normal 0 0 -1
    outer loop
      vertex -0.598077 144.5 25
      vertex -1 143 25
      vertex -0.690619 144.327 25
    endloop
  endfacet
  facet normal 0 0 -1
    outer loop
      vertex -1 131 25
      vertex -0.840791 130.036 25
      vertex -0.897778 130.224 25
    endloop
  endfacet
  facet normal 0 0 -1
    outer loop
      vertex -0.690619 144.327 25
      vertex -1 143 25
      vertex -0.771639 144.148 25
    endloop
  endfacet
  facet normal 0 0 -1
    outer loop
      vertex -1 131 25
      vertex -0.897778 130.224 25
      vertex -0.942356 130.415 25
    endloop
  endfacet
  facet normal 0 0 -1
    outer loop
      vertex -0.771639 144.148 25
      vertex -1 143 25
      vertex -0.840791 143.964 25
    endloop
  endfacet
  facet normal 0 0 -1
    outer loop
      vertex -1 131 25
      vertex -0.942356 130.415 25
      vertex -0.974335 130.608 25
    endloop
  endfacet
  facet normal 0 0 -1
    outer loop
      vertex -0.840791 143.964 25
      vertex -1 143 25
      vertex -0.897778 143.776 25
    endloop
  endfacet
  facet normal 0 0 -1
    outer loop
      vertex -1 131 25
      vertex -0.974335 130.608 25
      vertex -0.993577 130.804 25
    endloop
  endfacet
  facet normal 0 0 -1
    outer loop
      vertex -0.897778 143.776 25
      vertex -1 143 25
      vertex -0.942356 143.585 25
    endloop
  endfacet
  facet normal 0 0 -1
    outer loop
      vertex -0.942356 143.585 25
      vertex -1 143 25
      vertex -0.974335 143.392 25
    endloop
  endfacet
  facet normal 0 0 -1
    outer loop
      vertex -0.974335 143.392 25
      vertex -1 143 25
      vertex -0.993577 143.196 25
    endloop
  endfacet
  facet normal 0 0 1
    outer loop
      vertex 13.8263 145.38 18
      vertex 14 145.235 18
      vertex 13.978 145.256 18
    endloop
  endfacet
  facet normal 0 0 1
    outer loop
      vertex 14 145.235 18
      vertex 12 146 18
      vertex 14 128.765 18
    endloop
  endfacet
  facet normal 0 0 1
    outer loop
      vertex 14 145.235 18
      vertex 13.8263 145.38 18
      vertex 12 146 18
    endloop
  endfacet
  facet normal 0 0 1
    outer loop
      vertex 12 128 18
      vertex 14 128.765 18
      vertex 12 146 18
    endloop
  endfacet
  facet normal 0 0 1
    outer loop
      vertex 12 146 18
      vertex 13.8263 145.38 18
      vertex 13.6667 145.494 18
    endloop
  endfacet
  facet normal 0 -0 1
    outer loop
      vertex 13.8263 128.62 18
      vertex 14 128.765 18
      vertex 12 128 18
    endloop
  endfacet
  facet normal 0 0 1
    outer loop
      vertex 12 146 18
      vertex 13.6667 145.494 18
      vertex 13.5 145.598 18
    endloop
  endfacet
  facet normal 0 0 1
    outer loop
      vertex 14 128.765 18
      vertex 13.8263 128.62 18
      vertex 13.978 128.744 18
    endloop
  endfacet
  facet normal 0 0 1
    outer loop
      vertex 12 146 18
      vertex 13.5 145.598 18
      vertex 13.3269 145.691 18
    endloop
  endfacet
  facet normal 0 0 1
    outer loop
      vertex 13.8263 128.62 18
      vertex 12 128 18
      vertex 13.6667 128.506 18
    endloop
  endfacet
  facet normal 0 0 1
    outer loop
      vertex 12 146 18
      vertex 13.3269 145.691 18
      vertex 13.148 145.772 18
    endloop
  endfacet
  facet normal 0 0 1
    outer loop
      vertex 13.6667 128.506 18
      vertex 12 128 18
      vertex 13.5 128.402 18
    endloop
  endfacet
  facet normal 0 0 1
    outer loop
      vertex 12 146 18
      vertex 13.148 145.772 18
      vertex 12.9643 145.841 18
    endloop
  endfacet
  facet normal 0 0 1
    outer loop
      vertex 13.5 128.402 18
      vertex 12 128 18
      vertex 13.3269 128.309 18
    endloop
  endfacet
  facet normal 0 0 1
    outer loop
      vertex 12 146 18
      vertex 12.9643 145.841 18
      vertex 12.7765 145.898 18
    endloop
  endfacet
  facet normal 0 0 1
    outer loop
      vertex 13.3269 128.309 18
      vertex 12 128 18
      vertex 13.148 128.228 18
    endloop
  endfacet
  facet normal 0 0 1
    outer loop
      vertex 12 146 18
      vertex 12.7765 145.898 18
      vertex 12.5853 145.942 18
    endloop
  endfacet
  facet normal 0 0 1
    outer loop
      vertex 13.148 128.228 18
      vertex 12 128 18
      vertex 12.9643 128.159 18
    endloop
  endfacet
  facet normal 0 0 1
    outer loop
      vertex 12 146 18
      vertex 12.5853 145.942 18
      vertex 12.3916 145.974 18
    endloop
  endfacet
  facet normal 0 0 1
    outer loop
      vertex 12.9643 128.159 18
      vertex 12 128 18
      vertex 12.7765 128.102 18
    endloop
  endfacet
  facet normal 0 0 1
    outer loop
      vertex 12 146 18
      vertex 12.3916 145.974 18
      vertex 12.1962 145.994 18
    endloop
  endfacet
  facet normal 0 0 1
    outer loop
      vertex 12.7765 128.102 18
      vertex 12 128 18
      vertex 12.5853 128.058 18
    endloop
  endfacet
  facet normal 0 0 1
    outer loop
      vertex 12.5853 128.058 18
      vertex 12 128 18
      vertex 12.3916 128.026 18
    endloop
  endfacet
  facet normal 0 0 1
    outer loop
      vertex 12.3916 128.026 18
      vertex 12 128 18
      vertex 12.1962 128.006 18
    endloop
  endfacet
  facet normal 0 0 1
    outer loop
      vertex -1 143 18
      vertex 12 146 18
      vertex 2 146 18
    endloop
  endfacet
  facet normal 0 0 1
    outer loop
      vertex 12 146 18
      vertex -1 143 18
      vertex 12 128 18
    endloop
  endfacet
  facet normal 0 0 1
    outer loop
      vertex -1 143 18
      vertex 2 146 18
      vertex 1.80379 145.994 18
    endloop
  endfacet
  facet normal -0 0 1
    outer loop
      vertex -1 131 18
      vertex 12 128 18
      vertex -1 143 18
    endloop
  endfacet
  facet normal 0 0 1
    outer loop
      vertex -1 143 18
      vertex 1.80379 145.994 18
      vertex 1.60842 145.974 18
    endloop
  endfacet
  facet normal 0 0 1
    outer loop
      vertex 12 128 18
      vertex -1 131 18
      vertex 2 128 18
    endloop
  endfacet
  facet normal 0 0 1
    outer loop
      vertex -1 143 18
      vertex 1.60842 145.974 18
      vertex 1.41473 145.942 18
    endloop
  endfacet
  facet normal 0 0 1
    outer loop
      vertex 2 128 18
      vertex -1 131 18
      vertex 1.80379 128.006 18
    endloop
  endfacet
  facet normal 0 0 1
    outer loop
      vertex -1 143 18
      vertex 1.41473 145.942 18
      vertex 1.22354 145.898 18
    endloop
  endfacet
  facet normal 0 0 1
    outer loop
      vertex 1.80379 128.006 18
      vertex -1 131 18
      vertex 1.60842 128.026 18
    endloop
  endfacet
  facet normal 0 0 1
    outer loop
      vertex -1 143 18
      vertex 1.22354 145.898 18
      vertex 1.03568 145.841 18
    endloop
  endfacet
  facet normal 0 0 1
    outer loop
      vertex 1.60842 128.026 18
      vertex -1 131 18
      vertex 1.41473 128.058 18
    endloop
  endfacet
  facet normal 0 0 1
    outer loop
      vertex -1 143 18
      vertex 1.03568 145.841 18
      vertex 0.85195 145.772 18
    endloop
  endfacet
  facet normal 0 0 1
    outer loop
      vertex 1.41473 128.058 18
      vertex -1 131 18
      vertex 1.22354 128.102 18
    endloop
  endfacet
  facet normal 0 0 1
    outer loop
      vertex -1 143 18
      vertex 0.85195 145.772 18
      vertex 0.673134 145.691 18
    endloop
  endfacet
  facet normal 0 0 1
    outer loop
      vertex 1.22354 128.102 18
      vertex -1 131 18
      vertex 1.03568 128.159 18
    endloop
  endfacet
  facet normal 0 0 1
    outer loop
      vertex -1 143 18
      vertex 0.673134 145.691 18
      vertex 0.5 145.598 18
    endloop
  endfacet
  facet normal 0 0 1
    outer loop
      vertex 1.03568 128.159 18
      vertex -1 131 18
      vertex 0.85195 128.228 18
    endloop
  endfacet
  facet normal 0 0 1
    outer loop
      vertex -1 143 18
      vertex 0.5 145.598 18
      vertex 0.333289 145.494 18
    endloop
  endfacet
  facet normal 0 0 1
    outer loop
      vertex 0.85195 128.228 18
      vertex -1 131 18
      vertex 0.673134 128.309 18
    endloop
  endfacet
  facet normal 0 0 1
    outer loop
      vertex -1 143 18
      vertex 0.333289 145.494 18
      vertex 0.173716 145.38 18
    endloop
  endfacet
  facet normal 0 0 1
    outer loop
      vertex 0.673134 128.309 18
      vertex -1 131 18
      vertex 0.5 128.402 18
    endloop
  endfacet
  facet normal 0 0 1
    outer loop
      vertex -1 143 18
      vertex 0.173716 145.38 18
      vertex 0.0219622 145.256 18
    endloop
  endfacet
  facet normal 0 0 1
    outer loop
      vertex 0.5 128.402 18
      vertex -1 131 18
      vertex 0.333289 128.506 18
    endloop
  endfacet
  facet normal 0 0 1
    outer loop
      vertex -1 143 18
      vertex 0.0219622 145.256 18
      vertex -0.121321 145.121 18
    endloop
  endfacet
  facet normal 0 0 1
    outer loop
      vertex 0.333289 128.506 18
      vertex -1 131 18
      vertex 0.173716 128.62 18
    endloop
  endfacet
  facet normal 0 0 1
    outer loop
      vertex -1 143 18
      vertex -0.121321 145.121 18
      vertex -0.25552 144.978 18
    endloop
  endfacet
  facet normal 0 0 1
    outer loop
      vertex 0.173716 128.62 18
      vertex -1 131 18
      vertex 0.0219622 128.744 18
    endloop
  endfacet
  facet normal 0 0 1
    outer loop
      vertex -1 143 18
      vertex -0.25552 144.978 18
      vertex -0.38006 144.826 18
    endloop
  endfacet
  facet normal 0 0 1
    outer loop
      vertex 0.0219622 128.744 18
      vertex -1 131 18
      vertex -0.121321 128.879 18
    endloop
  endfacet
  facet normal 0 0 1
    outer loop
      vertex -1 143 18
      vertex -0.38006 144.826 18
      vertex -0.49441 144.667 18
    endloop
  endfacet
  facet normal 0 0 1
    outer loop
      vertex -0.121321 128.879 18
      vertex -1 131 18
      vertex -0.25552 129.022 18
    endloop
  endfacet
  facet normal 0 0 1
    outer loop
      vertex -1 143 18
      vertex -0.49441 144.667 18
      vertex -0.598077 144.5 18
    endloop
  endfacet
  facet normal 0 0 1
    outer loop
      vertex -0.25552 129.022 18
      vertex -1 131 18
      vertex -0.38006 129.174 18
    endloop
  endfacet
  facet normal 0 0 1
    outer loop
      vertex -1 143 18
      vertex -0.598077 144.5 18
      vertex -0.690619 144.327 18
    endloop
  endfacet
  facet normal 0 0 1
    outer loop
      vertex -0.38006 129.174 18
      vertex -1 131 18
      vertex -0.49441 129.333 18
    endloop
  endfacet
  facet normal 0 0 1
    outer loop
      vertex -1 143 18
      vertex -0.690619 144.327 18
      vertex -0.771639 144.148 18
    endloop
  endfacet
  facet normal 0 0 1
    outer loop
      vertex -0.49441 129.333 18
      vertex -1 131 18
      vertex -0.598077 129.5 18
    endloop
  endfacet
  facet normal 0 0 1
    outer loop
      vertex -1 143 18
      vertex -0.771639 144.148 18
      vertex -0.840791 143.964 18
    endloop
  endfacet
  facet normal 0 0 1
    outer loop
      vertex -0.598077 129.5 18
      vertex -1 131 18
      vertex -0.690619 129.673 18
    endloop
  endfacet
  facet normal 0 0 1
    outer loop
      vertex -1 143 18
      vertex -0.840791 143.964 18
      vertex -0.897778 143.776 18
    endloop
  endfacet
  facet normal 0 0 1
    outer loop
      vertex -0.690619 129.673 18
      vertex -1 131 18
      vertex -0.771639 129.852 18
    endloop
  endfacet
  facet normal 0 0 1
    outer loop
      vertex -1 143 18
      vertex -0.897778 143.776 18
      vertex -0.942356 143.585 18
    endloop
  endfacet
  facet normal 0 0 1
    outer loop
      vertex -0.771639 129.852 18
      vertex -1 131 18
      vertex -0.840791 130.036 18
    endloop
  endfacet
  facet normal 0 0 1
    outer loop
      vertex -1 143 18
      vertex -0.942356 143.585 18
      vertex -0.974335 143.392 18
    endloop
  endfacet
  facet normal 0 0 1
    outer loop
      vertex -0.840791 130.036 18
      vertex -1 131 18
      vertex -0.897778 130.224 18
    endloop
  endfacet
  facet normal 0 0 1
    outer loop
      vertex -1 143 18
      vertex -0.974335 143.392 18
      vertex -0.993577 143.196 18
    endloop
  endfacet
  facet normal 0 0 1
    outer loop
      vertex -0.897778 130.224 18
      vertex -1 131 18
      vertex -0.942356 130.415 18
    endloop
  endfacet
  facet normal 0 0 1
    outer loop
      vertex -0.942356 130.415 18
      vertex -1 131 18
      vertex -0.974335 130.608 18
    endloop
  endfacet
  facet normal 0 0 1
    outer loop
      vertex -0.974335 130.608 18
      vertex -1 131 18
      vertex -0.993577 130.804 18
    endloop
  endfacet
  facet normal 0.101838 0.994801 -0
    outer loop
      vertex 1.80379 128.006 18
      vertex 1.60842 128.026 25
      vertex 1.80379 128.006 25
    endloop
  endfacet
  facet normal 0.101838 0.994801 0
    outer loop
      vertex 1.60842 128.026 25
      vertex 1.80379 128.006 18
      vertex 1.60842 128.026 18
    endloop
  endfacet
  facet normal -0.101822 0.994803 0
    outer loop
      vertex 12.3916 158.026 18
      vertex 12.1962 158.006 25
      vertex 12.3916 158.026 25
    endloop
  endfacet
  facet normal -0.101822 0.994803 0
    outer loop
      vertex 12.1962 158.006 25
      vertex 12.3916 158.026 18
      vertex 12.1962 158.006 18
    endloop
  endfacet
  facet normal 0.936075 0.351801 -1.52801e-19
    outer loop
      vertex -0.771639 159.852 25
      vertex -0.840791 160.036 18
      vertex -0.840791 160.036 25
    endloop
  endfacet
  facet normal 0.936075 0.351801 -1.52801e-19
    outer loop
      vertex -0.840791 160.036 18
      vertex -0.771639 159.852 25
      vertex -0.771639 159.852 18
    endloop
  endfacet
  facet normal 0 -1 0
    outer loop
      vertex 2 176 18
      vertex 12 176 25
      vertex 2 176 25
    endloop
  endfacet
  facet normal 0 -1 -0
    outer loop
      vertex 12 176 25
      vertex 2 176 18
      vertex 12 176 18
    endloop
  endfacet
  facet normal 0.581303 0.813687 -0
    outer loop
      vertex 0.333289 158.506 18
      vertex 0.173716 158.62 25
      vertex 0.333289 158.506 25
    endloop
  endfacet
  facet normal 0.581303 0.813687 0
    outer loop
      vertex 0.173716 158.62 25
      vertex 0.333289 158.506 18
      vertex 0.173716 158.62 18
    endloop
  endfacet
  facet normal 0.811849 0.583867 -9.47753e-19
    outer loop
      vertex -0.38006 159.174 25
      vertex -0.49441 159.333 18
      vertex -0.49441 159.333 25
    endloop
  endfacet
  facet normal 0.811849 0.583867 -9.47753e-19
    outer loop
      vertex -0.49441 159.333 18
      vertex -0.38006 159.174 25
      vertex -0.38006 159.174 18
    endloop
  endfacet
  facet normal 0 1 -0
    outer loop
      vertex 12 158 18
      vertex 2 158 25
      vertex 12 158 25
    endloop
  endfacet
  facet normal 0 1 0
    outer loop
      vertex 2 158 25
      vertex 12 158 18
      vertex 2 158 18
    endloop
  endfacet
  facet normal 0.224275 -0.974526 0
    outer loop
      vertex 1.22354 175.898 18
      vertex 1.41473 175.942 25
      vertex 1.22354 175.898 25
    endloop
  endfacet
  facet normal 0.224275 -0.974526 0
    outer loop
      vertex 1.41473 175.942 25
      vertex 1.22354 175.898 18
      vertex 1.41473 175.942 18
    endloop
  endfacet
  facet normal -0.0305668 -0.999533 0
    outer loop
      vertex 12 176 18
      vertex 12.1962 175.994 25
      vertex 12 176 25
    endloop
  endfacet
  facet normal -0.0305668 -0.999533 -0
    outer loop
      vertex 12.1962 175.994 25
      vertex 12 176 18
      vertex 12.1962 175.994 18
    endloop
  endfacet
  facet normal 0.995216 -0.0977038 4.9343e-20
    outer loop
      vertex -0.993577 173.196 25
      vertex -0.974335 173.392 18
      vertex -0.974335 173.392 25
    endloop
  endfacet
  facet normal 0.995216 -0.0977038 4.9343e-20
    outer loop
      vertex -0.974335 173.392 18
      vertex -0.993577 173.196 25
      vertex -0.993577 173.196 18
    endloop
  endfacet
  facet normal 0.936075 -0.351801 1.52801e-19
    outer loop
      vertex -0.840791 173.964 25
      vertex -0.771639 174.148 18
      vertex -0.771639 174.148 25
    endloop
  endfacet
  facet normal 0.936075 -0.351801 1.52801e-19
    outer loop
      vertex -0.771639 174.148 18
      vertex -0.840791 173.964 25
      vertex -0.840791 173.964 18
    endloop
  endfacet
  facet normal -0.290432 0.956896 0
    outer loop
      vertex 12.9643 158.159 18
      vertex 12.7765 158.102 25
      vertex 12.9643 158.159 25
    endloop
  endfacet
  facet normal -0.290432 0.956896 0
    outer loop
      vertex 12.7765 158.102 25
      vertex 12.9643 158.159 18
      vertex 12.7765 158.102 18
    endloop
  endfacet
  facet normal -0.529313 -0.848427 0
    outer loop
      vertex 13.5 175.598 18
      vertex 13.6667 175.494 25
      vertex 13.5 175.598 25
    endloop
  endfacet
  facet normal -0.529313 -0.848427 -0
    outer loop
      vertex 13.6667 175.494 25
      vertex 13.5 175.598 18
      vertex 13.6667 175.494 18
    endloop
  endfacet
  facet normal 0.685756 0.727832 -0
    outer loop
      vertex 0.0219622 158.744 18
      vertex -0.121321 158.879 25
      vertex 0.0219622 158.744 25
    endloop
  endfacet
  facet normal 0.685756 0.727832 0
    outer loop
      vertex -0.121321 158.879 25
      vertex 0.0219622 158.744 18
      vertex -0.121321 158.879 18
    endloop
  endfacet
  facet normal 0.973828 0.227284 -4.14691e-19
    outer loop
      vertex -0.897778 160.224 25
      vertex -0.942356 160.415 18
      vertex -0.942356 160.415 25
    endloop
  endfacet
  facet normal 0.973828 0.227284 -4.14691e-19
    outer loop
      vertex -0.942356 160.415 18
      vertex -0.897778 160.224 25
      vertex -0.897778 160.224 18
    endloop
  endfacet
  facet normal 0.986549 0.163466 -9.65635e-20
    outer loop
      vertex -0.942356 160.415 25
      vertex -0.974335 160.608 18
      vertex -0.974335 160.608 25
    endloop
  endfacet
  facet normal 0.986549 0.163466 -9.65635e-20
    outer loop
      vertex -0.974335 160.608 18
      vertex -0.942356 160.415 25
      vertex -0.942356 160.415 18
    endloop
  endfacet
  facet normal -0.224264 0.974528 0
    outer loop
      vertex 12.7765 158.102 18
      vertex 12.5853 158.058 25
      vertex 12.7765 158.102 25
    endloop
  endfacet
  facet normal -0.224264 0.974528 0
    outer loop
      vertex 12.5853 158.058 25
      vertex 12.7765 158.102 18
      vertex 12.5853 158.058 18
    endloop
  endfacet
  facet normal 0.911024 0.412353 -1.90212e-20
    outer loop
      vertex -0.690619 159.673 25
      vertex -0.771639 159.852 18
      vertex -0.771639 159.852 25
    endloop
  endfacet
  facet normal 0.911024 0.412353 -1.90212e-20
    outer loop
      vertex -0.771639 159.852 18
      vertex -0.690619 159.673 25
      vertex -0.690619 159.673 18
    endloop
  endfacet
  facet normal 0.0305652 -0.999533 0
    outer loop
      vertex 1.80379 175.994 18
      vertex 2 176 25
      vertex 1.80379 175.994 25
    endloop
  endfacet
  facet normal 0.0305652 -0.999533 0
    outer loop
      vertex 2 176 25
      vertex 1.80379 175.994 18
      vertex 2 176 18
    endloop
  endfacet
  facet normal -0.41246 -0.910976 0
    outer loop
      vertex 13.148 175.772 18
      vertex 13.3269 175.691 25
      vertex 13.148 175.772 25
    endloop
  endfacet
  facet normal -0.41246 -0.910976 -0
    outer loop
      vertex 13.3269 175.691 25
      vertex 13.148 175.772 18
      vertex 13.3269 175.691 18
    endloop
  endfacet
  facet normal -0.351626 -0.936141 0
    outer loop
      vertex 12.9643 175.841 18
      vertex 13.148 175.772 25
      vertex 12.9643 175.841 25
    endloop
  endfacet
  facet normal -0.351626 -0.936141 -0
    outer loop
      vertex 13.148 175.772 25
      vertex 12.9643 175.841 18
      vertex 13.148 175.772 18
    endloop
  endfacet
  facet normal 0.0305652 0.999533 -0
    outer loop
      vertex 2 158 18
      vertex 1.80379 158.006 25
      vertex 2 158 25
    endloop
  endfacet
  facet normal 0.0305652 0.999533 0
    outer loop
      vertex 1.80379 158.006 25
      vertex 2 158 18
      vertex 1.80379 158.006 18
    endloop
  endfacet
  facet normal -0.0305668 0.999533 0
    outer loop
      vertex 12.1962 158.006 18
      vertex 12 158 25
      vertex 12.1962 158.006 25
    endloop
  endfacet
  facet normal -0.0305668 0.999533 0
    outer loop
      vertex 12 158 25
      vertex 12.1962 158.006 18
      vertex 12 158 18
    endloop
  endfacet
  facet normal 0.290347 -0.956922 0
    outer loop
      vertex 1.03568 175.841 18
      vertex 1.22354 175.898 25
      vertex 1.03568 175.841 25
    endloop
  endfacet
  facet normal 0.290347 -0.956922 0
    outer loop
      vertex 1.22354 175.898 25
      vertex 1.03568 175.841 18
      vertex 1.22354 175.898 18
    endloop
  endfacet
  facet normal 0.973828 -0.227284 4.14691e-19
    outer loop
      vertex -0.942356 173.585 25
      vertex -0.897778 173.776 18
      vertex -0.897778 173.776 25
    endloop
  endfacet
  facet normal 0.973828 -0.227284 4.14691e-19
    outer loop
      vertex -0.897778 173.776 18
      vertex -0.942356 173.585 25
      vertex -0.942356 173.585 18
    endloop
  endfacet
  facet normal 0.529287 0.848443 -0
    outer loop
      vertex 0.5 158.402 18
      vertex 0.333289 158.506 25
      vertex 0.5 158.402 25
    endloop
  endfacet
  facet normal 0.529287 0.848443 0
    outer loop
      vertex 0.333289 158.506 25
      vertex 0.5 158.402 18
      vertex 0.333289 158.506 18
    endloop
  endfacet
  facet normal 0.101838 -0.994801 0
    outer loop
      vertex 1.60842 175.974 18
      vertex 1.80379 175.994 25
      vertex 1.60842 175.974 25
    endloop
  endfacet
  facet normal 0.101838 -0.994801 0
    outer loop
      vertex 1.80379 175.994 25
      vertex 1.60842 175.974 18
      vertex 1.80379 175.994 18
    endloop
  endfacet
  facet normal 0.957 -0.290088 2.41194e-19
    outer loop
      vertex -0.897778 173.776 25
      vertex -0.840791 173.964 18
      vertex -0.840791 173.964 25
    endloop
  endfacet
  facet normal 0.957 -0.290088 2.41194e-19
    outer loop
      vertex -0.840791 173.964 18
      vertex -0.897778 173.776 25
      vertex -0.897778 173.776 18
    endloop
  endfacet
  facet normal 0.911024 -0.412353 1.90212e-20
    outer loop
      vertex -0.771639 174.148 25
      vertex -0.690619 174.327 18
      vertex -0.690619 174.327 25
    endloop
  endfacet
  facet normal 0.911024 -0.412353 1.90212e-20
    outer loop
      vertex -0.690619 174.327 18
      vertex -0.771639 174.148 25
      vertex -0.771639 174.148 18
    endloop
  endfacet
  facet normal 0.995216 0.0977038 -4.9343e-20
    outer loop
      vertex -0.974335 160.608 25
      vertex -0.993577 160.804 18
      vertex -0.993577 160.804 25
    endloop
  endfacet
  facet normal 0.995216 0.0977038 -4.9343e-20
    outer loop
      vertex -0.993577 160.804 18
      vertex -0.974335 160.608 25
      vertex -0.974335 160.608 18
    endloop
  endfacet
  facet normal -0.690476 -0.723356 -1.00443e-19
    outer loop
      vertex 13.978 175.256 25
      vertex 14 175.235 21
      vertex 14 175.235 25
    endloop
  endfacet
  facet normal -0.690476 -0.723356 0
    outer loop
      vertex 13.978 175.256 18
      vertex 14 175.235 21
      vertex 13.978 175.256 25
    endloop
  endfacet
  facet normal -0.68484 -0.728694 -7.86965e-05
    outer loop
      vertex 13.978 175.256 18
      vertex 14.1213 175.121 21
      vertex 14 175.235 21
    endloop
  endfacet
  facet normal -0.685713 -0.727872 -0
    outer loop
      vertex 14.1213 175.121 21
      vertex 13.978 175.256 18
      vertex 14.1213 175.121 18
    endloop
  endfacet
  facet normal 0.986549 -0.163466 9.65635e-20
    outer loop
      vertex -0.974335 173.392 25
      vertex -0.942356 173.585 18
      vertex -0.942356 173.585 25
    endloop
  endfacet
  facet normal 0.986549 -0.163466 9.65635e-20
    outer loop
      vertex -0.942356 173.585 18
      vertex -0.974335 173.392 25
      vertex -0.974335 173.392 18
    endloop
  endfacet
  facet normal 0.72919 0.684311 9.89216e-19
    outer loop
      vertex -0.121321 158.879 25
      vertex -0.25552 159.022 18
      vertex -0.25552 159.022 25
    endloop
  endfacet
  facet normal 0.72919 0.684311 9.89216e-19
    outer loop
      vertex -0.25552 159.022 18
      vertex -0.121321 158.879 25
      vertex -0.121321 158.879 18
    endloop
  endfacet
  facet normal -0.162995 0.986627 0
    outer loop
      vertex 12.5853 158.058 18
      vertex 12.3916 158.026 25
      vertex 12.5853 158.058 25
    endloop
  endfacet
  facet normal -0.162995 0.986627 0
    outer loop
      vertex 12.3916 158.026 25
      vertex 12.5853 158.058 18
      vertex 12.3916 158.026 18
    endloop
  endfacet
  facet normal -0.581238 0.813733 0
    outer loop
      vertex 13.8263 158.62 18
      vertex 13.6667 158.506 25
      vertex 13.8263 158.62 25
    endloop
  endfacet
  facet normal -0.581238 0.813733 0
    outer loop
      vertex 13.6667 158.506 25
      vertex 13.8263 158.62 18
      vertex 13.6667 158.506 18
    endloop
  endfacet
  facet normal 0.88177 -0.47168 -7.71356e-19
    outer loop
      vertex -0.690619 174.327 25
      vertex -0.598077 174.5 18
      vertex -0.598077 174.5 25
    endloop
  endfacet
  facet normal 0.88177 -0.47168 -7.71356e-19
    outer loop
      vertex -0.598077 174.5 18
      vertex -0.690619 174.327 25
      vertex -0.690619 174.327 18
    endloop
  endfacet
  facet normal 0.88177 0.47168 7.71356e-19
    outer loop
      vertex -0.598077 159.5 25
      vertex -0.690619 159.673 18
      vertex -0.690619 159.673 25
    endloop
  endfacet
  facet normal 0.88177 0.47168 7.71356e-19
    outer loop
      vertex -0.690619 159.673 18
      vertex -0.598077 159.5 25
      vertex -0.598077 159.5 18
    endloop
  endfacet
  facet normal 0.999463 0.0327528 -2.16356e-20
    outer loop
      vertex -0.993577 160.804 25
      vertex -1 161 18
      vertex -1 161 25
    endloop
  endfacet
  facet normal 0.999463 0.0327528 -2.16356e-20
    outer loop
      vertex -1 161 18
      vertex -0.993577 160.804 25
      vertex -0.993577 160.804 18
    endloop
  endfacet
  facet normal 0.849613 -0.527406 1.3476e-19
    outer loop
      vertex -0.598077 174.5 25
      vertex -0.49441 174.667 18
      vertex -0.49441 174.667 25
    endloop
  endfacet
  facet normal 0.849613 -0.527406 1.3476e-19
    outer loop
      vertex -0.49441 174.667 18
      vertex -0.598077 174.5 25
      vertex -0.598077 174.5 18
    endloop
  endfacet
  facet normal -0.47328 0.880912 0
    outer loop
      vertex 13.5 158.402 18
      vertex 13.3269 158.309 25
      vertex 13.5 158.402 25
    endloop
  endfacet
  facet normal -0.47328 0.880912 0
    outer loop
      vertex 13.3269 158.309 25
      vertex 13.5 158.402 18
      vertex 13.3269 158.309 18
    endloop
  endfacet
  facet normal 0.632742 0.774363 -0
    outer loop
      vertex 0.173716 158.62 18
      vertex 0.0219622 158.744 25
      vertex 0.173716 158.62 25
    endloop
  endfacet
  facet normal 0.632742 0.774363 0
    outer loop
      vertex 0.0219622 158.744 25
      vertex 0.173716 158.62 18
      vertex 0.0219622 158.744 18
    endloop
  endfacet
  facet normal -0.351626 0.936141 0
    outer loop
      vertex 13.148 158.228 18
      vertex 12.9643 158.159 25
      vertex 13.148 158.228 25
    endloop
  endfacet
  facet normal -0.351626 0.936141 0
    outer loop
      vertex 12.9643 158.159 25
      vertex 13.148 158.228 18
      vertex 12.9643 158.159 18
    endloop
  endfacet
  facet normal -0.47328 -0.880912 0
    outer loop
      vertex 13.3269 175.691 18
      vertex 13.5 175.598 25
      vertex 13.3269 175.691 25
    endloop
  endfacet
  facet normal -0.47328 -0.880912 -0
    outer loop
      vertex 13.5 175.598 25
      vertex 13.3269 175.691 18
      vertex 13.5 175.598 18
    endloop
  endfacet
  facet normal 0.999463 -0.0327528 2.16356e-20
    outer loop
      vertex -1 173 25
      vertex -0.993577 173.196 18
      vertex -0.993577 173.196 25
    endloop
  endfacet
  facet normal 0.999463 -0.0327528 2.16356e-20
    outer loop
      vertex -0.993577 173.196 18
      vertex -1 173 25
      vertex -1 173 18
    endloop
  endfacet
  facet normal -0.632876 0.774253 0
    outer loop
      vertex 13.978 158.744 18
      vertex 13.8263 158.62 25
      vertex 13.978 158.744 25
    endloop
  endfacet
  facet normal -0.632876 0.774253 0
    outer loop
      vertex 13.8263 158.62 25
      vertex 13.978 158.744 18
      vertex 13.8263 158.62 18
    endloop
  endfacet
  facet normal 0.163003 -0.986626 0
    outer loop
      vertex 1.41473 175.942 18
      vertex 1.60842 175.974 25
      vertex 1.41473 175.942 25
    endloop
  endfacet
  facet normal 0.163003 -0.986626 0
    outer loop
      vertex 1.60842 175.974 25
      vertex 1.41473 175.942 18
      vertex 1.60842 175.974 18
    endloop
  endfacet
  facet normal -0.632876 -0.774253 0
    outer loop
      vertex 13.8263 175.38 18
      vertex 13.978 175.256 25
      vertex 13.8263 175.38 25
    endloop
  endfacet
  facet normal -0.632876 -0.774253 -0
    outer loop
      vertex 13.978 175.256 25
      vertex 13.8263 175.38 18
      vertex 13.978 175.256 18
    endloop
  endfacet
  facet normal -0.581238 -0.813733 0
    outer loop
      vertex 13.6667 175.494 18
      vertex 13.8263 175.38 25
      vertex 13.6667 175.494 25
    endloop
  endfacet
  facet normal -0.581238 -0.813733 -0
    outer loop
      vertex 13.8263 175.38 25
      vertex 13.6667 175.494 18
      vertex 13.8263 175.38 18
    endloop
  endfacet
  facet normal -0.290432 -0.956896 0
    outer loop
      vertex 12.7765 175.898 18
      vertex 12.9643 175.841 25
      vertex 12.7765 175.898 25
    endloop
  endfacet
  facet normal -0.290432 -0.956896 -0
    outer loop
      vertex 12.9643 175.841 25
      vertex 12.7765 175.898 18
      vertex 12.9643 175.841 18
    endloop
  endfacet
  facet normal 0.685756 -0.727832 0
    outer loop
      vertex -0.121321 175.121 18
      vertex 0.0219622 175.256 25
      vertex -0.121321 175.121 25
    endloop
  endfacet
  facet normal 0.685756 -0.727832 0
    outer loop
      vertex 0.0219622 175.256 25
      vertex -0.121321 175.121 18
      vertex 0.0219622 175.256 18
    endloop
  endfacet
  facet normal -0.529313 0.848427 0
    outer loop
      vertex 13.6667 158.506 18
      vertex 13.5 158.402 25
      vertex 13.6667 158.506 25
    endloop
  endfacet
  facet normal -0.529313 0.848427 0
    outer loop
      vertex 13.5 158.402 25
      vertex 13.6667 158.506 18
      vertex 13.5 158.402 18
    endloop
  endfacet
  facet normal 0.290347 0.956922 -0
    outer loop
      vertex 1.22354 158.102 18
      vertex 1.03568 158.159 25
      vertex 1.22354 158.102 25
    endloop
  endfacet
  facet normal 0.290347 0.956922 0
    outer loop
      vertex 1.03568 158.159 25
      vertex 1.22354 158.102 18
      vertex 1.03568 158.159 18
    endloop
  endfacet
  facet normal 0.632742 -0.774363 0
    outer loop
      vertex 0.0219622 175.256 18
      vertex 0.173716 175.38 25
      vertex 0.0219622 175.256 25
    endloop
  endfacet
  facet normal 0.632742 -0.774363 0
    outer loop
      vertex 0.173716 175.38 25
      vertex 0.0219622 175.256 18
      vertex 0.173716 175.38 18
    endloop
  endfacet
  facet normal -0.224264 -0.974528 0
    outer loop
      vertex 12.5853 175.942 18
      vertex 12.7765 175.898 25
      vertex 12.5853 175.942 25
    endloop
  endfacet
  facet normal -0.224264 -0.974528 -0
    outer loop
      vertex 12.7765 175.898 25
      vertex 12.5853 175.942 18
      vertex 12.7765 175.898 18
    endloop
  endfacet
  facet normal 0.773517 -0.633775 -1.01853e-18
    outer loop
      vertex -0.38006 174.826 25
      vertex -0.25552 174.978 18
      vertex -0.25552 174.978 25
    endloop
  endfacet
  facet normal 0.773517 -0.633775 -1.01853e-18
    outer loop
      vertex -0.25552 174.978 18
      vertex -0.38006 174.826 25
      vertex -0.38006 174.826 18
    endloop
  endfacet
  facet normal 0.351576 0.936159 -0
    outer loop
      vertex 1.03568 158.159 18
      vertex 0.85195 158.228 25
      vertex 1.03568 158.159 25
    endloop
  endfacet
  facet normal 0.351576 0.936159 0
    outer loop
      vertex 0.85195 158.228 25
      vertex 1.03568 158.159 18
      vertex 0.85195 158.228 18
    endloop
  endfacet
  facet normal 0.529287 -0.848443 0
    outer loop
      vertex 0.333289 175.494 18
      vertex 0.5 175.598 25
      vertex 0.333289 175.494 25
    endloop
  endfacet
  facet normal 0.529287 -0.848443 0
    outer loop
      vertex 0.5 175.598 25
      vertex 0.333289 175.494 18
      vertex 0.5 175.598 18
    endloop
  endfacet
  facet normal 0.473208 -0.880951 0
    outer loop
      vertex 0.5 175.598 18
      vertex 0.673134 175.691 25
      vertex 0.5 175.598 25
    endloop
  endfacet
  facet normal 0.473208 -0.880951 0
    outer loop
      vertex 0.673134 175.691 25
      vertex 0.5 175.598 18
      vertex 0.673134 175.691 18
    endloop
  endfacet
  facet normal -0.41246 0.910976 0
    outer loop
      vertex 13.3269 158.309 18
      vertex 13.148 158.228 25
      vertex 13.3269 158.309 25
    endloop
  endfacet
  facet normal -0.41246 0.910976 0
    outer loop
      vertex 13.148 158.228 25
      vertex 13.3269 158.309 18
      vertex 13.148 158.228 18
    endloop
  endfacet
  facet normal 0.957 0.290088 -2.41194e-19
    outer loop
      vertex -0.840791 160.036 25
      vertex -0.897778 160.224 18
      vertex -0.897778 160.224 25
    endloop
  endfacet
  facet normal 0.957 0.290088 -2.41194e-19
    outer loop
      vertex -0.897778 160.224 18
      vertex -0.840791 160.036 25
      vertex -0.840791 160.036 18
    endloop
  endfacet
  facet normal 0.41262 0.910903 -0
    outer loop
      vertex 0.85195 158.228 18
      vertex 0.673134 158.309 25
      vertex 0.85195 158.228 25
    endloop
  endfacet
  facet normal 0.41262 0.910903 0
    outer loop
      vertex 0.673134 158.309 25
      vertex 0.85195 158.228 18
      vertex 0.673134 158.309 18
    endloop
  endfacet
  facet normal 0.849613 0.527406 -1.3476e-19
    outer loop
      vertex -0.49441 159.333 25
      vertex -0.598077 159.5 18
      vertex -0.598077 159.5 25
    endloop
  endfacet
  facet normal 0.849613 0.527406 -1.3476e-19
    outer loop
      vertex -0.598077 159.5 18
      vertex -0.49441 159.333 25
      vertex -0.49441 159.333 18
    endloop
  endfacet
  facet normal 0.41262 -0.910903 0
    outer loop
      vertex 0.673134 175.691 18
      vertex 0.85195 175.772 25
      vertex 0.673134 175.691 25
    endloop
  endfacet
  facet normal 0.41262 -0.910903 0
    outer loop
      vertex 0.85195 175.772 25
      vertex 0.673134 175.691 18
      vertex 0.85195 175.772 18
    endloop
  endfacet
  facet normal -0.101822 -0.994803 0
    outer loop
      vertex 12.1962 175.994 18
      vertex 12.3916 175.974 25
      vertex 12.1962 175.994 25
    endloop
  endfacet
  facet normal -0.101822 -0.994803 -0
    outer loop
      vertex 12.3916 175.974 25
      vertex 12.1962 175.994 18
      vertex 12.3916 175.974 18
    endloop
  endfacet
  facet normal 0.72919 -0.684311 -9.89216e-19
    outer loop
      vertex -0.25552 174.978 25
      vertex -0.121321 175.121 18
      vertex -0.121321 175.121 25
    endloop
  endfacet
  facet normal 0.72919 -0.684311 -9.89216e-19
    outer loop
      vertex -0.121321 175.121 18
      vertex -0.25552 174.978 25
      vertex -0.25552 174.978 18
    endloop
  endfacet
  facet normal -0.690476 0.723356 0
    outer loop
      vertex 14 158.765 18
      vertex 13.978 158.744 25
      vertex 14 158.765 25
    endloop
  endfacet
  facet normal -0.690476 0.723356 0
    outer loop
      vertex 13.978 158.744 25
      vertex 14 158.765 18
      vertex 13.978 158.744 18
    endloop
  endfacet
  facet normal 0.163003 0.986626 -0
    outer loop
      vertex 1.60842 158.026 18
      vertex 1.41473 158.058 25
      vertex 1.60842 158.026 25
    endloop
  endfacet
  facet normal 0.163003 0.986626 0
    outer loop
      vertex 1.41473 158.058 25
      vertex 1.60842 158.026 18
      vertex 1.41473 158.058 18
    endloop
  endfacet
  facet normal -0.729048 -0.684462 -8.69164e-20
    outer loop
      vertex 14.2349 175 18
      vertex 14.1213 175.121 21
      vertex 14.1213 175.121 18
    endloop
  endfacet
  facet normal -0.729048 -0.684462 -8.69164e-20
    outer loop
      vertex 14.1213 175.121 21
      vertex 14.2349 175 18
      vertex 14.2349 175 21
    endloop
  endfacet
  facet normal 0.351576 -0.936159 0
    outer loop
      vertex 0.85195 175.772 18
      vertex 1.03568 175.841 25
      vertex 0.85195 175.772 25
    endloop
  endfacet
  facet normal 0.351576 -0.936159 0
    outer loop
      vertex 1.03568 175.841 25
      vertex 0.85195 175.772 18
      vertex 1.03568 175.841 18
    endloop
  endfacet
  facet normal -0.162995 -0.986627 0
    outer loop
      vertex 12.3916 175.974 18
      vertex 12.5853 175.942 25
      vertex 12.3916 175.974 25
    endloop
  endfacet
  facet normal -0.162995 -0.986627 -0
    outer loop
      vertex 12.5853 175.942 25
      vertex 12.3916 175.974 18
      vertex 12.5853 175.942 18
    endloop
  endfacet
  facet normal 0.224275 0.974526 -0
    outer loop
      vertex 1.41473 158.058 18
      vertex 1.22354 158.102 25
      vertex 1.41473 158.058 25
    endloop
  endfacet
  facet normal 0.224275 0.974526 0
    outer loop
      vertex 1.22354 158.102 25
      vertex 1.41473 158.058 18
      vertex 1.22354 158.102 18
    endloop
  endfacet
  facet normal 0.811849 -0.583867 9.47753e-19
    outer loop
      vertex -0.49441 174.667 25
      vertex -0.38006 174.826 18
      vertex -0.38006 174.826 25
    endloop
  endfacet
  facet normal 0.811849 -0.583867 9.47753e-19
    outer loop
      vertex -0.38006 174.826 18
      vertex -0.49441 174.667 25
      vertex -0.49441 174.667 18
    endloop
  endfacet
  facet normal 0.473208 0.880951 -0
    outer loop
      vertex 0.673134 158.309 18
      vertex 0.5 158.402 25
      vertex 0.673134 158.309 25
    endloop
  endfacet
  facet normal 0.473208 0.880951 0
    outer loop
      vertex 0.5 158.402 25
      vertex 0.673134 158.309 18
      vertex 0.5 158.402 18
    endloop
  endfacet
  facet normal 0.581303 -0.813687 0
    outer loop
      vertex 0.173716 175.38 18
      vertex 0.333289 175.494 25
      vertex 0.173716 175.38 25
    endloop
  endfacet
  facet normal 0.581303 -0.813687 0
    outer loop
      vertex 0.333289 175.494 25
      vertex 0.173716 175.38 18
      vertex 0.333289 175.494 18
    endloop
  endfacet
  facet normal 0.773517 0.633775 1.01853e-18
    outer loop
      vertex -0.25552 159.022 25
      vertex -0.38006 159.174 18
      vertex -0.38006 159.174 25
    endloop
  endfacet
  facet normal 0.773517 0.633775 1.01853e-18
    outer loop
      vertex -0.38006 159.174 18
      vertex -0.25552 159.022 25
      vertex -0.25552 159.022 18
    endloop
  endfacet
  facet normal 0 0 -1
    outer loop
      vertex 13.8263 158.62 25
      vertex 14 158.765 25
      vertex 13.978 158.744 25
    endloop
  endfacet
  facet normal -0 0 -1
    outer loop
      vertex 14 158.765 25
      vertex 12 158 25
      vertex 14 175.235 25
    endloop
  endfacet
  facet normal 0 0 -1
    outer loop
      vertex 14 158.765 25
      vertex 13.8263 158.62 25
      vertex 12 158 25
    endloop
  endfacet
  facet normal 0 0 -1
    outer loop
      vertex 12 176 25
      vertex 14 175.235 25
      vertex 12 158 25
    endloop
  endfacet
  facet normal 0 0 -1
    outer loop
      vertex 12 158 25
      vertex 13.8263 158.62 25
      vertex 13.6667 158.506 25
    endloop
  endfacet
  facet normal -0 -0 -1
    outer loop
      vertex 13.8263 175.38 25
      vertex 14 175.235 25
      vertex 12 176 25
    endloop
  endfacet
  facet normal 0 0 -1
    outer loop
      vertex 12 158 25
      vertex 13.6667 158.506 25
      vertex 13.5 158.402 25
    endloop
  endfacet
  facet normal 0 0 -1
    outer loop
      vertex 14 175.235 25
      vertex 13.8263 175.38 25
      vertex 13.978 175.256 25
    endloop
  endfacet
  facet normal 0 0 -1
    outer loop
      vertex 12 158 25
      vertex 13.5 158.402 25
      vertex 13.3269 158.309 25
    endloop
  endfacet
  facet normal 0 0 -1
    outer loop
      vertex 13.8263 175.38 25
      vertex 12 176 25
      vertex 13.6667 175.494 25
    endloop
  endfacet
  facet normal 0 0 -1
    outer loop
      vertex 12 158 25
      vertex 13.3269 158.309 25
      vertex 13.148 158.228 25
    endloop
  endfacet
  facet normal 0 0 -1
    outer loop
      vertex 13.6667 175.494 25
      vertex 12 176 25
      vertex 13.5 175.598 25
    endloop
  endfacet
  facet normal 0 0 -1
    outer loop
      vertex 12 158 25
      vertex 13.148 158.228 25
      vertex 12.9643 158.159 25
    endloop
  endfacet
  facet normal 0 0 -1
    outer loop
      vertex 13.5 175.598 25
      vertex 12 176 25
      vertex 13.3269 175.691 25
    endloop
  endfacet
  facet normal 0 0 -1
    outer loop
      vertex 12 158 25
      vertex 12.9643 158.159 25
      vertex 12.7765 158.102 25
    endloop
  endfacet
  facet normal 0 0 -1
    outer loop
      vertex 13.3269 175.691 25
      vertex 12 176 25
      vertex 13.148 175.772 25
    endloop
  endfacet
  facet normal 0 0 -1
    outer loop
      vertex 12 158 25
      vertex 12.7765 158.102 25
      vertex 12.5853 158.058 25
    endloop
  endfacet
  facet normal 0 0 -1
    outer loop
      vertex 13.148 175.772 25
      vertex 12 176 25
      vertex 12.9643 175.841 25
    endloop
  endfacet
  facet normal 0 0 -1
    outer loop
      vertex 12 158 25
      vertex 12.5853 158.058 25
      vertex 12.3916 158.026 25
    endloop
  endfacet
  facet normal 0 0 -1
    outer loop
      vertex 12.9643 175.841 25
      vertex 12 176 25
      vertex 12.7765 175.898 25
    endloop
  endfacet
  facet normal 0 0 -1
    outer loop
      vertex 12 158 25
      vertex 12.3916 158.026 25
      vertex 12.1962 158.006 25
    endloop
  endfacet
  facet normal 0 0 -1
    outer loop
      vertex 12.7765 175.898 25
      vertex 12 176 25
      vertex 12.5853 175.942 25
    endloop
  endfacet
  facet normal 0 0 -1
    outer loop
      vertex 12.5853 175.942 25
      vertex 12 176 25
      vertex 12.3916 175.974 25
    endloop
  endfacet
  facet normal 0 0 -1
    outer loop
      vertex 12.3916 175.974 25
      vertex 12 176 25
      vertex 12.1962 175.994 25
    endloop
  endfacet
  facet normal 0 0 -1
    outer loop
      vertex -1 161 25
      vertex 12 158 25
      vertex 2 158 25
    endloop
  endfacet
  facet normal 0 0 -1
    outer loop
      vertex 12 158 25
      vertex -1 161 25
      vertex 12 176 25
    endloop
  endfacet
  facet normal 0 0 -1
    outer loop
      vertex -1 161 25
      vertex 2 158 25
      vertex 1.80379 158.006 25
    endloop
  endfacet
  facet normal 0 0 -1
    outer loop
      vertex -1 173 25
      vertex 12 176 25
      vertex -1 161 25
    endloop
  endfacet
  facet normal 0 0 -1
    outer loop
      vertex -1 161 25
      vertex 1.80379 158.006 25
      vertex 1.60842 158.026 25
    endloop
  endfacet
  facet normal -0 0 -1
    outer loop
      vertex 12 176 25
      vertex -1 173 25
      vertex 2 176 25
    endloop
  endfacet
  facet normal 0 0 -1
    outer loop
      vertex -1 161 25
      vertex 1.60842 158.026 25
      vertex 1.41473 158.058 25
    endloop
  endfacet
  facet normal 0 0 -1
    outer loop
      vertex 2 176 25
      vertex -1 173 25
      vertex 1.80379 175.994 25
    endloop
  endfacet
  facet normal 0 0 -1
    outer loop
      vertex -1 161 25
      vertex 1.41473 158.058 25
      vertex 1.22354 158.102 25
    endloop
  endfacet
  facet normal 0 0 -1
    outer loop
      vertex 1.80379 175.994 25
      vertex -1 173 25
      vertex 1.60842 175.974 25
    endloop
  endfacet
  facet normal 0 0 -1
    outer loop
      vertex -1 161 25
      vertex 1.22354 158.102 25
      vertex 1.03568 158.159 25
    endloop
  endfacet
  facet normal 0 0 -1
    outer loop
      vertex 1.60842 175.974 25
      vertex -1 173 25
      vertex 1.41473 175.942 25
    endloop
  endfacet
  facet normal 0 0 -1
    outer loop
      vertex -1 161 25
      vertex 1.03568 158.159 25
      vertex 0.85195 158.228 25
    endloop
  endfacet
  facet normal 0 0 -1
    outer loop
      vertex 1.41473 175.942 25
      vertex -1 173 25
      vertex 1.22354 175.898 25
    endloop
  endfacet
  facet normal 0 0 -1
    outer loop
      vertex -1 161 25
      vertex 0.85195 158.228 25
      vertex 0.673134 158.309 25
    endloop
  endfacet
  facet normal 0 0 -1
    outer loop
      vertex 1.22354 175.898 25
      vertex -1 173 25
      vertex 1.03568 175.841 25
    endloop
  endfacet
  facet normal 0 0 -1
    outer loop
      vertex -1 161 25
      vertex 0.673134 158.309 25
      vertex 0.5 158.402 25
    endloop
  endfacet
  facet normal 0 0 -1
    outer loop
      vertex 1.03568 175.841 25
      vertex -1 173 25
      vertex 0.85195 175.772 25
    endloop
  endfacet
  facet normal 0 0 -1
    outer loop
      vertex -1 161 25
      vertex 0.5 158.402 25
      vertex 0.333289 158.506 25
    endloop
  endfacet
  facet normal 0 0 -1
    outer loop
      vertex 0.85195 175.772 25
      vertex -1 173 25
      vertex 0.673134 175.691 25
    endloop
  endfacet
  facet normal 0 0 -1
    outer loop
      vertex -1 161 25
      vertex 0.333289 158.506 25
      vertex 0.173716 158.62 25
    endloop
  endfacet
  facet normal 0 0 -1
    outer loop
      vertex 0.673134 175.691 25
      vertex -1 173 25
      vertex 0.5 175.598 25
    endloop
  endfacet
  facet normal 0 0 -1
    outer loop
      vertex -1 161 25
      vertex 0.173716 158.62 25
      vertex 0.0219622 158.744 25
    endloop
  endfacet
  facet normal 0 0 -1
    outer loop
      vertex 0.5 175.598 25
      vertex -1 173 25
      vertex 0.333289 175.494 25
    endloop
  endfacet
  facet normal 0 0 -1
    outer loop
      vertex -1 161 25
      vertex 0.0219622 158.744 25
      vertex -0.121321 158.879 25
    endloop
  endfacet
  facet normal 0 0 -1
    outer loop
      vertex 0.333289 175.494 25
      vertex -1 173 25
      vertex 0.173716 175.38 25
    endloop
  endfacet
  facet normal 0 0 -1
    outer loop
      vertex -1 161 25
      vertex -0.121321 158.879 25
      vertex -0.25552 159.022 25
    endloop
  endfacet
  facet normal 0 0 -1
    outer loop
      vertex 0.173716 175.38 25
      vertex -1 173 25
      vertex 0.0219622 175.256 25
    endloop
  endfacet
  facet normal 0 0 -1
    outer loop
      vertex -1 161 25
      vertex -0.25552 159.022 25
      vertex -0.38006 159.174 25
    endloop
  endfacet
  facet normal 0 0 -1
    outer loop
      vertex 0.0219622 175.256 25
      vertex -1 173 25
      vertex -0.121321 175.121 25
    endloop
  endfacet
  facet normal 0 0 -1
    outer loop
      vertex -1 161 25
      vertex -0.38006 159.174 25
      vertex -0.49441 159.333 25
    endloop
  endfacet
  facet normal 0 0 -1
    outer loop
      vertex -0.121321 175.121 25
      vertex -1 173 25
      vertex -0.25552 174.978 25
    endloop
  endfacet
  facet normal 0 0 -1
    outer loop
      vertex -1 161 25
      vertex -0.49441 159.333 25
      vertex -0.598077 159.5 25
    endloop
  endfacet
  facet normal 0 0 -1
    outer loop
      vertex -0.25552 174.978 25
      vertex -1 173 25
      vertex -0.38006 174.826 25
    endloop
  endfacet
  facet normal 0 0 -1
    outer loop
      vertex -1 161 25
      vertex -0.598077 159.5 25
      vertex -0.690619 159.673 25
    endloop
  endfacet
  facet normal 0 0 -1
    outer loop
      vertex -0.38006 174.826 25
      vertex -1 173 25
      vertex -0.49441 174.667 25
    endloop
  endfacet
  facet normal 0 0 -1
    outer loop
      vertex -1 161 25
      vertex -0.690619 159.673 25
      vertex -0.771639 159.852 25
    endloop
  endfacet
  facet normal 0 0 -1
    outer loop
      vertex -0.49441 174.667 25
      vertex -1 173 25
      vertex -0.598077 174.5 25
    endloop
  endfacet
  facet normal 0 0 -1
    outer loop
      vertex -1 161 25
      vertex -0.771639 159.852 25
      vertex -0.840791 160.036 25
    endloop
  endfacet
  facet normal 0 0 -1
    outer loop
      vertex -0.598077 174.5 25
      vertex -1 173 25
      vertex -0.690619 174.327 25
    endloop
  endfacet
  facet normal 0 0 -1
    outer loop
      vertex -1 161 25
      vertex -0.840791 160.036 25
      vertex -0.897778 160.224 25
    endloop
  endfacet
  facet normal 0 0 -1
    outer loop
      vertex -0.690619 174.327 25
      vertex -1 173 25
      vertex -0.771639 174.148 25
    endloop
  endfacet
  facet normal 0 0 -1
    outer loop
      vertex -1 161 25
      vertex -0.897778 160.224 25
      vertex -0.942356 160.415 25
    endloop
  endfacet
  facet normal 0 0 -1
    outer loop
      vertex -0.771639 174.148 25
      vertex -1 173 25
      vertex -0.840791 173.964 25
    endloop
  endfacet
  facet normal 0 0 -1
    outer loop
      vertex -1 161 25
      vertex -0.942356 160.415 25
      vertex -0.974335 160.608 25
    endloop
  endfacet
  facet normal 0 0 -1
    outer loop
      vertex -0.840791 173.964 25
      vertex -1 173 25
      vertex -0.897778 173.776 25
    endloop
  endfacet
  facet normal 0 0 -1
    outer loop
      vertex -1 161 25
      vertex -0.974335 160.608 25
      vertex -0.993577 160.804 25
    endloop
  endfacet
  facet normal 0 0 -1
    outer loop
      vertex -0.897778 173.776 25
      vertex -1 173 25
      vertex -0.942356 173.585 25
    endloop
  endfacet
  facet normal 0 0 -1
    outer loop
      vertex -0.942356 173.585 25
      vertex -1 173 25
      vertex -0.974335 173.392 25
    endloop
  endfacet
  facet normal 0 0 -1
    outer loop
      vertex -0.974335 173.392 25
      vertex -1 173 25
      vertex -0.993577 173.196 25
    endloop
  endfacet
  facet normal 0 0 1
    outer loop
      vertex 14.1213 175.121 18
      vertex 14 175 18
      vertex 14.2349 175 18
    endloop
  endfacet
  facet normal 0 0 1
    outer loop
      vertex 13.978 175.256 18
      vertex 14 175 18
      vertex 14.1213 175.121 18
    endloop
  endfacet
  facet normal 0 0 1
    outer loop
      vertex 13.8263 175.38 18
      vertex 14 175 18
      vertex 13.978 175.256 18
    endloop
  endfacet
  facet normal 0 0 1
    outer loop
      vertex 12 158 18
      vertex 14 175 18
      vertex 12 176 18
    endloop
  endfacet
  facet normal 0 0 1
    outer loop
      vertex 13.6667 175.494 18
      vertex 14 175 18
      vertex 13.8263 175.38 18
    endloop
  endfacet
  facet normal 0 0 1
    outer loop
      vertex 14 175 18
      vertex 12 158 18
      vertex 14 158.765 18
    endloop
  endfacet
  facet normal 0 0 1
    outer loop
      vertex 13.5 175.598 18
      vertex 14 175 18
      vertex 13.6667 175.494 18
    endloop
  endfacet
  facet normal 0 -0 1
    outer loop
      vertex 13.8263 158.62 18
      vertex 14 158.765 18
      vertex 12 158 18
    endloop
  endfacet
  facet normal 0 0 1
    outer loop
      vertex 13.3269 175.691 18
      vertex 14 175 18
      vertex 13.5 175.598 18
    endloop
  endfacet
  facet normal 0 0 1
    outer loop
      vertex 14 158.765 18
      vertex 13.8263 158.62 18
      vertex 13.978 158.744 18
    endloop
  endfacet
  facet normal 0 0 1
    outer loop
      vertex 13.148 175.772 18
      vertex 14 175 18
      vertex 13.3269 175.691 18
    endloop
  endfacet
  facet normal 0 0 1
    outer loop
      vertex 13.8263 158.62 18
      vertex 12 158 18
      vertex 13.6667 158.506 18
    endloop
  endfacet
  facet normal 0 0 1
    outer loop
      vertex 12.9643 175.841 18
      vertex 14 175 18
      vertex 13.148 175.772 18
    endloop
  endfacet
  facet normal 0 0 1
    outer loop
      vertex 13.6667 158.506 18
      vertex 12 158 18
      vertex 13.5 158.402 18
    endloop
  endfacet
  facet normal 0 0 1
    outer loop
      vertex 12.7765 175.898 18
      vertex 14 175 18
      vertex 12.9643 175.841 18
    endloop
  endfacet
  facet normal 0 0 1
    outer loop
      vertex 13.5 158.402 18
      vertex 12 158 18
      vertex 13.3269 158.309 18
    endloop
  endfacet
  facet normal 0 0 1
    outer loop
      vertex 12.5853 175.942 18
      vertex 14 175 18
      vertex 12.7765 175.898 18
    endloop
  endfacet
  facet normal 0 0 1
    outer loop
      vertex 13.3269 158.309 18
      vertex 12 158 18
      vertex 13.148 158.228 18
    endloop
  endfacet
  facet normal 0 0 1
    outer loop
      vertex 12.3916 175.974 18
      vertex 14 175 18
      vertex 12.5853 175.942 18
    endloop
  endfacet
  facet normal 0 0 1
    outer loop
      vertex 13.148 158.228 18
      vertex 12 158 18
      vertex 12.9643 158.159 18
    endloop
  endfacet
  facet normal 0 0 1
    outer loop
      vertex 12.1962 175.994 18
      vertex 14 175 18
      vertex 12.3916 175.974 18
    endloop
  endfacet
  facet normal 0 0 1
    outer loop
      vertex 12.9643 158.159 18
      vertex 12 158 18
      vertex 12.7765 158.102 18
    endloop
  endfacet
  facet normal 0 0 1
    outer loop
      vertex 14 175 18
      vertex 12.1962 175.994 18
      vertex 12 176 18
    endloop
  endfacet
  facet normal 0 0 1
    outer loop
      vertex 12.7765 158.102 18
      vertex 12 158 18
      vertex 12.5853 158.058 18
    endloop
  endfacet
  facet normal 0 0 1
    outer loop
      vertex 12.5853 158.058 18
      vertex 12 158 18
      vertex 12.3916 158.026 18
    endloop
  endfacet
  facet normal 0 0 1
    outer loop
      vertex 12.3916 158.026 18
      vertex 12 158 18
      vertex 12.1962 158.006 18
    endloop
  endfacet
  facet normal 0 0 1
    outer loop
      vertex -1 173 18
      vertex 12 176 18
      vertex 2 176 18
    endloop
  endfacet
  facet normal 0 0 1
    outer loop
      vertex 12 176 18
      vertex -1 173 18
      vertex 12 158 18
    endloop
  endfacet
  facet normal 0 0 1
    outer loop
      vertex -1 173 18
      vertex 2 176 18
      vertex 1.80379 175.994 18
    endloop
  endfacet
  facet normal -0 0 1
    outer loop
      vertex -1 161 18
      vertex 12 158 18
      vertex -1 173 18
    endloop
  endfacet
  facet normal 0 0 1
    outer loop
      vertex -1 173 18
      vertex 1.80379 175.994 18
      vertex 1.60842 175.974 18
    endloop
  endfacet
  facet normal 0 0 1
    outer loop
      vertex 12 158 18
      vertex -1 161 18
      vertex 2 158 18
    endloop
  endfacet
  facet normal 0 0 1
    outer loop
      vertex -1 173 18
      vertex 1.60842 175.974 18
      vertex 1.41473 175.942 18
    endloop
  endfacet
  facet normal 0 0 1
    outer loop
      vertex 2 158 18
      vertex -1 161 18
      vertex 1.80379 158.006 18
    endloop
  endfacet
  facet normal 0 0 1
    outer loop
      vertex -1 173 18
      vertex 1.41473 175.942 18
      vertex 1.22354 175.898 18
    endloop
  endfacet
  facet normal 0 0 1
    outer loop
      vertex 1.80379 158.006 18
      vertex -1 161 18
      vertex 1.60842 158.026 18
    endloop
  endfacet
  facet normal 0 0 1
    outer loop
      vertex -1 173 18
      vertex 1.22354 175.898 18
      vertex 1.03568 175.841 18
    endloop
  endfacet
  facet normal 0 0 1
    outer loop
      vertex 1.60842 158.026 18
      vertex -1 161 18
      vertex 1.41473 158.058 18
    endloop
  endfacet
  facet normal 0 0 1
    outer loop
      vertex -1 173 18
      vertex 1.03568 175.841 18
      vertex 0.85195 175.772 18
    endloop
  endfacet
  facet normal 0 0 1
    outer loop
      vertex 1.41473 158.058 18
      vertex -1 161 18
      vertex 1.22354 158.102 18
    endloop
  endfacet
  facet normal 0 0 1
    outer loop
      vertex -1 173 18
      vertex 0.85195 175.772 18
      vertex 0.673134 175.691 18
    endloop
  endfacet
  facet normal 0 0 1
    outer loop
      vertex 1.22354 158.102 18
      vertex -1 161 18
      vertex 1.03568 158.159 18
    endloop
  endfacet
  facet normal 0 0 1
    outer loop
      vertex -1 173 18
      vertex 0.673134 175.691 18
      vertex 0.5 175.598 18
    endloop
  endfacet
  facet normal 0 0 1
    outer loop
      vertex 1.03568 158.159 18
      vertex -1 161 18
      vertex 0.85195 158.228 18
    endloop
  endfacet
  facet normal 0 0 1
    outer loop
      vertex -1 173 18
      vertex 0.5 175.598 18
      vertex 0.333289 175.494 18
    endloop
  endfacet
  facet normal 0 0 1
    outer loop
      vertex 0.85195 158.228 18
      vertex -1 161 18
      vertex 0.673134 158.309 18
    endloop
  endfacet
  facet normal 0 0 1
    outer loop
      vertex -1 173 18
      vertex 0.333289 175.494 18
      vertex 0.173716 175.38 18
    endloop
  endfacet
  facet normal 0 0 1
    outer loop
      vertex 0.673134 158.309 18
      vertex -1 161 18
      vertex 0.5 158.402 18
    endloop
  endfacet
  facet normal 0 0 1
    outer loop
      vertex -1 173 18
      vertex 0.173716 175.38 18
      vertex 0.0219622 175.256 18
    endloop
  endfacet
  facet normal 0 0 1
    outer loop
      vertex 0.5 158.402 18
      vertex -1 161 18
      vertex 0.333289 158.506 18
    endloop
  endfacet
  facet normal 0 0 1
    outer loop
      vertex -1 173 18
      vertex 0.0219622 175.256 18
      vertex -0.121321 175.121 18
    endloop
  endfacet
  facet normal 0 0 1
    outer loop
      vertex 0.333289 158.506 18
      vertex -1 161 18
      vertex 0.173716 158.62 18
    endloop
  endfacet
  facet normal 0 0 1
    outer loop
      vertex -1 173 18
      vertex -0.121321 175.121 18
      vertex -0.25552 174.978 18
    endloop
  endfacet
  facet normal 0 0 1
    outer loop
      vertex 0.173716 158.62 18
      vertex -1 161 18
      vertex 0.0219622 158.744 18
    endloop
  endfacet
  facet normal 0 0 1
    outer loop
      vertex -1 173 18
      vertex -0.25552 174.978 18
      vertex -0.38006 174.826 18
    endloop
  endfacet
  facet normal 0 0 1
    outer loop
      vertex 0.0219622 158.744 18
      vertex -1 161 18
      vertex -0.121321 158.879 18
    endloop
  endfacet
  facet normal 0 0 1
    outer loop
      vertex -1 173 18
      vertex -0.38006 174.826 18
      vertex -0.49441 174.667 18
    endloop
  endfacet
  facet normal 0 0 1
    outer loop
      vertex -0.121321 158.879 18
      vertex -1 161 18
      vertex -0.25552 159.022 18
    endloop
  endfacet
  facet normal 0 0 1
    outer loop
      vertex -1 173 18
      vertex -0.49441 174.667 18
      vertex -0.598077 174.5 18
    endloop
  endfacet
  facet normal 0 0 1
    outer loop
      vertex -0.25552 159.022 18
      vertex -1 161 18
      vertex -0.38006 159.174 18
    endloop
  endfacet
  facet normal 0 0 1
    outer loop
      vertex -1 173 18
      vertex -0.598077 174.5 18
      vertex -0.690619 174.327 18
    endloop
  endfacet
  facet normal 0 0 1
    outer loop
      vertex -0.38006 159.174 18
      vertex -1 161 18
      vertex -0.49441 159.333 18
    endloop
  endfacet
  facet normal 0 0 1
    outer loop
      vertex -1 173 18
      vertex -0.690619 174.327 18
      vertex -0.771639 174.148 18
    endloop
  endfacet
  facet normal 0 0 1
    outer loop
      vertex -0.49441 159.333 18
      vertex -1 161 18
      vertex -0.598077 159.5 18
    endloop
  endfacet
  facet normal 0 0 1
    outer loop
      vertex -1 173 18
      vertex -0.771639 174.148 18
      vertex -0.840791 173.964 18
    endloop
  endfacet
  facet normal 0 0 1
    outer loop
      vertex -0.598077 159.5 18
      vertex -1 161 18
      vertex -0.690619 159.673 18
    endloop
  endfacet
  facet normal 0 0 1
    outer loop
      vertex -1 173 18
      vertex -0.840791 173.964 18
      vertex -0.897778 173.776 18
    endloop
  endfacet
  facet normal 0 0 1
    outer loop
      vertex -0.690619 159.673 18
      vertex -1 161 18
      vertex -0.771639 159.852 18
    endloop
  endfacet
  facet normal 0 0 1
    outer loop
      vertex -1 173 18
      vertex -0.897778 173.776 18
      vertex -0.942356 173.585 18
    endloop
  endfacet
  facet normal 0 0 1
    outer loop
      vertex -0.771639 159.852 18
      vertex -1 161 18
      vertex -0.840791 160.036 18
    endloop
  endfacet
  facet normal 0 0 1
    outer loop
      vertex -1 173 18
      vertex -0.942356 173.585 18
      vertex -0.974335 173.392 18
    endloop
  endfacet
  facet normal 0 0 1
    outer loop
      vertex -0.840791 160.036 18
      vertex -1 161 18
      vertex -0.897778 160.224 18
    endloop
  endfacet
  facet normal 0 0 1
    outer loop
      vertex -1 173 18
      vertex -0.974335 173.392 18
      vertex -0.993577 173.196 18
    endloop
  endfacet
  facet normal 0 0 1
    outer loop
      vertex -0.897778 160.224 18
      vertex -1 161 18
      vertex -0.942356 160.415 18
    endloop
  endfacet
  facet normal 0 0 1
    outer loop
      vertex -0.942356 160.415 18
      vertex -1 161 18
      vertex -0.974335 160.608 18
    endloop
  endfacet
  facet normal 0 0 1
    outer loop
      vertex -0.974335 160.608 18
      vertex -1 161 18
      vertex -0.993577 160.804 18
    endloop
  endfacet
  facet normal 0.101838 0.994801 -0
    outer loop
      vertex 1.80379 158.006 18
      vertex 1.60842 158.026 25
      vertex 1.80379 158.006 25
    endloop
  endfacet
  facet normal 0.101838 0.994801 0
    outer loop
      vertex 1.60842 158.026 25
      vertex 1.80379 158.006 18
      vertex 1.60842 158.026 18
    endloop
  endfacet
  facet normal -0.995187 -0.0979904 1.18266e-20
    outer loop
      vertex 65.6964 34.1112 0
      vertex 65.6855 34.2219 21
      vertex 65.6855 34.2219 0
    endloop
  endfacet
  facet normal -0.995187 -0.0979904 1.18266e-20
    outer loop
      vertex 65.6855 34.2219 21
      vertex 65.6964 34.1112 0
      vertex 65.6964 34.1112 21
    endloop
  endfacet
  facet normal -0.999476 -0.0323571 -5.55652e-21
    outer loop
      vertex 65.7 34 0
      vertex 65.6964 34.1112 21
      vertex 65.6964 34.1112 0
    endloop
  endfacet
  facet normal -0.999476 -0.0323571 -5.55652e-21
    outer loop
      vertex 65.6964 34.1112 21
      vertex 65.7 34 0
      vertex 65.7 34 21
    endloop
  endfacet
  facet normal -0.986539 -0.163525 3.64271e-20
    outer loop
      vertex 65.6855 34.2219 0
      vertex 65.6673 34.3317 21
      vertex 65.6673 34.3317 0
    endloop
  endfacet
  facet normal -0.986539 -0.163525 3.64271e-20
    outer loop
      vertex 65.6673 34.3317 21
      vertex 65.6855 34.2219 0
      vertex 65.6855 34.2219 21
    endloop
  endfacet
  facet normal -0.97398 -0.226633 -8.55008e-20
    outer loop
      vertex 65.6673 34.3317 0
      vertex 65.6421 34.44 21
      vertex 65.6421 34.44 0
    endloop
  endfacet
  facet normal -0.97398 -0.226633 -8.55008e-20
    outer loop
      vertex 65.6421 34.44 21
      vertex 65.6673 34.3317 0
      vertex 65.6673 34.3317 21
    endloop
  endfacet
  facet normal 0.683343 0.730098 -0
    outer loop
      vertex 62.8791 32.7219 0
      vertex 62.7979 32.7979 21
      vertex 62.8791 32.7219 21
    endloop
  endfacet
  facet normal 0.683343 0.730098 0
    outer loop
      vertex 62.7979 32.7979 21
      vertex 62.8791 32.7219 0
      vertex 62.7979 32.7979 0
    endloop
  endfacet
  facet normal 0.290482 0.956881 -0
    outer loop
      vertex 63.56 32.3579 0
      vertex 63.4536 32.3902 21
      vertex 63.56 32.3579 21
    endloop
  endfacet
  facet normal 0.290482 0.956881 0
    outer loop
      vertex 63.4536 32.3902 21
      vertex 63.56 32.3579 0
      vertex 63.4536 32.3902 0
    endloop
  endfacet
  facet normal -0.84946 -0.527654 -1.63464e-19
    outer loop
      vertex 65.4722 34.85 0
      vertex 65.4135 34.9445 21
      vertex 65.4135 34.9445 0
    endloop
  endfacet
  facet normal -0.84946 -0.527654 -1.63464e-19
    outer loop
      vertex 65.4135 34.9445 21
      vertex 65.4722 34.85 0
      vertex 65.4722 34.85 21
    endloop
  endfacet
  facet normal -0.986539 0.163525 -3.64271e-20
    outer loop
      vertex 65.6673 33.6683 0
      vertex 65.6855 33.7781 21
      vertex 65.6855 33.7781 0
    endloop
  endfacet
  facet normal -0.986539 0.163525 -3.64271e-20
    outer loop
      vertex 65.6855 33.7781 21
      vertex 65.6673 33.6683 0
      vertex 65.6673 33.6683 21
    endloop
  endfacet
  facet normal 0.412719 0.910859 -0
    outer loop
      vertex 63.3494 32.4294 0
      vertex 63.2481 32.4753 21
      vertex 63.3494 32.4294 21
    endloop
  endfacet
  facet normal 0.412719 0.910859 0
    outer loop
      vertex 63.2481 32.4753 21
      vertex 63.3494 32.4294 0
      vertex 63.2481 32.4753 0
    endloop
  endfacet
  facet normal -0.0323571 0.999476 0
    outer loop
      vertex 64.1112 32.3036 0
      vertex 64 32.3 21
      vertex 64.1112 32.3036 21
    endloop
  endfacet
  facet normal -0.0323571 0.999476 0
    outer loop
      vertex 64 32.3 21
      vertex 64.1112 32.3036 0
      vertex 64 32.3 0
    endloop
  endfacet
  facet normal -0.634509 -0.772915 0
    outer loop
      vertex 65.0349 35.3487 0
      vertex 65.1209 35.2781 21
      vertex 65.0349 35.3487 21
    endloop
  endfacet
  facet normal -0.634509 -0.772915 -0
    outer loop
      vertex 65.1209 35.2781 21
      vertex 65.0349 35.3487 0
      vertex 65.1209 35.2781 0
    endloop
  endfacet
  facet normal -0.471847 -0.88168 0
    outer loop
      vertex 64.7519 35.5247 0
      vertex 64.85 35.4722 21
      vertex 64.7519 35.5247 21
    endloop
  endfacet
  facet normal -0.471847 -0.88168 -0
    outer loop
      vertex 64.85 35.4722 21
      vertex 64.7519 35.5247 0
      vertex 64.85 35.4722 0
    endloop
  endfacet
  facet normal 0.163525 -0.986539 0
    outer loop
      vertex 63.6683 35.6673 0
      vertex 63.7781 35.6855 21
      vertex 63.6683 35.6673 21
    endloop
  endfacet
  facet normal 0.163525 -0.986539 0
    outer loop
      vertex 63.7781 35.6855 21
      vertex 63.6683 35.6673 0
      vertex 63.7781 35.6855 0
    endloop
  endfacet
  facet normal -0.527654 -0.84946 0
    outer loop
      vertex 64.85 35.4722 0
      vertex 64.9445 35.4135 21
      vertex 64.85 35.4722 21
    endloop
  endfacet
  facet normal -0.527654 -0.84946 -0
    outer loop
      vertex 64.9445 35.4135 21
      vertex 64.85 35.4722 0
      vertex 64.9445 35.4135 0
    endloop
  endfacet
  facet normal 0.986539 -0.163525 -2.95988e-20
    outer loop
      vertex 62.3145 34.2219 21
      vertex 62.3327 34.3317 0
      vertex 62.3327 34.3317 21
    endloop
  endfacet
  facet normal 0.986539 -0.163525 -2.95988e-20
    outer loop
      vertex 62.3327 34.3317 0
      vertex 62.3145 34.2219 21
      vertex 62.3145 34.2219 0
    endloop
  endfacet
  facet normal -0.0323571 -0.999476 0
    outer loop
      vertex 64 35.7 0
      vertex 64.1112 35.6964 21
      vertex 64 35.7 21
    endloop
  endfacet
  facet normal -0.0323571 -0.999476 -0
    outer loop
      vertex 64.1112 35.6964 21
      vertex 64 35.7 0
      vertex 64.1112 35.6964 0
    endloop
  endfacet
  facet normal -0.956881 0.290482 -3.69065e-20
    outer loop
      vertex 65.6098 33.4536 0
      vertex 65.6421 33.56 21
      vertex 65.6421 33.56 0
    endloop
  endfacet
  facet normal -0.956881 0.290482 -3.69065e-20
    outer loop
      vertex 65.6421 33.56 21
      vertex 65.6098 33.4536 0
      vertex 65.6098 33.4536 21
    endloop
  endfacet
  facet normal -0.93596 0.352108 -1.63257e-19
    outer loop
      vertex 65.5706 33.3494 0
      vertex 65.6098 33.4536 21
      vertex 65.6098 33.4536 0
    endloop
  endfacet
  facet normal -0.93596 0.352108 -1.63257e-19
    outer loop
      vertex 65.6098 33.4536 21
      vertex 65.5706 33.3494 0
      vertex 65.5706 33.3494 21
    endloop
  endfacet
  facet normal -0.772915 -0.634509 -1.24027e-19
    outer loop
      vertex 65.3487 35.0349 0
      vertex 65.2781 35.1209 21
      vertex 65.2781 35.1209 0
    endloop
  endfacet
  facet normal -0.772915 -0.634509 -1.24027e-19
    outer loop
      vertex 65.2781 35.1209 21
      vertex 65.3487 35.0349 0
      vertex 65.3487 35.0349 21
    endloop
  endfacet
  facet normal -0.290482 0.956881 0
    outer loop
      vertex 64.5464 32.3902 0
      vertex 64.44 32.3579 21
      vertex 64.5464 32.3902 21
    endloop
  endfacet
  facet normal -0.290482 0.956881 0
    outer loop
      vertex 64.44 32.3579 21
      vertex 64.5464 32.3902 0
      vertex 64.44 32.3579 0
    endloop
  endfacet
  facet normal -0.93596 -0.352108 1.63257e-19
    outer loop
      vertex 65.6098 34.5464 0
      vertex 65.5706 34.6506 21
      vertex 65.5706 34.6506 0
    endloop
  endfacet
  facet normal -0.93596 -0.352108 1.63257e-19
    outer loop
      vertex 65.5706 34.6506 21
      vertex 65.6098 34.5464 0
      vertex 65.6098 34.5464 21
    endloop
  endfacet
  facet normal -0.226434 0.974026 0
    outer loop
      vertex 64.44 32.3579 0
      vertex 64.3316 32.3327 21
      vertex 64.44 32.3579 21
    endloop
  endfacet
  facet normal -0.226434 0.974026 0
    outer loop
      vertex 64.3316 32.3327 21
      vertex 64.44 32.3579 0
      vertex 64.3316 32.3327 0
    endloop
  endfacet
  facet normal 0.0323571 -0.999476 0
    outer loop
      vertex 63.8888 35.6964 0
      vertex 64 35.7 21
      vertex 63.8888 35.6964 21
    endloop
  endfacet
  facet normal 0.0323571 -0.999476 0
    outer loop
      vertex 64 35.7 21
      vertex 63.8888 35.6964 0
      vertex 64 35.7 0
    endloop
  endfacet
  facet normal -0.81276 -0.582598 -1.31585e-19
    outer loop
      vertex 65.4135 34.9445 0
      vertex 65.3487 35.0349 21
      vertex 65.3487 35.0349 0
    endloop
  endfacet
  facet normal -0.81276 -0.582598 -1.31585e-19
    outer loop
      vertex 65.3487 35.0349 21
      vertex 65.4135 34.9445 0
      vertex 65.4135 34.9445 21
    endloop
  endfacet
  facet normal -0.910859 -0.412719 -6.42872e-20
    outer loop
      vertex 65.5706 34.6506 0
      vertex 65.5247 34.7519 21
      vertex 65.5247 34.7519 0
    endloop
  endfacet
  facet normal -0.910859 -0.412719 -6.42872e-20
    outer loop
      vertex 65.5247 34.7519 21
      vertex 65.5706 34.6506 0
      vertex 65.5706 34.6506 21
    endloop
  endfacet
  facet normal 0.634509 -0.772915 0
    outer loop
      vertex 62.8791 35.2781 0
      vertex 62.9651 35.3487 21
      vertex 62.8791 35.2781 21
    endloop
  endfacet
  facet normal 0.634509 -0.772915 0
    outer loop
      vertex 62.9651 35.3487 21
      vertex 62.8791 35.2781 0
      vertex 62.9651 35.3487 0
    endloop
  endfacet
  facet normal -0.352108 -0.93596 0
    outer loop
      vertex 64.5464 35.6098 0
      vertex 64.6506 35.5706 21
      vertex 64.5464 35.6098 21
    endloop
  endfacet
  facet normal -0.352108 -0.93596 -0
    outer loop
      vertex 64.6506 35.5706 21
      vertex 64.5464 35.6098 0
      vertex 64.6506 35.5706 0
    endloop
  endfacet
  facet normal -0.527654 0.84946 0
    outer loop
      vertex 64.9445 32.5865 0
      vertex 64.85 32.5278 21
      vertex 64.9445 32.5865 21
    endloop
  endfacet
  facet normal -0.527654 0.84946 0
    outer loop
      vertex 64.85 32.5278 21
      vertex 64.9445 32.5865 0
      vertex 64.85 32.5278 0
    endloop
  endfacet
  facet normal -0.0979904 0.995187 0
    outer loop
      vertex 64.2219 32.3145 0
      vertex 64.1112 32.3036 21
      vertex 64.2219 32.3145 21
    endloop
  endfacet
  facet normal -0.0979904 0.995187 0
    outer loop
      vertex 64.1112 32.3036 21
      vertex 64.2219 32.3145 0
      vertex 64.1112 32.3036 0
    endloop
  endfacet
  facet normal 0.97398 0.226633 -8.55008e-20
    outer loop
      vertex 62.3579 33.56 21
      vertex 62.3327 33.6683 0
      vertex 62.3327 33.6683 21
    endloop
  endfacet
  facet normal 0.97398 0.226633 -8.55008e-20
    outer loop
      vertex 62.3327 33.6683 0
      vertex 62.3579 33.56 21
      vertex 62.3579 33.56 0
    endloop
  endfacet
  facet normal 0.226633 0.97398 -0
    outer loop
      vertex 63.6683 32.3327 0
      vertex 63.56 32.3579 21
      vertex 63.6683 32.3327 21
    endloop
  endfacet
  facet normal 0.226633 0.97398 0
    outer loop
      vertex 63.56 32.3579 21
      vertex 63.6683 32.3327 0
      vertex 63.56 32.3579 0
    endloop
  endfacet
  facet normal -0.16367 -0.986515 0
    outer loop
      vertex 64.2219 35.6855 0
      vertex 64.3316 35.6673 21
      vertex 64.2219 35.6855 21
    endloop
  endfacet
  facet normal -0.16367 -0.986515 -0
    outer loop
      vertex 64.3316 35.6673 21
      vertex 64.2219 35.6855 0
      vertex 64.3316 35.6673 0
    endloop
  endfacet
  facet normal 0.582598 -0.81276 0
    outer loop
      vertex 62.9651 35.3487 0
      vertex 63.0555 35.4135 21
      vertex 62.9651 35.3487 21
    endloop
  endfacet
  facet normal 0.582598 -0.81276 0
    outer loop
      vertex 63.0555 35.4135 21
      vertex 62.9651 35.3487 0
      vertex 63.0555 35.4135 0
    endloop
  endfacet
  facet normal 0.412719 -0.910859 0
    outer loop
      vertex 63.2481 35.5247 0
      vertex 63.3494 35.5706 21
      vertex 63.2481 35.5247 21
    endloop
  endfacet
  facet normal 0.412719 -0.910859 0
    outer loop
      vertex 63.3494 35.5706 21
      vertex 63.2481 35.5247 0
      vertex 63.3494 35.5706 0
    endloop
  endfacet
  facet normal 0.986539 0.163525 2.95988e-20
    outer loop
      vertex 62.3327 33.6683 21
      vertex 62.3145 33.7781 0
      vertex 62.3145 33.7781 21
    endloop
  endfacet
  facet normal 0.986539 0.163525 2.95988e-20
    outer loop
      vertex 62.3145 33.7781 0
      vertex 62.3327 33.6683 21
      vertex 62.3327 33.6683 0
    endloop
  endfacet
  facet normal 0.88168 0.471847 1.27008e-19
    outer loop
      vertex 62.5278 33.15 21
      vertex 62.4753 33.2481 0
      vertex 62.4753 33.2481 21
    endloop
  endfacet
  facet normal 0.88168 0.471847 1.27008e-19
    outer loop
      vertex 62.4753 33.2481 0
      vertex 62.5278 33.15 21
      vertex 62.5278 33.15 0
    endloop
  endfacet
  facet normal 0.471847 -0.88168 0
    outer loop
      vertex 63.15 35.4722 0
      vertex 63.2481 35.5247 21
      vertex 63.15 35.4722 21
    endloop
  endfacet
  facet normal 0.471847 -0.88168 0
    outer loop
      vertex 63.2481 35.5247 21
      vertex 63.15 35.4722 0
      vertex 63.2481 35.5247 0
    endloop
  endfacet
  facet normal -0.582598 -0.81276 0
    outer loop
      vertex 64.9445 35.4135 0
      vertex 65.0349 35.3487 21
      vertex 64.9445 35.4135 21
    endloop
  endfacet
  facet normal -0.582598 -0.81276 -0
    outer loop
      vertex 65.0349 35.3487 21
      vertex 64.9445 35.4135 0
      vertex 65.0349 35.3487 0
    endloop
  endfacet
  facet normal -0.730098 -0.683343 4.4821e-20
    outer loop
      vertex 65.2781 35.1209 0
      vertex 65.2021 35.2021 21
      vertex 65.2021 35.2021 0
    endloop
  endfacet
  facet normal -0.730098 -0.683343 4.4821e-20
    outer loop
      vertex 65.2021 35.2021 21
      vertex 65.2781 35.1209 0
      vertex 65.2781 35.1209 21
    endloop
  endfacet
  facet normal -0.88168 -0.471847 -8.4102e-21
    outer loop
      vertex 65.5247 34.7519 0
      vertex 65.4722 34.85 21
      vertex 65.4722 34.85 0
    endloop
  endfacet
  facet normal -0.88168 -0.471847 -8.4102e-21
    outer loop
      vertex 65.4722 34.85 21
      vertex 65.5247 34.7519 0
      vertex 65.5247 34.7519 21
    endloop
  endfacet
  facet normal 0.81276 0.582598 7.51783e-20
    outer loop
      vertex 62.6513 32.9651 21
      vertex 62.5865 33.0555 0
      vertex 62.5865 33.0555 21
    endloop
  endfacet
  facet normal 0.81276 0.582598 7.51783e-20
    outer loop
      vertex 62.5865 33.0555 0
      vertex 62.6513 32.9651 21
      vertex 62.6513 32.9651 0
    endloop
  endfacet
  facet normal -0.412719 0.910859 0
    outer loop
      vertex 64.7519 32.4753 0
      vertex 64.6506 32.4294 21
      vertex 64.7519 32.4753 21
    endloop
  endfacet
  facet normal -0.412719 0.910859 0
    outer loop
      vertex 64.6506 32.4294 21
      vertex 64.7519 32.4753 0
      vertex 64.6506 32.4294 0
    endloop
  endfacet
  facet normal -0.995187 0.0979904 -1.18266e-20
    outer loop
      vertex 65.6855 33.7781 0
      vertex 65.6964 33.8888 21
      vertex 65.6964 33.8888 0
    endloop
  endfacet
  facet normal -0.995187 0.0979904 -1.18266e-20
    outer loop
      vertex 65.6964 33.8888 21
      vertex 65.6855 33.7781 0
      vertex 65.6855 33.7781 21
    endloop
  endfacet
  facet normal 0.97398 -0.226633 8.55008e-20
    outer loop
      vertex 62.3327 34.3317 21
      vertex 62.3579 34.44 0
      vertex 62.3579 34.44 21
    endloop
  endfacet
  facet normal 0.97398 -0.226633 8.55008e-20
    outer loop
      vertex 62.3579 34.44 0
      vertex 62.3327 34.3317 21
      vertex 62.3327 34.3317 0
    endloop
  endfacet
  facet normal 0.0979904 -0.995187 0
    outer loop
      vertex 63.7781 35.6855 0
      vertex 63.8888 35.6964 21
      vertex 63.7781 35.6855 21
    endloop
  endfacet
  facet normal 0.0979904 -0.995187 0
    outer loop
      vertex 63.8888 35.6964 21
      vertex 63.7781 35.6855 0
      vertex 63.8888 35.6964 0
    endloop
  endfacet
  facet normal 0.999476 -0.0323571 5.55652e-21
    outer loop
      vertex 62.3 34 21
      vertex 62.3036 34.1112 0
      vertex 62.3036 34.1112 21
    endloop
  endfacet
  facet normal 0.999476 -0.0323571 5.55652e-21
    outer loop
      vertex 62.3036 34.1112 0
      vertex 62.3 34 21
      vertex 62.3 34 0
    endloop
  endfacet
  facet normal 0.226633 -0.97398 0
    outer loop
      vertex 63.56 35.6421 0
      vertex 63.6683 35.6673 21
      vertex 63.56 35.6421 21
    endloop
  endfacet
  facet normal 0.226633 -0.97398 0
    outer loop
      vertex 63.6683 35.6673 21
      vertex 63.56 35.6421 0
      vertex 63.6683 35.6673 0
    endloop
  endfacet
  facet normal -0.88168 0.471847 8.4102e-21
    outer loop
      vertex 65.4722 33.15 0
      vertex 65.5247 33.2481 21
      vertex 65.5247 33.2481 0
    endloop
  endfacet
  facet normal -0.88168 0.471847 8.4102e-21
    outer loop
      vertex 65.5247 33.2481 21
      vertex 65.4722 33.15 0
      vertex 65.4722 33.15 21
    endloop
  endfacet
  facet normal -0.290482 -0.956881 0
    outer loop
      vertex 64.44 35.6421 0
      vertex 64.5464 35.6098 21
      vertex 64.44 35.6421 21
    endloop
  endfacet
  facet normal -0.290482 -0.956881 -0
    outer loop
      vertex 64.5464 35.6098 21
      vertex 64.44 35.6421 0
      vertex 64.5464 35.6098 0
    endloop
  endfacet
  facet normal 0.910859 0.412719 -1.20143e-19
    outer loop
      vertex 62.4753 33.2481 21
      vertex 62.4294 33.3494 0
      vertex 62.4294 33.3494 21
    endloop
  endfacet
  facet normal 0.910859 0.412719 -1.20143e-19
    outer loop
      vertex 62.4294 33.3494 0
      vertex 62.4753 33.2481 21
      vertex 62.4753 33.2481 0
    endloop
  endfacet
  facet normal 0.772915 0.634509 -1.24027e-19
    outer loop
      vertex 62.7219 32.8791 21
      vertex 62.6513 32.9651 0
      vertex 62.6513 32.9651 21
    endloop
  endfacet
  facet normal 0.772915 0.634509 -1.24027e-19
    outer loop
      vertex 62.6513 32.9651 0
      vertex 62.7219 32.8791 21
      vertex 62.7219 32.8791 0
    endloop
  endfacet
  facet normal -0.84946 0.527654 1.63464e-19
    outer loop
      vertex 65.4135 33.0555 0
      vertex 65.4722 33.15 21
      vertex 65.4722 33.15 0
    endloop
  endfacet
  facet normal -0.84946 0.527654 1.63464e-19
    outer loop
      vertex 65.4722 33.15 21
      vertex 65.4135 33.0555 0
      vertex 65.4135 33.0555 21
    endloop
  endfacet
  facet normal -0.772915 0.634509 1.24027e-19
    outer loop
      vertex 65.2781 32.8791 0
      vertex 65.3487 32.9651 21
      vertex 65.3487 32.9651 0
    endloop
  endfacet
  facet normal -0.772915 0.634509 1.24027e-19
    outer loop
      vertex 65.3487 32.9651 21
      vertex 65.2781 32.8791 0
      vertex 65.2781 32.8791 21
    endloop
  endfacet
  facet normal -0.956881 -0.290482 3.69065e-20
    outer loop
      vertex 65.6421 34.44 0
      vertex 65.6098 34.5464 21
      vertex 65.6098 34.5464 0
    endloop
  endfacet
  facet normal -0.956881 -0.290482 3.69065e-20
    outer loop
      vertex 65.6098 34.5464 21
      vertex 65.6421 34.44 0
      vertex 65.6421 34.44 21
    endloop
  endfacet
  facet normal -0.999476 0.0323571 5.55652e-21
    outer loop
      vertex 65.6964 33.8888 0
      vertex 65.7 34 21
      vertex 65.7 34 0
    endloop
  endfacet
  facet normal -0.999476 0.0323571 5.55652e-21
    outer loop
      vertex 65.7 34 21
      vertex 65.6964 33.8888 0
      vertex 65.6964 33.8888 21
    endloop
  endfacet
  facet normal -0.683343 -0.730098 0
    outer loop
      vertex 65.1209 35.2781 0
      vertex 65.2021 35.2021 21
      vertex 65.1209 35.2781 21
    endloop
  endfacet
  facet normal -0.683343 -0.730098 -0
    outer loop
      vertex 65.2021 35.2021 21
      vertex 65.1209 35.2781 0
      vertex 65.2021 35.2021 0
    endloop
  endfacet
  facet normal 0.88168 -0.471847 -1.27008e-19
    outer loop
      vertex 62.4753 34.7519 21
      vertex 62.5278 34.85 0
      vertex 62.5278 34.85 21
    endloop
  endfacet
  facet normal 0.88168 -0.471847 -1.27008e-19
    outer loop
      vertex 62.5278 34.85 0
      vertex 62.4753 34.7519 21
      vertex 62.4753 34.7519 0
    endloop
  endfacet
  facet normal 0.995187 0.0979904 -2.69383e-20
    outer loop
      vertex 62.3145 33.7781 21
      vertex 62.3036 33.8888 0
      vertex 62.3036 33.8888 21
    endloop
  endfacet
  facet normal 0.995187 0.0979904 -2.69383e-20
    outer loop
      vertex 62.3036 33.8888 0
      vertex 62.3145 33.7781 21
      vertex 62.3145 33.7781 0
    endloop
  endfacet
  facet normal -0.683343 0.730098 0
    outer loop
      vertex 65.2021 32.7979 0
      vertex 65.1209 32.7219 21
      vertex 65.2021 32.7979 21
    endloop
  endfacet
  facet normal -0.683343 0.730098 0
    outer loop
      vertex 65.1209 32.7219 21
      vertex 65.2021 32.7979 0
      vertex 65.1209 32.7219 0
    endloop
  endfacet
  facet normal 0.163525 0.986539 -0
    outer loop
      vertex 63.7781 32.3145 0
      vertex 63.6683 32.3327 21
      vertex 63.7781 32.3145 21
    endloop
  endfacet
  facet normal 0.163525 0.986539 0
    outer loop
      vertex 63.6683 32.3327 21
      vertex 63.7781 32.3145 0
      vertex 63.6683 32.3327 0
    endloop
  endfacet
  facet normal 0.352108 -0.93596 0
    outer loop
      vertex 63.3494 35.5706 0
      vertex 63.4536 35.6098 21
      vertex 63.3494 35.5706 21
    endloop
  endfacet
  facet normal 0.352108 -0.93596 0
    outer loop
      vertex 63.4536 35.6098 21
      vertex 63.3494 35.5706 0
      vertex 63.4536 35.6098 0
    endloop
  endfacet
  facet normal -0.352108 0.93596 0
    outer loop
      vertex 64.6506 32.4294 0
      vertex 64.5464 32.3902 21
      vertex 64.6506 32.4294 21
    endloop
  endfacet
  facet normal -0.352108 0.93596 0
    outer loop
      vertex 64.5464 32.3902 21
      vertex 64.6506 32.4294 0
      vertex 64.5464 32.3902 0
    endloop
  endfacet
  facet normal 0.995187 -0.0979904 2.69383e-20
    outer loop
      vertex 62.3036 34.1112 21
      vertex 62.3145 34.2219 0
      vertex 62.3145 34.2219 21
    endloop
  endfacet
  facet normal 0.995187 -0.0979904 2.69383e-20
    outer loop
      vertex 62.3145 34.2219 0
      vertex 62.3036 34.1112 21
      vertex 62.3036 34.1112 0
    endloop
  endfacet
  facet normal 0.999476 0.0323571 -5.55652e-21
    outer loop
      vertex 62.3036 33.8888 21
      vertex 62.3 34 0
      vertex 62.3 34 21
    endloop
  endfacet
  facet normal 0.999476 0.0323571 -5.55652e-21
    outer loop
      vertex 62.3 34 0
      vertex 62.3036 33.8888 21
      vertex 62.3036 33.8888 0
    endloop
  endfacet
  facet normal 0.582598 0.81276 -0
    outer loop
      vertex 63.0555 32.5865 0
      vertex 62.9651 32.6513 21
      vertex 63.0555 32.5865 21
    endloop
  endfacet
  facet normal 0.582598 0.81276 0
    outer loop
      vertex 62.9651 32.6513 21
      vertex 63.0555 32.5865 0
      vertex 62.9651 32.6513 0
    endloop
  endfacet
  facet normal 0.956881 -0.290482 1.09359e-20
    outer loop
      vertex 62.3579 34.44 21
      vertex 62.3902 34.5464 0
      vertex 62.3902 34.5464 21
    endloop
  endfacet
  facet normal 0.956881 -0.290482 1.09359e-20
    outer loop
      vertex 62.3902 34.5464 0
      vertex 62.3579 34.44 21
      vertex 62.3579 34.44 0
    endloop
  endfacet
  facet normal -0.471847 0.88168 0
    outer loop
      vertex 64.85 32.5278 0
      vertex 64.7519 32.4753 21
      vertex 64.85 32.5278 21
    endloop
  endfacet
  facet normal -0.471847 0.88168 0
    outer loop
      vertex 64.7519 32.4753 21
      vertex 64.85 32.5278 0
      vertex 64.7519 32.4753 0
    endloop
  endfacet
  facet normal -0.97398 0.226633 8.55008e-20
    outer loop
      vertex 65.6421 33.56 0
      vertex 65.6673 33.6683 21
      vertex 65.6673 33.6683 0
    endloop
  endfacet
  facet normal -0.97398 0.226633 8.55008e-20
    outer loop
      vertex 65.6673 33.6683 21
      vertex 65.6421 33.56 0
      vertex 65.6421 33.56 21
    endloop
  endfacet
  facet normal -0.910859 0.412719 6.42872e-20
    outer loop
      vertex 65.5247 33.2481 0
      vertex 65.5706 33.3494 21
      vertex 65.5706 33.3494 0
    endloop
  endfacet
  facet normal -0.910859 0.412719 6.42872e-20
    outer loop
      vertex 65.5706 33.3494 21
      vertex 65.5247 33.2481 0
      vertex 65.5247 33.2481 21
    endloop
  endfacet
  facet normal -0.16367 0.986515 0
    outer loop
      vertex 64.3316 32.3327 0
      vertex 64.2219 32.3145 21
      vertex 64.3316 32.3327 21
    endloop
  endfacet
  facet normal -0.16367 0.986515 0
    outer loop
      vertex 64.2219 32.3145 21
      vertex 64.3316 32.3327 0
      vertex 64.2219 32.3145 0
    endloop
  endfacet
  facet normal -0.582598 0.81276 0
    outer loop
      vertex 65.0349 32.6513 0
      vertex 64.9445 32.5865 21
      vertex 65.0349 32.6513 21
    endloop
  endfacet
  facet normal -0.582598 0.81276 0
    outer loop
      vertex 64.9445 32.5865 21
      vertex 65.0349 32.6513 0
      vertex 64.9445 32.5865 0
    endloop
  endfacet
  facet normal 0.730098 0.683343 -2.58877e-20
    outer loop
      vertex 62.7979 32.7979 21
      vertex 62.7219 32.8791 0
      vertex 62.7219 32.8791 21
    endloop
  endfacet
  facet normal 0.730098 0.683343 -2.58877e-20
    outer loop
      vertex 62.7219 32.8791 0
      vertex 62.7979 32.7979 21
      vertex 62.7979 32.7979 0
    endloop
  endfacet
  facet normal 0.683343 -0.730098 0
    outer loop
      vertex 62.7979 35.2021 0
      vertex 62.8791 35.2781 21
      vertex 62.7979 35.2021 21
    endloop
  endfacet
  facet normal 0.683343 -0.730098 0
    outer loop
      vertex 62.8791 35.2781 21
      vertex 62.7979 35.2021 0
      vertex 62.8791 35.2781 0
    endloop
  endfacet
  facet normal -0.412719 -0.910859 0
    outer loop
      vertex 64.6506 35.5706 0
      vertex 64.7519 35.5247 21
      vertex 64.6506 35.5706 21
    endloop
  endfacet
  facet normal -0.412719 -0.910859 -0
    outer loop
      vertex 64.7519 35.5247 21
      vertex 64.6506 35.5706 0
      vertex 64.7519 35.5247 0
    endloop
  endfacet
  facet normal 0.956881 0.290482 -1.09359e-20
    outer loop
      vertex 62.3902 33.4536 21
      vertex 62.3579 33.56 0
      vertex 62.3579 33.56 21
    endloop
  endfacet
  facet normal 0.956881 0.290482 -1.09359e-20
    outer loop
      vertex 62.3579 33.56 0
      vertex 62.3902 33.4536 21
      vertex 62.3902 33.4536 0
    endloop
  endfacet
  facet normal -0.730098 0.683343 -4.4821e-20
    outer loop
      vertex 65.2021 32.7979 0
      vertex 65.2781 32.8791 21
      vertex 65.2781 32.8791 0
    endloop
  endfacet
  facet normal -0.730098 0.683343 -4.4821e-20
    outer loop
      vertex 65.2781 32.8791 21
      vertex 65.2021 32.7979 0
      vertex 65.2021 32.7979 21
    endloop
  endfacet
  facet normal -0.0979904 -0.995187 0
    outer loop
      vertex 64.1112 35.6964 0
      vertex 64.2219 35.6855 21
      vertex 64.1112 35.6964 21
    endloop
  endfacet
  facet normal -0.0979904 -0.995187 -0
    outer loop
      vertex 64.2219 35.6855 21
      vertex 64.1112 35.6964 0
      vertex 64.2219 35.6855 0
    endloop
  endfacet
  facet normal 0.772915 -0.634509 1.24027e-19
    outer loop
      vertex 62.6513 35.0349 21
      vertex 62.7219 35.1209 0
      vertex 62.7219 35.1209 21
    endloop
  endfacet
  facet normal 0.772915 -0.634509 1.24027e-19
    outer loop
      vertex 62.7219 35.1209 0
      vertex 62.6513 35.0349 21
      vertex 62.6513 35.0349 0
    endloop
  endfacet
  facet normal 0.730098 -0.683343 2.58877e-20
    outer loop
      vertex 62.7219 35.1209 21
      vertex 62.7979 35.2021 0
      vertex 62.7979 35.2021 21
    endloop
  endfacet
  facet normal 0.730098 -0.683343 2.58877e-20
    outer loop
      vertex 62.7979 35.2021 0
      vertex 62.7219 35.1209 21
      vertex 62.7219 35.1209 0
    endloop
  endfacet
  facet normal 0.290482 -0.956881 0
    outer loop
      vertex 63.4536 35.6098 0
      vertex 63.56 35.6421 21
      vertex 63.4536 35.6098 21
    endloop
  endfacet
  facet normal 0.290482 -0.956881 0
    outer loop
      vertex 63.56 35.6421 21
      vertex 63.4536 35.6098 0
      vertex 63.56 35.6421 0
    endloop
  endfacet
  facet normal 0.84946 -0.527654 1.63464e-19
    outer loop
      vertex 62.5278 34.85 21
      vertex 62.5865 34.9445 0
      vertex 62.5865 34.9445 21
    endloop
  endfacet
  facet normal 0.84946 -0.527654 1.63464e-19
    outer loop
      vertex 62.5865 34.9445 0
      vertex 62.5278 34.85 21
      vertex 62.5278 34.85 0
    endloop
  endfacet
  facet normal -0.634509 0.772915 0
    outer loop
      vertex 65.1209 32.7219 0
      vertex 65.0349 32.6513 21
      vertex 65.1209 32.7219 21
    endloop
  endfacet
  facet normal -0.634509 0.772915 0
    outer loop
      vertex 65.0349 32.6513 21
      vertex 65.1209 32.7219 0
      vertex 65.0349 32.6513 0
    endloop
  endfacet
  facet normal 0.634509 0.772915 -0
    outer loop
      vertex 62.9651 32.6513 0
      vertex 62.8791 32.7219 21
      vertex 62.9651 32.6513 21
    endloop
  endfacet
  facet normal 0.634509 0.772915 0
    outer loop
      vertex 62.8791 32.7219 21
      vertex 62.9651 32.6513 0
      vertex 62.8791 32.7219 0
    endloop
  endfacet
  facet normal 0.352108 0.93596 -0
    outer loop
      vertex 63.4536 32.3902 0
      vertex 63.3494 32.4294 21
      vertex 63.4536 32.3902 21
    endloop
  endfacet
  facet normal 0.352108 0.93596 0
    outer loop
      vertex 63.3494 32.4294 21
      vertex 63.4536 32.3902 0
      vertex 63.3494 32.4294 0
    endloop
  endfacet
  facet normal 0.527654 -0.84946 0
    outer loop
      vertex 63.0555 35.4135 0
      vertex 63.15 35.4722 21
      vertex 63.0555 35.4135 21
    endloop
  endfacet
  facet normal 0.527654 -0.84946 0
    outer loop
      vertex 63.15 35.4722 21
      vertex 63.0555 35.4135 0
      vertex 63.15 35.4722 0
    endloop
  endfacet
  facet normal 0.93596 0.352108 1.72323e-20
    outer loop
      vertex 62.4294 33.3494 21
      vertex 62.3902 33.4536 0
      vertex 62.3902 33.4536 21
    endloop
  endfacet
  facet normal 0.93596 0.352108 1.72323e-20
    outer loop
      vertex 62.3902 33.4536 0
      vertex 62.4294 33.3494 21
      vertex 62.4294 33.3494 0
    endloop
  endfacet
  facet normal -0.226434 -0.974026 0
    outer loop
      vertex 64.3316 35.6673 0
      vertex 64.44 35.6421 21
      vertex 64.3316 35.6673 21
    endloop
  endfacet
  facet normal -0.226434 -0.974026 -0
    outer loop
      vertex 64.44 35.6421 21
      vertex 64.3316 35.6673 0
      vertex 64.44 35.6421 0
    endloop
  endfacet
  facet normal 0.0979904 0.995187 -0
    outer loop
      vertex 63.8888 32.3036 0
      vertex 63.7781 32.3145 21
      vertex 63.8888 32.3036 21
    endloop
  endfacet
  facet normal 0.0979904 0.995187 0
    outer loop
      vertex 63.7781 32.3145 21
      vertex 63.8888 32.3036 0
      vertex 63.7781 32.3145 0
    endloop
  endfacet
  facet normal 0.0323571 0.999476 -0
    outer loop
      vertex 64 32.3 0
      vertex 63.8888 32.3036 21
      vertex 64 32.3 21
    endloop
  endfacet
  facet normal 0.0323571 0.999476 0
    outer loop
      vertex 63.8888 32.3036 21
      vertex 64 32.3 0
      vertex 63.8888 32.3036 0
    endloop
  endfacet
  facet normal 0.81276 -0.582598 -7.51783e-20
    outer loop
      vertex 62.5865 34.9445 21
      vertex 62.6513 35.0349 0
      vertex 62.6513 35.0349 21
    endloop
  endfacet
  facet normal 0.81276 -0.582598 -7.51783e-20
    outer loop
      vertex 62.6513 35.0349 0
      vertex 62.5865 34.9445 21
      vertex 62.5865 34.9445 0
    endloop
  endfacet
  facet normal -0.81276 0.582598 1.31585e-19
    outer loop
      vertex 65.3487 32.9651 0
      vertex 65.4135 33.0555 21
      vertex 65.4135 33.0555 0
    endloop
  endfacet
  facet normal -0.81276 0.582598 1.31585e-19
    outer loop
      vertex 65.4135 33.0555 21
      vertex 65.3487 32.9651 0
      vertex 65.3487 32.9651 21
    endloop
  endfacet
  facet normal 0.93596 -0.352108 -1.72323e-20
    outer loop
      vertex 62.3902 34.5464 21
      vertex 62.4294 34.6506 0
      vertex 62.4294 34.6506 21
    endloop
  endfacet
  facet normal 0.93596 -0.352108 -1.72323e-20
    outer loop
      vertex 62.4294 34.6506 0
      vertex 62.3902 34.5464 21
      vertex 62.3902 34.5464 0
    endloop
  endfacet
  facet normal 0.527654 0.84946 -0
    outer loop
      vertex 63.15 32.5278 0
      vertex 63.0555 32.5865 21
      vertex 63.15 32.5278 21
    endloop
  endfacet
  facet normal 0.527654 0.84946 0
    outer loop
      vertex 63.0555 32.5865 21
      vertex 63.15 32.5278 0
      vertex 63.0555 32.5865 0
    endloop
  endfacet
  facet normal 0.471847 0.88168 -0
    outer loop
      vertex 63.2481 32.4753 0
      vertex 63.15 32.5278 21
      vertex 63.2481 32.4753 21
    endloop
  endfacet
  facet normal 0.471847 0.88168 0
    outer loop
      vertex 63.15 32.5278 21
      vertex 63.2481 32.4753 0
      vertex 63.15 32.5278 0
    endloop
  endfacet
  facet normal 0.84946 0.527654 -1.63464e-19
    outer loop
      vertex 62.5865 33.0555 21
      vertex 62.5278 33.15 0
      vertex 62.5278 33.15 21
    endloop
  endfacet
  facet normal 0.84946 0.527654 -1.63464e-19
    outer loop
      vertex 62.5278 33.15 0
      vertex 62.5865 33.0555 21
      vertex 62.5865 33.0555 0
    endloop
  endfacet
  facet normal 0.910859 -0.412719 1.20143e-19
    outer loop
      vertex 62.4294 34.6506 21
      vertex 62.4753 34.7519 0
      vertex 62.4753 34.7519 21
    endloop
  endfacet
  facet normal 0.910859 -0.412719 1.20143e-19
    outer loop
      vertex 62.4753 34.7519 0
      vertex 62.4294 34.6506 21
      vertex 62.4294 34.6506 0
    endloop
  endfacet
  facet normal -0.995213 -0.0977281 3.29814e-20
    outer loop
      vertex 65.6964 186.111 0
      vertex 65.6855 186.222 21
      vertex 65.6855 186.222 0
    endloop
  endfacet
  facet normal -0.995213 -0.0977281 3.29814e-20
    outer loop
      vertex 65.6855 186.222 21
      vertex 65.6964 186.111 0
      vertex 65.6964 186.111 21
    endloop
  endfacet
  facet normal -0.999474 -0.0324154 4.12664e-22
    outer loop
      vertex 65.7 186 0
      vertex 65.6964 186.111 21
      vertex 65.6964 186.111 0
    endloop
  endfacet
  facet normal -0.999474 -0.0324154 4.12664e-22
    outer loop
      vertex 65.6964 186.111 21
      vertex 65.7 186 0
      vertex 65.7 186 21
    endloop
  endfacet
  facet normal -0.986587 -0.163235 -1.61692e-20
    outer loop
      vertex 65.6855 186.222 0
      vertex 65.6673 186.332 21
      vertex 65.6673 186.332 0
    endloop
  endfacet
  facet normal -0.986587 -0.163235 -1.61692e-20
    outer loop
      vertex 65.6673 186.332 21
      vertex 65.6855 186.222 0
      vertex 65.6855 186.222 21
    endloop
  endfacet
  facet normal -0.973841 -0.22723 -5.68025e-20
    outer loop
      vertex 65.6673 186.332 0
      vertex 65.6421 186.44 21
      vertex 65.6421 186.44 0
    endloop
  endfacet
  facet normal -0.973841 -0.22723 -5.68025e-20
    outer loop
      vertex 65.6421 186.44 21
      vertex 65.6673 186.332 0
      vertex 65.6673 186.332 21
    endloop
  endfacet
  facet normal 0.683343 0.730098 -0
    outer loop
      vertex 62.8791 184.722 0
      vertex 62.7979 184.798 21
      vertex 62.8791 184.722 21
    endloop
  endfacet
  facet normal 0.683343 0.730098 0
    outer loop
      vertex 62.7979 184.798 21
      vertex 62.8791 184.722 0
      vertex 62.7979 184.798 0
    endloop
  endfacet
  facet normal 0.288008 0.957628 -0
    outer loop
      vertex 63.56 184.358 0
      vertex 63.4536 184.39 21
      vertex 63.56 184.358 21
    endloop
  endfacet
  facet normal 0.288008 0.957628 0
    outer loop
      vertex 63.4536 184.39 21
      vertex 63.56 184.358 0
      vertex 63.4536 184.39 0
    endloop
  endfacet
  facet normal -0.848201 -0.529674 3.73338e-20
    outer loop
      vertex 65.4722 186.85 0
      vertex 65.4135 186.944 21
      vertex 65.4135 186.944 0
    endloop
  endfacet
  facet normal -0.848201 -0.529674 3.73338e-20
    outer loop
      vertex 65.4135 186.944 21
      vertex 65.4722 186.85 0
      vertex 65.4722 186.85 21
    endloop
  endfacet
  facet normal -0.986587 0.163235 1.61692e-20
    outer loop
      vertex 65.6673 185.668 0
      vertex 65.6855 185.778 21
      vertex 65.6855 185.778 0
    endloop
  endfacet
  facet normal -0.986587 0.163235 1.61692e-20
    outer loop
      vertex 65.6855 185.778 21
      vertex 65.6673 185.668 0
      vertex 65.6673 185.668 21
    endloop
  endfacet
  facet normal 0.413464 0.91052 -0
    outer loop
      vertex 63.3494 184.429 0
      vertex 63.2481 184.475 21
      vertex 63.3494 184.429 21
    endloop
  endfacet
  facet normal 0.413464 0.91052 0
    outer loop
      vertex 63.2481 184.475 21
      vertex 63.3494 184.429 0
      vertex 63.2481 184.475 0
    endloop
  endfacet
  facet normal -0.035948 0.999354 0
    outer loop
      vertex 64.1112 184.304 0
      vertex 64 184.3 21
      vertex 64.1112 184.304 21
    endloop
  endfacet
  facet normal -0.035948 0.999354 0
    outer loop
      vertex 64 184.3 21
      vertex 64.1112 184.304 0
      vertex 64 184.3 0
    endloop
  endfacet
  facet normal -0.63665 -0.771153 0
    outer loop
      vertex 65.0349 187.349 0
      vertex 65.1209 187.278 21
      vertex 65.0349 187.349 21
    endloop
  endfacet
  facet normal -0.63665 -0.771153 -0
    outer loop
      vertex 65.1209 187.278 21
      vertex 65.0349 187.349 0
      vertex 65.1209 187.278 0
    endloop
  endfacet
  facet normal -0.475329 -0.879808 0
    outer loop
      vertex 64.7519 187.525 0
      vertex 64.85 187.472 21
      vertex 64.7519 187.525 21
    endloop
  endfacet
  facet normal -0.475329 -0.879808 -0
    outer loop
      vertex 64.85 187.472 21
      vertex 64.7519 187.525 0
      vertex 64.85 187.472 0
    endloop
  endfacet
  facet normal 0.161775 -0.986828 0
    outer loop
      vertex 63.6683 187.667 0
      vertex 63.7781 187.685 21
      vertex 63.6683 187.667 21
    endloop
  endfacet
  facet normal 0.161775 -0.986828 0
    outer loop
      vertex 63.7781 187.685 21
      vertex 63.6683 187.667 0
      vertex 63.7781 187.685 0
    endloop
  endfacet
  facet normal -0.529595 -0.84825 0
    outer loop
      vertex 64.85 187.472 0
      vertex 64.9445 187.413 21
      vertex 64.85 187.472 21
    endloop
  endfacet
  facet normal -0.529595 -0.84825 -0
    outer loop
      vertex 64.9445 187.413 21
      vertex 64.85 187.472 0
      vertex 64.9445 187.413 0
    endloop
  endfacet
  facet normal 0.986587 -0.163235 -2.82842e-20
    outer loop
      vertex 62.3145 186.222 21
      vertex 62.3327 186.332 0
      vertex 62.3327 186.332 21
    endloop
  endfacet
  facet normal 0.986587 -0.163235 -2.82842e-20
    outer loop
      vertex 62.3327 186.332 0
      vertex 62.3145 186.222 21
      vertex 62.3145 186.222 0
    endloop
  endfacet
  facet normal -0.035948 -0.999354 0
    outer loop
      vertex 64 187.7 0
      vertex 64.1112 187.696 21
      vertex 64 187.7 21
    endloop
  endfacet
  facet normal -0.035948 -0.999354 -0
    outer loop
      vertex 64.1112 187.696 21
      vertex 64 187.7 0
      vertex 64.1112 187.696 0
    endloop
  endfacet
  facet normal -0.956575 0.291485 5.1426e-20
    outer loop
      vertex 65.6098 185.454 0
      vertex 65.6421 185.56 21
      vertex 65.6421 185.56 0
    endloop
  endfacet
  facet normal -0.956575 0.291485 5.1426e-20
    outer loop
      vertex 65.6421 185.56 21
      vertex 65.6098 185.454 0
      vertex 65.6098 185.454 21
    endloop
  endfacet
  facet normal -0.936842 0.349754 -4.29013e-20
    outer loop
      vertex 65.5706 185.349 0
      vertex 65.6098 185.454 21
      vertex 65.6098 185.454 0
    endloop
  endfacet
  facet normal -0.936842 0.349754 -4.29013e-20
    outer loop
      vertex 65.6098 185.454 21
      vertex 65.5706 185.349 0
      vertex 65.5706 185.349 21
    endloop
  endfacet
  facet normal -0.772915 -0.634509 -1.65255e-20
    outer loop
      vertex 65.3487 187.035 0
      vertex 65.2781 187.121 21
      vertex 65.2781 187.121 0
    endloop
  endfacet
  facet normal -0.772915 -0.634509 -1.65255e-20
    outer loop
      vertex 65.2781 187.121 21
      vertex 65.3487 187.035 0
      vertex 65.3487 187.035 21
    endloop
  endfacet
  facet normal -0.288008 0.957628 0
    outer loop
      vertex 64.5464 184.39 0
      vertex 64.44 184.358 21
      vertex 64.5464 184.39 21
    endloop
  endfacet
  facet normal -0.288008 0.957628 0
    outer loop
      vertex 64.44 184.358 21
      vertex 64.5464 184.39 0
      vertex 64.44 184.358 0
    endloop
  endfacet
  facet normal -0.936842 -0.349754 4.29013e-20
    outer loop
      vertex 65.6098 186.546 0
      vertex 65.5706 186.651 21
      vertex 65.5706 186.651 0
    endloop
  endfacet
  facet normal -0.936842 -0.349754 4.29013e-20
    outer loop
      vertex 65.5706 186.651 21
      vertex 65.6098 186.546 0
      vertex 65.6098 186.546 21
    endloop
  endfacet
  facet normal -0.224728 0.974421 0
    outer loop
      vertex 64.44 184.358 0
      vertex 64.3316 184.333 21
      vertex 64.44 184.358 21
    endloop
  endfacet
  facet normal -0.224728 0.974421 0
    outer loop
      vertex 64.3316 184.333 21
      vertex 64.44 184.358 0
      vertex 64.3316 184.333 0
    endloop
  endfacet
  facet normal 0.035948 -0.999354 0
    outer loop
      vertex 63.8888 187.696 0
      vertex 64 187.7 21
      vertex 63.8888 187.696 21
    endloop
  endfacet
  facet normal 0.035948 -0.999354 0
    outer loop
      vertex 64 187.7 21
      vertex 63.8888 187.696 0
      vertex 64 187.7 0
    endloop
  endfacet
  facet normal -0.814579 -0.580052 1.47325e-19
    outer loop
      vertex 65.4135 186.944 0
      vertex 65.3487 187.035 21
      vertex 65.3487 187.035 0
    endloop
  endfacet
  facet normal -0.814579 -0.580052 1.47325e-19
    outer loop
      vertex 65.3487 187.035 21
      vertex 65.4135 186.944 0
      vertex 65.4135 186.944 21
    endloop
  endfacet
  facet normal -0.910397 -0.413735 7.80479e-20
    outer loop
      vertex 65.5706 186.651 0
      vertex 65.5247 186.752 21
      vertex 65.5247 186.752 0
    endloop
  endfacet
  facet normal -0.910397 -0.413735 7.80479e-20
    outer loop
      vertex 65.5247 186.752 21
      vertex 65.5706 186.651 0
      vertex 65.5706 186.651 21
    endloop
  endfacet
  facet normal 0.63665 -0.771153 0
    outer loop
      vertex 62.8791 187.278 0
      vertex 62.9651 187.349 21
      vertex 62.8791 187.278 21
    endloop
  endfacet
  facet normal 0.63665 -0.771153 0
    outer loop
      vertex 62.9651 187.349 21
      vertex 62.8791 187.278 0
      vertex 62.9651 187.349 0
    endloop
  endfacet
  facet normal -0.350532 -0.936551 0
    outer loop
      vertex 64.5464 187.61 0
      vertex 64.6506 187.571 21
      vertex 64.5464 187.61 21
    endloop
  endfacet
  facet normal -0.350532 -0.936551 -0
    outer loop
      vertex 64.6506 187.571 21
      vertex 64.5464 187.61 0
      vertex 64.6506 187.571 0
    endloop
  endfacet
  facet normal -0.529595 0.84825 0
    outer loop
      vertex 64.9445 184.587 0
      vertex 64.85 184.528 21
      vertex 64.9445 184.587 21
    endloop
  endfacet
  facet normal -0.529595 0.84825 0
    outer loop
      vertex 64.85 184.528 21
      vertex 64.9445 184.587 0
      vertex 64.85 184.528 0
    endloop
  endfacet
  facet normal -0.0988807 0.995099 0
    outer loop
      vertex 64.2219 184.315 0
      vertex 64.1112 184.304 21
      vertex 64.2219 184.315 21
    endloop
  endfacet
  facet normal -0.0988807 0.995099 0
    outer loop
      vertex 64.1112 184.304 21
      vertex 64.2219 184.315 0
      vertex 64.1112 184.304 0
    endloop
  endfacet
  facet normal 0.973841 0.22723 -5.68025e-20
    outer loop
      vertex 62.3579 185.56 21
      vertex 62.3327 185.668 0
      vertex 62.3327 185.668 21
    endloop
  endfacet
  facet normal 0.973841 0.22723 -5.68025e-20
    outer loop
      vertex 62.3327 185.668 0
      vertex 62.3579 185.56 21
      vertex 62.3579 185.56 0
    endloop
  endfacet
  facet normal 0.224925 0.974376 -0
    outer loop
      vertex 63.6683 184.333 0
      vertex 63.56 184.358 21
      vertex 63.6683 184.333 21
    endloop
  endfacet
  facet normal 0.224925 0.974376 0
    outer loop
      vertex 63.56 184.358 21
      vertex 63.6683 184.333 0
      vertex 63.56 184.358 0
    endloop
  endfacet
  facet normal -0.161919 -0.986804 0
    outer loop
      vertex 64.2219 187.685 0
      vertex 64.3316 187.667 21
      vertex 64.2219 187.685 21
    endloop
  endfacet
  facet normal -0.161919 -0.986804 -0
    outer loop
      vertex 64.3316 187.667 21
      vertex 64.2219 187.685 0
      vertex 64.3316 187.667 0
    endloop
  endfacet
  facet normal 0.577817 -0.816166 0
    outer loop
      vertex 62.9651 187.349 0
      vertex 63.0555 187.413 21
      vertex 62.9651 187.349 21
    endloop
  endfacet
  facet normal 0.577817 -0.816166 0
    outer loop
      vertex 63.0555 187.413 21
      vertex 62.9651 187.349 0
      vertex 63.0555 187.413 0
    endloop
  endfacet
  facet normal 0.413464 -0.91052 0
    outer loop
      vertex 63.2481 187.525 0
      vertex 63.3494 187.571 21
      vertex 63.2481 187.525 21
    endloop
  endfacet
  facet normal 0.413464 -0.91052 0
    outer loop
      vertex 63.3494 187.571 21
      vertex 63.2481 187.525 0
      vertex 63.3494 187.571 0
    endloop
  endfacet
  facet normal 0.986587 0.163235 2.82842e-20
    outer loop
      vertex 62.3327 185.668 21
      vertex 62.3145 185.778 0
      vertex 62.3145 185.778 21
    endloop
  endfacet
  facet normal 0.986587 0.163235 2.82842e-20
    outer loop
      vertex 62.3145 185.778 0
      vertex 62.3327 185.668 21
      vertex 62.3327 185.668 0
    endloop
  endfacet
  facet normal 0.88148 0.472221 -1.44323e-19
    outer loop
      vertex 62.5278 185.15 21
      vertex 62.4753 185.248 0
      vertex 62.4753 185.248 21
    endloop
  endfacet
  facet normal 0.88148 0.472221 -1.44323e-19
    outer loop
      vertex 62.4753 185.248 0
      vertex 62.5278 185.15 21
      vertex 62.5278 185.15 0
    endloop
  endfacet
  facet normal 0.475329 -0.879808 0
    outer loop
      vertex 63.15 187.472 0
      vertex 63.2481 187.525 21
      vertex 63.15 187.472 21
    endloop
  endfacet
  facet normal 0.475329 -0.879808 0
    outer loop
      vertex 63.2481 187.525 21
      vertex 63.15 187.472 0
      vertex 63.2481 187.525 0
    endloop
  endfacet
  facet normal -0.577817 -0.816166 0
    outer loop
      vertex 64.9445 187.413 0
      vertex 65.0349 187.349 21
      vertex 64.9445 187.413 21
    endloop
  endfacet
  facet normal -0.577817 -0.816166 -0
    outer loop
      vertex 65.0349 187.349 21
      vertex 64.9445 187.413 0
      vertex 65.0349 187.349 0
    endloop
  endfacet
  facet normal -0.729256 -0.684241 6.04491e-21
    outer loop
      vertex 65.2781 187.121 0
      vertex 65.2021 187.202 21
      vertex 65.2021 187.202 0
    endloop
  endfacet
  facet normal -0.729256 -0.684241 6.04491e-21
    outer loop
      vertex 65.2021 187.202 21
      vertex 65.2781 187.121 0
      vertex 65.2781 187.121 21
    endloop
  endfacet
  facet normal -0.88148 -0.472221 1.58827e-19
    outer loop
      vertex 65.5247 186.752 0
      vertex 65.4722 186.85 21
      vertex 65.4722 186.85 0
    endloop
  endfacet
  facet normal -0.88148 -0.472221 1.58827e-19
    outer loop
      vertex 65.4722 186.85 21
      vertex 65.5247 186.752 0
      vertex 65.5247 186.752 21
    endloop
  endfacet
  facet normal 0.814579 0.580052 -4.78873e-20
    outer loop
      vertex 62.6513 184.965 21
      vertex 62.5865 185.056 0
      vertex 62.5865 185.056 21
    endloop
  endfacet
  facet normal 0.814579 0.580052 -4.78873e-20
    outer loop
      vertex 62.5865 185.056 0
      vertex 62.6513 184.965 21
      vertex 62.6513 184.965 0
    endloop
  endfacet
  facet normal -0.413464 0.91052 0
    outer loop
      vertex 64.7519 184.475 0
      vertex 64.6506 184.429 21
      vertex 64.7519 184.475 21
    endloop
  endfacet
  facet normal -0.413464 0.91052 0
    outer loop
      vertex 64.6506 184.429 21
      vertex 64.7519 184.475 0
      vertex 64.6506 184.429 0
    endloop
  endfacet
  facet normal -0.995213 0.0977281 -3.29814e-20
    outer loop
      vertex 65.6855 185.778 0
      vertex 65.6964 185.889 21
      vertex 65.6964 185.889 0
    endloop
  endfacet
  facet normal -0.995213 0.0977281 -3.29814e-20
    outer loop
      vertex 65.6964 185.889 21
      vertex 65.6855 185.778 0
      vertex 65.6855 185.778 21
    endloop
  endfacet
  facet normal 0.973841 -0.22723 5.68025e-20
    outer loop
      vertex 62.3327 186.332 21
      vertex 62.3579 186.44 0
      vertex 62.3579 186.44 21
    endloop
  endfacet
  facet normal 0.973841 -0.22723 5.68025e-20
    outer loop
      vertex 62.3579 186.44 0
      vertex 62.3327 186.332 21
      vertex 62.3327 186.332 0
    endloop
  endfacet
  facet normal 0.0988807 -0.995099 0
    outer loop
      vertex 63.7781 187.685 0
      vertex 63.8888 187.696 21
      vertex 63.7781 187.685 21
    endloop
  endfacet
  facet normal 0.0988807 -0.995099 0
    outer loop
      vertex 63.8888 187.696 21
      vertex 63.7781 187.685 0
      vertex 63.8888 187.696 0
    endloop
  endfacet
  facet normal -0.63665 0.771153 0
    outer loop
      vertex 65.1209 184.722 0
      vertex 65.0349 184.651 21
      vertex 65.1209 184.722 21
    endloop
  endfacet
  facet normal -0.63665 0.771153 0
    outer loop
      vertex 65.0349 184.651 21
      vertex 65.1209 184.722 0
      vertex 65.0349 184.651 0
    endloop
  endfacet
  facet normal 0.224925 -0.974376 0
    outer loop
      vertex 63.56 187.642 0
      vertex 63.6683 187.667 21
      vertex 63.56 187.642 21
    endloop
  endfacet
  facet normal 0.224925 -0.974376 0
    outer loop
      vertex 63.6683 187.667 21
      vertex 63.56 187.642 0
      vertex 63.6683 187.667 0
    endloop
  endfacet
  facet normal -0.88148 0.472221 -1.58827e-19
    outer loop
      vertex 65.4722 185.15 0
      vertex 65.5247 185.248 21
      vertex 65.5247 185.248 0
    endloop
  endfacet
  facet normal -0.88148 0.472221 -1.58827e-19
    outer loop
      vertex 65.5247 185.248 21
      vertex 65.4722 185.15 0
      vertex 65.4722 185.15 21
    endloop
  endfacet
  facet normal -0.288008 -0.957628 0
    outer loop
      vertex 64.44 187.642 0
      vertex 64.5464 187.61 21
      vertex 64.44 187.642 21
    endloop
  endfacet
  facet normal -0.288008 -0.957628 -0
    outer loop
      vertex 64.5464 187.61 21
      vertex 64.44 187.642 0
      vertex 64.5464 187.61 0
    endloop
  endfacet
  facet normal 0.910397 0.413735 -1.48309e-19
    outer loop
      vertex 62.4753 185.248 21
      vertex 62.4294 185.349 0
      vertex 62.4294 185.349 21
    endloop
  endfacet
  facet normal 0.910397 0.413735 -1.48309e-19
    outer loop
      vertex 62.4294 185.349 0
      vertex 62.4753 185.248 21
      vertex 62.4753 185.248 0
    endloop
  endfacet
  facet normal 0.772915 0.634509 -1.65255e-20
    outer loop
      vertex 62.7219 184.879 21
      vertex 62.6513 184.965 0
      vertex 62.6513 184.965 21
    endloop
  endfacet
  facet normal 0.772915 0.634509 -1.65255e-20
    outer loop
      vertex 62.6513 184.965 0
      vertex 62.7219 184.879 21
      vertex 62.7219 184.879 0
    endloop
  endfacet
  facet normal -0.848201 0.529674 -3.73338e-20
    outer loop
      vertex 65.4135 185.056 0
      vertex 65.4722 185.15 21
      vertex 65.4722 185.15 0
    endloop
  endfacet
  facet normal -0.848201 0.529674 -3.73338e-20
    outer loop
      vertex 65.4722 185.15 21
      vertex 65.4135 185.056 0
      vertex 65.4135 185.056 21
    endloop
  endfacet
  facet normal -0.772915 0.634509 1.65255e-20
    outer loop
      vertex 65.2781 184.879 0
      vertex 65.3487 184.965 21
      vertex 65.3487 184.965 0
    endloop
  endfacet
  facet normal -0.772915 0.634509 1.65255e-20
    outer loop
      vertex 65.3487 184.965 21
      vertex 65.2781 184.879 0
      vertex 65.2781 184.879 21
    endloop
  endfacet
  facet normal -0.956575 -0.291485 -5.1426e-20
    outer loop
      vertex 65.6421 186.44 0
      vertex 65.6098 186.546 21
      vertex 65.6098 186.546 0
    endloop
  endfacet
  facet normal -0.956575 -0.291485 -5.1426e-20
    outer loop
      vertex 65.6098 186.546 21
      vertex 65.6421 186.44 0
      vertex 65.6421 186.44 21
    endloop
  endfacet
  facet normal -0.999474 0.0324154 -4.12664e-22
    outer loop
      vertex 65.6964 185.889 0
      vertex 65.7 186 21
      vertex 65.7 186 0
    endloop
  endfacet
  facet normal -0.999474 0.0324154 -4.12664e-22
    outer loop
      vertex 65.7 186 21
      vertex 65.6964 185.889 0
      vertex 65.6964 185.889 21
    endloop
  endfacet
  facet normal -0.683343 -0.730098 0
    outer loop
      vertex 65.1209 187.278 0
      vertex 65.2021 187.202 21
      vertex 65.1209 187.278 21
    endloop
  endfacet
  facet normal -0.683343 -0.730098 -0
    outer loop
      vertex 65.2021 187.202 21
      vertex 65.1209 187.278 0
      vertex 65.2021 187.202 0
    endloop
  endfacet
  facet normal 0.88148 -0.472221 1.44323e-19
    outer loop
      vertex 62.4753 186.752 21
      vertex 62.5278 186.85 0
      vertex 62.5278 186.85 21
    endloop
  endfacet
  facet normal 0.88148 -0.472221 1.44323e-19
    outer loop
      vertex 62.5278 186.85 0
      vertex 62.4753 186.752 21
      vertex 62.4753 186.752 0
    endloop
  endfacet
  facet normal 0.995213 0.0977281 1.00217e-20
    outer loop
      vertex 62.3145 185.778 21
      vertex 62.3036 185.889 0
      vertex 62.3036 185.889 21
    endloop
  endfacet
  facet normal 0.995213 0.0977281 1.00217e-20
    outer loop
      vertex 62.3036 185.889 0
      vertex 62.3145 185.778 21
      vertex 62.3145 185.778 0
    endloop
  endfacet
  facet normal -0.683343 0.730098 0
    outer loop
      vertex 65.2021 184.798 0
      vertex 65.1209 184.722 21
      vertex 65.2021 184.798 21
    endloop
  endfacet
  facet normal -0.683343 0.730098 0
    outer loop
      vertex 65.1209 184.722 21
      vertex 65.2021 184.798 0
      vertex 65.1209 184.722 0
    endloop
  endfacet
  facet normal 0.161775 0.986828 -0
    outer loop
      vertex 63.7781 184.315 0
      vertex 63.6683 184.333 21
      vertex 63.7781 184.315 21
    endloop
  endfacet
  facet normal 0.161775 0.986828 0
    outer loop
      vertex 63.6683 184.333 21
      vertex 63.7781 184.315 0
      vertex 63.6683 184.333 0
    endloop
  endfacet
  facet normal 0.350532 -0.936551 0
    outer loop
      vertex 63.3494 187.571 0
      vertex 63.4536 187.61 21
      vertex 63.3494 187.571 21
    endloop
  endfacet
  facet normal 0.350532 -0.936551 0
    outer loop
      vertex 63.4536 187.61 21
      vertex 63.3494 187.571 0
      vertex 63.4536 187.61 0
    endloop
  endfacet
  facet normal -0.350532 0.936551 0
    outer loop
      vertex 64.6506 184.429 0
      vertex 64.5464 184.39 21
      vertex 64.6506 184.429 21
    endloop
  endfacet
  facet normal -0.350532 0.936551 0
    outer loop
      vertex 64.5464 184.39 21
      vertex 64.6506 184.429 0
      vertex 64.5464 184.39 0
    endloop
  endfacet
  facet normal 0.995213 -0.0977281 -1.00217e-20
    outer loop
      vertex 62.3036 186.111 21
      vertex 62.3145 186.222 0
      vertex 62.3145 186.222 21
    endloop
  endfacet
  facet normal 0.995213 -0.0977281 -1.00217e-20
    outer loop
      vertex 62.3145 186.222 0
      vertex 62.3036 186.111 21
      vertex 62.3036 186.111 0
    endloop
  endfacet
  facet normal 0.999474 0.0324154 4.12664e-22
    outer loop
      vertex 62.3036 185.889 21
      vertex 62.3 186 0
      vertex 62.3 186 21
    endloop
  endfacet
  facet normal 0.999474 0.0324154 4.12664e-22
    outer loop
      vertex 62.3 186 0
      vertex 62.3036 185.889 21
      vertex 62.3036 185.889 0
    endloop
  endfacet
  facet normal 0.577817 0.816166 -0
    outer loop
      vertex 63.0555 184.587 0
      vertex 62.9651 184.651 21
      vertex 63.0555 184.587 21
    endloop
  endfacet
  facet normal 0.577817 0.816166 0
    outer loop
      vertex 62.9651 184.651 21
      vertex 63.0555 184.587 0
      vertex 62.9651 184.651 0
    endloop
  endfacet
  facet normal 0.956575 -0.291485 -3.73803e-21
    outer loop
      vertex 62.3579 186.44 21
      vertex 62.3902 186.546 0
      vertex 62.3902 186.546 21
    endloop
  endfacet
  facet normal 0.956575 -0.291485 -3.73803e-21
    outer loop
      vertex 62.3902 186.546 0
      vertex 62.3579 186.44 21
      vertex 62.3579 186.44 0
    endloop
  endfacet
  facet normal -0.475329 0.879808 0
    outer loop
      vertex 64.85 184.528 0
      vertex 64.7519 184.475 21
      vertex 64.85 184.528 21
    endloop
  endfacet
  facet normal -0.475329 0.879808 0
    outer loop
      vertex 64.7519 184.475 21
      vertex 64.85 184.528 0
      vertex 64.7519 184.475 0
    endloop
  endfacet
  facet normal -0.973841 0.22723 5.68025e-20
    outer loop
      vertex 65.6421 185.56 0
      vertex 65.6673 185.668 21
      vertex 65.6673 185.668 0
    endloop
  endfacet
  facet normal -0.973841 0.22723 5.68025e-20
    outer loop
      vertex 65.6673 185.668 21
      vertex 65.6421 185.56 0
      vertex 65.6421 185.56 21
    endloop
  endfacet
  facet normal -0.910397 0.413735 -7.80479e-20
    outer loop
      vertex 65.5247 185.248 0
      vertex 65.5706 185.349 21
      vertex 65.5706 185.349 0
    endloop
  endfacet
  facet normal -0.910397 0.413735 -7.80479e-20
    outer loop
      vertex 65.5706 185.349 21
      vertex 65.5247 185.248 0
      vertex 65.5247 185.248 21
    endloop
  endfacet
  facet normal -0.161919 0.986804 0
    outer loop
      vertex 64.3316 184.333 0
      vertex 64.2219 184.315 21
      vertex 64.3316 184.333 21
    endloop
  endfacet
  facet normal -0.161919 0.986804 0
    outer loop
      vertex 64.2219 184.315 21
      vertex 64.3316 184.333 0
      vertex 64.2219 184.315 0
    endloop
  endfacet
  facet normal -0.577817 0.816166 0
    outer loop
      vertex 65.0349 184.651 0
      vertex 64.9445 184.587 21
      vertex 65.0349 184.651 21
    endloop
  endfacet
  facet normal -0.577817 0.816166 0
    outer loop
      vertex 64.9445 184.587 21
      vertex 65.0349 184.651 0
      vertex 64.9445 184.587 0
    endloop
  endfacet
  facet normal 0.729256 0.684241 1.72637e-19
    outer loop
      vertex 62.7979 184.798 21
      vertex 62.7219 184.879 0
      vertex 62.7219 184.879 21
    endloop
  endfacet
  facet normal 0.729256 0.684241 1.72637e-19
    outer loop
      vertex 62.7219 184.879 0
      vertex 62.7979 184.798 21
      vertex 62.7979 184.798 0
    endloop
  endfacet
  facet normal 0.683343 -0.730098 0
    outer loop
      vertex 62.7979 187.202 0
      vertex 62.8791 187.278 21
      vertex 62.7979 187.202 21
    endloop
  endfacet
  facet normal 0.683343 -0.730098 0
    outer loop
      vertex 62.8791 187.278 21
      vertex 62.7979 187.202 0
      vertex 62.8791 187.278 0
    endloop
  endfacet
  facet normal -0.413464 -0.91052 0
    outer loop
      vertex 64.6506 187.571 0
      vertex 64.7519 187.525 21
      vertex 64.6506 187.571 21
    endloop
  endfacet
  facet normal -0.413464 -0.91052 -0
    outer loop
      vertex 64.7519 187.525 21
      vertex 64.6506 187.571 0
      vertex 64.7519 187.525 0
    endloop
  endfacet
  facet normal 0.956575 0.291485 3.73803e-21
    outer loop
      vertex 62.3902 185.454 21
      vertex 62.3579 185.56 0
      vertex 62.3579 185.56 21
    endloop
  endfacet
  facet normal 0.956575 0.291485 3.73803e-21
    outer loop
      vertex 62.3579 185.56 0
      vertex 62.3902 185.454 21
      vertex 62.3902 185.454 0
    endloop
  endfacet
  facet normal -0.729256 0.684241 -6.04491e-21
    outer loop
      vertex 65.2021 184.798 0
      vertex 65.2781 184.879 21
      vertex 65.2781 184.879 0
    endloop
  endfacet
  facet normal -0.729256 0.684241 -6.04491e-21
    outer loop
      vertex 65.2781 184.879 21
      vertex 65.2021 184.798 0
      vertex 65.2021 184.798 21
    endloop
  endfacet
  facet normal -0.0988807 -0.995099 0
    outer loop
      vertex 64.1112 187.696 0
      vertex 64.2219 187.685 21
      vertex 64.1112 187.696 21
    endloop
  endfacet
  facet normal -0.0988807 -0.995099 -0
    outer loop
      vertex 64.2219 187.685 21
      vertex 64.1112 187.696 0
      vertex 64.2219 187.685 0
    endloop
  endfacet
  facet normal 0.772915 -0.634509 1.65255e-20
    outer loop
      vertex 62.6513 187.035 21
      vertex 62.7219 187.121 0
      vertex 62.7219 187.121 21
    endloop
  endfacet
  facet normal 0.772915 -0.634509 1.65255e-20
    outer loop
      vertex 62.7219 187.121 0
      vertex 62.6513 187.035 21
      vertex 62.6513 187.035 0
    endloop
  endfacet
  facet normal 0.729256 -0.684241 -1.72637e-19
    outer loop
      vertex 62.7219 187.121 21
      vertex 62.7979 187.202 0
      vertex 62.7979 187.202 21
    endloop
  endfacet
  facet normal 0.729256 -0.684241 -1.72637e-19
    outer loop
      vertex 62.7979 187.202 0
      vertex 62.7219 187.121 21
      vertex 62.7219 187.121 0
    endloop
  endfacet
  facet normal 0.288008 -0.957628 0
    outer loop
      vertex 63.4536 187.61 0
      vertex 63.56 187.642 21
      vertex 63.4536 187.61 21
    endloop
  endfacet
  facet normal 0.288008 -0.957628 0
    outer loop
      vertex 63.56 187.642 21
      vertex 63.4536 187.61 0
      vertex 63.56 187.642 0
    endloop
  endfacet
  facet normal 0.848201 -0.529674 -3.73338e-20
    outer loop
      vertex 62.5278 186.85 21
      vertex 62.5865 186.944 0
      vertex 62.5865 186.944 21
    endloop
  endfacet
  facet normal 0.848201 -0.529674 -3.73338e-20
    outer loop
      vertex 62.5865 186.944 0
      vertex 62.5278 186.85 21
      vertex 62.5278 186.85 0
    endloop
  endfacet
  facet normal 0.63665 0.771153 -0
    outer loop
      vertex 62.9651 184.651 0
      vertex 62.8791 184.722 21
      vertex 62.9651 184.651 21
    endloop
  endfacet
  facet normal 0.63665 0.771153 0
    outer loop
      vertex 62.8791 184.722 21
      vertex 62.9651 184.651 0
      vertex 62.8791 184.722 0
    endloop
  endfacet
  facet normal 0.350532 0.936551 -0
    outer loop
      vertex 63.4536 184.39 0
      vertex 63.3494 184.429 21
      vertex 63.4536 184.39 21
    endloop
  endfacet
  facet normal 0.350532 0.936551 0
    outer loop
      vertex 63.3494 184.429 21
      vertex 63.4536 184.39 0
      vertex 63.3494 184.429 0
    endloop
  endfacet
  facet normal 0.529595 -0.84825 0
    outer loop
      vertex 63.0555 187.413 0
      vertex 63.15 187.472 21
      vertex 63.0555 187.413 21
    endloop
  endfacet
  facet normal 0.529595 -0.84825 0
    outer loop
      vertex 63.15 187.472 21
      vertex 63.0555 187.413 0
      vertex 63.15 187.472 0
    endloop
  endfacet
  facet normal -0.814579 0.580052 -1.47325e-19
    outer loop
      vertex 65.3487 184.965 0
      vertex 65.4135 185.056 21
      vertex 65.4135 185.056 0
    endloop
  endfacet
  facet normal -0.814579 0.580052 -1.47325e-19
    outer loop
      vertex 65.4135 185.056 21
      vertex 65.3487 184.965 0
      vertex 65.3487 184.965 21
    endloop
  endfacet
  facet normal 0.936842 0.349754 1.01864e-19
    outer loop
      vertex 62.4294 185.349 21
      vertex 62.3902 185.454 0
      vertex 62.3902 185.454 21
    endloop
  endfacet
  facet normal 0.936842 0.349754 1.01864e-19
    outer loop
      vertex 62.3902 185.454 0
      vertex 62.4294 185.349 21
      vertex 62.4294 185.349 0
    endloop
  endfacet
  facet normal -0.224728 -0.974421 0
    outer loop
      vertex 64.3316 187.667 0
      vertex 64.44 187.642 21
      vertex 64.3316 187.667 21
    endloop
  endfacet
  facet normal -0.224728 -0.974421 -0
    outer loop
      vertex 64.44 187.642 21
      vertex 64.3316 187.667 0
      vertex 64.44 187.642 0
    endloop
  endfacet
  facet normal 0.0988807 0.995099 -0
    outer loop
      vertex 63.8888 184.304 0
      vertex 63.7781 184.315 21
      vertex 63.8888 184.304 21
    endloop
  endfacet
  facet normal 0.0988807 0.995099 0
    outer loop
      vertex 63.7781 184.315 21
      vertex 63.8888 184.304 0
      vertex 63.7781 184.315 0
    endloop
  endfacet
  facet normal 0.035948 0.999354 -0
    outer loop
      vertex 64 184.3 0
      vertex 63.8888 184.304 21
      vertex 64 184.3 21
    endloop
  endfacet
  facet normal 0.035948 0.999354 0
    outer loop
      vertex 63.8888 184.304 21
      vertex 64 184.3 0
      vertex 63.8888 184.304 0
    endloop
  endfacet
  facet normal 0.814579 -0.580052 4.78873e-20
    outer loop
      vertex 62.5865 186.944 21
      vertex 62.6513 187.035 0
      vertex 62.6513 187.035 21
    endloop
  endfacet
  facet normal 0.814579 -0.580052 4.78873e-20
    outer loop
      vertex 62.6513 187.035 0
      vertex 62.5865 186.944 21
      vertex 62.5865 186.944 0
    endloop
  endfacet
  facet normal 0.999474 -0.0324154 -4.12664e-22
    outer loop
      vertex 62.3 186 21
      vertex 62.3036 186.111 0
      vertex 62.3036 186.111 21
    endloop
  endfacet
  facet normal 0.999474 -0.0324154 -4.12664e-22
    outer loop
      vertex 62.3036 186.111 0
      vertex 62.3 186 21
      vertex 62.3 186 0
    endloop
  endfacet
  facet normal 0.936842 -0.349754 -1.01864e-19
    outer loop
      vertex 62.3902 186.546 21
      vertex 62.4294 186.651 0
      vertex 62.4294 186.651 21
    endloop
  endfacet
  facet normal 0.936842 -0.349754 -1.01864e-19
    outer loop
      vertex 62.4294 186.651 0
      vertex 62.3902 186.546 21
      vertex 62.3902 186.546 0
    endloop
  endfacet
  facet normal 0.529595 0.84825 -0
    outer loop
      vertex 63.15 184.528 0
      vertex 63.0555 184.587 21
      vertex 63.15 184.528 21
    endloop
  endfacet
  facet normal 0.529595 0.84825 0
    outer loop
      vertex 63.0555 184.587 21
      vertex 63.15 184.528 0
      vertex 63.0555 184.587 0
    endloop
  endfacet
  facet normal 0.475329 0.879808 -0
    outer loop
      vertex 63.2481 184.475 0
      vertex 63.15 184.528 21
      vertex 63.2481 184.475 21
    endloop
  endfacet
  facet normal 0.475329 0.879808 0
    outer loop
      vertex 63.15 184.528 21
      vertex 63.2481 184.475 0
      vertex 63.15 184.528 0
    endloop
  endfacet
  facet normal 0.848201 0.529674 3.73338e-20
    outer loop
      vertex 62.5865 185.056 21
      vertex 62.5278 185.15 0
      vertex 62.5278 185.15 21
    endloop
  endfacet
  facet normal 0.848201 0.529674 3.73338e-20
    outer loop
      vertex 62.5278 185.15 0
      vertex 62.5865 185.056 21
      vertex 62.5865 185.056 0
    endloop
  endfacet
  facet normal 0.910397 -0.413735 1.48309e-19
    outer loop
      vertex 62.4294 186.651 21
      vertex 62.4753 186.752 0
      vertex 62.4753 186.752 21
    endloop
  endfacet
  facet normal 0.910397 -0.413735 1.48309e-19
    outer loop
      vertex 62.4753 186.752 0
      vertex 62.4294 186.651 21
      vertex 62.4294 186.651 0
    endloop
  endfacet
  facet normal 0 0 -1
    outer loop
      vertex 0 64 70
      vertex 13 92 70
      vertex 13 64 70
    endloop
  endfacet
  facet normal -0 0 -1
    outer loop
      vertex 13 92 70
      vertex 0 64 70
      vertex 0 92 70
    endloop
  endfacet
  facet normal -0 0 1
    outer loop
      vertex -1 92 52
      vertex 14 64 52
      vertex 14 92 52
    endloop
  endfacet
  facet normal 0 0 1
    outer loop
      vertex 14 64 52
      vertex -1 92 52
      vertex -1 64 52
    endloop
  endfacet
  facet normal 0 -1 0
    outer loop
      vertex -1 92 52
      vertex 0 92 54
      vertex -1 92 54
    endloop
  endfacet
  facet normal 0 -1 -0
    outer loop
      vertex 0 92 54
      vertex -1 92 52
      vertex 13 92 54
    endloop
  endfacet
  facet normal 0 -1 0
    outer loop
      vertex 14 92 52
      vertex 13 92 54
      vertex -1 92 52
    endloop
  endfacet
  facet normal 0 -1 0
    outer loop
      vertex 13 92 54
      vertex 14 92 52
      vertex 14 92 54
    endloop
  endfacet
  facet normal 0 -1 0
    outer loop
      vertex 0 92 70
      vertex 13 92 60
      vertex 13 92 70
    endloop
  endfacet
  facet normal 0 -1 0
    outer loop
      vertex 13 92 60
      vertex 13 92 55
      vertex 14 92 60
    endloop
  endfacet
  facet normal 0 -1 0
    outer loop
      vertex 0 92 54
      vertex 13 92 60
      vertex 0 92 70
    endloop
  endfacet
  facet normal 0 -1 -0
    outer loop
      vertex 13 92 60
      vertex 0 92 54
      vertex 13 92 55
    endloop
  endfacet
  facet normal 0 -1 -0
    outer loop
      vertex 13 92 55
      vertex 0 92 54
      vertex 13 92 54
    endloop
  endfacet
  facet normal 0 -1 -0
    outer loop
      vertex 14 92 60
      vertex 13 92 55
      vertex 14 92 55
    endloop
  endfacet
  facet normal 0 1 0
    outer loop
      vertex 14 64 60
      vertex 14 64 55
      vertex 13 64 60
    endloop
  endfacet
  facet normal 0 1 -0
    outer loop
      vertex 13 64 60
      vertex 0 64 70
      vertex 13 64 70
    endloop
  endfacet
  facet normal 0 1 0
    outer loop
      vertex 13 64 55
      vertex 13 64 60
      vertex 14 64 55
    endloop
  endfacet
  facet normal 0 1 0
    outer loop
      vertex 0 64 54
      vertex 13 64 60
      vertex 13 64 55
    endloop
  endfacet
  facet normal 0 1 0
    outer loop
      vertex 0 64 54
      vertex 13 64 55
      vertex 13 64 54
    endloop
  endfacet
  facet normal 0 1 0
    outer loop
      vertex 13 64 60
      vertex 0 64 54
      vertex 0 64 70
    endloop
  endfacet
  facet normal 0 1 -0
    outer loop
      vertex 14 64 52
      vertex 13 64 54
      vertex 14 64 54
    endloop
  endfacet
  facet normal 0 1 0
    outer loop
      vertex 13 64 54
      vertex 14 64 52
      vertex 0 64 54
    endloop
  endfacet
  facet normal 0 1 0
    outer loop
      vertex -1 64 52
      vertex 0 64 54
      vertex 14 64 52
    endloop
  endfacet
  facet normal 0 1 0
    outer loop
      vertex 0 64 54
      vertex -1 64 52
      vertex -1 64 54
    endloop
  endfacet
  facet normal 0 0 -1
    outer loop
      vertex 0 128 70
      vertex 13 156 70
      vertex 13 128 70
    endloop
  endfacet
  facet normal -0 0 -1
    outer loop
      vertex 13 156 70
      vertex 0 128 70
      vertex 0 156 70
    endloop
  endfacet
  facet normal -0 0 1
    outer loop
      vertex -1 156 52
      vertex 14 128 52
      vertex 14 156 52
    endloop
  endfacet
  facet normal 0 0 1
    outer loop
      vertex 14 128 52
      vertex -1 156 52
      vertex -1 128 52
    endloop
  endfacet
  facet normal 0 -1 0
    outer loop
      vertex -1 156 52
      vertex 0 156 54
      vertex -1 156 54
    endloop
  endfacet
  facet normal 0 -1 -0
    outer loop
      vertex 0 156 54
      vertex -1 156 52
      vertex 13 156 54
    endloop
  endfacet
  facet normal 0 -1 0
    outer loop
      vertex 14 156 52
      vertex 13 156 54
      vertex -1 156 52
    endloop
  endfacet
  facet normal 0 -1 0
    outer loop
      vertex 13 156 54
      vertex 14 156 52
      vertex 14 156 54
    endloop
  endfacet
  facet normal 0 -1 0
    outer loop
      vertex 0 156 70
      vertex 13 156 60
      vertex 13 156 70
    endloop
  endfacet
  facet normal 0 -1 0
    outer loop
      vertex 13 156 60
      vertex 13 156 55
      vertex 14 156 60
    endloop
  endfacet
  facet normal 0 -1 0
    outer loop
      vertex 0 156 54
      vertex 13 156 60
      vertex 0 156 70
    endloop
  endfacet
  facet normal 0 -1 -0
    outer loop
      vertex 13 156 60
      vertex 0 156 54
      vertex 13 156 55
    endloop
  endfacet
  facet normal 0 -1 -0
    outer loop
      vertex 13 156 55
      vertex 0 156 54
      vertex 13 156 54
    endloop
  endfacet
  facet normal 0 -1 -0
    outer loop
      vertex 14 156 60
      vertex 13 156 55
      vertex 14 156 55
    endloop
  endfacet
  facet normal 0 1 0
    outer loop
      vertex 14 128 60
      vertex 14 128 55
      vertex 13 128 60
    endloop
  endfacet
  facet normal 0 1 -0
    outer loop
      vertex 13 128 60
      vertex 0 128 70
      vertex 13 128 70
    endloop
  endfacet
  facet normal 0 1 0
    outer loop
      vertex 13 128 55
      vertex 13 128 60
      vertex 14 128 55
    endloop
  endfacet
  facet normal 0 1 0
    outer loop
      vertex 0 128 54
      vertex 13 128 60
      vertex 13 128 55
    endloop
  endfacet
  facet normal 0 1 0
    outer loop
      vertex 0 128 54
      vertex 13 128 55
      vertex 13 128 54
    endloop
  endfacet
  facet normal 0 1 0
    outer loop
      vertex 13 128 60
      vertex 0 128 54
      vertex 0 128 70
    endloop
  endfacet
  facet normal 0 1 -0
    outer loop
      vertex 14 128 52
      vertex 13 128 54
      vertex 14 128 54
    endloop
  endfacet
  facet normal 0 1 0
    outer loop
      vertex 13 128 54
      vertex 14 128 52
      vertex 0 128 54
    endloop
  endfacet
  facet normal 0 1 0
    outer loop
      vertex -1 128 52
      vertex 0 128 54
      vertex 14 128 52
    endloop
  endfacet
  facet normal 0 1 0
    outer loop
      vertex 0 128 54
      vertex -1 128 52
      vertex -1 128 54
    endloop
  endfacet
endsolid OpenSCAD_Model
