solid OpenSCAD_Model
  facet normal -0.130529 -0.991445 0
    outer loop
      vertex 5.22906 0.0455761 5.75
      vertex 5.48853 0.0114155 19.75
      vertex 5.22906 0.0455761 19.75
    endloop
  endfacet
  facet normal -0.130529 -0.991445 -0
    outer loop
      vertex 5.48853 0.0114155 19.75
      vertex 5.22906 0.0455761 5.75
      vertex 5.48853 0.0114155 5.75
    endloop
  endfacet
  facet normal -0.0436174 -0.999048 0
    outer loop
      vertex 5.48853 0.0114155 5.75
      vertex 5.75 0 19.75
      vertex 5.48853 0.0114155 19.75
    endloop
  endfacet
  facet normal -0.0436174 -0.999048 -0
    outer loop
      vertex 5.75 0 19.75
      vertex 5.48853 0.0114155 5.75
      vertex 5.75 0 5.75
    endloop
  endfacet
  facet normal -0.461756 -0.887007 0
    outer loop
      vertex 4.25 0.401923 5.75
      vertex 4.48214 0.281076 19.75
      vertex 4.25 0.401923 19.75
    endloop
  endfacet
  facet normal -0.461756 -0.887007 -0
    outer loop
      vertex 4.48214 0.281076 19.75
      vertex 4.25 0.401923 5.75
      vertex 4.48214 0.281076 5.75
    endloop
  endfacet
  facet normal 0 1 -0
    outer loop
      vertex 137 36 145.5
      vertex 7 36 150
      vertex 137 36 150
    endloop
  endfacet
  facet normal 0 1 0
    outer loop
      vertex 7 36 150
      vertex 137 36 145.5
      vertex 7 36 145.5
    endloop
  endfacet
  facet normal 0 1 -0
    outer loop
      vertex 137 36 0
      vertex 7 36 4.5
      vertex 137 36 4.5
    endloop
  endfacet
  facet normal 0 1 0
    outer loop
      vertex 7 36 4.5
      vertex 137 36 0
      vertex 7 36 0
    endloop
  endfacet
  facet normal 0 -1 0
    outer loop
      vertex 132.258 0 11.0788
      vertex 137 0 0
      vertex 132.412 0 10.9115
    endloop
  endfacet
  facet normal 0 -1 0
    outer loop
      vertex 132.412 0 10.9115
      vertex 137 0 0
      vertex 137 0 5.75
    endloop
  endfacet
  facet normal 0 -1 0
    outer loop
      vertex 8.07875 0 14.7417
      vertex 7 0 19.75
      vertex 5.75 0 19.75
    endloop
  endfacet
  facet normal 0 -1 0
    outer loop
      vertex 7 0 19.75
      vertex 9.52339 0 15.3401
      vertex 9.75 0 15.35
    endloop
  endfacet
  facet normal 0 -1 0
    outer loop
      vertex 7 0 19.75
      vertex 9.29851 0 15.3105
      vertex 9.52339 0 15.3401
    endloop
  endfacet
  facet normal 0 -1 0
    outer loop
      vertex 7 0 19.75
      vertex 9.07707 0 15.2614
      vertex 9.29851 0 15.3105
    endloop
  endfacet
  facet normal 0 -1 0
    outer loop
      vertex 7 0 19.75
      vertex 8.86075 0 15.1932
      vertex 9.07707 0 15.2614
    endloop
  endfacet
  facet normal 0 -1 0
    outer loop
      vertex 7 0 19.75
      vertex 8.65119 0 15.1064
      vertex 8.86075 0 15.1932
    endloop
  endfacet
  facet normal 0 -1 0
    outer loop
      vertex 7 0 19.75
      vertex 8.45 0 15.0017
      vertex 8.65119 0 15.1064
    endloop
  endfacet
  facet normal 0 -1 0
    outer loop
      vertex 7 0 19.75
      vertex 8.2587 0 14.8798
      vertex 8.45 0 15.0017
    endloop
  endfacet
  facet normal 0 -1 0
    outer loop
      vertex 7 0 19.75
      vertex 8.07875 0 14.7417
      vertex 8.2587 0 14.8798
    endloop
  endfacet
  facet normal 0 -1 0
    outer loop
      vertex 5.75 0 19.75
      vertex 7.91152 0 14.5885
      vertex 8.07875 0 14.7417
    endloop
  endfacet
  facet normal 0 -1 0
    outer loop
      vertex 5.75 0 19.75
      vertex 7.75828 0 14.4212
      vertex 7.91152 0 14.5885
    endloop
  endfacet
  facet normal 0 -1 0
    outer loop
      vertex 5.75 0 19.75
      vertex 7.6202 0 14.2413
      vertex 7.75828 0 14.4212
    endloop
  endfacet
  facet normal 0 -1 0
    outer loop
      vertex 5.75 0 19.75
      vertex 7.49833 0 14.05
      vertex 7.6202 0 14.2413
    endloop
  endfacet
  facet normal 0 -1 0
    outer loop
      vertex 5.75 0 19.75
      vertex 7.3936 0 13.8488
      vertex 7.49833 0 14.05
    endloop
  endfacet
  facet normal 0 -1 0
    outer loop
      vertex 5.75 0 19.75
      vertex 7.3068 0 13.6393
      vertex 7.3936 0 13.8488
    endloop
  endfacet
  facet normal 0 -1 0
    outer loop
      vertex 5.75 0 19.75
      vertex 7.23859 0 13.4229
      vertex 7.3068 0 13.6393
    endloop
  endfacet
  facet normal 0 -1 0
    outer loop
      vertex 5.75 0 19.75
      vertex 7.1895 0 13.2015
      vertex 7.23859 0 13.4229
    endloop
  endfacet
  facet normal 0 -1 0
    outer loop
      vertex 5.75 0 19.75
      vertex 7.15989 0 12.9766
      vertex 7.1895 0 13.2015
    endloop
  endfacet
  facet normal 0 -1 0
    outer loop
      vertex 5.75 0 19.75
      vertex 7.15 0 12.75
      vertex 7.15989 0 12.9766
    endloop
  endfacet
  facet normal 0 -1 0
    outer loop
      vertex 5.75 0 5.75
      vertex 7.15 0 12.75
      vertex 5.75 0 19.75
    endloop
  endfacet
  facet normal 0 -1 -0
    outer loop
      vertex 7.15 0 12.75
      vertex 5.75 0 5.75
      vertex 7.15989 0 12.5234
    endloop
  endfacet
  facet normal 0 -1 0
    outer loop
      vertex 133.577 0 10.2386
      vertex 137 0 5.75
      vertex 133.799 0 10.1895
    endloop
  endfacet
  facet normal 0 -1 -0
    outer loop
      vertex 9.29851 0 10.1895
      vertex 7 0 5.75
      vertex 9.52339 0 10.1599
    endloop
  endfacet
  facet normal 0 -1 -0
    outer loop
      vertex 9.07707 0 10.2386
      vertex 7 0 5.75
      vertex 9.29851 0 10.1895
    endloop
  endfacet
  facet normal 0 -1 -0
    outer loop
      vertex 8.86075 0 10.3068
      vertex 7 0 5.75
      vertex 9.07707 0 10.2386
    endloop
  endfacet
  facet normal 0 -1 -0
    outer loop
      vertex 8.65119 0 10.3936
      vertex 7 0 5.75
      vertex 8.86075 0 10.3068
    endloop
  endfacet
  facet normal 0 -1 -0
    outer loop
      vertex 8.45 0 10.4983
      vertex 7 0 5.75
      vertex 8.65119 0 10.3936
    endloop
  endfacet
  facet normal 0 -1 -0
    outer loop
      vertex 8.2587 0 10.6202
      vertex 7 0 5.75
      vertex 8.45 0 10.4983
    endloop
  endfacet
  facet normal 0 -1 -0
    outer loop
      vertex 8.07875 0 10.7583
      vertex 7 0 5.75
      vertex 8.2587 0 10.6202
    endloop
  endfacet
  facet normal 0 -1 0
    outer loop
      vertex 7 0 5.75
      vertex 8.07875 0 10.7583
      vertex 5.75 0 5.75
    endloop
  endfacet
  facet normal 0 -1 -0
    outer loop
      vertex 7.91152 0 10.9115
      vertex 5.75 0 5.75
      vertex 8.07875 0 10.7583
    endloop
  endfacet
  facet normal 0 -1 -0
    outer loop
      vertex 7.75828 0 11.0788
      vertex 5.75 0 5.75
      vertex 7.91152 0 10.9115
    endloop
  endfacet
  facet normal 0 -1 -0
    outer loop
      vertex 7.6202 0 11.2587
      vertex 5.75 0 5.75
      vertex 7.75828 0 11.0788
    endloop
  endfacet
  facet normal 0 -1 -0
    outer loop
      vertex 7.49833 0 11.45
      vertex 5.75 0 5.75
      vertex 7.6202 0 11.2587
    endloop
  endfacet
  facet normal 0 -1 -0
    outer loop
      vertex 7.3936 0 11.6512
      vertex 5.75 0 5.75
      vertex 7.49833 0 11.45
    endloop
  endfacet
  facet normal 0 -1 -0
    outer loop
      vertex 7.3068 0 11.8607
      vertex 5.75 0 5.75
      vertex 7.3936 0 11.6512
    endloop
  endfacet
  facet normal 0 -1 -0
    outer loop
      vertex 7.23859 0 12.0771
      vertex 5.75 0 5.75
      vertex 7.3068 0 11.8607
    endloop
  endfacet
  facet normal 0 -1 -0
    outer loop
      vertex 7.1895 0 12.2985
      vertex 5.75 0 5.75
      vertex 7.23859 0 12.0771
    endloop
  endfacet
  facet normal 0 -1 -0
    outer loop
      vertex 7.15989 0 12.5234
      vertex 5.75 0 5.75
      vertex 7.1895 0 12.2985
    endloop
  endfacet
  facet normal 0 -1 0
    outer loop
      vertex 134.023 0 134.66
      vertex 137 0 130.25
      vertex 134.25 0 134.65
    endloop
  endfacet
  facet normal 0 -1 0
    outer loop
      vertex 134 0 134.663
      vertex 137 0 130.25
      vertex 134.023 0 134.66
    endloop
  endfacet
  facet normal 0 -1 0
    outer loop
      vertex 134 0 134.663
      vertex 137 0 19.75
      vertex 137 0 130.25
    endloop
  endfacet
  facet normal 0 -1 0
    outer loop
      vertex 134.477 0 15.3401
      vertex 137 0 19.75
      vertex 134.25 0 15.35
    endloop
  endfacet
  facet normal 0 -1 0
    outer loop
      vertex 134 0 15.337
      vertex 137 0 19.75
      vertex 134 0 134.663
    endloop
  endfacet
  facet normal 0 -1 0
    outer loop
      vertex 137 0 19.75
      vertex 134.023 0 15.3401
      vertex 134.25 0 15.35
    endloop
  endfacet
  facet normal 0 -1 0
    outer loop
      vertex 137 0 19.75
      vertex 134 0 15.337
      vertex 134.023 0 15.3401
    endloop
  endfacet
  facet normal 0 -1 -0
    outer loop
      vertex 137 0 150
      vertex 134.25 0 139.85
      vertex 137 0 144.25
    endloop
  endfacet
  facet normal 0 -1 0
    outer loop
      vertex 137 0 150
      vertex 134.023 0 139.84
      vertex 134.25 0 139.85
    endloop
  endfacet
  facet normal 0 -1 0
    outer loop
      vertex 10.8488 0 139.606
      vertex 7 0 144.25
      vertex 10.6393 0 139.693
    endloop
  endfacet
  facet normal 0 -1 0
    outer loop
      vertex 137 0 150
      vertex 133.799 0 139.811
      vertex 134.023 0 139.84
    endloop
  endfacet
  facet normal 0 -1 0
    outer loop
      vertex 11.05 0 139.502
      vertex 7 0 144.25
      vertex 10.8488 0 139.606
    endloop
  endfacet
  facet normal 0 -1 0
    outer loop
      vertex 137 0 150
      vertex 133.577 0 139.761
      vertex 133.799 0 139.811
    endloop
  endfacet
  facet normal 0 -1 0
    outer loop
      vertex 7 0 144.25
      vertex 11.05 0 139.502
      vertex 7 0 150
    endloop
  endfacet
  facet normal 0 -1 0
    outer loop
      vertex 137 0 150
      vertex 133.361 0 139.693
      vertex 133.577 0 139.761
    endloop
  endfacet
  facet normal 0 -1 0
    outer loop
      vertex 11.2413 0 139.38
      vertex 7 0 150
      vertex 11.05 0 139.502
    endloop
  endfacet
  facet normal 0 -1 0
    outer loop
      vertex 137 0 150
      vertex 133.151 0 139.606
      vertex 133.361 0 139.693
    endloop
  endfacet
  facet normal 0 -1 0
    outer loop
      vertex 11.4212 0 139.242
      vertex 7 0 150
      vertex 11.2413 0 139.38
    endloop
  endfacet
  facet normal 0 -1 0
    outer loop
      vertex 137 0 150
      vertex 132.95 0 139.502
      vertex 133.151 0 139.606
    endloop
  endfacet
  facet normal 0 -1 0
    outer loop
      vertex 11.5885 0 139.088
      vertex 7 0 150
      vertex 11.4212 0 139.242
    endloop
  endfacet
  facet normal 0 -1 0
    outer loop
      vertex 137 0 150
      vertex 132.759 0 139.38
      vertex 132.95 0 139.502
    endloop
  endfacet
  facet normal 0 -1 0
    outer loop
      vertex 11.7417 0 138.921
      vertex 7 0 150
      vertex 11.5885 0 139.088
    endloop
  endfacet
  facet normal 0 -1 0
    outer loop
      vertex 137 0 150
      vertex 132.579 0 139.242
      vertex 132.759 0 139.38
    endloop
  endfacet
  facet normal 0 -1 0
    outer loop
      vertex 11.8798 0 138.741
      vertex 7 0 150
      vertex 11.7417 0 138.921
    endloop
  endfacet
  facet normal 0 -1 0
    outer loop
      vertex 137 0 150
      vertex 132.412 0 139.088
      vertex 132.579 0 139.242
    endloop
  endfacet
  facet normal 0 -1 0
    outer loop
      vertex 12.0017 0 138.55
      vertex 7 0 150
      vertex 11.8798 0 138.741
    endloop
  endfacet
  facet normal 0 -1 0
    outer loop
      vertex 137 0 150
      vertex 132.258 0 138.921
      vertex 132.412 0 139.088
    endloop
  endfacet
  facet normal 0 -1 0
    outer loop
      vertex 7 0 150
      vertex 12.0017 0 138.55
      vertex 137 0 150
    endloop
  endfacet
  facet normal 0 -1 0
    outer loop
      vertex 137 0 150
      vertex 132.12 0 138.741
      vertex 132.258 0 138.921
    endloop
  endfacet
  facet normal 0 -1 0
    outer loop
      vertex 131.998 0 138.55
      vertex 137 0 150
      vertex 12.0017 0 138.55
    endloop
  endfacet
  facet normal 0 -1 0
    outer loop
      vertex 137 0 150
      vertex 131.998 0 138.55
      vertex 132.12 0 138.741
    endloop
  endfacet
  facet normal 0 -1 0
    outer loop
      vertex 12.1064 0 138.349
      vertex 131.998 0 138.55
      vertex 12.0017 0 138.55
    endloop
  endfacet
  facet normal 0 -1 0
    outer loop
      vertex 12.1064 0 138.349
      vertex 131.894 0 138.349
      vertex 131.998 0 138.55
    endloop
  endfacet
  facet normal 0 -1 0
    outer loop
      vertex 12.1932 0 138.139
      vertex 131.894 0 138.349
      vertex 12.1064 0 138.349
    endloop
  endfacet
  facet normal 0 -1 0
    outer loop
      vertex 12.1932 0 138.139
      vertex 131.807 0 138.139
      vertex 131.894 0 138.349
    endloop
  endfacet
  facet normal 0 -1 0
    outer loop
      vertex 12.2614 0 137.923
      vertex 131.807 0 138.139
      vertex 12.1932 0 138.139
    endloop
  endfacet
  facet normal 0 -1 0
    outer loop
      vertex 12.2614 0 137.923
      vertex 131.739 0 137.923
      vertex 131.807 0 138.139
    endloop
  endfacet
  facet normal 0 -1 0
    outer loop
      vertex 12.3105 0 137.701
      vertex 131.739 0 137.923
      vertex 12.2614 0 137.923
    endloop
  endfacet
  facet normal 0 -1 0
    outer loop
      vertex 12.3105 0 137.701
      vertex 131.689 0 137.701
      vertex 131.739 0 137.923
    endloop
  endfacet
  facet normal 0 -1 0
    outer loop
      vertex 12.3401 0 137.477
      vertex 131.689 0 137.701
      vertex 12.3105 0 137.701
    endloop
  endfacet
  facet normal 0 -1 0
    outer loop
      vertex 12.3401 0 137.477
      vertex 131.66 0 137.477
      vertex 131.689 0 137.701
    endloop
  endfacet
  facet normal 0 -1 0
    outer loop
      vertex 12.35 0 137.25
      vertex 131.66 0 137.477
      vertex 12.3401 0 137.477
    endloop
  endfacet
  facet normal 0 -1 0
    outer loop
      vertex 12.35 0 137.25
      vertex 131.65 0 137.25
      vertex 131.66 0 137.477
    endloop
  endfacet
  facet normal 0 -1 0
    outer loop
      vertex 12.3401 0 137.023
      vertex 131.65 0 137.25
      vertex 12.35 0 137.25
    endloop
  endfacet
  facet normal 0 -1 0
    outer loop
      vertex 12.3401 0 137.023
      vertex 131.66 0 137.023
      vertex 131.65 0 137.25
    endloop
  endfacet
  facet normal 0 -1 0
    outer loop
      vertex 12.337 0 137
      vertex 131.66 0 137.023
      vertex 12.3401 0 137.023
    endloop
  endfacet
  facet normal 0 -1 -0
    outer loop
      vertex 131.66 0 137.023
      vertex 12.337 0 137
      vertex 131.663 0 137
    endloop
  endfacet
  facet normal 0 -1 0
    outer loop
      vertex 8.07875 0 139.242
      vertex 7 0 144.25
      vertex 5.75 0 144.25
    endloop
  endfacet
  facet normal 0 -1 0
    outer loop
      vertex 9.9766 0 139.84
      vertex 7 0 144.25
      vertex 9.75 0 139.85
    endloop
  endfacet
  facet normal 0 -1 0
    outer loop
      vertex 10.6393 0 139.693
      vertex 7 0 144.25
      vertex 10.4229 0 139.761
    endloop
  endfacet
  facet normal 0 -1 0
    outer loop
      vertex 7 0 144.25
      vertex 9.52339 0 139.84
      vertex 9.75 0 139.85
    endloop
  endfacet
  facet normal 0 -1 0
    outer loop
      vertex 7 0 144.25
      vertex 9.29851 0 139.811
      vertex 9.52339 0 139.84
    endloop
  endfacet
  facet normal 0 -1 0
    outer loop
      vertex 7 0 144.25
      vertex 9.07707 0 139.761
      vertex 9.29851 0 139.811
    endloop
  endfacet
  facet normal 0 -1 0
    outer loop
      vertex 7 0 144.25
      vertex 8.86075 0 139.693
      vertex 9.07707 0 139.761
    endloop
  endfacet
  facet normal 0 -1 0
    outer loop
      vertex 7 0 144.25
      vertex 8.65119 0 139.606
      vertex 8.86075 0 139.693
    endloop
  endfacet
  facet normal 0 -1 0
    outer loop
      vertex 7 0 144.25
      vertex 8.45 0 139.502
      vertex 8.65119 0 139.606
    endloop
  endfacet
  facet normal 0 -1 0
    outer loop
      vertex 7 0 144.25
      vertex 8.2587 0 139.38
      vertex 8.45 0 139.502
    endloop
  endfacet
  facet normal 0 -1 0
    outer loop
      vertex 7 0 144.25
      vertex 8.07875 0 139.242
      vertex 8.2587 0 139.38
    endloop
  endfacet
  facet normal 0 -1 0
    outer loop
      vertex 5.75 0 144.25
      vertex 7.91152 0 139.088
      vertex 8.07875 0 139.242
    endloop
  endfacet
  facet normal 0 -1 0
    outer loop
      vertex 5.75 0 144.25
      vertex 7.75828 0 138.921
      vertex 7.91152 0 139.088
    endloop
  endfacet
  facet normal 0 -1 0
    outer loop
      vertex 5.75 0 144.25
      vertex 7.6202 0 138.741
      vertex 7.75828 0 138.921
    endloop
  endfacet
  facet normal 0 -1 0
    outer loop
      vertex 5.75 0 144.25
      vertex 7.49833 0 138.55
      vertex 7.6202 0 138.741
    endloop
  endfacet
  facet normal 0 -1 0
    outer loop
      vertex 5.75 0 144.25
      vertex 7.3936 0 138.349
      vertex 7.49833 0 138.55
    endloop
  endfacet
  facet normal 0 -1 0
    outer loop
      vertex 5.75 0 144.25
      vertex 7.3068 0 138.139
      vertex 7.3936 0 138.349
    endloop
  endfacet
  facet normal 0 -1 0
    outer loop
      vertex 5.75 0 144.25
      vertex 7.23859 0 137.923
      vertex 7.3068 0 138.139
    endloop
  endfacet
  facet normal 0 -1 0
    outer loop
      vertex 5.75 0 144.25
      vertex 7.1895 0 137.701
      vertex 7.23859 0 137.923
    endloop
  endfacet
  facet normal 0 -1 0
    outer loop
      vertex 5.75 0 144.25
      vertex 7.15989 0 137.477
      vertex 7.1895 0 137.701
    endloop
  endfacet
  facet normal 0 -1 0
    outer loop
      vertex 5.75 0 144.25
      vertex 7.15 0 137.25
      vertex 7.15989 0 137.477
    endloop
  endfacet
  facet normal 0 -1 0
    outer loop
      vertex 5.75 0 130.25
      vertex 7.15 0 137.25
      vertex 5.75 0 144.25
    endloop
  endfacet
  facet normal 0 -1 -0
    outer loop
      vertex 7.15 0 137.25
      vertex 5.75 0 130.25
      vertex 7.15989 0 137.023
    endloop
  endfacet
  facet normal 0 -1 -0
    outer loop
      vertex 9.29851 0 134.689
      vertex 7 0 130.25
      vertex 9.52339 0 134.66
    endloop
  endfacet
  facet normal 0 -1 -0
    outer loop
      vertex 9.07707 0 134.739
      vertex 7 0 130.25
      vertex 9.29851 0 134.689
    endloop
  endfacet
  facet normal 0 -1 -0
    outer loop
      vertex 8.86075 0 134.807
      vertex 7 0 130.25
      vertex 9.07707 0 134.739
    endloop
  endfacet
  facet normal 0 -1 -0
    outer loop
      vertex 8.65119 0 134.894
      vertex 7 0 130.25
      vertex 8.86075 0 134.807
    endloop
  endfacet
  facet normal 0 -1 -0
    outer loop
      vertex 8.45 0 134.998
      vertex 7 0 130.25
      vertex 8.65119 0 134.894
    endloop
  endfacet
  facet normal 0 -1 -0
    outer loop
      vertex 8.2587 0 135.12
      vertex 7 0 130.25
      vertex 8.45 0 134.998
    endloop
  endfacet
  facet normal 0 -1 -0
    outer loop
      vertex 8.07875 0 135.258
      vertex 7 0 130.25
      vertex 8.2587 0 135.12
    endloop
  endfacet
  facet normal 0 -1 0
    outer loop
      vertex 7 0 130.25
      vertex 8.07875 0 135.258
      vertex 5.75 0 130.25
    endloop
  endfacet
  facet normal 0 -1 -0
    outer loop
      vertex 7.91152 0 135.412
      vertex 5.75 0 130.25
      vertex 8.07875 0 135.258
    endloop
  endfacet
  facet normal 0 -1 -0
    outer loop
      vertex 7.75828 0 135.579
      vertex 5.75 0 130.25
      vertex 7.91152 0 135.412
    endloop
  endfacet
  facet normal 0 -1 -0
    outer loop
      vertex 7.6202 0 135.759
      vertex 5.75 0 130.25
      vertex 7.75828 0 135.579
    endloop
  endfacet
  facet normal 0 -1 -0
    outer loop
      vertex 7.49833 0 135.95
      vertex 5.75 0 130.25
      vertex 7.6202 0 135.759
    endloop
  endfacet
  facet normal 0 -1 -0
    outer loop
      vertex 7.3936 0 136.151
      vertex 5.75 0 130.25
      vertex 7.49833 0 135.95
    endloop
  endfacet
  facet normal 0 -1 -0
    outer loop
      vertex 7.3068 0 136.361
      vertex 5.75 0 130.25
      vertex 7.3936 0 136.151
    endloop
  endfacet
  facet normal 0 -1 -0
    outer loop
      vertex 7.23859 0 136.577
      vertex 5.75 0 130.25
      vertex 7.3068 0 136.361
    endloop
  endfacet
  facet normal 0 -1 -0
    outer loop
      vertex 7.1895 0 136.799
      vertex 5.75 0 130.25
      vertex 7.23859 0 136.577
    endloop
  endfacet
  facet normal 0 -1 -0
    outer loop
      vertex 7.15989 0 137.023
      vertex 5.75 0 130.25
      vertex 7.1895 0 136.799
    endloop
  endfacet
  facet normal 0 -1 0
    outer loop
      vertex 10.2015 0 139.811
      vertex 7 0 144.25
      vertex 9.9766 0 139.84
    endloop
  endfacet
  facet normal 0 -1 0
    outer loop
      vertex 10.4229 0 139.761
      vertex 7 0 144.25
      vertex 10.2015 0 139.811
    endloop
  endfacet
  facet normal 0 -1 0
    outer loop
      vertex 134.477 0 139.84
      vertex 137 0 144.25
      vertex 134.25 0 139.85
    endloop
  endfacet
  facet normal 0 -1 0
    outer loop
      vertex 134.701 0 139.811
      vertex 137 0 144.25
      vertex 134.477 0 139.84
    endloop
  endfacet
  facet normal 0 -1 0
    outer loop
      vertex 134.923 0 139.761
      vertex 137 0 144.25
      vertex 134.701 0 139.811
    endloop
  endfacet
  facet normal 0 -1 0
    outer loop
      vertex 135.139 0 139.693
      vertex 137 0 144.25
      vertex 134.923 0 139.761
    endloop
  endfacet
  facet normal 0 -1 0
    outer loop
      vertex 135.349 0 139.606
      vertex 137 0 144.25
      vertex 135.139 0 139.693
    endloop
  endfacet
  facet normal 0 -1 0
    outer loop
      vertex 135.55 0 139.502
      vertex 137 0 144.25
      vertex 135.349 0 139.606
    endloop
  endfacet
  facet normal 0 -1 0
    outer loop
      vertex 135.741 0 139.38
      vertex 137 0 144.25
      vertex 135.55 0 139.502
    endloop
  endfacet
  facet normal 0 -1 0
    outer loop
      vertex 135.921 0 139.242
      vertex 137 0 144.25
      vertex 135.741 0 139.38
    endloop
  endfacet
  facet normal 0 -1 -0
    outer loop
      vertex 137 0 144.25
      vertex 135.921 0 139.242
      vertex 138.25 0 144.25
    endloop
  endfacet
  facet normal 0 -1 0
    outer loop
      vertex 136.088 0 139.088
      vertex 138.25 0 144.25
      vertex 135.921 0 139.242
    endloop
  endfacet
  facet normal 0 -1 0
    outer loop
      vertex 136.242 0 138.921
      vertex 138.25 0 144.25
      vertex 136.088 0 139.088
    endloop
  endfacet
  facet normal 0 -1 0
    outer loop
      vertex 136.38 0 138.741
      vertex 138.25 0 144.25
      vertex 136.242 0 138.921
    endloop
  endfacet
  facet normal 0 -1 0
    outer loop
      vertex 136.502 0 138.55
      vertex 138.25 0 144.25
      vertex 136.38 0 138.741
    endloop
  endfacet
  facet normal 0 -1 0
    outer loop
      vertex 136.606 0 138.349
      vertex 138.25 0 144.25
      vertex 136.502 0 138.55
    endloop
  endfacet
  facet normal 0 -1 0
    outer loop
      vertex 136.693 0 138.139
      vertex 138.25 0 144.25
      vertex 136.606 0 138.349
    endloop
  endfacet
  facet normal 0 -1 0
    outer loop
      vertex 136.761 0 137.923
      vertex 138.25 0 144.25
      vertex 136.693 0 138.139
    endloop
  endfacet
  facet normal 0 -1 0
    outer loop
      vertex 136.811 0 137.701
      vertex 138.25 0 144.25
      vertex 136.761 0 137.923
    endloop
  endfacet
  facet normal 0 -1 0
    outer loop
      vertex 136.84 0 137.477
      vertex 138.25 0 144.25
      vertex 136.811 0 137.701
    endloop
  endfacet
  facet normal 0 -1 0
    outer loop
      vertex 136.85 0 137.25
      vertex 138.25 0 144.25
      vertex 136.84 0 137.477
    endloop
  endfacet
  facet normal 0 -1 0
    outer loop
      vertex 138.25 0 130.25
      vertex 136.85 0 137.25
      vertex 136.84 0 137.023
    endloop
  endfacet
  facet normal 0 -1 0
    outer loop
      vertex 138.25 0 130.25
      vertex 136.84 0 137.023
      vertex 136.811 0 136.799
    endloop
  endfacet
  facet normal 0 -1 0
    outer loop
      vertex 137 0 130.25
      vertex 134.477 0 134.66
      vertex 134.25 0 134.65
    endloop
  endfacet
  facet normal 0 -1 0
    outer loop
      vertex 137 0 130.25
      vertex 134.701 0 134.689
      vertex 134.477 0 134.66
    endloop
  endfacet
  facet normal 0 -1 0
    outer loop
      vertex 137 0 130.25
      vertex 134.923 0 134.739
      vertex 134.701 0 134.689
    endloop
  endfacet
  facet normal 0 -1 0
    outer loop
      vertex 137 0 130.25
      vertex 135.139 0 134.807
      vertex 134.923 0 134.739
    endloop
  endfacet
  facet normal 0 -1 0
    outer loop
      vertex 137 0 130.25
      vertex 135.349 0 134.894
      vertex 135.139 0 134.807
    endloop
  endfacet
  facet normal 0 -1 0
    outer loop
      vertex 137 0 130.25
      vertex 135.55 0 134.998
      vertex 135.349 0 134.894
    endloop
  endfacet
  facet normal 0 -1 0
    outer loop
      vertex 137 0 130.25
      vertex 135.741 0 135.12
      vertex 135.55 0 134.998
    endloop
  endfacet
  facet normal 0 -1 0
    outer loop
      vertex 137 0 130.25
      vertex 135.921 0 135.258
      vertex 135.741 0 135.12
    endloop
  endfacet
  facet normal 0 -1 0
    outer loop
      vertex 138.25 0 130.25
      vertex 135.921 0 135.258
      vertex 137 0 130.25
    endloop
  endfacet
  facet normal 0 -1 0
    outer loop
      vertex 135.921 0 135.258
      vertex 138.25 0 130.25
      vertex 136.088 0 135.412
    endloop
  endfacet
  facet normal 0 -1 0
    outer loop
      vertex 136.088 0 135.412
      vertex 138.25 0 130.25
      vertex 136.242 0 135.579
    endloop
  endfacet
  facet normal 0 -1 0
    outer loop
      vertex 136.242 0 135.579
      vertex 138.25 0 130.25
      vertex 136.38 0 135.759
    endloop
  endfacet
  facet normal 0 -1 0
    outer loop
      vertex 136.38 0 135.759
      vertex 138.25 0 130.25
      vertex 136.502 0 135.95
    endloop
  endfacet
  facet normal 0 -1 0
    outer loop
      vertex 136.502 0 135.95
      vertex 138.25 0 130.25
      vertex 136.606 0 136.151
    endloop
  endfacet
  facet normal 0 -1 0
    outer loop
      vertex 136.606 0 136.151
      vertex 138.25 0 130.25
      vertex 136.693 0 136.361
    endloop
  endfacet
  facet normal 0 -1 0
    outer loop
      vertex 136.693 0 136.361
      vertex 138.25 0 130.25
      vertex 136.761 0 136.577
    endloop
  endfacet
  facet normal 0 -1 0
    outer loop
      vertex 136.761 0 136.577
      vertex 138.25 0 130.25
      vertex 136.811 0 136.799
    endloop
  endfacet
  facet normal 0 -1 0
    outer loop
      vertex 136.85 0 137.25
      vertex 138.25 0 130.25
      vertex 138.25 0 144.25
    endloop
  endfacet
  facet normal 0 -1 -0
    outer loop
      vertex 9.52339 0 134.66
      vertex 7 0 130.25
      vertex 9.75 0 134.65
    endloop
  endfacet
  facet normal 0 -1 -0
    outer loop
      vertex 9.75 0 134.65
      vertex 7 0 130.25
      vertex 9.9766 0 134.66
    endloop
  endfacet
  facet normal 0 -1 -0
    outer loop
      vertex 9.9766 0 134.66
      vertex 7 0 130.25
      vertex 10 0 134.663
    endloop
  endfacet
  facet normal 0 -1 0
    outer loop
      vertex 7 0 19.75
      vertex 10 0 134.663
      vertex 7 0 130.25
    endloop
  endfacet
  facet normal 0 -1 0
    outer loop
      vertex 9.9766 0 15.3401
      vertex 7 0 19.75
      vertex 9.75 0 15.35
    endloop
  endfacet
  facet normal 0 -1 0
    outer loop
      vertex 10 0 15.337
      vertex 7 0 19.75
      vertex 9.9766 0 15.3401
    endloop
  endfacet
  facet normal 0 -1 0
    outer loop
      vertex 7 0 19.75
      vertex 10 0 15.337
      vertex 10 0 134.663
    endloop
  endfacet
  facet normal 0 -1 0
    outer loop
      vertex 134.701 0 15.3105
      vertex 137 0 19.75
      vertex 134.477 0 15.3401
    endloop
  endfacet
  facet normal 0 -1 0
    outer loop
      vertex 134.923 0 15.2614
      vertex 137 0 19.75
      vertex 134.701 0 15.3105
    endloop
  endfacet
  facet normal 0 -1 0
    outer loop
      vertex 135.139 0 15.1932
      vertex 137 0 19.75
      vertex 134.923 0 15.2614
    endloop
  endfacet
  facet normal 0 -1 0
    outer loop
      vertex 135.349 0 15.1064
      vertex 137 0 19.75
      vertex 135.139 0 15.1932
    endloop
  endfacet
  facet normal 0 -1 0
    outer loop
      vertex 135.55 0 15.0017
      vertex 137 0 19.75
      vertex 135.349 0 15.1064
    endloop
  endfacet
  facet normal 0 -1 0
    outer loop
      vertex 135.741 0 14.8798
      vertex 137 0 19.75
      vertex 135.55 0 15.0017
    endloop
  endfacet
  facet normal 0 -1 0
    outer loop
      vertex 135.921 0 14.7417
      vertex 137 0 19.75
      vertex 135.741 0 14.8798
    endloop
  endfacet
  facet normal 0 -1 -0
    outer loop
      vertex 137 0 19.75
      vertex 135.921 0 14.7417
      vertex 138.25 0 19.75
    endloop
  endfacet
  facet normal 0 -1 0
    outer loop
      vertex 136.088 0 14.5885
      vertex 138.25 0 19.75
      vertex 135.921 0 14.7417
    endloop
  endfacet
  facet normal 0 -1 0
    outer loop
      vertex 136.242 0 14.4212
      vertex 138.25 0 19.75
      vertex 136.088 0 14.5885
    endloop
  endfacet
  facet normal 0 -1 0
    outer loop
      vertex 136.38 0 14.2413
      vertex 138.25 0 19.75
      vertex 136.242 0 14.4212
    endloop
  endfacet
  facet normal 0 -1 0
    outer loop
      vertex 136.502 0 14.05
      vertex 138.25 0 19.75
      vertex 136.38 0 14.2413
    endloop
  endfacet
  facet normal 0 -1 0
    outer loop
      vertex 136.606 0 13.8488
      vertex 138.25 0 19.75
      vertex 136.502 0 14.05
    endloop
  endfacet
  facet normal 0 -1 0
    outer loop
      vertex 136.693 0 13.6393
      vertex 138.25 0 19.75
      vertex 136.606 0 13.8488
    endloop
  endfacet
  facet normal 0 -1 0
    outer loop
      vertex 136.761 0 13.4229
      vertex 138.25 0 19.75
      vertex 136.693 0 13.6393
    endloop
  endfacet
  facet normal 0 -1 0
    outer loop
      vertex 136.811 0 13.2015
      vertex 138.25 0 19.75
      vertex 136.761 0 13.4229
    endloop
  endfacet
  facet normal 0 -1 0
    outer loop
      vertex 136.84 0 12.9766
      vertex 138.25 0 19.75
      vertex 136.811 0 13.2015
    endloop
  endfacet
  facet normal 0 -1 0
    outer loop
      vertex 136.85 0 12.75
      vertex 138.25 0 19.75
      vertex 136.84 0 12.9766
    endloop
  endfacet
  facet normal 0 -1 0
    outer loop
      vertex 138.25 0 5.75
      vertex 136.85 0 12.75
      vertex 136.84 0 12.5234
    endloop
  endfacet
  facet normal 0 -1 0
    outer loop
      vertex 138.25 0 5.75
      vertex 136.84 0 12.5234
      vertex 136.811 0 12.2985
    endloop
  endfacet
  facet normal 0 -1 0
    outer loop
      vertex 133.799 0 10.1895
      vertex 137 0 5.75
      vertex 134.023 0 10.1599
    endloop
  endfacet
  facet normal 0 -1 0
    outer loop
      vertex 134.023 0 10.1599
      vertex 137 0 5.75
      vertex 134.25 0 10.15
    endloop
  endfacet
  facet normal 0 -1 0
    outer loop
      vertex 137 0 5.75
      vertex 134.477 0 10.1599
      vertex 134.25 0 10.15
    endloop
  endfacet
  facet normal 0 -1 0
    outer loop
      vertex 137 0 5.75
      vertex 134.701 0 10.1895
      vertex 134.477 0 10.1599
    endloop
  endfacet
  facet normal 0 -1 0
    outer loop
      vertex 137 0 5.75
      vertex 134.923 0 10.2386
      vertex 134.701 0 10.1895
    endloop
  endfacet
  facet normal 0 -1 0
    outer loop
      vertex 137 0 5.75
      vertex 135.139 0 10.3068
      vertex 134.923 0 10.2386
    endloop
  endfacet
  facet normal 0 -1 0
    outer loop
      vertex 137 0 5.75
      vertex 135.349 0 10.3936
      vertex 135.139 0 10.3068
    endloop
  endfacet
  facet normal 0 -1 0
    outer loop
      vertex 137 0 5.75
      vertex 135.55 0 10.4983
      vertex 135.349 0 10.3936
    endloop
  endfacet
  facet normal 0 -1 0
    outer loop
      vertex 137 0 5.75
      vertex 135.741 0 10.6202
      vertex 135.55 0 10.4983
    endloop
  endfacet
  facet normal 0 -1 0
    outer loop
      vertex 137 0 5.75
      vertex 135.921 0 10.7583
      vertex 135.741 0 10.6202
    endloop
  endfacet
  facet normal 0 -1 0
    outer loop
      vertex 138.25 0 5.75
      vertex 135.921 0 10.7583
      vertex 137 0 5.75
    endloop
  endfacet
  facet normal 0 -1 0
    outer loop
      vertex 135.921 0 10.7583
      vertex 138.25 0 5.75
      vertex 136.088 0 10.9115
    endloop
  endfacet
  facet normal 0 -1 0
    outer loop
      vertex 136.088 0 10.9115
      vertex 138.25 0 5.75
      vertex 136.242 0 11.0788
    endloop
  endfacet
  facet normal 0 -1 0
    outer loop
      vertex 136.242 0 11.0788
      vertex 138.25 0 5.75
      vertex 136.38 0 11.2587
    endloop
  endfacet
  facet normal 0 -1 0
    outer loop
      vertex 136.38 0 11.2587
      vertex 138.25 0 5.75
      vertex 136.502 0 11.45
    endloop
  endfacet
  facet normal 0 -1 0
    outer loop
      vertex 136.502 0 11.45
      vertex 138.25 0 5.75
      vertex 136.606 0 11.6512
    endloop
  endfacet
  facet normal 0 -1 0
    outer loop
      vertex 136.606 0 11.6512
      vertex 138.25 0 5.75
      vertex 136.693 0 11.8607
    endloop
  endfacet
  facet normal 0 -1 0
    outer loop
      vertex 136.693 0 11.8607
      vertex 138.25 0 5.75
      vertex 136.761 0 12.0771
    endloop
  endfacet
  facet normal 0 -1 0
    outer loop
      vertex 136.761 0 12.0771
      vertex 138.25 0 5.75
      vertex 136.811 0 12.2985
    endloop
  endfacet
  facet normal 0 -1 0
    outer loop
      vertex 136.85 0 12.75
      vertex 138.25 0 5.75
      vertex 138.25 0 19.75
    endloop
  endfacet
  facet normal 0 -1 0
    outer loop
      vertex 12.3401 0 12.9766
      vertex 131.663 0 13
      vertex 12.337 0 13
    endloop
  endfacet
  facet normal 0 -1 0
    outer loop
      vertex 12.3401 0 12.9766
      vertex 131.66 0 12.9766
      vertex 131.663 0 13
    endloop
  endfacet
  facet normal 0 -1 0
    outer loop
      vertex 12.35 0 12.75
      vertex 131.66 0 12.9766
      vertex 12.3401 0 12.9766
    endloop
  endfacet
  facet normal 0 -1 0
    outer loop
      vertex 12.35 0 12.75
      vertex 131.65 0 12.75
      vertex 131.66 0 12.9766
    endloop
  endfacet
  facet normal 0 -1 0
    outer loop
      vertex 12.3401 0 12.5234
      vertex 131.65 0 12.75
      vertex 12.35 0 12.75
    endloop
  endfacet
  facet normal 0 -1 0
    outer loop
      vertex 12.3401 0 12.5234
      vertex 131.66 0 12.5234
      vertex 131.65 0 12.75
    endloop
  endfacet
  facet normal 0 -1 0
    outer loop
      vertex 12.3105 0 12.2985
      vertex 131.66 0 12.5234
      vertex 12.3401 0 12.5234
    endloop
  endfacet
  facet normal 0 -1 0
    outer loop
      vertex 12.3105 0 12.2985
      vertex 131.689 0 12.2985
      vertex 131.66 0 12.5234
    endloop
  endfacet
  facet normal 0 -1 0
    outer loop
      vertex 12.2614 0 12.0771
      vertex 131.689 0 12.2985
      vertex 12.3105 0 12.2985
    endloop
  endfacet
  facet normal 0 -1 0
    outer loop
      vertex 12.2614 0 12.0771
      vertex 131.739 0 12.0771
      vertex 131.689 0 12.2985
    endloop
  endfacet
  facet normal 0 -1 0
    outer loop
      vertex 12.1932 0 11.8607
      vertex 131.739 0 12.0771
      vertex 12.2614 0 12.0771
    endloop
  endfacet
  facet normal 0 -1 0
    outer loop
      vertex 12.1932 0 11.8607
      vertex 131.807 0 11.8607
      vertex 131.739 0 12.0771
    endloop
  endfacet
  facet normal 0 -1 0
    outer loop
      vertex 12.1064 0 11.6512
      vertex 131.807 0 11.8607
      vertex 12.1932 0 11.8607
    endloop
  endfacet
  facet normal 0 -1 0
    outer loop
      vertex 12.1064 0 11.6512
      vertex 131.894 0 11.6512
      vertex 131.807 0 11.8607
    endloop
  endfacet
  facet normal 0 -1 0
    outer loop
      vertex 12.0017 0 11.45
      vertex 131.894 0 11.6512
      vertex 12.1064 0 11.6512
    endloop
  endfacet
  facet normal 0 -1 0
    outer loop
      vertex 12.0017 0 11.45
      vertex 131.998 0 11.45
      vertex 131.894 0 11.6512
    endloop
  endfacet
  facet normal 0 -1 0
    outer loop
      vertex 7 0 0
      vertex 12.0017 0 11.45
      vertex 11.8798 0 11.2587
    endloop
  endfacet
  facet normal 0 -1 -0
    outer loop
      vertex 12.0017 0 11.45
      vertex 7 0 0
      vertex 131.998 0 11.45
    endloop
  endfacet
  facet normal 0 -1 0
    outer loop
      vertex 7 0 0
      vertex 11.8798 0 11.2587
      vertex 11.7417 0 11.0788
    endloop
  endfacet
  facet normal 0 -1 0
    outer loop
      vertex 137 0 0
      vertex 131.998 0 11.45
      vertex 7 0 0
    endloop
  endfacet
  facet normal 0 -1 0
    outer loop
      vertex 7 0 0
      vertex 11.7417 0 11.0788
      vertex 11.5885 0 10.9115
    endloop
  endfacet
  facet normal 0 -1 0
    outer loop
      vertex 131.998 0 11.45
      vertex 137 0 0
      vertex 132.12 0 11.2587
    endloop
  endfacet
  facet normal 0 -1 -0
    outer loop
      vertex 11.2413 0 10.6202
      vertex 7 0 0
      vertex 11.4212 0 10.7583
    endloop
  endfacet
  facet normal 0 -1 -0
    outer loop
      vertex 11.4212 0 10.7583
      vertex 7 0 0
      vertex 11.5885 0 10.9115
    endloop
  endfacet
  facet normal 0 -1 0
    outer loop
      vertex 7 0 0
      vertex 11.05 0 10.4983
      vertex 7 0 5.75
    endloop
  endfacet
  facet normal 0 -1 -0
    outer loop
      vertex 11.05 0 10.4983
      vertex 7 0 0
      vertex 11.2413 0 10.6202
    endloop
  endfacet
  facet normal 0 -1 -0
    outer loop
      vertex 10.8488 0 10.3936
      vertex 7 0 5.75
      vertex 11.05 0 10.4983
    endloop
  endfacet
  facet normal 0 -1 0
    outer loop
      vertex 132.12 0 11.2587
      vertex 137 0 0
      vertex 132.258 0 11.0788
    endloop
  endfacet
  facet normal 0 -1 -0
    outer loop
      vertex 10.6393 0 10.3068
      vertex 7 0 5.75
      vertex 10.8488 0 10.3936
    endloop
  endfacet
  facet normal 0 -1 0
    outer loop
      vertex 132.412 0 10.9115
      vertex 137 0 5.75
      vertex 132.579 0 10.7583
    endloop
  endfacet
  facet normal 0 -1 -0
    outer loop
      vertex 10.4229 0 10.2386
      vertex 7 0 5.75
      vertex 10.6393 0 10.3068
    endloop
  endfacet
  facet normal 0 -1 0
    outer loop
      vertex 132.579 0 10.7583
      vertex 137 0 5.75
      vertex 132.759 0 10.6202
    endloop
  endfacet
  facet normal 0 -1 -0
    outer loop
      vertex 10.2015 0 10.1895
      vertex 7 0 5.75
      vertex 10.4229 0 10.2386
    endloop
  endfacet
  facet normal 0 -1 0
    outer loop
      vertex 132.759 0 10.6202
      vertex 137 0 5.75
      vertex 132.95 0 10.4983
    endloop
  endfacet
  facet normal 0 -1 -0
    outer loop
      vertex 9.9766 0 10.1599
      vertex 7 0 5.75
      vertex 10.2015 0 10.1895
    endloop
  endfacet
  facet normal 0 -1 0
    outer loop
      vertex 132.95 0 10.4983
      vertex 137 0 5.75
      vertex 133.151 0 10.3936
    endloop
  endfacet
  facet normal 0 -1 -0
    outer loop
      vertex 9.75 0 10.15
      vertex 7 0 5.75
      vertex 9.9766 0 10.1599
    endloop
  endfacet
  facet normal 0 -1 0
    outer loop
      vertex 133.151 0 10.3936
      vertex 137 0 5.75
      vertex 133.361 0 10.3068
    endloop
  endfacet
  facet normal 0 -1 -0
    outer loop
      vertex 9.52339 0 10.1599
      vertex 7 0 5.75
      vertex 9.75 0 10.15
    endloop
  endfacet
  facet normal 0 -1 0
    outer loop
      vertex 133.361 0 10.3068
      vertex 137 0 5.75
      vertex 133.577 0 10.2386
    endloop
  endfacet
  facet normal -0.300711 -0.953715 0
    outer loop
      vertex 4.72394 0.180922 5.75
      vertex 4.97354 0.102222 19.75
      vertex 4.72394 0.180922 19.75
    endloop
  endfacet
  facet normal -0.300711 -0.953715 -0
    outer loop
      vertex 4.97354 0.102222 19.75
      vertex 4.72394 0.180922 5.75
      vertex 4.97354 0.102222 5.75
    endloop
  endfacet
  facet normal -0.382674 -0.923883 0
    outer loop
      vertex 4.48214 0.281076 5.75
      vertex 4.72394 0.180922 19.75
      vertex 4.48214 0.281076 19.75
    endloop
  endfacet
  facet normal -0.382674 -0.923883 -0
    outer loop
      vertex 4.72394 0.180922 19.75
      vertex 4.48214 0.281076 5.75
      vertex 4.72394 0.180922 5.75
    endloop
  endfacet
  facet normal -0.675584 -0.737283 0
    outer loop
      vertex 3.6485 0.860517 5.75
      vertex 3.82164 0.701866 19.75
      vertex 3.6485 0.860517 19.75
    endloop
  endfacet
  facet normal -0.675584 -0.737283 -0
    outer loop
      vertex 3.82164 0.701866 19.75
      vertex 3.6485 0.860517 5.75
      vertex 3.82164 0.701866 5.75
    endloop
  endfacet
  facet normal -0.537298 -0.843392 0
    outer loop
      vertex 4.02927 0.542543 5.75
      vertex 4.25 0.401923 19.75
      vertex 4.02927 0.542543 19.75
    endloop
  endfacet
  facet normal -0.537298 -0.843392 -0
    outer loop
      vertex 4.25 0.401923 19.75
      vertex 4.02927 0.542543 5.75
      vertex 4.25 0.401923 5.75
    endloop
  endfacet
  facet normal 0 0 1
    outer loop
      vertex 6.38991 0.0266371 19.75
      vertex 5.75 0 19.75
      vertex 7 0 19.75
    endloop
  endfacet
  facet normal 0 0 1
    outer loop
      vertex 5.78446 0.106345 19.75
      vertex 5.75 0 19.75
      vertex 6.38991 0.0266371 19.75
    endloop
  endfacet
  facet normal 0 0 1
    outer loop
      vertex 5.78446 0.106345 19.75
      vertex 5.48853 0.0114155 19.75
      vertex 5.75 0 19.75
    endloop
  endfacet
  facet normal 0 0 1
    outer loop
      vertex 5.18827 0.238519 19.75
      vertex 5.48853 0.0114155 19.75
      vertex 5.78446 0.106345 19.75
    endloop
  endfacet
  facet normal 0 0 1
    outer loop
      vertex 5.48853 0.0114155 19.75
      vertex 5.18827 0.238519 19.75
      vertex 5.22906 0.0455761 19.75
    endloop
  endfacet
  facet normal 0 0 1
    outer loop
      vertex 5.18827 0.238519 19.75
      vertex 4.97354 0.102222 19.75
      vertex 5.22906 0.0455761 19.75
    endloop
  endfacet
  facet normal 0 0 1
    outer loop
      vertex 5.18827 0.238519 19.75
      vertex 4.72394 0.180922 19.75
      vertex 4.97354 0.102222 19.75
    endloop
  endfacet
  facet normal 0 0 1
    outer loop
      vertex 4.60586 0.422152 19.75
      vertex 4.72394 0.180922 19.75
      vertex 5.18827 0.238519 19.75
    endloop
  endfacet
  facet normal 0 0 1
    outer loop
      vertex 4.60586 0.422152 19.75
      vertex 4.48214 0.281076 19.75
      vertex 4.72394 0.180922 19.75
    endloop
  endfacet
  facet normal 0 0 1
    outer loop
      vertex 4.60586 0.422152 19.75
      vertex 4.25 0.401923 19.75
      vertex 4.48214 0.281076 19.75
    endloop
  endfacet
  facet normal 0 0 1
    outer loop
      vertex 4.04167 0.655845 19.75
      vertex 4.25 0.401923 19.75
      vertex 4.60586 0.422152 19.75
    endloop
  endfacet
  facet normal 0 0 1
    outer loop
      vertex 4.04167 0.655845 19.75
      vertex 4.02927 0.542543 19.75
      vertex 4.25 0.401923 19.75
    endloop
  endfacet
  facet normal 0 0 1
    outer loop
      vertex 4.04167 0.655845 19.75
      vertex 3.82164 0.701866 19.75
      vertex 4.02927 0.542543 19.75
    endloop
  endfacet
  facet normal -0 -0 1
    outer loop
      vertex 3.82164 0.701866 19.75
      vertex 4.04167 0.655845 19.75
      vertex 3.6485 0.860517 19.75
    endloop
  endfacet
  facet normal -0.608768 -0.793348 0
    outer loop
      vertex 3.82164 0.701866 5.75
      vertex 4.02927 0.542543 19.75
      vertex 3.82164 0.701866 19.75
    endloop
  endfacet
  facet normal -0.608768 -0.793348 -0
    outer loop
      vertex 4.02927 0.542543 19.75
      vertex 3.82164 0.701866 5.75
      vertex 4.02927 0.542543 5.75
    endloop
  endfacet
  facet normal 0 0 -1
    outer loop
      vertex 5.75 0 5.75
      vertex 6.38991 0.0266371 5.75
      vertex 7 0 5.75
    endloop
  endfacet
  facet normal 0 0 -1
    outer loop
      vertex 5.75 0 5.75
      vertex 5.78446 0.106345 5.75
      vertex 6.38991 0.0266371 5.75
    endloop
  endfacet
  facet normal 0 0 -1
    outer loop
      vertex 5.48853 0.0114155 5.75
      vertex 5.78446 0.106345 5.75
      vertex 5.75 0 5.75
    endloop
  endfacet
  facet normal 0 0 -1
    outer loop
      vertex 5.18827 0.238519 5.75
      vertex 5.48853 0.0114155 5.75
      vertex 5.22906 0.0455761 5.75
    endloop
  endfacet
  facet normal 0 0 -1
    outer loop
      vertex 5.48853 0.0114155 5.75
      vertex 5.18827 0.238519 5.75
      vertex 5.78446 0.106345 5.75
    endloop
  endfacet
  facet normal 0 0 -1
    outer loop
      vertex 4.97354 0.102222 5.75
      vertex 5.18827 0.238519 5.75
      vertex 5.22906 0.0455761 5.75
    endloop
  endfacet
  facet normal 0 0 -1
    outer loop
      vertex 4.72394 0.180922 5.75
      vertex 5.18827 0.238519 5.75
      vertex 4.97354 0.102222 5.75
    endloop
  endfacet
  facet normal 0 0 -1
    outer loop
      vertex 4.72394 0.180922 5.75
      vertex 4.60586 0.422152 5.75
      vertex 5.18827 0.238519 5.75
    endloop
  endfacet
  facet normal 0 0 -1
    outer loop
      vertex 4.48214 0.281076 5.75
      vertex 4.60586 0.422152 5.75
      vertex 4.72394 0.180922 5.75
    endloop
  endfacet
  facet normal 0 0 -1
    outer loop
      vertex 4.25 0.401923 5.75
      vertex 4.60586 0.422152 5.75
      vertex 4.48214 0.281076 5.75
    endloop
  endfacet
  facet normal 0 0 -1
    outer loop
      vertex 4.25 0.401923 5.75
      vertex 4.04167 0.655845 5.75
      vertex 4.60586 0.422152 5.75
    endloop
  endfacet
  facet normal 0 0 -1
    outer loop
      vertex 4.02927 0.542543 5.75
      vertex 4.04167 0.655845 5.75
      vertex 4.25 0.401923 5.75
    endloop
  endfacet
  facet normal 0 0 -1
    outer loop
      vertex 3.82164 0.701866 5.75
      vertex 4.04167 0.655845 5.75
      vertex 4.02927 0.542543 5.75
    endloop
  endfacet
  facet normal 0 0 -1
    outer loop
      vertex 4.04167 0.655845 5.75
      vertex 3.82164 0.701866 5.75
      vertex 3.6485 0.860517 5.75
    endloop
  endfacet
  facet normal -0.216434 -0.976297 0
    outer loop
      vertex 4.97354 0.102222 5.75
      vertex 5.22906 0.0455761 19.75
      vertex 4.97354 0.102222 19.75
    endloop
  endfacet
  facet normal -0.216434 -0.976297 -0
    outer loop
      vertex 5.22906 0.0455761 19.75
      vertex 4.97354 0.102222 5.75
      vertex 5.22906 0.0455761 5.75
    endloop
  endfacet
  facet normal -0.130529 -0.991445 0
    outer loop
      vertex 5.22906 0.0455761 130.25
      vertex 5.48853 0.0114155 144.25
      vertex 5.22906 0.0455761 144.25
    endloop
  endfacet
  facet normal -0.130529 -0.991445 -0
    outer loop
      vertex 5.48853 0.0114155 144.25
      vertex 5.22906 0.0455761 130.25
      vertex 5.48853 0.0114155 130.25
    endloop
  endfacet
  facet normal -0.0436174 -0.999048 0
    outer loop
      vertex 5.48853 0.0114155 130.25
      vertex 5.75 0 144.25
      vertex 5.48853 0.0114155 144.25
    endloop
  endfacet
  facet normal -0.0436174 -0.999048 -0
    outer loop
      vertex 5.75 0 144.25
      vertex 5.48853 0.0114155 130.25
      vertex 5.75 0 130.25
    endloop
  endfacet
  facet normal -0.300711 -0.953715 0
    outer loop
      vertex 4.72394 0.180922 130.25
      vertex 4.97354 0.102222 144.25
      vertex 4.72394 0.180922 144.25
    endloop
  endfacet
  facet normal -0.300711 -0.953715 -0
    outer loop
      vertex 4.97354 0.102222 144.25
      vertex 4.72394 0.180922 130.25
      vertex 4.97354 0.102222 130.25
    endloop
  endfacet
  facet normal -0.461756 -0.887007 0
    outer loop
      vertex 4.25 0.401923 130.25
      vertex 4.48214 0.281076 144.25
      vertex 4.25 0.401923 144.25
    endloop
  endfacet
  facet normal -0.461756 -0.887007 -0
    outer loop
      vertex 4.48214 0.281076 144.25
      vertex 4.25 0.401923 130.25
      vertex 4.48214 0.281076 130.25
    endloop
  endfacet
  facet normal -0.382674 -0.923883 0
    outer loop
      vertex 4.48214 0.281076 130.25
      vertex 4.72394 0.180922 144.25
      vertex 4.48214 0.281076 144.25
    endloop
  endfacet
  facet normal -0.382674 -0.923883 -0
    outer loop
      vertex 4.72394 0.180922 144.25
      vertex 4.48214 0.281076 130.25
      vertex 4.72394 0.180922 130.25
    endloop
  endfacet
  facet normal -0.675584 -0.737283 0
    outer loop
      vertex 3.6485 0.860517 130.25
      vertex 3.82164 0.701866 144.25
      vertex 3.6485 0.860517 144.25
    endloop
  endfacet
  facet normal -0.675584 -0.737283 -0
    outer loop
      vertex 3.82164 0.701866 144.25
      vertex 3.6485 0.860517 130.25
      vertex 3.82164 0.701866 130.25
    endloop
  endfacet
  facet normal -0.608768 -0.793348 0
    outer loop
      vertex 3.82164 0.701866 130.25
      vertex 4.02927 0.542543 144.25
      vertex 3.82164 0.701866 144.25
    endloop
  endfacet
  facet normal -0.608768 -0.793348 -0
    outer loop
      vertex 4.02927 0.542543 144.25
      vertex 3.82164 0.701866 130.25
      vertex 4.02927 0.542543 130.25
    endloop
  endfacet
  facet normal -0.216434 -0.976297 0
    outer loop
      vertex 4.97354 0.102222 130.25
      vertex 5.22906 0.0455761 144.25
      vertex 4.97354 0.102222 144.25
    endloop
  endfacet
  facet normal -0.216434 -0.976297 -0
    outer loop
      vertex 5.22906 0.0455761 144.25
      vertex 4.97354 0.102222 130.25
      vertex 5.22906 0.0455761 130.25
    endloop
  endfacet
  facet normal 0 0 1
    outer loop
      vertex 6.38991 0.0266371 144.25
      vertex 5.75 0 144.25
      vertex 7 0 144.25
    endloop
  endfacet
  facet normal 0 0 1
    outer loop
      vertex 5.78446 0.106345 144.25
      vertex 5.75 0 144.25
      vertex 6.38991 0.0266371 144.25
    endloop
  endfacet
  facet normal 0 0 1
    outer loop
      vertex 5.78446 0.106345 144.25
      vertex 5.48853 0.0114155 144.25
      vertex 5.75 0 144.25
    endloop
  endfacet
  facet normal 0 0 1
    outer loop
      vertex 5.18827 0.238519 144.25
      vertex 5.48853 0.0114155 144.25
      vertex 5.78446 0.106345 144.25
    endloop
  endfacet
  facet normal 0 0 1
    outer loop
      vertex 5.48853 0.0114155 144.25
      vertex 5.18827 0.238519 144.25
      vertex 5.22906 0.0455761 144.25
    endloop
  endfacet
  facet normal 0 0 1
    outer loop
      vertex 5.18827 0.238519 144.25
      vertex 4.97354 0.102222 144.25
      vertex 5.22906 0.0455761 144.25
    endloop
  endfacet
  facet normal 0 0 1
    outer loop
      vertex 5.18827 0.238519 144.25
      vertex 4.72394 0.180922 144.25
      vertex 4.97354 0.102222 144.25
    endloop
  endfacet
  facet normal 0 0 1
    outer loop
      vertex 4.60586 0.422152 144.25
      vertex 4.72394 0.180922 144.25
      vertex 5.18827 0.238519 144.25
    endloop
  endfacet
  facet normal 0 0 1
    outer loop
      vertex 4.60586 0.422152 144.25
      vertex 4.48214 0.281076 144.25
      vertex 4.72394 0.180922 144.25
    endloop
  endfacet
  facet normal 0 0 1
    outer loop
      vertex 4.60586 0.422152 144.25
      vertex 4.25 0.401923 144.25
      vertex 4.48214 0.281076 144.25
    endloop
  endfacet
  facet normal 0 0 1
    outer loop
      vertex 4.04167 0.655845 144.25
      vertex 4.25 0.401923 144.25
      vertex 4.60586 0.422152 144.25
    endloop
  endfacet
  facet normal 0 0 1
    outer loop
      vertex 4.04167 0.655845 144.25
      vertex 4.02927 0.542543 144.25
      vertex 4.25 0.401923 144.25
    endloop
  endfacet
  facet normal 0 0 1
    outer loop
      vertex 4.04167 0.655845 144.25
      vertex 3.82164 0.701866 144.25
      vertex 4.02927 0.542543 144.25
    endloop
  endfacet
  facet normal -0 -0 1
    outer loop
      vertex 3.82164 0.701866 144.25
      vertex 4.04167 0.655845 144.25
      vertex 3.6485 0.860517 144.25
    endloop
  endfacet
  facet normal -0.537298 -0.843392 0
    outer loop
      vertex 4.02927 0.542543 130.25
      vertex 4.25 0.401923 144.25
      vertex 4.02927 0.542543 144.25
    endloop
  endfacet
  facet normal -0.537298 -0.843392 -0
    outer loop
      vertex 4.25 0.401923 144.25
      vertex 4.02927 0.542543 130.25
      vertex 4.25 0.401923 130.25
    endloop
  endfacet
  facet normal 0 0 -1
    outer loop
      vertex 5.75 0 130.25
      vertex 6.38991 0.0266371 130.25
      vertex 7 0 130.25
    endloop
  endfacet
  facet normal 0 0 -1
    outer loop
      vertex 5.75 0 130.25
      vertex 5.78446 0.106345 130.25
      vertex 6.38991 0.0266371 130.25
    endloop
  endfacet
  facet normal 0 0 -1
    outer loop
      vertex 5.48853 0.0114155 130.25
      vertex 5.78446 0.106345 130.25
      vertex 5.75 0 130.25
    endloop
  endfacet
  facet normal 0 0 -1
    outer loop
      vertex 5.18827 0.238519 130.25
      vertex 5.48853 0.0114155 130.25
      vertex 5.22906 0.0455761 130.25
    endloop
  endfacet
  facet normal 0 0 -1
    outer loop
      vertex 5.48853 0.0114155 130.25
      vertex 5.18827 0.238519 130.25
      vertex 5.78446 0.106345 130.25
    endloop
  endfacet
  facet normal 0 0 -1
    outer loop
      vertex 4.97354 0.102222 130.25
      vertex 5.18827 0.238519 130.25
      vertex 5.22906 0.0455761 130.25
    endloop
  endfacet
  facet normal 0 0 -1
    outer loop
      vertex 4.72394 0.180922 130.25
      vertex 5.18827 0.238519 130.25
      vertex 4.97354 0.102222 130.25
    endloop
  endfacet
  facet normal 0 0 -1
    outer loop
      vertex 4.72394 0.180922 130.25
      vertex 4.60586 0.422152 130.25
      vertex 5.18827 0.238519 130.25
    endloop
  endfacet
  facet normal 0 0 -1
    outer loop
      vertex 4.48214 0.281076 130.25
      vertex 4.60586 0.422152 130.25
      vertex 4.72394 0.180922 130.25
    endloop
  endfacet
  facet normal 0 0 -1
    outer loop
      vertex 4.25 0.401923 130.25
      vertex 4.60586 0.422152 130.25
      vertex 4.48214 0.281076 130.25
    endloop
  endfacet
  facet normal 0 0 -1
    outer loop
      vertex 4.25 0.401923 130.25
      vertex 4.04167 0.655845 130.25
      vertex 4.60586 0.422152 130.25
    endloop
  endfacet
  facet normal 0 0 -1
    outer loop
      vertex 4.02927 0.542543 130.25
      vertex 4.04167 0.655845 130.25
      vertex 4.25 0.401923 130.25
    endloop
  endfacet
  facet normal 0 0 -1
    outer loop
      vertex 3.82164 0.701866 130.25
      vertex 4.04167 0.655845 130.25
      vertex 4.02927 0.542543 130.25
    endloop
  endfacet
  facet normal 0 0 -1
    outer loop
      vertex 4.04167 0.655845 130.25
      vertex 3.82164 0.701866 130.25
      vertex 3.6485 0.860517 130.25
    endloop
  endfacet
  facet normal 0.382404 -0.923995 0
    outer loop
      vertex 139.276 0.180922 5.75
      vertex 139.518 0.281076 19.75
      vertex 139.276 0.180922 19.75
    endloop
  endfacet
  facet normal 0.382404 -0.923995 0
    outer loop
      vertex 139.518 0.281076 19.75
      vertex 139.276 0.180922 5.75
      vertex 139.518 0.281076 5.75
    endloop
  endfacet
  facet normal 0.0436958 -0.999045 0
    outer loop
      vertex 138.25 0 5.75
      vertex 138.511 0.0114155 19.75
      vertex 138.25 0 19.75
    endloop
  endfacet
  facet normal 0.0436958 -0.999045 0
    outer loop
      vertex 138.511 0.0114155 19.75
      vertex 138.25 0 5.75
      vertex 138.511 0.0114155 5.75
    endloop
  endfacet
  facet normal 0.609933 -0.792453 0
    outer loop
      vertex 139.971 0.542543 5.75
      vertex 140.178 0.701866 19.75
      vertex 139.971 0.542543 19.75
    endloop
  endfacet
  facet normal 0.609933 -0.792453 0
    outer loop
      vertex 140.178 0.701866 19.75
      vertex 139.971 0.542543 5.75
      vertex 140.178 0.701866 5.75
    endloop
  endfacet
  facet normal 0.300273 -0.953853 0
    outer loop
      vertex 139.026 0.102222 5.75
      vertex 139.276 0.180922 19.75
      vertex 139.026 0.102222 19.75
    endloop
  endfacet
  facet normal 0.300273 -0.953853 0
    outer loop
      vertex 139.276 0.180922 19.75
      vertex 139.026 0.102222 5.75
      vertex 139.276 0.180922 5.75
    endloop
  endfacet
  facet normal 0.536831 -0.84369 0
    outer loop
      vertex 139.75 0.401923 5.75
      vertex 139.971 0.542543 19.75
      vertex 139.75 0.401923 19.75
    endloop
  endfacet
  facet normal 0.536831 -0.84369 0
    outer loop
      vertex 139.971 0.542543 19.75
      vertex 139.75 0.401923 5.75
      vertex 139.971 0.542543 5.75
    endloop
  endfacet
  facet normal 0.216855 -0.976204 0
    outer loop
      vertex 138.771 0.0455761 5.75
      vertex 139.026 0.102222 19.75
      vertex 138.771 0.0455761 19.75
    endloop
  endfacet
  facet normal 0.216855 -0.976204 0
    outer loop
      vertex 139.026 0.102222 19.75
      vertex 138.771 0.0455761 5.75
      vertex 139.026 0.102222 5.75
    endloop
  endfacet
  facet normal 0.130267 -0.991479 0
    outer loop
      vertex 138.511 0.0114155 5.75
      vertex 138.771 0.0455761 19.75
      vertex 138.511 0.0114155 19.75
    endloop
  endfacet
  facet normal 0.130267 -0.991479 0
    outer loop
      vertex 138.771 0.0455761 19.75
      vertex 138.511 0.0114155 5.75
      vertex 138.771 0.0455761 5.75
    endloop
  endfacet
  facet normal 0.461976 -0.886893 0
    outer loop
      vertex 139.518 0.281076 5.75
      vertex 139.75 0.401923 19.75
      vertex 139.518 0.281076 19.75
    endloop
  endfacet
  facet normal 0.461976 -0.886893 0
    outer loop
      vertex 139.75 0.401923 19.75
      vertex 139.518 0.281076 5.75
      vertex 139.75 0.401923 5.75
    endloop
  endfacet
  facet normal 0.673761 -0.73895 0
    outer loop
      vertex 140.178 0.701866 5.75
      vertex 140.352 0.860516 19.75
      vertex 140.178 0.701866 19.75
    endloop
  endfacet
  facet normal 0.673761 -0.73895 0
    outer loop
      vertex 140.352 0.860516 19.75
      vertex 140.178 0.701866 5.75
      vertex 140.352 0.860516 5.75
    endloop
  endfacet
  facet normal 0 0 1
    outer loop
      vertex 139.958 0.655845 19.75
      vertex 140.178 0.701866 19.75
      vertex 140.352 0.860516 19.75
    endloop
  endfacet
  facet normal 0 0 1
    outer loop
      vertex 140.178 0.701866 19.75
      vertex 139.958 0.655845 19.75
      vertex 139.971 0.542543 19.75
    endloop
  endfacet
  facet normal 0 0 1
    outer loop
      vertex 139.958 0.655845 19.75
      vertex 139.75 0.401923 19.75
      vertex 139.971 0.542543 19.75
    endloop
  endfacet
  facet normal -0 0 1
    outer loop
      vertex 139.394 0.422152 19.75
      vertex 139.75 0.401923 19.75
      vertex 139.958 0.655845 19.75
    endloop
  endfacet
  facet normal 0 0 1
    outer loop
      vertex 139.75 0.401923 19.75
      vertex 139.394 0.422152 19.75
      vertex 139.518 0.281076 19.75
    endloop
  endfacet
  facet normal 0 0 1
    outer loop
      vertex 139.394 0.422152 19.75
      vertex 139.276 0.180922 19.75
      vertex 139.518 0.281076 19.75
    endloop
  endfacet
  facet normal -0 0 1
    outer loop
      vertex 138.812 0.238519 19.75
      vertex 139.276 0.180922 19.75
      vertex 139.394 0.422152 19.75
    endloop
  endfacet
  facet normal 0 0 1
    outer loop
      vertex 139.276 0.180922 19.75
      vertex 138.812 0.238519 19.75
      vertex 139.026 0.102222 19.75
    endloop
  endfacet
  facet normal 0 0 1
    outer loop
      vertex 138.812 0.238519 19.75
      vertex 138.771 0.0455761 19.75
      vertex 139.026 0.102222 19.75
    endloop
  endfacet
  facet normal 0 0 1
    outer loop
      vertex 138.812 0.238519 19.75
      vertex 138.511 0.0114155 19.75
      vertex 138.771 0.0455761 19.75
    endloop
  endfacet
  facet normal -0 0 1
    outer loop
      vertex 138.216 0.106345 19.75
      vertex 138.511 0.0114155 19.75
      vertex 138.812 0.238519 19.75
    endloop
  endfacet
  facet normal 0 0 1
    outer loop
      vertex 138.511 0.0114155 19.75
      vertex 138.216 0.106345 19.75
      vertex 138.25 0 19.75
    endloop
  endfacet
  facet normal -0 0 1
    outer loop
      vertex 137.61 0.0266371 19.75
      vertex 138.25 0 19.75
      vertex 138.216 0.106345 19.75
    endloop
  endfacet
  facet normal 0 0 1
    outer loop
      vertex 138.25 0 19.75
      vertex 137.61 0.0266371 19.75
      vertex 137 0 19.75
    endloop
  endfacet
  facet normal 0 0 -1
    outer loop
      vertex 139.958 0.655845 5.75
      vertex 140.178 0.701866 5.75
      vertex 139.971 0.542543 5.75
    endloop
  endfacet
  facet normal -0 0 -1
    outer loop
      vertex 140.178 0.701866 5.75
      vertex 139.958 0.655845 5.75
      vertex 140.352 0.860516 5.75
    endloop
  endfacet
  facet normal 0 0 -1
    outer loop
      vertex 139.75 0.401923 5.75
      vertex 139.958 0.655845 5.75
      vertex 139.971 0.542543 5.75
    endloop
  endfacet
  facet normal 0 0 -1
    outer loop
      vertex 139.394 0.422152 5.75
      vertex 139.75 0.401923 5.75
      vertex 139.518 0.281076 5.75
    endloop
  endfacet
  facet normal 0 0 -1
    outer loop
      vertex 139.75 0.401923 5.75
      vertex 139.394 0.422152 5.75
      vertex 139.958 0.655845 5.75
    endloop
  endfacet
  facet normal 0 0 -1
    outer loop
      vertex 139.276 0.180922 5.75
      vertex 139.394 0.422152 5.75
      vertex 139.518 0.281076 5.75
    endloop
  endfacet
  facet normal 0 0 -1
    outer loop
      vertex 138.812 0.238519 5.75
      vertex 139.276 0.180922 5.75
      vertex 139.026 0.102222 5.75
    endloop
  endfacet
  facet normal 0 0 -1
    outer loop
      vertex 139.276 0.180922 5.75
      vertex 138.812 0.238519 5.75
      vertex 139.394 0.422152 5.75
    endloop
  endfacet
  facet normal 0 0 -1
    outer loop
      vertex 138.771 0.0455761 5.75
      vertex 138.812 0.238519 5.75
      vertex 139.026 0.102222 5.75
    endloop
  endfacet
  facet normal 0 0 -1
    outer loop
      vertex 138.511 0.0114155 5.75
      vertex 138.812 0.238519 5.75
      vertex 138.771 0.0455761 5.75
    endloop
  endfacet
  facet normal 0 0 -1
    outer loop
      vertex 138.216 0.106345 5.75
      vertex 138.511 0.0114155 5.75
      vertex 138.25 0 5.75
    endloop
  endfacet
  facet normal 0 0 -1
    outer loop
      vertex 138.511 0.0114155 5.75
      vertex 138.216 0.106345 5.75
      vertex 138.812 0.238519 5.75
    endloop
  endfacet
  facet normal 0 0 -1
    outer loop
      vertex 138.25 0 5.75
      vertex 137.61 0.0266371 5.75
      vertex 138.216 0.106345 5.75
    endloop
  endfacet
  facet normal 0 -0 -1
    outer loop
      vertex 137.61 0.0266371 5.75
      vertex 138.25 0 5.75
      vertex 137 0 5.75
    endloop
  endfacet
  facet normal 0.382404 -0.923995 0
    outer loop
      vertex 139.276 0.180922 130.25
      vertex 139.518 0.281076 144.25
      vertex 139.276 0.180922 144.25
    endloop
  endfacet
  facet normal 0.382404 -0.923995 0
    outer loop
      vertex 139.518 0.281076 144.25
      vertex 139.276 0.180922 130.25
      vertex 139.518 0.281076 130.25
    endloop
  endfacet
  facet normal 0.0436958 -0.999045 0
    outer loop
      vertex 138.25 0 130.25
      vertex 138.511 0.0114155 144.25
      vertex 138.25 0 144.25
    endloop
  endfacet
  facet normal 0.0436958 -0.999045 0
    outer loop
      vertex 138.511 0.0114155 144.25
      vertex 138.25 0 130.25
      vertex 138.511 0.0114155 130.25
    endloop
  endfacet
  facet normal 0.609933 -0.792453 0
    outer loop
      vertex 139.971 0.542543 130.25
      vertex 140.178 0.701866 144.25
      vertex 139.971 0.542543 144.25
    endloop
  endfacet
  facet normal 0.609933 -0.792453 0
    outer loop
      vertex 140.178 0.701866 144.25
      vertex 139.971 0.542543 130.25
      vertex 140.178 0.701866 130.25
    endloop
  endfacet
  facet normal 0.300273 -0.953853 0
    outer loop
      vertex 139.026 0.102222 130.25
      vertex 139.276 0.180922 144.25
      vertex 139.026 0.102222 144.25
    endloop
  endfacet
  facet normal 0.300273 -0.953853 0
    outer loop
      vertex 139.276 0.180922 144.25
      vertex 139.026 0.102222 130.25
      vertex 139.276 0.180922 130.25
    endloop
  endfacet
  facet normal 0.536831 -0.84369 0
    outer loop
      vertex 139.75 0.401923 130.25
      vertex 139.971 0.542543 144.25
      vertex 139.75 0.401923 144.25
    endloop
  endfacet
  facet normal 0.536831 -0.84369 0
    outer loop
      vertex 139.971 0.542543 144.25
      vertex 139.75 0.401923 130.25
      vertex 139.971 0.542543 130.25
    endloop
  endfacet
  facet normal 0.216855 -0.976204 0
    outer loop
      vertex 138.771 0.0455761 130.25
      vertex 139.026 0.102222 144.25
      vertex 138.771 0.0455761 144.25
    endloop
  endfacet
  facet normal 0.216855 -0.976204 0
    outer loop
      vertex 139.026 0.102222 144.25
      vertex 138.771 0.0455761 130.25
      vertex 139.026 0.102222 130.25
    endloop
  endfacet
  facet normal 0.130267 -0.991479 0
    outer loop
      vertex 138.511 0.0114155 130.25
      vertex 138.771 0.0455761 144.25
      vertex 138.511 0.0114155 144.25
    endloop
  endfacet
  facet normal 0.130267 -0.991479 0
    outer loop
      vertex 138.771 0.0455761 144.25
      vertex 138.511 0.0114155 130.25
      vertex 138.771 0.0455761 130.25
    endloop
  endfacet
  facet normal 0.461976 -0.886893 0
    outer loop
      vertex 139.518 0.281076 130.25
      vertex 139.75 0.401923 144.25
      vertex 139.518 0.281076 144.25
    endloop
  endfacet
  facet normal 0.461976 -0.886893 0
    outer loop
      vertex 139.75 0.401923 144.25
      vertex 139.518 0.281076 130.25
      vertex 139.75 0.401923 130.25
    endloop
  endfacet
  facet normal 0.673761 -0.73895 0
    outer loop
      vertex 140.178 0.701866 130.25
      vertex 140.352 0.860516 144.25
      vertex 140.178 0.701866 144.25
    endloop
  endfacet
  facet normal 0.673761 -0.73895 0
    outer loop
      vertex 140.352 0.860516 144.25
      vertex 140.178 0.701866 130.25
      vertex 140.352 0.860516 130.25
    endloop
  endfacet
  facet normal 0 0 1
    outer loop
      vertex 139.958 0.655845 144.25
      vertex 140.178 0.701866 144.25
      vertex 140.352 0.860516 144.25
    endloop
  endfacet
  facet normal 0 0 1
    outer loop
      vertex 140.178 0.701866 144.25
      vertex 139.958 0.655845 144.25
      vertex 139.971 0.542543 144.25
    endloop
  endfacet
  facet normal 0 0 1
    outer loop
      vertex 139.958 0.655845 144.25
      vertex 139.75 0.401923 144.25
      vertex 139.971 0.542543 144.25
    endloop
  endfacet
  facet normal -0 0 1
    outer loop
      vertex 139.394 0.422152 144.25
      vertex 139.75 0.401923 144.25
      vertex 139.958 0.655845 144.25
    endloop
  endfacet
  facet normal 0 0 1
    outer loop
      vertex 139.75 0.401923 144.25
      vertex 139.394 0.422152 144.25
      vertex 139.518 0.281076 144.25
    endloop
  endfacet
  facet normal 0 0 1
    outer loop
      vertex 139.394 0.422152 144.25
      vertex 139.276 0.180922 144.25
      vertex 139.518 0.281076 144.25
    endloop
  endfacet
  facet normal -0 0 1
    outer loop
      vertex 138.812 0.238519 144.25
      vertex 139.276 0.180922 144.25
      vertex 139.394 0.422152 144.25
    endloop
  endfacet
  facet normal 0 0 1
    outer loop
      vertex 139.276 0.180922 144.25
      vertex 138.812 0.238519 144.25
      vertex 139.026 0.102222 144.25
    endloop
  endfacet
  facet normal 0 0 1
    outer loop
      vertex 138.812 0.238519 144.25
      vertex 138.771 0.0455761 144.25
      vertex 139.026 0.102222 144.25
    endloop
  endfacet
  facet normal 0 0 1
    outer loop
      vertex 138.812 0.238519 144.25
      vertex 138.511 0.0114155 144.25
      vertex 138.771 0.0455761 144.25
    endloop
  endfacet
  facet normal -0 0 1
    outer loop
      vertex 138.216 0.106345 144.25
      vertex 138.511 0.0114155 144.25
      vertex 138.812 0.238519 144.25
    endloop
  endfacet
  facet normal 0 0 1
    outer loop
      vertex 138.511 0.0114155 144.25
      vertex 138.216 0.106345 144.25
      vertex 138.25 0 144.25
    endloop
  endfacet
  facet normal -0 0 1
    outer loop
      vertex 137.61 0.0266371 144.25
      vertex 138.25 0 144.25
      vertex 138.216 0.106345 144.25
    endloop
  endfacet
  facet normal 0 0 1
    outer loop
      vertex 138.25 0 144.25
      vertex 137.61 0.0266371 144.25
      vertex 137 0 144.25
    endloop
  endfacet
  facet normal 0 0 -1
    outer loop
      vertex 139.958 0.655845 130.25
      vertex 140.178 0.701866 130.25
      vertex 139.971 0.542543 130.25
    endloop
  endfacet
  facet normal -0 0 -1
    outer loop
      vertex 140.178 0.701866 130.25
      vertex 139.958 0.655845 130.25
      vertex 140.352 0.860516 130.25
    endloop
  endfacet
  facet normal 0 0 -1
    outer loop
      vertex 139.75 0.401923 130.25
      vertex 139.958 0.655845 130.25
      vertex 139.971 0.542543 130.25
    endloop
  endfacet
  facet normal 0 0 -1
    outer loop
      vertex 139.394 0.422152 130.25
      vertex 139.75 0.401923 130.25
      vertex 139.518 0.281076 130.25
    endloop
  endfacet
  facet normal 0 0 -1
    outer loop
      vertex 139.75 0.401923 130.25
      vertex 139.394 0.422152 130.25
      vertex 139.958 0.655845 130.25
    endloop
  endfacet
  facet normal 0 0 -1
    outer loop
      vertex 139.276 0.180922 130.25
      vertex 139.394 0.422152 130.25
      vertex 139.518 0.281076 130.25
    endloop
  endfacet
  facet normal 0 0 -1
    outer loop
      vertex 138.812 0.238519 130.25
      vertex 139.276 0.180922 130.25
      vertex 139.026 0.102222 130.25
    endloop
  endfacet
  facet normal 0 0 -1
    outer loop
      vertex 139.276 0.180922 130.25
      vertex 138.812 0.238519 130.25
      vertex 139.394 0.422152 130.25
    endloop
  endfacet
  facet normal 0 0 -1
    outer loop
      vertex 138.771 0.0455761 130.25
      vertex 138.812 0.238519 130.25
      vertex 139.026 0.102222 130.25
    endloop
  endfacet
  facet normal 0 0 -1
    outer loop
      vertex 138.511 0.0114155 130.25
      vertex 138.812 0.238519 130.25
      vertex 138.771 0.0455761 130.25
    endloop
  endfacet
  facet normal 0 0 -1
    outer loop
      vertex 138.216 0.106345 130.25
      vertex 138.511 0.0114155 130.25
      vertex 138.25 0 130.25
    endloop
  endfacet
  facet normal 0 0 -1
    outer loop
      vertex 138.511 0.0114155 130.25
      vertex 138.216 0.106345 130.25
      vertex 138.812 0.238519 130.25
    endloop
  endfacet
  facet normal 0 0 -1
    outer loop
      vertex 138.25 0 130.25
      vertex 137.61 0.0266371 130.25
      vertex 138.216 0.106345 130.25
    endloop
  endfacet
  facet normal 0 -0 -1
    outer loop
      vertex 137.61 0.0266371 130.25
      vertex 138.25 0 130.25
      vertex 137 0 130.25
    endloop
  endfacet
  facet normal 0.0435652 0.999051 -0
    outer loop
      vertex 137.61 35.9734 145.5
      vertex 137 36 150
      vertex 137.61 35.9734 150
    endloop
  endfacet
  facet normal 0.0435652 0.999051 0
    outer loop
      vertex 137 36 150
      vertex 137.61 35.9734 145.5
      vertex 137 36 145.5
    endloop
  endfacet
  facet normal 0.0435652 0.999051 -0
    outer loop
      vertex 137.61 35.9734 0
      vertex 137 36 4.5
      vertex 137.61 35.9734 4.5
    endloop
  endfacet
  facet normal 0.0435652 0.999051 0
    outer loop
      vertex 137 36 4.5
      vertex 137.61 35.9734 0
      vertex 137 36 0
    endloop
  endfacet
  facet normal -0.843378 0.53732 3.99691e-18
    outer loop
      vertex 0.937821 32.5 0
      vertex 1.26593 33.015 5
      vertex 1.26593 33.015 0
    endloop
  endfacet
  facet normal -0.843378 0.53732 3.99691e-18
    outer loop
      vertex 1.26593 33.015 5
      vertex 0.937821 32.5 0
      vertex 0.937821 32.5 5
    endloop
  endfacet
  facet normal -0.843378 0.53732 2.22051e-18
    outer loop
      vertex 0.937821 32.5 141
      vertex 1.26593 33.015 150
      vertex 1.26593 33.015 141
    endloop
  endfacet
  facet normal -0.843378 0.53732 2.22051e-18
    outer loop
      vertex 1.26593 33.015 150
      vertex 0.937821 32.5 141
      vertex 0.937821 32.5 150
    endloop
  endfacet
  facet normal 0.130395 0.991462 -0
    outer loop
      vertex 138.216 35.8937 0
      vertex 137.61 35.9734 4.5
      vertex 138.216 35.8937 4.5
    endloop
  endfacet
  facet normal 0.130395 0.991462 0
    outer loop
      vertex 137.61 35.9734 4.5
      vertex 138.216 35.8937 0
      vertex 137.61 35.9734 0
    endloop
  endfacet
  facet normal 0.130395 0.991462 -0
    outer loop
      vertex 138.216 35.8937 145.5
      vertex 137.61 35.9734 150
      vertex 138.216 35.8937 150
    endloop
  endfacet
  facet normal 0.130395 0.991462 0
    outer loop
      vertex 137.61 35.9734 150
      vertex 138.216 35.8937 145.5
      vertex 137.61 35.9734 145.5
    endloop
  endfacet
  facet normal -1 0 0
    outer loop
      vertex 0 7 0
      vertex 0 29 5
      vertex 0 29 0
    endloop
  endfacet
  facet normal -1 -0 0
    outer loop
      vertex 0 29 5
      vertex 0 7 0
      vertex 0 7 5
    endloop
  endfacet
  facet normal -1 0 0
    outer loop
      vertex 0 7 141
      vertex 0 29 150
      vertex 0 29 141
    endloop
  endfacet
  facet normal -1 -0 0
    outer loop
      vertex 0 29 150
      vertex 0 7 141
      vertex 0 7 150
    endloop
  endfacet
  facet normal 0.843312 0.537424 0
    outer loop
      vertex 142.734 33.015 150
      vertex 143 32.5976 141
      vertex 142.734 33.015 0
    endloop
  endfacet
  facet normal 0.843459 0.537193 1.50676e-05
    outer loop
      vertex 143.062 32.5 150
      vertex 143 32.5976 141
      vertex 142.734 33.015 150
    endloop
  endfacet
  facet normal 0.844089 0.536204 -2.9441e-19
    outer loop
      vertex 143 32.5976 141
      vertex 143.062 32.5 150
      vertex 143.062 32.5 141
    endloop
  endfacet
  facet normal 0.843312 0.537424 -0
    outer loop
      vertex 143 32.5976 5
      vertex 142.734 33.015 0
      vertex 143 32.5976 141
    endloop
  endfacet
  facet normal 0.844089 0.536204 -0
    outer loop
      vertex 143.062 32.5 0
      vertex 143 32.5976 5
      vertex 143.062 32.5 5
    endloop
  endfacet
  facet normal 0.843459 0.537193 -2.71217e-05
    outer loop
      vertex 143 32.5976 5
      vertex 143.062 32.5 0
      vertex 142.734 33.015 0
    endloop
  endfacet
  facet normal 0.923705 0.383104 2.06356e-19
    outer loop
      vertex 143.578 31.3941 150
      vertex 143.344 31.9583 141
      vertex 143.344 31.9583 150
    endloop
  endfacet
  facet normal 0.923705 0.383104 2.06356e-19
    outer loop
      vertex 143.344 31.9583 141
      vertex 143.578 31.3941 150
      vertex 143.578 31.3941 141
    endloop
  endfacet
  facet normal 0.923705 0.383104 3.71441e-19
    outer loop
      vertex 143.578 31.3941 5
      vertex 143.344 31.9583 0
      vertex 143.344 31.9583 5
    endloop
  endfacet
  facet normal 0.923705 0.383104 3.71441e-19
    outer loop
      vertex 143.344 31.9583 0
      vertex 143.578 31.3941 5
      vertex 143.578 31.3941 0
    endloop
  endfacet
  facet normal -0.991444 0.130535 -1.01501e-18
    outer loop
      vertex 0.0266371 29.6101 0
      vertex 0.106345 30.2155 5
      vertex 0.106345 30.2155 0
    endloop
  endfacet
  facet normal -0.991444 0.130535 -1.01501e-18
    outer loop
      vertex 0.106345 30.2155 5
      vertex 0.0266371 29.6101 0
      vertex 0.0266371 29.6101 5
    endloop
  endfacet
  facet normal -0.991444 0.130535 -5.63896e-19
    outer loop
      vertex 0.0266371 29.6101 141
      vertex 0.106345 30.2155 150
      vertex 0.106345 30.2155 141
    endloop
  endfacet
  facet normal -0.991444 0.130535 -5.63896e-19
    outer loop
      vertex 0.106345 30.2155 150
      vertex 0.0266371 29.6101 141
      vertex 0.0266371 29.6101 150
    endloop
  endfacet
  facet normal -0.991445 -0.130524 1.58594e-20
    outer loop
      vertex 0.106345 5.78446 0
      vertex 0.0266371 6.38991 5
      vertex 0.0266371 6.38991 0
    endloop
  endfacet
  facet normal -0.991445 -0.130524 1.58594e-20
    outer loop
      vertex 0.0266371 6.38991 5
      vertex 0.106345 5.78446 0
      vertex 0.106345 5.78446 5
    endloop
  endfacet
  facet normal -0.991445 -0.130524 8.81078e-21
    outer loop
      vertex 0.106345 5.78446 141
      vertex 0.0266371 6.38991 150
      vertex 0.0266371 6.38991 141
    endloop
  endfacet
  facet normal -0.991445 -0.130524 8.81078e-21
    outer loop
      vertex 0.0266371 6.38991 150
      vertex 0.106345 5.78446 141
      vertex 0.106345 5.78446 150
    endloop
  endfacet
  facet normal 0.844089 -0.536204 0
    outer loop
      vertex 143.062 3.5 150
      vertex 143 3.4024 141
      vertex 143.062 3.5 141
    endloop
  endfacet
  facet normal 0.843335 -0.537388 0
    outer loop
      vertex 142.734 2.98496 0
      vertex 143 3.4024 141
      vertex 142.734 2.98496 150
    endloop
  endfacet
  facet normal 0.843478 -0.537164 1.46155e-05
    outer loop
      vertex 142.734 2.98496 150
      vertex 143 3.4024 141
      vertex 143.062 3.5 150
    endloop
  endfacet
  facet normal 0.844089 -0.536204 5.29937e-19
    outer loop
      vertex 143 3.4024 5
      vertex 143.062 3.5 0
      vertex 143.062 3.5 5
    endloop
  endfacet
  facet normal 0.843478 -0.537164 -2.63079e-05
    outer loop
      vertex 143 3.4024 5
      vertex 142.734 2.98496 0
      vertex 143.062 3.5 0
    endloop
  endfacet
  facet normal 0.843335 -0.537388 0
    outer loop
      vertex 143 3.4024 141
      vertex 142.734 2.98496 0
      vertex 143 3.4024 5
    endloop
  endfacet
  facet normal 0.999022 0.0442118 2.67909e-19
    outer loop
      vertex 144 29 5
      vertex 143.973 29.6101 0
      vertex 143.973 29.6101 5
    endloop
  endfacet
  facet normal 0.999022 0.0442118 2.67909e-19
    outer loop
      vertex 143.973 29.6101 0
      vertex 144 29 5
      vertex 144 29 0
    endloop
  endfacet
  facet normal 0.999022 0.0442118 1.48838e-19
    outer loop
      vertex 144 29 150
      vertex 143.973 29.6101 141
      vertex 143.973 29.6101 150
    endloop
  endfacet
  facet normal 0.999022 0.0442118 1.48838e-19
    outer loop
      vertex 143.973 29.6101 141
      vertex 144 29 150
      vertex 144 29 141
    endloop
  endfacet
  facet normal 0.53731 0.843385 -0
    outer loop
      vertex 141.015 34.7341 0
      vertex 140.5 35.0622 4.5
      vertex 141.015 34.7341 4.5
    endloop
  endfacet
  facet normal 0.53731 0.843385 0
    outer loop
      vertex 140.5 35.0622 4.5
      vertex 141.015 34.7341 0
      vertex 140.5 35.0622 0
    endloop
  endfacet
  facet normal 0.53731 0.843385 -0
    outer loop
      vertex 141.015 34.7341 145.5
      vertex 140.5 35.0622 150
      vertex 141.015 34.7341 150
    endloop
  endfacet
  facet normal 0.53731 0.843385 0
    outer loop
      vertex 140.5 35.0622 150
      vertex 141.015 34.7341 145.5
      vertex 140.5 35.0622 145.5
    endloop
  endfacet
  facet normal -0.923883 0.382675 -7.71355e-19
    outer loop
      vertex 0.422152 31.3941 141
      vertex 0.655845 31.9583 150
      vertex 0.655845 31.9583 141
    endloop
  endfacet
  facet normal -0.923883 0.382675 -7.71355e-19
    outer loop
      vertex 0.655845 31.9583 150
      vertex 0.422152 31.3941 141
      vertex 0.422152 31.3941 150
    endloop
  endfacet
  facet normal -0.923883 0.382675 -1.38844e-18
    outer loop
      vertex 0.422152 31.3941 0
      vertex 0.655845 31.9583 5
      vertex 0.655845 31.9583 0
    endloop
  endfacet
  facet normal -0.923883 0.382675 -1.38844e-18
    outer loop
      vertex 0.655845 31.9583 5
      vertex 0.422152 31.3941 0
      vertex 0.422152 31.3941 5
    endloop
  endfacet
  facet normal -0.0436194 -0.999048 0
    outer loop
      vertex 6.38991 0.0266371 144.25
      vertex 7 0 150
      vertex 6.38991 0.0266371 150
    endloop
  endfacet
  facet normal -0.0436194 -0.999048 -0
    outer loop
      vertex 7 0 150
      vertex 6.38991 0.0266371 144.25
      vertex 7 0 144.25
    endloop
  endfacet
  facet normal -0.0436194 -0.999048 0
    outer loop
      vertex 6.38991 0.0266371 0
      vertex 7 0 5.75
      vertex 6.38991 0.0266371 5.75
    endloop
  endfacet
  facet normal -0.0436194 -0.999048 -0
    outer loop
      vertex 7 0 5.75
      vertex 6.38991 0.0266371 0
      vertex 7 0 0
    endloop
  endfacet
  facet normal -0.0436194 -0.999048 0
    outer loop
      vertex 6.38991 0.0266371 19.75
      vertex 7 0 130.25
      vertex 6.38991 0.0266371 130.25
    endloop
  endfacet
  facet normal -0.0436194 -0.999048 -0
    outer loop
      vertex 7 0 130.25
      vertex 6.38991 0.0266371 19.75
      vertex 7 0 19.75
    endloop
  endfacet
  facet normal 0.300998 0.953625 -0
    outer loop
      vertex 139.394 35.5778 145.5
      vertex 138.812 35.7615 150
      vertex 139.394 35.5778 150
    endloop
  endfacet
  facet normal 0.300998 0.953625 0
    outer loop
      vertex 138.812 35.7615 150
      vertex 139.394 35.5778 145.5
      vertex 138.812 35.7615 145.5
    endloop
  endfacet
  facet normal 0.300998 0.953625 -0
    outer loop
      vertex 139.394 35.5778 0
      vertex 138.812 35.7615 4.5
      vertex 139.394 35.5778 4.5
    endloop
  endfacet
  facet normal 0.300998 0.953625 0
    outer loop
      vertex 138.812 35.7615 4.5
      vertex 139.394 35.5778 0
      vertex 138.812 35.7615 0
    endloop
  endfacet
  facet normal -0.887011 -0.461749 -4.08386e-18
    outer loop
      vertex 0.937821 3.5 0
      vertex 0.655845 4.04167 5
      vertex 0.655845 4.04167 0
    endloop
  endfacet
  facet normal -0.887011 -0.461749 -4.08386e-18
    outer loop
      vertex 0.655845 4.04167 5
      vertex 0.937821 3.5 0
      vertex 0.937821 3.5 5
    endloop
  endfacet
  facet normal -0.887011 -0.461749 -2.26881e-18
    outer loop
      vertex 0.937821 3.5 141
      vertex 0.655845 4.04167 150
      vertex 0.655845 4.04167 141
    endloop
  endfacet
  facet normal -0.887011 -0.461749 -2.26881e-18
    outer loop
      vertex 0.655845 4.04167 150
      vertex 0.937821 3.5 141
      vertex 0.937821 3.5 150
    endloop
  endfacet
  facet normal -0.216483 0.976286 0
    outer loop
      vertex 5.78446 35.8937 0
      vertex 5.18827 35.7615 4.5
      vertex 5.78446 35.8937 4.5
    endloop
  endfacet
  facet normal -0.216483 0.976286 0
    outer loop
      vertex 5.18827 35.7615 4.5
      vertex 5.78446 35.8937 0
      vertex 5.18827 35.7615 0
    endloop
  endfacet
  facet normal -0.216483 0.976286 0
    outer loop
      vertex 5.78446 35.8937 145.5
      vertex 5.18827 35.7615 150
      vertex 5.78446 35.8937 150
    endloop
  endfacet
  facet normal -0.216483 0.976286 0
    outer loop
      vertex 5.18827 35.7615 150
      vertex 5.78446 35.8937 145.5
      vertex 5.18827 35.7615 145.5
    endloop
  endfacet
  facet normal -0.675618 0.737252 0
    outer loop
      vertex 2.50049 34.3623 0
      vertex 2.05025 33.9497 4.5
      vertex 2.50049 34.3623 4.5
    endloop
  endfacet
  facet normal -0.675618 0.737252 0
    outer loop
      vertex 2.05025 33.9497 4.5
      vertex 2.50049 34.3623 0
      vertex 2.05025 33.9497 0
    endloop
  endfacet
  facet normal -0.675618 0.737252 0
    outer loop
      vertex 2.50049 34.3623 145.5
      vertex 2.05025 33.9497 150
      vertex 2.50049 34.3623 150
    endloop
  endfacet
  facet normal -0.675618 0.737252 0
    outer loop
      vertex 2.05025 33.9497 150
      vertex 2.50049 34.3623 145.5
      vertex 2.05025 33.9497 145.5
    endloop
  endfacet
  facet normal 0.954014 -0.299762 1.38862e-18
    outer loop
      vertex 143.578 4.60586 5
      vertex 143.761 5.18827 0
      vertex 143.761 5.18827 5
    endloop
  endfacet
  facet normal 0.954014 -0.299762 1.38862e-18
    outer loop
      vertex 143.761 5.18827 0
      vertex 143.578 4.60586 5
      vertex 143.578 4.60586 0
    endloop
  endfacet
  facet normal 0.954014 -0.299762 7.71453e-19
    outer loop
      vertex 143.578 4.60586 150
      vertex 143.761 5.18827 141
      vertex 143.761 5.18827 150
    endloop
  endfacet
  facet normal 0.954014 -0.299762 7.71453e-19
    outer loop
      vertex 143.761 5.18827 141
      vertex 143.578 4.60586 150
      vertex 143.578 4.60586 141
    endloop
  endfacet
  facet normal 0.675814 0.737073 -0
    outer loop
      vertex 141.95 33.9497 0
      vertex 141.5 34.3623 4.5
      vertex 141.95 33.9497 4.5
    endloop
  endfacet
  facet normal 0.675814 0.737073 0
    outer loop
      vertex 141.5 34.3623 4.5
      vertex 141.95 33.9497 0
      vertex 141.5 34.3623 0
    endloop
  endfacet
  facet normal 0.675814 0.737073 -0
    outer loop
      vertex 141.95 33.9497 145.5
      vertex 141.5 34.3623 150
      vertex 141.95 33.9497 150
    endloop
  endfacet
  facet normal 0.675814 0.737073 0
    outer loop
      vertex 141.5 34.3623 150
      vertex 141.95 33.9497 145.5
      vertex 141.5 34.3623 145.5
    endloop
  endfacet
  facet normal -0.461749 -0.887011 -5.07839e-08
    outer loop
      vertex 3.5 0.937821 150
      vertex 3.6485 0.860517 144.25
      vertex 4.04167 0.655845 150
    endloop
  endfacet
  facet normal -0.461748 -0.887011 3.69368e-19
    outer loop
      vertex 3.5 0.937821 150
      vertex 3.6485 0.860517 130.25
      vertex 3.6485 0.860517 144.25
    endloop
  endfacet
  facet normal -0.46175 -0.88701 -0
    outer loop
      vertex 3.6485 0.860517 130.25
      vertex 3.6485 0.860517 19.75
      vertex 4.04167 0.655845 130.25
    endloop
  endfacet
  facet normal -0.461748 -0.887011 4.67978e-20
    outer loop
      vertex 3.5 0.937821 150
      vertex 3.6485 0.860517 19.75
      vertex 3.6485 0.860517 130.25
    endloop
  endfacet
  facet normal -0.461748 -0.887011 0
    outer loop
      vertex 3.5 0.937821 0
      vertex 3.6485 0.860517 19.75
      vertex 3.5 0.937821 150
    endloop
  endfacet
  facet normal -0.461748 -0.887011 -0
    outer loop
      vertex 3.6485 0.860517 19.75
      vertex 3.5 0.937821 0
      vertex 3.6485 0.860517 5.75
    endloop
  endfacet
  facet normal -0.461749 -0.887011 5.07839e-08
    outer loop
      vertex 4.04167 0.655845 0
      vertex 3.6485 0.860517 5.75
      vertex 3.5 0.937821 0
    endloop
  endfacet
  facet normal -0.46175 -0.88701 2.00154e-18
    outer loop
      vertex 3.6485 0.860517 5.75
      vertex 4.04167 0.655845 0
      vertex 4.04167 0.655845 5.75
    endloop
  endfacet
  facet normal -0.46175 -0.88701 -0
    outer loop
      vertex 4.04167 0.655845 150
      vertex 3.6485 0.860517 144.25
      vertex 4.04167 0.655845 144.25
    endloop
  endfacet
  facet normal -0.46175 -0.88701 -0
    outer loop
      vertex 4.04167 0.655845 130.25
      vertex 3.6485 0.860517 19.75
      vertex 4.04167 0.655845 19.75
    endloop
  endfacet
  facet normal 0.38279 -0.923835 0
    outer loop
      vertex 139.394 0.422152 144.25
      vertex 139.958 0.655845 150
      vertex 139.394 0.422152 150
    endloop
  endfacet
  facet normal 0.38279 -0.923835 0
    outer loop
      vertex 139.958 0.655845 150
      vertex 139.394 0.422152 144.25
      vertex 139.958 0.655845 144.25
    endloop
  endfacet
  facet normal 0.38279 -0.923835 0
    outer loop
      vertex 139.394 0.422152 0
      vertex 139.958 0.655845 5.75
      vertex 139.394 0.422152 5.75
    endloop
  endfacet
  facet normal 0.38279 -0.923835 0
    outer loop
      vertex 139.958 0.655845 5.75
      vertex 139.394 0.422152 0
      vertex 139.958 0.655845 0
    endloop
  endfacet
  facet normal 0.38279 -0.923835 0
    outer loop
      vertex 139.394 0.422152 19.75
      vertex 139.958 0.655845 130.25
      vertex 139.394 0.422152 130.25
    endloop
  endfacet
  facet normal 0.38279 -0.923835 0
    outer loop
      vertex 139.958 0.655845 130.25
      vertex 139.394 0.422152 19.75
      vertex 139.958 0.655845 19.75
    endloop
  endfacet
  facet normal 0.991594 -0.129385 -4.50648e-19
    outer loop
      vertex 143.894 5.78446 150
      vertex 143.973 6.38991 141
      vertex 143.973 6.38991 150
    endloop
  endfacet
  facet normal 0.991594 -0.129385 -4.50648e-19
    outer loop
      vertex 143.973 6.38991 141
      vertex 143.894 5.78446 150
      vertex 143.894 5.78446 141
    endloop
  endfacet
  facet normal 0.991594 -0.129385 -8.11166e-19
    outer loop
      vertex 143.894 5.78446 5
      vertex 143.973 6.38991 0
      vertex 143.973 6.38991 5
    endloop
  endfacet
  facet normal 0.991594 -0.129385 -8.11166e-19
    outer loop
      vertex 143.973 6.38991 0
      vertex 143.894 5.78446 5
      vertex 143.894 5.78446 0
    endloop
  endfacet
  facet normal 0.887005 0.46176 -3.80585e-18
    outer loop
      vertex 143.344 31.9583 5
      vertex 143.062 32.5 0
      vertex 143.062 32.5 5
    endloop
  endfacet
  facet normal 0.887005 0.46176 -3.80585e-18
    outer loop
      vertex 143.062 32.5 0
      vertex 143.344 31.9583 5
      vertex 143.344 31.9583 0
    endloop
  endfacet
  facet normal 0.887005 0.46176 -2.11436e-18
    outer loop
      vertex 143.344 31.9583 150
      vertex 143.062 32.5 141
      vertex 143.062 32.5 150
    endloop
  endfacet
  facet normal 0.887005 0.46176 -2.11436e-18
    outer loop
      vertex 143.062 32.5 141
      vertex 143.344 31.9583 150
      vertex 143.344 31.9583 141
    endloop
  endfacet
  facet normal -0.793343 -0.608775 3.92416e-18
    outer loop
      vertex 1.63769 2.50049 0
      vertex 1.26593 2.98496 5
      vertex 1.26593 2.98496 0
    endloop
  endfacet
  facet normal -0.793343 -0.608775 3.92416e-18
    outer loop
      vertex 1.26593 2.98496 5
      vertex 1.63769 2.50049 0
      vertex 1.63769 2.50049 5
    endloop
  endfacet
  facet normal -0.793343 -0.608775 2.18009e-18
    outer loop
      vertex 1.63769 2.50049 141
      vertex 1.26593 2.98496 150
      vertex 1.26593 2.98496 141
    endloop
  endfacet
  facet normal -0.793343 -0.608775 2.18009e-18
    outer loop
      vertex 1.26593 2.98496 150
      vertex 1.63769 2.50049 141
      vertex 1.63769 2.50049 150
    endloop
  endfacet
  facet normal -0.0435587 0.999051 0
    outer loop
      vertex 7 36 145.5
      vertex 6.38991 35.9734 150
      vertex 7 36 150
    endloop
  endfacet
  facet normal -0.0435587 0.999051 0
    outer loop
      vertex 6.38991 35.9734 150
      vertex 7 36 145.5
      vertex 6.38991 35.9734 145.5
    endloop
  endfacet
  facet normal -0.0435587 0.999051 0
    outer loop
      vertex 7 36 0
      vertex 6.38991 35.9734 4.5
      vertex 7 36 4.5
    endloop
  endfacet
  facet normal -0.0435587 0.999051 0
    outer loop
      vertex 6.38991 35.9734 4.5
      vertex 7 36 0
      vertex 6.38991 35.9734 0
    endloop
  endfacet
  facet normal 0.0436258 -0.999048 0
    outer loop
      vertex 137 0 144.25
      vertex 137.61 0.0266371 150
      vertex 137 0 150
    endloop
  endfacet
  facet normal 0.0436258 -0.999048 0
    outer loop
      vertex 137.61 0.0266371 150
      vertex 137 0 144.25
      vertex 137.61 0.0266371 144.25
    endloop
  endfacet
  facet normal 0.0436258 -0.999048 0
    outer loop
      vertex 137 0 0
      vertex 137.61 0.0266371 5.75
      vertex 137 0 5.75
    endloop
  endfacet
  facet normal 0.0436258 -0.999048 0
    outer loop
      vertex 137.61 0.0266371 5.75
      vertex 137 0 0
      vertex 137.61 0.0266371 0
    endloop
  endfacet
  facet normal 0.0436258 -0.999048 0
    outer loop
      vertex 137 0 19.75
      vertex 137.61 0.0266371 130.25
      vertex 137 0 130.25
    endloop
  endfacet
  facet normal 0.0436258 -0.999048 0
    outer loop
      vertex 137.61 0.0266371 130.25
      vertex 137 0 19.75
      vertex 137.61 0.0266371 19.75
    endloop
  endfacet
  facet normal 0.216508 -0.976281 0
    outer loop
      vertex 138.216 0.106345 144.25
      vertex 138.812 0.238519 150
      vertex 138.216 0.106345 150
    endloop
  endfacet
  facet normal 0.216508 -0.976281 0
    outer loop
      vertex 138.812 0.238519 150
      vertex 138.216 0.106345 144.25
      vertex 138.812 0.238519 144.25
    endloop
  endfacet
  facet normal 0.216508 -0.976281 0
    outer loop
      vertex 138.216 0.106345 0
      vertex 138.812 0.238519 5.75
      vertex 138.216 0.106345 5.75
    endloop
  endfacet
  facet normal 0.216508 -0.976281 0
    outer loop
      vertex 138.812 0.238519 5.75
      vertex 138.216 0.106345 0
      vertex 138.812 0.238519 0
    endloop
  endfacet
  facet normal 0.216508 -0.976281 0
    outer loop
      vertex 138.216 0.106345 19.75
      vertex 138.812 0.238519 130.25
      vertex 138.216 0.106345 130.25
    endloop
  endfacet
  facet normal 0.216508 -0.976281 0
    outer loop
      vertex 138.812 0.238519 130.25
      vertex 138.216 0.106345 19.75
      vertex 138.812 0.238519 19.75
    endloop
  endfacet
  facet normal -0.216443 -0.976295 0
    outer loop
      vertex 5.18827 0.238519 0
      vertex 5.78446 0.106345 5.75
      vertex 5.18827 0.238519 5.75
    endloop
  endfacet
  facet normal -0.216443 -0.976295 -0
    outer loop
      vertex 5.78446 0.106345 5.75
      vertex 5.18827 0.238519 0
      vertex 5.78446 0.106345 0
    endloop
  endfacet
  facet normal -0.216443 -0.976295 0
    outer loop
      vertex 5.18827 0.238519 144.25
      vertex 5.78446 0.106345 150
      vertex 5.18827 0.238519 150
    endloop
  endfacet
  facet normal -0.216443 -0.976295 -0
    outer loop
      vertex 5.78446 0.106345 150
      vertex 5.18827 0.238519 144.25
      vertex 5.78446 0.106345 144.25
    endloop
  endfacet
  facet normal -0.216443 -0.976295 0
    outer loop
      vertex 5.18827 0.238519 19.75
      vertex 5.78446 0.106345 130.25
      vertex 5.18827 0.238519 130.25
    endloop
  endfacet
  facet normal -0.216443 -0.976295 -0
    outer loop
      vertex 5.78446 0.106345 130.25
      vertex 5.18827 0.238519 19.75
      vertex 5.78446 0.106345 19.75
    endloop
  endfacet
  facet normal 0.216549 0.976272 -0
    outer loop
      vertex 138.812 35.7615 0
      vertex 138.216 35.8937 4.5
      vertex 138.812 35.7615 4.5
    endloop
  endfacet
  facet normal 0.216549 0.976272 0
    outer loop
      vertex 138.216 35.8937 4.5
      vertex 138.812 35.7615 0
      vertex 138.216 35.8937 0
    endloop
  endfacet
  facet normal 0.216549 0.976272 -0
    outer loop
      vertex 138.812 35.7615 145.5
      vertex 138.216 35.8937 150
      vertex 138.812 35.7615 150
    endloop
  endfacet
  facet normal 0.216549 0.976272 0
    outer loop
      vertex 138.216 35.8937 150
      vertex 138.812 35.7615 145.5
      vertex 138.216 35.8937 145.5
    endloop
  endfacet
  facet normal 1 -0 0
    outer loop
      vertex 144 7 5
      vertex 144 29 0
      vertex 144 29 5
    endloop
  endfacet
  facet normal 1 0 0
    outer loop
      vertex 144 29 0
      vertex 144 7 5
      vertex 144 7 0
    endloop
  endfacet
  facet normal 1 -0 0
    outer loop
      vertex 144 7 150
      vertex 144 29 141
      vertex 144 29 150
    endloop
  endfacet
  facet normal 1 0 0
    outer loop
      vertex 144 29 141
      vertex 144 7 150
      vertex 144 7 141
    endloop
  endfacet
  facet normal 0 0 -1
    outer loop
      vertex 137 0 0
      vertex 144 7 0
      vertex 143.973 6.38991 0
    endloop
  endfacet
  facet normal -0 0 -1
    outer loop
      vertex 144 7 0
      vertex 137 0 0
      vertex 144 29 0
    endloop
  endfacet
  facet normal 0 0 -1
    outer loop
      vertex 137 0 0
      vertex 143.973 6.38991 0
      vertex 143.894 5.78446 0
    endloop
  endfacet
  facet normal 0 0 -1
    outer loop
      vertex 137 36 0
      vertex 144 29 0
      vertex 137 0 0
    endloop
  endfacet
  facet normal 0 0 -1
    outer loop
      vertex 137 0 0
      vertex 143.894 5.78446 0
      vertex 143.761 5.18827 0
    endloop
  endfacet
  facet normal 0 0 -1
    outer loop
      vertex 144 29 0
      vertex 137 36 0
      vertex 143.973 29.6101 0
    endloop
  endfacet
  facet normal 0 0 -1
    outer loop
      vertex 137 0 0
      vertex 143.761 5.18827 0
      vertex 143.578 4.60586 0
    endloop
  endfacet
  facet normal 0 0 -1
    outer loop
      vertex 143.973 29.6101 0
      vertex 137 36 0
      vertex 143.894 30.2155 0
    endloop
  endfacet
  facet normal 0 0 -1
    outer loop
      vertex 137 0 0
      vertex 143.578 4.60586 0
      vertex 143.344 4.04167 0
    endloop
  endfacet
  facet normal 0 0 -1
    outer loop
      vertex 143.894 30.2155 0
      vertex 137 36 0
      vertex 143.761 30.8117 0
    endloop
  endfacet
  facet normal 0 0 -1
    outer loop
      vertex 137 0 0
      vertex 143.344 4.04167 0
      vertex 143.062 3.5 0
    endloop
  endfacet
  facet normal 0 0 -1
    outer loop
      vertex 143.761 30.8117 0
      vertex 137 36 0
      vertex 143.578 31.3941 0
    endloop
  endfacet
  facet normal 0 0 -1
    outer loop
      vertex 137 0 0
      vertex 143.062 3.5 0
      vertex 142.734 2.98496 0
    endloop
  endfacet
  facet normal 0 0 -1
    outer loop
      vertex 143.578 31.3941 0
      vertex 137 36 0
      vertex 143.344 31.9583 0
    endloop
  endfacet
  facet normal 0 0 -1
    outer loop
      vertex 137 0 0
      vertex 142.734 2.98496 0
      vertex 142.362 2.50049 0
    endloop
  endfacet
  facet normal 0 0 -1
    outer loop
      vertex 143.344 31.9583 0
      vertex 137 36 0
      vertex 143.062 32.5 0
    endloop
  endfacet
  facet normal 0 0 -1
    outer loop
      vertex 137 0 0
      vertex 142.362 2.50049 0
      vertex 141.95 2.05025 0
    endloop
  endfacet
  facet normal 0 0 -1
    outer loop
      vertex 143.062 32.5 0
      vertex 137 36 0
      vertex 142.734 33.015 0
    endloop
  endfacet
  facet normal 0 0 -1
    outer loop
      vertex 137 0 0
      vertex 141.95 2.05025 0
      vertex 141.5 1.63769 0
    endloop
  endfacet
  facet normal 0 0 -1
    outer loop
      vertex 142.734 33.015 0
      vertex 137 36 0
      vertex 142.362 33.4995 0
    endloop
  endfacet
  facet normal 0 0 -1
    outer loop
      vertex 137 0 0
      vertex 141.5 1.63769 0
      vertex 141.015 1.26593 0
    endloop
  endfacet
  facet normal 0 0 -1
    outer loop
      vertex 142.362 33.4995 0
      vertex 137 36 0
      vertex 141.95 33.9497 0
    endloop
  endfacet
  facet normal 0 0 -1
    outer loop
      vertex 137 0 0
      vertex 141.015 1.26593 0
      vertex 140.5 0.937821 0
    endloop
  endfacet
  facet normal 0 0 -1
    outer loop
      vertex 141.95 33.9497 0
      vertex 137 36 0
      vertex 141.5 34.3623 0
    endloop
  endfacet
  facet normal 0 0 -1
    outer loop
      vertex 137 0 0
      vertex 140.5 0.937821 0
      vertex 139.958 0.655845 0
    endloop
  endfacet
  facet normal 0 0 -1
    outer loop
      vertex 141.5 34.3623 0
      vertex 137 36 0
      vertex 141.015 34.7341 0
    endloop
  endfacet
  facet normal 0 0 -1
    outer loop
      vertex 137 0 0
      vertex 139.958 0.655845 0
      vertex 139.394 0.422152 0
    endloop
  endfacet
  facet normal 0 0 -1
    outer loop
      vertex 141.015 34.7341 0
      vertex 137 36 0
      vertex 140.5 35.0622 0
    endloop
  endfacet
  facet normal 0 0 -1
    outer loop
      vertex 137 0 0
      vertex 139.394 0.422152 0
      vertex 138.812 0.238519 0
    endloop
  endfacet
  facet normal 0 0 -1
    outer loop
      vertex 140.5 35.0622 0
      vertex 137 36 0
      vertex 139.958 35.3442 0
    endloop
  endfacet
  facet normal 0 0 -1
    outer loop
      vertex 137 0 0
      vertex 138.812 0.238519 0
      vertex 138.216 0.106345 0
    endloop
  endfacet
  facet normal 0 0 -1
    outer loop
      vertex 139.958 35.3442 0
      vertex 137 36 0
      vertex 139.394 35.5778 0
    endloop
  endfacet
  facet normal 0 0 -1
    outer loop
      vertex 137 0 0
      vertex 138.216 0.106345 0
      vertex 137.61 0.0266371 0
    endloop
  endfacet
  facet normal 0 0 -1
    outer loop
      vertex 139.394 35.5778 0
      vertex 137 36 0
      vertex 138.812 35.7615 0
    endloop
  endfacet
  facet normal 0 0 -1
    outer loop
      vertex 138.812 35.7615 0
      vertex 137 36 0
      vertex 138.216 35.8937 0
    endloop
  endfacet
  facet normal 0 0 -1
    outer loop
      vertex 138.216 35.8937 0
      vertex 137 36 0
      vertex 137.61 35.9734 0
    endloop
  endfacet
  facet normal 0 0 -1
    outer loop
      vertex 7 0 0
      vertex 137 36 0
      vertex 137 0 0
    endloop
  endfacet
  facet normal 0 0 -1
    outer loop
      vertex 7 0 0
      vertex 7 36 0
      vertex 137 36 0
    endloop
  endfacet
  facet normal 0 0 -1
    outer loop
      vertex 0 7 0
      vertex 7 0 0
      vertex 6.38991 0.0266371 0
    endloop
  endfacet
  facet normal 0 0 -1
    outer loop
      vertex 7 0 0
      vertex 0 7 0
      vertex 7 36 0
    endloop
  endfacet
  facet normal 0 0 -1
    outer loop
      vertex 0 7 0
      vertex 6.38991 0.0266371 0
      vertex 5.78446 0.106345 0
    endloop
  endfacet
  facet normal 0 0 -1
    outer loop
      vertex 0 29 0
      vertex 7 36 0
      vertex 0 7 0
    endloop
  endfacet
  facet normal 0 0 -1
    outer loop
      vertex 0 7 0
      vertex 5.78446 0.106345 0
      vertex 5.18827 0.238519 0
    endloop
  endfacet
  facet normal 0 0 -1
    outer loop
      vertex 7 36 0
      vertex 0 29 0
      vertex 6.38991 35.9734 0
    endloop
  endfacet
  facet normal 0 0 -1
    outer loop
      vertex 0 7 0
      vertex 5.18827 0.238519 0
      vertex 4.60586 0.422152 0
    endloop
  endfacet
  facet normal 0 0 -1
    outer loop
      vertex 6.38991 35.9734 0
      vertex 0 29 0
      vertex 5.78446 35.8937 0
    endloop
  endfacet
  facet normal 0 0 -1
    outer loop
      vertex 0 7 0
      vertex 4.60586 0.422152 0
      vertex 4.04167 0.655845 0
    endloop
  endfacet
  facet normal 0 0 -1
    outer loop
      vertex 5.78446 35.8937 0
      vertex 0 29 0
      vertex 5.18827 35.7615 0
    endloop
  endfacet
  facet normal 0 0 -1
    outer loop
      vertex 0 7 0
      vertex 4.04167 0.655845 0
      vertex 3.5 0.937821 0
    endloop
  endfacet
  facet normal 0 0 -1
    outer loop
      vertex 5.18827 35.7615 0
      vertex 0 29 0
      vertex 4.60586 35.5778 0
    endloop
  endfacet
  facet normal 0 0 -1
    outer loop
      vertex 0 7 0
      vertex 3.5 0.937821 0
      vertex 2.98496 1.26593 0
    endloop
  endfacet
  facet normal 0 0 -1
    outer loop
      vertex 4.60586 35.5778 0
      vertex 0 29 0
      vertex 4.04167 35.3442 0
    endloop
  endfacet
  facet normal 0 0 -1
    outer loop
      vertex 0 7 0
      vertex 2.98496 1.26593 0
      vertex 2.50049 1.63769 0
    endloop
  endfacet
  facet normal 0 0 -1
    outer loop
      vertex 4.04167 35.3442 0
      vertex 0 29 0
      vertex 3.5 35.0622 0
    endloop
  endfacet
  facet normal 0 0 -1
    outer loop
      vertex 0 7 0
      vertex 2.50049 1.63769 0
      vertex 2.05025 2.05025 0
    endloop
  endfacet
  facet normal 0 0 -1
    outer loop
      vertex 3.5 35.0622 0
      vertex 0 29 0
      vertex 2.98496 34.7341 0
    endloop
  endfacet
  facet normal 0 0 -1
    outer loop
      vertex 0 7 0
      vertex 2.05025 2.05025 0
      vertex 1.63769 2.50049 0
    endloop
  endfacet
  facet normal 0 0 -1
    outer loop
      vertex 2.98496 34.7341 0
      vertex 0 29 0
      vertex 2.50049 34.3623 0
    endloop
  endfacet
  facet normal 0 0 -1
    outer loop
      vertex 0 7 0
      vertex 1.63769 2.50049 0
      vertex 1.26593 2.98496 0
    endloop
  endfacet
  facet normal 0 0 -1
    outer loop
      vertex 2.50049 34.3623 0
      vertex 0 29 0
      vertex 2.05025 33.9497 0
    endloop
  endfacet
  facet normal 0 0 -1
    outer loop
      vertex 0 7 0
      vertex 1.26593 2.98496 0
      vertex 0.937821 3.5 0
    endloop
  endfacet
  facet normal 0 0 -1
    outer loop
      vertex 2.05025 33.9497 0
      vertex 0 29 0
      vertex 1.63769 33.4995 0
    endloop
  endfacet
  facet normal 0 0 -1
    outer loop
      vertex 0 7 0
      vertex 0.937821 3.5 0
      vertex 0.655845 4.04167 0
    endloop
  endfacet
  facet normal 0 0 -1
    outer loop
      vertex 1.63769 33.4995 0
      vertex 0 29 0
      vertex 1.26593 33.015 0
    endloop
  endfacet
  facet normal 0 0 -1
    outer loop
      vertex 0 7 0
      vertex 0.655845 4.04167 0
      vertex 0.422152 4.60586 0
    endloop
  endfacet
  facet normal 0 0 -1
    outer loop
      vertex 1.26593 33.015 0
      vertex 0 29 0
      vertex 0.937821 32.5 0
    endloop
  endfacet
  facet normal 0 0 -1
    outer loop
      vertex 0 7 0
      vertex 0.422152 4.60586 0
      vertex 0.238519 5.18827 0
    endloop
  endfacet
  facet normal 0 0 -1
    outer loop
      vertex 0.937821 32.5 0
      vertex 0 29 0
      vertex 0.655845 31.9583 0
    endloop
  endfacet
  facet normal 0 0 -1
    outer loop
      vertex 0 7 0
      vertex 0.238519 5.18827 0
      vertex 0.106345 5.78446 0
    endloop
  endfacet
  facet normal 0 0 -1
    outer loop
      vertex 0.655845 31.9583 0
      vertex 0 29 0
      vertex 0.422152 31.3941 0
    endloop
  endfacet
  facet normal 0 0 -1
    outer loop
      vertex 0 7 0
      vertex 0.106345 5.78446 0
      vertex 0.0266371 6.38991 0
    endloop
  endfacet
  facet normal 0 0 -1
    outer loop
      vertex 0.422152 31.3941 0
      vertex 0 29 0
      vertex 0.238519 30.8117 0
    endloop
  endfacet
  facet normal 0 0 -1
    outer loop
      vertex 0.238519 30.8117 0
      vertex 0 29 0
      vertex 0.106345 30.2155 0
    endloop
  endfacet
  facet normal 0 0 -1
    outer loop
      vertex 0.106345 30.2155 0
      vertex 0 29 0
      vertex 0.0266371 29.6101 0
    endloop
  endfacet
  facet normal 0.608397 0.793633 -0
    outer loop
      vertex 141.5 34.3623 0
      vertex 141.015 34.7341 4.5
      vertex 141.5 34.3623 4.5
    endloop
  endfacet
  facet normal 0.608397 0.793633 0
    outer loop
      vertex 141.015 34.7341 4.5
      vertex 141.5 34.3623 0
      vertex 141.015 34.7341 0
    endloop
  endfacet
  facet normal 0.608397 0.793633 -0
    outer loop
      vertex 141.5 34.3623 145.5
      vertex 141.015 34.7341 150
      vertex 141.5 34.3623 150
    endloop
  endfacet
  facet normal 0.608397 0.793633 0
    outer loop
      vertex 141.015 34.7341 150
      vertex 141.5 34.3623 145.5
      vertex 141.015 34.7341 145.5
    endloop
  endfacet
  facet normal 0.675778 -0.737105 0
    outer loop
      vertex 141.5 1.63769 0
      vertex 141.95 2.05025 150
      vertex 141.5 1.63769 150
    endloop
  endfacet
  facet normal 0.675778 -0.737105 0
    outer loop
      vertex 141.95 2.05025 150
      vertex 141.5 1.63769 0
      vertex 141.95 2.05025 0
    endloop
  endfacet
  facet normal 0.97601 0.217728 4.81388e-19
    outer loop
      vertex 143.894 30.2155 5
      vertex 143.761 30.8117 0
      vertex 143.761 30.8117 5
    endloop
  endfacet
  facet normal 0.97601 0.217728 4.81388e-19
    outer loop
      vertex 143.761 30.8117 0
      vertex 143.894 30.2155 5
      vertex 143.894 30.2155 0
    endloop
  endfacet
  facet normal 0.97601 0.217728 2.67438e-19
    outer loop
      vertex 143.894 30.2155 150
      vertex 143.761 30.8117 141
      vertex 143.761 30.8117 150
    endloop
  endfacet
  facet normal 0.97601 0.217728 2.67438e-19
    outer loop
      vertex 143.761 30.8117 141
      vertex 143.894 30.2155 150
      vertex 143.894 30.2155 141
    endloop
  endfacet
  facet normal -0.923881 -0.38268 4.47877e-18
    outer loop
      vertex 0.655845 4.04167 0
      vertex 0.422152 4.60586 5
      vertex 0.422152 4.60586 0
    endloop
  endfacet
  facet normal -0.923881 -0.38268 4.47877e-18
    outer loop
      vertex 0.422152 4.60586 5
      vertex 0.655845 4.04167 0
      vertex 0.655845 4.04167 5
    endloop
  endfacet
  facet normal -0.923881 -0.38268 2.4882e-18
    outer loop
      vertex 0.655845 4.04167 141
      vertex 0.422152 4.60586 150
      vertex 0.422152 4.60586 141
    endloop
  endfacet
  facet normal -0.923881 -0.38268 2.4882e-18
    outer loop
      vertex 0.422152 4.60586 150
      vertex 0.655845 4.04167 141
      vertex 0.655845 4.04167 150
    endloop
  endfacet
  facet normal -0.843397 -0.537291 1.38286e-18
    outer loop
      vertex 1.26593 2.98496 0
      vertex 0.937821 3.5 5
      vertex 0.937821 3.5 0
    endloop
  endfacet
  facet normal -0.843397 -0.537291 1.38286e-18
    outer loop
      vertex 0.937821 3.5 5
      vertex 1.26593 2.98496 0
      vertex 1.26593 2.98496 5
    endloop
  endfacet
  facet normal -0.843397 -0.537291 7.68253e-19
    outer loop
      vertex 1.26593 2.98496 141
      vertex 0.937821 3.5 150
      vertex 0.937821 3.5 141
    endloop
  endfacet
  facet normal -0.843397 -0.537291 7.68253e-19
    outer loop
      vertex 0.937821 3.5 150
      vertex 1.26593 2.98496 141
      vertex 1.26593 2.98496 150
    endloop
  endfacet
  facet normal 0.38266 0.923889 -0
    outer loop
      vertex 139.958 35.3442 145.5
      vertex 139.394 35.5778 150
      vertex 139.958 35.3442 150
    endloop
  endfacet
  facet normal 0.38266 0.923889 0
    outer loop
      vertex 139.394 35.5778 150
      vertex 139.958 35.3442 145.5
      vertex 139.394 35.5778 145.5
    endloop
  endfacet
  facet normal 0.38266 0.923889 -0
    outer loop
      vertex 139.958 35.3442 0
      vertex 139.394 35.5778 4.5
      vertex 139.958 35.3442 4.5
    endloop
  endfacet
  facet normal 0.38266 0.923889 0
    outer loop
      vertex 139.394 35.5778 4.5
      vertex 139.958 35.3442 0
      vertex 139.394 35.5778 0
    endloop
  endfacet
  facet normal -0.999048 -0.0436194 -1.4943e-19
    outer loop
      vertex 0.0266371 6.38991 0
      vertex 0 7 5
      vertex 0 7 0
    endloop
  endfacet
  facet normal -0.999048 -0.0436194 -1.4943e-19
    outer loop
      vertex 0 7 5
      vertex 0.0266371 6.38991 0
      vertex 0.0266371 6.38991 5
    endloop
  endfacet
  facet normal -0.999048 -0.0436194 -8.30164e-20
    outer loop
      vertex 0.0266371 6.38991 141
      vertex 0 7 150
      vertex 0 7 141
    endloop
  endfacet
  facet normal -0.999048 -0.0436194 -8.30164e-20
    outer loop
      vertex 0 7 150
      vertex 0.0266371 6.38991 141
      vertex 0.0266371 6.38991 150
    endloop
  endfacet
  facet normal -0.976295 -0.216443 2.03138e-18
    outer loop
      vertex 0.238519 5.18827 0
      vertex 0.106345 5.78446 5
      vertex 0.106345 5.78446 0
    endloop
  endfacet
  facet normal -0.976295 -0.216443 2.03138e-18
    outer loop
      vertex 0.106345 5.78446 5
      vertex 0.238519 5.18827 0
      vertex 0.238519 5.18827 5
    endloop
  endfacet
  facet normal -0.976295 -0.216443 1.12855e-18
    outer loop
      vertex 0.238519 5.18827 141
      vertex 0.106345 5.78446 150
      vertex 0.106345 5.78446 141
    endloop
  endfacet
  facet normal -0.976295 -0.216443 1.12855e-18
    outer loop
      vertex 0.106345 5.78446 150
      vertex 0.238519 5.18827 141
      vertex 0.238519 5.18827 150
    endloop
  endfacet
  facet normal 0.792992 0.609232 0
    outer loop
      vertex 142.362 33.4995 150
      vertex 142.485 33.3394 145.5
      vertex 142.362 33.4995 145.5
    endloop
  endfacet
  facet normal 0.79326 0.608883 0
    outer loop
      vertex 142.485 33.3394 145.5
      vertex 142.734 33.015 150
      vertex 142.485 33.3394 4.5
    endloop
  endfacet
  facet normal 0.793171 0.608998 1.32059e-05
    outer loop
      vertex 142.734 33.015 150
      vertex 142.485 33.3394 145.5
      vertex 142.362 33.4995 150
    endloop
  endfacet
  facet normal 0.792992 0.609232 7.10184e-19
    outer loop
      vertex 142.485 33.3394 4.5
      vertex 142.362 33.4995 0
      vertex 142.362 33.4995 4.5
    endloop
  endfacet
  facet normal 0.793171 0.608998 -1.32059e-05
    outer loop
      vertex 142.485 33.3394 4.5
      vertex 142.734 33.015 0
      vertex 142.362 33.4995 0
    endloop
  endfacet
  facet normal 0.79326 0.608883 -0
    outer loop
      vertex 142.734 33.015 0
      vertex 142.485 33.3394 4.5
      vertex 142.734 33.015 150
    endloop
  endfacet
  facet normal 0.461559 0.88711 -0
    outer loop
      vertex 140.5 35.0622 0
      vertex 139.958 35.3442 4.5
      vertex 140.5 35.0622 4.5
    endloop
  endfacet
  facet normal 0.461559 0.88711 0
    outer loop
      vertex 139.958 35.3442 4.5
      vertex 140.5 35.0622 0
      vertex 139.958 35.3442 0
    endloop
  endfacet
  facet normal 0.461559 0.88711 -0
    outer loop
      vertex 140.5 35.0622 145.5
      vertex 139.958 35.3442 150
      vertex 140.5 35.0622 150
    endloop
  endfacet
  facet normal 0.461559 0.88711 0
    outer loop
      vertex 139.958 35.3442 150
      vertex 140.5 35.0622 145.5
      vertex 139.958 35.3442 145.5
    endloop
  endfacet
  facet normal 0.130408 -0.99146 0
    outer loop
      vertex 137.61 0.0266371 144.25
      vertex 138.216 0.106345 150
      vertex 137.61 0.0266371 150
    endloop
  endfacet
  facet normal 0.130408 -0.99146 0
    outer loop
      vertex 138.216 0.106345 150
      vertex 137.61 0.0266371 144.25
      vertex 138.216 0.106345 144.25
    endloop
  endfacet
  facet normal 0.130408 -0.99146 0
    outer loop
      vertex 137.61 0.0266371 0
      vertex 138.216 0.106345 5.75
      vertex 137.61 0.0266371 5.75
    endloop
  endfacet
  facet normal 0.130408 -0.99146 0
    outer loop
      vertex 138.216 0.106345 5.75
      vertex 137.61 0.0266371 0
      vertex 138.216 0.106345 0
    endloop
  endfacet
  facet normal 0.130408 -0.99146 0
    outer loop
      vertex 137.61 0.0266371 19.75
      vertex 138.216 0.106345 130.25
      vertex 137.61 0.0266371 130.25
    endloop
  endfacet
  facet normal 0.130408 -0.99146 0
    outer loop
      vertex 138.216 0.106345 130.25
      vertex 137.61 0.0266371 19.75
      vertex 138.216 0.106345 19.75
    endloop
  endfacet
  facet normal 0.954012 0.299767 -7.74653e-20
    outer loop
      vertex 143.761 30.8117 150
      vertex 143.578 31.3941 141
      vertex 143.578 31.3941 150
    endloop
  endfacet
  facet normal 0.954012 0.299767 -7.74653e-20
    outer loop
      vertex 143.578 31.3941 141
      vertex 143.761 30.8117 150
      vertex 143.761 30.8117 141
    endloop
  endfacet
  facet normal 0.954012 0.299767 -1.39438e-19
    outer loop
      vertex 143.761 30.8117 5
      vertex 143.578 31.3941 0
      vertex 143.578 31.3941 5
    endloop
  endfacet
  facet normal 0.954012 0.299767 -1.39438e-19
    outer loop
      vertex 143.578 31.3941 0
      vertex 143.761 30.8117 5
      vertex 143.761 30.8117 0
    endloop
  endfacet
  facet normal -0.737285 -0.675582 -2.84841e-18
    outer loop
      vertex 2.05025 2.05025 0
      vertex 1.63769 2.50049 5
      vertex 1.63769 2.50049 0
    endloop
  endfacet
  facet normal -0.737285 -0.675582 -2.84841e-18
    outer loop
      vertex 1.63769 2.50049 5
      vertex 2.05025 2.05025 0
      vertex 2.05025 2.05025 5
    endloop
  endfacet
  facet normal -0.737285 -0.675582 -1.58245e-18
    outer loop
      vertex 2.05025 2.05025 141
      vertex 1.63769 2.50049 150
      vertex 1.63769 2.50049 141
    endloop
  endfacet
  facet normal -0.737285 -0.675582 -1.58245e-18
    outer loop
      vertex 1.63769 2.50049 150
      vertex 2.05025 2.05025 141
      vertex 2.05025 2.05025 150
    endloop
  endfacet
  facet normal 0.737712 0.675116 -1.46588e-18
    outer loop
      vertex 142.362 33.4995 4.5
      vertex 141.95 33.9497 0
      vertex 141.95 33.9497 4.5
    endloop
  endfacet
  facet normal 0.737712 0.675116 -1.46588e-18
    outer loop
      vertex 141.95 33.9497 0
      vertex 142.362 33.4995 4.5
      vertex 142.362 33.4995 0
    endloop
  endfacet
  facet normal 0.737712 0.675116 -1.46588e-18
    outer loop
      vertex 142.362 33.4995 150
      vertex 141.95 33.9497 145.5
      vertex 141.95 33.9497 150
    endloop
  endfacet
  facet normal 0.737712 0.675116 -1.46588e-18
    outer loop
      vertex 141.95 33.9497 145.5
      vertex 142.362 33.4995 150
      vertex 142.362 33.4995 145.5
    endloop
  endfacet
  facet normal 0.923703 -0.383109 -2.07275e-18
    outer loop
      vertex 143.344 4.04167 5
      vertex 143.578 4.60586 0
      vertex 143.578 4.60586 5
    endloop
  endfacet
  facet normal 0.923703 -0.383109 -2.07275e-18
    outer loop
      vertex 143.578 4.60586 0
      vertex 143.344 4.04167 5
      vertex 143.344 4.04167 0
    endloop
  endfacet
  facet normal 0.923703 -0.383109 -1.15153e-18
    outer loop
      vertex 143.344 4.04167 150
      vertex 143.578 4.60586 141
      vertex 143.578 4.60586 150
    endloop
  endfacet
  facet normal 0.923703 -0.383109 -1.15153e-18
    outer loop
      vertex 143.578 4.60586 141
      vertex 143.344 4.04167 150
      vertex 143.344 4.04167 141
    endloop
  endfacet
  facet normal -0.999048 0.0436187 1.50606e-19
    outer loop
      vertex 0 29 0
      vertex 0.0266371 29.6101 5
      vertex 0.0266371 29.6101 0
    endloop
  endfacet
  facet normal -0.999048 0.0436187 1.50606e-19
    outer loop
      vertex 0.0266371 29.6101 5
      vertex 0 29 0
      vertex 0 29 5
    endloop
  endfacet
  facet normal -0.999048 0.0436187 8.36702e-20
    outer loop
      vertex 0 29 141
      vertex 0.0266371 29.6101 150
      vertex 0.0266371 29.6101 141
    endloop
  endfacet
  facet normal -0.999048 0.0436187 8.36702e-20
    outer loop
      vertex 0.0266371 29.6101 150
      vertex 0 29 141
      vertex 0 29 150
    endloop
  endfacet
  facet normal 0.737742 -0.675083 5.42235e-21
    outer loop
      vertex 141.95 2.05025 150
      vertex 142.362 2.50049 0
      vertex 142.362 2.50049 150
    endloop
  endfacet
  facet normal 0.737742 -0.675083 5.42235e-21
    outer loop
      vertex 142.362 2.50049 0
      vertex 141.95 2.05025 150
      vertex 141.95 2.05025 0
    endloop
  endfacet
  facet normal 0.991593 0.129395 -2.16452e-19
    outer loop
      vertex 143.973 29.6101 150
      vertex 143.894 30.2155 141
      vertex 143.894 30.2155 150
    endloop
  endfacet
  facet normal 0.991593 0.129395 -2.16452e-19
    outer loop
      vertex 143.894 30.2155 141
      vertex 143.973 29.6101 150
      vertex 143.973 29.6101 141
    endloop
  endfacet
  facet normal 0.991593 0.129395 -3.89614e-19
    outer loop
      vertex 143.973 29.6101 5
      vertex 143.894 30.2155 0
      vertex 143.894 30.2155 5
    endloop
  endfacet
  facet normal 0.991593 0.129395 -3.89614e-19
    outer loop
      vertex 143.894 30.2155 0
      vertex 143.973 29.6101 5
      vertex 143.973 29.6101 0
    endloop
  endfacet
  facet normal 0.999022 -0.0442125 -1.34947e-19
    outer loop
      vertex 143.973 6.38991 150
      vertex 144 7 141
      vertex 144 7 150
    endloop
  endfacet
  facet normal 0.999022 -0.0442125 -1.34947e-19
    outer loop
      vertex 144 7 141
      vertex 143.973 6.38991 150
      vertex 143.973 6.38991 141
    endloop
  endfacet
  facet normal 0.999022 -0.0442125 -2.42904e-19
    outer loop
      vertex 143.973 6.38991 5
      vertex 144 7 0
      vertex 144 7 5
    endloop
  endfacet
  facet normal 0.999022 -0.0442125 -2.42904e-19
    outer loop
      vertex 144 7 0
      vertex 143.973 6.38991 5
      vertex 143.973 6.38991 0
    endloop
  endfacet
  facet normal 0.300898 -0.953656 0
    outer loop
      vertex 138.812 0.238519 144.25
      vertex 139.394 0.422152 150
      vertex 138.812 0.238519 150
    endloop
  endfacet
  facet normal 0.300898 -0.953656 0
    outer loop
      vertex 139.394 0.422152 150
      vertex 138.812 0.238519 144.25
      vertex 139.394 0.422152 144.25
    endloop
  endfacet
  facet normal 0.300898 -0.953656 0
    outer loop
      vertex 138.812 0.238519 0
      vertex 139.394 0.422152 5.75
      vertex 138.812 0.238519 5.75
    endloop
  endfacet
  facet normal 0.300898 -0.953656 0
    outer loop
      vertex 139.394 0.422152 5.75
      vertex 138.812 0.238519 0
      vertex 139.394 0.422152 0
    endloop
  endfacet
  facet normal 0.300898 -0.953656 0
    outer loop
      vertex 138.812 0.238519 19.75
      vertex 139.394 0.422152 130.25
      vertex 138.812 0.238519 130.25
    endloop
  endfacet
  facet normal 0.300898 -0.953656 0
    outer loop
      vertex 139.394 0.422152 130.25
      vertex 138.812 0.238519 19.75
      vertex 139.394 0.422152 19.75
    endloop
  endfacet
  facet normal -0.300805 0.953686 0
    outer loop
      vertex 5.18827 35.7615 0
      vertex 4.60586 35.5778 4.5
      vertex 5.18827 35.7615 4.5
    endloop
  endfacet
  facet normal -0.300805 0.953686 0
    outer loop
      vertex 4.60586 35.5778 4.5
      vertex 5.18827 35.7615 0
      vertex 4.60586 35.5778 0
    endloop
  endfacet
  facet normal -0.300805 0.953686 0
    outer loop
      vertex 5.18827 35.7615 145.5
      vertex 4.60586 35.5778 150
      vertex 5.18827 35.7615 150
    endloop
  endfacet
  facet normal -0.300805 0.953686 0
    outer loop
      vertex 4.60586 35.5778 150
      vertex 5.18827 35.7615 145.5
      vertex 4.60586 35.5778 145.5
    endloop
  endfacet
  facet normal -0.976296 0.216439 -1.64385e-18
    outer loop
      vertex 0.106345 30.2155 0
      vertex 0.238519 30.8117 5
      vertex 0.238519 30.8117 0
    endloop
  endfacet
  facet normal -0.976296 0.216439 -1.64385e-18
    outer loop
      vertex 0.238519 30.8117 5
      vertex 0.106345 30.2155 0
      vertex 0.106345 30.2155 5
    endloop
  endfacet
  facet normal -0.976296 0.216439 -9.13248e-19
    outer loop
      vertex 0.106345 30.2155 141
      vertex 0.238519 30.8117 150
      vertex 0.238519 30.8117 141
    endloop
  endfacet
  facet normal -0.976296 0.216439 -9.13248e-19
    outer loop
      vertex 0.238519 30.8117 150
      vertex 0.106345 30.2155 141
      vertex 0.106345 30.2155 150
    endloop
  endfacet
  facet normal -0.130512 0.991447 0
    outer loop
      vertex 6.38991 35.9734 145.5
      vertex 5.78446 35.8937 150
      vertex 6.38991 35.9734 150
    endloop
  endfacet
  facet normal -0.130512 0.991447 0
    outer loop
      vertex 5.78446 35.8937 150
      vertex 6.38991 35.9734 145.5
      vertex 5.78446 35.8937 145.5
    endloop
  endfacet
  facet normal -0.130512 0.991447 0
    outer loop
      vertex 6.38991 35.9734 0
      vertex 5.78446 35.8937 4.5
      vertex 6.38991 35.9734 4.5
    endloop
  endfacet
  facet normal -0.130512 0.991447 0
    outer loop
      vertex 5.78446 35.8937 4.5
      vertex 6.38991 35.9734 0
      vertex 5.78446 35.8937 0
    endloop
  endfacet
  facet normal 0.886994 -0.46178 -4.16442e-18
    outer loop
      vertex 143.062 3.5 5
      vertex 143.344 4.04167 0
      vertex 143.344 4.04167 5
    endloop
  endfacet
  facet normal 0.886994 -0.46178 -4.16442e-18
    outer loop
      vertex 143.344 4.04167 0
      vertex 143.062 3.5 5
      vertex 143.062 3.5 0
    endloop
  endfacet
  facet normal 0.886994 -0.46178 -2.31357e-18
    outer loop
      vertex 143.062 3.5 150
      vertex 143.344 4.04167 141
      vertex 143.344 4.04167 150
    endloop
  endfacet
  facet normal 0.886994 -0.46178 -2.31357e-18
    outer loop
      vertex 143.344 4.04167 141
      vertex 143.062 3.5 150
      vertex 143.062 3.5 141
    endloop
  endfacet
  facet normal -0.608816 0.793311 0
    outer loop
      vertex 2.98496 34.7341 145.5
      vertex 2.50049 34.3623 150
      vertex 2.98496 34.7341 150
    endloop
  endfacet
  facet normal -0.608816 0.793311 0
    outer loop
      vertex 2.50049 34.3623 150
      vertex 2.98496 34.7341 145.5
      vertex 2.50049 34.3623 145.5
    endloop
  endfacet
  facet normal -0.608816 0.793311 0
    outer loop
      vertex 2.98496 34.7341 0
      vertex 2.50049 34.3623 4.5
      vertex 2.98496 34.7341 4.5
    endloop
  endfacet
  facet normal -0.608816 0.793311 0
    outer loop
      vertex 2.50049 34.3623 4.5
      vertex 2.98496 34.7341 0
      vertex 2.50049 34.3623 0
    endloop
  endfacet
  facet normal -0.737255 0.675615 2.75724e-18
    outer loop
      vertex 1.63769 33.4995 0
      vertex 2.05025 33.9497 4.5
      vertex 2.05025 33.9497 0
    endloop
  endfacet
  facet normal -0.737255 0.675615 2.75724e-18
    outer loop
      vertex 2.05025 33.9497 4.5
      vertex 1.63769 33.4995 0
      vertex 1.63769 33.4995 4.5
    endloop
  endfacet
  facet normal -0.737255 0.675615 2.75724e-18
    outer loop
      vertex 1.63769 33.4995 145.5
      vertex 2.05025 33.9497 150
      vertex 2.05025 33.9497 145.5
    endloop
  endfacet
  facet normal -0.737255 0.675615 2.75724e-18
    outer loop
      vertex 2.05025 33.9497 150
      vertex 1.63769 33.4995 145.5
      vertex 1.63769 33.4995 150
    endloop
  endfacet
  facet normal 0.460982 -0.887409 0
    outer loop
      vertex 139.958 0.655845 5.75
      vertex 139.958 0.655845 0
      vertex 140.352 0.860516 5.75
    endloop
  endfacet
  facet normal 0.460982 -0.887409 0
    outer loop
      vertex 139.958 0.655845 130.25
      vertex 139.958 0.655845 19.75
      vertex 140.352 0.860516 130.25
    endloop
  endfacet
  facet normal 0.460982 -0.887409 -2.08791e-18
    outer loop
      vertex 140.352 0.860516 144.25
      vertex 139.958 0.655845 150
      vertex 139.958 0.655845 144.25
    endloop
  endfacet
  facet normal 0.461528 -0.887126 4.7498e-05
    outer loop
      vertex 139.958 0.655845 150
      vertex 140.352 0.860516 144.25
      vertex 140.5 0.937821 150
    endloop
  endfacet
  facet normal 0.462978 -0.88637 0
    outer loop
      vertex 140.352 0.860516 130.25
      vertex 140.5 0.937821 150
      vertex 140.352 0.860516 144.25
    endloop
  endfacet
  facet normal 0.460982 -0.887409 0
    outer loop
      vertex 140.352 0.860516 19.75
      vertex 140.352 0.860516 130.25
      vertex 139.958 0.655845 19.75
    endloop
  endfacet
  facet normal 0.462978 -0.88637 0
    outer loop
      vertex 140.352 0.860516 130.25
      vertex 140.352 0.860516 19.75
      vertex 140.5 0.937821 150
    endloop
  endfacet
  facet normal 0.462978 -0.88637 1.21067e-19
    outer loop
      vertex 140.5 0.937821 0
      vertex 140.352 0.860516 19.75
      vertex 140.352 0.860516 5.75
    endloop
  endfacet
  facet normal 0.462978 -0.88637 1.12996e-20
    outer loop
      vertex 140.352 0.860516 19.75
      vertex 140.5 0.937821 0
      vertex 140.5 0.937821 150
    endloop
  endfacet
  facet normal 0.461528 -0.887126 -4.7498e-05
    outer loop
      vertex 140.5 0.937821 0
      vertex 140.352 0.860516 5.75
      vertex 139.958 0.655845 0
    endloop
  endfacet
  facet normal -0.46178 0.886994 0
    outer loop
      vertex 4.04167 35.3442 145.5
      vertex 3.5 35.0622 150
      vertex 4.04167 35.3442 150
    endloop
  endfacet
  facet normal -0.46178 0.886994 0
    outer loop
      vertex 3.5 35.0622 150
      vertex 4.04167 35.3442 145.5
      vertex 3.5 35.0622 145.5
    endloop
  endfacet
  facet normal -0.46178 0.886994 0
    outer loop
      vertex 4.04167 35.3442 0
      vertex 3.5 35.0622 4.5
      vertex 4.04167 35.3442 4.5
    endloop
  endfacet
  facet normal -0.46178 0.886994 0
    outer loop
      vertex 3.5 35.0622 4.5
      vertex 4.04167 35.3442 0
      vertex 3.5 35.0622 0
    endloop
  endfacet
  facet normal -0.953717 -0.300706 6.00192e-20
    outer loop
      vertex 0.422152 4.60586 0
      vertex 0.238519 5.18827 5
      vertex 0.238519 5.18827 0
    endloop
  endfacet
  facet normal -0.953717 -0.300706 6.00192e-20
    outer loop
      vertex 0.238519 5.18827 5
      vertex 0.422152 4.60586 0
      vertex 0.422152 4.60586 5
    endloop
  endfacet
  facet normal -0.953717 -0.300706 3.3344e-20
    outer loop
      vertex 0.422152 4.60586 141
      vertex 0.238519 5.18827 150
      vertex 0.238519 5.18827 141
    endloop
  endfacet
  facet normal -0.953717 -0.300706 3.3344e-20
    outer loop
      vertex 0.238519 5.18827 150
      vertex 0.422152 4.60586 141
      vertex 0.422152 4.60586 150
    endloop
  endfacet
  facet normal 0.976009 -0.217731 1.79251e-19
    outer loop
      vertex 143.761 5.18827 150
      vertex 143.894 5.78446 141
      vertex 143.894 5.78446 150
    endloop
  endfacet
  facet normal 0.976009 -0.217731 1.79251e-19
    outer loop
      vertex 143.894 5.78446 141
      vertex 143.761 5.18827 150
      vertex 143.761 5.18827 141
    endloop
  endfacet
  facet normal 0.976009 -0.217731 3.22652e-19
    outer loop
      vertex 143.761 5.18827 5
      vertex 143.894 5.78446 0
      vertex 143.894 5.78446 5
    endloop
  endfacet
  facet normal 0.976009 -0.217731 3.22652e-19
    outer loop
      vertex 143.894 5.78446 0
      vertex 143.761 5.18827 5
      vertex 143.761 5.18827 0
    endloop
  endfacet
  facet normal -0.38255 0.923935 0
    outer loop
      vertex 4.60586 35.5778 0
      vertex 4.04167 35.3442 4.5
      vertex 4.60586 35.5778 4.5
    endloop
  endfacet
  facet normal -0.38255 0.923935 0
    outer loop
      vertex 4.04167 35.3442 4.5
      vertex 4.60586 35.5778 0
      vertex 4.04167 35.3442 0
    endloop
  endfacet
  facet normal -0.38255 0.923935 0
    outer loop
      vertex 4.60586 35.5778 145.5
      vertex 4.04167 35.3442 150
      vertex 4.60586 35.5778 150
    endloop
  endfacet
  facet normal -0.38255 0.923935 0
    outer loop
      vertex 4.04167 35.3442 150
      vertex 4.60586 35.5778 145.5
      vertex 4.04167 35.3442 145.5
    endloop
  endfacet
  facet normal -0.887021 0.461729 4.47757e-18
    outer loop
      vertex 0.655845 31.9583 0
      vertex 0.937821 32.5 5
      vertex 0.937821 32.5 0
    endloop
  endfacet
  facet normal -0.887021 0.461729 4.47757e-18
    outer loop
      vertex 0.937821 32.5 5
      vertex 0.655845 31.9583 0
      vertex 0.655845 31.9583 5
    endloop
  endfacet
  facet normal -0.887021 0.461729 2.48754e-18
    outer loop
      vertex 0.655845 31.9583 141
      vertex 0.937821 32.5 150
      vertex 0.937821 32.5 141
    endloop
  endfacet
  facet normal -0.887021 0.461729 2.48754e-18
    outer loop
      vertex 0.937821 32.5 150
      vertex 0.655845 31.9583 141
      vertex 0.655845 31.9583 150
    endloop
  endfacet
  facet normal 0.53732 -0.843378 0
    outer loop
      vertex 140.5 0.937821 0
      vertex 141.015 1.26593 150
      vertex 140.5 0.937821 150
    endloop
  endfacet
  facet normal 0.53732 -0.843378 0
    outer loop
      vertex 141.015 1.26593 150
      vertex 140.5 0.937821 0
      vertex 141.015 1.26593 0
    endloop
  endfacet
  facet normal -0.953716 0.30071 -1.04664e-18
    outer loop
      vertex 0.238519 30.8117 141
      vertex 0.422152 31.3941 150
      vertex 0.422152 31.3941 141
    endloop
  endfacet
  facet normal -0.953716 0.30071 -1.04664e-18
    outer loop
      vertex 0.422152 31.3941 150
      vertex 0.238519 30.8117 141
      vertex 0.238519 30.8117 150
    endloop
  endfacet
  facet normal -0.953716 0.30071 -1.88396e-18
    outer loop
      vertex 0.238519 30.8117 0
      vertex 0.422152 31.3941 5
      vertex 0.422152 31.3941 0
    endloop
  endfacet
  facet normal -0.953716 0.30071 -1.88396e-18
    outer loop
      vertex 0.422152 31.3941 5
      vertex 0.238519 30.8117 0
      vertex 0.238519 30.8117 5
    endloop
  endfacet
  facet normal 0.793153 -0.609022 -1.06557e-19
    outer loop
      vertex 142.362 2.50049 150
      vertex 142.734 2.98496 0
      vertex 142.734 2.98496 150
    endloop
  endfacet
  facet normal 0.793153 -0.609022 -1.06557e-19
    outer loop
      vertex 142.734 2.98496 0
      vertex 142.362 2.50049 150
      vertex 142.362 2.50049 0
    endloop
  endfacet
  facet normal -0.608775 -0.793343 0
    outer loop
      vertex 2.50049 1.63769 0
      vertex 2.98496 1.26593 150
      vertex 2.50049 1.63769 150
    endloop
  endfacet
  facet normal -0.608775 -0.793343 -0
    outer loop
      vertex 2.98496 1.26593 150
      vertex 2.50049 1.63769 0
      vertex 2.98496 1.26593 0
    endloop
  endfacet
  facet normal -0.675589 -0.737279 -0
    outer loop
      vertex 2.05025 2.05025 5
      vertex 2.05025 2.05025 0
      vertex 2.2 1.91303 5
    endloop
  endfacet
  facet normal -0.675589 -0.737279 -9.2465e-19
    outer loop
      vertex 2.2 1.91303 141
      vertex 2.05025 2.05025 150
      vertex 2.05025 2.05025 141
    endloop
  endfacet
  facet normal -0.675582 -0.737285 1.95194e-07
    outer loop
      vertex 2.05025 2.05025 150
      vertex 2.2 1.91303 141
      vertex 2.50049 1.63769 150
    endloop
  endfacet
  facet normal -0.675579 -0.737288 1.01642e-19
    outer loop
      vertex 2.50049 1.63769 0
      vertex 2.2 1.91303 141
      vertex 2.2 1.91303 5
    endloop
  endfacet
  facet normal -0.675579 -0.737288 9.21555e-20
    outer loop
      vertex 2.2 1.91303 141
      vertex 2.50049 1.63769 0
      vertex 2.50049 1.63769 150
    endloop
  endfacet
  facet normal -0.675582 -0.737285 -3.5135e-07
    outer loop
      vertex 2.50049 1.63769 0
      vertex 2.2 1.91303 5
      vertex 2.05025 2.05025 0
    endloop
  endfacet
  facet normal 0 0 1
    outer loop
      vertex 137 36 150
      vertex 144 29 150
      vertex 143.973 29.6101 150
    endloop
  endfacet
  facet normal 0 0 1
    outer loop
      vertex 144 29 150
      vertex 137 36 150
      vertex 144 7 150
    endloop
  endfacet
  facet normal 0 0 1
    outer loop
      vertex 137 36 150
      vertex 143.973 29.6101 150
      vertex 143.894 30.2155 150
    endloop
  endfacet
  facet normal 0 0 1
    outer loop
      vertex 137 0 150
      vertex 144 7 150
      vertex 137 36 150
    endloop
  endfacet
  facet normal 0 0 1
    outer loop
      vertex 137 36 150
      vertex 143.894 30.2155 150
      vertex 143.761 30.8117 150
    endloop
  endfacet
  facet normal 0 0 1
    outer loop
      vertex 144 7 150
      vertex 137 0 150
      vertex 143.973 6.38991 150
    endloop
  endfacet
  facet normal 0 0 1
    outer loop
      vertex 137 36 150
      vertex 143.761 30.8117 150
      vertex 143.578 31.3941 150
    endloop
  endfacet
  facet normal 0 0 1
    outer loop
      vertex 143.973 6.38991 150
      vertex 137 0 150
      vertex 143.894 5.78446 150
    endloop
  endfacet
  facet normal 0 0 1
    outer loop
      vertex 137 36 150
      vertex 143.578 31.3941 150
      vertex 143.344 31.9583 150
    endloop
  endfacet
  facet normal 0 0 1
    outer loop
      vertex 143.894 5.78446 150
      vertex 137 0 150
      vertex 143.761 5.18827 150
    endloop
  endfacet
  facet normal 0 0 1
    outer loop
      vertex 137 36 150
      vertex 143.344 31.9583 150
      vertex 143.062 32.5 150
    endloop
  endfacet
  facet normal 0 0 1
    outer loop
      vertex 143.761 5.18827 150
      vertex 137 0 150
      vertex 143.578 4.60586 150
    endloop
  endfacet
  facet normal 0 0 1
    outer loop
      vertex 137 36 150
      vertex 143.062 32.5 150
      vertex 142.734 33.015 150
    endloop
  endfacet
  facet normal 0 0 1
    outer loop
      vertex 143.578 4.60586 150
      vertex 137 0 150
      vertex 143.344 4.04167 150
    endloop
  endfacet
  facet normal 0 0 1
    outer loop
      vertex 137 36 150
      vertex 142.734 33.015 150
      vertex 142.362 33.4995 150
    endloop
  endfacet
  facet normal 0 0 1
    outer loop
      vertex 143.344 4.04167 150
      vertex 137 0 150
      vertex 143.062 3.5 150
    endloop
  endfacet
  facet normal 0 0 1
    outer loop
      vertex 137 36 150
      vertex 142.362 33.4995 150
      vertex 141.95 33.9497 150
    endloop
  endfacet
  facet normal 0 0 1
    outer loop
      vertex 143.062 3.5 150
      vertex 137 0 150
      vertex 142.734 2.98496 150
    endloop
  endfacet
  facet normal 0 0 1
    outer loop
      vertex 137 36 150
      vertex 141.95 33.9497 150
      vertex 141.5 34.3623 150
    endloop
  endfacet
  facet normal 0 0 1
    outer loop
      vertex 142.734 2.98496 150
      vertex 137 0 150
      vertex 142.362 2.50049 150
    endloop
  endfacet
  facet normal 0 0 1
    outer loop
      vertex 137 36 150
      vertex 141.5 34.3623 150
      vertex 141.015 34.7341 150
    endloop
  endfacet
  facet normal 0 0 1
    outer loop
      vertex 142.362 2.50049 150
      vertex 137 0 150
      vertex 141.95 2.05025 150
    endloop
  endfacet
  facet normal 0 0 1
    outer loop
      vertex 137 36 150
      vertex 141.015 34.7341 150
      vertex 140.5 35.0622 150
    endloop
  endfacet
  facet normal 0 0 1
    outer loop
      vertex 141.95 2.05025 150
      vertex 137 0 150
      vertex 141.5 1.63769 150
    endloop
  endfacet
  facet normal 0 0 1
    outer loop
      vertex 137 36 150
      vertex 140.5 35.0622 150
      vertex 139.958 35.3442 150
    endloop
  endfacet
  facet normal 0 0 1
    outer loop
      vertex 141.5 1.63769 150
      vertex 137 0 150
      vertex 141.015 1.26593 150
    endloop
  endfacet
  facet normal 0 0 1
    outer loop
      vertex 137 36 150
      vertex 139.958 35.3442 150
      vertex 139.394 35.5778 150
    endloop
  endfacet
  facet normal 0 0 1
    outer loop
      vertex 141.015 1.26593 150
      vertex 137 0 150
      vertex 140.5 0.937821 150
    endloop
  endfacet
  facet normal 0 0 1
    outer loop
      vertex 137 36 150
      vertex 139.394 35.5778 150
      vertex 138.812 35.7615 150
    endloop
  endfacet
  facet normal 0 0 1
    outer loop
      vertex 140.5 0.937821 150
      vertex 137 0 150
      vertex 139.958 0.655845 150
    endloop
  endfacet
  facet normal 0 0 1
    outer loop
      vertex 137 36 150
      vertex 138.812 35.7615 150
      vertex 138.216 35.8937 150
    endloop
  endfacet
  facet normal 0 0 1
    outer loop
      vertex 139.958 0.655845 150
      vertex 137 0 150
      vertex 139.394 0.422152 150
    endloop
  endfacet
  facet normal 0 0 1
    outer loop
      vertex 137 36 150
      vertex 138.216 35.8937 150
      vertex 137.61 35.9734 150
    endloop
  endfacet
  facet normal 0 0 1
    outer loop
      vertex 139.394 0.422152 150
      vertex 137 0 150
      vertex 138.812 0.238519 150
    endloop
  endfacet
  facet normal 0 0 1
    outer loop
      vertex 138.812 0.238519 150
      vertex 137 0 150
      vertex 138.216 0.106345 150
    endloop
  endfacet
  facet normal 0 0 1
    outer loop
      vertex 138.216 0.106345 150
      vertex 137 0 150
      vertex 137.61 0.0266371 150
    endloop
  endfacet
  facet normal -0 0 1
    outer loop
      vertex 7 36 150
      vertex 137 0 150
      vertex 137 36 150
    endloop
  endfacet
  facet normal 0 0 1
    outer loop
      vertex 7 36 150
      vertex 7 0 150
      vertex 137 0 150
    endloop
  endfacet
  facet normal 0 0 1
    outer loop
      vertex 0 29 150
      vertex 7 36 150
      vertex 6.38991 35.9734 150
    endloop
  endfacet
  facet normal 0 0 1
    outer loop
      vertex 7 36 150
      vertex 0 29 150
      vertex 7 0 150
    endloop
  endfacet
  facet normal 0 0 1
    outer loop
      vertex 0 29 150
      vertex 6.38991 35.9734 150
      vertex 5.78446 35.8937 150
    endloop
  endfacet
  facet normal -0 0 1
    outer loop
      vertex 0 7 150
      vertex 7 0 150
      vertex 0 29 150
    endloop
  endfacet
  facet normal 0 0 1
    outer loop
      vertex 0 29 150
      vertex 5.78446 35.8937 150
      vertex 5.18827 35.7615 150
    endloop
  endfacet
  facet normal 0 0 1
    outer loop
      vertex 7 0 150
      vertex 0 7 150
      vertex 6.38991 0.0266371 150
    endloop
  endfacet
  facet normal 0 0 1
    outer loop
      vertex 0 29 150
      vertex 5.18827 35.7615 150
      vertex 4.60586 35.5778 150
    endloop
  endfacet
  facet normal 0 0 1
    outer loop
      vertex 6.38991 0.0266371 150
      vertex 0 7 150
      vertex 5.78446 0.106345 150
    endloop
  endfacet
  facet normal 0 0 1
    outer loop
      vertex 0 29 150
      vertex 4.60586 35.5778 150
      vertex 4.04167 35.3442 150
    endloop
  endfacet
  facet normal 0 0 1
    outer loop
      vertex 5.78446 0.106345 150
      vertex 0 7 150
      vertex 5.18827 0.238519 150
    endloop
  endfacet
  facet normal 0 0 1
    outer loop
      vertex 0 29 150
      vertex 4.04167 35.3442 150
      vertex 3.5 35.0622 150
    endloop
  endfacet
  facet normal 0 0 1
    outer loop
      vertex 5.18827 0.238519 150
      vertex 0 7 150
      vertex 4.60586 0.422152 150
    endloop
  endfacet
  facet normal 0 0 1
    outer loop
      vertex 0 29 150
      vertex 3.5 35.0622 150
      vertex 2.98496 34.7341 150
    endloop
  endfacet
  facet normal 0 0 1
    outer loop
      vertex 4.60586 0.422152 150
      vertex 0 7 150
      vertex 4.04167 0.655845 150
    endloop
  endfacet
  facet normal 0 0 1
    outer loop
      vertex 0 29 150
      vertex 2.98496 34.7341 150
      vertex 2.50049 34.3623 150
    endloop
  endfacet
  facet normal 0 0 1
    outer loop
      vertex 4.04167 0.655845 150
      vertex 0 7 150
      vertex 3.5 0.937821 150
    endloop
  endfacet
  facet normal 0 0 1
    outer loop
      vertex 0 29 150
      vertex 2.50049 34.3623 150
      vertex 2.05025 33.9497 150
    endloop
  endfacet
  facet normal 0 0 1
    outer loop
      vertex 3.5 0.937821 150
      vertex 0 7 150
      vertex 2.98496 1.26593 150
    endloop
  endfacet
  facet normal 0 0 1
    outer loop
      vertex 0 29 150
      vertex 2.05025 33.9497 150
      vertex 1.63769 33.4995 150
    endloop
  endfacet
  facet normal 0 0 1
    outer loop
      vertex 2.98496 1.26593 150
      vertex 0 7 150
      vertex 2.50049 1.63769 150
    endloop
  endfacet
  facet normal 0 0 1
    outer loop
      vertex 0 29 150
      vertex 1.63769 33.4995 150
      vertex 1.26593 33.015 150
    endloop
  endfacet
  facet normal 0 0 1
    outer loop
      vertex 2.50049 1.63769 150
      vertex 0 7 150
      vertex 2.05025 2.05025 150
    endloop
  endfacet
  facet normal 0 0 1
    outer loop
      vertex 0 29 150
      vertex 1.26593 33.015 150
      vertex 0.937821 32.5 150
    endloop
  endfacet
  facet normal 0 0 1
    outer loop
      vertex 2.05025 2.05025 150
      vertex 0 7 150
      vertex 1.63769 2.50049 150
    endloop
  endfacet
  facet normal 0 0 1
    outer loop
      vertex 0 29 150
      vertex 0.937821 32.5 150
      vertex 0.655845 31.9583 150
    endloop
  endfacet
  facet normal 0 0 1
    outer loop
      vertex 1.63769 2.50049 150
      vertex 0 7 150
      vertex 1.26593 2.98496 150
    endloop
  endfacet
  facet normal 0 0 1
    outer loop
      vertex 0 29 150
      vertex 0.655845 31.9583 150
      vertex 0.422152 31.3941 150
    endloop
  endfacet
  facet normal 0 0 1
    outer loop
      vertex 1.26593 2.98496 150
      vertex 0 7 150
      vertex 0.937821 3.5 150
    endloop
  endfacet
  facet normal 0 0 1
    outer loop
      vertex 0 29 150
      vertex 0.422152 31.3941 150
      vertex 0.238519 30.8117 150
    endloop
  endfacet
  facet normal 0 0 1
    outer loop
      vertex 0.937821 3.5 150
      vertex 0 7 150
      vertex 0.655845 4.04167 150
    endloop
  endfacet
  facet normal 0 0 1
    outer loop
      vertex 0 29 150
      vertex 0.238519 30.8117 150
      vertex 0.106345 30.2155 150
    endloop
  endfacet
  facet normal 0 0 1
    outer loop
      vertex 0.655845 4.04167 150
      vertex 0 7 150
      vertex 0.422152 4.60586 150
    endloop
  endfacet
  facet normal 0 0 1
    outer loop
      vertex 0 29 150
      vertex 0.106345 30.2155 150
      vertex 0.0266371 29.6101 150
    endloop
  endfacet
  facet normal 0 0 1
    outer loop
      vertex 0.422152 4.60586 150
      vertex 0 7 150
      vertex 0.238519 5.18827 150
    endloop
  endfacet
  facet normal 0 0 1
    outer loop
      vertex 0.238519 5.18827 150
      vertex 0 7 150
      vertex 0.106345 5.78446 150
    endloop
  endfacet
  facet normal 0 0 1
    outer loop
      vertex 0.106345 5.78446 150
      vertex 0 7 150
      vertex 0.0266371 6.38991 150
    endloop
  endfacet
  facet normal -0.537291 -0.843397 0
    outer loop
      vertex 2.98496 1.26593 0
      vertex 3.5 0.937821 150
      vertex 2.98496 1.26593 150
    endloop
  endfacet
  facet normal -0.537291 -0.843397 -0
    outer loop
      vertex 3.5 0.937821 150
      vertex 2.98496 1.26593 0
      vertex 3.5 0.937821 0
    endloop
  endfacet
  facet normal -0.130524 -0.991445 0
    outer loop
      vertex 5.78446 0.106345 144.25
      vertex 6.38991 0.0266371 150
      vertex 5.78446 0.106345 150
    endloop
  endfacet
  facet normal -0.130524 -0.991445 -0
    outer loop
      vertex 6.38991 0.0266371 150
      vertex 5.78446 0.106345 144.25
      vertex 6.38991 0.0266371 144.25
    endloop
  endfacet
  facet normal -0.130524 -0.991445 0
    outer loop
      vertex 5.78446 0.106345 0
      vertex 6.38991 0.0266371 5.75
      vertex 5.78446 0.106345 5.75
    endloop
  endfacet
  facet normal -0.130524 -0.991445 -0
    outer loop
      vertex 6.38991 0.0266371 5.75
      vertex 5.78446 0.106345 0
      vertex 6.38991 0.0266371 0
    endloop
  endfacet
  facet normal -0.130524 -0.991445 0
    outer loop
      vertex 5.78446 0.106345 19.75
      vertex 6.38991 0.0266371 130.25
      vertex 5.78446 0.106345 130.25
    endloop
  endfacet
  facet normal -0.130524 -0.991445 -0
    outer loop
      vertex 6.38991 0.0266371 130.25
      vertex 5.78446 0.106345 19.75
      vertex 6.38991 0.0266371 19.75
    endloop
  endfacet
  facet normal 0.608356 -0.793664 0
    outer loop
      vertex 141.015 1.26593 0
      vertex 141.5 1.63769 150
      vertex 141.015 1.26593 150
    endloop
  endfacet
  facet normal 0.608356 -0.793664 0
    outer loop
      vertex 141.5 1.63769 150
      vertex 141.015 1.26593 0
      vertex 141.5 1.63769 0
    endloop
  endfacet
  facet normal -0.793303 0.608827 0
    outer loop
      vertex 1.63769 33.4995 0
      vertex 1.51482 33.3394 4.5
      vertex 1.63769 33.4995 4.5
    endloop
  endfacet
  facet normal -0.793361 0.608751 -4.27165e-06
    outer loop
      vertex 1.26593 33.015 0
      vertex 1.51482 33.3394 4.5
      vertex 1.63769 33.4995 0
    endloop
  endfacet
  facet normal -0.79339 0.608714 0
    outer loop
      vertex 1.26593 33.015 5
      vertex 1.51482 33.3394 4.5
      vertex 1.26593 33.015 0
    endloop
  endfacet
  facet normal -0.79339 0.608714 0
    outer loop
      vertex 1.51482 33.3394 4.5
      vertex 1.26593 33.015 5
      vertex 1.51482 33.3394 5
    endloop
  endfacet
  facet normal -0.79339 0.608714 0
    outer loop
      vertex 1.51482 33.3394 141
      vertex 1.26593 33.015 141
      vertex 1.51482 33.3394 145.5
    endloop
  endfacet
  facet normal -0.793303 0.608827 -6.7861e-20
    outer loop
      vertex 1.51482 33.3394 145.5
      vertex 1.63769 33.4995 150
      vertex 1.63769 33.4995 145.5
    endloop
  endfacet
  facet normal -0.79339 0.608714 0
    outer loop
      vertex 1.26593 33.015 150
      vertex 1.51482 33.3394 145.5
      vertex 1.26593 33.015 141
    endloop
  endfacet
  facet normal -0.793361 0.608751 4.27165e-06
    outer loop
      vertex 1.51482 33.3394 145.5
      vertex 1.26593 33.015 150
      vertex 1.63769 33.4995 150
    endloop
  endfacet
  facet normal -0.38268 -0.923881 0
    outer loop
      vertex 4.04167 0.655845 0
      vertex 4.60586 0.422152 5.75
      vertex 4.04167 0.655845 5.75
    endloop
  endfacet
  facet normal -0.38268 -0.923881 -0
    outer loop
      vertex 4.60586 0.422152 5.75
      vertex 4.04167 0.655845 0
      vertex 4.60586 0.422152 0
    endloop
  endfacet
  facet normal -0.38268 -0.923881 0
    outer loop
      vertex 4.04167 0.655845 144.25
      vertex 4.60586 0.422152 150
      vertex 4.04167 0.655845 150
    endloop
  endfacet
  facet normal -0.38268 -0.923881 -0
    outer loop
      vertex 4.60586 0.422152 150
      vertex 4.04167 0.655845 144.25
      vertex 4.60586 0.422152 144.25
    endloop
  endfacet
  facet normal -0.38268 -0.923881 0
    outer loop
      vertex 4.04167 0.655845 19.75
      vertex 4.60586 0.422152 130.25
      vertex 4.04167 0.655845 130.25
    endloop
  endfacet
  facet normal -0.38268 -0.923881 -0
    outer loop
      vertex 4.60586 0.422152 130.25
      vertex 4.04167 0.655845 19.75
      vertex 4.60586 0.422152 19.75
    endloop
  endfacet
  facet normal -0.300706 -0.953717 0
    outer loop
      vertex 4.60586 0.422152 144.25
      vertex 5.18827 0.238519 150
      vertex 4.60586 0.422152 150
    endloop
  endfacet
  facet normal -0.300706 -0.953717 -0
    outer loop
      vertex 5.18827 0.238519 150
      vertex 4.60586 0.422152 144.25
      vertex 5.18827 0.238519 144.25
    endloop
  endfacet
  facet normal -0.300706 -0.953717 0
    outer loop
      vertex 4.60586 0.422152 0
      vertex 5.18827 0.238519 5.75
      vertex 4.60586 0.422152 5.75
    endloop
  endfacet
  facet normal -0.300706 -0.953717 -0
    outer loop
      vertex 5.18827 0.238519 5.75
      vertex 4.60586 0.422152 0
      vertex 5.18827 0.238519 0
    endloop
  endfacet
  facet normal -0.300706 -0.953717 0
    outer loop
      vertex 4.60586 0.422152 19.75
      vertex 5.18827 0.238519 130.25
      vertex 4.60586 0.422152 130.25
    endloop
  endfacet
  facet normal -0.300706 -0.953717 -0
    outer loop
      vertex 5.18827 0.238519 130.25
      vertex 4.60586 0.422152 19.75
      vertex 5.18827 0.238519 19.75
    endloop
  endfacet
  facet normal -0.53728 0.843404 0
    outer loop
      vertex 3.5 35.0622 0
      vertex 2.98496 34.7341 4.5
      vertex 3.5 35.0622 4.5
    endloop
  endfacet
  facet normal -0.53728 0.843404 0
    outer loop
      vertex 2.98496 34.7341 4.5
      vertex 3.5 35.0622 0
      vertex 2.98496 34.7341 0
    endloop
  endfacet
  facet normal -0.53728 0.843404 0
    outer loop
      vertex 3.5 35.0622 145.5
      vertex 2.98496 34.7341 150
      vertex 3.5 35.0622 150
    endloop
  endfacet
  facet normal -0.53728 0.843404 0
    outer loop
      vertex 2.98496 34.7341 150
      vertex 3.5 35.0622 145.5
      vertex 2.98496 34.7341 145.5
    endloop
  endfacet
  facet normal 1 -0 0
    outer loop
      vertex 2.2 35.5473 141
      vertex 2.2 36 5
      vertex 2.2 36 141
    endloop
  endfacet
  facet normal 1 0 0
    outer loop
      vertex 2.2 36 5
      vertex 2.2 35.5473 141
      vertex 2.2 35.5473 5
    endloop
  endfacet
  facet normal 1 -0 0
    outer loop
      vertex 2.2 0 141
      vertex 2.2 1.91303 5
      vertex 2.2 1.91303 141
    endloop
  endfacet
  facet normal 1 0 0
    outer loop
      vertex 2.2 1.91303 5
      vertex 2.2 0 141
      vertex 2.2 0 5
    endloop
  endfacet
  facet normal 0 0 1
    outer loop
      vertex 2.2 36 141
      vertex 2.16987 35.5 141
      vertex 2.2 35.5473 141
    endloop
  endfacet
  facet normal 0 0 1
    outer loop
      vertex 2.2 36 141
      vertex 1.96846 35.1131 141
      vertex 2.16987 35.5 141
    endloop
  endfacet
  facet normal -0 0 1
    outer loop
      vertex -3 36 141
      vertex 1.96846 35.1131 141
      vertex 2.2 36 141
    endloop
  endfacet
  facet normal 0 0 1
    outer loop
      vertex 1.96846 35.1131 141
      vertex -3 36 141
      vertex 1.80154 34.7101 141
    endloop
  endfacet
  facet normal 0 0 1
    outer loop
      vertex 1.51903 33.4358 141
      vertex 1.26593 33.015 141
      vertex 1.51482 33.3394 141
    endloop
  endfacet
  facet normal 0 0 1
    outer loop
      vertex 1.57596 33.8682 141
      vertex 1.26593 33.015 141
      vertex 1.51903 33.4358 141
    endloop
  endfacet
  facet normal 0 0 1
    outer loop
      vertex -3 36 141
      vertex 1.57596 33.8682 141
      vertex 1.67037 34.2941 141
    endloop
  endfacet
  facet normal 0 0 1
    outer loop
      vertex 1.80154 34.7101 141
      vertex -3 36 141
      vertex 1.67037 34.2941 141
    endloop
  endfacet
  facet normal 0 0 1
    outer loop
      vertex 1.57596 33.8682 141
      vertex -3 36 141
      vertex 1.26593 33.015 141
    endloop
  endfacet
  facet normal 0 0 1
    outer loop
      vertex 1.26593 33.015 141
      vertex -3 36 141
      vertex 0.937821 32.5 141
    endloop
  endfacet
  facet normal 0 0 1
    outer loop
      vertex 0.937821 32.5 141
      vertex -3 36 141
      vertex 0.655845 31.9583 141
    endloop
  endfacet
  facet normal 0 0 1
    outer loop
      vertex 0 29 141
      vertex -3 36 141
      vertex 0 7 141
    endloop
  endfacet
  facet normal 0 0 1
    outer loop
      vertex 0.0266371 29.6101 141
      vertex -3 36 141
      vertex 0 29 141
    endloop
  endfacet
  facet normal 0 0 1
    outer loop
      vertex 0.106345 30.2155 141
      vertex -3 36 141
      vertex 0.0266371 29.6101 141
    endloop
  endfacet
  facet normal 0 0 1
    outer loop
      vertex 0.238519 30.8117 141
      vertex -3 36 141
      vertex 0.106345 30.2155 141
    endloop
  endfacet
  facet normal 0 0 1
    outer loop
      vertex 0.422152 31.3941 141
      vertex -3 36 141
      vertex 0.238519 30.8117 141
    endloop
  endfacet
  facet normal 0 0 1
    outer loop
      vertex 0.655845 31.9583 141
      vertex -3 36 141
      vertex 0.422152 31.3941 141
    endloop
  endfacet
  facet normal 0 0 1
    outer loop
      vertex 2.05025 2.05025 141
      vertex 2.2 0 141
      vertex 2.2 1.91303 141
    endloop
  endfacet
  facet normal 0 0 1
    outer loop
      vertex 1.63769 2.50049 141
      vertex 2.2 0 141
      vertex 2.05025 2.05025 141
    endloop
  endfacet
  facet normal 0 0 1
    outer loop
      vertex -3 0 141
      vertex 1.63769 2.50049 141
      vertex 1.26593 2.98496 141
    endloop
  endfacet
  facet normal 0 0 1
    outer loop
      vertex -3 0 141
      vertex 1.26593 2.98496 141
      vertex 0.937821 3.5 141
    endloop
  endfacet
  facet normal 0 0 1
    outer loop
      vertex -3 0 141
      vertex 0.937821 3.5 141
      vertex 0.655845 4.04167 141
    endloop
  endfacet
  facet normal 0 0 1
    outer loop
      vertex -3 0 141
      vertex 0.655845 4.04167 141
      vertex 0.422152 4.60586 141
    endloop
  endfacet
  facet normal 0 0 1
    outer loop
      vertex -3 0 141
      vertex 0 7 141
      vertex -3 36 141
    endloop
  endfacet
  facet normal 0 0 1
    outer loop
      vertex 1.63769 2.50049 141
      vertex -3 0 141
      vertex 2.2 0 141
    endloop
  endfacet
  facet normal 0 0 1
    outer loop
      vertex 0.238519 5.18827 141
      vertex -3 0 141
      vertex 0.422152 4.60586 141
    endloop
  endfacet
  facet normal 0 0 1
    outer loop
      vertex 0.106345 5.78446 141
      vertex -3 0 141
      vertex 0.238519 5.18827 141
    endloop
  endfacet
  facet normal 0 0 1
    outer loop
      vertex 0.0266371 6.38991 141
      vertex -3 0 141
      vertex 0.106345 5.78446 141
    endloop
  endfacet
  facet normal 0 0 1
    outer loop
      vertex 0 7 141
      vertex -3 0 141
      vertex 0.0266371 6.38991 141
    endloop
  endfacet
  facet normal 0 0 -1
    outer loop
      vertex 2.2 0 5
      vertex 2.05025 2.05025 5
      vertex 2.2 1.91303 5
    endloop
  endfacet
  facet normal 0 0 -1
    outer loop
      vertex 2.2 0 5
      vertex 1.63769 2.50049 5
      vertex 2.05025 2.05025 5
    endloop
  endfacet
  facet normal 0 0 -1
    outer loop
      vertex -3 0 5
      vertex 1.63769 2.50049 5
      vertex 2.2 0 5
    endloop
  endfacet
  facet normal -0 0 -1
    outer loop
      vertex 1.63769 2.50049 5
      vertex -3 0 5
      vertex 1.26593 2.98496 5
    endloop
  endfacet
  facet normal -0 0 -1
    outer loop
      vertex 1.26593 2.98496 5
      vertex -3 0 5
      vertex 0.937821 3.5 5
    endloop
  endfacet
  facet normal -0 0 -1
    outer loop
      vertex 0.937821 3.5 5
      vertex -3 0 5
      vertex 0.655845 4.04167 5
    endloop
  endfacet
  facet normal -0 0 -1
    outer loop
      vertex 0 7 5
      vertex -3 0 5
      vertex 0 29 5
    endloop
  endfacet
  facet normal -0 0 -1
    outer loop
      vertex 0.0266371 6.38991 5
      vertex -3 0 5
      vertex 0 7 5
    endloop
  endfacet
  facet normal -0 0 -1
    outer loop
      vertex 0.106345 5.78446 5
      vertex -3 0 5
      vertex 0.0266371 6.38991 5
    endloop
  endfacet
  facet normal -0 0 -1
    outer loop
      vertex 0.238519 5.18827 5
      vertex -3 0 5
      vertex 0.106345 5.78446 5
    endloop
  endfacet
  facet normal -0 0 -1
    outer loop
      vertex 0.422152 4.60586 5
      vertex -3 0 5
      vertex 0.238519 5.18827 5
    endloop
  endfacet
  facet normal -0 0 -1
    outer loop
      vertex 0.655845 4.04167 5
      vertex -3 0 5
      vertex 0.422152 4.60586 5
    endloop
  endfacet
  facet normal 0 0 -1
    outer loop
      vertex 2.16987 35.5 5
      vertex 2.2 36 5
      vertex 2.2 35.5473 5
    endloop
  endfacet
  facet normal 0 0 -1
    outer loop
      vertex 1.96846 35.1131 5
      vertex 2.2 36 5
      vertex 2.16987 35.5 5
    endloop
  endfacet
  facet normal 0 0 -1
    outer loop
      vertex -3 36 5
      vertex 1.96846 35.1131 5
      vertex 1.80154 34.7101 5
    endloop
  endfacet
  facet normal 0 0 -1
    outer loop
      vertex -3 36 5
      vertex 1.80154 34.7101 5
      vertex 1.67037 34.2941 5
    endloop
  endfacet
  facet normal 0 0 -1
    outer loop
      vertex 1.26593 33.015 5
      vertex 1.51903 33.4358 5
      vertex 1.51482 33.3394 5
    endloop
  endfacet
  facet normal 0 0 -1
    outer loop
      vertex 1.26593 33.015 5
      vertex 1.57596 33.8682 5
      vertex 1.51903 33.4358 5
    endloop
  endfacet
  facet normal 0 0 -1
    outer loop
      vertex -3 36 5
      vertex 1.57596 33.8682 5
      vertex 1.26593 33.015 5
    endloop
  endfacet
  facet normal 0 0 -1
    outer loop
      vertex 1.57596 33.8682 5
      vertex -3 36 5
      vertex 1.67037 34.2941 5
    endloop
  endfacet
  facet normal 0 0 -1
    outer loop
      vertex -3 36 5
      vertex 1.26593 33.015 5
      vertex 0.937821 32.5 5
    endloop
  endfacet
  facet normal 0 0 -1
    outer loop
      vertex -3 36 5
      vertex 0.937821 32.5 5
      vertex 0.655845 31.9583 5
    endloop
  endfacet
  facet normal 0 0 -1
    outer loop
      vertex -3 36 5
      vertex 0.655845 31.9583 5
      vertex 0.422152 31.3941 5
    endloop
  endfacet
  facet normal 0 0 -1
    outer loop
      vertex -3 36 5
      vertex 0 29 5
      vertex -3 0 5
    endloop
  endfacet
  facet normal 0 0 -1
    outer loop
      vertex 1.96846 35.1131 5
      vertex -3 36 5
      vertex 2.2 36 5
    endloop
  endfacet
  facet normal 0 0 -1
    outer loop
      vertex 0.238519 30.8117 5
      vertex -3 36 5
      vertex 0.422152 31.3941 5
    endloop
  endfacet
  facet normal 0 0 -1
    outer loop
      vertex 0.106345 30.2155 5
      vertex -3 36 5
      vertex 0.238519 30.8117 5
    endloop
  endfacet
  facet normal 0 0 -1
    outer loop
      vertex 0.0266371 29.6101 5
      vertex -3 36 5
      vertex 0.106345 30.2155 5
    endloop
  endfacet
  facet normal 0 0 -1
    outer loop
      vertex 0 29 5
      vertex -3 36 5
      vertex 0.0266371 29.6101 5
    endloop
  endfacet
  facet normal -1 0 0
    outer loop
      vertex -3 0 5
      vertex -3 36 141
      vertex -3 36 5
    endloop
  endfacet
  facet normal -1 -0 0
    outer loop
      vertex -3 36 141
      vertex -3 0 5
      vertex -3 0 141
    endloop
  endfacet
  facet normal 0 1 -0
    outer loop
      vertex 2.2 36 5
      vertex -3 36 141
      vertex 2.2 36 141
    endloop
  endfacet
  facet normal 0 1 0
    outer loop
      vertex -3 36 141
      vertex 2.2 36 5
      vertex -3 36 5
    endloop
  endfacet
  facet normal 0 -1 0
    outer loop
      vertex -3 0 5
      vertex 2.2 0 141
      vertex -3 0 141
    endloop
  endfacet
  facet normal 0 -1 -0
    outer loop
      vertex 2.2 0 141
      vertex -3 0 5
      vertex 2.2 0 5
    endloop
  endfacet
  facet normal 1 -0 0
    outer loop
      vertex 148.2 0 141
      vertex 148.2 36 5
      vertex 148.2 36 141
    endloop
  endfacet
  facet normal 1 0 0
    outer loop
      vertex 148.2 36 5
      vertex 148.2 0 141
      vertex 148.2 0 5
    endloop
  endfacet
  facet normal 0 0 1
    outer loop
      vertex 148.2 36 141
      vertex 144 29 141
      vertex 148.2 0 141
    endloop
  endfacet
  facet normal 0 0 1
    outer loop
      vertex 148.2 36 141
      vertex 143.973 29.6101 141
      vertex 144 29 141
    endloop
  endfacet
  facet normal 0 0 1
    outer loop
      vertex 148.2 36 141
      vertex 143.894 30.2155 141
      vertex 143.973 29.6101 141
    endloop
  endfacet
  facet normal 0 0 1
    outer loop
      vertex 148.2 36 141
      vertex 143.761 30.8117 141
      vertex 143.894 30.2155 141
    endloop
  endfacet
  facet normal 0 0 1
    outer loop
      vertex 148.2 36 141
      vertex 143.578 31.3941 141
      vertex 143.761 30.8117 141
    endloop
  endfacet
  facet normal 0 0 1
    outer loop
      vertex 148.2 36 141
      vertex 143.344 31.9583 141
      vertex 143.578 31.3941 141
    endloop
  endfacet
  facet normal 0 0 1
    outer loop
      vertex 148.2 36 141
      vertex 143.062 32.5 141
      vertex 143.344 31.9583 141
    endloop
  endfacet
  facet normal 0 0 1
    outer loop
      vertex 143 32.5976 141
      vertex 148.2 36 141
      vertex 143 36 141
    endloop
  endfacet
  facet normal 0 0 1
    outer loop
      vertex 148.2 36 141
      vertex 143 32.5976 141
      vertex 143.062 32.5 141
    endloop
  endfacet
  facet normal -0 0 1
    outer loop
      vertex 144 7 141
      vertex 148.2 0 141
      vertex 144 29 141
    endloop
  endfacet
  facet normal -0 0 1
    outer loop
      vertex 143.973 6.38991 141
      vertex 148.2 0 141
      vertex 144 7 141
    endloop
  endfacet
  facet normal -0 0 1
    outer loop
      vertex 143.894 5.78446 141
      vertex 148.2 0 141
      vertex 143.973 6.38991 141
    endloop
  endfacet
  facet normal -0 0 1
    outer loop
      vertex 143.761 5.18827 141
      vertex 148.2 0 141
      vertex 143.894 5.78446 141
    endloop
  endfacet
  facet normal -0 0 1
    outer loop
      vertex 143.578 4.60586 141
      vertex 148.2 0 141
      vertex 143.761 5.18827 141
    endloop
  endfacet
  facet normal -0 0 1
    outer loop
      vertex 143.344 4.04167 141
      vertex 148.2 0 141
      vertex 143.578 4.60586 141
    endloop
  endfacet
  facet normal -0 0 1
    outer loop
      vertex 143.062 3.5 141
      vertex 148.2 0 141
      vertex 143.344 4.04167 141
    endloop
  endfacet
  facet normal -0 0 1
    outer loop
      vertex 143 3.4024 141
      vertex 148.2 0 141
      vertex 143.062 3.5 141
    endloop
  endfacet
  facet normal 0 0 1
    outer loop
      vertex 148.2 0 141
      vertex 143 3.4024 141
      vertex 143 0 141
    endloop
  endfacet
  facet normal 0 0 -1
    outer loop
      vertex 148.2 0 5
      vertex 144 7 5
      vertex 148.2 36 5
    endloop
  endfacet
  facet normal 0 0 -1
    outer loop
      vertex 148.2 0 5
      vertex 143.973 6.38991 5
      vertex 144 7 5
    endloop
  endfacet
  facet normal 0 0 -1
    outer loop
      vertex 148.2 0 5
      vertex 143.894 5.78446 5
      vertex 143.973 6.38991 5
    endloop
  endfacet
  facet normal 0 0 -1
    outer loop
      vertex 148.2 0 5
      vertex 143.761 5.18827 5
      vertex 143.894 5.78446 5
    endloop
  endfacet
  facet normal 0 0 -1
    outer loop
      vertex 148.2 0 5
      vertex 143.578 4.60586 5
      vertex 143.761 5.18827 5
    endloop
  endfacet
  facet normal 0 0 -1
    outer loop
      vertex 148.2 0 5
      vertex 143.344 4.04167 5
      vertex 143.578 4.60586 5
    endloop
  endfacet
  facet normal 0 0 -1
    outer loop
      vertex 148.2 0 5
      vertex 143.062 3.5 5
      vertex 143.344 4.04167 5
    endloop
  endfacet
  facet normal 0 0 -1
    outer loop
      vertex 143 3.4024 5
      vertex 148.2 0 5
      vertex 143 0 5
    endloop
  endfacet
  facet normal 0 0 -1
    outer loop
      vertex 148.2 0 5
      vertex 143 3.4024 5
      vertex 143.062 3.5 5
    endloop
  endfacet
  facet normal 0 0 -1
    outer loop
      vertex 144 29 5
      vertex 148.2 36 5
      vertex 144 7 5
    endloop
  endfacet
  facet normal 0 0 -1
    outer loop
      vertex 143.973 29.6101 5
      vertex 148.2 36 5
      vertex 144 29 5
    endloop
  endfacet
  facet normal 0 0 -1
    outer loop
      vertex 143.894 30.2155 5
      vertex 148.2 36 5
      vertex 143.973 29.6101 5
    endloop
  endfacet
  facet normal 0 0 -1
    outer loop
      vertex 143.761 30.8117 5
      vertex 148.2 36 5
      vertex 143.894 30.2155 5
    endloop
  endfacet
  facet normal 0 0 -1
    outer loop
      vertex 143.578 31.3941 5
      vertex 148.2 36 5
      vertex 143.761 30.8117 5
    endloop
  endfacet
  facet normal 0 0 -1
    outer loop
      vertex 143.344 31.9583 5
      vertex 148.2 36 5
      vertex 143.578 31.3941 5
    endloop
  endfacet
  facet normal 0 0 -1
    outer loop
      vertex 143.062 32.5 5
      vertex 148.2 36 5
      vertex 143.344 31.9583 5
    endloop
  endfacet
  facet normal 0 0 -1
    outer loop
      vertex 143 32.5976 5
      vertex 148.2 36 5
      vertex 143.062 32.5 5
    endloop
  endfacet
  facet normal -0 0 -1
    outer loop
      vertex 148.2 36 5
      vertex 143 32.5976 5
      vertex 143 36 5
    endloop
  endfacet
  facet normal -1 0 0
    outer loop
      vertex 143 32.5976 5
      vertex 143 36 141
      vertex 143 36 5
    endloop
  endfacet
  facet normal -1 -0 0
    outer loop
      vertex 143 36 141
      vertex 143 32.5976 5
      vertex 143 32.5976 141
    endloop
  endfacet
  facet normal -1 0 0
    outer loop
      vertex 143 0 5
      vertex 143 3.4024 141
      vertex 143 3.4024 5
    endloop
  endfacet
  facet normal -1 -0 0
    outer loop
      vertex 143 3.4024 141
      vertex 143 0 5
      vertex 143 0 141
    endloop
  endfacet
  facet normal 0 1 -0
    outer loop
      vertex 148.2 36 5
      vertex 143 36 141
      vertex 148.2 36 141
    endloop
  endfacet
  facet normal 0 1 0
    outer loop
      vertex 143 36 141
      vertex 148.2 36 5
      vertex 143 36 5
    endloop
  endfacet
  facet normal 0 -1 0
    outer loop
      vertex 143 0 5
      vertex 148.2 0 141
      vertex 143 0 141
    endloop
  endfacet
  facet normal 0 -1 -0
    outer loop
      vertex 148.2 0 141
      vertex 143 0 5
      vertex 148.2 0 5
    endloop
  endfacet
  facet normal 0.953743 0 -0.300623
    outer loop
      vertex 7.3068 0 13.6393
      vertex 7.23859 9.8 13.4229
      vertex 7.3068 9.8 13.6393
    endloop
  endfacet
  facet normal 0.953743 0 -0.300623
    outer loop
      vertex 7.23859 9.8 13.4229
      vertex 7.3068 0 13.6393
      vertex 7.23859 0 13.4229
    endloop
  endfacet
  facet normal -0.999047 0 -0.0436477
    outer loop
      vertex 12.35 0 12.75
      vertex 12.3401 9.8 12.9766
      vertex 12.35 9.8 12.75
    endloop
  endfacet
  facet normal -0.999047 -0 -0.0436477
    outer loop
      vertex 12.3401 9.8 12.9766
      vertex 12.35 0 12.75
      vertex 12.3401 0 12.9766
    endloop
  endfacet
  facet normal 0.216473 1.25248e-19 -0.976289
    outer loop
      vertex 9.07707 0 15.2614
      vertex 9.29851 9.8 15.3105
      vertex 9.29851 0 15.3105
    endloop
  endfacet
  facet normal 0.216473 1.25248e-19 -0.976289
    outer loop
      vertex 9.29851 9.8 15.3105
      vertex 9.07707 0 15.2614
      vertex 9.07707 9.8 15.2614
    endloop
  endfacet
  facet normal 0.923845 -0 0.382767
    outer loop
      vertex 7.3068 0 11.8607
      vertex 7.3936 9.8 11.6512
      vertex 7.3068 9.8 11.8607
    endloop
  endfacet
  facet normal 0.923845 0 0.382767
    outer loop
      vertex 7.3936 9.8 11.6512
      vertex 7.3068 0 11.8607
      vertex 7.3936 0 11.6512
    endloop
  endfacet
  facet normal -0.131331 2.30238e-21 -0.991339
    outer loop
      vertex 9.9766 0 15.3401
      vertex 10 9.8 15.337
      vertex 10 0 15.337
    endloop
  endfacet
  facet normal -0.131331 2.30238e-21 -0.991339
    outer loop
      vertex 10 9.8 15.337
      vertex 9.9766 0 15.3401
      vertex 9.9766 9.8 15.3401
    endloop
  endfacet
  facet normal 0.608816 6.31162e-20 -0.793312
    outer loop
      vertex 8.07875 0 14.7417
      vertex 8.2587 9.8 14.8798
      vertex 8.2587 0 14.8798
    endloop
  endfacet
  facet normal 0.608816 6.31162e-20 -0.793312
    outer loop
      vertex 8.2587 9.8 14.8798
      vertex 8.07875 0 14.7417
      vertex 8.07875 9.8 14.7417
    endloop
  endfacet
  facet normal 0.382674 6.85224e-19 0.923884
    outer loop
      vertex 8.65119 9.8 10.3936
      vertex 8.86075 0 10.3068
      vertex 8.86075 9.8 10.3068
    endloop
  endfacet
  facet normal 0.382674 6.85224e-19 0.923884
    outer loop
      vertex 8.86075 0 10.3068
      vertex 8.65119 9.8 10.3936
      vertex 8.65119 0 10.3936
    endloop
  endfacet
  facet normal 0.0436458 -9.4158e-20 -0.999047
    outer loop
      vertex 9.52339 0 15.3401
      vertex 9.75 9.8 15.35
      vertex 9.75 0 15.35
    endloop
  endfacet
  facet normal 0.0436458 -9.4158e-20 -0.999047
    outer loop
      vertex 9.75 9.8 15.35
      vertex 9.52339 0 15.3401
      vertex 9.52339 9.8 15.3401
    endloop
  endfacet
  facet normal -0.130489 1.28167e-19 0.99145
    outer loop
      vertex 9.9766 9.8 10.1599
      vertex 10.2015 0 10.1895
      vertex 10.2015 9.8 10.1895
    endloop
  endfacet
  facet normal -0.130489 1.28167e-19 0.99145
    outer loop
      vertex 10.2015 0 10.1895
      vertex 9.9766 9.8 10.1599
      vertex 9.9766 0 10.1599
    endloop
  endfacet
  facet normal 0.953743 -0 0.300623
    outer loop
      vertex 7.23859 0 12.0771
      vertex 7.3068 9.8 11.8607
      vertex 7.23859 9.8 12.0771
    endloop
  endfacet
  facet normal 0.953743 0 0.300623
    outer loop
      vertex 7.3068 9.8 11.8607
      vertex 7.23859 0 12.0771
      vertex 7.3068 0 11.8607
    endloop
  endfacet
  facet normal -0.461616 -5.85136e-19 0.88708
    outer loop
      vertex 10.8488 9.8 10.3936
      vertex 11.05 0 10.4983
      vertex 11.05 9.8 10.4983
    endloop
  endfacet
  facet normal -0.461616 -5.85136e-19 0.88708
    outer loop
      vertex 11.05 0 10.4983
      vertex 10.8488 9.8 10.3936
      vertex 10.8488 0 10.3936
    endloop
  endfacet
  facet normal -0.608922 1.78005e-19 0.79323
    outer loop
      vertex 11.2413 9.8 10.6202
      vertex 11.4212 0 10.7583
      vertex 11.4212 9.8 10.7583
    endloop
  endfacet
  facet normal -0.608922 1.78005e-19 0.79323
    outer loop
      vertex 11.4212 0 10.7583
      vertex 11.2413 9.8 10.6202
      vertex 11.2413 0 10.6202
    endloop
  endfacet
  facet normal 0.537389 -8.81103e-20 -0.843335
    outer loop
      vertex 8.2587 0 14.8798
      vertex 8.45 9.8 15.0017
      vertex 8.45 0 15.0017
    endloop
  endfacet
  facet normal 0.537389 -8.81103e-20 -0.843335
    outer loop
      vertex 8.45 9.8 15.0017
      vertex 8.2587 0 14.8798
      vertex 8.2587 9.8 14.8798
    endloop
  endfacet
  facet normal -0.79323 0 0.608922
    outer loop
      vertex 11.7417 0 11.0788
      vertex 11.8798 9.8 11.2587
      vertex 11.7417 9.8 11.0788
    endloop
  endfacet
  facet normal -0.79323 0 0.608922
    outer loop
      vertex 11.8798 9.8 11.2587
      vertex 11.7417 0 11.0788
      vertex 11.8798 0 11.2587
    endloop
  endfacet
  facet normal 0.923845 0 -0.382767
    outer loop
      vertex 7.3936 0 13.8488
      vertex 7.3068 9.8 13.6393
      vertex 7.3936 9.8 13.8488
    endloop
  endfacet
  facet normal 0.923845 0 -0.382767
    outer loop
      vertex 7.3068 9.8 13.6393
      vertex 7.3936 0 13.8488
      vertex 7.3068 0 13.6393
    endloop
  endfacet
  facet normal -0.300583 -9.92195e-20 0.953756
    outer loop
      vertex 10.4229 9.8 10.2386
      vertex 10.6393 0 10.3068
      vertex 10.6393 9.8 10.3068
    endloop
  endfacet
  facet normal -0.300583 -9.92195e-20 0.953756
    outer loop
      vertex 10.6393 0 10.3068
      vertex 10.4229 9.8 10.2386
      vertex 10.4229 0 10.2386
    endloop
  endfacet
  facet normal 0.999049 -0 0.0436037
    outer loop
      vertex 7.15 0 12.75
      vertex 7.15989 9.8 12.5234
      vertex 7.15 9.8 12.75
    endloop
  endfacet
  facet normal 0.999049 0 0.0436037
    outer loop
      vertex 7.15989 9.8 12.5234
      vertex 7.15 0 12.75
      vertex 7.15989 0 12.5234
    endloop
  endfacet
  facet normal 0.675499 1.93867e-19 -0.737361
    outer loop
      vertex 7.91152 0 14.5885
      vertex 8.07875 9.8 14.7417
      vertex 8.07875 0 14.7417
    endloop
  endfacet
  facet normal 0.675499 1.93867e-19 -0.737361
    outer loop
      vertex 8.07875 9.8 14.7417
      vertex 7.91152 0 14.5885
      vertex 7.91152 9.8 14.5885
    endloop
  endfacet
  facet normal 0.991444 -0 0.130532
    outer loop
      vertex 7.15989 0 12.5234
      vertex 7.1895 9.8 12.2985
      vertex 7.15989 9.8 12.5234
    endloop
  endfacet
  facet normal 0.991444 0 0.130532
    outer loop
      vertex 7.1895 9.8 12.2985
      vertex 7.15989 0 12.5234
      vertex 7.1895 0 12.2985
    endloop
  endfacet
  facet normal 0.382674 -6.85224e-19 -0.923884
    outer loop
      vertex 8.65119 0 15.1064
      vertex 8.86075 9.8 15.1932
      vertex 8.86075 0 15.1932
    endloop
  endfacet
  facet normal 0.382674 -6.85224e-19 -0.923884
    outer loop
      vertex 8.86075 9.8 15.1932
      vertex 8.65119 0 15.1064
      vertex 8.65119 9.8 15.1064
    endloop
  endfacet
  facet normal 0.537389 8.81103e-20 0.843335
    outer loop
      vertex 8.2587 9.8 10.6202
      vertex 8.45 0 10.4983
      vertex 8.45 9.8 10.4983
    endloop
  endfacet
  facet normal 0.537389 8.81103e-20 0.843335
    outer loop
      vertex 8.45 0 10.4983
      vertex 8.2587 9.8 10.6202
      vertex 8.2587 0 10.6202
    endloop
  endfacet
  facet normal -0.991339 0 -0.131331
    outer loop
      vertex 12.3401 0 12.9766
      vertex 12.337 9.8 13
      vertex 12.3401 9.8 12.9766
    endloop
  endfacet
  facet normal -0.991339 -0 -0.131331
    outer loop
      vertex 12.337 9.8 13
      vertex 12.3401 0 12.9766
      vertex 12.337 0 13
    endloop
  endfacet
  facet normal -0.953756 0 0.300583
    outer loop
      vertex 12.1932 0 11.8607
      vertex 12.2614 9.8 12.0771
      vertex 12.1932 9.8 11.8607
    endloop
  endfacet
  facet normal -0.953756 0 0.300583
    outer loop
      vertex 12.2614 9.8 12.0771
      vertex 12.1932 0 11.8607
      vertex 12.2614 0 12.0771
    endloop
  endfacet
  facet normal 0.675499 -1.93867e-19 0.737361
    outer loop
      vertex 7.91152 9.8 10.9115
      vertex 8.07875 0 10.7583
      vertex 8.07875 9.8 10.7583
    endloop
  endfacet
  facet normal 0.675499 -1.93867e-19 0.737361
    outer loop
      vertex 8.07875 0 10.7583
      vertex 7.91152 9.8 10.9115
      vertex 7.91152 0 10.9115
    endloop
  endfacet
  facet normal -0.21651 8.99654e-20 0.97628
    outer loop
      vertex 10.2015 9.8 10.1895
      vertex 10.4229 0 10.2386
      vertex 10.4229 9.8 10.2386
    endloop
  endfacet
  facet normal -0.21651 8.99654e-20 0.97628
    outer loop
      vertex 10.4229 0 10.2386
      vertex 10.2015 9.8 10.1895
      vertex 10.2015 0 10.1895
    endloop
  endfacet
  facet normal 0.300684 3.24896e-19 0.953724
    outer loop
      vertex 8.86075 9.8 10.3068
      vertex 9.07707 0 10.2386
      vertex 9.07707 9.8 10.2386
    endloop
  endfacet
  facet normal 0.300684 3.24896e-19 0.953724
    outer loop
      vertex 9.07707 0 10.2386
      vertex 8.86075 9.8 10.3068
      vertex 8.86075 0 10.3068
    endloop
  endfacet
  facet normal -0.97628 0 0.21651
    outer loop
      vertex 12.2614 0 12.0771
      vertex 12.3105 9.8 12.2985
      vertex 12.2614 9.8 12.0771
    endloop
  endfacet
  facet normal -0.97628 0 0.21651
    outer loop
      vertex 12.3105 9.8 12.2985
      vertex 12.2614 0 12.0771
      vertex 12.3105 0 12.2985
    endloop
  endfacet
  facet normal -0.0436477 -8.83674e-20 -0.999047
    outer loop
      vertex 9.75 0 15.35
      vertex 9.9766 9.8 15.3401
      vertex 9.9766 0 15.3401
    endloop
  endfacet
  facet normal -0.0436477 -8.83674e-20 -0.999047
    outer loop
      vertex 9.9766 9.8 15.3401
      vertex 9.75 0 15.35
      vertex 9.75 9.8 15.35
    endloop
  endfacet
  facet normal 0.461635 3.18868e-19 -0.88707
    outer loop
      vertex 8.45 0 15.0017
      vertex 8.65119 9.8 15.1064
      vertex 8.65119 0 15.1064
    endloop
  endfacet
  facet normal 0.461635 3.18868e-19 -0.88707
    outer loop
      vertex 8.65119 9.8 15.1064
      vertex 8.45 0 15.0017
      vertex 8.45 9.8 15.0017
    endloop
  endfacet
  facet normal -0.99145 0 0.130489
    outer loop
      vertex 12.3105 0 12.2985
      vertex 12.3401 9.8 12.5234
      vertex 12.3105 9.8 12.2985
    endloop
  endfacet
  facet normal -0.99145 0 0.130489
    outer loop
      vertex 12.3401 9.8 12.5234
      vertex 12.3105 0 12.2985
      vertex 12.3401 0 12.5234
    endloop
  endfacet
  facet normal 0.737414 0 -0.675441
    outer loop
      vertex 7.91152 0 14.5885
      vertex 7.75828 9.8 14.4212
      vertex 7.91152 9.8 14.5885
    endloop
  endfacet
  facet normal 0.737414 0 -0.675441
    outer loop
      vertex 7.75828 9.8 14.4212
      vertex 7.91152 0 14.5885
      vertex 7.75828 0 14.4212
    endloop
  endfacet
  facet normal 0.608816 -6.31162e-20 0.793312
    outer loop
      vertex 8.07875 9.8 10.7583
      vertex 8.2587 0 10.6202
      vertex 8.2587 9.8 10.6202
    endloop
  endfacet
  facet normal 0.608816 -6.31162e-20 0.793312
    outer loop
      vertex 8.2587 0 10.6202
      vertex 8.07875 9.8 10.7583
      vertex 8.07875 0 10.7583
    endloop
  endfacet
  facet normal -0.843335 0 0.537389
    outer loop
      vertex 11.8798 0 11.2587
      vertex 12.0017 9.8 11.45
      vertex 11.8798 9.8 11.2587
    endloop
  endfacet
  facet normal -0.843335 0 0.537389
    outer loop
      vertex 12.0017 9.8 11.45
      vertex 11.8798 0 11.2587
      vertex 12.0017 0 11.45
    endloop
  endfacet
  facet normal -0.737502 0 0.675345
    outer loop
      vertex 11.5885 0 10.9115
      vertex 11.7417 9.8 11.0788
      vertex 11.5885 9.8 10.9115
    endloop
  endfacet
  facet normal -0.737502 0 0.675345
    outer loop
      vertex 11.7417 9.8 11.0788
      vertex 11.5885 0 10.9115
      vertex 11.7417 0 11.0788
    endloop
  endfacet
  facet normal 0.0436458 9.4158e-20 0.999047
    outer loop
      vertex 9.52339 9.8 10.1599
      vertex 9.75 0 10.15
      vertex 9.75 9.8 10.15
    endloop
  endfacet
  facet normal 0.0436458 9.4158e-20 0.999047
    outer loop
      vertex 9.75 0 10.15
      vertex 9.52339 9.8 10.1599
      vertex 9.52339 0 10.1599
    endloop
  endfacet
  facet normal -0.0436477 8.83674e-20 0.999047
    outer loop
      vertex 9.75 9.8 10.15
      vertex 9.9766 0 10.1599
      vertex 9.9766 9.8 10.1599
    endloop
  endfacet
  facet normal -0.0436477 8.83674e-20 0.999047
    outer loop
      vertex 9.9766 0 10.1599
      vertex 9.75 9.8 10.15
      vertex 9.75 0 10.15
    endloop
  endfacet
  facet normal 0.887025 -0 0.461721
    outer loop
      vertex 7.3936 0 11.6512
      vertex 7.49833 9.8 11.45
      vertex 7.3936 9.8 11.6512
    endloop
  endfacet
  facet normal 0.887025 0 0.461721
    outer loop
      vertex 7.49833 9.8 11.45
      vertex 7.3936 0 11.6512
      vertex 7.49833 0 11.45
    endloop
  endfacet
  facet normal -0.88708 0 0.461616
    outer loop
      vertex 12.0017 0 11.45
      vertex 12.1064 9.8 11.6512
      vertex 12.0017 9.8 11.45
    endloop
  endfacet
  facet normal -0.88708 0 0.461616
    outer loop
      vertex 12.1064 9.8 11.6512
      vertex 12.0017 0 11.45
      vertex 12.1064 0 11.6512
    endloop
  endfacet
  facet normal 0.991444 0 -0.130532
    outer loop
      vertex 7.1895 0 13.2015
      vertex 7.15989 9.8 12.9766
      vertex 7.1895 9.8 13.2015
    endloop
  endfacet
  facet normal 0.991444 0 -0.130532
    outer loop
      vertex 7.15989 9.8 12.9766
      vertex 7.1895 0 13.2015
      vertex 7.15989 0 12.9766
    endloop
  endfacet
  facet normal 0.97629 0 -0.216468
    outer loop
      vertex 7.23859 0 13.4229
      vertex 7.1895 9.8 13.2015
      vertex 7.23859 9.8 13.4229
    endloop
  endfacet
  facet normal 0.97629 0 -0.216468
    outer loop
      vertex 7.1895 9.8 13.2015
      vertex 7.23859 0 13.4229
      vertex 7.1895 0 13.2015
    endloop
  endfacet
  facet normal 0.1305 1.11809e-19 -0.991448
    outer loop
      vertex 9.29851 0 15.3105
      vertex 9.52339 9.8 15.3401
      vertex 9.52339 0 15.3401
    endloop
  endfacet
  facet normal 0.1305 1.11809e-19 -0.991448
    outer loop
      vertex 9.52339 9.8 15.3401
      vertex 9.29851 0 15.3105
      vertex 9.29851 9.8 15.3105
    endloop
  endfacet
  facet normal 0.300684 -3.24896e-19 -0.953724
    outer loop
      vertex 8.86075 0 15.1932
      vertex 9.07707 9.8 15.2614
      vertex 9.07707 0 15.2614
    endloop
  endfacet
  facet normal 0.300684 -3.24896e-19 -0.953724
    outer loop
      vertex 9.07707 9.8 15.2614
      vertex 8.86075 0 15.1932
      vertex 8.86075 9.8 15.1932
    endloop
  endfacet
  facet normal 0.793273 -0 0.608867
    outer loop
      vertex 7.6202 0 11.2587
      vertex 7.75828 9.8 11.0788
      vertex 7.6202 9.8 11.2587
    endloop
  endfacet
  facet normal 0.793273 0 0.608867
    outer loop
      vertex 7.75828 9.8 11.0788
      vertex 7.6202 0 11.2587
      vertex 7.75828 0 11.0788
    endloop
  endfacet
  facet normal -0.675345 -4.35336e-19 0.737502
    outer loop
      vertex 11.4212 9.8 10.7583
      vertex 11.5885 0 10.9115
      vertex 11.5885 9.8 10.9115
    endloop
  endfacet
  facet normal -0.675345 -4.35336e-19 0.737502
    outer loop
      vertex 11.5885 0 10.9115
      vertex 11.4212 9.8 10.7583
      vertex 11.4212 0 10.7583
    endloop
  endfacet
  facet normal 0.887025 0 -0.461721
    outer loop
      vertex 7.49833 0 14.05
      vertex 7.3936 9.8 13.8488
      vertex 7.49833 9.8 14.05
    endloop
  endfacet
  facet normal 0.887025 0 -0.461721
    outer loop
      vertex 7.3936 9.8 13.8488
      vertex 7.49833 0 14.05
      vertex 7.3936 0 13.8488
    endloop
  endfacet
  facet normal 0.97629 -0 0.216468
    outer loop
      vertex 7.1895 0 12.2985
      vertex 7.23859 9.8 12.0771
      vertex 7.1895 9.8 12.2985
    endloop
  endfacet
  facet normal 0.97629 0 0.216468
    outer loop
      vertex 7.23859 9.8 12.0771
      vertex 7.1895 0 12.2985
      vertex 7.23859 0 12.0771
    endloop
  endfacet
  facet normal -0.382767 -2.18473e-19 0.923845
    outer loop
      vertex 10.6393 9.8 10.3068
      vertex 10.8488 0 10.3936
      vertex 10.8488 9.8 10.3936
    endloop
  endfacet
  facet normal -0.382767 -2.18473e-19 0.923845
    outer loop
      vertex 10.8488 0 10.3936
      vertex 10.6393 9.8 10.3068
      vertex 10.6393 0 10.3068
    endloop
  endfacet
  facet normal -0.923845 0 0.382767
    outer loop
      vertex 12.1064 0 11.6512
      vertex 12.1932 9.8 11.8607
      vertex 12.1064 9.8 11.6512
    endloop
  endfacet
  facet normal -0.923845 0 0.382767
    outer loop
      vertex 12.1932 9.8 11.8607
      vertex 12.1064 0 11.6512
      vertex 12.1932 0 11.8607
    endloop
  endfacet
  facet normal 0.843395 0 -0.537295
    outer loop
      vertex 7.6202 0 14.2413
      vertex 7.49833 9.8 14.05
      vertex 7.6202 9.8 14.2413
    endloop
  endfacet
  facet normal 0.843395 0 -0.537295
    outer loop
      vertex 7.49833 9.8 14.05
      vertex 7.6202 0 14.2413
      vertex 7.49833 0 14.05
    endloop
  endfacet
  facet normal -0.537389 -8.81103e-20 0.843335
    outer loop
      vertex 11.05 9.8 10.4983
      vertex 11.2413 0 10.6202
      vertex 11.2413 9.8 10.6202
    endloop
  endfacet
  facet normal -0.537389 -8.81103e-20 0.843335
    outer loop
      vertex 11.2413 0 10.6202
      vertex 11.05 9.8 10.4983
      vertex 11.05 0 10.4983
    endloop
  endfacet
  facet normal 0.737414 -0 0.675441
    outer loop
      vertex 7.75828 0 11.0788
      vertex 7.91152 9.8 10.9115
      vertex 7.75828 9.8 11.0788
    endloop
  endfacet
  facet normal 0.737414 0 0.675441
    outer loop
      vertex 7.91152 9.8 10.9115
      vertex 7.75828 0 11.0788
      vertex 7.91152 0 10.9115
    endloop
  endfacet
  facet normal 0.793273 0 -0.608867
    outer loop
      vertex 7.75828 0 14.4212
      vertex 7.6202 9.8 14.2413
      vertex 7.75828 9.8 14.4212
    endloop
  endfacet
  facet normal 0.793273 0 -0.608867
    outer loop
      vertex 7.6202 9.8 14.2413
      vertex 7.75828 0 14.4212
      vertex 7.6202 0 14.2413
    endloop
  endfacet
  facet normal 0.216473 -1.25248e-19 0.976289
    outer loop
      vertex 9.07707 9.8 10.2386
      vertex 9.29851 0 10.1895
      vertex 9.29851 9.8 10.1895
    endloop
  endfacet
  facet normal 0.216473 -1.25248e-19 0.976289
    outer loop
      vertex 9.29851 0 10.1895
      vertex 9.07707 9.8 10.2386
      vertex 9.07707 0 10.2386
    endloop
  endfacet
  facet normal -0.999047 0 0.0436477
    outer loop
      vertex 12.3401 0 12.5234
      vertex 12.35 9.8 12.75
      vertex 12.3401 9.8 12.5234
    endloop
  endfacet
  facet normal -0.999047 0 0.0436477
    outer loop
      vertex 12.35 9.8 12.75
      vertex 12.3401 0 12.5234
      vertex 12.35 0 12.75
    endloop
  endfacet
  facet normal 0.1305 -1.11809e-19 0.991448
    outer loop
      vertex 9.29851 9.8 10.1895
      vertex 9.52339 0 10.1599
      vertex 9.52339 9.8 10.1599
    endloop
  endfacet
  facet normal 0.1305 -1.11809e-19 0.991448
    outer loop
      vertex 9.52339 0 10.1599
      vertex 9.29851 9.8 10.1895
      vertex 9.29851 0 10.1895
    endloop
  endfacet
  facet normal 0.843395 -0 0.537295
    outer loop
      vertex 7.49833 0 11.45
      vertex 7.6202 9.8 11.2587
      vertex 7.49833 9.8 11.45
    endloop
  endfacet
  facet normal 0.843395 0 0.537295
    outer loop
      vertex 7.6202 9.8 11.2587
      vertex 7.49833 0 11.45
      vertex 7.6202 0 11.2587
    endloop
  endfacet
  facet normal 0.999049 0 -0.0436037
    outer loop
      vertex 7.15989 0 12.9766
      vertex 7.15 9.8 12.75
      vertex 7.15989 9.8 12.9766
    endloop
  endfacet
  facet normal 0.999049 0 -0.0436037
    outer loop
      vertex 7.15 9.8 12.75
      vertex 7.15989 0 12.9766
      vertex 7.15 0 12.75
    endloop
  endfacet
  facet normal 0.461635 -3.18868e-19 0.88707
    outer loop
      vertex 8.45 9.8 10.4983
      vertex 8.65119 0 10.3936
      vertex 8.65119 9.8 10.3936
    endloop
  endfacet
  facet normal 0.461635 -3.18868e-19 0.88707
    outer loop
      vertex 8.65119 0 10.3936
      vertex 8.45 9.8 10.4983
      vertex 8.45 0 10.4983
    endloop
  endfacet
  facet normal 0.953583 0 -0.301129
    outer loop
      vertex 7.3068 0 138.139
      vertex 7.23859 9.8 137.923
      vertex 7.3068 9.8 138.139
    endloop
  endfacet
  facet normal 0.953583 0 -0.301129
    outer loop
      vertex 7.23859 9.8 137.923
      vertex 7.3068 0 138.139
      vertex 7.23859 0 137.923
    endloop
  endfacet
  facet normal -0.99905 0 -0.0435709
    outer loop
      vertex 12.35 0 137.25
      vertex 12.3401 9.8 137.477
      vertex 12.35 9.8 137.25
    endloop
  endfacet
  facet normal -0.99905 -0 -0.0435709
    outer loop
      vertex 12.3401 9.8 137.477
      vertex 12.35 0 137.25
      vertex 12.3401 0 137.477
    endloop
  endfacet
  facet normal 0.22025 1.78704e-19 -0.975443
    outer loop
      vertex 9.07707 0 139.761
      vertex 9.29851 9.8 139.811
      vertex 9.29851 0 139.811
    endloop
  endfacet
  facet normal 0.22025 1.78704e-19 -0.975443
    outer loop
      vertex 9.29851 9.8 139.811
      vertex 9.07707 0 139.761
      vertex 9.07707 9.8 139.761
    endloop
  endfacet
  facet normal 0.924167 -0 0.381989
    outer loop
      vertex 7.3068 0 136.361
      vertex 7.3936 9.8 136.151
      vertex 7.3068 9.8 136.361
    endloop
  endfacet
  facet normal 0.924167 0 0.381989
    outer loop
      vertex 7.3936 9.8 136.151
      vertex 7.3068 0 136.361
      vertex 7.3936 0 136.151
    endloop
  endfacet
  facet normal -0.127887 -1.08126e-19 -0.991789
    outer loop
      vertex 9.9766 0 139.84
      vertex 10.2015 9.8 139.811
      vertex 10.2015 0 139.811
    endloop
  endfacet
  facet normal -0.127887 -1.08126e-19 -0.991789
    outer loop
      vertex 10.2015 9.8 139.811
      vertex 9.9766 0 139.84
      vertex 9.9766 9.8 139.84
    endloop
  endfacet
  facet normal -0.976404 0 -0.215952
    outer loop
      vertex 12.3105 0 137.701
      vertex 12.2614 9.8 137.923
      vertex 12.3105 9.8 137.701
    endloop
  endfacet
  facet normal -0.976404 -0 -0.215952
    outer loop
      vertex 12.2614 9.8 137.923
      vertex 12.3105 0 137.701
      vertex 12.2614 0 137.923
    endloop
  endfacet
  facet normal 0.608538 7.55084e-19 -0.793525
    outer loop
      vertex 8.07875 0 139.242
      vertex 8.2587 9.8 139.38
      vertex 8.2587 0 139.38
    endloop
  endfacet
  facet normal 0.608538 7.55084e-19 -0.793525
    outer loop
      vertex 8.2587 9.8 139.38
      vertex 8.07875 0 139.242
      vertex 8.07875 9.8 139.242
    endloop
  endfacet
  facet normal 0.383426 -2.75792e-19 0.923572
    outer loop
      vertex 8.65119 9.8 134.894
      vertex 8.86075 0 134.807
      vertex 8.86075 9.8 134.807
    endloop
  endfacet
  facet normal 0.383426 -2.75792e-19 0.923572
    outer loop
      vertex 8.86075 0 134.807
      vertex 8.65119 9.8 134.894
      vertex 8.65119 0 134.894
    endloop
  endfacet
  facet normal 0.0440858 9.43965e-20 -0.999028
    outer loop
      vertex 9.52339 0 139.84
      vertex 9.75 9.8 139.85
      vertex 9.75 0 139.85
    endloop
  endfacet
  facet normal 0.0440858 9.43965e-20 -0.999028
    outer loop
      vertex 9.75 9.8 139.85
      vertex 9.52339 0 139.84
      vertex 9.52339 9.8 139.84
    endloop
  endfacet
  facet normal -0.127164 -1.66579e-20 0.991882
    outer loop
      vertex 9.9766 9.8 134.66
      vertex 10 0 134.663
      vertex 10 9.8 134.663
    endloop
  endfacet
  facet normal -0.127164 -1.66579e-20 0.991882
    outer loop
      vertex 10 0 134.663
      vertex 9.9766 9.8 134.66
      vertex 9.9766 0 134.66
    endloop
  endfacet
  facet normal 0.953583 -0 0.301129
    outer loop
      vertex 7.23859 0 136.577
      vertex 7.3068 9.8 136.361
      vertex 7.23859 9.8 136.577
    endloop
  endfacet
  facet normal 0.953583 0 0.301129
    outer loop
      vertex 7.3068 9.8 136.361
      vertex 7.23859 0 136.577
      vertex 7.3068 0 136.361
    endloop
  endfacet
  facet normal -0.924167 0 -0.381989
    outer loop
      vertex 12.1932 0 138.139
      vertex 12.1064 9.8 138.349
      vertex 12.1932 9.8 138.139
    endloop
  endfacet
  facet normal -0.924167 -0 -0.381989
    outer loop
      vertex 12.1064 9.8 138.349
      vertex 12.1932 0 138.139
      vertex 12.1064 0 138.349
    endloop
  endfacet
  facet normal -0.736898 0 -0.676004
    outer loop
      vertex 11.7417 0 138.921
      vertex 11.5885 9.8 139.088
      vertex 11.7417 9.8 138.921
    endloop
  endfacet
  facet normal -0.736898 -0 -0.676004
    outer loop
      vertex 11.5885 9.8 139.088
      vertex 11.7417 0 138.921
      vertex 11.5885 0 139.088
    endloop
  endfacet
  facet normal 0.537702 -1.49352e-19 -0.843135
    outer loop
      vertex 8.2587 0 139.38
      vertex 8.45 9.8 139.502
      vertex 8.45 0 139.502
    endloop
  endfacet
  facet normal 0.537702 -1.49352e-19 -0.843135
    outer loop
      vertex 8.45 9.8 139.502
      vertex 8.2587 0 139.38
      vertex 8.2587 9.8 139.38
    endloop
  endfacet
  facet normal 0.924167 0 -0.381989
    outer loop
      vertex 7.3936 0 138.349
      vertex 7.3068 9.8 138.139
      vertex 7.3936 9.8 138.349
    endloop
  endfacet
  facet normal 0.924167 0 -0.381989
    outer loop
      vertex 7.3068 9.8 138.139
      vertex 7.3936 0 138.349
      vertex 7.3068 0 138.139
    endloop
  endfacet
  facet normal -0.842952 0 -0.537989
    outer loop
      vertex 12.0017 0 138.55
      vertex 11.8798 9.8 138.741
      vertex 12.0017 9.8 138.55
    endloop
  endfacet
  facet normal -0.842952 -0 -0.537989
    outer loop
      vertex 11.8798 9.8 138.741
      vertex 12.0017 0 138.55
      vertex 11.8798 0 138.741
    endloop
  endfacet
  facet normal 0.999052 -0 0.043527
    outer loop
      vertex 7.15 0 137.25
      vertex 7.15989 9.8 137.023
      vertex 7.15 9.8 137.25
    endloop
  endfacet
  facet normal 0.999052 0 0.043527
    outer loop
      vertex 7.15989 9.8 137.023
      vertex 7.15 0 137.25
      vertex 7.15989 0 137.023
    endloop
  endfacet
  facet normal 0.67741 4.77079e-20 -0.735606
    outer loop
      vertex 7.91152 0 139.088
      vertex 8.07875 9.8 139.242
      vertex 8.07875 0 139.242
    endloop
  endfacet
  facet normal 0.67741 4.77079e-20 -0.735606
    outer loop
      vertex 8.07875 9.8 139.242
      vertex 7.91152 0 139.088
      vertex 7.91152 9.8 139.088
    endloop
  endfacet
  facet normal -0.793393 0 -0.608709
    outer loop
      vertex 11.8798 0 138.741
      vertex 11.7417 9.8 138.921
      vertex 11.8798 9.8 138.741
    endloop
  endfacet
  facet normal -0.793393 -0 -0.608709
    outer loop
      vertex 11.7417 9.8 138.921
      vertex 11.8798 0 138.741
      vertex 11.7417 0 138.921
    endloop
  endfacet
  facet normal 0.991376 -0 0.131048
    outer loop
      vertex 7.15989 0 137.023
      vertex 7.1895 9.8 136.799
      vertex 7.15989 9.8 137.023
    endloop
  endfacet
  facet normal 0.991376 0 0.131048
    outer loop
      vertex 7.1895 9.8 136.799
      vertex 7.15989 0 137.023
      vertex 7.1895 0 136.799
    endloop
  endfacet
  facet normal -0.459183 2.58099e-21 -0.888342
    outer loop
      vertex 10.8488 0 139.606
      vertex 11.05 9.8 139.502
      vertex 11.05 0 139.502
    endloop
  endfacet
  facet normal -0.459183 2.58099e-21 -0.888342
    outer loop
      vertex 11.05 9.8 139.502
      vertex 10.8488 0 139.606
      vertex 10.8488 9.8 139.606
    endloop
  endfacet
  facet normal 0.383426 2.75792e-19 -0.923572
    outer loop
      vertex 8.65119 0 139.606
      vertex 8.86075 9.8 139.693
      vertex 8.86075 0 139.693
    endloop
  endfacet
  facet normal 0.383426 2.75792e-19 -0.923572
    outer loop
      vertex 8.86075 9.8 139.693
      vertex 8.65119 0 139.606
      vertex 8.65119 9.8 139.606
    endloop
  endfacet
  facet normal 0.537702 1.49352e-19 0.843135
    outer loop
      vertex 8.2587 9.8 135.12
      vertex 8.45 0 134.998
      vertex 8.45 9.8 134.998
    endloop
  endfacet
  facet normal 0.537702 1.49352e-19 0.843135
    outer loop
      vertex 8.45 0 134.998
      vertex 8.2587 9.8 135.12
      vertex 8.2587 0 135.12
    endloop
  endfacet
  facet normal -0.991382 0 -0.131004
    outer loop
      vertex 12.3401 0 137.477
      vertex 12.3105 9.8 137.701
      vertex 12.3401 9.8 137.477
    endloop
  endfacet
  facet normal -0.991382 -0 -0.131004
    outer loop
      vertex 12.3105 9.8 137.701
      vertex 12.3401 0 137.477
      vertex 12.3105 0 137.701
    endloop
  endfacet
  facet normal 0.67741 -4.77079e-20 0.735606
    outer loop
      vertex 7.91152 9.8 135.412
      vertex 8.07875 0 135.258
      vertex 8.07875 9.8 135.258
    endloop
  endfacet
  facet normal 0.67741 -4.77079e-20 0.735606
    outer loop
      vertex 8.07875 0 135.258
      vertex 7.91152 9.8 135.412
      vertex 7.91152 0 135.412
    endloop
  endfacet
  facet normal -0.886891 0 -0.461978
    outer loop
      vertex 12.1064 0 138.349
      vertex 12.0017 9.8 138.55
      vertex 12.1064 9.8 138.349
    endloop
  endfacet
  facet normal -0.886891 -0 -0.461978
    outer loop
      vertex 12.0017 9.8 138.55
      vertex 12.1064 0 138.349
      vertex 12.0017 0 138.55
    endloop
  endfacet
  facet normal -0.953596 0 -0.301089
    outer loop
      vertex 12.2614 0 137.923
      vertex 12.1932 9.8 138.139
      vertex 12.2614 9.8 137.923
    endloop
  endfacet
  facet normal -0.953596 -0 -0.301089
    outer loop
      vertex 12.1932 9.8 138.139
      vertex 12.2614 0 137.923
      vertex 12.1932 0 138.139
    endloop
  endfacet
  facet normal -0.537702 1.49352e-19 -0.843135
    outer loop
      vertex 11.05 0 139.502
      vertex 11.2413 9.8 139.38
      vertex 11.2413 0 139.38
    endloop
  endfacet
  facet normal -0.537702 1.49352e-19 -0.843135
    outer loop
      vertex 11.2413 9.8 139.38
      vertex 11.05 0 139.502
      vertex 11.05 9.8 139.502
    endloop
  endfacet
  facet normal 0.299882 -9.08318e-20 0.953976
    outer loop
      vertex 8.86075 9.8 134.807
      vertex 9.07707 0 134.739
      vertex 9.07707 9.8 134.739
    endloop
  endfacet
  facet normal 0.299882 -9.08318e-20 0.953976
    outer loop
      vertex 9.07707 0 134.739
      vertex 8.86075 9.8 134.807
      vertex 8.86075 0 134.807
    endloop
  endfacet
  facet normal -0.0440877 -1.82553e-20 -0.999028
    outer loop
      vertex 9.75 0 139.85
      vertex 9.9766 9.8 139.84
      vertex 9.9766 0 139.84
    endloop
  endfacet
  facet normal -0.0440877 -1.82553e-20 -0.999028
    outer loop
      vertex 9.9766 9.8 139.84
      vertex 9.75 0 139.85
      vertex 9.75 9.8 139.85
    endloop
  endfacet
  facet normal 0.459201 -6.10254e-19 -0.888333
    outer loop
      vertex 8.45 0 139.502
      vertex 8.65119 9.8 139.606
      vertex 8.65119 0 139.606
    endloop
  endfacet
  facet normal 0.459201 -6.10254e-19 -0.888333
    outer loop
      vertex 8.65119 9.8 139.606
      vertex 8.45 0 139.502
      vertex 8.45 9.8 139.502
    endloop
  endfacet
  facet normal -0.299781 8.00794e-20 -0.954008
    outer loop
      vertex 10.4229 0 139.761
      vertex 10.6393 9.8 139.693
      vertex 10.6393 0 139.693
    endloop
  endfacet
  facet normal -0.299781 8.00794e-20 -0.954008
    outer loop
      vertex 10.6393 9.8 139.693
      vertex 10.4229 0 139.761
      vertex 10.4229 9.8 139.761
    endloop
  endfacet
  facet normal -0.991039 0 0.133575
    outer loop
      vertex 12.337 0 137
      vertex 12.3401 9.8 137.023
      vertex 12.337 9.8 137
    endloop
  endfacet
  facet normal -0.991039 0 0.133575
    outer loop
      vertex 12.3401 9.8 137.023
      vertex 12.337 0 137
      vertex 12.3401 0 137.023
    endloop
  endfacet
  facet normal -0.608644 -3.62728e-19 -0.793443
    outer loop
      vertex 11.2413 0 139.38
      vertex 11.4212 9.8 139.242
      vertex 11.4212 0 139.242
    endloop
  endfacet
  facet normal -0.608644 -3.62728e-19 -0.793443
    outer loop
      vertex 11.4212 9.8 139.242
      vertex 11.2413 0 139.38
      vertex 11.2413 9.8 139.38
    endloop
  endfacet
  facet normal 0.73681 0 -0.6761
    outer loop
      vertex 7.91152 0 139.088
      vertex 7.75828 9.8 138.921
      vertex 7.91152 9.8 139.088
    endloop
  endfacet
  facet normal 0.73681 0 -0.6761
    outer loop
      vertex 7.75828 9.8 138.921
      vertex 7.91152 0 139.088
      vertex 7.75828 0 138.921
    endloop
  endfacet
  facet normal 0.608538 -7.55084e-19 0.793525
    outer loop
      vertex 8.07875 9.8 135.258
      vertex 8.2587 0 135.12
      vertex 8.2587 9.8 135.12
    endloop
  endfacet
  facet normal 0.608538 -7.55084e-19 0.793525
    outer loop
      vertex 8.2587 0 135.12
      vertex 8.07875 9.8 135.258
      vertex 8.07875 0 135.258
    endloop
  endfacet
  facet normal -0.38352 -5.52441e-19 -0.923533
    outer loop
      vertex 10.6393 0 139.693
      vertex 10.8488 9.8 139.606
      vertex 10.8488 0 139.606
    endloop
  endfacet
  facet normal -0.38352 -5.52441e-19 -0.923533
    outer loop
      vertex 10.8488 9.8 139.606
      vertex 10.6393 0 139.693
      vertex 10.6393 9.8 139.693
    endloop
  endfacet
  facet normal 0.0440858 -9.43965e-20 0.999028
    outer loop
      vertex 9.52339 9.8 134.66
      vertex 9.75 0 134.65
      vertex 9.75 9.8 134.65
    endloop
  endfacet
  facet normal 0.0440858 -9.43965e-20 0.999028
    outer loop
      vertex 9.75 0 134.65
      vertex 9.52339 9.8 134.66
      vertex 9.52339 0 134.66
    endloop
  endfacet
  facet normal -0.0440877 1.82553e-20 0.999028
    outer loop
      vertex 9.75 9.8 134.65
      vertex 9.9766 0 134.66
      vertex 9.9766 9.8 134.66
    endloop
  endfacet
  facet normal -0.0440877 1.82553e-20 0.999028
    outer loop
      vertex 9.9766 0 134.66
      vertex 9.75 9.8 134.65
      vertex 9.75 0 134.65
    endloop
  endfacet
  facet normal 0.886837 -0 0.462082
    outer loop
      vertex 7.3936 0 136.151
      vertex 7.49833 9.8 135.95
      vertex 7.3936 9.8 136.151
    endloop
  endfacet
  facet normal 0.886837 0 0.462082
    outer loop
      vertex 7.49833 9.8 135.95
      vertex 7.3936 0 136.151
      vertex 7.49833 0 135.95
    endloop
  endfacet
  facet normal 0.991376 0 -0.131048
    outer loop
      vertex 7.1895 0 137.701
      vertex 7.15989 9.8 137.477
      vertex 7.1895 9.8 137.701
    endloop
  endfacet
  facet normal 0.991376 0 -0.131048
    outer loop
      vertex 7.15989 9.8 137.477
      vertex 7.1895 0 137.701
      vertex 7.15989 0 137.477
    endloop
  endfacet
  facet normal 0.976413 0 -0.21591
    outer loop
      vertex 7.23859 0 137.923
      vertex 7.1895 9.8 137.701
      vertex 7.23859 9.8 137.923
    endloop
  endfacet
  facet normal 0.976413 0 -0.21591
    outer loop
      vertex 7.1895 9.8 137.701
      vertex 7.23859 0 137.923
      vertex 7.1895 0 137.701
    endloop
  endfacet
  facet normal 0.127899 1.22143e-19 -0.991787
    outer loop
      vertex 9.29851 0 139.811
      vertex 9.52339 9.8 139.84
      vertex 9.52339 0 139.84
    endloop
  endfacet
  facet normal 0.127899 1.22143e-19 -0.991787
    outer loop
      vertex 9.52339 9.8 139.84
      vertex 9.29851 0 139.811
      vertex 9.29851 9.8 139.811
    endloop
  endfacet
  facet normal 0.299882 9.08318e-20 -0.953976
    outer loop
      vertex 8.86075 0 139.693
      vertex 9.07707 9.8 139.761
      vertex 9.07707 0 139.761
    endloop
  endfacet
  facet normal 0.299882 9.08318e-20 -0.953976
    outer loop
      vertex 9.07707 9.8 139.761
      vertex 8.86075 0 139.693
      vertex 8.86075 9.8 139.693
    endloop
  endfacet
  facet normal 0.793436 -0 0.608654
    outer loop
      vertex 7.6202 0 135.759
      vertex 7.75828 9.8 135.579
      vertex 7.6202 9.8 135.759
    endloop
  endfacet
  facet normal 0.793436 0 0.608654
    outer loop
      vertex 7.75828 9.8 135.579
      vertex 7.6202 0 135.759
      vertex 7.75828 0 135.579
    endloop
  endfacet
  facet normal 0.886837 0 -0.462082
    outer loop
      vertex 7.49833 0 138.55
      vertex 7.3936 9.8 138.349
      vertex 7.49833 9.8 138.55
    endloop
  endfacet
  facet normal 0.886837 0 -0.462082
    outer loop
      vertex 7.3936 9.8 138.349
      vertex 7.49833 0 138.55
      vertex 7.3936 0 138.349
    endloop
  endfacet
  facet normal 0.976413 -0 0.21591
    outer loop
      vertex 7.1895 0 136.799
      vertex 7.23859 9.8 136.577
      vertex 7.1895 9.8 136.799
    endloop
  endfacet
  facet normal 0.976413 0 0.21591
    outer loop
      vertex 7.23859 9.8 136.577
      vertex 7.1895 0 136.799
      vertex 7.23859 0 136.577
    endloop
  endfacet
  facet normal -0.220288 1.8168e-19 -0.975435
    outer loop
      vertex 10.2015 0 139.811
      vertex 10.4229 9.8 139.761
      vertex 10.4229 0 139.761
    endloop
  endfacet
  facet normal -0.220288 1.8168e-19 -0.975435
    outer loop
      vertex 10.4229 9.8 139.761
      vertex 10.2015 0 139.811
      vertex 10.2015 9.8 139.811
    endloop
  endfacet
  facet normal 0.843012 0 -0.537895
    outer loop
      vertex 7.6202 0 138.741
      vertex 7.49833 9.8 138.55
      vertex 7.6202 9.8 138.741
    endloop
  endfacet
  facet normal 0.843012 0 -0.537895
    outer loop
      vertex 7.49833 9.8 138.55
      vertex 7.6202 0 138.741
      vertex 7.49833 0 138.55
    endloop
  endfacet
  facet normal 0.73681 -0 0.6761
    outer loop
      vertex 7.75828 0 135.579
      vertex 7.91152 9.8 135.412
      vertex 7.75828 9.8 135.579
    endloop
  endfacet
  facet normal 0.73681 0 0.6761
    outer loop
      vertex 7.91152 9.8 135.412
      vertex 7.75828 0 135.579
      vertex 7.91152 0 135.412
    endloop
  endfacet
  facet normal 0.793436 0 -0.608654
    outer loop
      vertex 7.75828 0 138.921
      vertex 7.6202 9.8 138.741
      vertex 7.75828 9.8 138.921
    endloop
  endfacet
  facet normal 0.793436 0 -0.608654
    outer loop
      vertex 7.6202 9.8 138.741
      vertex 7.75828 0 138.921
      vertex 7.6202 0 138.741
    endloop
  endfacet
  facet normal 0.22025 -1.78704e-19 0.975443
    outer loop
      vertex 9.07707 9.8 134.739
      vertex 9.29851 0 134.689
      vertex 9.29851 9.8 134.689
    endloop
  endfacet
  facet normal 0.22025 -1.78704e-19 0.975443
    outer loop
      vertex 9.29851 0 134.689
      vertex 9.07707 9.8 134.739
      vertex 9.07707 0 134.739
    endloop
  endfacet
  facet normal -0.99905 0 0.0435709
    outer loop
      vertex 12.3401 0 137.023
      vertex 12.35 9.8 137.25
      vertex 12.3401 9.8 137.023
    endloop
  endfacet
  facet normal -0.99905 0 0.0435709
    outer loop
      vertex 12.35 9.8 137.25
      vertex 12.3401 0 137.023
      vertex 12.35 0 137.25
    endloop
  endfacet
  facet normal 0.127899 -1.22143e-19 0.991787
    outer loop
      vertex 9.29851 9.8 134.689
      vertex 9.52339 0 134.66
      vertex 9.52339 9.8 134.66
    endloop
  endfacet
  facet normal 0.127899 -1.22143e-19 0.991787
    outer loop
      vertex 9.52339 0 134.66
      vertex 9.29851 9.8 134.689
      vertex 9.29851 0 134.689
    endloop
  endfacet
  facet normal 0.843012 -0 0.537895
    outer loop
      vertex 7.49833 0 135.95
      vertex 7.6202 9.8 135.759
      vertex 7.49833 9.8 135.95
    endloop
  endfacet
  facet normal 0.843012 0 0.537895
    outer loop
      vertex 7.6202 9.8 135.759
      vertex 7.49833 0 135.95
      vertex 7.6202 0 135.759
    endloop
  endfacet
  facet normal 0.999052 0 -0.043527
    outer loop
      vertex 7.15989 0 137.477
      vertex 7.15 9.8 137.25
      vertex 7.15989 9.8 137.477
    endloop
  endfacet
  facet normal 0.999052 0 -0.043527
    outer loop
      vertex 7.15 9.8 137.25
      vertex 7.15989 0 137.477
      vertex 7.15 0 137.25
    endloop
  endfacet
  facet normal -0.677257 -8.2883e-20 -0.735747
    outer loop
      vertex 11.4212 0 139.242
      vertex 11.5885 9.8 139.088
      vertex 11.5885 0 139.088
    endloop
  endfacet
  facet normal -0.677257 -8.2883e-20 -0.735747
    outer loop
      vertex 11.5885 9.8 139.088
      vertex 11.4212 0 139.242
      vertex 11.4212 9.8 139.242
    endloop
  endfacet
  facet normal 0.459201 6.10254e-19 0.888333
    outer loop
      vertex 8.45 9.8 134.998
      vertex 8.65119 0 134.894
      vertex 8.65119 9.8 134.894
    endloop
  endfacet
  facet normal 0.459201 6.10254e-19 0.888333
    outer loop
      vertex 8.65119 0 134.894
      vertex 8.45 9.8 134.998
      vertex 8.45 0 134.998
    endloop
  endfacet
  facet normal -0.999028 0 -0.0440877
    outer loop
      vertex 136.85 0 12.75
      vertex 136.84 9.8 12.9766
      vertex 136.85 9.8 12.75
    endloop
  endfacet
  facet normal -0.999028 -0 -0.0440877
    outer loop
      vertex 136.84 9.8 12.9766
      vertex 136.85 0 12.75
      vertex 136.84 0 12.9766
    endloop
  endfacet
  facet normal 0.923533 -0 0.38352
    outer loop
      vertex 131.807 0 11.8607
      vertex 131.894 9.8 11.6512
      vertex 131.807 9.8 11.8607
    endloop
  endfacet
  facet normal 0.923533 0 0.38352
    outer loop
      vertex 131.894 9.8 11.6512
      vertex 131.807 0 11.8607
      vertex 131.894 0 11.6512
    endloop
  endfacet
  facet normal -0.131004 5.61208e-20 -0.991382
    outer loop
      vertex 134.477 0 15.3401
      vertex 134.701 9.8 15.3105
      vertex 134.701 0 15.3105
    endloop
  endfacet
  facet normal -0.131004 5.61208e-20 -0.991382
    outer loop
      vertex 134.701 9.8 15.3105
      vertex 134.477 0 15.3401
      vertex 134.477 9.8 15.3401
    endloop
  endfacet
  facet normal -0.975435 0 -0.220288
    outer loop
      vertex 136.811 0 13.2015
      vertex 136.761 9.8 13.4229
      vertex 136.811 9.8 13.2015
    endloop
  endfacet
  facet normal -0.975435 -0 -0.220288
    outer loop
      vertex 136.761 9.8 13.4229
      vertex 136.811 0 13.2015
      vertex 136.761 0 13.4229
    endloop
  endfacet
  facet normal 0.381989 1.35907e-19 0.924167
    outer loop
      vertex 133.151 9.8 10.3936
      vertex 133.361 0 10.3068
      vertex 133.361 9.8 10.3068
    endloop
  endfacet
  facet normal 0.381989 1.35907e-19 0.924167
    outer loop
      vertex 133.361 0 10.3068
      vertex 133.151 9.8 10.3936
      vertex 133.151 0 10.3936
    endloop
  endfacet
  facet normal 0.0435709 1.35692e-20 -0.99905
    outer loop
      vertex 134.023 0 15.3401
      vertex 134.25 9.8 15.35
      vertex 134.25 0 15.35
    endloop
  endfacet
  facet normal 0.0435709 1.35692e-20 -0.99905
    outer loop
      vertex 134.25 9.8 15.35
      vertex 134.023 0 15.3401
      vertex 134.023 9.8 15.3401
    endloop
  endfacet
  facet normal -0.131004 -5.61208e-20 0.991382
    outer loop
      vertex 134.477 9.8 10.1599
      vertex 134.701 0 10.1895
      vertex 134.701 9.8 10.1895
    endloop
  endfacet
  facet normal -0.131004 -5.61208e-20 0.991382
    outer loop
      vertex 134.701 0 10.1895
      vertex 134.477 9.8 10.1599
      vertex 134.477 0 10.1599
    endloop
  endfacet
  facet normal 0.954008 -0 0.299781
    outer loop
      vertex 131.739 0 12.0771
      vertex 131.807 9.8 11.8607
      vertex 131.739 9.8 12.0771
    endloop
  endfacet
  facet normal 0.954008 0 0.299781
    outer loop
      vertex 131.807 9.8 11.8607
      vertex 131.739 0 12.0771
      vertex 131.807 0 11.8607
    endloop
  endfacet
  facet normal -0.461978 9.28562e-20 0.886891
    outer loop
      vertex 135.349 9.8 10.3936
      vertex 135.55 0 10.4983
      vertex 135.55 9.8 10.4983
    endloop
  endfacet
  facet normal -0.461978 9.28562e-20 0.886891
    outer loop
      vertex 135.55 0 10.4983
      vertex 135.349 9.8 10.3936
      vertex 135.349 0 10.3936
    endloop
  endfacet
  facet normal -0.923533 0 -0.38352
    outer loop
      vertex 136.693 0 13.6393
      vertex 136.606 9.8 13.8488
      vertex 136.693 9.8 13.6393
    endloop
  endfacet
  facet normal -0.923533 -0 -0.38352
    outer loop
      vertex 136.606 9.8 13.8488
      vertex 136.693 0 13.6393
      vertex 136.606 0 13.8488
    endloop
  endfacet
  facet normal -0.735747 0 -0.677257
    outer loop
      vertex 136.242 0 14.4212
      vertex 136.088 9.8 14.5885
      vertex 136.242 9.8 14.4212
    endloop
  endfacet
  facet normal -0.735747 -0 -0.677257
    outer loop
      vertex 136.088 9.8 14.5885
      vertex 136.242 0 14.4212
      vertex 136.088 0 14.5885
    endloop
  endfacet
  facet normal -0.608709 7.49716e-19 0.793393
    outer loop
      vertex 135.741 9.8 10.6202
      vertex 135.921 0 10.7583
      vertex 135.921 9.8 10.7583
    endloop
  endfacet
  facet normal -0.608709 7.49716e-19 0.793393
    outer loop
      vertex 135.921 0 10.7583
      vertex 135.741 9.8 10.6202
      vertex 135.741 0 10.6202
    endloop
  endfacet
  facet normal -0.793443 0 0.608644
    outer loop
      vertex 136.242 0 11.0788
      vertex 136.38 9.8 11.2587
      vertex 136.242 9.8 11.0788
    endloop
  endfacet
  facet normal -0.793443 0 0.608644
    outer loop
      vertex 136.38 9.8 11.2587
      vertex 136.242 0 11.0788
      vertex 136.38 0 11.2587
    endloop
  endfacet
  facet normal -0.301089 2.06289e-19 0.953596
    outer loop
      vertex 134.923 9.8 10.2386
      vertex 135.139 0 10.3068
      vertex 135.139 9.8 10.3068
    endloop
  endfacet
  facet normal -0.301089 2.06289e-19 0.953596
    outer loop
      vertex 135.139 0 10.3068
      vertex 134.923 9.8 10.2386
      vertex 134.923 0 10.2386
    endloop
  endfacet
  facet normal -0.843135 0 -0.537702
    outer loop
      vertex 136.502 0 14.05
      vertex 136.38 9.8 14.2413
      vertex 136.502 9.8 14.05
    endloop
  endfacet
  facet normal -0.843135 -0 -0.537702
    outer loop
      vertex 136.38 9.8 14.2413
      vertex 136.502 0 14.05
      vertex 136.38 0 14.2413
    endloop
  endfacet
  facet normal 0.999028 -0 0.0440877
    outer loop
      vertex 131.65 0 12.75
      vertex 131.66 9.8 12.5234
      vertex 131.65 9.8 12.75
    endloop
  endfacet
  facet normal 0.999028 0 0.0440877
    outer loop
      vertex 131.66 9.8 12.5234
      vertex 131.65 0 12.75
      vertex 131.66 0 12.5234
    endloop
  endfacet
  facet normal -0.793443 0 -0.608644
    outer loop
      vertex 136.38 0 14.2413
      vertex 136.242 9.8 14.4212
      vertex 136.38 9.8 14.2413
    endloop
  endfacet
  facet normal -0.793443 -0 -0.608644
    outer loop
      vertex 136.242 9.8 14.4212
      vertex 136.38 0 14.2413
      vertex 136.242 0 14.4212
    endloop
  endfacet
  facet normal 0.991789 -0 0.127887
    outer loop
      vertex 131.66 0 12.5234
      vertex 131.689 9.8 12.2985
      vertex 131.66 9.8 12.5234
    endloop
  endfacet
  facet normal 0.991789 0 0.127887
    outer loop
      vertex 131.689 9.8 12.2985
      vertex 131.66 0 12.5234
      vertex 131.689 0 12.2985
    endloop
  endfacet
  facet normal -0.461978 -9.28562e-20 -0.886891
    outer loop
      vertex 135.349 0 15.1064
      vertex 135.55 9.8 15.0017
      vertex 135.55 0 15.0017
    endloop
  endfacet
  facet normal -0.461978 -9.28562e-20 -0.886891
    outer loop
      vertex 135.55 9.8 15.0017
      vertex 135.349 0 15.1064
      vertex 135.349 9.8 15.1064
    endloop
  endfacet
  facet normal -0.991789 0 -0.127887
    outer loop
      vertex 136.84 0 12.9766
      vertex 136.811 9.8 13.2015
      vertex 136.84 9.8 12.9766
    endloop
  endfacet
  facet normal -0.991789 -0 -0.127887
    outer loop
      vertex 136.811 9.8 13.2015
      vertex 136.84 0 12.9766
      vertex 136.811 0 13.2015
    endloop
  endfacet
  facet normal -0.954008 0 0.299781
    outer loop
      vertex 136.693 0 11.8607
      vertex 136.761 9.8 12.0771
      vertex 136.693 9.8 11.8607
    endloop
  endfacet
  facet normal -0.954008 0 0.299781
    outer loop
      vertex 136.761 9.8 12.0771
      vertex 136.693 0 11.8607
      vertex 136.761 0 12.0771
    endloop
  endfacet
  facet normal 0.676004 -5.63637e-19 0.736898
    outer loop
      vertex 132.412 9.8 10.9115
      vertex 132.579 0 10.7583
      vertex 132.579 9.8 10.7583
    endloop
  endfacet
  facet normal 0.676004 -5.63637e-19 0.736898
    outer loop
      vertex 132.579 0 10.7583
      vertex 132.412 9.8 10.9115
      vertex 132.412 0 10.9115
    endloop
  endfacet
  facet normal -0.215952 -3.68637e-19 0.976404
    outer loop
      vertex 134.701 9.8 10.1895
      vertex 134.923 0 10.2386
      vertex 134.923 9.8 10.2386
    endloop
  endfacet
  facet normal -0.215952 -3.68637e-19 0.976404
    outer loop
      vertex 134.923 0 10.2386
      vertex 134.701 9.8 10.1895
      vertex 134.701 0 10.1895
    endloop
  endfacet
  facet normal -0.888342 0 -0.459183
    outer loop
      vertex 136.606 0 13.8488
      vertex 136.502 9.8 14.05
      vertex 136.606 9.8 13.8488
    endloop
  endfacet
  facet normal -0.888342 -0 -0.459183
    outer loop
      vertex 136.502 9.8 14.05
      vertex 136.606 0 13.8488
      vertex 136.502 0 14.05
    endloop
  endfacet
  facet normal -0.954008 0 -0.299781
    outer loop
      vertex 136.761 0 13.4229
      vertex 136.693 9.8 13.6393
      vertex 136.761 9.8 13.4229
    endloop
  endfacet
  facet normal -0.954008 -0 -0.299781
    outer loop
      vertex 136.693 9.8 13.6393
      vertex 136.761 0 13.4229
      vertex 136.693 0 13.6393
    endloop
  endfacet
  facet normal -0.537989 2.91829e-19 -0.842952
    outer loop
      vertex 135.55 0 15.0017
      vertex 135.741 9.8 14.8798
      vertex 135.741 0 14.8798
    endloop
  endfacet
  facet normal -0.537989 2.91829e-19 -0.842952
    outer loop
      vertex 135.741 9.8 14.8798
      vertex 135.55 0 15.0017
      vertex 135.55 9.8 15.0017
    endloop
  endfacet
  facet normal 0.301089 -2.06289e-19 0.953596
    outer loop
      vertex 133.361 9.8 10.3068
      vertex 133.577 0 10.2386
      vertex 133.577 9.8 10.2386
    endloop
  endfacet
  facet normal 0.301089 -2.06289e-19 0.953596
    outer loop
      vertex 133.577 0 10.2386
      vertex 133.361 9.8 10.3068
      vertex 133.361 0 10.3068
    endloop
  endfacet
  facet normal -0.975435 0 0.220288
    outer loop
      vertex 136.761 0 12.0771
      vertex 136.811 9.8 12.2985
      vertex 136.761 9.8 12.0771
    endloop
  endfacet
  facet normal -0.975435 0 0.220288
    outer loop
      vertex 136.811 9.8 12.2985
      vertex 136.761 0 12.0771
      vertex 136.811 0 12.2985
    endloop
  endfacet
  facet normal -0.0435709 -1.35692e-20 -0.99905
    outer loop
      vertex 134.25 0 15.35
      vertex 134.477 9.8 15.3401
      vertex 134.477 0 15.3401
    endloop
  endfacet
  facet normal -0.0435709 -1.35692e-20 -0.99905
    outer loop
      vertex 134.477 9.8 15.3401
      vertex 134.25 0 15.35
      vertex 134.25 9.8 15.35
    endloop
  endfacet
  facet normal -0.301089 -2.06289e-19 -0.953596
    outer loop
      vertex 134.923 0 15.2614
      vertex 135.139 9.8 15.1932
      vertex 135.139 0 15.1932
    endloop
  endfacet
  facet normal -0.301089 -2.06289e-19 -0.953596
    outer loop
      vertex 135.139 9.8 15.1932
      vertex 134.923 0 15.2614
      vertex 134.923 9.8 15.2614
    endloop
  endfacet
  facet normal -0.991789 0 0.127887
    outer loop
      vertex 136.811 0 12.2985
      vertex 136.84 9.8 12.5234
      vertex 136.811 9.8 12.2985
    endloop
  endfacet
  facet normal -0.991789 0 0.127887
    outer loop
      vertex 136.84 9.8 12.5234
      vertex 136.811 0 12.2985
      vertex 136.84 0 12.5234
    endloop
  endfacet
  facet normal -0.608709 -7.49716e-19 -0.793393
    outer loop
      vertex 135.741 0 14.8798
      vertex 135.921 9.8 14.7417
      vertex 135.921 0 14.7417
    endloop
  endfacet
  facet normal -0.608709 -7.49716e-19 -0.793393
    outer loop
      vertex 135.921 9.8 14.7417
      vertex 135.741 0 14.8798
      vertex 135.741 9.8 14.8798
    endloop
  endfacet
  facet normal 0.608709 -7.49716e-19 0.793393
    outer loop
      vertex 132.579 9.8 10.7583
      vertex 132.759 0 10.6202
      vertex 132.759 9.8 10.6202
    endloop
  endfacet
  facet normal 0.608709 -7.49716e-19 0.793393
    outer loop
      vertex 132.759 0 10.6202
      vertex 132.579 9.8 10.7583
      vertex 132.579 0 10.7583
    endloop
  endfacet
  facet normal -0.843135 0 0.537702
    outer loop
      vertex 136.38 0 11.2587
      vertex 136.502 9.8 11.45
      vertex 136.38 9.8 11.2587
    endloop
  endfacet
  facet normal -0.843135 0 0.537702
    outer loop
      vertex 136.502 9.8 11.45
      vertex 136.38 0 11.2587
      vertex 136.502 0 11.45
    endloop
  endfacet
  facet normal -0.381989 1.35907e-19 -0.924167
    outer loop
      vertex 135.139 0 15.1932
      vertex 135.349 9.8 15.1064
      vertex 135.349 0 15.1064
    endloop
  endfacet
  facet normal -0.381989 1.35907e-19 -0.924167
    outer loop
      vertex 135.349 9.8 15.1064
      vertex 135.139 0 15.1932
      vertex 135.139 9.8 15.1932
    endloop
  endfacet
  facet normal -0.735747 0 0.677257
    outer loop
      vertex 136.088 0 10.9115
      vertex 136.242 9.8 11.0788
      vertex 136.088 9.8 10.9115
    endloop
  endfacet
  facet normal -0.735747 0 0.677257
    outer loop
      vertex 136.242 9.8 11.0788
      vertex 136.088 0 10.9115
      vertex 136.242 0 11.0788
    endloop
  endfacet
  facet normal 0.537989 2.91829e-19 0.842952
    outer loop
      vertex 132.759 9.8 10.6202
      vertex 132.95 0 10.4983
      vertex 132.95 9.8 10.4983
    endloop
  endfacet
  facet normal 0.537989 2.91829e-19 0.842952
    outer loop
      vertex 132.95 0 10.4983
      vertex 132.759 9.8 10.6202
      vertex 132.759 0 10.6202
    endloop
  endfacet
  facet normal 0.0435709 -1.35692e-20 0.99905
    outer loop
      vertex 134.023 9.8 10.1599
      vertex 134.25 0 10.15
      vertex 134.25 9.8 10.15
    endloop
  endfacet
  facet normal 0.0435709 -1.35692e-20 0.99905
    outer loop
      vertex 134.25 0 10.15
      vertex 134.023 9.8 10.1599
      vertex 134.023 0 10.1599
    endloop
  endfacet
  facet normal -0.0435709 1.35692e-20 0.99905
    outer loop
      vertex 134.25 9.8 10.15
      vertex 134.477 0 10.1599
      vertex 134.477 9.8 10.1599
    endloop
  endfacet
  facet normal -0.0435709 1.35692e-20 0.99905
    outer loop
      vertex 134.477 0 10.1599
      vertex 134.25 9.8 10.15
      vertex 134.25 0 10.15
    endloop
  endfacet
  facet normal 0.888342 -0 0.459183
    outer loop
      vertex 131.894 0 11.6512
      vertex 131.998 9.8 11.45
      vertex 131.894 9.8 11.6512
    endloop
  endfacet
  facet normal 0.888342 0 0.459183
    outer loop
      vertex 131.998 9.8 11.45
      vertex 131.894 0 11.6512
      vertex 131.998 0 11.45
    endloop
  endfacet
  facet normal -0.888342 0 0.459183
    outer loop
      vertex 136.502 0 11.45
      vertex 136.606 9.8 11.6512
      vertex 136.502 9.8 11.45
    endloop
  endfacet
  facet normal -0.888342 0 0.459183
    outer loop
      vertex 136.606 9.8 11.6512
      vertex 136.502 0 11.45
      vertex 136.606 0 11.6512
    endloop
  endfacet
  facet normal 0.991882 0 -0.127164
    outer loop
      vertex 131.663 0 13
      vertex 131.66 9.8 12.9766
      vertex 131.663 9.8 13
    endloop
  endfacet
  facet normal 0.991882 0 -0.127164
    outer loop
      vertex 131.66 9.8 12.9766
      vertex 131.663 0 13
      vertex 131.66 0 12.9766
    endloop
  endfacet
  facet normal 0.133575 2.24477e-20 -0.991039
    outer loop
      vertex 134 0 15.337
      vertex 134.023 9.8 15.3401
      vertex 134.023 0 15.3401
    endloop
  endfacet
  facet normal 0.133575 2.24477e-20 -0.991039
    outer loop
      vertex 134.023 9.8 15.3401
      vertex 134 0 15.337
      vertex 134 9.8 15.337
    endloop
  endfacet
  facet normal 0.793443 -0 0.608644
    outer loop
      vertex 132.12 0 11.2587
      vertex 132.258 9.8 11.0788
      vertex 132.12 9.8 11.2587
    endloop
  endfacet
  facet normal 0.793443 0 0.608644
    outer loop
      vertex 132.258 9.8 11.0788
      vertex 132.12 0 11.2587
      vertex 132.258 0 11.0788
    endloop
  endfacet
  facet normal -0.676004 5.63637e-19 0.736898
    outer loop
      vertex 135.921 9.8 10.7583
      vertex 136.088 0 10.9115
      vertex 136.088 9.8 10.9115
    endloop
  endfacet
  facet normal -0.676004 5.63637e-19 0.736898
    outer loop
      vertex 136.088 0 10.9115
      vertex 135.921 9.8 10.7583
      vertex 135.921 0 10.7583
    endloop
  endfacet
  facet normal 0.975435 -0 0.220288
    outer loop
      vertex 131.689 0 12.2985
      vertex 131.739 9.8 12.0771
      vertex 131.689 9.8 12.2985
    endloop
  endfacet
  facet normal 0.975435 0 0.220288
    outer loop
      vertex 131.739 9.8 12.0771
      vertex 131.689 0 12.2985
      vertex 131.739 0 12.0771
    endloop
  endfacet
  facet normal -0.215952 3.68637e-19 -0.976404
    outer loop
      vertex 134.701 0 15.3105
      vertex 134.923 9.8 15.2614
      vertex 134.923 0 15.2614
    endloop
  endfacet
  facet normal -0.215952 3.68637e-19 -0.976404
    outer loop
      vertex 134.923 9.8 15.2614
      vertex 134.701 0 15.3105
      vertex 134.701 9.8 15.3105
    endloop
  endfacet
  facet normal -0.381989 -1.35907e-19 0.924167
    outer loop
      vertex 135.139 9.8 10.3068
      vertex 135.349 0 10.3936
      vertex 135.349 9.8 10.3936
    endloop
  endfacet
  facet normal -0.381989 -1.35907e-19 0.924167
    outer loop
      vertex 135.349 0 10.3936
      vertex 135.139 9.8 10.3068
      vertex 135.139 0 10.3068
    endloop
  endfacet
  facet normal -0.923533 0 0.38352
    outer loop
      vertex 136.606 0 11.6512
      vertex 136.693 9.8 11.8607
      vertex 136.606 9.8 11.6512
    endloop
  endfacet
  facet normal -0.923533 0 0.38352
    outer loop
      vertex 136.693 9.8 11.8607
      vertex 136.606 0 11.6512
      vertex 136.693 0 11.8607
    endloop
  endfacet
  facet normal -0.537989 -2.91829e-19 0.842952
    outer loop
      vertex 135.55 9.8 10.4983
      vertex 135.741 0 10.6202
      vertex 135.741 9.8 10.6202
    endloop
  endfacet
  facet normal -0.537989 -2.91829e-19 0.842952
    outer loop
      vertex 135.741 0 10.6202
      vertex 135.55 9.8 10.4983
      vertex 135.55 0 10.4983
    endloop
  endfacet
  facet normal 0.735747 -0 0.677257
    outer loop
      vertex 132.258 0 11.0788
      vertex 132.412 9.8 10.9115
      vertex 132.258 9.8 11.0788
    endloop
  endfacet
  facet normal 0.735747 0 0.677257
    outer loop
      vertex 132.412 9.8 10.9115
      vertex 132.258 0 11.0788
      vertex 132.412 0 10.9115
    endloop
  endfacet
  facet normal 0.215952 3.68637e-19 0.976404
    outer loop
      vertex 133.577 9.8 10.2386
      vertex 133.799 0 10.1895
      vertex 133.799 9.8 10.1895
    endloop
  endfacet
  facet normal 0.215952 3.68637e-19 0.976404
    outer loop
      vertex 133.799 0 10.1895
      vertex 133.577 9.8 10.2386
      vertex 133.577 0 10.2386
    endloop
  endfacet
  facet normal -0.999028 0 0.0440877
    outer loop
      vertex 136.84 0 12.5234
      vertex 136.85 9.8 12.75
      vertex 136.84 9.8 12.5234
    endloop
  endfacet
  facet normal -0.999028 0 0.0440877
    outer loop
      vertex 136.85 9.8 12.75
      vertex 136.84 0 12.5234
      vertex 136.85 0 12.75
    endloop
  endfacet
  facet normal 0.131004 5.61208e-20 0.991382
    outer loop
      vertex 133.799 9.8 10.1895
      vertex 134.023 0 10.1599
      vertex 134.023 9.8 10.1599
    endloop
  endfacet
  facet normal 0.131004 5.61208e-20 0.991382
    outer loop
      vertex 134.023 0 10.1599
      vertex 133.799 9.8 10.1895
      vertex 133.799 0 10.1895
    endloop
  endfacet
  facet normal 0.843135 -0 0.537702
    outer loop
      vertex 131.998 0 11.45
      vertex 132.12 9.8 11.2587
      vertex 131.998 9.8 11.45
    endloop
  endfacet
  facet normal 0.843135 0 0.537702
    outer loop
      vertex 132.12 9.8 11.2587
      vertex 131.998 0 11.45
      vertex 132.12 0 11.2587
    endloop
  endfacet
  facet normal 0.999028 0 -0.0440877
    outer loop
      vertex 131.66 0 12.9766
      vertex 131.65 9.8 12.75
      vertex 131.66 9.8 12.9766
    endloop
  endfacet
  facet normal 0.999028 0 -0.0440877
    outer loop
      vertex 131.65 9.8 12.75
      vertex 131.66 0 12.9766
      vertex 131.65 0 12.75
    endloop
  endfacet
  facet normal -0.676004 -5.63637e-19 -0.736898
    outer loop
      vertex 135.921 0 14.7417
      vertex 136.088 9.8 14.5885
      vertex 136.088 0 14.5885
    endloop
  endfacet
  facet normal -0.676004 -5.63637e-19 -0.736898
    outer loop
      vertex 136.088 9.8 14.5885
      vertex 135.921 0 14.7417
      vertex 135.921 9.8 14.7417
    endloop
  endfacet
  facet normal 0.461978 -9.28562e-20 0.886891
    outer loop
      vertex 132.95 9.8 10.4983
      vertex 133.151 0 10.3936
      vertex 133.151 9.8 10.3936
    endloop
  endfacet
  facet normal 0.461978 -9.28562e-20 0.886891
    outer loop
      vertex 133.151 0 10.3936
      vertex 132.95 9.8 10.4983
      vertex 132.95 0 10.4983
    endloop
  endfacet
  facet normal 0.953849 0 -0.300286
    outer loop
      vertex 131.807 0 138.139
      vertex 131.739 9.8 137.923
      vertex 131.807 9.8 138.139
    endloop
  endfacet
  facet normal 0.953849 0 -0.300286
    outer loop
      vertex 131.739 9.8 137.923
      vertex 131.807 0 138.139
      vertex 131.739 0 137.923
    endloop
  endfacet
  facet normal -0.999031 0 -0.0440102
    outer loop
      vertex 136.85 0 137.25
      vertex 136.84 9.8 137.477
      vertex 136.85 9.8 137.25
    endloop
  endfacet
  facet normal -0.999031 -0 -0.0440102
    outer loop
      vertex 136.84 9.8 137.477
      vertex 136.85 0 137.25
      vertex 136.84 0 137.477
    endloop
  endfacet
  facet normal 0.219721 7.71646e-20 -0.975563
    outer loop
      vertex 133.577 0 139.761
      vertex 133.799 9.8 139.811
      vertex 133.799 0 139.811
    endloop
  endfacet
  facet normal 0.219721 7.71646e-20 -0.975563
    outer loop
      vertex 133.799 9.8 139.811
      vertex 133.577 0 139.761
      vertex 133.577 9.8 139.761
    endloop
  endfacet
  facet normal -0.128393 1.05053e-19 -0.991723
    outer loop
      vertex 134.477 0 139.84
      vertex 134.701 9.8 139.811
      vertex 134.701 0 139.811
    endloop
  endfacet
  facet normal -0.128393 1.05053e-19 -0.991723
    outer loop
      vertex 134.701 9.8 139.811
      vertex 134.477 0 139.84
      vertex 134.477 9.8 139.84
    endloop
  endfacet
  facet normal -0.975563 0 -0.219721
    outer loop
      vertex 136.811 0 137.701
      vertex 136.761 9.8 137.923
      vertex 136.811 9.8 137.701
    endloop
  endfacet
  facet normal -0.975563 -0 -0.219721
    outer loop
      vertex 136.761 9.8 137.923
      vertex 136.811 0 137.701
      vertex 136.761 0 137.923
    endloop
  endfacet
  facet normal 0.608432 -2.13777e-19 -0.793606
    outer loop
      vertex 132.579 0 139.242
      vertex 132.759 9.8 139.38
      vertex 132.759 0 139.38
    endloop
  endfacet
  facet normal 0.608432 -2.13777e-19 -0.793606
    outer loop
      vertex 132.759 9.8 139.38
      vertex 132.579 0 139.242
      vertex 132.579 9.8 139.242
    endloop
  endfacet
  facet normal 0.0440102 -2.63002e-20 -0.999031
    outer loop
      vertex 134.023 0 139.84
      vertex 134.25 9.8 139.85
      vertex 134.25 0 139.85
    endloop
  endfacet
  facet normal 0.0440102 -2.63002e-20 -0.999031
    outer loop
      vertex 134.25 9.8 139.85
      vertex 134.023 0 139.84
      vertex 134.023 9.8 139.84
    endloop
  endfacet
  facet normal -0.128393 -1.05053e-19 0.991723
    outer loop
      vertex 134.477 9.8 134.66
      vertex 134.701 0 134.689
      vertex 134.701 9.8 134.689
    endloop
  endfacet
  facet normal -0.128393 -1.05053e-19 0.991723
    outer loop
      vertex 134.701 0 134.689
      vertex 134.477 9.8 134.66
      vertex 134.477 0 134.66
    endloop
  endfacet
  facet normal -0.459543 3.24479e-19 0.888155
    outer loop
      vertex 135.349 9.8 134.894
      vertex 135.55 0 134.998
      vertex 135.55 9.8 134.998
    endloop
  endfacet
  facet normal -0.459543 3.24479e-19 0.888155
    outer loop
      vertex 135.55 0 134.998
      vertex 135.349 9.8 134.894
      vertex 135.349 0 134.894
    endloop
  endfacet
  facet normal -0.923856 0 -0.38274
    outer loop
      vertex 136.693 0 138.139
      vertex 136.606 9.8 138.349
      vertex 136.693 9.8 138.139
    endloop
  endfacet
  facet normal -0.923856 -0 -0.38274
    outer loop
      vertex 136.606 9.8 138.349
      vertex 136.693 0 138.139
      vertex 136.606 0 138.349
    endloop
  endfacet
  facet normal -0.735141 0 -0.677914
    outer loop
      vertex 136.242 0 138.921
      vertex 136.088 9.8 139.088
      vertex 136.242 9.8 138.921
    endloop
  endfacet
  facet normal -0.735141 -0 -0.677914
    outer loop
      vertex 136.088 9.8 139.088
      vertex 136.242 0 138.921
      vertex 136.088 0 139.088
    endloop
  endfacet
  facet normal -0.608432 -2.13777e-19 0.793606
    outer loop
      vertex 135.741 9.8 135.12
      vertex 135.921 0 135.258
      vertex 135.921 9.8 135.258
    endloop
  endfacet
  facet normal -0.608432 -2.13777e-19 0.793606
    outer loop
      vertex 135.921 0 135.258
      vertex 135.741 9.8 135.12
      vertex 135.741 0 135.12
    endloop
  endfacet
  facet normal 0.538302 1.33263e-19 -0.842752
    outer loop
      vertex 132.759 0 139.38
      vertex 132.95 9.8 139.502
      vertex 132.95 0 139.502
    endloop
  endfacet
  facet normal 0.538302 1.33263e-19 -0.842752
    outer loop
      vertex 132.95 9.8 139.502
      vertex 132.759 0 139.38
      vertex 132.759 9.8 139.38
    endloop
  endfacet
  facet normal -0.793606 0 0.608432
    outer loop
      vertex 136.242 0 135.579
      vertex 136.38 9.8 135.759
      vertex 136.242 9.8 135.579
    endloop
  endfacet
  facet normal -0.793606 0 0.608432
    outer loop
      vertex 136.38 9.8 135.759
      vertex 136.242 0 135.579
      vertex 136.38 0 135.759
    endloop
  endfacet
  facet normal 0.923856 0 -0.38274
    outer loop
      vertex 131.894 0 138.349
      vertex 131.807 9.8 138.139
      vertex 131.894 9.8 138.349
    endloop
  endfacet
  facet normal 0.923856 0 -0.38274
    outer loop
      vertex 131.807 9.8 138.139
      vertex 131.894 0 138.349
      vertex 131.807 0 138.139
    endloop
  endfacet
  facet normal -0.300286 -2.93712e-19 0.953849
    outer loop
      vertex 134.923 9.8 134.739
      vertex 135.139 0 134.807
      vertex 135.139 9.8 134.807
    endloop
  endfacet
  facet normal -0.300286 -2.93712e-19 0.953849
    outer loop
      vertex 135.139 0 134.807
      vertex 134.923 9.8 134.739
      vertex 134.923 0 134.739
    endloop
  endfacet
  facet normal -0.842752 0 -0.538302
    outer loop
      vertex 136.502 0 138.55
      vertex 136.38 9.8 138.741
      vertex 136.502 9.8 138.55
    endloop
  endfacet
  facet normal -0.842752 -0 -0.538302
    outer loop
      vertex 136.38 9.8 138.741
      vertex 136.502 0 138.55
      vertex 136.38 0 138.741
    endloop
  endfacet
  facet normal 0.999031 -0 0.0440102
    outer loop
      vertex 131.65 0 137.25
      vertex 131.66 9.8 137.023
      vertex 131.65 9.8 137.25
    endloop
  endfacet
  facet normal 0.999031 0 0.0440102
    outer loop
      vertex 131.66 9.8 137.023
      vertex 131.65 0 137.25
      vertex 131.66 0 137.023
    endloop
  endfacet
  facet normal 0.677914 2.61518e-19 -0.735141
    outer loop
      vertex 132.412 0 139.088
      vertex 132.579 9.8 139.242
      vertex 132.579 0 139.242
    endloop
  endfacet
  facet normal 0.677914 2.61518e-19 -0.735141
    outer loop
      vertex 132.579 9.8 139.242
      vertex 132.412 0 139.088
      vertex 132.412 9.8 139.088
    endloop
  endfacet
  facet normal -0.793606 0 -0.608432
    outer loop
      vertex 136.38 0 138.741
      vertex 136.242 9.8 138.921
      vertex 136.38 9.8 138.741
    endloop
  endfacet
  facet normal -0.793606 -0 -0.608432
    outer loop
      vertex 136.242 9.8 138.921
      vertex 136.38 0 138.741
      vertex 136.242 0 138.921
    endloop
  endfacet
  facet normal -0.459543 -3.24479e-19 -0.888155
    outer loop
      vertex 135.349 0 139.606
      vertex 135.55 9.8 139.502
      vertex 135.55 0 139.502
    endloop
  endfacet
  facet normal -0.459543 -3.24479e-19 -0.888155
    outer loop
      vertex 135.55 9.8 139.502
      vertex 135.349 0 139.606
      vertex 135.349 9.8 139.606
    endloop
  endfacet
  facet normal 0.38274 2.0733e-19 -0.923856
    outer loop
      vertex 133.151 0 139.606
      vertex 133.361 9.8 139.693
      vertex 133.361 0 139.693
    endloop
  endfacet
  facet normal 0.38274 2.0733e-19 -0.923856
    outer loop
      vertex 133.361 9.8 139.693
      vertex 133.151 0 139.606
      vertex 133.151 9.8 139.606
    endloop
  endfacet
  facet normal -0.991723 0 -0.128393
    outer loop
      vertex 136.84 0 137.477
      vertex 136.811 9.8 137.701
      vertex 136.84 9.8 137.477
    endloop
  endfacet
  facet normal -0.991723 -0 -0.128393
    outer loop
      vertex 136.811 9.8 137.701
      vertex 136.84 0 137.477
      vertex 136.811 0 137.701
    endloop
  endfacet
  facet normal -0.953849 0 0.300286
    outer loop
      vertex 136.693 0 136.361
      vertex 136.761 9.8 136.577
      vertex 136.693 9.8 136.361
    endloop
  endfacet
  facet normal -0.953849 0 0.300286
    outer loop
      vertex 136.761 9.8 136.577
      vertex 136.693 0 136.361
      vertex 136.761 0 136.577
    endloop
  endfacet
  facet normal -0.219721 7.71646e-20 0.975563
    outer loop
      vertex 134.701 9.8 134.689
      vertex 134.923 0 134.739
      vertex 134.923 9.8 134.739
    endloop
  endfacet
  facet normal -0.219721 7.71646e-20 0.975563
    outer loop
      vertex 134.923 0 134.739
      vertex 134.701 9.8 134.689
      vertex 134.701 0 134.689
    endloop
  endfacet
  facet normal -0.888155 0 -0.459543
    outer loop
      vertex 136.606 0 138.349
      vertex 136.502 9.8 138.55
      vertex 136.606 9.8 138.349
    endloop
  endfacet
  facet normal -0.888155 -0 -0.459543
    outer loop
      vertex 136.502 9.8 138.55
      vertex 136.606 0 138.349
      vertex 136.502 0 138.55
    endloop
  endfacet
  facet normal -0.953849 0 -0.300286
    outer loop
      vertex 136.761 0 137.923
      vertex 136.693 9.8 138.139
      vertex 136.761 9.8 137.923
    endloop
  endfacet
  facet normal -0.953849 -0 -0.300286
    outer loop
      vertex 136.693 9.8 138.139
      vertex 136.761 0 137.923
      vertex 136.693 0 138.139
    endloop
  endfacet
  facet normal -0.538302 -1.33263e-19 -0.842752
    outer loop
      vertex 135.55 0 139.502
      vertex 135.741 9.8 139.38
      vertex 135.741 0 139.38
    endloop
  endfacet
  facet normal -0.538302 -1.33263e-19 -0.842752
    outer loop
      vertex 135.741 9.8 139.38
      vertex 135.55 0 139.502
      vertex 135.55 9.8 139.502
    endloop
  endfacet
  facet normal -0.975563 0 0.219721
    outer loop
      vertex 136.761 0 136.577
      vertex 136.811 9.8 136.799
      vertex 136.761 9.8 136.577
    endloop
  endfacet
  facet normal -0.975563 0 0.219721
    outer loop
      vertex 136.811 9.8 136.799
      vertex 136.761 0 136.577
      vertex 136.811 0 136.799
    endloop
  endfacet
  facet normal -0.0440102 2.63002e-20 -0.999031
    outer loop
      vertex 134.25 0 139.85
      vertex 134.477 9.8 139.84
      vertex 134.477 0 139.84
    endloop
  endfacet
  facet normal -0.0440102 2.63002e-20 -0.999031
    outer loop
      vertex 134.477 9.8 139.84
      vertex 134.25 0 139.85
      vertex 134.25 9.8 139.85
    endloop
  endfacet
  facet normal 0.459543 3.24479e-19 -0.888155
    outer loop
      vertex 132.95 0 139.502
      vertex 133.151 9.8 139.606
      vertex 133.151 0 139.606
    endloop
  endfacet
  facet normal 0.459543 3.24479e-19 -0.888155
    outer loop
      vertex 133.151 9.8 139.606
      vertex 132.95 0 139.502
      vertex 132.95 9.8 139.502
    endloop
  endfacet
  facet normal -0.300286 2.93712e-19 -0.953849
    outer loop
      vertex 134.923 0 139.761
      vertex 135.139 9.8 139.693
      vertex 135.139 0 139.693
    endloop
  endfacet
  facet normal -0.300286 2.93712e-19 -0.953849
    outer loop
      vertex 135.139 9.8 139.693
      vertex 134.923 0 139.761
      vertex 134.923 9.8 139.761
    endloop
  endfacet
  facet normal -0.991723 0 0.128393
    outer loop
      vertex 136.811 0 136.799
      vertex 136.84 9.8 137.023
      vertex 136.811 9.8 136.799
    endloop
  endfacet
  facet normal -0.991723 0 0.128393
    outer loop
      vertex 136.84 9.8 137.023
      vertex 136.811 0 136.799
      vertex 136.84 0 137.023
    endloop
  endfacet
  facet normal -0.608432 2.13777e-19 -0.793606
    outer loop
      vertex 135.741 0 139.38
      vertex 135.921 9.8 139.242
      vertex 135.921 0 139.242
    endloop
  endfacet
  facet normal -0.608432 2.13777e-19 -0.793606
    outer loop
      vertex 135.921 9.8 139.242
      vertex 135.741 0 139.38
      vertex 135.741 9.8 139.38
    endloop
  endfacet
  facet normal 0.735141 0 -0.677914
    outer loop
      vertex 132.412 0 139.088
      vertex 132.258 9.8 138.921
      vertex 132.412 9.8 139.088
    endloop
  endfacet
  facet normal 0.735141 0 -0.677914
    outer loop
      vertex 132.258 9.8 138.921
      vertex 132.412 0 139.088
      vertex 132.258 0 138.921
    endloop
  endfacet
  facet normal -0.842752 0 0.538302
    outer loop
      vertex 136.38 0 135.759
      vertex 136.502 9.8 135.95
      vertex 136.38 9.8 135.759
    endloop
  endfacet
  facet normal -0.842752 0 0.538302
    outer loop
      vertex 136.502 9.8 135.95
      vertex 136.38 0 135.759
      vertex 136.502 0 135.95
    endloop
  endfacet
  facet normal -0.38274 -2.0733e-19 -0.923856
    outer loop
      vertex 135.139 0 139.693
      vertex 135.349 9.8 139.606
      vertex 135.349 0 139.606
    endloop
  endfacet
  facet normal -0.38274 -2.0733e-19 -0.923856
    outer loop
      vertex 135.349 9.8 139.606
      vertex 135.139 0 139.693
      vertex 135.139 9.8 139.693
    endloop
  endfacet
  facet normal -0.735141 0 0.677914
    outer loop
      vertex 136.088 0 135.412
      vertex 136.242 9.8 135.579
      vertex 136.088 9.8 135.412
    endloop
  endfacet
  facet normal -0.735141 0 0.677914
    outer loop
      vertex 136.242 9.8 135.579
      vertex 136.088 0 135.412
      vertex 136.242 0 135.579
    endloop
  endfacet
  facet normal 0.0440102 2.63002e-20 0.999031
    outer loop
      vertex 134.023 9.8 134.66
      vertex 134.25 0 134.65
      vertex 134.25 9.8 134.65
    endloop
  endfacet
  facet normal 0.0440102 2.63002e-20 0.999031
    outer loop
      vertex 134.25 0 134.65
      vertex 134.023 9.8 134.66
      vertex 134.023 0 134.66
    endloop
  endfacet
  facet normal -0.0440102 -2.63002e-20 0.999031
    outer loop
      vertex 134.25 9.8 134.65
      vertex 134.477 0 134.66
      vertex 134.477 9.8 134.66
    endloop
  endfacet
  facet normal -0.0440102 -2.63002e-20 0.999031
    outer loop
      vertex 134.477 0 134.66
      vertex 134.25 9.8 134.65
      vertex 134.25 0 134.65
    endloop
  endfacet
  facet normal -0.888155 0 0.459543
    outer loop
      vertex 136.502 0 135.95
      vertex 136.606 9.8 136.151
      vertex 136.502 9.8 135.95
    endloop
  endfacet
  facet normal -0.888155 0 0.459543
    outer loop
      vertex 136.606 9.8 136.151
      vertex 136.502 0 135.95
      vertex 136.606 0 136.151
    endloop
  endfacet
  facet normal 0.991723 0 -0.128393
    outer loop
      vertex 131.689 0 137.701
      vertex 131.66 9.8 137.477
      vertex 131.689 9.8 137.701
    endloop
  endfacet
  facet normal 0.991723 0 -0.128393
    outer loop
      vertex 131.66 9.8 137.477
      vertex 131.689 0 137.701
      vertex 131.66 0 137.477
    endloop
  endfacet
  facet normal 0.975563 0 -0.219721
    outer loop
      vertex 131.739 0 137.923
      vertex 131.689 9.8 137.701
      vertex 131.739 9.8 137.923
    endloop
  endfacet
  facet normal 0.975563 0 -0.219721
    outer loop
      vertex 131.689 9.8 137.701
      vertex 131.739 0 137.923
      vertex 131.689 0 137.701
    endloop
  endfacet
  facet normal 0.128393 -1.05053e-19 -0.991723
    outer loop
      vertex 133.799 0 139.811
      vertex 134.023 9.8 139.84
      vertex 134.023 0 139.84
    endloop
  endfacet
  facet normal 0.128393 -1.05053e-19 -0.991723
    outer loop
      vertex 134.023 9.8 139.84
      vertex 133.799 0 139.811
      vertex 133.799 9.8 139.811
    endloop
  endfacet
  facet normal 0.300286 -2.93712e-19 -0.953849
    outer loop
      vertex 133.361 0 139.693
      vertex 133.577 9.8 139.761
      vertex 133.577 0 139.761
    endloop
  endfacet
  facet normal 0.300286 -2.93712e-19 -0.953849
    outer loop
      vertex 133.577 9.8 139.761
      vertex 133.361 0 139.693
      vertex 133.361 9.8 139.693
    endloop
  endfacet
  facet normal -0.677914 2.61518e-19 0.735141
    outer loop
      vertex 135.921 9.8 135.258
      vertex 136.088 0 135.412
      vertex 136.088 9.8 135.412
    endloop
  endfacet
  facet normal -0.677914 2.61518e-19 0.735141
    outer loop
      vertex 136.088 0 135.412
      vertex 135.921 9.8 135.258
      vertex 135.921 0 135.258
    endloop
  endfacet
  facet normal 0.888155 0 -0.459543
    outer loop
      vertex 131.998 0 138.55
      vertex 131.894 9.8 138.349
      vertex 131.998 9.8 138.55
    endloop
  endfacet
  facet normal 0.888155 0 -0.459543
    outer loop
      vertex 131.894 9.8 138.349
      vertex 131.998 0 138.55
      vertex 131.894 0 138.349
    endloop
  endfacet
  facet normal -0.219721 -7.71646e-20 -0.975563
    outer loop
      vertex 134.701 0 139.811
      vertex 134.923 9.8 139.761
      vertex 134.923 0 139.761
    endloop
  endfacet
  facet normal -0.219721 -7.71646e-20 -0.975563
    outer loop
      vertex 134.923 9.8 139.761
      vertex 134.701 0 139.811
      vertex 134.701 9.8 139.811
    endloop
  endfacet
  facet normal -0.38274 2.0733e-19 0.923856
    outer loop
      vertex 135.139 9.8 134.807
      vertex 135.349 0 134.894
      vertex 135.349 9.8 134.894
    endloop
  endfacet
  facet normal -0.38274 2.0733e-19 0.923856
    outer loop
      vertex 135.349 0 134.894
      vertex 135.139 9.8 134.807
      vertex 135.139 0 134.807
    endloop
  endfacet
  facet normal 0.9916 -0 0.129339
    outer loop
      vertex 131.66 0 137.023
      vertex 131.663 9.8 137
      vertex 131.66 9.8 137.023
    endloop
  endfacet
  facet normal 0.9916 0 0.129339
    outer loop
      vertex 131.663 9.8 137
      vertex 131.66 0 137.023
      vertex 131.663 0 137
    endloop
  endfacet
  facet normal -0.923856 0 0.38274
    outer loop
      vertex 136.606 0 136.151
      vertex 136.693 9.8 136.361
      vertex 136.606 9.8 136.151
    endloop
  endfacet
  facet normal -0.923856 0 0.38274
    outer loop
      vertex 136.693 9.8 136.361
      vertex 136.606 0 136.151
      vertex 136.693 0 136.361
    endloop
  endfacet
  facet normal 0.842752 0 -0.538302
    outer loop
      vertex 132.12 0 138.741
      vertex 131.998 9.8 138.55
      vertex 132.12 9.8 138.741
    endloop
  endfacet
  facet normal 0.842752 0 -0.538302
    outer loop
      vertex 131.998 9.8 138.55
      vertex 132.12 0 138.741
      vertex 131.998 0 138.55
    endloop
  endfacet
  facet normal -0.538302 1.33263e-19 0.842752
    outer loop
      vertex 135.55 9.8 134.998
      vertex 135.741 0 135.12
      vertex 135.741 9.8 135.12
    endloop
  endfacet
  facet normal -0.538302 1.33263e-19 0.842752
    outer loop
      vertex 135.741 0 135.12
      vertex 135.55 9.8 134.998
      vertex 135.55 0 134.998
    endloop
  endfacet
  facet normal 0.793606 0 -0.608432
    outer loop
      vertex 132.258 0 138.921
      vertex 132.12 9.8 138.741
      vertex 132.258 9.8 138.921
    endloop
  endfacet
  facet normal 0.793606 0 -0.608432
    outer loop
      vertex 132.12 9.8 138.741
      vertex 132.258 0 138.921
      vertex 132.12 0 138.741
    endloop
  endfacet
  facet normal -0.999031 0 0.0440102
    outer loop
      vertex 136.84 0 137.023
      vertex 136.85 9.8 137.25
      vertex 136.84 9.8 137.023
    endloop
  endfacet
  facet normal -0.999031 0 0.0440102
    outer loop
      vertex 136.85 9.8 137.25
      vertex 136.84 0 137.023
      vertex 136.85 0 137.25
    endloop
  endfacet
  facet normal 0.129339 1.2283e-20 0.9916
    outer loop
      vertex 134 9.8 134.663
      vertex 134.023 0 134.66
      vertex 134.023 9.8 134.66
    endloop
  endfacet
  facet normal 0.129339 1.2283e-20 0.9916
    outer loop
      vertex 134.023 0 134.66
      vertex 134 9.8 134.663
      vertex 134 0 134.663
    endloop
  endfacet
  facet normal 0.999031 0 -0.0440102
    outer loop
      vertex 131.66 0 137.477
      vertex 131.65 9.8 137.25
      vertex 131.66 9.8 137.477
    endloop
  endfacet
  facet normal 0.999031 0 -0.0440102
    outer loop
      vertex 131.65 9.8 137.25
      vertex 131.66 0 137.477
      vertex 131.65 0 137.25
    endloop
  endfacet
  facet normal -0.677914 -2.61518e-19 -0.735141
    outer loop
      vertex 135.921 0 139.242
      vertex 136.088 9.8 139.088
      vertex 136.088 0 139.088
    endloop
  endfacet
  facet normal -0.677914 -2.61518e-19 -0.735141
    outer loop
      vertex 136.088 9.8 139.088
      vertex 135.921 0 139.242
      vertex 135.921 9.8 139.242
    endloop
  endfacet
  facet normal 0 1 0
    outer loop
      vertex 9.9766 9.8 134.66
      vertex 9.75 9.8 15.35
      vertex 9.75 9.8 134.65
    endloop
  endfacet
  facet normal 0 1 0
    outer loop
      vertex 9.9766 9.8 15.3401
      vertex 9.9766 9.8 134.66
      vertex 10 9.8 134.663
    endloop
  endfacet
  facet normal 0 1 0
    outer loop
      vertex 9.9766 9.8 134.66
      vertex 9.9766 9.8 15.3401
      vertex 9.75 9.8 15.35
    endloop
  endfacet
  facet normal -0 1 0
    outer loop
      vertex 9.9766 9.8 15.3401
      vertex 10 9.8 134.663
      vertex 10 9.8 15.337
    endloop
  endfacet
  facet normal 0 1 0
    outer loop
      vertex 133.577 9.8 139.761
      vertex 137.5 9.8 145.5
      vertex 133.799 9.8 139.811
    endloop
  endfacet
  facet normal 0 1 0
    outer loop
      vertex 6.5 9.8 145.5
      vertex 9.9766 9.8 139.84
      vertex 9.75 9.8 139.85
    endloop
  endfacet
  facet normal 0 1 0
    outer loop
      vertex 133.361 9.8 139.693
      vertex 137.5 9.8 145.5
      vertex 133.577 9.8 139.761
    endloop
  endfacet
  facet normal 0 1 0
    outer loop
      vertex 6.5 9.8 145.5
      vertex 10.2015 9.8 139.811
      vertex 9.9766 9.8 139.84
    endloop
  endfacet
  facet normal 0 1 0
    outer loop
      vertex 133.151 9.8 139.606
      vertex 137.5 9.8 145.5
      vertex 133.361 9.8 139.693
    endloop
  endfacet
  facet normal 0 1 0
    outer loop
      vertex 6.5 9.8 145.5
      vertex 10.4229 9.8 139.761
      vertex 10.2015 9.8 139.811
    endloop
  endfacet
  facet normal 0 1 0
    outer loop
      vertex 132.95 9.8 139.502
      vertex 137.5 9.8 145.5
      vertex 133.151 9.8 139.606
    endloop
  endfacet
  facet normal 0 1 0
    outer loop
      vertex 6.5 9.8 145.5
      vertex 10.6393 9.8 139.693
      vertex 10.4229 9.8 139.761
    endloop
  endfacet
  facet normal 0 1 0
    outer loop
      vertex 132.759 9.8 139.38
      vertex 137.5 9.8 145.5
      vertex 132.95 9.8 139.502
    endloop
  endfacet
  facet normal 0 1 0
    outer loop
      vertex 6.5 9.8 145.5
      vertex 10.8488 9.8 139.606
      vertex 10.6393 9.8 139.693
    endloop
  endfacet
  facet normal 0 1 0
    outer loop
      vertex 132.579 9.8 139.242
      vertex 137.5 9.8 145.5
      vertex 132.759 9.8 139.38
    endloop
  endfacet
  facet normal 0 1 0
    outer loop
      vertex 6.5 9.8 145.5
      vertex 11.05 9.8 139.502
      vertex 10.8488 9.8 139.606
    endloop
  endfacet
  facet normal 0 1 0
    outer loop
      vertex 132.412 9.8 139.088
      vertex 137.5 9.8 145.5
      vertex 132.579 9.8 139.242
    endloop
  endfacet
  facet normal 0 1 0
    outer loop
      vertex 6.5 9.8 145.5
      vertex 11.2413 9.8 139.38
      vertex 11.05 9.8 139.502
    endloop
  endfacet
  facet normal 0 1 0
    outer loop
      vertex 132.258 9.8 138.921
      vertex 137.5 9.8 145.5
      vertex 132.412 9.8 139.088
    endloop
  endfacet
  facet normal 0 1 0
    outer loop
      vertex 6.5 9.8 145.5
      vertex 11.4212 9.8 139.242
      vertex 11.2413 9.8 139.38
    endloop
  endfacet
  facet normal 0 1 0
    outer loop
      vertex 137.5 9.8 145.5
      vertex 132.258 9.8 138.921
      vertex 6.5 9.8 145.5
    endloop
  endfacet
  facet normal 0 1 0
    outer loop
      vertex 6.5 9.8 145.5
      vertex 11.5885 9.8 139.088
      vertex 11.4212 9.8 139.242
    endloop
  endfacet
  facet normal 0 1 -0
    outer loop
      vertex 11.7417 9.8 138.921
      vertex 6.5 9.8 145.5
      vertex 132.258 9.8 138.921
    endloop
  endfacet
  facet normal 0 1 0
    outer loop
      vertex 6.5 9.8 145.5
      vertex 11.7417 9.8 138.921
      vertex 11.5885 9.8 139.088
    endloop
  endfacet
  facet normal 0 1 -0
    outer loop
      vertex 132.12 9.8 138.741
      vertex 11.7417 9.8 138.921
      vertex 132.258 9.8 138.921
    endloop
  endfacet
  facet normal 0 1 0
    outer loop
      vertex 132.12 9.8 138.741
      vertex 11.8798 9.8 138.741
      vertex 11.7417 9.8 138.921
    endloop
  endfacet
  facet normal 0 1 -0
    outer loop
      vertex 131.998 9.8 138.55
      vertex 11.8798 9.8 138.741
      vertex 132.12 9.8 138.741
    endloop
  endfacet
  facet normal 0 1 0
    outer loop
      vertex 131.998 9.8 138.55
      vertex 12.0017 9.8 138.55
      vertex 11.8798 9.8 138.741
    endloop
  endfacet
  facet normal 0 1 -0
    outer loop
      vertex 131.894 9.8 138.349
      vertex 12.0017 9.8 138.55
      vertex 131.998 9.8 138.55
    endloop
  endfacet
  facet normal 0 1 0
    outer loop
      vertex 131.894 9.8 138.349
      vertex 12.1064 9.8 138.349
      vertex 12.0017 9.8 138.55
    endloop
  endfacet
  facet normal 0 1 -0
    outer loop
      vertex 131.807 9.8 138.139
      vertex 12.1064 9.8 138.349
      vertex 131.894 9.8 138.349
    endloop
  endfacet
  facet normal 0 1 0
    outer loop
      vertex 131.807 9.8 138.139
      vertex 12.1932 9.8 138.139
      vertex 12.1064 9.8 138.349
    endloop
  endfacet
  facet normal 0 1 -0
    outer loop
      vertex 131.739 9.8 137.923
      vertex 12.1932 9.8 138.139
      vertex 131.807 9.8 138.139
    endloop
  endfacet
  facet normal 0 1 0
    outer loop
      vertex 131.739 9.8 137.923
      vertex 12.2614 9.8 137.923
      vertex 12.1932 9.8 138.139
    endloop
  endfacet
  facet normal 0 1 -0
    outer loop
      vertex 131.689 9.8 137.701
      vertex 12.2614 9.8 137.923
      vertex 131.739 9.8 137.923
    endloop
  endfacet
  facet normal 0 1 0
    outer loop
      vertex 131.689 9.8 137.701
      vertex 12.3105 9.8 137.701
      vertex 12.2614 9.8 137.923
    endloop
  endfacet
  facet normal 0 1 -0
    outer loop
      vertex 131.66 9.8 137.477
      vertex 12.3105 9.8 137.701
      vertex 131.689 9.8 137.701
    endloop
  endfacet
  facet normal 0 1 0
    outer loop
      vertex 131.66 9.8 137.477
      vertex 12.3401 9.8 137.477
      vertex 12.3105 9.8 137.701
    endloop
  endfacet
  facet normal 0 1 -0
    outer loop
      vertex 131.65 9.8 137.25
      vertex 12.3401 9.8 137.477
      vertex 131.66 9.8 137.477
    endloop
  endfacet
  facet normal 0 1 0
    outer loop
      vertex 131.65 9.8 137.25
      vertex 12.35 9.8 137.25
      vertex 12.3401 9.8 137.477
    endloop
  endfacet
  facet normal 0 1 0
    outer loop
      vertex 131.66 9.8 137.023
      vertex 12.35 9.8 137.25
      vertex 131.65 9.8 137.25
    endloop
  endfacet
  facet normal 0 1 0
    outer loop
      vertex 131.66 9.8 137.023
      vertex 12.3401 9.8 137.023
      vertex 12.35 9.8 137.25
    endloop
  endfacet
  facet normal 0 1 0
    outer loop
      vertex 131.663 9.8 137
      vertex 12.3401 9.8 137.023
      vertex 131.66 9.8 137.023
    endloop
  endfacet
  facet normal 0 1 0
    outer loop
      vertex 12.3401 9.8 137.023
      vertex 131.663 9.8 137
      vertex 12.337 9.8 137
    endloop
  endfacet
  facet normal 0 1 0
    outer loop
      vertex 134.023 9.8 139.84
      vertex 137.5 9.8 145.5
      vertex 134.25 9.8 139.85
    endloop
  endfacet
  facet normal 0 1 0
    outer loop
      vertex 137.5 9.8 145.5
      vertex 134.477 9.8 139.84
      vertex 134.25 9.8 139.85
    endloop
  endfacet
  facet normal 0 1 0
    outer loop
      vertex 137.5 9.8 145.5
      vertex 134.701 9.8 139.811
      vertex 134.477 9.8 139.84
    endloop
  endfacet
  facet normal 0 1 0
    outer loop
      vertex 137.5 9.8 145.5
      vertex 134.923 9.8 139.761
      vertex 134.701 9.8 139.811
    endloop
  endfacet
  facet normal 0 1 0
    outer loop
      vertex 137.5 9.8 145.5
      vertex 135.139 9.8 139.693
      vertex 134.923 9.8 139.761
    endloop
  endfacet
  facet normal 0 1 0
    outer loop
      vertex 137.5 9.8 145.5
      vertex 135.349 9.8 139.606
      vertex 135.139 9.8 139.693
    endloop
  endfacet
  facet normal 0 1 0
    outer loop
      vertex 137.5 9.8 145.5
      vertex 135.55 9.8 139.502
      vertex 135.349 9.8 139.606
    endloop
  endfacet
  facet normal 0 1 0
    outer loop
      vertex 137.5 9.8 145.5
      vertex 135.741 9.8 139.38
      vertex 135.55 9.8 139.502
    endloop
  endfacet
  facet normal 0 1 0
    outer loop
      vertex 137.5 9.8 145.5
      vertex 135.921 9.8 139.242
      vertex 135.741 9.8 139.38
    endloop
  endfacet
  facet normal 0 1 0
    outer loop
      vertex 137.5 9.8 145.5
      vertex 136.088 9.8 139.088
      vertex 135.921 9.8 139.242
    endloop
  endfacet
  facet normal 0 1 0
    outer loop
      vertex 137.5 9.8 145.5
      vertex 136.242 9.8 138.921
      vertex 136.088 9.8 139.088
    endloop
  endfacet
  facet normal 0 1 0
    outer loop
      vertex 137.5 9.8 145.5
      vertex 136.38 9.8 138.741
      vertex 136.242 9.8 138.921
    endloop
  endfacet
  facet normal 0 1 0
    outer loop
      vertex 137.5 9.8 145.5
      vertex 136.502 9.8 138.55
      vertex 136.38 9.8 138.741
    endloop
  endfacet
  facet normal 0 1 0
    outer loop
      vertex 137.5 9.8 145.5
      vertex 136.606 9.8 138.349
      vertex 136.502 9.8 138.55
    endloop
  endfacet
  facet normal 0 1 0
    outer loop
      vertex 137.5 9.8 145.5
      vertex 136.693 9.8 138.139
      vertex 136.606 9.8 138.349
    endloop
  endfacet
  facet normal 0 1 0
    outer loop
      vertex 137.5 9.8 145.5
      vertex 136.761 9.8 137.923
      vertex 136.693 9.8 138.139
    endloop
  endfacet
  facet normal 0 1 0
    outer loop
      vertex 137.5 9.8 145.5
      vertex 136.811 9.8 137.701
      vertex 136.761 9.8 137.923
    endloop
  endfacet
  facet normal 0 1 0
    outer loop
      vertex 137.5 9.8 145.5
      vertex 136.84 9.8 137.477
      vertex 136.811 9.8 137.701
    endloop
  endfacet
  facet normal 0 1 0
    outer loop
      vertex 137.5 9.8 145.5
      vertex 136.85 9.8 137.25
      vertex 136.84 9.8 137.477
    endloop
  endfacet
  facet normal 0 1 0
    outer loop
      vertex 137.5 9.8 145.5
      vertex 136.84 9.8 137.023
      vertex 136.85 9.8 137.25
    endloop
  endfacet
  facet normal 0 1 0
    outer loop
      vertex 134.477 9.8 134.66
      vertex 134.25 9.8 15.35
      vertex 134.25 9.8 134.65
    endloop
  endfacet
  facet normal 0 1 0
    outer loop
      vertex 134.477 9.8 15.3401
      vertex 134.477 9.8 134.66
      vertex 134.701 9.8 134.689
    endloop
  endfacet
  facet normal 0 1 0
    outer loop
      vertex 134.701 9.8 15.3105
      vertex 134.701 9.8 134.689
      vertex 134.923 9.8 134.739
    endloop
  endfacet
  facet normal 0 1 0
    outer loop
      vertex 134.923 9.8 15.2614
      vertex 134.923 9.8 134.739
      vertex 135.139 9.8 134.807
    endloop
  endfacet
  facet normal 0 1 0
    outer loop
      vertex 135.139 9.8 15.1932
      vertex 135.139 9.8 134.807
      vertex 135.349 9.8 134.894
    endloop
  endfacet
  facet normal 0 1 0
    outer loop
      vertex 135.349 9.8 15.1064
      vertex 135.349 9.8 134.894
      vertex 135.55 9.8 134.998
    endloop
  endfacet
  facet normal 0 1 0
    outer loop
      vertex 135.55 9.8 15.0017
      vertex 135.55 9.8 134.998
      vertex 135.741 9.8 135.12
    endloop
  endfacet
  facet normal 0 1 0
    outer loop
      vertex 135.741 9.8 14.8798
      vertex 135.741 9.8 135.12
      vertex 135.921 9.8 135.258
    endloop
  endfacet
  facet normal 0 1 0
    outer loop
      vertex 135.921 9.8 14.7417
      vertex 135.921 9.8 135.258
      vertex 136.088 9.8 135.412
    endloop
  endfacet
  facet normal 0 1 0
    outer loop
      vertex 136.088 9.8 14.5885
      vertex 136.088 9.8 135.412
      vertex 136.242 9.8 135.579
    endloop
  endfacet
  facet normal 0 1 0
    outer loop
      vertex 136.242 9.8 14.4212
      vertex 136.242 9.8 135.579
      vertex 136.38 9.8 135.759
    endloop
  endfacet
  facet normal 0 1 0
    outer loop
      vertex 136.38 9.8 14.2413
      vertex 136.38 9.8 135.759
      vertex 136.502 9.8 135.95
    endloop
  endfacet
  facet normal 0 1 0
    outer loop
      vertex 136.502 9.8 14.05
      vertex 136.502 9.8 135.95
      vertex 136.606 9.8 136.151
    endloop
  endfacet
  facet normal 0 1 0
    outer loop
      vertex 136.606 9.8 13.8488
      vertex 136.606 9.8 136.151
      vertex 136.693 9.8 136.361
    endloop
  endfacet
  facet normal 0 1 0
    outer loop
      vertex 136.693 9.8 13.6393
      vertex 136.693 9.8 136.361
      vertex 136.761 9.8 136.577
    endloop
  endfacet
  facet normal 0 1 0
    outer loop
      vertex 136.761 9.8 13.4229
      vertex 136.761 9.8 136.577
      vertex 136.811 9.8 136.799
    endloop
  endfacet
  facet normal 0 1 0
    outer loop
      vertex 136.811 9.8 13.2015
      vertex 136.811 9.8 136.799
      vertex 136.84 9.8 137.023
    endloop
  endfacet
  facet normal 0 1 0
    outer loop
      vertex 136.84 9.8 12.9766
      vertex 136.84 9.8 137.023
      vertex 137.5 9.8 145.5
    endloop
  endfacet
  facet normal 0 1 0
    outer loop
      vertex 134.477 9.8 134.66
      vertex 134.477 9.8 15.3401
      vertex 134.25 9.8 15.35
    endloop
  endfacet
  facet normal 0 1 0
    outer loop
      vertex 134.701 9.8 134.689
      vertex 134.701 9.8 15.3105
      vertex 134.477 9.8 15.3401
    endloop
  endfacet
  facet normal 0 1 0
    outer loop
      vertex 134.923 9.8 134.739
      vertex 134.923 9.8 15.2614
      vertex 134.701 9.8 15.3105
    endloop
  endfacet
  facet normal 0 1 0
    outer loop
      vertex 135.139 9.8 134.807
      vertex 135.139 9.8 15.1932
      vertex 134.923 9.8 15.2614
    endloop
  endfacet
  facet normal 0 1 0
    outer loop
      vertex 135.349 9.8 134.894
      vertex 135.349 9.8 15.1064
      vertex 135.139 9.8 15.1932
    endloop
  endfacet
  facet normal 0 1 0
    outer loop
      vertex 135.55 9.8 134.998
      vertex 135.55 9.8 15.0017
      vertex 135.349 9.8 15.1064
    endloop
  endfacet
  facet normal 0 1 0
    outer loop
      vertex 135.741 9.8 135.12
      vertex 135.741 9.8 14.8798
      vertex 135.55 9.8 15.0017
    endloop
  endfacet
  facet normal 0 1 0
    outer loop
      vertex 135.921 9.8 135.258
      vertex 135.921 9.8 14.7417
      vertex 135.741 9.8 14.8798
    endloop
  endfacet
  facet normal 0 1 0
    outer loop
      vertex 136.088 9.8 135.412
      vertex 136.088 9.8 14.5885
      vertex 135.921 9.8 14.7417
    endloop
  endfacet
  facet normal 0 1 0
    outer loop
      vertex 136.242 9.8 135.579
      vertex 136.242 9.8 14.4212
      vertex 136.088 9.8 14.5885
    endloop
  endfacet
  facet normal 0 1 0
    outer loop
      vertex 136.38 9.8 135.759
      vertex 136.38 9.8 14.2413
      vertex 136.242 9.8 14.4212
    endloop
  endfacet
  facet normal 0 1 0
    outer loop
      vertex 136.502 9.8 135.95
      vertex 136.502 9.8 14.05
      vertex 136.38 9.8 14.2413
    endloop
  endfacet
  facet normal 0 1 0
    outer loop
      vertex 136.606 9.8 136.151
      vertex 136.606 9.8 13.8488
      vertex 136.502 9.8 14.05
    endloop
  endfacet
  facet normal 0 1 0
    outer loop
      vertex 136.693 9.8 136.361
      vertex 136.693 9.8 13.6393
      vertex 136.606 9.8 13.8488
    endloop
  endfacet
  facet normal 0 1 0
    outer loop
      vertex 136.761 9.8 136.577
      vertex 136.761 9.8 13.4229
      vertex 136.693 9.8 13.6393
    endloop
  endfacet
  facet normal 0 1 0
    outer loop
      vertex 136.811 9.8 136.799
      vertex 136.811 9.8 13.2015
      vertex 136.761 9.8 13.4229
    endloop
  endfacet
  facet normal 0 1 0
    outer loop
      vertex 136.84 9.8 137.023
      vertex 136.84 9.8 12.9766
      vertex 136.811 9.8 13.2015
    endloop
  endfacet
  facet normal 0 1 -0
    outer loop
      vertex 137.5 9.8 4.5
      vertex 136.84 9.8 12.9766
      vertex 137.5 9.8 145.5
    endloop
  endfacet
  facet normal 0 1 0
    outer loop
      vertex 10.2015 9.8 10.1895
      vertex 6.5 9.8 4.5
      vertex 9.9766 9.8 10.1599
    endloop
  endfacet
  facet normal 0 1 0
    outer loop
      vertex 134.477 9.8 10.1599
      vertex 137.5 9.8 4.5
      vertex 134.25 9.8 10.15
    endloop
  endfacet
  facet normal 0 1 0
    outer loop
      vertex 134.701 9.8 10.1895
      vertex 137.5 9.8 4.5
      vertex 134.477 9.8 10.1599
    endloop
  endfacet
  facet normal 0 1 0
    outer loop
      vertex 134.923 9.8 10.2386
      vertex 137.5 9.8 4.5
      vertex 134.701 9.8 10.1895
    endloop
  endfacet
  facet normal 0 1 0
    outer loop
      vertex 135.139 9.8 10.3068
      vertex 137.5 9.8 4.5
      vertex 134.923 9.8 10.2386
    endloop
  endfacet
  facet normal 0 1 0
    outer loop
      vertex 135.349 9.8 10.3936
      vertex 137.5 9.8 4.5
      vertex 135.139 9.8 10.3068
    endloop
  endfacet
  facet normal 0 1 0
    outer loop
      vertex 135.55 9.8 10.4983
      vertex 137.5 9.8 4.5
      vertex 135.349 9.8 10.3936
    endloop
  endfacet
  facet normal 0 1 0
    outer loop
      vertex 135.741 9.8 10.6202
      vertex 137.5 9.8 4.5
      vertex 135.55 9.8 10.4983
    endloop
  endfacet
  facet normal 0 1 0
    outer loop
      vertex 135.921 9.8 10.7583
      vertex 137.5 9.8 4.5
      vertex 135.741 9.8 10.6202
    endloop
  endfacet
  facet normal 0 1 0
    outer loop
      vertex 136.088 9.8 10.9115
      vertex 137.5 9.8 4.5
      vertex 135.921 9.8 10.7583
    endloop
  endfacet
  facet normal 0 1 0
    outer loop
      vertex 136.242 9.8 11.0788
      vertex 137.5 9.8 4.5
      vertex 136.088 9.8 10.9115
    endloop
  endfacet
  facet normal 0 1 0
    outer loop
      vertex 136.38 9.8 11.2587
      vertex 137.5 9.8 4.5
      vertex 136.242 9.8 11.0788
    endloop
  endfacet
  facet normal 0 1 0
    outer loop
      vertex 136.502 9.8 11.45
      vertex 137.5 9.8 4.5
      vertex 136.38 9.8 11.2587
    endloop
  endfacet
  facet normal 0 1 0
    outer loop
      vertex 136.606 9.8 11.6512
      vertex 137.5 9.8 4.5
      vertex 136.502 9.8 11.45
    endloop
  endfacet
  facet normal 0 1 0
    outer loop
      vertex 136.693 9.8 11.8607
      vertex 137.5 9.8 4.5
      vertex 136.606 9.8 11.6512
    endloop
  endfacet
  facet normal 0 1 0
    outer loop
      vertex 136.761 9.8 12.0771
      vertex 137.5 9.8 4.5
      vertex 136.693 9.8 11.8607
    endloop
  endfacet
  facet normal 0 1 0
    outer loop
      vertex 136.811 9.8 12.2985
      vertex 137.5 9.8 4.5
      vertex 136.761 9.8 12.0771
    endloop
  endfacet
  facet normal 0 1 0
    outer loop
      vertex 136.84 9.8 12.5234
      vertex 137.5 9.8 4.5
      vertex 136.811 9.8 12.2985
    endloop
  endfacet
  facet normal 0 1 0
    outer loop
      vertex 136.85 9.8 12.75
      vertex 137.5 9.8 4.5
      vertex 136.84 9.8 12.5234
    endloop
  endfacet
  facet normal 0 1 0
    outer loop
      vertex 136.84 9.8 12.9766
      vertex 137.5 9.8 4.5
      vertex 136.85 9.8 12.75
    endloop
  endfacet
  facet normal 0 1 0
    outer loop
      vertex 133.799 9.8 139.811
      vertex 137.5 9.8 145.5
      vertex 134.023 9.8 139.84
    endloop
  endfacet
  facet normal 0 1 -0
    outer loop
      vertex 9.52339 9.8 139.84
      vertex 6.5 9.8 145.5
      vertex 9.75 9.8 139.85
    endloop
  endfacet
  facet normal 0 1 -0
    outer loop
      vertex 9.29851 9.8 139.811
      vertex 6.5 9.8 145.5
      vertex 9.52339 9.8 139.84
    endloop
  endfacet
  facet normal 0 1 -0
    outer loop
      vertex 9.07707 9.8 139.761
      vertex 6.5 9.8 145.5
      vertex 9.29851 9.8 139.811
    endloop
  endfacet
  facet normal 0 1 -0
    outer loop
      vertex 8.86075 9.8 139.693
      vertex 6.5 9.8 145.5
      vertex 9.07707 9.8 139.761
    endloop
  endfacet
  facet normal 0 1 -0
    outer loop
      vertex 8.65119 9.8 139.606
      vertex 6.5 9.8 145.5
      vertex 8.86075 9.8 139.693
    endloop
  endfacet
  facet normal 0 1 -0
    outer loop
      vertex 8.45 9.8 139.502
      vertex 6.5 9.8 145.5
      vertex 8.65119 9.8 139.606
    endloop
  endfacet
  facet normal 0 1 -0
    outer loop
      vertex 8.2587 9.8 139.38
      vertex 6.5 9.8 145.5
      vertex 8.45 9.8 139.502
    endloop
  endfacet
  facet normal 0 1 -0
    outer loop
      vertex 8.07875 9.8 139.242
      vertex 6.5 9.8 145.5
      vertex 8.2587 9.8 139.38
    endloop
  endfacet
  facet normal 0 1 -0
    outer loop
      vertex 7.91152 9.8 139.088
      vertex 6.5 9.8 145.5
      vertex 8.07875 9.8 139.242
    endloop
  endfacet
  facet normal 0 1 -0
    outer loop
      vertex 7.75828 9.8 138.921
      vertex 6.5 9.8 145.5
      vertex 7.91152 9.8 139.088
    endloop
  endfacet
  facet normal 0 1 -0
    outer loop
      vertex 7.6202 9.8 138.741
      vertex 6.5 9.8 145.5
      vertex 7.75828 9.8 138.921
    endloop
  endfacet
  facet normal 0 1 -0
    outer loop
      vertex 7.49833 9.8 138.55
      vertex 6.5 9.8 145.5
      vertex 7.6202 9.8 138.741
    endloop
  endfacet
  facet normal 0 1 -0
    outer loop
      vertex 7.3936 9.8 138.349
      vertex 6.5 9.8 145.5
      vertex 7.49833 9.8 138.55
    endloop
  endfacet
  facet normal 0 1 -0
    outer loop
      vertex 7.3068 9.8 138.139
      vertex 6.5 9.8 145.5
      vertex 7.3936 9.8 138.349
    endloop
  endfacet
  facet normal 0 1 -0
    outer loop
      vertex 7.23859 9.8 137.923
      vertex 6.5 9.8 145.5
      vertex 7.3068 9.8 138.139
    endloop
  endfacet
  facet normal 0 1 -0
    outer loop
      vertex 7.1895 9.8 137.701
      vertex 6.5 9.8 145.5
      vertex 7.23859 9.8 137.923
    endloop
  endfacet
  facet normal 0 1 -0
    outer loop
      vertex 7.15989 9.8 137.477
      vertex 6.5 9.8 145.5
      vertex 7.1895 9.8 137.701
    endloop
  endfacet
  facet normal 0 1 -0
    outer loop
      vertex 7.15 9.8 137.25
      vertex 6.5 9.8 145.5
      vertex 7.15989 9.8 137.477
    endloop
  endfacet
  facet normal 0 1 0
    outer loop
      vertex 7.15989 9.8 137.023
      vertex 6.5 9.8 145.5
      vertex 7.15 9.8 137.25
    endloop
  endfacet
  facet normal 0 1 -0
    outer loop
      vertex 9.75 9.8 15.35
      vertex 9.52339 9.8 134.66
      vertex 9.75 9.8 134.65
    endloop
  endfacet
  facet normal 0 1 0
    outer loop
      vertex 9.52339 9.8 15.3401
      vertex 9.52339 9.8 134.66
      vertex 9.75 9.8 15.35
    endloop
  endfacet
  facet normal 0 1 0
    outer loop
      vertex 9.52339 9.8 134.66
      vertex 9.52339 9.8 15.3401
      vertex 9.29851 9.8 134.689
    endloop
  endfacet
  facet normal 0 1 0
    outer loop
      vertex 9.29851 9.8 15.3105
      vertex 9.29851 9.8 134.689
      vertex 9.52339 9.8 15.3401
    endloop
  endfacet
  facet normal 0 1 0
    outer loop
      vertex 9.29851 9.8 134.689
      vertex 9.29851 9.8 15.3105
      vertex 9.07707 9.8 134.739
    endloop
  endfacet
  facet normal 0 1 0
    outer loop
      vertex 9.07707 9.8 15.2614
      vertex 9.07707 9.8 134.739
      vertex 9.29851 9.8 15.3105
    endloop
  endfacet
  facet normal 0 1 0
    outer loop
      vertex 9.07707 9.8 134.739
      vertex 9.07707 9.8 15.2614
      vertex 8.86075 9.8 134.807
    endloop
  endfacet
  facet normal 0 1 0
    outer loop
      vertex 8.86075 9.8 15.1932
      vertex 8.86075 9.8 134.807
      vertex 9.07707 9.8 15.2614
    endloop
  endfacet
  facet normal 0 1 0
    outer loop
      vertex 8.86075 9.8 134.807
      vertex 8.86075 9.8 15.1932
      vertex 8.65119 9.8 134.894
    endloop
  endfacet
  facet normal 0 1 0
    outer loop
      vertex 8.65119 9.8 15.1064
      vertex 8.65119 9.8 134.894
      vertex 8.86075 9.8 15.1932
    endloop
  endfacet
  facet normal 0 1 0
    outer loop
      vertex 8.65119 9.8 134.894
      vertex 8.65119 9.8 15.1064
      vertex 8.45 9.8 134.998
    endloop
  endfacet
  facet normal 0 1 0
    outer loop
      vertex 8.45 9.8 15.0017
      vertex 8.45 9.8 134.998
      vertex 8.65119 9.8 15.1064
    endloop
  endfacet
  facet normal 0 1 0
    outer loop
      vertex 8.45 9.8 134.998
      vertex 8.45 9.8 15.0017
      vertex 8.2587 9.8 135.12
    endloop
  endfacet
  facet normal 0 1 0
    outer loop
      vertex 8.2587 9.8 14.8798
      vertex 8.2587 9.8 135.12
      vertex 8.45 9.8 15.0017
    endloop
  endfacet
  facet normal 0 1 0
    outer loop
      vertex 8.2587 9.8 135.12
      vertex 8.2587 9.8 14.8798
      vertex 8.07875 9.8 135.258
    endloop
  endfacet
  facet normal 0 1 0
    outer loop
      vertex 8.07875 9.8 14.7417
      vertex 8.07875 9.8 135.258
      vertex 8.2587 9.8 14.8798
    endloop
  endfacet
  facet normal 0 1 0
    outer loop
      vertex 8.07875 9.8 135.258
      vertex 8.07875 9.8 14.7417
      vertex 7.91152 9.8 135.412
    endloop
  endfacet
  facet normal 0 1 0
    outer loop
      vertex 7.91152 9.8 14.5885
      vertex 7.91152 9.8 135.412
      vertex 8.07875 9.8 14.7417
    endloop
  endfacet
  facet normal 0 1 0
    outer loop
      vertex 7.91152 9.8 135.412
      vertex 7.91152 9.8 14.5885
      vertex 7.75828 9.8 135.579
    endloop
  endfacet
  facet normal 0 1 0
    outer loop
      vertex 7.75828 9.8 14.4212
      vertex 7.75828 9.8 135.579
      vertex 7.91152 9.8 14.5885
    endloop
  endfacet
  facet normal 0 1 0
    outer loop
      vertex 7.75828 9.8 135.579
      vertex 7.75828 9.8 14.4212
      vertex 7.6202 9.8 135.759
    endloop
  endfacet
  facet normal 0 1 0
    outer loop
      vertex 7.6202 9.8 14.2413
      vertex 7.6202 9.8 135.759
      vertex 7.75828 9.8 14.4212
    endloop
  endfacet
  facet normal 0 1 0
    outer loop
      vertex 7.6202 9.8 135.759
      vertex 7.6202 9.8 14.2413
      vertex 7.49833 9.8 135.95
    endloop
  endfacet
  facet normal 0 1 0
    outer loop
      vertex 7.49833 9.8 14.05
      vertex 7.49833 9.8 135.95
      vertex 7.6202 9.8 14.2413
    endloop
  endfacet
  facet normal 0 1 0
    outer loop
      vertex 7.49833 9.8 135.95
      vertex 7.49833 9.8 14.05
      vertex 7.3936 9.8 136.151
    endloop
  endfacet
  facet normal 0 1 0
    outer loop
      vertex 7.3936 9.8 13.8488
      vertex 7.3936 9.8 136.151
      vertex 7.49833 9.8 14.05
    endloop
  endfacet
  facet normal 0 1 0
    outer loop
      vertex 7.3936 9.8 136.151
      vertex 7.3936 9.8 13.8488
      vertex 7.3068 9.8 136.361
    endloop
  endfacet
  facet normal 0 1 0
    outer loop
      vertex 7.3068 9.8 13.6393
      vertex 7.3068 9.8 136.361
      vertex 7.3936 9.8 13.8488
    endloop
  endfacet
  facet normal 0 1 0
    outer loop
      vertex 7.3068 9.8 136.361
      vertex 7.3068 9.8 13.6393
      vertex 7.23859 9.8 136.577
    endloop
  endfacet
  facet normal 0 1 0
    outer loop
      vertex 7.23859 9.8 13.4229
      vertex 7.23859 9.8 136.577
      vertex 7.3068 9.8 13.6393
    endloop
  endfacet
  facet normal 0 1 0
    outer loop
      vertex 7.23859 9.8 136.577
      vertex 7.23859 9.8 13.4229
      vertex 7.1895 9.8 136.799
    endloop
  endfacet
  facet normal 0 1 0
    outer loop
      vertex 7.1895 9.8 13.2015
      vertex 7.1895 9.8 136.799
      vertex 7.23859 9.8 13.4229
    endloop
  endfacet
  facet normal 0 1 0
    outer loop
      vertex 7.1895 9.8 136.799
      vertex 7.1895 9.8 13.2015
      vertex 7.15989 9.8 137.023
    endloop
  endfacet
  facet normal 0 1 0
    outer loop
      vertex 7.15989 9.8 12.9766
      vertex 7.15989 9.8 137.023
      vertex 7.1895 9.8 13.2015
    endloop
  endfacet
  facet normal 0 1 0
    outer loop
      vertex 7.15989 9.8 137.023
      vertex 7.15989 9.8 12.9766
      vertex 6.5 9.8 145.5
    endloop
  endfacet
  facet normal 0 1 0
    outer loop
      vertex 6.5 9.8 4.5
      vertex 7.15989 9.8 12.9766
      vertex 7.15 9.8 12.75
    endloop
  endfacet
  facet normal 0 1 0
    outer loop
      vertex 9.9766 9.8 10.1599
      vertex 6.5 9.8 4.5
      vertex 9.75 9.8 10.15
    endloop
  endfacet
  facet normal 0 1 0
    outer loop
      vertex 7.15989 9.8 12.9766
      vertex 6.5 9.8 4.5
      vertex 6.5 9.8 145.5
    endloop
  endfacet
  facet normal 0 1 0
    outer loop
      vertex 7.15989 9.8 12.5234
      vertex 6.5 9.8 4.5
      vertex 7.15 9.8 12.75
    endloop
  endfacet
  facet normal 0 1 0
    outer loop
      vertex 7.1895 9.8 12.2985
      vertex 6.5 9.8 4.5
      vertex 7.15989 9.8 12.5234
    endloop
  endfacet
  facet normal 0 1 0
    outer loop
      vertex 7.23859 9.8 12.0771
      vertex 6.5 9.8 4.5
      vertex 7.1895 9.8 12.2985
    endloop
  endfacet
  facet normal 0 1 0
    outer loop
      vertex 7.3068 9.8 11.8607
      vertex 6.5 9.8 4.5
      vertex 7.23859 9.8 12.0771
    endloop
  endfacet
  facet normal 0 1 0
    outer loop
      vertex 7.3936 9.8 11.6512
      vertex 6.5 9.8 4.5
      vertex 7.3068 9.8 11.8607
    endloop
  endfacet
  facet normal 0 1 0
    outer loop
      vertex 7.49833 9.8 11.45
      vertex 6.5 9.8 4.5
      vertex 7.3936 9.8 11.6512
    endloop
  endfacet
  facet normal 0 1 0
    outer loop
      vertex 7.6202 9.8 11.2587
      vertex 6.5 9.8 4.5
      vertex 7.49833 9.8 11.45
    endloop
  endfacet
  facet normal 0 1 0
    outer loop
      vertex 7.75828 9.8 11.0788
      vertex 6.5 9.8 4.5
      vertex 7.6202 9.8 11.2587
    endloop
  endfacet
  facet normal 0 1 0
    outer loop
      vertex 7.91152 9.8 10.9115
      vertex 6.5 9.8 4.5
      vertex 7.75828 9.8 11.0788
    endloop
  endfacet
  facet normal 0 1 0
    outer loop
      vertex 8.07875 9.8 10.7583
      vertex 6.5 9.8 4.5
      vertex 7.91152 9.8 10.9115
    endloop
  endfacet
  facet normal 0 1 0
    outer loop
      vertex 8.2587 9.8 10.6202
      vertex 6.5 9.8 4.5
      vertex 8.07875 9.8 10.7583
    endloop
  endfacet
  facet normal 0 1 0
    outer loop
      vertex 8.45 9.8 10.4983
      vertex 6.5 9.8 4.5
      vertex 8.2587 9.8 10.6202
    endloop
  endfacet
  facet normal 0 1 0
    outer loop
      vertex 8.65119 9.8 10.3936
      vertex 6.5 9.8 4.5
      vertex 8.45 9.8 10.4983
    endloop
  endfacet
  facet normal 0 1 0
    outer loop
      vertex 8.86075 9.8 10.3068
      vertex 6.5 9.8 4.5
      vertex 8.65119 9.8 10.3936
    endloop
  endfacet
  facet normal 0 1 0
    outer loop
      vertex 9.07707 9.8 10.2386
      vertex 6.5 9.8 4.5
      vertex 8.86075 9.8 10.3068
    endloop
  endfacet
  facet normal 0 1 0
    outer loop
      vertex 9.29851 9.8 10.1895
      vertex 6.5 9.8 4.5
      vertex 9.07707 9.8 10.2386
    endloop
  endfacet
  facet normal 0 1 0
    outer loop
      vertex 9.52339 9.8 10.1599
      vertex 6.5 9.8 4.5
      vertex 9.29851 9.8 10.1895
    endloop
  endfacet
  facet normal 0 1 0
    outer loop
      vertex 9.75 9.8 10.15
      vertex 6.5 9.8 4.5
      vertex 9.52339 9.8 10.1599
    endloop
  endfacet
  facet normal 0 1 -0
    outer loop
      vertex 134.25 9.8 15.35
      vertex 134.023 9.8 134.66
      vertex 134.25 9.8 134.65
    endloop
  endfacet
  facet normal 0 1 0
    outer loop
      vertex 134.023 9.8 15.3401
      vertex 134.023 9.8 134.66
      vertex 134.25 9.8 15.35
    endloop
  endfacet
  facet normal 0 1 0
    outer loop
      vertex 134.023 9.8 134.66
      vertex 134.023 9.8 15.3401
      vertex 134 9.8 134.663
    endloop
  endfacet
  facet normal 0 1 0
    outer loop
      vertex 134 9.8 134.663
      vertex 134.023 9.8 15.3401
      vertex 134 9.8 15.337
    endloop
  endfacet
  facet normal 0 1 -0
    outer loop
      vertex 131.66 9.8 12.9766
      vertex 12.337 9.8 13
      vertex 131.663 9.8 13
    endloop
  endfacet
  facet normal 0 1 0
    outer loop
      vertex 131.66 9.8 12.9766
      vertex 12.3401 9.8 12.9766
      vertex 12.337 9.8 13
    endloop
  endfacet
  facet normal 0 1 -0
    outer loop
      vertex 131.65 9.8 12.75
      vertex 12.3401 9.8 12.9766
      vertex 131.66 9.8 12.9766
    endloop
  endfacet
  facet normal 0 1 0
    outer loop
      vertex 131.65 9.8 12.75
      vertex 12.35 9.8 12.75
      vertex 12.3401 9.8 12.9766
    endloop
  endfacet
  facet normal 0 1 0
    outer loop
      vertex 131.66 9.8 12.5234
      vertex 12.35 9.8 12.75
      vertex 131.65 9.8 12.75
    endloop
  endfacet
  facet normal 0 1 0
    outer loop
      vertex 131.66 9.8 12.5234
      vertex 12.3401 9.8 12.5234
      vertex 12.35 9.8 12.75
    endloop
  endfacet
  facet normal 0 1 0
    outer loop
      vertex 131.689 9.8 12.2985
      vertex 12.3401 9.8 12.5234
      vertex 131.66 9.8 12.5234
    endloop
  endfacet
  facet normal 0 1 0
    outer loop
      vertex 131.689 9.8 12.2985
      vertex 12.3105 9.8 12.2985
      vertex 12.3401 9.8 12.5234
    endloop
  endfacet
  facet normal 0 1 0
    outer loop
      vertex 131.739 9.8 12.0771
      vertex 12.3105 9.8 12.2985
      vertex 131.689 9.8 12.2985
    endloop
  endfacet
  facet normal 0 1 0
    outer loop
      vertex 131.739 9.8 12.0771
      vertex 12.2614 9.8 12.0771
      vertex 12.3105 9.8 12.2985
    endloop
  endfacet
  facet normal 0 1 0
    outer loop
      vertex 131.807 9.8 11.8607
      vertex 12.2614 9.8 12.0771
      vertex 131.739 9.8 12.0771
    endloop
  endfacet
  facet normal 0 1 0
    outer loop
      vertex 131.807 9.8 11.8607
      vertex 12.1932 9.8 11.8607
      vertex 12.2614 9.8 12.0771
    endloop
  endfacet
  facet normal 0 1 0
    outer loop
      vertex 131.894 9.8 11.6512
      vertex 12.1932 9.8 11.8607
      vertex 131.807 9.8 11.8607
    endloop
  endfacet
  facet normal 0 1 0
    outer loop
      vertex 131.894 9.8 11.6512
      vertex 12.1064 9.8 11.6512
      vertex 12.1932 9.8 11.8607
    endloop
  endfacet
  facet normal 0 1 0
    outer loop
      vertex 131.998 9.8 11.45
      vertex 12.1064 9.8 11.6512
      vertex 131.894 9.8 11.6512
    endloop
  endfacet
  facet normal 0 1 0
    outer loop
      vertex 131.998 9.8 11.45
      vertex 12.0017 9.8 11.45
      vertex 12.1064 9.8 11.6512
    endloop
  endfacet
  facet normal 0 1 0
    outer loop
      vertex 132.12 9.8 11.2587
      vertex 12.0017 9.8 11.45
      vertex 131.998 9.8 11.45
    endloop
  endfacet
  facet normal 0 1 0
    outer loop
      vertex 132.12 9.8 11.2587
      vertex 11.8798 9.8 11.2587
      vertex 12.0017 9.8 11.45
    endloop
  endfacet
  facet normal 0 1 0
    outer loop
      vertex 132.258 9.8 11.0788
      vertex 11.8798 9.8 11.2587
      vertex 132.12 9.8 11.2587
    endloop
  endfacet
  facet normal 0 1 0
    outer loop
      vertex 132.258 9.8 11.0788
      vertex 11.7417 9.8 11.0788
      vertex 11.8798 9.8 11.2587
    endloop
  endfacet
  facet normal 0 1 0
    outer loop
      vertex 137.5 9.8 4.5
      vertex 132.258 9.8 11.0788
      vertex 132.412 9.8 10.9115
    endloop
  endfacet
  facet normal 0 1 0
    outer loop
      vertex 132.258 9.8 11.0788
      vertex 137.5 9.8 4.5
      vertex 11.7417 9.8 11.0788
    endloop
  endfacet
  facet normal 0 1 0
    outer loop
      vertex 137.5 9.8 4.5
      vertex 132.412 9.8 10.9115
      vertex 132.579 9.8 10.7583
    endloop
  endfacet
  facet normal 0 1 0
    outer loop
      vertex 6.5 9.8 4.5
      vertex 11.7417 9.8 11.0788
      vertex 137.5 9.8 4.5
    endloop
  endfacet
  facet normal 0 1 0
    outer loop
      vertex 137.5 9.8 4.5
      vertex 132.579 9.8 10.7583
      vertex 132.759 9.8 10.6202
    endloop
  endfacet
  facet normal 0 1 0
    outer loop
      vertex 11.7417 9.8 11.0788
      vertex 6.5 9.8 4.5
      vertex 11.5885 9.8 10.9115
    endloop
  endfacet
  facet normal 0 1 0
    outer loop
      vertex 137.5 9.8 4.5
      vertex 132.759 9.8 10.6202
      vertex 132.95 9.8 10.4983
    endloop
  endfacet
  facet normal 0 1 0
    outer loop
      vertex 11.5885 9.8 10.9115
      vertex 6.5 9.8 4.5
      vertex 11.4212 9.8 10.7583
    endloop
  endfacet
  facet normal 0 1 0
    outer loop
      vertex 137.5 9.8 4.5
      vertex 132.95 9.8 10.4983
      vertex 133.151 9.8 10.3936
    endloop
  endfacet
  facet normal 0 1 0
    outer loop
      vertex 11.4212 9.8 10.7583
      vertex 6.5 9.8 4.5
      vertex 11.2413 9.8 10.6202
    endloop
  endfacet
  facet normal 0 1 0
    outer loop
      vertex 137.5 9.8 4.5
      vertex 133.151 9.8 10.3936
      vertex 133.361 9.8 10.3068
    endloop
  endfacet
  facet normal 0 1 0
    outer loop
      vertex 11.2413 9.8 10.6202
      vertex 6.5 9.8 4.5
      vertex 11.05 9.8 10.4983
    endloop
  endfacet
  facet normal 0 1 0
    outer loop
      vertex 137.5 9.8 4.5
      vertex 133.361 9.8 10.3068
      vertex 133.577 9.8 10.2386
    endloop
  endfacet
  facet normal 0 1 0
    outer loop
      vertex 11.05 9.8 10.4983
      vertex 6.5 9.8 4.5
      vertex 10.8488 9.8 10.3936
    endloop
  endfacet
  facet normal 0 1 0
    outer loop
      vertex 137.5 9.8 4.5
      vertex 133.577 9.8 10.2386
      vertex 133.799 9.8 10.1895
    endloop
  endfacet
  facet normal 0 1 0
    outer loop
      vertex 10.8488 9.8 10.3936
      vertex 6.5 9.8 4.5
      vertex 10.6393 9.8 10.3068
    endloop
  endfacet
  facet normal 0 1 0
    outer loop
      vertex 137.5 9.8 4.5
      vertex 133.799 9.8 10.1895
      vertex 134.023 9.8 10.1599
    endloop
  endfacet
  facet normal 0 1 0
    outer loop
      vertex 10.6393 9.8 10.3068
      vertex 6.5 9.8 4.5
      vertex 10.4229 9.8 10.2386
    endloop
  endfacet
  facet normal 0 1 0
    outer loop
      vertex 137.5 9.8 4.5
      vertex 134.023 9.8 10.1599
      vertex 134.25 9.8 10.15
    endloop
  endfacet
  facet normal 0 1 0
    outer loop
      vertex 10.4229 9.8 10.2386
      vertex 6.5 9.8 4.5
      vertex 10.2015 9.8 10.1895
    endloop
  endfacet
  facet normal 0.130516 0.991446 -0
    outer loop
      vertex 6.06422 9.81903 4.5
      vertex 5.63176 9.87596 145.5
      vertex 6.06422 9.81903 145.5
    endloop
  endfacet
  facet normal 0.130516 0.991446 0
    outer loop
      vertex 5.63176 9.87596 145.5
      vertex 6.06422 9.81903 4.5
      vertex 5.63176 9.87596 4.5
    endloop
  endfacet
  facet normal 0.0436272 0.999048 -0
    outer loop
      vertex 6.5 9.8 4.5
      vertex 6.06422 9.81903 145.5
      vertex 6.5 9.8 145.5
    endloop
  endfacet
  facet normal 0.0436272 0.999048 0
    outer loop
      vertex 6.06422 9.81903 145.5
      vertex 6.5 9.8 4.5
      vertex 6.06422 9.81903 4.5
    endloop
  endfacet
  facet normal 0.953713 -0.300718 5.63212e-20
    outer loop
      vertex 1.67037 34.2941 141
      vertex 1.80154 34.7101 5
      vertex 1.80154 34.7101 141
    endloop
  endfacet
  facet normal 0.953713 -0.300718 5.63212e-20
    outer loop
      vertex 1.80154 34.7101 5
      vertex 1.67037 34.2941 141
      vertex 1.67037 34.2941 5
    endloop
  endfacet
  facet normal 0.300634 0.953739 -0
    outer loop
      vertex 5.2059 9.97037 4.5
      vertex 4.7899 10.1015 145.5
      vertex 5.2059 9.97037 145.5
    endloop
  endfacet
  facet normal 0.300634 0.953739 0
    outer loop
      vertex 4.7899 10.1015 145.5
      vertex 5.2059 9.97037 4.5
      vertex 4.7899 10.1015 4.5
    endloop
  endfacet
  facet normal 0.537193 0.843459 -0
    outer loop
      vertex 4 10.4699 4.5
      vertex 3.63212 10.7042 145.5
      vertex 4 10.4699 145.5
    endloop
  endfacet
  facet normal 0.537193 0.843459 0
    outer loop
      vertex 3.63212 10.7042 145.5
      vertex 4 10.4699 4.5
      vertex 3.63212 10.7042 4.5
    endloop
  endfacet
  facet normal 0.923886 0.382668 -1.63725e-20
    outer loop
      vertex 1.96846 12.6869 145.5
      vertex 1.80154 13.0899 4.5
      vertex 1.80154 13.0899 145.5
    endloop
  endfacet
  facet normal 0.923886 0.382668 -1.63725e-20
    outer loop
      vertex 1.80154 13.0899 4.5
      vertex 1.96846 12.6869 145.5
      vertex 1.96846 12.6869 4.5
    endloop
  endfacet
  facet normal -0.886454 0.462817 -5.22626e-20
    outer loop
      vertex 141.83 12.3 4.5
      vertex 142.032 12.6869 145.5
      vertex 142.032 12.6869 4.5
    endloop
  endfacet
  facet normal -0.886454 0.462817 -5.22626e-20
    outer loop
      vertex 142.032 12.6869 145.5
      vertex 141.83 12.3 4.5
      vertex 141.83 12.3 145.5
    endloop
  endfacet
  facet normal 0.887008 -0.461753 4.38975e-20
    outer loop
      vertex 1.96846 35.1131 141
      vertex 2.16987 35.5 5
      vertex 2.16987 35.5 141
    endloop
  endfacet
  facet normal 0.887008 -0.461753 4.38975e-20
    outer loop
      vertex 2.16987 35.5 5
      vertex 1.96846 35.1131 141
      vertex 1.96846 35.1131 5
    endloop
  endfacet
  facet normal 1 -0 0
    outer loop
      vertex 1.5 14.8 145.5
      vertex 1.5 33 4.5
      vertex 1.5 33 145.5
    endloop
  endfacet
  facet normal 1 0 0
    outer loop
      vertex 1.5 33 4.5
      vertex 1.5 14.8 145.5
      vertex 1.5 14.8 4.5
    endloop
  endfacet
  facet normal 0.461726 0.887023 -0
    outer loop
      vertex 4.38691 10.2685 4.5
      vertex 4 10.4699 145.5
      vertex 4.38691 10.2685 145.5
    endloop
  endfacet
  facet normal 0.461726 0.887023 0
    outer loop
      vertex 4 10.4699 145.5
      vertex 4.38691 10.2685 4.5
      vertex 4 10.4699 4.5
    endloop
  endfacet
  facet normal -1 0 0
    outer loop
      vertex 142.5 14.8 4.5
      vertex 142.5 33 145.5
      vertex 142.5 33 4.5
    endloop
  endfacet
  facet normal -1 -0 0
    outer loop
      vertex 142.5 33 145.5
      vertex 142.5 14.8 4.5
      vertex 142.5 14.8 145.5
    endloop
  endfacet
  facet normal -0.382824 0.923821 0
    outer loop
      vertex 139.613 10.2685 4.5
      vertex 139.21 10.1015 145.5
      vertex 139.613 10.2685 145.5
    endloop
  endfacet
  facet normal -0.382824 0.923821 0
    outer loop
      vertex 139.21 10.1015 145.5
      vertex 139.613 10.2685 4.5
      vertex 139.21 10.1015 4.5
    endloop
  endfacet
  facet normal -0.924631 0.380865 5.27229e-20
    outer loop
      vertex 142.032 12.6869 4.5
      vertex 142.198 13.0899 145.5
      vertex 142.198 13.0899 4.5
    endloop
  endfacet
  facet normal -0.924631 0.380865 5.27229e-20
    outer loop
      vertex 142.198 13.0899 145.5
      vertex 142.032 12.6869 4.5
      vertex 142.032 12.6869 145.5
    endloop
  endfacet
  facet normal 0 0 1
    outer loop
      vertex 142.362 33.4995 4.5
      vertex 142.5 33 4.5
      vertex 142.485 33.3394 4.5
    endloop
  endfacet
  facet normal 0 0 1
    outer loop
      vertex 142.5 33 4.5
      vertex 137 36 4.5
      vertex 142.5 14.8 4.5
    endloop
  endfacet
  facet normal 0 -0 1
    outer loop
      vertex 137.5 9.8 4.5
      vertex 142.5 14.8 4.5
      vertex 137 36 4.5
    endloop
  endfacet
  facet normal 0 0 1
    outer loop
      vertex 142.5 33 4.5
      vertex 142.362 33.4995 4.5
      vertex 141.95 33.9497 4.5
    endloop
  endfacet
  facet normal 0 0 1
    outer loop
      vertex 142.5 14.8 4.5
      vertex 137.5 9.8 4.5
      vertex 142.481 14.3642 4.5
    endloop
  endfacet
  facet normal 0 0 1
    outer loop
      vertex 142.481 14.3642 4.5
      vertex 137.5 9.8 4.5
      vertex 142.424 13.9318 4.5
    endloop
  endfacet
  facet normal 0 0 1
    outer loop
      vertex 142.424 13.9318 4.5
      vertex 137.5 9.8 4.5
      vertex 142.33 13.5059 4.5
    endloop
  endfacet
  facet normal 0 0 1
    outer loop
      vertex 141.5 34.3623 4.5
      vertex 142.5 33 4.5
      vertex 141.95 33.9497 4.5
    endloop
  endfacet
  facet normal 0 0 1
    outer loop
      vertex 142.33 13.5059 4.5
      vertex 137.5 9.8 4.5
      vertex 142.198 13.0899 4.5
    endloop
  endfacet
  facet normal 0 0 1
    outer loop
      vertex 142.198 13.0899 4.5
      vertex 137.5 9.8 4.5
      vertex 142.032 12.6869 4.5
    endloop
  endfacet
  facet normal 0 0 1
    outer loop
      vertex 141.015 34.7341 4.5
      vertex 142.5 33 4.5
      vertex 141.5 34.3623 4.5
    endloop
  endfacet
  facet normal 0 0 1
    outer loop
      vertex 142.032 12.6869 4.5
      vertex 137.5 9.8 4.5
      vertex 141.83 12.3 4.5
    endloop
  endfacet
  facet normal 0 0 1
    outer loop
      vertex 141.83 12.3 4.5
      vertex 137.5 9.8 4.5
      vertex 141.596 11.9321 4.5
    endloop
  endfacet
  facet normal 0 0 1
    outer loop
      vertex 140.5 35.0622 4.5
      vertex 142.5 33 4.5
      vertex 141.015 34.7341 4.5
    endloop
  endfacet
  facet normal 0 0 1
    outer loop
      vertex 141.596 11.9321 4.5
      vertex 137.5 9.8 4.5
      vertex 141.33 11.5861 4.5
    endloop
  endfacet
  facet normal 0 0 1
    outer loop
      vertex 139.958 35.3442 4.5
      vertex 142.5 33 4.5
      vertex 140.5 35.0622 4.5
    endloop
  endfacet
  facet normal 0 0 1
    outer loop
      vertex 141.33 11.5861 4.5
      vertex 137.5 9.8 4.5
      vertex 141.036 11.2645 4.5
    endloop
  endfacet
  facet normal 0 0 1
    outer loop
      vertex 141.036 11.2645 4.5
      vertex 137.5 9.8 4.5
      vertex 140.714 10.9698 4.5
    endloop
  endfacet
  facet normal 0 0 1
    outer loop
      vertex 139.394 35.5778 4.5
      vertex 142.5 33 4.5
      vertex 139.958 35.3442 4.5
    endloop
  endfacet
  facet normal 0 0 1
    outer loop
      vertex 140.714 10.9698 4.5
      vertex 137.5 9.8 4.5
      vertex 140.368 10.7042 4.5
    endloop
  endfacet
  facet normal 0 0 1
    outer loop
      vertex 138.812 35.7615 4.5
      vertex 142.5 33 4.5
      vertex 139.394 35.5778 4.5
    endloop
  endfacet
  facet normal 0 0 1
    outer loop
      vertex 140.368 10.7042 4.5
      vertex 137.5 9.8 4.5
      vertex 140 10.4699 4.5
    endloop
  endfacet
  facet normal 0 0 1
    outer loop
      vertex 138.216 35.8937 4.5
      vertex 142.5 33 4.5
      vertex 138.812 35.7615 4.5
    endloop
  endfacet
  facet normal 0 0 1
    outer loop
      vertex 139.613 10.2685 4.5
      vertex 137.5 9.8 4.5
      vertex 139.21 10.1015 4.5
    endloop
  endfacet
  facet normal 0 0 1
    outer loop
      vertex 139.21 10.1015 4.5
      vertex 137.5 9.8 4.5
      vertex 138.794 9.97037 4.5
    endloop
  endfacet
  facet normal 0 0 1
    outer loop
      vertex 142.5 33 4.5
      vertex 138.216 35.8937 4.5
      vertex 137 36 4.5
    endloop
  endfacet
  facet normal 0 0 1
    outer loop
      vertex 138.794 9.97037 4.5
      vertex 137.5 9.8 4.5
      vertex 138.368 9.87596 4.5
    endloop
  endfacet
  facet normal 0 0 1
    outer loop
      vertex 137 36 4.5
      vertex 138.216 35.8937 4.5
      vertex 137.61 35.9734 4.5
    endloop
  endfacet
  facet normal 0 0 1
    outer loop
      vertex 138.368 9.87596 4.5
      vertex 137.5 9.8 4.5
      vertex 137.936 9.81903 4.5
    endloop
  endfacet
  facet normal 0 0 1
    outer loop
      vertex 140 10.4699 4.5
      vertex 137.5 9.8 4.5
      vertex 139.613 10.2685 4.5
    endloop
  endfacet
  facet normal -0 0 1
    outer loop
      vertex 7 36 4.5
      vertex 137.5 9.8 4.5
      vertex 137 36 4.5
    endloop
  endfacet
  facet normal 0 0 1
    outer loop
      vertex 7 36 4.5
      vertex 6.5 9.8 4.5
      vertex 137.5 9.8 4.5
    endloop
  endfacet
  facet normal 0 0 1
    outer loop
      vertex 1.5 33 4.5
      vertex 7 36 4.5
      vertex 6.38991 35.9734 4.5
    endloop
  endfacet
  facet normal 0 0 1
    outer loop
      vertex 7 36 4.5
      vertex 1.5 14.8 4.5
      vertex 6.5 9.8 4.5
    endloop
  endfacet
  facet normal 0 0 1
    outer loop
      vertex 1.5 33 4.5
      vertex 6.38991 35.9734 4.5
      vertex 5.78446 35.8937 4.5
    endloop
  endfacet
  facet normal 0 0 1
    outer loop
      vertex 6.5 9.8 4.5
      vertex 1.5 14.8 4.5
      vertex 6.06422 9.81903 4.5
    endloop
  endfacet
  facet normal 0 0 1
    outer loop
      vertex 6.06422 9.81903 4.5
      vertex 1.5 14.8 4.5
      vertex 5.63176 9.87596 4.5
    endloop
  endfacet
  facet normal 0 0 1
    outer loop
      vertex 1.5 33 4.5
      vertex 5.78446 35.8937 4.5
      vertex 5.18827 35.7615 4.5
    endloop
  endfacet
  facet normal 0 0 1
    outer loop
      vertex 5.63176 9.87596 4.5
      vertex 1.5 14.8 4.5
      vertex 5.2059 9.97037 4.5
    endloop
  endfacet
  facet normal 0 0 1
    outer loop
      vertex 1.5 33 4.5
      vertex 5.18827 35.7615 4.5
      vertex 4.60586 35.5778 4.5
    endloop
  endfacet
  facet normal 0 0 1
    outer loop
      vertex 5.2059 9.97037 4.5
      vertex 1.5 14.8 4.5
      vertex 4.7899 10.1015 4.5
    endloop
  endfacet
  facet normal 0 0 1
    outer loop
      vertex 1.5 33 4.5
      vertex 4.60586 35.5778 4.5
      vertex 4.04167 35.3442 4.5
    endloop
  endfacet
  facet normal 0 0 1
    outer loop
      vertex 4.7899 10.1015 4.5
      vertex 1.5 14.8 4.5
      vertex 4.38691 10.2685 4.5
    endloop
  endfacet
  facet normal 0 0 1
    outer loop
      vertex 4.38691 10.2685 4.5
      vertex 1.5 14.8 4.5
      vertex 4 10.4699 4.5
    endloop
  endfacet
  facet normal 0 0 1
    outer loop
      vertex 1.5 33 4.5
      vertex 4.04167 35.3442 4.5
      vertex 3.5 35.0622 4.5
    endloop
  endfacet
  facet normal 0 0 1
    outer loop
      vertex 4 10.4699 4.5
      vertex 1.5 14.8 4.5
      vertex 3.63212 10.7042 4.5
    endloop
  endfacet
  facet normal 0 0 1
    outer loop
      vertex 1.5 33 4.5
      vertex 3.5 35.0622 4.5
      vertex 2.98496 34.7341 4.5
    endloop
  endfacet
  facet normal 0 0 1
    outer loop
      vertex 3.63212 10.7042 4.5
      vertex 1.5 14.8 4.5
      vertex 3.28606 10.9698 4.5
    endloop
  endfacet
  facet normal 0 0 1
    outer loop
      vertex 3.28606 10.9698 4.5
      vertex 1.5 14.8 4.5
      vertex 2.96447 11.2645 4.5
    endloop
  endfacet
  facet normal 0 0 1
    outer loop
      vertex 1.5 33 4.5
      vertex 2.98496 34.7341 4.5
      vertex 2.50049 34.3623 4.5
    endloop
  endfacet
  facet normal 0 0 1
    outer loop
      vertex 2.96447 11.2645 4.5
      vertex 1.5 14.8 4.5
      vertex 2.66978 11.5861 4.5
    endloop
  endfacet
  facet normal 0 0 1
    outer loop
      vertex 2.66978 11.5861 4.5
      vertex 1.5 14.8 4.5
      vertex 2.40424 11.9321 4.5
    endloop
  endfacet
  facet normal 0 0 1
    outer loop
      vertex 1.5 33 4.5
      vertex 2.50049 34.3623 4.5
      vertex 2.05025 33.9497 4.5
    endloop
  endfacet
  facet normal 0 0 1
    outer loop
      vertex 2.40424 11.9321 4.5
      vertex 1.5 14.8 4.5
      vertex 2.16987 12.3 4.5
    endloop
  endfacet
  facet normal 0 0 1
    outer loop
      vertex 2.16987 12.3 4.5
      vertex 1.5 14.8 4.5
      vertex 1.96846 12.6869 4.5
    endloop
  endfacet
  facet normal 0 0 1
    outer loop
      vertex 1.96846 12.6869 4.5
      vertex 1.5 14.8 4.5
      vertex 1.80154 13.0899 4.5
    endloop
  endfacet
  facet normal 0 0 1
    outer loop
      vertex 1.5 33 4.5
      vertex 2.05025 33.9497 4.5
      vertex 1.63769 33.4995 4.5
    endloop
  endfacet
  facet normal 0 0 1
    outer loop
      vertex 1.80154 13.0899 4.5
      vertex 1.5 14.8 4.5
      vertex 1.67037 13.5059 4.5
    endloop
  endfacet
  facet normal 0 0 1
    outer loop
      vertex 1.67037 13.5059 4.5
      vertex 1.5 14.8 4.5
      vertex 1.57596 13.9318 4.5
    endloop
  endfacet
  facet normal 0 0 1
    outer loop
      vertex 1.5 33 4.5
      vertex 1.63769 33.4995 4.5
      vertex 1.51482 33.3394 4.5
    endloop
  endfacet
  facet normal 0 0 1
    outer loop
      vertex 7 36 4.5
      vertex 1.5 33 4.5
      vertex 1.5 14.8 4.5
    endloop
  endfacet
  facet normal 0 0 1
    outer loop
      vertex 1.57596 13.9318 4.5
      vertex 1.5 14.8 4.5
      vertex 1.51903 14.3642 4.5
    endloop
  endfacet
  facet normal -0.843784 0.536683 9.73537e-20
    outer loop
      vertex 141.596 11.9321 4.5
      vertex 141.83 12.3 145.5
      vertex 141.83 12.3 4.5
    endloop
  endfacet
  facet normal -0.843784 0.536683 9.73537e-20
    outer loop
      vertex 141.83 12.3 145.5
      vertex 141.596 11.9321 4.5
      vertex 141.596 11.9321 145.5
    endloop
  endfacet
  facet normal 0.675611 0.737258 -0
    outer loop
      vertex 3.28606 10.9698 4.5
      vertex 2.96447 11.2645 145.5
      vertex 3.28606 10.9698 145.5
    endloop
  endfacet
  facet normal 0.675611 0.737258 0
    outer loop
      vertex 2.96447 11.2645 145.5
      vertex 3.28606 10.9698 4.5
      vertex 2.96447 11.2645 4.5
    endloop
  endfacet
  facet normal 0.843419 -0.537256 -1.39968e-20
    outer loop
      vertex 2.16987 35.5 141
      vertex 2.2 35.5473 5
      vertex 2.2 35.5473 141
    endloop
  endfacet
  facet normal 0.843419 -0.537256 -1.39968e-20
    outer loop
      vertex 2.2 35.5473 5
      vertex 2.16987 35.5 141
      vertex 2.16987 35.5 5
    endloop
  endfacet
  facet normal 0.8434 0.537286 -5.62728e-20
    outer loop
      vertex 2.40424 11.9321 145.5
      vertex 2.16987 12.3 4.5
      vertex 2.16987 12.3 145.5
    endloop
  endfacet
  facet normal 0.8434 0.537286 -5.62728e-20
    outer loop
      vertex 2.16987 12.3 4.5
      vertex 2.40424 11.9321 145.5
      vertex 2.40424 11.9321 4.5
    endloop
  endfacet
  facet normal 0.793304 0.608826 -4.32099e-20
    outer loop
      vertex 2.66978 11.5861 145.5
      vertex 2.40424 11.9321 4.5
      vertex 2.40424 11.9321 145.5
    endloop
  endfacet
  facet normal 0.793304 0.608826 -4.32099e-20
    outer loop
      vertex 2.40424 11.9321 4.5
      vertex 2.66978 11.5861 145.5
      vertex 2.66978 11.5861 4.5
    endloop
  endfacet
  facet normal -0.991423 0.130692 5.55041e-21
    outer loop
      vertex 142.424 13.9318 4.5
      vertex 142.481 14.3642 145.5
      vertex 142.481 14.3642 4.5
    endloop
  endfacet
  facet normal -0.991423 0.130692 5.55041e-21
    outer loop
      vertex 142.481 14.3642 145.5
      vertex 142.424 13.9318 4.5
      vertex 142.424 13.9318 145.5
    endloop
  endfacet
  facet normal 0.216438 0.976296 -0
    outer loop
      vertex 5.63176 9.87596 4.5
      vertex 5.2059 9.97037 145.5
      vertex 5.63176 9.87596 145.5
    endloop
  endfacet
  facet normal 0.216438 0.976296 0
    outer loop
      vertex 5.2059 9.97037 145.5
      vertex 5.63176 9.87596 4.5
      vertex 5.2059 9.97037 4.5
    endloop
  endfacet
  facet normal 0.991444 -0.130534 -1.08558e-20
    outer loop
      vertex 1.51903 33.4358 141
      vertex 1.57596 33.8682 5
      vertex 1.57596 33.8682 141
    endloop
  endfacet
  facet normal 0.991444 -0.130534 -1.08558e-20
    outer loop
      vertex 1.57596 33.8682 5
      vertex 1.51903 33.4358 141
      vertex 1.51903 33.4358 5
    endloop
  endfacet
  facet normal -0.461641 0.887067 0
    outer loop
      vertex 140 10.4699 4.5
      vertex 139.613 10.2685 145.5
      vertex 140 10.4699 145.5
    endloop
  endfacet
  facet normal -0.461641 0.887067 0
    outer loop
      vertex 139.613 10.2685 145.5
      vertex 140 10.4699 4.5
      vertex 139.613 10.2685 4.5
    endloop
  endfacet
  facet normal -0.999025 -0.0441525 1.09395e-21
    outer loop
      vertex 142.5 33 4.5
      vertex 142.485 33.3394 145.5
      vertex 142.485 33.3394 4.5
    endloop
  endfacet
  facet normal -0.999025 -0.0441525 1.09395e-21
    outer loop
      vertex 142.485 33.3394 145.5
      vertex 142.5 33 4.5
      vertex 142.5 33 145.5
    endloop
  endfacet
  facet normal 0.953713 0.300718 4.05551e-20
    outer loop
      vertex 1.80154 13.0899 145.5
      vertex 1.67037 13.5059 4.5
      vertex 1.67037 13.5059 145.5
    endloop
  endfacet
  facet normal 0.953713 0.300718 4.05551e-20
    outer loop
      vertex 1.67037 13.5059 4.5
      vertex 1.80154 13.0899 145.5
      vertex 1.80154 13.0899 4.5
    endloop
  endfacet
  facet normal -0.976499 0.215522 -9.6101e-21
    outer loop
      vertex 142.33 13.5059 4.5
      vertex 142.424 13.9318 145.5
      vertex 142.424 13.9318 4.5
    endloop
  endfacet
  facet normal -0.976499 0.215522 -9.6101e-21
    outer loop
      vertex 142.424 13.9318 145.5
      vertex 142.33 13.5059 4.5
      vertex 142.33 13.5059 145.5
    endloop
  endfacet
  facet normal 0.976301 0.216418 -5.41754e-20
    outer loop
      vertex 1.67037 13.5059 145.5
      vertex 1.57596 13.9318 4.5
      vertex 1.57596 13.9318 145.5
    endloop
  endfacet
  facet normal 0.976301 0.216418 -5.41754e-20
    outer loop
      vertex 1.57596 13.9318 4.5
      vertex 1.67037 13.5059 145.5
      vertex 1.67037 13.5059 4.5
    endloop
  endfacet
  facet normal -0.792794 0.609489 1.49529e-20
    outer loop
      vertex 141.33 11.5861 4.5
      vertex 141.596 11.9321 145.5
      vertex 141.596 11.9321 4.5
    endloop
  endfacet
  facet normal -0.792794 0.609489 1.49529e-20
    outer loop
      vertex 141.596 11.9321 145.5
      vertex 141.33 11.5861 4.5
      vertex 141.33 11.5861 145.5
    endloop
  endfacet
  facet normal -0.0436053 0.999049 0
    outer loop
      vertex 137.936 9.81903 4.5
      vertex 137.5 9.8 145.5
      vertex 137.936 9.81903 145.5
    endloop
  endfacet
  facet normal -0.0436053 0.999049 0
    outer loop
      vertex 137.5 9.8 145.5
      vertex 137.936 9.81903 4.5
      vertex 137.5 9.8 4.5
    endloop
  endfacet
  facet normal 0.999048 -0.0436237 -6.7992e-20
    outer loop
      vertex 1.5 33 145.5
      vertex 1.51482 33.3394 141
      vertex 1.51482 33.3394 145.5
    endloop
  endfacet
  facet normal 0.999048 -0.0436237 0
    outer loop
      vertex 1.5 33 4.5
      vertex 1.51482 33.3394 141
      vertex 1.5 33 145.5
    endloop
  endfacet
  facet normal 0.999048 -0.0436237 0
    outer loop
      vertex 1.51482 33.3394 141
      vertex 1.5 33 4.5
      vertex 1.51482 33.3394 5
    endloop
  endfacet
  facet normal 0.999048 -0.0436237 0
    outer loop
      vertex 1.51482 33.3394 5
      vertex 1.5 33 4.5
      vertex 1.51482 33.3394 4.5
    endloop
  endfacet
  facet normal 0.999048 -0.0436306 1.75302e-22
    outer loop
      vertex 1.51482 33.3394 141
      vertex 1.51903 33.4358 5
      vertex 1.51903 33.4358 141
    endloop
  endfacet
  facet normal 0.999048 -0.0436306 1.75302e-22
    outer loop
      vertex 1.51903 33.4358 5
      vertex 1.51482 33.3394 141
      vertex 1.51482 33.3394 5
    endloop
  endfacet
  facet normal 0.999048 0.0436252 -9.48049e-21
    outer loop
      vertex 1.51903 14.3642 145.5
      vertex 1.5 14.8 4.5
      vertex 1.5 14.8 145.5
    endloop
  endfacet
  facet normal 0.999048 0.0436252 -9.48049e-21
    outer loop
      vertex 1.5 14.8 4.5
      vertex 1.51903 14.3642 145.5
      vertex 1.51903 14.3642 4.5
    endloop
  endfacet
  facet normal 0.991444 0.130534 1.88299e-20
    outer loop
      vertex 1.57596 13.9318 145.5
      vertex 1.51903 14.3642 4.5
      vertex 1.51903 14.3642 145.5
    endloop
  endfacet
  facet normal 0.991444 0.130534 1.88299e-20
    outer loop
      vertex 1.51903 14.3642 4.5
      vertex 1.57596 13.9318 145.5
      vertex 1.57596 13.9318 4.5
    endloop
  endfacet
  facet normal 0.887008 0.461753 7.19322e-21
    outer loop
      vertex 2.16987 12.3 145.5
      vertex 1.96846 12.6869 4.5
      vertex 1.96846 12.6869 145.5
    endloop
  endfacet
  facet normal 0.887008 0.461753 7.19322e-21
    outer loop
      vertex 1.96846 12.6869 4.5
      vertex 2.16987 12.3 145.5
      vertex 2.16987 12.3 4.5
    endloop
  endfacet
  facet normal -0.738068 0.674726 -1.43986e-21
    outer loop
      vertex 141.036 11.2645 4.5
      vertex 141.33 11.5861 145.5
      vertex 141.33 11.5861 4.5
    endloop
  endfacet
  facet normal -0.738068 0.674726 -1.43986e-21
    outer loop
      vertex 141.33 11.5861 145.5
      vertex 141.036 11.2645 4.5
      vertex 141.036 11.2645 145.5
    endloop
  endfacet
  facet normal -0.953166 0.302447 -4.90794e-20
    outer loop
      vertex 142.198 13.0899 4.5
      vertex 142.33 13.5059 145.5
      vertex 142.33 13.5059 4.5
    endloop
  endfacet
  facet normal -0.953166 0.302447 -4.90794e-20
    outer loop
      vertex 142.33 13.5059 145.5
      vertex 142.198 13.0899 4.5
      vertex 142.198 13.0899 145.5
    endloop
  endfacet
  facet normal 0.73728 0.675588 1.79169e-20
    outer loop
      vertex 2.96447 11.2645 145.5
      vertex 2.66978 11.5861 4.5
      vertex 2.66978 11.5861 145.5
    endloop
  endfacet
  facet normal 0.73728 0.675588 1.79169e-20
    outer loop
      vertex 2.66978 11.5861 4.5
      vertex 2.96447 11.2645 145.5
      vertex 2.96447 11.2645 4.5
    endloop
  endfacet
  facet normal -0.130653 0.991428 0
    outer loop
      vertex 138.368 9.87596 4.5
      vertex 137.936 9.81903 145.5
      vertex 138.368 9.87596 145.5
    endloop
  endfacet
  facet normal -0.130653 0.991428 0
    outer loop
      vertex 137.936 9.81903 145.5
      vertex 138.368 9.87596 4.5
      vertex 137.936 9.81903 4.5
    endloop
  endfacet
  facet normal -0.675143 0.737686 0
    outer loop
      vertex 141.036 11.2645 4.5
      vertex 140.714 10.9698 145.5
      vertex 141.036 11.2645 145.5
    endloop
  endfacet
  facet normal -0.675143 0.737686 0
    outer loop
      vertex 140.714 10.9698 145.5
      vertex 141.036 11.2645 4.5
      vertex 140.714 10.9698 4.5
    endloop
  endfacet
  facet normal -0.999051 0.0435566 -1.25152e-20
    outer loop
      vertex 142.481 14.3642 4.5
      vertex 142.5 14.8 145.5
      vertex 142.5 14.8 4.5
    endloop
  endfacet
  facet normal -0.999051 0.0435566 -1.25152e-20
    outer loop
      vertex 142.5 14.8 145.5
      vertex 142.481 14.3642 4.5
      vertex 142.481 14.3642 145.5
    endloop
  endfacet
  facet normal 0 0 -1
    outer loop
      vertex 137 36 145.5
      vertex 142.5 33 145.5
      vertex 142.5 14.8 145.5
    endloop
  endfacet
  facet normal 0 0 -1
    outer loop
      vertex 137.5 9.8 145.5
      vertex 142.5 14.8 145.5
      vertex 142.481 14.3642 145.5
    endloop
  endfacet
  facet normal 0 0 -1
    outer loop
      vertex 137.5 9.8 145.5
      vertex 142.481 14.3642 145.5
      vertex 142.424 13.9318 145.5
    endloop
  endfacet
  facet normal -0 -0 -1
    outer loop
      vertex 138.216 35.8937 145.5
      vertex 142.5 33 145.5
      vertex 137 36 145.5
    endloop
  endfacet
  facet normal 0 0 -1
    outer loop
      vertex 137.5 9.8 145.5
      vertex 142.424 13.9318 145.5
      vertex 142.33 13.5059 145.5
    endloop
  endfacet
  facet normal 0 0 -1
    outer loop
      vertex 137.5 9.8 145.5
      vertex 142.33 13.5059 145.5
      vertex 142.198 13.0899 145.5
    endloop
  endfacet
  facet normal 0 0 -1
    outer loop
      vertex 137.5 9.8 145.5
      vertex 142.198 13.0899 145.5
      vertex 142.032 12.6869 145.5
    endloop
  endfacet
  facet normal -0 -0 -1
    outer loop
      vertex 142.362 33.4995 145.5
      vertex 142.5 33 145.5
      vertex 141.95 33.9497 145.5
    endloop
  endfacet
  facet normal 0 0 -1
    outer loop
      vertex 137.5 9.8 145.5
      vertex 142.032 12.6869 145.5
      vertex 141.83 12.3 145.5
    endloop
  endfacet
  facet normal 0 0 -1
    outer loop
      vertex 137.5 9.8 145.5
      vertex 141.83 12.3 145.5
      vertex 141.596 11.9321 145.5
    endloop
  endfacet
  facet normal 0 0 -1
    outer loop
      vertex 142.5 33 145.5
      vertex 142.362 33.4995 145.5
      vertex 142.485 33.3394 145.5
    endloop
  endfacet
  facet normal 0 0 -1
    outer loop
      vertex 137.5 9.8 145.5
      vertex 141.596 11.9321 145.5
      vertex 141.33 11.5861 145.5
    endloop
  endfacet
  facet normal 0 0 -1
    outer loop
      vertex 137.5 9.8 145.5
      vertex 141.33 11.5861 145.5
      vertex 141.036 11.2645 145.5
    endloop
  endfacet
  facet normal 0 0 -1
    outer loop
      vertex 142.5 33 145.5
      vertex 141.5 34.3623 145.5
      vertex 141.95 33.9497 145.5
    endloop
  endfacet
  facet normal 0 0 -1
    outer loop
      vertex 137.5 9.8 145.5
      vertex 141.036 11.2645 145.5
      vertex 140.714 10.9698 145.5
    endloop
  endfacet
  facet normal 0 0 -1
    outer loop
      vertex 142.5 33 145.5
      vertex 141.015 34.7341 145.5
      vertex 141.5 34.3623 145.5
    endloop
  endfacet
  facet normal 0 0 -1
    outer loop
      vertex 137.5 9.8 145.5
      vertex 140.714 10.9698 145.5
      vertex 140.368 10.7042 145.5
    endloop
  endfacet
  facet normal 0 0 -1
    outer loop
      vertex 137.5 9.8 145.5
      vertex 140.368 10.7042 145.5
      vertex 140 10.4699 145.5
    endloop
  endfacet
  facet normal 0 0 -1
    outer loop
      vertex 142.5 33 145.5
      vertex 140.5 35.0622 145.5
      vertex 141.015 34.7341 145.5
    endloop
  endfacet
  facet normal 0 0 -1
    outer loop
      vertex 137.5 9.8 145.5
      vertex 140 10.4699 145.5
      vertex 139.613 10.2685 145.5
    endloop
  endfacet
  facet normal 0 0 -1
    outer loop
      vertex 142.5 33 145.5
      vertex 139.958 35.3442 145.5
      vertex 140.5 35.0622 145.5
    endloop
  endfacet
  facet normal 0 0 -1
    outer loop
      vertex 137.5 9.8 145.5
      vertex 139.613 10.2685 145.5
      vertex 139.21 10.1015 145.5
    endloop
  endfacet
  facet normal -0 0 -1
    outer loop
      vertex 142.5 14.8 145.5
      vertex 137.5 9.8 145.5
      vertex 137 36 145.5
    endloop
  endfacet
  facet normal 0 0 -1
    outer loop
      vertex 137.5 9.8 145.5
      vertex 139.21 10.1015 145.5
      vertex 138.794 9.97037 145.5
    endloop
  endfacet
  facet normal 0 0 -1
    outer loop
      vertex 137.5 9.8 145.5
      vertex 138.794 9.97037 145.5
      vertex 138.368 9.87596 145.5
    endloop
  endfacet
  facet normal 0 0 -1
    outer loop
      vertex 142.5 33 145.5
      vertex 139.394 35.5778 145.5
      vertex 139.958 35.3442 145.5
    endloop
  endfacet
  facet normal 0 0 -1
    outer loop
      vertex 137.5 9.8 145.5
      vertex 138.368 9.87596 145.5
      vertex 137.936 9.81903 145.5
    endloop
  endfacet
  facet normal 0 0 -1
    outer loop
      vertex 142.5 33 145.5
      vertex 138.812 35.7615 145.5
      vertex 139.394 35.5778 145.5
    endloop
  endfacet
  facet normal 0 0 -1
    outer loop
      vertex 142.5 33 145.5
      vertex 138.216 35.8937 145.5
      vertex 138.812 35.7615 145.5
    endloop
  endfacet
  facet normal 0 0 -1
    outer loop
      vertex 138.216 35.8937 145.5
      vertex 137 36 145.5
      vertex 137.61 35.9734 145.5
    endloop
  endfacet
  facet normal 0 0 -1
    outer loop
      vertex 137.5 9.8 145.5
      vertex 7 36 145.5
      vertex 137 36 145.5
    endloop
  endfacet
  facet normal 0 0 -1
    outer loop
      vertex 6.5 9.8 145.5
      vertex 7 36 145.5
      vertex 137.5 9.8 145.5
    endloop
  endfacet
  facet normal 0 0 -1
    outer loop
      vertex 1.5 14.8 145.5
      vertex 7 36 145.5
      vertex 6.5 9.8 145.5
    endloop
  endfacet
  facet normal 0 0 -1
    outer loop
      vertex 1.5 14.8 145.5
      vertex 6.5 9.8 145.5
      vertex 6.06422 9.81903 145.5
    endloop
  endfacet
  facet normal 0 0 -1
    outer loop
      vertex 1.5 33 145.5
      vertex 7 36 145.5
      vertex 1.5 14.8 145.5
    endloop
  endfacet
  facet normal 0 0 -1
    outer loop
      vertex 1.5 14.8 145.5
      vertex 6.06422 9.81903 145.5
      vertex 5.63176 9.87596 145.5
    endloop
  endfacet
  facet normal 0 0 -1
    outer loop
      vertex 1.5 14.8 145.5
      vertex 5.63176 9.87596 145.5
      vertex 5.2059 9.97037 145.5
    endloop
  endfacet
  facet normal 0 0 -1
    outer loop
      vertex 7 36 145.5
      vertex 1.5 33 145.5
      vertex 6.38991 35.9734 145.5
    endloop
  endfacet
  facet normal 0 0 -1
    outer loop
      vertex 1.5 14.8 145.5
      vertex 5.2059 9.97037 145.5
      vertex 4.7899 10.1015 145.5
    endloop
  endfacet
  facet normal 0 0 -1
    outer loop
      vertex 6.38991 35.9734 145.5
      vertex 1.5 33 145.5
      vertex 5.78446 35.8937 145.5
    endloop
  endfacet
  facet normal 0 0 -1
    outer loop
      vertex 1.5 14.8 145.5
      vertex 4.7899 10.1015 145.5
      vertex 4.38691 10.2685 145.5
    endloop
  endfacet
  facet normal 0 0 -1
    outer loop
      vertex 5.78446 35.8937 145.5
      vertex 1.5 33 145.5
      vertex 5.18827 35.7615 145.5
    endloop
  endfacet
  facet normal 0 0 -1
    outer loop
      vertex 1.5 14.8 145.5
      vertex 4.38691 10.2685 145.5
      vertex 4 10.4699 145.5
    endloop
  endfacet
  facet normal 0 0 -1
    outer loop
      vertex 1.5 14.8 145.5
      vertex 4 10.4699 145.5
      vertex 3.63212 10.7042 145.5
    endloop
  endfacet
  facet normal 0 0 -1
    outer loop
      vertex 5.18827 35.7615 145.5
      vertex 1.5 33 145.5
      vertex 4.60586 35.5778 145.5
    endloop
  endfacet
  facet normal 0 0 -1
    outer loop
      vertex 1.5 14.8 145.5
      vertex 3.63212 10.7042 145.5
      vertex 3.28606 10.9698 145.5
    endloop
  endfacet
  facet normal 0 0 -1
    outer loop
      vertex 4.60586 35.5778 145.5
      vertex 1.5 33 145.5
      vertex 4.04167 35.3442 145.5
    endloop
  endfacet
  facet normal 0 0 -1
    outer loop
      vertex 1.5 14.8 145.5
      vertex 3.28606 10.9698 145.5
      vertex 2.96447 11.2645 145.5
    endloop
  endfacet
  facet normal 0 0 -1
    outer loop
      vertex 1.5 14.8 145.5
      vertex 2.96447 11.2645 145.5
      vertex 2.66978 11.5861 145.5
    endloop
  endfacet
  facet normal 0 0 -1
    outer loop
      vertex 4.04167 35.3442 145.5
      vertex 1.5 33 145.5
      vertex 3.5 35.0622 145.5
    endloop
  endfacet
  facet normal 0 0 -1
    outer loop
      vertex 1.5 14.8 145.5
      vertex 2.66978 11.5861 145.5
      vertex 2.40424 11.9321 145.5
    endloop
  endfacet
  facet normal 0 0 -1
    outer loop
      vertex 1.5 14.8 145.5
      vertex 2.40424 11.9321 145.5
      vertex 2.16987 12.3 145.5
    endloop
  endfacet
  facet normal 0 0 -1
    outer loop
      vertex 3.5 35.0622 145.5
      vertex 1.5 33 145.5
      vertex 2.98496 34.7341 145.5
    endloop
  endfacet
  facet normal 0 0 -1
    outer loop
      vertex 1.5 14.8 145.5
      vertex 2.16987 12.3 145.5
      vertex 1.96846 12.6869 145.5
    endloop
  endfacet
  facet normal 0 0 -1
    outer loop
      vertex 1.5 14.8 145.5
      vertex 1.96846 12.6869 145.5
      vertex 1.80154 13.0899 145.5
    endloop
  endfacet
  facet normal 0 0 -1
    outer loop
      vertex 1.5 14.8 145.5
      vertex 1.80154 13.0899 145.5
      vertex 1.67037 13.5059 145.5
    endloop
  endfacet
  facet normal 0 0 -1
    outer loop
      vertex 2.98496 34.7341 145.5
      vertex 1.5 33 145.5
      vertex 2.50049 34.3623 145.5
    endloop
  endfacet
  facet normal 0 0 -1
    outer loop
      vertex 1.5 14.8 145.5
      vertex 1.67037 13.5059 145.5
      vertex 1.57596 13.9318 145.5
    endloop
  endfacet
  facet normal 0 0 -1
    outer loop
      vertex 1.5 14.8 145.5
      vertex 1.57596 13.9318 145.5
      vertex 1.51903 14.3642 145.5
    endloop
  endfacet
  facet normal 0 0 -1
    outer loop
      vertex 2.50049 34.3623 145.5
      vertex 1.5 33 145.5
      vertex 2.05025 33.9497 145.5
    endloop
  endfacet
  facet normal 0 0 -1
    outer loop
      vertex 2.05025 33.9497 145.5
      vertex 1.5 33 145.5
      vertex 1.63769 33.4995 145.5
    endloop
  endfacet
  facet normal 0 0 -1
    outer loop
      vertex 1.63769 33.4995 145.5
      vertex 1.5 33 145.5
      vertex 1.51482 33.3394 145.5
    endloop
  endfacet
  facet normal -0.300634 0.953739 0
    outer loop
      vertex 139.21 10.1015 4.5
      vertex 138.794 9.97037 145.5
      vertex 139.21 10.1015 145.5
    endloop
  endfacet
  facet normal -0.300634 0.953739 0
    outer loop
      vertex 138.794 9.97037 145.5
      vertex 139.21 10.1015 4.5
      vertex 138.794 9.97037 4.5
    endloop
  endfacet
  facet normal 0.923886 -0.382668 3.97316e-20
    outer loop
      vertex 1.80154 34.7101 141
      vertex 1.96846 35.1131 5
      vertex 1.96846 35.1131 141
    endloop
  endfacet
  facet normal 0.923886 -0.382668 3.97316e-20
    outer loop
      vertex 1.96846 35.1131 5
      vertex 1.80154 34.7101 141
      vertex 1.80154 34.7101 5
    endloop
  endfacet
  facet normal -0.21637 0.976311 0
    outer loop
      vertex 138.794 9.97037 4.5
      vertex 138.368 9.87596 145.5
      vertex 138.794 9.97037 145.5
    endloop
  endfacet
  facet normal -0.21637 0.976311 0
    outer loop
      vertex 138.368 9.87596 145.5
      vertex 138.794 9.97037 4.5
      vertex 138.368 9.87596 4.5
    endloop
  endfacet
  facet normal -0.608913 0.793237 0
    outer loop
      vertex 140.714 10.9698 4.5
      vertex 140.368 10.7042 145.5
      vertex 140.714 10.9698 145.5
    endloop
  endfacet
  facet normal -0.608913 0.793237 0
    outer loop
      vertex 140.368 10.7042 145.5
      vertex 140.714 10.9698 4.5
      vertex 140.368 10.7042 4.5
    endloop
  endfacet
  facet normal 0.976301 -0.216418 3.6406e-20
    outer loop
      vertex 1.57596 33.8682 141
      vertex 1.67037 34.2941 5
      vertex 1.67037 34.2941 141
    endloop
  endfacet
  facet normal 0.976301 -0.216418 3.6406e-20
    outer loop
      vertex 1.67037 34.2941 5
      vertex 1.57596 33.8682 141
      vertex 1.57596 33.8682 5
    endloop
  endfacet
  facet normal -0.537068 0.843539 0
    outer loop
      vertex 140.368 10.7042 4.5
      vertex 140 10.4699 145.5
      vertex 140.368 10.7042 145.5
    endloop
  endfacet
  facet normal -0.537068 0.843539 0
    outer loop
      vertex 140 10.4699 145.5
      vertex 140.368 10.7042 4.5
      vertex 140 10.4699 4.5
    endloop
  endfacet
  facet normal 0.608846 0.793288 -0
    outer loop
      vertex 3.63212 10.7042 4.5
      vertex 3.28606 10.9698 145.5
      vertex 3.63212 10.7042 145.5
    endloop
  endfacet
  facet normal 0.608846 0.793288 0
    outer loop
      vertex 3.28606 10.9698 145.5
      vertex 3.63212 10.7042 4.5
      vertex 3.28606 10.9698 4.5
    endloop
  endfacet
  facet normal 0.382832 0.923818 -0
    outer loop
      vertex 4.7899 10.1015 4.5
      vertex 4.38691 10.2685 145.5
      vertex 4.7899 10.1015 145.5
    endloop
  endfacet
  facet normal 0.382832 0.923818 0
    outer loop
      vertex 4.38691 10.2685 145.5
      vertex 4.7899 10.1015 4.5
      vertex 4.38691 10.2685 4.5
    endloop
  endfacet
  facet normal -1 0 0
    outer loop
      vertex 134 0 15.337
      vertex 134 9.8 134.663
      vertex 134 9.8 15.337
    endloop
  endfacet
  facet normal -1 -0 0
    outer loop
      vertex 134 9.8 134.663
      vertex 134 0 15.337
      vertex 134 0 134.663
    endloop
  endfacet
  facet normal 0 0 -1
    outer loop
      vertex 12.337 0 137
      vertex 131.663 9.8 137
      vertex 131.663 0 137
    endloop
  endfacet
  facet normal -0 0 -1
    outer loop
      vertex 131.663 9.8 137
      vertex 12.337 0 137
      vertex 12.337 9.8 137
    endloop
  endfacet
  facet normal -0 0 1
    outer loop
      vertex 12.337 9.8 13
      vertex 131.663 0 13
      vertex 131.663 9.8 13
    endloop
  endfacet
  facet normal 0 0 1
    outer loop
      vertex 131.663 0 13
      vertex 12.337 9.8 13
      vertex 12.337 0 13
    endloop
  endfacet
  facet normal 1 -0 0
    outer loop
      vertex 10 0 134.663
      vertex 10 9.8 15.337
      vertex 10 9.8 134.663
    endloop
  endfacet
  facet normal 1 0 0
    outer loop
      vertex 10 9.8 15.337
      vertex 10 0 134.663
      vertex 10 0 15.337
    endloop
  endfacet
endsolid OpenSCAD_Model
