solid OpenSCAD_Model
  facet normal -0.991481 -0.130252 -3.84082e-20
    outer loop
      vertex 14.6916 12.6917 69.5
      vertex 14.6666 12.882 94.5
      vertex 14.6666 12.882 69.5
    endloop
  endfacet
  facet normal -0.991481 -0.130252 -3.84082e-20
    outer loop
      vertex 14.6666 12.882 94.5
      vertex 14.6916 12.6917 69.5
      vertex 14.6916 12.6917 94.5
    endloop
  endfacet
  facet normal -0.999041 -0.0437765 -9.96021e-21
    outer loop
      vertex 14.7 12.5 69.5
      vertex 14.6916 12.6917 94.5
      vertex 14.6916 12.6917 69.5
    endloop
  endfacet
  facet normal -0.999041 -0.0437765 -9.96021e-21
    outer loop
      vertex 14.6916 12.6917 94.5
      vertex 14.7 12.5 69.5
      vertex 14.7 12.5 94.5
    endloop
  endfacet
  facet normal -0.976236 -0.21671 7.08089e-20
    outer loop
      vertex 14.6666 12.882 69.5
      vertex 14.625 13.0694 94.5
      vertex 14.625 13.0694 69.5
    endloop
  endfacet
  facet normal -0.976236 -0.21671 7.08089e-20
    outer loop
      vertex 14.625 13.0694 94.5
      vertex 14.6666 12.882 69.5
      vertex 14.6666 12.882 94.5
    endloop
  endfacet
  facet normal 0.21671 -0.976236 0
    outer loop
      vertex 11.9306 14.625 69.5
      vertex 12.118 14.6666 94.5
      vertex 11.9306 14.625 94.5
    endloop
  endfacet
  facet normal 0.21671 -0.976236 0
    outer loop
      vertex 12.118 14.6666 94.5
      vertex 11.9306 14.625 69.5
      vertex 12.118 14.6666 69.5
    endloop
  endfacet
  facet normal 0.130252 -0.991481 0
    outer loop
      vertex 12.118 14.6666 69.5
      vertex 12.3083 14.6916 94.5
      vertex 12.118 14.6666 94.5
    endloop
  endfacet
  facet normal 0.130252 -0.991481 0
    outer loop
      vertex 12.3083 14.6916 94.5
      vertex 12.118 14.6666 69.5
      vertex 12.3083 14.6916 69.5
    endloop
  endfacet
  facet normal 0.0437765 -0.999041 0
    outer loop
      vertex 12.3083 14.6916 69.5
      vertex 12.5 14.7 94.5
      vertex 12.3083 14.6916 94.5
    endloop
  endfacet
  facet normal 0.0437765 -0.999041 0
    outer loop
      vertex 12.5 14.7 94.5
      vertex 12.3083 14.6916 69.5
      vertex 12.5 14.7 69.5
    endloop
  endfacet
  facet normal -0.999041 0.0437765 9.96021e-21
    outer loop
      vertex 14.6916 12.3083 69.5
      vertex 14.7 12.5 94.5
      vertex 14.7 12.5 69.5
    endloop
  endfacet
  facet normal -0.999041 0.0437765 9.96021e-21
    outer loop
      vertex 14.7 12.5 94.5
      vertex 14.6916 12.3083 69.5
      vertex 14.6916 12.3083 94.5
    endloop
  endfacet
  facet normal -0.793321 -0.608804 1.95465e-19
    outer loop
      vertex 14.3021 13.7619 69.5
      vertex 14.1853 13.9141 94.5
      vertex 14.1853 13.9141 69.5
    endloop
  endfacet
  facet normal -0.793321 -0.608804 1.95465e-19
    outer loop
      vertex 14.1853 13.9141 94.5
      vertex 14.3021 13.7619 69.5
      vertex 14.3021 13.7619 94.5
    endloop
  endfacet
  facet normal 0.675701 0.737176 -0
    outer loop
      vertex 11.0859 10.8147 69.5
      vertex 10.9444 10.9444 94.5
      vertex 11.0859 10.8147 94.5
    endloop
  endfacet
  facet normal 0.675701 0.737176 0
    outer loop
      vertex 10.9444 10.9444 94.5
      vertex 11.0859 10.8147 69.5
      vertex 10.9444 10.9444 69.5
    endloop
  endfacet
  facet normal 0.976236 0.21671 7.08089e-20
    outer loop
      vertex 10.375 11.9306 94.5
      vertex 10.3334 12.118 69.5
      vertex 10.3334 12.118 94.5
    endloop
  endfacet
  facet normal 0.976236 0.21671 7.08089e-20
    outer loop
      vertex 10.3334 12.118 69.5
      vertex 10.375 11.9306 94.5
      vertex 10.375 11.9306 69.5
    endloop
  endfacet
  facet normal 0.461747 0.887012 -0
    outer loop
      vertex 11.5702 10.5061 69.5
      vertex 11.4 10.5947 94.5
      vertex 11.5702 10.5061 94.5
    endloop
  endfacet
  facet normal 0.461747 0.887012 0
    outer loop
      vertex 11.4 10.5947 94.5
      vertex 11.5702 10.5061 69.5
      vertex 11.4 10.5947 69.5
    endloop
  endfacet
  facet normal 0.953716 -0.300707 1.73071e-20
    outer loop
      vertex 10.375 13.0694 94.5
      vertex 10.4327 13.2524 69.5
      vertex 10.4327 13.2524 94.5
    endloop
  endfacet
  facet normal 0.953716 -0.300707 1.73071e-20
    outer loop
      vertex 10.4327 13.2524 69.5
      vertex 10.375 13.0694 94.5
      vertex 10.375 13.0694 69.5
    endloop
  endfacet
  facet normal 0.991481 0.130252 -3.84082e-20
    outer loop
      vertex 10.3334 12.118 94.5
      vertex 10.3084 12.3083 69.5
      vertex 10.3084 12.3083 94.5
    endloop
  endfacet
  facet normal 0.991481 0.130252 -3.84082e-20
    outer loop
      vertex 10.3084 12.3083 69.5
      vertex 10.3334 12.118 94.5
      vertex 10.3334 12.118 69.5
    endloop
  endfacet
  facet normal -0.130252 0.991481 0
    outer loop
      vertex 12.882 10.3334 69.5
      vertex 12.6917 10.3084 94.5
      vertex 12.882 10.3334 94.5
    endloop
  endfacet
  facet normal -0.130252 0.991481 0
    outer loop
      vertex 12.6917 10.3084 94.5
      vertex 12.882 10.3334 69.5
      vertex 12.6917 10.3084 69.5
    endloop
  endfacet
  facet normal -0.953716 -0.300707 -1.73071e-20
    outer loop
      vertex 14.625 13.0694 69.5
      vertex 14.5673 13.2524 94.5
      vertex 14.5673 13.2524 69.5
    endloop
  endfacet
  facet normal -0.953716 -0.300707 -1.73071e-20
    outer loop
      vertex 14.5673 13.2524 94.5
      vertex 14.625 13.0694 69.5
      vertex 14.625 13.0694 94.5
    endloop
  endfacet
  facet normal 0.999041 -0.0437765 9.96021e-21
    outer loop
      vertex 10.3 12.5 94.5
      vertex 10.3084 12.6917 69.5
      vertex 10.3084 12.6917 94.5
    endloop
  endfacet
  facet normal 0.999041 -0.0437765 9.96021e-21
    outer loop
      vertex 10.3084 12.6917 69.5
      vertex 10.3 12.5 94.5
      vertex 10.3 12.5 69.5
    endloop
  endfacet
  facet normal 0.793321 -0.608804 -1.95465e-19
    outer loop
      vertex 10.6979 13.7619 94.5
      vertex 10.8147 13.9141 69.5
      vertex 10.8147 13.9141 94.5
    endloop
  endfacet
  facet normal 0.793321 -0.608804 -1.95465e-19
    outer loop
      vertex 10.8147 13.9141 69.5
      vertex 10.6979 13.7619 94.5
      vertex 10.6979 13.7619 69.5
    endloop
  endfacet
  facet normal -0.300707 0.953716 0
    outer loop
      vertex 13.2524 10.4327 69.5
      vertex 13.0694 10.375 94.5
      vertex 13.2524 10.4327 94.5
    endloop
  endfacet
  facet normal -0.300707 0.953716 0
    outer loop
      vertex 13.0694 10.375 94.5
      vertex 13.2524 10.4327 69.5
      vertex 13.0694 10.375 69.5
    endloop
  endfacet
  facet normal -0.991481 0.130252 3.84082e-20
    outer loop
      vertex 14.6666 12.118 69.5
      vertex 14.6916 12.3083 94.5
      vertex 14.6916 12.3083 69.5
    endloop
  endfacet
  facet normal -0.991481 0.130252 3.84082e-20
    outer loop
      vertex 14.6916 12.3083 94.5
      vertex 14.6666 12.118 69.5
      vertex 14.6666 12.118 94.5
    endloop
  endfacet
  facet normal 0.976236 -0.21671 -7.08089e-20
    outer loop
      vertex 10.3334 12.882 94.5
      vertex 10.375 13.0694 69.5
      vertex 10.375 13.0694 94.5
    endloop
  endfacet
  facet normal 0.976236 -0.21671 -7.08089e-20
    outer loop
      vertex 10.375 13.0694 69.5
      vertex 10.3334 12.882 94.5
      vertex 10.3334 12.882 69.5
    endloop
  endfacet
  facet normal -0.0437765 0.999041 0
    outer loop
      vertex 12.6917 10.3084 69.5
      vertex 12.5 10.3 94.5
      vertex 12.6917 10.3084 94.5
    endloop
  endfacet
  facet normal -0.0437765 0.999041 0
    outer loop
      vertex 12.5 10.3 94.5
      vertex 12.6917 10.3084 69.5
      vertex 12.5 10.3 69.5
    endloop
  endfacet
  facet normal -0.737176 -0.675701 2.26259e-19
    outer loop
      vertex 14.1853 13.9141 69.5
      vertex 14.0556 14.0556 94.5
      vertex 14.0556 14.0556 69.5
    endloop
  endfacet
  facet normal -0.737176 -0.675701 2.26259e-19
    outer loop
      vertex 14.0556 14.0556 94.5
      vertex 14.1853 13.9141 69.5
      vertex 14.1853 13.9141 94.5
    endloop
  endfacet
  facet normal 0.382321 0.92403 -0
    outer loop
      vertex 11.7476 10.4327 69.5
      vertex 11.5702 10.5061 94.5
      vertex 11.7476 10.4327 94.5
    endloop
  endfacet
  facet normal 0.382321 0.92403 0
    outer loop
      vertex 11.5702 10.5061 94.5
      vertex 11.7476 10.4327 69.5
      vertex 11.5702 10.5061 69.5
    endloop
  endfacet
  facet normal -0.461747 0.887012 0
    outer loop
      vertex 13.6 10.5947 69.5
      vertex 13.4298 10.5061 94.5
      vertex 13.6 10.5947 94.5
    endloop
  endfacet
  facet normal -0.461747 0.887012 0
    outer loop
      vertex 13.4298 10.5061 94.5
      vertex 13.6 10.5947 69.5
      vertex 13.4298 10.5061 69.5
    endloop
  endfacet
  facet normal 0.382321 -0.92403 0
    outer loop
      vertex 11.5702 14.4939 69.5
      vertex 11.7476 14.5673 94.5
      vertex 11.5702 14.4939 94.5
    endloop
  endfacet
  facet normal 0.382321 -0.92403 0
    outer loop
      vertex 11.7476 14.5673 94.5
      vertex 11.5702 14.4939 69.5
      vertex 11.7476 14.5673 69.5
    endloop
  endfacet
  facet normal 0.461747 -0.887012 0
    outer loop
      vertex 11.4 14.4053 69.5
      vertex 11.5702 14.4939 94.5
      vertex 11.4 14.4053 94.5
    endloop
  endfacet
  facet normal 0.461747 -0.887012 0
    outer loop
      vertex 11.5702 14.4939 94.5
      vertex 11.4 14.4053 69.5
      vertex 11.5702 14.4939 69.5
    endloop
  endfacet
  facet normal -0.675701 -0.737176 0
    outer loop
      vertex 13.9141 14.1853 69.5
      vertex 14.0556 14.0556 94.5
      vertex 13.9141 14.1853 94.5
    endloop
  endfacet
  facet normal -0.675701 -0.737176 -0
    outer loop
      vertex 14.0556 14.0556 94.5
      vertex 13.9141 14.1853 69.5
      vertex 14.0556 14.0556 69.5
    endloop
  endfacet
  facet normal -0.382321 -0.92403 0
    outer loop
      vertex 13.2524 14.5673 69.5
      vertex 13.4298 14.4939 94.5
      vertex 13.2524 14.5673 94.5
    endloop
  endfacet
  facet normal -0.382321 -0.92403 -0
    outer loop
      vertex 13.4298 14.4939 94.5
      vertex 13.2524 14.5673 69.5
      vertex 13.4298 14.4939 69.5
    endloop
  endfacet
  facet normal 0.300707 -0.953716 0
    outer loop
      vertex 11.7476 14.5673 69.5
      vertex 11.9306 14.625 94.5
      vertex 11.7476 14.5673 94.5
    endloop
  endfacet
  facet normal 0.300707 -0.953716 0
    outer loop
      vertex 11.9306 14.625 94.5
      vertex 11.7476 14.5673 69.5
      vertex 11.9306 14.625 69.5
    endloop
  endfacet
  facet normal -0.92403 -0.382321 -8.31066e-21
    outer loop
      vertex 14.5673 13.2524 69.5
      vertex 14.4939 13.4298 94.5
      vertex 14.4939 13.4298 69.5
    endloop
  endfacet
  facet normal -0.92403 -0.382321 -8.31066e-21
    outer loop
      vertex 14.4939 13.4298 94.5
      vertex 14.5673 13.2524 69.5
      vertex 14.5673 13.2524 94.5
    endloop
  endfacet
  facet normal 0.887012 0.461747 -1.51426e-19
    outer loop
      vertex 10.5947 11.4 94.5
      vertex 10.5061 11.5702 69.5
      vertex 10.5061 11.5702 94.5
    endloop
  endfacet
  facet normal 0.887012 0.461747 -1.51426e-19
    outer loop
      vertex 10.5061 11.5702 69.5
      vertex 10.5947 11.4 94.5
      vertex 10.5947 11.4 69.5
    endloop
  endfacet
  facet normal -0.793321 0.608804 -1.95465e-19
    outer loop
      vertex 14.1853 11.0859 69.5
      vertex 14.3021 11.2381 94.5
      vertex 14.3021 11.2381 69.5
    endloop
  endfacet
  facet normal -0.793321 0.608804 -1.95465e-19
    outer loop
      vertex 14.3021 11.2381 94.5
      vertex 14.1853 11.0859 69.5
      vertex 14.1853 11.0859 94.5
    endloop
  endfacet
  facet normal -0.608804 -0.793321 0
    outer loop
      vertex 13.7619 14.3021 69.5
      vertex 13.9141 14.1853 94.5
      vertex 13.7619 14.3021 94.5
    endloop
  endfacet
  facet normal -0.608804 -0.793321 -0
    outer loop
      vertex 13.9141 14.1853 94.5
      vertex 13.7619 14.3021 69.5
      vertex 13.9141 14.1853 69.5
    endloop
  endfacet
  facet normal 0.953716 0.300707 -1.73071e-20
    outer loop
      vertex 10.4327 11.7476 94.5
      vertex 10.375 11.9306 69.5
      vertex 10.375 11.9306 94.5
    endloop
  endfacet
  facet normal 0.953716 0.300707 -1.73071e-20
    outer loop
      vertex 10.375 11.9306 69.5
      vertex 10.4327 11.7476 94.5
      vertex 10.4327 11.7476 69.5
    endloop
  endfacet
  facet normal -0.843254 -0.537516 1.07911e-19
    outer loop
      vertex 14.4053 13.6 69.5
      vertex 14.3021 13.7619 94.5
      vertex 14.3021 13.7619 69.5
    endloop
  endfacet
  facet normal -0.843254 -0.537516 1.07911e-19
    outer loop
      vertex 14.3021 13.7619 94.5
      vertex 14.4053 13.6 69.5
      vertex 14.4053 13.6 94.5
    endloop
  endfacet
  facet normal 0.92403 0.382321 -8.31066e-21
    outer loop
      vertex 10.5061 11.5702 94.5
      vertex 10.4327 11.7476 69.5
      vertex 10.4327 11.7476 94.5
    endloop
  endfacet
  facet normal 0.92403 0.382321 -8.31066e-21
    outer loop
      vertex 10.4327 11.7476 69.5
      vertex 10.5061 11.5702 94.5
      vertex 10.5061 11.5702 69.5
    endloop
  endfacet
  facet normal -0.382321 0.92403 0
    outer loop
      vertex 13.4298 10.5061 69.5
      vertex 13.2524 10.4327 94.5
      vertex 13.4298 10.5061 94.5
    endloop
  endfacet
  facet normal -0.382321 0.92403 0
    outer loop
      vertex 13.2524 10.4327 94.5
      vertex 13.4298 10.5061 69.5
      vertex 13.2524 10.4327 69.5
    endloop
  endfacet
  facet normal -0.537516 -0.843254 0
    outer loop
      vertex 13.6 14.4053 69.5
      vertex 13.7619 14.3021 94.5
      vertex 13.6 14.4053 94.5
    endloop
  endfacet
  facet normal -0.537516 -0.843254 -0
    outer loop
      vertex 13.7619 14.3021 94.5
      vertex 13.6 14.4053 69.5
      vertex 13.7619 14.3021 69.5
    endloop
  endfacet
  facet normal 0.130252 0.991481 -0
    outer loop
      vertex 12.3083 10.3084 69.5
      vertex 12.118 10.3334 94.5
      vertex 12.3083 10.3084 94.5
    endloop
  endfacet
  facet normal 0.130252 0.991481 0
    outer loop
      vertex 12.118 10.3334 94.5
      vertex 12.3083 10.3084 69.5
      vertex 12.118 10.3334 69.5
    endloop
  endfacet
  facet normal 0.991481 -0.130252 3.84082e-20
    outer loop
      vertex 10.3084 12.6917 94.5
      vertex 10.3334 12.882 69.5
      vertex 10.3334 12.882 94.5
    endloop
  endfacet
  facet normal 0.991481 -0.130252 3.84082e-20
    outer loop
      vertex 10.3334 12.882 69.5
      vertex 10.3084 12.6917 94.5
      vertex 10.3084 12.6917 69.5
    endloop
  endfacet
  facet normal -0.92403 0.382321 8.31066e-21
    outer loop
      vertex 14.4939 11.5702 69.5
      vertex 14.5673 11.7476 94.5
      vertex 14.5673 11.7476 69.5
    endloop
  endfacet
  facet normal -0.92403 0.382321 8.31066e-21
    outer loop
      vertex 14.5673 11.7476 94.5
      vertex 14.4939 11.5702 69.5
      vertex 14.4939 11.5702 94.5
    endloop
  endfacet
  facet normal 0.92403 -0.382321 8.31066e-21
    outer loop
      vertex 10.4327 13.2524 94.5
      vertex 10.5061 13.4298 69.5
      vertex 10.5061 13.4298 94.5
    endloop
  endfacet
  facet normal 0.92403 -0.382321 8.31066e-21
    outer loop
      vertex 10.5061 13.4298 69.5
      vertex 10.4327 13.2524 94.5
      vertex 10.4327 13.2524 69.5
    endloop
  endfacet
  facet normal -0.461747 -0.887012 0
    outer loop
      vertex 13.4298 14.4939 69.5
      vertex 13.6 14.4053 94.5
      vertex 13.4298 14.4939 94.5
    endloop
  endfacet
  facet normal -0.461747 -0.887012 -0
    outer loop
      vertex 13.6 14.4053 94.5
      vertex 13.4298 14.4939 69.5
      vertex 13.6 14.4053 69.5
    endloop
  endfacet
  facet normal -0.976236 0.21671 -7.08089e-20
    outer loop
      vertex 14.625 11.9306 69.5
      vertex 14.6666 12.118 94.5
      vertex 14.6666 12.118 69.5
    endloop
  endfacet
  facet normal -0.976236 0.21671 -7.08089e-20
    outer loop
      vertex 14.6666 12.118 94.5
      vertex 14.625 11.9306 69.5
      vertex 14.625 11.9306 94.5
    endloop
  endfacet
  facet normal -0.887012 0.461747 1.51426e-19
    outer loop
      vertex 14.4053 11.4 69.5
      vertex 14.4939 11.5702 94.5
      vertex 14.4939 11.5702 69.5
    endloop
  endfacet
  facet normal -0.887012 0.461747 1.51426e-19
    outer loop
      vertex 14.4939 11.5702 94.5
      vertex 14.4053 11.4 69.5
      vertex 14.4053 11.4 94.5
    endloop
  endfacet
  facet normal -0.843254 0.537516 -1.07911e-19
    outer loop
      vertex 14.3021 11.2381 69.5
      vertex 14.4053 11.4 94.5
      vertex 14.4053 11.4 69.5
    endloop
  endfacet
  facet normal -0.843254 0.537516 -1.07911e-19
    outer loop
      vertex 14.4053 11.4 94.5
      vertex 14.3021 11.2381 69.5
      vertex 14.3021 11.2381 94.5
    endloop
  endfacet
  facet normal -0.887012 -0.461747 -1.51426e-19
    outer loop
      vertex 14.4939 13.4298 69.5
      vertex 14.4053 13.6 94.5
      vertex 14.4053 13.6 69.5
    endloop
  endfacet
  facet normal -0.887012 -0.461747 -1.51426e-19
    outer loop
      vertex 14.4053 13.6 94.5
      vertex 14.4939 13.4298 69.5
      vertex 14.4939 13.4298 94.5
    endloop
  endfacet
  facet normal 0.608804 0.793321 -0
    outer loop
      vertex 11.2381 10.6979 69.5
      vertex 11.0859 10.8147 94.5
      vertex 11.2381 10.6979 94.5
    endloop
  endfacet
  facet normal 0.608804 0.793321 0
    outer loop
      vertex 11.0859 10.8147 94.5
      vertex 11.2381 10.6979 69.5
      vertex 11.0859 10.8147 69.5
    endloop
  endfacet
  facet normal 0.737176 0.675701 2.26259e-19
    outer loop
      vertex 10.9444 10.9444 94.5
      vertex 10.8147 11.0859 69.5
      vertex 10.8147 11.0859 94.5
    endloop
  endfacet
  facet normal 0.737176 0.675701 2.26259e-19
    outer loop
      vertex 10.8147 11.0859 69.5
      vertex 10.9444 10.9444 94.5
      vertex 10.9444 10.9444 69.5
    endloop
  endfacet
  facet normal -0.953716 0.300707 1.73071e-20
    outer loop
      vertex 14.5673 11.7476 69.5
      vertex 14.625 11.9306 94.5
      vertex 14.625 11.9306 69.5
    endloop
  endfacet
  facet normal -0.953716 0.300707 1.73071e-20
    outer loop
      vertex 14.625 11.9306 94.5
      vertex 14.5673 11.7476 69.5
      vertex 14.5673 11.7476 94.5
    endloop
  endfacet
  facet normal -0.21671 0.976236 0
    outer loop
      vertex 13.0694 10.375 69.5
      vertex 12.882 10.3334 94.5
      vertex 13.0694 10.375 94.5
    endloop
  endfacet
  facet normal -0.21671 0.976236 0
    outer loop
      vertex 12.882 10.3334 94.5
      vertex 13.0694 10.375 69.5
      vertex 12.882 10.3334 69.5
    endloop
  endfacet
  facet normal 0.843254 -0.537516 -1.07911e-19
    outer loop
      vertex 10.5947 13.6 94.5
      vertex 10.6979 13.7619 69.5
      vertex 10.6979 13.7619 94.5
    endloop
  endfacet
  facet normal 0.843254 -0.537516 -1.07911e-19
    outer loop
      vertex 10.6979 13.7619 69.5
      vertex 10.5947 13.6 94.5
      vertex 10.5947 13.6 69.5
    endloop
  endfacet
  facet normal -0.675701 0.737176 0
    outer loop
      vertex 14.0556 10.9444 69.5
      vertex 13.9141 10.8147 94.5
      vertex 14.0556 10.9444 94.5
    endloop
  endfacet
  facet normal -0.675701 0.737176 0
    outer loop
      vertex 13.9141 10.8147 94.5
      vertex 14.0556 10.9444 69.5
      vertex 13.9141 10.8147 69.5
    endloop
  endfacet
  facet normal 0.675701 -0.737176 0
    outer loop
      vertex 10.9444 14.0556 69.5
      vertex 11.0859 14.1853 94.5
      vertex 10.9444 14.0556 94.5
    endloop
  endfacet
  facet normal 0.675701 -0.737176 0
    outer loop
      vertex 11.0859 14.1853 94.5
      vertex 10.9444 14.0556 69.5
      vertex 11.0859 14.1853 69.5
    endloop
  endfacet
  facet normal -0.300707 -0.953716 0
    outer loop
      vertex 13.0694 14.625 69.5
      vertex 13.2524 14.5673 94.5
      vertex 13.0694 14.625 94.5
    endloop
  endfacet
  facet normal -0.300707 -0.953716 -0
    outer loop
      vertex 13.2524 14.5673 94.5
      vertex 13.0694 14.625 69.5
      vertex 13.2524 14.5673 69.5
    endloop
  endfacet
  facet normal 0.737176 -0.675701 -2.26259e-19
    outer loop
      vertex 10.8147 13.9141 94.5
      vertex 10.9444 14.0556 69.5
      vertex 10.9444 14.0556 94.5
    endloop
  endfacet
  facet normal 0.737176 -0.675701 -2.26259e-19
    outer loop
      vertex 10.9444 14.0556 69.5
      vertex 10.8147 13.9141 94.5
      vertex 10.8147 13.9141 69.5
    endloop
  endfacet
  facet normal -0.608804 0.793321 0
    outer loop
      vertex 13.9141 10.8147 69.5
      vertex 13.7619 10.6979 94.5
      vertex 13.9141 10.8147 94.5
    endloop
  endfacet
  facet normal -0.608804 0.793321 0
    outer loop
      vertex 13.7619 10.6979 94.5
      vertex 13.9141 10.8147 69.5
      vertex 13.7619 10.6979 69.5
    endloop
  endfacet
  facet normal 0.793321 0.608804 1.95465e-19
    outer loop
      vertex 10.8147 11.0859 94.5
      vertex 10.6979 11.2381 69.5
      vertex 10.6979 11.2381 94.5
    endloop
  endfacet
  facet normal 0.793321 0.608804 1.95465e-19
    outer loop
      vertex 10.6979 11.2381 69.5
      vertex 10.8147 11.0859 94.5
      vertex 10.8147 11.0859 69.5
    endloop
  endfacet
  facet normal 0.300707 0.953716 -0
    outer loop
      vertex 11.9306 10.375 69.5
      vertex 11.7476 10.4327 94.5
      vertex 11.9306 10.375 94.5
    endloop
  endfacet
  facet normal 0.300707 0.953716 0
    outer loop
      vertex 11.7476 10.4327 94.5
      vertex 11.9306 10.375 69.5
      vertex 11.7476 10.4327 69.5
    endloop
  endfacet
  facet normal -0.737176 0.675701 -2.26259e-19
    outer loop
      vertex 14.0556 10.9444 69.5
      vertex 14.1853 11.0859 94.5
      vertex 14.1853 11.0859 69.5
    endloop
  endfacet
  facet normal -0.737176 0.675701 -2.26259e-19
    outer loop
      vertex 14.1853 11.0859 94.5
      vertex 14.0556 10.9444 69.5
      vertex 14.0556 10.9444 94.5
    endloop
  endfacet
  facet normal 0.0437765 0.999041 -0
    outer loop
      vertex 12.5 10.3 69.5
      vertex 12.3083 10.3084 94.5
      vertex 12.5 10.3 94.5
    endloop
  endfacet
  facet normal 0.0437765 0.999041 0
    outer loop
      vertex 12.3083 10.3084 94.5
      vertex 12.5 10.3 69.5
      vertex 12.3083 10.3084 69.5
    endloop
  endfacet
  facet normal -0.130252 -0.991481 0
    outer loop
      vertex 12.6917 14.6916 69.5
      vertex 12.882 14.6666 94.5
      vertex 12.6917 14.6916 94.5
    endloop
  endfacet
  facet normal -0.130252 -0.991481 -0
    outer loop
      vertex 12.882 14.6666 94.5
      vertex 12.6917 14.6916 69.5
      vertex 12.882 14.6666 69.5
    endloop
  endfacet
  facet normal 0.999041 0.0437765 -9.96021e-21
    outer loop
      vertex 10.3084 12.3083 94.5
      vertex 10.3 12.5 69.5
      vertex 10.3 12.5 94.5
    endloop
  endfacet
  facet normal 0.999041 0.0437765 -9.96021e-21
    outer loop
      vertex 10.3 12.5 69.5
      vertex 10.3084 12.3083 94.5
      vertex 10.3084 12.3083 69.5
    endloop
  endfacet
  facet normal 0.21671 0.976236 -0
    outer loop
      vertex 12.118 10.3334 69.5
      vertex 11.9306 10.375 94.5
      vertex 12.118 10.3334 94.5
    endloop
  endfacet
  facet normal 0.21671 0.976236 0
    outer loop
      vertex 11.9306 10.375 94.5
      vertex 12.118 10.3334 69.5
      vertex 11.9306 10.375 69.5
    endloop
  endfacet
  facet normal 0.537516 -0.843254 0
    outer loop
      vertex 11.2381 14.3021 69.5
      vertex 11.4 14.4053 94.5
      vertex 11.2381 14.3021 94.5
    endloop
  endfacet
  facet normal 0.537516 -0.843254 0
    outer loop
      vertex 11.4 14.4053 94.5
      vertex 11.2381 14.3021 69.5
      vertex 11.4 14.4053 69.5
    endloop
  endfacet
  facet normal 0.608804 -0.793321 0
    outer loop
      vertex 11.0859 14.1853 69.5
      vertex 11.2381 14.3021 94.5
      vertex 11.0859 14.1853 94.5
    endloop
  endfacet
  facet normal 0.608804 -0.793321 0
    outer loop
      vertex 11.2381 14.3021 94.5
      vertex 11.0859 14.1853 69.5
      vertex 11.2381 14.3021 69.5
    endloop
  endfacet
  facet normal -0.21671 -0.976236 0
    outer loop
      vertex 12.882 14.6666 69.5
      vertex 13.0694 14.625 94.5
      vertex 12.882 14.6666 94.5
    endloop
  endfacet
  facet normal -0.21671 -0.976236 -0
    outer loop
      vertex 13.0694 14.625 94.5
      vertex 12.882 14.6666 69.5
      vertex 13.0694 14.625 69.5
    endloop
  endfacet
  facet normal 0.887012 -0.461747 1.51426e-19
    outer loop
      vertex 10.5061 13.4298 94.5
      vertex 10.5947 13.6 69.5
      vertex 10.5947 13.6 94.5
    endloop
  endfacet
  facet normal 0.887012 -0.461747 1.51426e-19
    outer loop
      vertex 10.5947 13.6 69.5
      vertex 10.5061 13.4298 94.5
      vertex 10.5061 13.4298 69.5
    endloop
  endfacet
  facet normal 0.537516 0.843254 -0
    outer loop
      vertex 11.4 10.5947 69.5
      vertex 11.2381 10.6979 94.5
      vertex 11.4 10.5947 94.5
    endloop
  endfacet
  facet normal 0.537516 0.843254 0
    outer loop
      vertex 11.2381 10.6979 94.5
      vertex 11.4 10.5947 69.5
      vertex 11.2381 10.6979 69.5
    endloop
  endfacet
  facet normal -0.0437765 -0.999041 0
    outer loop
      vertex 12.5 14.7 69.5
      vertex 12.6917 14.6916 94.5
      vertex 12.5 14.7 94.5
    endloop
  endfacet
  facet normal -0.0437765 -0.999041 -0
    outer loop
      vertex 12.6917 14.6916 94.5
      vertex 12.5 14.7 69.5
      vertex 12.6917 14.6916 69.5
    endloop
  endfacet
  facet normal 0.843254 0.537516 1.07911e-19
    outer loop
      vertex 10.6979 11.2381 94.5
      vertex 10.5947 11.4 69.5
      vertex 10.5947 11.4 94.5
    endloop
  endfacet
  facet normal 0.843254 0.537516 1.07911e-19
    outer loop
      vertex 10.5947 11.4 69.5
      vertex 10.6979 11.2381 94.5
      vertex 10.6979 11.2381 69.5
    endloop
  endfacet
  facet normal -0.537516 0.843254 0
    outer loop
      vertex 13.7619 10.6979 69.5
      vertex 13.6 10.5947 94.5
      vertex 13.7619 10.6979 94.5
    endloop
  endfacet
  facet normal -0.537516 0.843254 0
    outer loop
      vertex 13.6 10.5947 94.5
      vertex 13.7619 10.6979 69.5
      vertex 13.6 10.5947 69.5
    endloop
  endfacet
  facet normal -0.999044 -0.0437082 6.73238e-21
    outer loop
      vertex 14.7 117.5 69.5
      vertex 14.6916 117.692 94.5
      vertex 14.6916 117.692 69.5
    endloop
  endfacet
  facet normal -0.999044 -0.0437082 6.73238e-21
    outer loop
      vertex 14.6916 117.692 94.5
      vertex 14.7 117.5 69.5
      vertex 14.7 117.5 94.5
    endloop
  endfacet
  facet normal 0.924484 -0.38122 -1.54036e-19
    outer loop
      vertex 10.4327 118.252 94.5
      vertex 10.5061 118.43 69.5
      vertex 10.5061 118.43 94.5
    endloop
  endfacet
  facet normal 0.924484 -0.38122 -1.54036e-19
    outer loop
      vertex 10.5061 118.43 69.5
      vertex 10.4327 118.252 94.5
      vertex 10.4327 118.252 69.5
    endloop
  endfacet
  facet normal -0.991454 0.130455 -1.738e-20
    outer loop
      vertex 14.6666 117.118 69.5
      vertex 14.6916 117.308 94.5
      vertex 14.6916 117.308 69.5
    endloop
  endfacet
  facet normal -0.991454 0.130455 -1.738e-20
    outer loop
      vertex 14.6916 117.308 94.5
      vertex 14.6666 117.118 69.5
      vertex 14.6666 117.118 94.5
    endloop
  endfacet
  facet normal -0.953716 -0.300707 1.05356e-19
    outer loop
      vertex 14.625 118.069 69.5
      vertex 14.5673 118.252 94.5
      vertex 14.5673 118.252 69.5
    endloop
  endfacet
  facet normal -0.953716 -0.300707 1.05356e-19
    outer loop
      vertex 14.5673 118.252 94.5
      vertex 14.625 118.069 69.5
      vertex 14.625 118.069 94.5
    endloop
  endfacet
  facet normal -0.536774 -0.843726 0
    outer loop
      vertex 13.6 119.405 69.5
      vertex 13.7619 119.302 94.5
      vertex 13.6 119.405 94.5
    endloop
  endfacet
  facet normal -0.536774 -0.843726 -0
    outer loop
      vertex 13.7619 119.302 94.5
      vertex 13.6 119.405 69.5
      vertex 13.7619 119.302 69.5
    endloop
  endfacet
  facet normal 0.843404 0.53728 -9.35719e-20
    outer loop
      vertex 10.6979 116.238 94.5
      vertex 10.5947 116.4 69.5
      vertex 10.5947 116.4 94.5
    endloop
  endfacet
  facet normal 0.843404 0.53728 -9.35719e-20
    outer loop
      vertex 10.5947 116.4 69.5
      vertex 10.6979 116.238 94.5
      vertex 10.6979 116.238 69.5
    endloop
  endfacet
  facet normal -0.976138 -0.217152 6.38393e-20
    outer loop
      vertex 14.6666 117.882 69.5
      vertex 14.625 118.069 94.5
      vertex 14.625 118.069 69.5
    endloop
  endfacet
  facet normal -0.976138 -0.217152 6.38393e-20
    outer loop
      vertex 14.625 118.069 94.5
      vertex 14.6666 117.882 69.5
      vertex 14.6666 117.882 94.5
    endloop
  endfacet
  facet normal -0.991454 -0.130455 1.738e-20
    outer loop
      vertex 14.6916 117.692 69.5
      vertex 14.6666 117.882 94.5
      vertex 14.6666 117.882 69.5
    endloop
  endfacet
  facet normal -0.991454 -0.130455 1.738e-20
    outer loop
      vertex 14.6666 117.882 94.5
      vertex 14.6916 117.692 69.5
      vertex 14.6916 117.692 94.5
    endloop
  endfacet
  facet normal 0.463384 0.886157 -0
    outer loop
      vertex 11.5702 115.506 69.5
      vertex 11.4 115.595 94.5
      vertex 11.5702 115.506 94.5
    endloop
  endfacet
  facet normal 0.463384 0.886157 0
    outer loop
      vertex 11.4 115.595 94.5
      vertex 11.5702 115.506 69.5
      vertex 11.4 115.595 69.5
    endloop
  endfacet
  facet normal -0.673712 -0.738994 0
    outer loop
      vertex 13.9141 119.185 69.5
      vertex 14.0556 119.056 94.5
      vertex 13.9141 119.185 94.5
    endloop
  endfacet
  facet normal -0.673712 -0.738994 -0
    outer loop
      vertex 14.0556 119.056 94.5
      vertex 13.9141 119.185 69.5
      vertex 14.0556 119.056 69.5
    endloop
  endfacet
  facet normal 0.953716 0.300707 1.05356e-19
    outer loop
      vertex 10.4327 116.748 94.5
      vertex 10.375 116.931 69.5
      vertex 10.375 116.931 94.5
    endloop
  endfacet
  facet normal 0.953716 0.300707 1.05356e-19
    outer loop
      vertex 10.375 116.931 69.5
      vertex 10.4327 116.748 94.5
      vertex 10.4327 116.748 69.5
    endloop
  endfacet
  facet normal -0.463384 -0.886157 0
    outer loop
      vertex 13.4298 119.494 69.5
      vertex 13.6 119.405 94.5
      vertex 13.4298 119.494 94.5
    endloop
  endfacet
  facet normal -0.463384 -0.886157 -0
    outer loop
      vertex 13.6 119.405 94.5
      vertex 13.4298 119.494 69.5
      vertex 13.6 119.405 69.5
    endloop
  endfacet
  facet normal -0.886789 -0.462174 1.71517e-19
    outer loop
      vertex 14.4939 118.43 69.5
      vertex 14.4053 118.6 94.5
      vertex 14.4053 118.6 69.5
    endloop
  endfacet
  facet normal -0.886789 -0.462174 1.71517e-19
    outer loop
      vertex 14.4053 118.6 94.5
      vertex 14.4939 118.43 69.5
      vertex 14.4939 118.43 94.5
    endloop
  endfacet
  facet normal -0.536774 0.843726 0
    outer loop
      vertex 13.7619 115.698 69.5
      vertex 13.6 115.595 94.5
      vertex 13.7619 115.698 94.5
    endloop
  endfacet
  facet normal -0.536774 0.843726 0
    outer loop
      vertex 13.6 115.595 94.5
      vertex 13.7619 115.698 69.5
      vertex 13.6 115.595 69.5
    endloop
  endfacet
  facet normal 0.536774 -0.843726 0
    outer loop
      vertex 11.2381 119.302 69.5
      vertex 11.4 119.405 94.5
      vertex 11.2381 119.302 94.5
    endloop
  endfacet
  facet normal 0.536774 -0.843726 0
    outer loop
      vertex 11.4 119.405 94.5
      vertex 11.2381 119.302 69.5
      vertex 11.4 119.405 69.5
    endloop
  endfacet
  facet normal 0.792934 -0.609307 1.89476e-19
    outer loop
      vertex 10.6979 118.762 94.5
      vertex 10.8147 118.914 69.5
      vertex 10.8147 118.914 94.5
    endloop
  endfacet
  facet normal 0.792934 -0.609307 1.89476e-19
    outer loop
      vertex 10.8147 118.914 69.5
      vertex 10.6979 118.762 94.5
      vertex 10.6979 118.762 69.5
    endloop
  endfacet
  facet normal -0.924484 -0.38122 1.54036e-19
    outer loop
      vertex 14.5673 118.252 69.5
      vertex 14.4939 118.43 94.5
      vertex 14.4939 118.43 69.5
    endloop
  endfacet
  facet normal -0.924484 -0.38122 1.54036e-19
    outer loop
      vertex 14.4939 118.43 94.5
      vertex 14.5673 118.252 69.5
      vertex 14.5673 118.252 94.5
    endloop
  endfacet
  facet normal -0.130252 0.991481 0
    outer loop
      vertex 12.882 115.333 69.5
      vertex 12.6917 115.308 94.5
      vertex 12.882 115.333 94.5
    endloop
  endfacet
  facet normal -0.130252 0.991481 0
    outer loop
      vertex 12.6917 115.308 94.5
      vertex 12.882 115.333 69.5
      vertex 12.6917 115.308 69.5
    endloop
  endfacet
  facet normal 0.130252 -0.991481 0
    outer loop
      vertex 12.118 119.667 69.5
      vertex 12.3083 119.692 94.5
      vertex 12.118 119.667 94.5
    endloop
  endfacet
  facet normal 0.130252 -0.991481 0
    outer loop
      vertex 12.3083 119.692 94.5
      vertex 12.118 119.667 69.5
      vertex 12.3083 119.692 69.5
    endloop
  endfacet
  facet normal 0.999044 0.0437082 6.73238e-21
    outer loop
      vertex 10.3084 117.308 94.5
      vertex 10.3 117.5 69.5
      vertex 10.3 117.5 94.5
    endloop
  endfacet
  facet normal 0.999044 0.0437082 6.73238e-21
    outer loop
      vertex 10.3 117.5 69.5
      vertex 10.3084 117.308 94.5
      vertex 10.3084 117.308 69.5
    endloop
  endfacet
  facet normal -0.302128 -0.953267 0
    outer loop
      vertex 13.0694 119.625 69.5
      vertex 13.2524 119.567 94.5
      vertex 13.0694 119.625 94.5
    endloop
  endfacet
  facet normal -0.302128 -0.953267 -0
    outer loop
      vertex 13.2524 119.567 94.5
      vertex 13.0694 119.625 69.5
      vertex 13.2524 119.567 69.5
    endloop
  endfacet
  facet normal -0.738362 -0.674405 1.61889e-19
    outer loop
      vertex 14.1853 118.914 69.5
      vertex 14.0556 119.056 94.5
      vertex 14.0556 119.056 69.5
    endloop
  endfacet
  facet normal -0.738362 -0.674405 1.61889e-19
    outer loop
      vertex 14.0556 119.056 94.5
      vertex 14.1853 118.914 69.5
      vertex 14.1853 118.914 94.5
    endloop
  endfacet
  facet normal 0.792934 0.609307 -1.89476e-19
    outer loop
      vertex 10.8147 116.086 94.5
      vertex 10.6979 116.238 69.5
      vertex 10.6979 116.238 94.5
    endloop
  endfacet
  facet normal 0.792934 0.609307 -1.89476e-19
    outer loop
      vertex 10.6979 116.238 69.5
      vertex 10.8147 116.086 94.5
      vertex 10.8147 116.086 69.5
    endloop
  endfacet
  facet normal -0.953716 0.300707 -1.05356e-19
    outer loop
      vertex 14.5673 116.748 69.5
      vertex 14.625 116.931 94.5
      vertex 14.625 116.931 69.5
    endloop
  endfacet
  facet normal -0.953716 0.300707 -1.05356e-19
    outer loop
      vertex 14.625 116.931 94.5
      vertex 14.5673 116.748 69.5
      vertex 14.5673 116.748 94.5
    endloop
  endfacet
  facet normal 0.0416956 -0.99913 0
    outer loop
      vertex 12.3083 119.692 69.5
      vertex 12.5 119.7 94.5
      vertex 12.3083 119.692 94.5
    endloop
  endfacet
  facet normal 0.0416956 -0.99913 0
    outer loop
      vertex 12.5 119.7 94.5
      vertex 12.3083 119.692 69.5
      vertex 12.5 119.7 69.5
    endloop
  endfacet
  facet normal 0.302128 -0.953267 0
    outer loop
      vertex 11.7476 119.567 69.5
      vertex 11.9306 119.625 94.5
      vertex 11.7476 119.567 94.5
    endloop
  endfacet
  facet normal 0.302128 -0.953267 0
    outer loop
      vertex 11.9306 119.625 94.5
      vertex 11.7476 119.567 69.5
      vertex 11.9306 119.625 69.5
    endloop
  endfacet
  facet normal 0.463384 -0.886157 0
    outer loop
      vertex 11.4 119.405 69.5
      vertex 11.5702 119.494 94.5
      vertex 11.4 119.405 94.5
    endloop
  endfacet
  facet normal 0.463384 -0.886157 0
    outer loop
      vertex 11.5702 119.494 94.5
      vertex 11.4 119.405 69.5
      vertex 11.5702 119.494 69.5
    endloop
  endfacet
  facet normal 0.609459 0.792818 -0
    outer loop
      vertex 11.2381 115.698 69.5
      vertex 11.0859 115.815 94.5
      vertex 11.2381 115.698 94.5
    endloop
  endfacet
  facet normal 0.609459 0.792818 0
    outer loop
      vertex 11.0859 115.815 94.5
      vertex 11.2381 115.698 69.5
      vertex 11.0859 115.815 69.5
    endloop
  endfacet
  facet normal 0.302128 0.953267 -0
    outer loop
      vertex 11.9306 115.375 69.5
      vertex 11.7476 115.433 94.5
      vertex 11.9306 115.375 94.5
    endloop
  endfacet
  facet normal 0.302128 0.953267 0
    outer loop
      vertex 11.7476 115.433 94.5
      vertex 11.9306 115.375 69.5
      vertex 11.7476 115.433 69.5
    endloop
  endfacet
  facet normal 0.38054 -0.924764 0
    outer loop
      vertex 11.5702 119.494 69.5
      vertex 11.7476 119.567 94.5
      vertex 11.5702 119.494 94.5
    endloop
  endfacet
  facet normal 0.38054 -0.924764 0
    outer loop
      vertex 11.7476 119.567 94.5
      vertex 11.5702 119.494 69.5
      vertex 11.7476 119.567 69.5
    endloop
  endfacet
  facet normal -0.924484 0.38122 -1.54036e-19
    outer loop
      vertex 14.4939 116.57 69.5
      vertex 14.5673 116.748 94.5
      vertex 14.5673 116.748 69.5
    endloop
  endfacet
  facet normal -0.924484 0.38122 -1.54036e-19
    outer loop
      vertex 14.5673 116.748 94.5
      vertex 14.4939 116.57 69.5
      vertex 14.4939 116.57 94.5
    endloop
  endfacet
  facet normal -0.218694 -0.975793 0
    outer loop
      vertex 12.882 119.667 69.5
      vertex 13.0694 119.625 94.5
      vertex 12.882 119.667 94.5
    endloop
  endfacet
  facet normal -0.218694 -0.975793 -0
    outer loop
      vertex 13.0694 119.625 94.5
      vertex 12.882 119.667 69.5
      vertex 13.0694 119.625 69.5
    endloop
  endfacet
  facet normal -0.38054 0.924764 0
    outer loop
      vertex 13.4298 115.506 69.5
      vertex 13.2524 115.433 94.5
      vertex 13.4298 115.506 94.5
    endloop
  endfacet
  facet normal -0.38054 0.924764 0
    outer loop
      vertex 13.2524 115.433 94.5
      vertex 13.4298 115.506 69.5
      vertex 13.2524 115.433 69.5
    endloop
  endfacet
  facet normal 0.609459 -0.792818 0
    outer loop
      vertex 11.0859 119.185 69.5
      vertex 11.2381 119.302 94.5
      vertex 11.0859 119.185 94.5
    endloop
  endfacet
  facet normal 0.609459 -0.792818 0
    outer loop
      vertex 11.2381 119.302 94.5
      vertex 11.0859 119.185 69.5
      vertex 11.2381 119.302 69.5
    endloop
  endfacet
  facet normal -0.218694 0.975793 0
    outer loop
      vertex 13.0694 115.375 69.5
      vertex 12.882 115.333 94.5
      vertex 13.0694 115.375 94.5
    endloop
  endfacet
  facet normal -0.218694 0.975793 0
    outer loop
      vertex 12.882 115.333 94.5
      vertex 13.0694 115.375 69.5
      vertex 12.882 115.333 69.5
    endloop
  endfacet
  facet normal 0.738362 0.674405 1.61889e-19
    outer loop
      vertex 10.9444 115.944 94.5
      vertex 10.8147 116.086 69.5
      vertex 10.8147 116.086 94.5
    endloop
  endfacet
  facet normal 0.738362 0.674405 1.61889e-19
    outer loop
      vertex 10.8147 116.086 69.5
      vertex 10.9444 115.944 94.5
      vertex 10.9444 115.944 69.5
    endloop
  endfacet
  facet normal -0.976138 0.217152 -6.38393e-20
    outer loop
      vertex 14.625 116.931 69.5
      vertex 14.6666 117.118 94.5
      vertex 14.6666 117.118 69.5
    endloop
  endfacet
  facet normal -0.976138 0.217152 -6.38393e-20
    outer loop
      vertex 14.6666 117.118 94.5
      vertex 14.625 116.931 69.5
      vertex 14.625 116.931 94.5
    endloop
  endfacet
  facet normal -0.609459 -0.792818 0
    outer loop
      vertex 13.7619 119.302 69.5
      vertex 13.9141 119.185 94.5
      vertex 13.7619 119.302 94.5
    endloop
  endfacet
  facet normal -0.609459 -0.792818 -0
    outer loop
      vertex 13.9141 119.185 94.5
      vertex 13.7619 119.302 69.5
      vertex 13.9141 119.185 69.5
    endloop
  endfacet
  facet normal -0.999044 0.0437082 -6.73238e-21
    outer loop
      vertex 14.6916 117.308 69.5
      vertex 14.7 117.5 94.5
      vertex 14.7 117.5 69.5
    endloop
  endfacet
  facet normal -0.999044 0.0437082 -6.73238e-21
    outer loop
      vertex 14.7 117.5 94.5
      vertex 14.6916 117.308 69.5
      vertex 14.6916 117.308 94.5
    endloop
  endfacet
  facet normal -0.792934 0.609307 1.89476e-19
    outer loop
      vertex 14.1853 116.086 69.5
      vertex 14.3021 116.238 94.5
      vertex 14.3021 116.238 69.5
    endloop
  endfacet
  facet normal -0.792934 0.609307 1.89476e-19
    outer loop
      vertex 14.3021 116.238 94.5
      vertex 14.1853 116.086 69.5
      vertex 14.1853 116.086 94.5
    endloop
  endfacet
  facet normal 0.738362 -0.674405 -1.61889e-19
    outer loop
      vertex 10.8147 118.914 94.5
      vertex 10.9444 119.056 69.5
      vertex 10.9444 119.056 94.5
    endloop
  endfacet
  facet normal 0.738362 -0.674405 -1.61889e-19
    outer loop
      vertex 10.9444 119.056 69.5
      vertex 10.8147 118.914 94.5
      vertex 10.8147 118.914 69.5
    endloop
  endfacet
  facet normal -0.38054 -0.924764 0
    outer loop
      vertex 13.2524 119.567 69.5
      vertex 13.4298 119.494 94.5
      vertex 13.2524 119.567 94.5
    endloop
  endfacet
  facet normal -0.38054 -0.924764 -0
    outer loop
      vertex 13.4298 119.494 94.5
      vertex 13.2524 119.567 69.5
      vertex 13.4298 119.494 69.5
    endloop
  endfacet
  facet normal 0.976138 0.217152 6.38393e-20
    outer loop
      vertex 10.375 116.931 94.5
      vertex 10.3334 117.118 69.5
      vertex 10.3334 117.118 94.5
    endloop
  endfacet
  facet normal 0.976138 0.217152 6.38393e-20
    outer loop
      vertex 10.3334 117.118 69.5
      vertex 10.375 116.931 94.5
      vertex 10.375 116.931 69.5
    endloop
  endfacet
  facet normal 0.673712 -0.738994 0
    outer loop
      vertex 10.9444 119.056 69.5
      vertex 11.0859 119.185 94.5
      vertex 10.9444 119.056 94.5
    endloop
  endfacet
  facet normal 0.673712 -0.738994 0
    outer loop
      vertex 11.0859 119.185 94.5
      vertex 10.9444 119.056 69.5
      vertex 11.0859 119.185 69.5
    endloop
  endfacet
  facet normal -0.738362 0.674405 -1.61889e-19
    outer loop
      vertex 14.0556 115.944 69.5
      vertex 14.1853 116.086 94.5
      vertex 14.1853 116.086 69.5
    endloop
  endfacet
  facet normal -0.738362 0.674405 -1.61889e-19
    outer loop
      vertex 14.1853 116.086 94.5
      vertex 14.0556 115.944 69.5
      vertex 14.0556 115.944 94.5
    endloop
  endfacet
  facet normal 0.218694 -0.975793 0
    outer loop
      vertex 11.9306 119.625 69.5
      vertex 12.118 119.667 94.5
      vertex 11.9306 119.625 94.5
    endloop
  endfacet
  facet normal 0.218694 -0.975793 0
    outer loop
      vertex 12.118 119.667 94.5
      vertex 11.9306 119.625 69.5
      vertex 12.118 119.667 69.5
    endloop
  endfacet
  facet normal 0.999044 -0.0437082 -6.73238e-21
    outer loop
      vertex 10.3 117.5 94.5
      vertex 10.3084 117.692 69.5
      vertex 10.3084 117.692 94.5
    endloop
  endfacet
  facet normal 0.999044 -0.0437082 -6.73238e-21
    outer loop
      vertex 10.3084 117.692 69.5
      vertex 10.3 117.5 94.5
      vertex 10.3 117.5 69.5
    endloop
  endfacet
  facet normal 0.991454 0.130455 1.738e-20
    outer loop
      vertex 10.3334 117.118 94.5
      vertex 10.3084 117.308 69.5
      vertex 10.3084 117.308 94.5
    endloop
  endfacet
  facet normal 0.991454 0.130455 1.738e-20
    outer loop
      vertex 10.3084 117.308 69.5
      vertex 10.3334 117.118 94.5
      vertex 10.3334 117.118 69.5
    endloop
  endfacet
  facet normal -0.843404 0.53728 9.35719e-20
    outer loop
      vertex 14.3021 116.238 69.5
      vertex 14.4053 116.4 94.5
      vertex 14.4053 116.4 69.5
    endloop
  endfacet
  facet normal -0.843404 0.53728 9.35719e-20
    outer loop
      vertex 14.4053 116.4 94.5
      vertex 14.3021 116.238 69.5
      vertex 14.3021 116.238 94.5
    endloop
  endfacet
  facet normal 0.843404 -0.53728 9.35719e-20
    outer loop
      vertex 10.5947 118.6 94.5
      vertex 10.6979 118.762 69.5
      vertex 10.6979 118.762 94.5
    endloop
  endfacet
  facet normal 0.843404 -0.53728 9.35719e-20
    outer loop
      vertex 10.6979 118.762 69.5
      vertex 10.5947 118.6 94.5
      vertex 10.5947 118.6 69.5
    endloop
  endfacet
  facet normal -0.0416956 0.99913 0
    outer loop
      vertex 12.6917 115.308 69.5
      vertex 12.5 115.3 94.5
      vertex 12.6917 115.308 94.5
    endloop
  endfacet
  facet normal -0.0416956 0.99913 0
    outer loop
      vertex 12.5 115.3 94.5
      vertex 12.6917 115.308 69.5
      vertex 12.5 115.3 69.5
    endloop
  endfacet
  facet normal -0.792934 -0.609307 -1.89476e-19
    outer loop
      vertex 14.3021 118.762 69.5
      vertex 14.1853 118.914 94.5
      vertex 14.1853 118.914 69.5
    endloop
  endfacet
  facet normal -0.792934 -0.609307 -1.89476e-19
    outer loop
      vertex 14.1853 118.914 94.5
      vertex 14.3021 118.762 69.5
      vertex 14.3021 118.762 94.5
    endloop
  endfacet
  facet normal -0.843404 -0.53728 -9.35719e-20
    outer loop
      vertex 14.4053 118.6 69.5
      vertex 14.3021 118.762 94.5
      vertex 14.3021 118.762 69.5
    endloop
  endfacet
  facet normal -0.843404 -0.53728 -9.35719e-20
    outer loop
      vertex 14.3021 118.762 94.5
      vertex 14.4053 118.6 69.5
      vertex 14.4053 118.6 94.5
    endloop
  endfacet
  facet normal 0.130252 0.991481 -0
    outer loop
      vertex 12.3083 115.308 69.5
      vertex 12.118 115.333 94.5
      vertex 12.3083 115.308 94.5
    endloop
  endfacet
  facet normal 0.130252 0.991481 0
    outer loop
      vertex 12.118 115.333 94.5
      vertex 12.3083 115.308 69.5
      vertex 12.118 115.333 69.5
    endloop
  endfacet
  facet normal 0.991454 -0.130455 -1.738e-20
    outer loop
      vertex 10.3084 117.692 94.5
      vertex 10.3334 117.882 69.5
      vertex 10.3334 117.882 94.5
    endloop
  endfacet
  facet normal 0.991454 -0.130455 -1.738e-20
    outer loop
      vertex 10.3334 117.882 69.5
      vertex 10.3084 117.692 94.5
      vertex 10.3084 117.692 69.5
    endloop
  endfacet
  facet normal -0.0416956 -0.99913 0
    outer loop
      vertex 12.5 119.7 69.5
      vertex 12.6917 119.692 94.5
      vertex 12.5 119.7 94.5
    endloop
  endfacet
  facet normal -0.0416956 -0.99913 -0
    outer loop
      vertex 12.6917 119.692 94.5
      vertex 12.5 119.7 69.5
      vertex 12.6917 119.692 69.5
    endloop
  endfacet
  facet normal -0.886789 0.462174 -1.71517e-19
    outer loop
      vertex 14.4053 116.4 69.5
      vertex 14.4939 116.57 94.5
      vertex 14.4939 116.57 69.5
    endloop
  endfacet
  facet normal -0.886789 0.462174 -1.71517e-19
    outer loop
      vertex 14.4939 116.57 94.5
      vertex 14.4053 116.4 69.5
      vertex 14.4053 116.4 94.5
    endloop
  endfacet
  facet normal -0.302128 0.953267 0
    outer loop
      vertex 13.2524 115.433 69.5
      vertex 13.0694 115.375 94.5
      vertex 13.2524 115.433 94.5
    endloop
  endfacet
  facet normal -0.302128 0.953267 0
    outer loop
      vertex 13.0694 115.375 94.5
      vertex 13.2524 115.433 69.5
      vertex 13.0694 115.375 69.5
    endloop
  endfacet
  facet normal 0.886789 0.462174 1.71517e-19
    outer loop
      vertex 10.5947 116.4 94.5
      vertex 10.5061 116.57 69.5
      vertex 10.5061 116.57 94.5
    endloop
  endfacet
  facet normal 0.886789 0.462174 1.71517e-19
    outer loop
      vertex 10.5061 116.57 69.5
      vertex 10.5947 116.4 94.5
      vertex 10.5947 116.4 69.5
    endloop
  endfacet
  facet normal 0.886789 -0.462174 -1.71517e-19
    outer loop
      vertex 10.5061 118.43 94.5
      vertex 10.5947 118.6 69.5
      vertex 10.5947 118.6 94.5
    endloop
  endfacet
  facet normal 0.886789 -0.462174 -1.71517e-19
    outer loop
      vertex 10.5947 118.6 69.5
      vertex 10.5061 118.43 94.5
      vertex 10.5061 118.43 69.5
    endloop
  endfacet
  facet normal 0.673712 0.738994 -0
    outer loop
      vertex 11.0859 115.815 69.5
      vertex 10.9444 115.944 94.5
      vertex 11.0859 115.815 94.5
    endloop
  endfacet
  facet normal 0.673712 0.738994 0
    outer loop
      vertex 10.9444 115.944 94.5
      vertex 11.0859 115.815 69.5
      vertex 10.9444 115.944 69.5
    endloop
  endfacet
  facet normal 0.953716 -0.300707 -1.05356e-19
    outer loop
      vertex 10.375 118.069 94.5
      vertex 10.4327 118.252 69.5
      vertex 10.4327 118.252 94.5
    endloop
  endfacet
  facet normal 0.953716 -0.300707 -1.05356e-19
    outer loop
      vertex 10.4327 118.252 69.5
      vertex 10.375 118.069 94.5
      vertex 10.375 118.069 69.5
    endloop
  endfacet
  facet normal 0.976138 -0.217152 -6.38393e-20
    outer loop
      vertex 10.3334 117.882 94.5
      vertex 10.375 118.069 69.5
      vertex 10.375 118.069 94.5
    endloop
  endfacet
  facet normal 0.976138 -0.217152 -6.38393e-20
    outer loop
      vertex 10.375 118.069 69.5
      vertex 10.3334 117.882 94.5
      vertex 10.3334 117.882 69.5
    endloop
  endfacet
  facet normal -0.673712 0.738994 0
    outer loop
      vertex 14.0556 115.944 69.5
      vertex 13.9141 115.815 94.5
      vertex 14.0556 115.944 94.5
    endloop
  endfacet
  facet normal -0.673712 0.738994 0
    outer loop
      vertex 13.9141 115.815 94.5
      vertex 14.0556 115.944 69.5
      vertex 13.9141 115.815 69.5
    endloop
  endfacet
  facet normal -0.609459 0.792818 0
    outer loop
      vertex 13.9141 115.815 69.5
      vertex 13.7619 115.698 94.5
      vertex 13.9141 115.815 94.5
    endloop
  endfacet
  facet normal -0.609459 0.792818 0
    outer loop
      vertex 13.7619 115.698 94.5
      vertex 13.9141 115.815 69.5
      vertex 13.7619 115.698 69.5
    endloop
  endfacet
  facet normal 0.218694 0.975793 -0
    outer loop
      vertex 12.118 115.333 69.5
      vertex 11.9306 115.375 94.5
      vertex 12.118 115.333 94.5
    endloop
  endfacet
  facet normal 0.218694 0.975793 0
    outer loop
      vertex 11.9306 115.375 94.5
      vertex 12.118 115.333 69.5
      vertex 11.9306 115.375 69.5
    endloop
  endfacet
  facet normal 0.924484 0.38122 1.54036e-19
    outer loop
      vertex 10.5061 116.57 94.5
      vertex 10.4327 116.748 69.5
      vertex 10.4327 116.748 94.5
    endloop
  endfacet
  facet normal 0.924484 0.38122 1.54036e-19
    outer loop
      vertex 10.4327 116.748 69.5
      vertex 10.5061 116.57 94.5
      vertex 10.5061 116.57 69.5
    endloop
  endfacet
  facet normal -0.130252 -0.991481 0
    outer loop
      vertex 12.6917 119.692 69.5
      vertex 12.882 119.667 94.5
      vertex 12.6917 119.692 94.5
    endloop
  endfacet
  facet normal -0.130252 -0.991481 -0
    outer loop
      vertex 12.882 119.667 94.5
      vertex 12.6917 119.692 69.5
      vertex 12.882 119.667 69.5
    endloop
  endfacet
  facet normal 0.38054 0.924764 -0
    outer loop
      vertex 11.7476 115.433 69.5
      vertex 11.5702 115.506 94.5
      vertex 11.7476 115.433 94.5
    endloop
  endfacet
  facet normal 0.38054 0.924764 0
    outer loop
      vertex 11.5702 115.506 94.5
      vertex 11.7476 115.433 69.5
      vertex 11.5702 115.506 69.5
    endloop
  endfacet
  facet normal 0.0416956 0.99913 -0
    outer loop
      vertex 12.5 115.3 69.5
      vertex 12.3083 115.308 94.5
      vertex 12.5 115.3 94.5
    endloop
  endfacet
  facet normal 0.0416956 0.99913 0
    outer loop
      vertex 12.3083 115.308 94.5
      vertex 12.5 115.3 69.5
      vertex 12.3083 115.308 69.5
    endloop
  endfacet
  facet normal 0.536774 0.843726 -0
    outer loop
      vertex 11.4 115.595 69.5
      vertex 11.2381 115.698 94.5
      vertex 11.4 115.595 94.5
    endloop
  endfacet
  facet normal 0.536774 0.843726 0
    outer loop
      vertex 11.2381 115.698 94.5
      vertex 11.4 115.595 69.5
      vertex 11.2381 115.698 69.5
    endloop
  endfacet
  facet normal -0.463384 0.886157 0
    outer loop
      vertex 13.6 115.595 69.5
      vertex 13.4298 115.506 94.5
      vertex 13.6 115.595 94.5
    endloop
  endfacet
  facet normal -0.463384 0.886157 0
    outer loop
      vertex 13.4298 115.506 94.5
      vertex 13.6 115.595 69.5
      vertex 13.4298 115.506 69.5
    endloop
  endfacet
  facet normal -0.991481 -0.130252 -4.96877e-20
    outer loop
      vertex 119.692 12.6917 69.5
      vertex 119.667 12.882 94.5
      vertex 119.667 12.882 69.5
    endloop
  endfacet
  facet normal -0.991481 -0.130252 -4.96877e-20
    outer loop
      vertex 119.667 12.882 94.5
      vertex 119.692 12.6917 69.5
      vertex 119.692 12.6917 94.5
    endloop
  endfacet
  facet normal -0.99913 -0.0416956 1.38863e-20
    outer loop
      vertex 119.7 12.5 69.5
      vertex 119.692 12.6917 94.5
      vertex 119.692 12.6917 69.5
    endloop
  endfacet
  facet normal -0.99913 -0.0416956 1.38863e-20
    outer loop
      vertex 119.692 12.6917 94.5
      vertex 119.7 12.5 69.5
      vertex 119.7 12.5 94.5
    endloop
  endfacet
  facet normal -0.975793 -0.218694 -6.22353e-20
    outer loop
      vertex 119.667 12.882 69.5
      vertex 119.625 13.0694 94.5
      vertex 119.625 13.0694 69.5
    endloop
  endfacet
  facet normal -0.975793 -0.218694 -6.22353e-20
    outer loop
      vertex 119.625 13.0694 94.5
      vertex 119.667 12.882 69.5
      vertex 119.667 12.882 94.5
    endloop
  endfacet
  facet normal 0.217152 -0.976138 0
    outer loop
      vertex 116.931 14.625 69.5
      vertex 117.118 14.6666 94.5
      vertex 116.931 14.625 94.5
    endloop
  endfacet
  facet normal 0.217152 -0.976138 0
    outer loop
      vertex 117.118 14.6666 94.5
      vertex 116.931 14.625 69.5
      vertex 117.118 14.6666 69.5
    endloop
  endfacet
  facet normal 0.130455 -0.991454 0
    outer loop
      vertex 117.118 14.6666 69.5
      vertex 117.308 14.6916 94.5
      vertex 117.118 14.6666 94.5
    endloop
  endfacet
  facet normal 0.130455 -0.991454 0
    outer loop
      vertex 117.308 14.6916 94.5
      vertex 117.118 14.6666 69.5
      vertex 117.308 14.6916 69.5
    endloop
  endfacet
  facet normal 0.0437082 -0.999044 0
    outer loop
      vertex 117.308 14.6916 69.5
      vertex 117.5 14.7 94.5
      vertex 117.308 14.6916 94.5
    endloop
  endfacet
  facet normal 0.0437082 -0.999044 0
    outer loop
      vertex 117.5 14.7 94.5
      vertex 117.308 14.6916 69.5
      vertex 117.5 14.7 69.5
    endloop
  endfacet
  facet normal -0.99913 0.0416956 -1.38863e-20
    outer loop
      vertex 119.692 12.3083 69.5
      vertex 119.7 12.5 94.5
      vertex 119.7 12.5 69.5
    endloop
  endfacet
  facet normal -0.99913 0.0416956 -1.38863e-20
    outer loop
      vertex 119.7 12.5 94.5
      vertex 119.692 12.3083 69.5
      vertex 119.692 12.3083 94.5
    endloop
  endfacet
  facet normal -0.792818 -0.609459 -6.96113e-20
    outer loop
      vertex 119.302 13.7619 69.5
      vertex 119.185 13.9141 94.5
      vertex 119.185 13.9141 69.5
    endloop
  endfacet
  facet normal -0.792818 -0.609459 -6.96113e-20
    outer loop
      vertex 119.185 13.9141 94.5
      vertex 119.302 13.7619 69.5
      vertex 119.302 13.7619 94.5
    endloop
  endfacet
  facet normal 0.674405 0.738362 -0
    outer loop
      vertex 116.086 10.8147 69.5
      vertex 115.944 10.9444 94.5
      vertex 116.086 10.8147 94.5
    endloop
  endfacet
  facet normal 0.674405 0.738362 0
    outer loop
      vertex 115.944 10.9444 94.5
      vertex 116.086 10.8147 69.5
      vertex 115.944 10.9444 69.5
    endloop
  endfacet
  facet normal 0.975793 0.218694 -6.22353e-20
    outer loop
      vertex 115.375 11.9306 94.5
      vertex 115.333 12.118 69.5
      vertex 115.333 12.118 94.5
    endloop
  endfacet
  facet normal 0.975793 0.218694 -6.22353e-20
    outer loop
      vertex 115.333 12.118 69.5
      vertex 115.375 11.9306 94.5
      vertex 115.375 11.9306 69.5
    endloop
  endfacet
  facet normal 0.462174 0.886789 -0
    outer loop
      vertex 116.57 10.5061 69.5
      vertex 116.4 10.5947 94.5
      vertex 116.57 10.5061 94.5
    endloop
  endfacet
  facet normal 0.462174 0.886789 0
    outer loop
      vertex 116.4 10.5947 94.5
      vertex 116.57 10.5061 69.5
      vertex 116.4 10.5947 69.5
    endloop
  endfacet
  facet normal 0.953267 -0.302128 -8.01099e-20
    outer loop
      vertex 115.375 13.0694 94.5
      vertex 115.433 13.2524 69.5
      vertex 115.433 13.2524 94.5
    endloop
  endfacet
  facet normal 0.953267 -0.302128 -8.01099e-20
    outer loop
      vertex 115.433 13.2524 69.5
      vertex 115.375 13.0694 94.5
      vertex 115.375 13.0694 69.5
    endloop
  endfacet
  facet normal 0.991481 0.130252 -4.96877e-20
    outer loop
      vertex 115.333 12.118 94.5
      vertex 115.308 12.3083 69.5
      vertex 115.308 12.3083 94.5
    endloop
  endfacet
  facet normal 0.991481 0.130252 -4.96877e-20
    outer loop
      vertex 115.308 12.3083 69.5
      vertex 115.333 12.118 94.5
      vertex 115.333 12.118 69.5
    endloop
  endfacet
  facet normal 0.609307 0.792934 -0
    outer loop
      vertex 116.238 10.6979 69.5
      vertex 116.086 10.8147 94.5
      vertex 116.238 10.6979 94.5
    endloop
  endfacet
  facet normal 0.609307 0.792934 0
    outer loop
      vertex 116.086 10.8147 94.5
      vertex 116.238 10.6979 69.5
      vertex 116.086 10.8147 69.5
    endloop
  endfacet
  facet normal -0.130455 0.991454 0
    outer loop
      vertex 117.882 10.3334 69.5
      vertex 117.692 10.3084 94.5
      vertex 117.882 10.3334 94.5
    endloop
  endfacet
  facet normal -0.130455 0.991454 0
    outer loop
      vertex 117.692 10.3084 94.5
      vertex 117.882 10.3334 69.5
      vertex 117.692 10.3084 69.5
    endloop
  endfacet
  facet normal -0.953267 -0.302128 8.01099e-20
    outer loop
      vertex 119.625 13.0694 69.5
      vertex 119.567 13.2524 94.5
      vertex 119.567 13.2524 69.5
    endloop
  endfacet
  facet normal -0.953267 -0.302128 8.01099e-20
    outer loop
      vertex 119.567 13.2524 94.5
      vertex 119.625 13.0694 69.5
      vertex 119.625 13.0694 94.5
    endloop
  endfacet
  facet normal 0.99913 -0.0416956 -1.38863e-20
    outer loop
      vertex 115.3 12.5 94.5
      vertex 115.308 12.6917 69.5
      vertex 115.308 12.6917 94.5
    endloop
  endfacet
  facet normal 0.99913 -0.0416956 -1.38863e-20
    outer loop
      vertex 115.308 12.6917 69.5
      vertex 115.3 12.5 94.5
      vertex 115.3 12.5 69.5
    endloop
  endfacet
  facet normal 0.792818 -0.609459 6.96113e-20
    outer loop
      vertex 115.698 13.7619 94.5
      vertex 115.815 13.9141 69.5
      vertex 115.815 13.9141 94.5
    endloop
  endfacet
  facet normal 0.792818 -0.609459 6.96113e-20
    outer loop
      vertex 115.815 13.9141 69.5
      vertex 115.698 13.7619 94.5
      vertex 115.698 13.7619 69.5
    endloop
  endfacet
  facet normal -0.300707 0.953716 0
    outer loop
      vertex 118.252 10.4327 69.5
      vertex 118.069 10.375 94.5
      vertex 118.252 10.4327 94.5
    endloop
  endfacet
  facet normal -0.300707 0.953716 0
    outer loop
      vertex 118.069 10.375 94.5
      vertex 118.252 10.4327 69.5
      vertex 118.069 10.375 69.5
    endloop
  endfacet
  facet normal -0.991481 0.130252 4.96877e-20
    outer loop
      vertex 119.667 12.118 69.5
      vertex 119.692 12.3083 94.5
      vertex 119.692 12.3083 69.5
    endloop
  endfacet
  facet normal -0.991481 0.130252 4.96877e-20
    outer loop
      vertex 119.692 12.3083 94.5
      vertex 119.667 12.118 69.5
      vertex 119.667 12.118 94.5
    endloop
  endfacet
  facet normal 0.975793 -0.218694 6.22353e-20
    outer loop
      vertex 115.333 12.882 94.5
      vertex 115.375 13.0694 69.5
      vertex 115.375 13.0694 94.5
    endloop
  endfacet
  facet normal 0.975793 -0.218694 6.22353e-20
    outer loop
      vertex 115.375 13.0694 69.5
      vertex 115.333 12.882 94.5
      vertex 115.333 12.882 69.5
    endloop
  endfacet
  facet normal -0.0437082 0.999044 0
    outer loop
      vertex 117.692 10.3084 69.5
      vertex 117.5 10.3 94.5
      vertex 117.692 10.3084 94.5
    endloop
  endfacet
  facet normal -0.0437082 0.999044 0
    outer loop
      vertex 117.5 10.3 94.5
      vertex 117.692 10.3084 69.5
      vertex 117.5 10.3 69.5
    endloop
  endfacet
  facet normal -0.738994 -0.673712 3.99381e-20
    outer loop
      vertex 119.185 13.9141 69.5
      vertex 119.056 14.0556 94.5
      vertex 119.056 14.0556 69.5
    endloop
  endfacet
  facet normal -0.738994 -0.673712 3.99381e-20
    outer loop
      vertex 119.056 14.0556 94.5
      vertex 119.185 13.9141 69.5
      vertex 119.185 13.9141 94.5
    endloop
  endfacet
  facet normal 0.38122 0.924484 -0
    outer loop
      vertex 116.748 10.4327 69.5
      vertex 116.57 10.5061 94.5
      vertex 116.748 10.4327 94.5
    endloop
  endfacet
  facet normal 0.38122 0.924484 0
    outer loop
      vertex 116.57 10.5061 94.5
      vertex 116.748 10.4327 69.5
      vertex 116.57 10.5061 69.5
    endloop
  endfacet
  facet normal -0.462174 0.886789 0
    outer loop
      vertex 118.6 10.5947 69.5
      vertex 118.43 10.5061 94.5
      vertex 118.6 10.5947 94.5
    endloop
  endfacet
  facet normal -0.462174 0.886789 0
    outer loop
      vertex 118.43 10.5061 94.5
      vertex 118.6 10.5947 69.5
      vertex 118.43 10.5061 69.5
    endloop
  endfacet
  facet normal 0.38122 -0.924484 0
    outer loop
      vertex 116.57 14.4939 69.5
      vertex 116.748 14.5673 94.5
      vertex 116.57 14.4939 94.5
    endloop
  endfacet
  facet normal 0.38122 -0.924484 0
    outer loop
      vertex 116.748 14.5673 94.5
      vertex 116.57 14.4939 69.5
      vertex 116.748 14.5673 69.5
    endloop
  endfacet
  facet normal 0.462174 -0.886789 0
    outer loop
      vertex 116.4 14.4053 69.5
      vertex 116.57 14.4939 94.5
      vertex 116.4 14.4053 94.5
    endloop
  endfacet
  facet normal 0.462174 -0.886789 0
    outer loop
      vertex 116.57 14.4939 94.5
      vertex 116.4 14.4053 69.5
      vertex 116.57 14.4939 69.5
    endloop
  endfacet
  facet normal -0.674405 -0.738362 0
    outer loop
      vertex 118.914 14.1853 69.5
      vertex 119.056 14.0556 94.5
      vertex 118.914 14.1853 94.5
    endloop
  endfacet
  facet normal -0.674405 -0.738362 -0
    outer loop
      vertex 119.056 14.0556 94.5
      vertex 118.914 14.1853 69.5
      vertex 119.056 14.0556 69.5
    endloop
  endfacet
  facet normal -0.38122 -0.924484 0
    outer loop
      vertex 118.252 14.5673 69.5
      vertex 118.43 14.4939 94.5
      vertex 118.252 14.5673 94.5
    endloop
  endfacet
  facet normal -0.38122 -0.924484 -0
    outer loop
      vertex 118.43 14.4939 94.5
      vertex 118.252 14.5673 69.5
      vertex 118.43 14.4939 69.5
    endloop
  endfacet
  facet normal 0.300707 -0.953716 0
    outer loop
      vertex 116.748 14.5673 69.5
      vertex 116.931 14.625 94.5
      vertex 116.748 14.5673 94.5
    endloop
  endfacet
  facet normal 0.300707 -0.953716 0
    outer loop
      vertex 116.931 14.625 94.5
      vertex 116.748 14.5673 69.5
      vertex 116.931 14.625 69.5
    endloop
  endfacet
  facet normal -0.924764 -0.38054 1.11082e-19
    outer loop
      vertex 119.567 13.2524 69.5
      vertex 119.494 13.4298 94.5
      vertex 119.494 13.4298 69.5
    endloop
  endfacet
  facet normal -0.924764 -0.38054 1.11082e-19
    outer loop
      vertex 119.494 13.4298 94.5
      vertex 119.567 13.2524 69.5
      vertex 119.567 13.2524 94.5
    endloop
  endfacet
  facet normal 0.886157 0.463384 3.56677e-20
    outer loop
      vertex 115.595 11.4 94.5
      vertex 115.506 11.5702 69.5
      vertex 115.506 11.5702 94.5
    endloop
  endfacet
  facet normal 0.886157 0.463384 3.56677e-20
    outer loop
      vertex 115.506 11.5702 69.5
      vertex 115.595 11.4 94.5
      vertex 115.595 11.4 69.5
    endloop
  endfacet
  facet normal -0.792818 0.609459 6.96113e-20
    outer loop
      vertex 119.185 11.0859 69.5
      vertex 119.302 11.2381 94.5
      vertex 119.302 11.2381 69.5
    endloop
  endfacet
  facet normal -0.792818 0.609459 6.96113e-20
    outer loop
      vertex 119.302 11.2381 94.5
      vertex 119.185 11.0859 69.5
      vertex 119.185 11.0859 94.5
    endloop
  endfacet
  facet normal -0.609307 -0.792934 0
    outer loop
      vertex 118.762 14.3021 69.5
      vertex 118.914 14.1853 94.5
      vertex 118.762 14.3021 94.5
    endloop
  endfacet
  facet normal -0.609307 -0.792934 -0
    outer loop
      vertex 118.914 14.1853 94.5
      vertex 118.762 14.3021 69.5
      vertex 118.914 14.1853 69.5
    endloop
  endfacet
  facet normal 0.953267 0.302128 8.01099e-20
    outer loop
      vertex 115.433 11.7476 94.5
      vertex 115.375 11.9306 69.5
      vertex 115.375 11.9306 94.5
    endloop
  endfacet
  facet normal 0.953267 0.302128 8.01099e-20
    outer loop
      vertex 115.375 11.9306 69.5
      vertex 115.433 11.7476 94.5
      vertex 115.433 11.7476 69.5
    endloop
  endfacet
  facet normal -0.843726 -0.536774 3.29662e-19
    outer loop
      vertex 119.405 13.6 69.5
      vertex 119.302 13.7619 94.5
      vertex 119.302 13.7619 69.5
    endloop
  endfacet
  facet normal -0.843726 -0.536774 3.29662e-19
    outer loop
      vertex 119.302 13.7619 94.5
      vertex 119.405 13.6 69.5
      vertex 119.405 13.6 94.5
    endloop
  endfacet
  facet normal 0.924764 0.38054 1.11082e-19
    outer loop
      vertex 115.506 11.5702 94.5
      vertex 115.433 11.7476 69.5
      vertex 115.433 11.7476 94.5
    endloop
  endfacet
  facet normal 0.924764 0.38054 1.11082e-19
    outer loop
      vertex 115.433 11.7476 69.5
      vertex 115.506 11.5702 94.5
      vertex 115.506 11.5702 69.5
    endloop
  endfacet
  facet normal -0.38122 0.924484 0
    outer loop
      vertex 118.43 10.5061 69.5
      vertex 118.252 10.4327 94.5
      vertex 118.43 10.5061 94.5
    endloop
  endfacet
  facet normal -0.38122 0.924484 0
    outer loop
      vertex 118.252 10.4327 94.5
      vertex 118.43 10.5061 69.5
      vertex 118.252 10.4327 69.5
    endloop
  endfacet
  facet normal -0.53728 -0.843404 0
    outer loop
      vertex 118.6 14.4053 69.5
      vertex 118.762 14.3021 94.5
      vertex 118.6 14.4053 94.5
    endloop
  endfacet
  facet normal -0.53728 -0.843404 -0
    outer loop
      vertex 118.762 14.3021 94.5
      vertex 118.6 14.4053 69.5
      vertex 118.762 14.3021 69.5
    endloop
  endfacet
  facet normal 0.130455 0.991454 -0
    outer loop
      vertex 117.308 10.3084 69.5
      vertex 117.118 10.3334 94.5
      vertex 117.308 10.3084 94.5
    endloop
  endfacet
  facet normal 0.130455 0.991454 0
    outer loop
      vertex 117.118 10.3334 94.5
      vertex 117.308 10.3084 69.5
      vertex 117.118 10.3334 69.5
    endloop
  endfacet
  facet normal 0.991481 -0.130252 4.96877e-20
    outer loop
      vertex 115.308 12.6917 94.5
      vertex 115.333 12.882 69.5
      vertex 115.333 12.882 94.5
    endloop
  endfacet
  facet normal 0.991481 -0.130252 4.96877e-20
    outer loop
      vertex 115.333 12.882 69.5
      vertex 115.308 12.6917 94.5
      vertex 115.308 12.6917 69.5
    endloop
  endfacet
  facet normal -0.924764 0.38054 -1.11082e-19
    outer loop
      vertex 119.494 11.5702 69.5
      vertex 119.567 11.7476 94.5
      vertex 119.567 11.7476 69.5
    endloop
  endfacet
  facet normal -0.924764 0.38054 -1.11082e-19
    outer loop
      vertex 119.567 11.7476 94.5
      vertex 119.494 11.5702 69.5
      vertex 119.494 11.5702 94.5
    endloop
  endfacet
  facet normal 0.924764 -0.38054 -1.11082e-19
    outer loop
      vertex 115.433 13.2524 94.5
      vertex 115.506 13.4298 69.5
      vertex 115.506 13.4298 94.5
    endloop
  endfacet
  facet normal 0.924764 -0.38054 -1.11082e-19
    outer loop
      vertex 115.506 13.4298 69.5
      vertex 115.433 13.2524 94.5
      vertex 115.433 13.2524 69.5
    endloop
  endfacet
  facet normal -0.462174 -0.886789 0
    outer loop
      vertex 118.43 14.4939 69.5
      vertex 118.6 14.4053 94.5
      vertex 118.43 14.4939 94.5
    endloop
  endfacet
  facet normal -0.462174 -0.886789 -0
    outer loop
      vertex 118.6 14.4053 94.5
      vertex 118.43 14.4939 69.5
      vertex 118.6 14.4053 69.5
    endloop
  endfacet
  facet normal -0.975793 0.218694 6.22353e-20
    outer loop
      vertex 119.625 11.9306 69.5
      vertex 119.667 12.118 94.5
      vertex 119.667 12.118 69.5
    endloop
  endfacet
  facet normal -0.975793 0.218694 6.22353e-20
    outer loop
      vertex 119.667 12.118 94.5
      vertex 119.625 11.9306 69.5
      vertex 119.625 11.9306 94.5
    endloop
  endfacet
  facet normal -0.886157 0.463384 -3.56677e-20
    outer loop
      vertex 119.405 11.4 69.5
      vertex 119.494 11.5702 94.5
      vertex 119.494 11.5702 69.5
    endloop
  endfacet
  facet normal -0.886157 0.463384 -3.56677e-20
    outer loop
      vertex 119.494 11.5702 94.5
      vertex 119.405 11.4 69.5
      vertex 119.405 11.4 94.5
    endloop
  endfacet
  facet normal -0.843726 0.536774 -3.29662e-19
    outer loop
      vertex 119.302 11.2381 69.5
      vertex 119.405 11.4 94.5
      vertex 119.405 11.4 69.5
    endloop
  endfacet
  facet normal -0.843726 0.536774 -3.29662e-19
    outer loop
      vertex 119.405 11.4 94.5
      vertex 119.302 11.2381 69.5
      vertex 119.302 11.2381 94.5
    endloop
  endfacet
  facet normal -0.53728 0.843404 0
    outer loop
      vertex 118.762 10.6979 69.5
      vertex 118.6 10.5947 94.5
      vertex 118.762 10.6979 94.5
    endloop
  endfacet
  facet normal -0.53728 0.843404 0
    outer loop
      vertex 118.6 10.5947 94.5
      vertex 118.762 10.6979 69.5
      vertex 118.6 10.5947 69.5
    endloop
  endfacet
  facet normal 0.738994 0.673712 3.99381e-20
    outer loop
      vertex 115.944 10.9444 94.5
      vertex 115.815 11.0859 69.5
      vertex 115.815 11.0859 94.5
    endloop
  endfacet
  facet normal 0.738994 0.673712 3.99381e-20
    outer loop
      vertex 115.815 11.0859 69.5
      vertex 115.944 10.9444 94.5
      vertex 115.944 10.9444 69.5
    endloop
  endfacet
  facet normal -0.953267 0.302128 -8.01099e-20
    outer loop
      vertex 119.567 11.7476 69.5
      vertex 119.625 11.9306 94.5
      vertex 119.625 11.9306 69.5
    endloop
  endfacet
  facet normal -0.953267 0.302128 -8.01099e-20
    outer loop
      vertex 119.625 11.9306 94.5
      vertex 119.567 11.7476 69.5
      vertex 119.567 11.7476 94.5
    endloop
  endfacet
  facet normal -0.217152 0.976138 0
    outer loop
      vertex 118.069 10.375 69.5
      vertex 117.882 10.3334 94.5
      vertex 118.069 10.375 94.5
    endloop
  endfacet
  facet normal -0.217152 0.976138 0
    outer loop
      vertex 117.882 10.3334 94.5
      vertex 118.069 10.375 69.5
      vertex 117.882 10.3334 69.5
    endloop
  endfacet
  facet normal -0.886157 -0.463384 3.56677e-20
    outer loop
      vertex 119.494 13.4298 69.5
      vertex 119.405 13.6 94.5
      vertex 119.405 13.6 69.5
    endloop
  endfacet
  facet normal -0.886157 -0.463384 3.56677e-20
    outer loop
      vertex 119.405 13.6 94.5
      vertex 119.494 13.4298 69.5
      vertex 119.494 13.4298 94.5
    endloop
  endfacet
  facet normal 0.843726 -0.536774 -3.29662e-19
    outer loop
      vertex 115.595 13.6 94.5
      vertex 115.698 13.7619 69.5
      vertex 115.698 13.7619 94.5
    endloop
  endfacet
  facet normal 0.843726 -0.536774 -3.29662e-19
    outer loop
      vertex 115.698 13.7619 69.5
      vertex 115.595 13.6 94.5
      vertex 115.595 13.6 69.5
    endloop
  endfacet
  facet normal -0.674405 0.738362 0
    outer loop
      vertex 119.056 10.9444 69.5
      vertex 118.914 10.8147 94.5
      vertex 119.056 10.9444 94.5
    endloop
  endfacet
  facet normal -0.674405 0.738362 0
    outer loop
      vertex 118.914 10.8147 94.5
      vertex 119.056 10.9444 69.5
      vertex 118.914 10.8147 69.5
    endloop
  endfacet
  facet normal 0.674405 -0.738362 0
    outer loop
      vertex 115.944 14.0556 69.5
      vertex 116.086 14.1853 94.5
      vertex 115.944 14.0556 94.5
    endloop
  endfacet
  facet normal 0.674405 -0.738362 0
    outer loop
      vertex 116.086 14.1853 94.5
      vertex 115.944 14.0556 69.5
      vertex 116.086 14.1853 69.5
    endloop
  endfacet
  facet normal -0.300707 -0.953716 0
    outer loop
      vertex 118.069 14.625 69.5
      vertex 118.252 14.5673 94.5
      vertex 118.069 14.625 94.5
    endloop
  endfacet
  facet normal -0.300707 -0.953716 -0
    outer loop
      vertex 118.252 14.5673 94.5
      vertex 118.069 14.625 69.5
      vertex 118.252 14.5673 69.5
    endloop
  endfacet
  facet normal 0.738994 -0.673712 -3.99381e-20
    outer loop
      vertex 115.815 13.9141 94.5
      vertex 115.944 14.0556 69.5
      vertex 115.944 14.0556 94.5
    endloop
  endfacet
  facet normal 0.738994 -0.673712 -3.99381e-20
    outer loop
      vertex 115.944 14.0556 69.5
      vertex 115.815 13.9141 94.5
      vertex 115.815 13.9141 69.5
    endloop
  endfacet
  facet normal -0.609307 0.792934 0
    outer loop
      vertex 118.914 10.8147 69.5
      vertex 118.762 10.6979 94.5
      vertex 118.914 10.8147 94.5
    endloop
  endfacet
  facet normal -0.609307 0.792934 0
    outer loop
      vertex 118.762 10.6979 94.5
      vertex 118.914 10.8147 69.5
      vertex 118.762 10.6979 69.5
    endloop
  endfacet
  facet normal 0.792818 0.609459 -6.96113e-20
    outer loop
      vertex 115.815 11.0859 94.5
      vertex 115.698 11.2381 69.5
      vertex 115.698 11.2381 94.5
    endloop
  endfacet
  facet normal 0.792818 0.609459 -6.96113e-20
    outer loop
      vertex 115.698 11.2381 69.5
      vertex 115.815 11.0859 94.5
      vertex 115.815 11.0859 69.5
    endloop
  endfacet
  facet normal 0.300707 0.953716 -0
    outer loop
      vertex 116.931 10.375 69.5
      vertex 116.748 10.4327 94.5
      vertex 116.931 10.375 94.5
    endloop
  endfacet
  facet normal 0.300707 0.953716 0
    outer loop
      vertex 116.748 10.4327 94.5
      vertex 116.931 10.375 69.5
      vertex 116.748 10.4327 69.5
    endloop
  endfacet
  facet normal -0.738994 0.673712 -3.99381e-20
    outer loop
      vertex 119.056 10.9444 69.5
      vertex 119.185 11.0859 94.5
      vertex 119.185 11.0859 69.5
    endloop
  endfacet
  facet normal -0.738994 0.673712 -3.99381e-20
    outer loop
      vertex 119.185 11.0859 94.5
      vertex 119.056 10.9444 69.5
      vertex 119.056 10.9444 94.5
    endloop
  endfacet
  facet normal 0.0437082 0.999044 -0
    outer loop
      vertex 117.5 10.3 69.5
      vertex 117.308 10.3084 94.5
      vertex 117.5 10.3 94.5
    endloop
  endfacet
  facet normal 0.0437082 0.999044 0
    outer loop
      vertex 117.308 10.3084 94.5
      vertex 117.5 10.3 69.5
      vertex 117.308 10.3084 69.5
    endloop
  endfacet
  facet normal -0.130455 -0.991454 0
    outer loop
      vertex 117.692 14.6916 69.5
      vertex 117.882 14.6666 94.5
      vertex 117.692 14.6916 94.5
    endloop
  endfacet
  facet normal -0.130455 -0.991454 -0
    outer loop
      vertex 117.882 14.6666 94.5
      vertex 117.692 14.6916 69.5
      vertex 117.882 14.6666 69.5
    endloop
  endfacet
  facet normal 0.99913 0.0416956 1.38863e-20
    outer loop
      vertex 115.308 12.3083 94.5
      vertex 115.3 12.5 69.5
      vertex 115.3 12.5 94.5
    endloop
  endfacet
  facet normal 0.99913 0.0416956 1.38863e-20
    outer loop
      vertex 115.3 12.5 69.5
      vertex 115.308 12.3083 94.5
      vertex 115.308 12.3083 69.5
    endloop
  endfacet
  facet normal 0.217152 0.976138 -0
    outer loop
      vertex 117.118 10.3334 69.5
      vertex 116.931 10.375 94.5
      vertex 117.118 10.3334 94.5
    endloop
  endfacet
  facet normal 0.217152 0.976138 0
    outer loop
      vertex 116.931 10.375 94.5
      vertex 117.118 10.3334 69.5
      vertex 116.931 10.375 69.5
    endloop
  endfacet
  facet normal 0.53728 -0.843404 0
    outer loop
      vertex 116.238 14.3021 69.5
      vertex 116.4 14.4053 94.5
      vertex 116.238 14.3021 94.5
    endloop
  endfacet
  facet normal 0.53728 -0.843404 0
    outer loop
      vertex 116.4 14.4053 94.5
      vertex 116.238 14.3021 69.5
      vertex 116.4 14.4053 69.5
    endloop
  endfacet
  facet normal 0.609307 -0.792934 0
    outer loop
      vertex 116.086 14.1853 69.5
      vertex 116.238 14.3021 94.5
      vertex 116.086 14.1853 94.5
    endloop
  endfacet
  facet normal 0.609307 -0.792934 0
    outer loop
      vertex 116.238 14.3021 94.5
      vertex 116.086 14.1853 69.5
      vertex 116.238 14.3021 69.5
    endloop
  endfacet
  facet normal -0.217152 -0.976138 0
    outer loop
      vertex 117.882 14.6666 69.5
      vertex 118.069 14.625 94.5
      vertex 117.882 14.6666 94.5
    endloop
  endfacet
  facet normal -0.217152 -0.976138 -0
    outer loop
      vertex 118.069 14.625 94.5
      vertex 117.882 14.6666 69.5
      vertex 118.069 14.625 69.5
    endloop
  endfacet
  facet normal 0.886157 -0.463384 -3.56677e-20
    outer loop
      vertex 115.506 13.4298 94.5
      vertex 115.595 13.6 69.5
      vertex 115.595 13.6 94.5
    endloop
  endfacet
  facet normal 0.886157 -0.463384 -3.56677e-20
    outer loop
      vertex 115.595 13.6 69.5
      vertex 115.506 13.4298 94.5
      vertex 115.506 13.4298 69.5
    endloop
  endfacet
  facet normal 0.53728 0.843404 -0
    outer loop
      vertex 116.4 10.5947 69.5
      vertex 116.238 10.6979 94.5
      vertex 116.4 10.5947 94.5
    endloop
  endfacet
  facet normal 0.53728 0.843404 0
    outer loop
      vertex 116.238 10.6979 94.5
      vertex 116.4 10.5947 69.5
      vertex 116.238 10.6979 69.5
    endloop
  endfacet
  facet normal -0.0437082 -0.999044 0
    outer loop
      vertex 117.5 14.7 69.5
      vertex 117.692 14.6916 94.5
      vertex 117.5 14.7 94.5
    endloop
  endfacet
  facet normal -0.0437082 -0.999044 -0
    outer loop
      vertex 117.692 14.6916 94.5
      vertex 117.5 14.7 69.5
      vertex 117.692 14.6916 69.5
    endloop
  endfacet
  facet normal 0.843726 0.536774 3.29662e-19
    outer loop
      vertex 115.698 11.2381 94.5
      vertex 115.595 11.4 69.5
      vertex 115.595 11.4 94.5
    endloop
  endfacet
  facet normal 0.843726 0.536774 3.29662e-19
    outer loop
      vertex 115.595 11.4 69.5
      vertex 115.698 11.2381 94.5
      vertex 115.698 11.2381 69.5
    endloop
  endfacet
  facet normal -0.991454 -0.130455 -7.67618e-20
    outer loop
      vertex 119.692 117.692 69.5
      vertex 119.667 117.882 94.5
      vertex 119.667 117.882 69.5
    endloop
  endfacet
  facet normal -0.991454 -0.130455 -7.67618e-20
    outer loop
      vertex 119.667 117.882 94.5
      vertex 119.692 117.692 69.5
      vertex 119.692 117.692 94.5
    endloop
  endfacet
  facet normal -0.999133 -0.0416305 -5.17077e-22
    outer loop
      vertex 119.7 117.5 69.5
      vertex 119.692 117.692 94.5
      vertex 119.692 117.692 69.5
    endloop
  endfacet
  facet normal -0.999133 -0.0416305 -5.17077e-22
    outer loop
      vertex 119.692 117.692 94.5
      vertex 119.7 117.5 69.5
      vertex 119.7 117.5 94.5
    endloop
  endfacet
  facet normal -0.975693 -0.21914 5.60271e-20
    outer loop
      vertex 119.667 117.882 69.5
      vertex 119.625 118.069 94.5
      vertex 119.625 118.069 69.5
    endloop
  endfacet
  facet normal -0.975693 -0.21914 5.60271e-20
    outer loop
      vertex 119.625 118.069 94.5
      vertex 119.667 117.882 69.5
      vertex 119.667 117.882 94.5
    endloop
  endfacet
  facet normal 0.21914 -0.975693 0
    outer loop
      vertex 116.931 119.625 69.5
      vertex 117.118 119.667 94.5
      vertex 116.931 119.625 94.5
    endloop
  endfacet
  facet normal 0.21914 -0.975693 0
    outer loop
      vertex 117.118 119.667 94.5
      vertex 116.931 119.625 69.5
      vertex 117.118 119.667 69.5
    endloop
  endfacet
  facet normal 0.130455 -0.991454 0
    outer loop
      vertex 117.118 119.667 69.5
      vertex 117.308 119.692 94.5
      vertex 117.118 119.667 94.5
    endloop
  endfacet
  facet normal 0.130455 -0.991454 0
    outer loop
      vertex 117.308 119.692 94.5
      vertex 117.118 119.667 69.5
      vertex 117.308 119.692 69.5
    endloop
  endfacet
  facet normal 0.0416305 -0.999133 0
    outer loop
      vertex 117.308 119.692 69.5
      vertex 117.5 119.7 94.5
      vertex 117.308 119.692 94.5
    endloop
  endfacet
  facet normal 0.0416305 -0.999133 0
    outer loop
      vertex 117.5 119.7 94.5
      vertex 117.308 119.692 69.5
      vertex 117.5 119.7 69.5
    endloop
  endfacet
  facet normal -0.999133 0.0416305 5.17077e-22
    outer loop
      vertex 119.692 117.308 69.5
      vertex 119.7 117.5 94.5
      vertex 119.7 117.5 69.5
    endloop
  endfacet
  facet normal -0.999133 0.0416305 5.17077e-22
    outer loop
      vertex 119.7 117.5 94.5
      vertex 119.692 117.308 69.5
      vertex 119.692 117.308 94.5
    endloop
  endfacet
  facet normal -0.79243 -0.609963 -2.95697e-19
    outer loop
      vertex 119.302 118.762 69.5
      vertex 119.185 118.914 94.5
      vertex 119.185 118.914 69.5
    endloop
  endfacet
  facet normal -0.79243 -0.609963 -2.95697e-19
    outer loop
      vertex 119.185 118.914 94.5
      vertex 119.302 118.762 69.5
      vertex 119.302 118.762 94.5
    endloop
  endfacet
  facet normal 0.672413 0.740176 -0
    outer loop
      vertex 116.086 115.815 69.5
      vertex 115.944 115.944 94.5
      vertex 116.086 115.815 94.5
    endloop
  endfacet
  facet normal 0.672413 0.740176 0
    outer loop
      vertex 115.944 115.944 94.5
      vertex 116.086 115.815 69.5
      vertex 115.944 115.944 69.5
    endloop
  endfacet
  facet normal 0.975693 0.21914 5.60271e-20
    outer loop
      vertex 115.375 116.931 94.5
      vertex 115.333 117.118 69.5
      vertex 115.333 117.118 94.5
    endloop
  endfacet
  facet normal 0.975693 0.21914 5.60271e-20
    outer loop
      vertex 115.333 117.118 69.5
      vertex 115.375 116.931 94.5
      vertex 115.375 116.931 69.5
    endloop
  endfacet
  facet normal 0.463812 0.885934 -0
    outer loop
      vertex 116.57 115.506 69.5
      vertex 116.4 115.595 94.5
      vertex 116.57 115.506 94.5
    endloop
  endfacet
  facet normal 0.463812 0.885934 0
    outer loop
      vertex 116.4 115.595 94.5
      vertex 116.57 115.506 69.5
      vertex 116.4 115.595 69.5
    endloop
  endfacet
  facet normal 0.953267 -0.302128 7.60385e-20
    outer loop
      vertex 115.375 118.069 94.5
      vertex 115.433 118.252 69.5
      vertex 115.433 118.252 94.5
    endloop
  endfacet
  facet normal 0.953267 -0.302128 7.60385e-20
    outer loop
      vertex 115.433 118.252 69.5
      vertex 115.375 118.069 94.5
      vertex 115.375 118.069 69.5
    endloop
  endfacet
  facet normal 0.991454 0.130455 -7.67618e-20
    outer loop
      vertex 115.333 117.118 94.5
      vertex 115.308 117.308 69.5
      vertex 115.308 117.308 94.5
    endloop
  endfacet
  facet normal 0.991454 0.130455 -7.67618e-20
    outer loop
      vertex 115.308 117.308 69.5
      vertex 115.333 117.118 94.5
      vertex 115.333 117.118 69.5
    endloop
  endfacet
  facet normal -0.130455 0.991454 0
    outer loop
      vertex 117.882 115.333 69.5
      vertex 117.692 115.308 94.5
      vertex 117.882 115.333 94.5
    endloop
  endfacet
  facet normal -0.130455 0.991454 0
    outer loop
      vertex 117.692 115.308 94.5
      vertex 117.882 115.333 69.5
      vertex 117.692 115.308 69.5
    endloop
  endfacet
  facet normal -0.953267 -0.302128 -7.60385e-20
    outer loop
      vertex 119.625 118.069 69.5
      vertex 119.567 118.252 94.5
      vertex 119.567 118.252 69.5
    endloop
  endfacet
  facet normal -0.953267 -0.302128 -7.60385e-20
    outer loop
      vertex 119.567 118.252 94.5
      vertex 119.625 118.069 69.5
      vertex 119.625 118.069 94.5
    endloop
  endfacet
  facet normal 0.999133 -0.0416305 5.17077e-22
    outer loop
      vertex 115.3 117.5 94.5
      vertex 115.308 117.692 69.5
      vertex 115.308 117.692 94.5
    endloop
  endfacet
  facet normal 0.999133 -0.0416305 5.17077e-22
    outer loop
      vertex 115.308 117.692 69.5
      vertex 115.3 117.5 94.5
      vertex 115.3 117.5 69.5
    endloop
  endfacet
  facet normal 0.79243 -0.609963 2.95697e-19
    outer loop
      vertex 115.698 118.762 94.5
      vertex 115.815 118.914 69.5
      vertex 115.815 118.914 94.5
    endloop
  endfacet
  facet normal 0.79243 -0.609963 2.95697e-19
    outer loop
      vertex 115.815 118.914 69.5
      vertex 115.698 118.762 94.5
      vertex 115.698 118.762 69.5
    endloop
  endfacet
  facet normal -0.302128 0.953267 0
    outer loop
      vertex 118.252 115.433 69.5
      vertex 118.069 115.375 94.5
      vertex 118.252 115.433 94.5
    endloop
  endfacet
  facet normal -0.302128 0.953267 0
    outer loop
      vertex 118.069 115.375 94.5
      vertex 118.252 115.433 69.5
      vertex 118.069 115.375 69.5
    endloop
  endfacet
  facet normal -0.991454 0.130455 7.67618e-20
    outer loop
      vertex 119.667 117.118 69.5
      vertex 119.692 117.308 94.5
      vertex 119.692 117.308 69.5
    endloop
  endfacet
  facet normal -0.991454 0.130455 7.67618e-20
    outer loop
      vertex 119.692 117.308 94.5
      vertex 119.667 117.118 69.5
      vertex 119.667 117.118 94.5
    endloop
  endfacet
  facet normal 0.975693 -0.21914 -5.60271e-20
    outer loop
      vertex 115.333 117.882 94.5
      vertex 115.375 118.069 69.5
      vertex 115.375 118.069 94.5
    endloop
  endfacet
  facet normal 0.975693 -0.21914 -5.60271e-20
    outer loop
      vertex 115.375 118.069 69.5
      vertex 115.333 117.882 94.5
      vertex 115.333 117.882 69.5
    endloop
  endfacet
  facet normal -0.0416305 0.999133 0
    outer loop
      vertex 117.692 115.308 69.5
      vertex 117.5 115.3 94.5
      vertex 117.692 115.308 94.5
    endloop
  endfacet
  facet normal -0.0416305 0.999133 0
    outer loop
      vertex 117.5 115.3 94.5
      vertex 117.692 115.308 69.5
      vertex 117.5 115.3 69.5
    endloop
  endfacet
  facet normal -0.740176 -0.672413 2.65186e-19
    outer loop
      vertex 119.185 118.914 69.5
      vertex 119.056 119.056 94.5
      vertex 119.056 119.056 69.5
    endloop
  endfacet
  facet normal -0.740176 -0.672413 2.65186e-19
    outer loop
      vertex 119.056 119.056 94.5
      vertex 119.185 118.914 69.5
      vertex 119.185 118.914 94.5
    endloop
  endfacet
  facet normal 0.379442 0.925215 -0
    outer loop
      vertex 116.748 115.433 69.5
      vertex 116.57 115.506 94.5
      vertex 116.748 115.433 94.5
    endloop
  endfacet
  facet normal 0.379442 0.925215 0
    outer loop
      vertex 116.57 115.506 94.5
      vertex 116.748 115.433 69.5
      vertex 116.57 115.506 69.5
    endloop
  endfacet
  facet normal -0.463812 0.885934 0
    outer loop
      vertex 118.6 115.595 69.5
      vertex 118.43 115.506 94.5
      vertex 118.6 115.595 94.5
    endloop
  endfacet
  facet normal -0.463812 0.885934 0
    outer loop
      vertex 118.43 115.506 94.5
      vertex 118.6 115.595 69.5
      vertex 118.43 115.506 69.5
    endloop
  endfacet
  facet normal 0.379442 -0.925215 0
    outer loop
      vertex 116.57 119.494 69.5
      vertex 116.748 119.567 94.5
      vertex 116.57 119.494 94.5
    endloop
  endfacet
  facet normal 0.379442 -0.925215 0
    outer loop
      vertex 116.748 119.567 94.5
      vertex 116.57 119.494 69.5
      vertex 116.748 119.567 69.5
    endloop
  endfacet
  facet normal 0.463812 -0.885934 0
    outer loop
      vertex 116.4 119.405 69.5
      vertex 116.57 119.494 94.5
      vertex 116.4 119.405 94.5
    endloop
  endfacet
  facet normal 0.463812 -0.885934 0
    outer loop
      vertex 116.57 119.494 94.5
      vertex 116.4 119.405 69.5
      vertex 116.57 119.494 69.5
    endloop
  endfacet
  facet normal -0.672413 -0.740176 0
    outer loop
      vertex 118.914 119.185 69.5
      vertex 119.056 119.056 94.5
      vertex 118.914 119.185 94.5
    endloop
  endfacet
  facet normal -0.672413 -0.740176 -0
    outer loop
      vertex 119.056 119.056 94.5
      vertex 118.914 119.185 69.5
      vertex 119.056 119.056 69.5
    endloop
  endfacet
  facet normal -0.379442 -0.925215 0
    outer loop
      vertex 118.252 119.567 69.5
      vertex 118.43 119.494 94.5
      vertex 118.252 119.567 94.5
    endloop
  endfacet
  facet normal -0.379442 -0.925215 -0
    outer loop
      vertex 118.43 119.494 94.5
      vertex 118.252 119.567 69.5
      vertex 118.43 119.494 69.5
    endloop
  endfacet
  facet normal 0.302128 -0.953267 0
    outer loop
      vertex 116.748 119.567 69.5
      vertex 116.931 119.625 94.5
      vertex 116.748 119.567 94.5
    endloop
  endfacet
  facet normal 0.302128 -0.953267 0
    outer loop
      vertex 116.931 119.625 94.5
      vertex 116.748 119.567 69.5
      vertex 116.931 119.625 69.5
    endloop
  endfacet
  facet normal -0.925215 -0.379442 9.34402e-20
    outer loop
      vertex 119.567 118.252 69.5
      vertex 119.494 118.43 94.5
      vertex 119.494 118.43 69.5
    endloop
  endfacet
  facet normal -0.925215 -0.379442 9.34402e-20
    outer loop
      vertex 119.494 118.43 94.5
      vertex 119.567 118.252 69.5
      vertex 119.567 118.252 94.5
    endloop
  endfacet
  facet normal 0.885934 0.463812 -2.98547e-20
    outer loop
      vertex 115.595 116.4 94.5
      vertex 115.506 116.57 69.5
      vertex 115.506 116.57 94.5
    endloop
  endfacet
  facet normal 0.885934 0.463812 -2.98547e-20
    outer loop
      vertex 115.506 116.57 69.5
      vertex 115.595 116.4 94.5
      vertex 115.595 116.4 69.5
    endloop
  endfacet
  facet normal -0.79243 0.609963 2.95697e-19
    outer loop
      vertex 119.185 116.086 69.5
      vertex 119.302 116.238 94.5
      vertex 119.302 116.238 69.5
    endloop
  endfacet
  facet normal -0.79243 0.609963 2.95697e-19
    outer loop
      vertex 119.302 116.238 94.5
      vertex 119.185 116.086 69.5
      vertex 119.185 116.086 94.5
    endloop
  endfacet
  facet normal -0.609963 -0.79243 0
    outer loop
      vertex 118.762 119.302 69.5
      vertex 118.914 119.185 94.5
      vertex 118.762 119.302 94.5
    endloop
  endfacet
  facet normal -0.609963 -0.79243 -0
    outer loop
      vertex 118.914 119.185 94.5
      vertex 118.762 119.302 69.5
      vertex 118.914 119.185 69.5
    endloop
  endfacet
  facet normal 0.953267 0.302128 -7.60385e-20
    outer loop
      vertex 115.433 116.748 94.5
      vertex 115.375 116.931 69.5
      vertex 115.375 116.931 94.5
    endloop
  endfacet
  facet normal 0.953267 0.302128 -7.60385e-20
    outer loop
      vertex 115.375 116.931 69.5
      vertex 115.433 116.748 94.5
      vertex 115.433 116.748 69.5
    endloop
  endfacet
  facet normal 0.925215 0.379442 9.34402e-20
    outer loop
      vertex 115.506 116.57 94.5
      vertex 115.433 116.748 69.5
      vertex 115.433 116.748 94.5
    endloop
  endfacet
  facet normal 0.925215 0.379442 9.34402e-20
    outer loop
      vertex 115.433 116.748 69.5
      vertex 115.506 116.57 94.5
      vertex 115.506 116.57 69.5
    endloop
  endfacet
  facet normal -0.379442 0.925215 0
    outer loop
      vertex 118.43 115.506 69.5
      vertex 118.252 115.433 94.5
      vertex 118.43 115.506 94.5
    endloop
  endfacet
  facet normal -0.379442 0.925215 0
    outer loop
      vertex 118.252 115.433 94.5
      vertex 118.43 115.506 69.5
      vertex 118.252 115.433 69.5
    endloop
  endfacet
  facet normal -0.536538 -0.843876 0
    outer loop
      vertex 118.6 119.405 69.5
      vertex 118.762 119.302 94.5
      vertex 118.6 119.405 94.5
    endloop
  endfacet
  facet normal -0.536538 -0.843876 -0
    outer loop
      vertex 118.762 119.302 94.5
      vertex 118.6 119.405 69.5
      vertex 118.762 119.302 69.5
    endloop
  endfacet
  facet normal 0.130455 0.991454 -0
    outer loop
      vertex 117.308 115.308 69.5
      vertex 117.118 115.333 94.5
      vertex 117.308 115.308 94.5
    endloop
  endfacet
  facet normal 0.130455 0.991454 0
    outer loop
      vertex 117.118 115.333 94.5
      vertex 117.308 115.308 69.5
      vertex 117.118 115.333 69.5
    endloop
  endfacet
  facet normal 0.991454 -0.130455 7.67618e-20
    outer loop
      vertex 115.308 117.692 94.5
      vertex 115.333 117.882 69.5
      vertex 115.333 117.882 94.5
    endloop
  endfacet
  facet normal 0.991454 -0.130455 7.67618e-20
    outer loop
      vertex 115.333 117.882 69.5
      vertex 115.308 117.692 94.5
      vertex 115.308 117.692 69.5
    endloop
  endfacet
  facet normal -0.925215 0.379442 -9.34402e-20
    outer loop
      vertex 119.494 116.57 69.5
      vertex 119.567 116.748 94.5
      vertex 119.567 116.748 69.5
    endloop
  endfacet
  facet normal -0.925215 0.379442 -9.34402e-20
    outer loop
      vertex 119.567 116.748 94.5
      vertex 119.494 116.57 69.5
      vertex 119.494 116.57 94.5
    endloop
  endfacet
  facet normal 0.925215 -0.379442 -9.34402e-20
    outer loop
      vertex 115.433 118.252 94.5
      vertex 115.506 118.43 69.5
      vertex 115.506 118.43 94.5
    endloop
  endfacet
  facet normal 0.925215 -0.379442 -9.34402e-20
    outer loop
      vertex 115.506 118.43 69.5
      vertex 115.433 118.252 94.5
      vertex 115.433 118.252 69.5
    endloop
  endfacet
  facet normal -0.463812 -0.885934 0
    outer loop
      vertex 118.43 119.494 69.5
      vertex 118.6 119.405 94.5
      vertex 118.43 119.494 94.5
    endloop
  endfacet
  facet normal -0.463812 -0.885934 -0
    outer loop
      vertex 118.6 119.405 94.5
      vertex 118.43 119.494 69.5
      vertex 118.6 119.405 69.5
    endloop
  endfacet
  facet normal -0.975693 0.21914 -5.60271e-20
    outer loop
      vertex 119.625 116.931 69.5
      vertex 119.667 117.118 94.5
      vertex 119.667 117.118 69.5
    endloop
  endfacet
  facet normal -0.975693 0.21914 -5.60271e-20
    outer loop
      vertex 119.667 117.118 94.5
      vertex 119.625 116.931 69.5
      vertex 119.625 116.931 94.5
    endloop
  endfacet
  facet normal -0.885934 0.463812 2.98547e-20
    outer loop
      vertex 119.405 116.4 69.5
      vertex 119.494 116.57 94.5
      vertex 119.494 116.57 69.5
    endloop
  endfacet
  facet normal -0.885934 0.463812 2.98547e-20
    outer loop
      vertex 119.494 116.57 94.5
      vertex 119.405 116.4 69.5
      vertex 119.405 116.4 94.5
    endloop
  endfacet
  facet normal -0.843876 0.536538 2.19487e-19
    outer loop
      vertex 119.302 116.238 69.5
      vertex 119.405 116.4 94.5
      vertex 119.405 116.4 69.5
    endloop
  endfacet
  facet normal -0.843876 0.536538 2.19487e-19
    outer loop
      vertex 119.405 116.4 94.5
      vertex 119.302 116.238 69.5
      vertex 119.302 116.238 94.5
    endloop
  endfacet
  facet normal -0.885934 -0.463812 -2.98547e-20
    outer loop
      vertex 119.494 118.43 69.5
      vertex 119.405 118.6 94.5
      vertex 119.405 118.6 69.5
    endloop
  endfacet
  facet normal -0.885934 -0.463812 -2.98547e-20
    outer loop
      vertex 119.405 118.6 94.5
      vertex 119.494 118.43 69.5
      vertex 119.494 118.43 94.5
    endloop
  endfacet
  facet normal 0.609963 0.79243 -0
    outer loop
      vertex 116.238 115.698 69.5
      vertex 116.086 115.815 94.5
      vertex 116.238 115.698 94.5
    endloop
  endfacet
  facet normal 0.609963 0.79243 0
    outer loop
      vertex 116.086 115.815 94.5
      vertex 116.238 115.698 69.5
      vertex 116.086 115.815 69.5
    endloop
  endfacet
  facet normal -0.536538 0.843876 0
    outer loop
      vertex 118.762 115.698 69.5
      vertex 118.6 115.595 94.5
      vertex 118.762 115.698 94.5
    endloop
  endfacet
  facet normal -0.536538 0.843876 0
    outer loop
      vertex 118.6 115.595 94.5
      vertex 118.762 115.698 69.5
      vertex 118.6 115.595 69.5
    endloop
  endfacet
  facet normal 0.740176 0.672413 2.65186e-19
    outer loop
      vertex 115.944 115.944 94.5
      vertex 115.815 116.086 69.5
      vertex 115.815 116.086 94.5
    endloop
  endfacet
  facet normal 0.740176 0.672413 2.65186e-19
    outer loop
      vertex 115.815 116.086 69.5
      vertex 115.944 115.944 94.5
      vertex 115.944 115.944 69.5
    endloop
  endfacet
  facet normal -0.953267 0.302128 7.60385e-20
    outer loop
      vertex 119.567 116.748 69.5
      vertex 119.625 116.931 94.5
      vertex 119.625 116.931 69.5
    endloop
  endfacet
  facet normal -0.953267 0.302128 7.60385e-20
    outer loop
      vertex 119.625 116.931 94.5
      vertex 119.567 116.748 69.5
      vertex 119.567 116.748 94.5
    endloop
  endfacet
  facet normal -0.21914 0.975693 0
    outer loop
      vertex 118.069 115.375 69.5
      vertex 117.882 115.333 94.5
      vertex 118.069 115.375 94.5
    endloop
  endfacet
  facet normal -0.21914 0.975693 0
    outer loop
      vertex 117.882 115.333 94.5
      vertex 118.069 115.375 69.5
      vertex 117.882 115.333 69.5
    endloop
  endfacet
  facet normal 0.843876 -0.536538 2.19487e-19
    outer loop
      vertex 115.595 118.6 94.5
      vertex 115.698 118.762 69.5
      vertex 115.698 118.762 94.5
    endloop
  endfacet
  facet normal 0.843876 -0.536538 2.19487e-19
    outer loop
      vertex 115.698 118.762 69.5
      vertex 115.595 118.6 94.5
      vertex 115.595 118.6 69.5
    endloop
  endfacet
  facet normal -0.672413 0.740176 0
    outer loop
      vertex 119.056 115.944 69.5
      vertex 118.914 115.815 94.5
      vertex 119.056 115.944 94.5
    endloop
  endfacet
  facet normal -0.672413 0.740176 0
    outer loop
      vertex 118.914 115.815 94.5
      vertex 119.056 115.944 69.5
      vertex 118.914 115.815 69.5
    endloop
  endfacet
  facet normal 0.672413 -0.740176 0
    outer loop
      vertex 115.944 119.056 69.5
      vertex 116.086 119.185 94.5
      vertex 115.944 119.056 94.5
    endloop
  endfacet
  facet normal 0.672413 -0.740176 0
    outer loop
      vertex 116.086 119.185 94.5
      vertex 115.944 119.056 69.5
      vertex 116.086 119.185 69.5
    endloop
  endfacet
  facet normal -0.843876 -0.536538 -2.19487e-19
    outer loop
      vertex 119.405 118.6 69.5
      vertex 119.302 118.762 94.5
      vertex 119.302 118.762 69.5
    endloop
  endfacet
  facet normal -0.843876 -0.536538 -2.19487e-19
    outer loop
      vertex 119.302 118.762 94.5
      vertex 119.405 118.6 69.5
      vertex 119.405 118.6 94.5
    endloop
  endfacet
  facet normal -0.302128 -0.953267 0
    outer loop
      vertex 118.069 119.625 69.5
      vertex 118.252 119.567 94.5
      vertex 118.069 119.625 94.5
    endloop
  endfacet
  facet normal -0.302128 -0.953267 -0
    outer loop
      vertex 118.252 119.567 94.5
      vertex 118.069 119.625 69.5
      vertex 118.252 119.567 69.5
    endloop
  endfacet
  facet normal 0.740176 -0.672413 -2.65186e-19
    outer loop
      vertex 115.815 118.914 94.5
      vertex 115.944 119.056 69.5
      vertex 115.944 119.056 94.5
    endloop
  endfacet
  facet normal 0.740176 -0.672413 -2.65186e-19
    outer loop
      vertex 115.944 119.056 69.5
      vertex 115.815 118.914 94.5
      vertex 115.815 118.914 69.5
    endloop
  endfacet
  facet normal -0.609963 0.79243 0
    outer loop
      vertex 118.914 115.815 69.5
      vertex 118.762 115.698 94.5
      vertex 118.914 115.815 94.5
    endloop
  endfacet
  facet normal -0.609963 0.79243 0
    outer loop
      vertex 118.762 115.698 94.5
      vertex 118.914 115.815 69.5
      vertex 118.762 115.698 69.5
    endloop
  endfacet
  facet normal 0.79243 0.609963 -2.95697e-19
    outer loop
      vertex 115.815 116.086 94.5
      vertex 115.698 116.238 69.5
      vertex 115.698 116.238 94.5
    endloop
  endfacet
  facet normal 0.79243 0.609963 -2.95697e-19
    outer loop
      vertex 115.698 116.238 69.5
      vertex 115.815 116.086 94.5
      vertex 115.815 116.086 69.5
    endloop
  endfacet
  facet normal 0.302128 0.953267 -0
    outer loop
      vertex 116.931 115.375 69.5
      vertex 116.748 115.433 94.5
      vertex 116.931 115.375 94.5
    endloop
  endfacet
  facet normal 0.302128 0.953267 0
    outer loop
      vertex 116.748 115.433 94.5
      vertex 116.931 115.375 69.5
      vertex 116.748 115.433 69.5
    endloop
  endfacet
  facet normal -0.740176 0.672413 -2.65186e-19
    outer loop
      vertex 119.056 115.944 69.5
      vertex 119.185 116.086 94.5
      vertex 119.185 116.086 69.5
    endloop
  endfacet
  facet normal -0.740176 0.672413 -2.65186e-19
    outer loop
      vertex 119.185 116.086 94.5
      vertex 119.056 115.944 69.5
      vertex 119.056 115.944 94.5
    endloop
  endfacet
  facet normal 0.0416305 0.999133 -0
    outer loop
      vertex 117.5 115.3 69.5
      vertex 117.308 115.308 94.5
      vertex 117.5 115.3 94.5
    endloop
  endfacet
  facet normal 0.0416305 0.999133 0
    outer loop
      vertex 117.308 115.308 94.5
      vertex 117.5 115.3 69.5
      vertex 117.308 115.308 69.5
    endloop
  endfacet
  facet normal -0.130455 -0.991454 0
    outer loop
      vertex 117.692 119.692 69.5
      vertex 117.882 119.667 94.5
      vertex 117.692 119.692 94.5
    endloop
  endfacet
  facet normal -0.130455 -0.991454 -0
    outer loop
      vertex 117.882 119.667 94.5
      vertex 117.692 119.692 69.5
      vertex 117.882 119.667 69.5
    endloop
  endfacet
  facet normal 0.999133 0.0416305 -5.17077e-22
    outer loop
      vertex 115.308 117.308 94.5
      vertex 115.3 117.5 69.5
      vertex 115.3 117.5 94.5
    endloop
  endfacet
  facet normal 0.999133 0.0416305 -5.17077e-22
    outer loop
      vertex 115.3 117.5 69.5
      vertex 115.308 117.308 94.5
      vertex 115.308 117.308 69.5
    endloop
  endfacet
  facet normal 0.21914 0.975693 -0
    outer loop
      vertex 117.118 115.333 69.5
      vertex 116.931 115.375 94.5
      vertex 117.118 115.333 94.5
    endloop
  endfacet
  facet normal 0.21914 0.975693 0
    outer loop
      vertex 116.931 115.375 94.5
      vertex 117.118 115.333 69.5
      vertex 116.931 115.375 69.5
    endloop
  endfacet
  facet normal 0.536538 -0.843876 0
    outer loop
      vertex 116.238 119.302 69.5
      vertex 116.4 119.405 94.5
      vertex 116.238 119.302 94.5
    endloop
  endfacet
  facet normal 0.536538 -0.843876 0
    outer loop
      vertex 116.4 119.405 94.5
      vertex 116.238 119.302 69.5
      vertex 116.4 119.405 69.5
    endloop
  endfacet
  facet normal 0.609963 -0.79243 0
    outer loop
      vertex 116.086 119.185 69.5
      vertex 116.238 119.302 94.5
      vertex 116.086 119.185 94.5
    endloop
  endfacet
  facet normal 0.609963 -0.79243 0
    outer loop
      vertex 116.238 119.302 94.5
      vertex 116.086 119.185 69.5
      vertex 116.238 119.302 69.5
    endloop
  endfacet
  facet normal -0.21914 -0.975693 0
    outer loop
      vertex 117.882 119.667 69.5
      vertex 118.069 119.625 94.5
      vertex 117.882 119.667 94.5
    endloop
  endfacet
  facet normal -0.21914 -0.975693 -0
    outer loop
      vertex 118.069 119.625 94.5
      vertex 117.882 119.667 69.5
      vertex 118.069 119.625 69.5
    endloop
  endfacet
  facet normal 0.885934 -0.463812 2.98547e-20
    outer loop
      vertex 115.506 118.43 94.5
      vertex 115.595 118.6 69.5
      vertex 115.595 118.6 94.5
    endloop
  endfacet
  facet normal 0.885934 -0.463812 2.98547e-20
    outer loop
      vertex 115.595 118.6 69.5
      vertex 115.506 118.43 94.5
      vertex 115.506 118.43 69.5
    endloop
  endfacet
  facet normal 0.536538 0.843876 -0
    outer loop
      vertex 116.4 115.595 69.5
      vertex 116.238 115.698 94.5
      vertex 116.4 115.595 94.5
    endloop
  endfacet
  facet normal 0.536538 0.843876 0
    outer loop
      vertex 116.238 115.698 94.5
      vertex 116.4 115.595 69.5
      vertex 116.238 115.698 69.5
    endloop
  endfacet
  facet normal -0.0416305 -0.999133 0
    outer loop
      vertex 117.5 119.7 69.5
      vertex 117.692 119.692 94.5
      vertex 117.5 119.7 94.5
    endloop
  endfacet
  facet normal -0.0416305 -0.999133 -0
    outer loop
      vertex 117.692 119.692 94.5
      vertex 117.5 119.7 69.5
      vertex 117.692 119.692 69.5
    endloop
  endfacet
  facet normal 0.843876 0.536538 -2.19487e-19
    outer loop
      vertex 115.698 116.238 94.5
      vertex 115.595 116.4 69.5
      vertex 115.595 116.4 94.5
    endloop
  endfacet
  facet normal 0.843876 0.536538 -2.19487e-19
    outer loop
      vertex 115.595 116.4 69.5
      vertex 115.698 116.238 94.5
      vertex 115.698 116.238 69.5
    endloop
  endfacet
  facet normal -0.130514 -0.991446 0
    outer loop
      vertex 9.95811 5.09115 73.5
      vertex 10.4771 5.02283 94.5
      vertex 9.95811 5.09115 94.5
    endloop
  endfacet
  facet normal -0.130514 -0.991446 -0
    outer loop
      vertex 10.4771 5.02283 94.5
      vertex 9.95811 5.09115 73.5
      vertex 10.4771 5.02283 73.5
    endloop
  endfacet
  facet normal 0.793545 0.608512 -4.52465e-20
    outer loop
      vertex 123.915 122.441 94.5
      vertex 123.596 122.857 77.5
      vertex 123.596 122.857 94.5
    endloop
  endfacet
  facet normal 0.793545 0.608512 -4.52465e-20
    outer loop
      vertex 123.596 122.857 77.5
      vertex 123.915 122.441 94.5
      vertex 123.915 122.441 77.5
    endloop
  endfacet
  facet normal 0.184289 0.982872 -9.48726e-21
    outer loop
      vertex 120.537 124.799 77.5
      vertex 120.553 124.796 94.5
      vertex 120.553 124.796 77.5
    endloop
  endfacet
  facet normal 0.215919 0.976411 -3.09098e-05
    outer loop
      vertex 120.553 124.796 94.5
      vertex 120.537 124.799 77.5
      vertex 120.042 124.909 94.5
    endloop
  endfacet
  facet normal 0.21693 0.976187 7.88208e-19
    outer loop
      vertex 120.042 124.909 73.5
      vertex 120.537 124.799 77.5
      vertex 120.537 124.799 73.5
    endloop
  endfacet
  facet normal 0.21693 0.976187 1.50135e-19
    outer loop
      vertex 120.537 124.799 77.5
      vertex 120.042 124.909 73.5
      vertex 120.042 124.909 94.5
    endloop
  endfacet
  facet normal 0.8436 -0.536972 1.24574e-19
    outer loop
      vertex 123.915 7.55854 94.5
      vertex 124.196 8 77.5
      vertex 124.196 8 94.5
    endloop
  endfacet
  facet normal 0.8436 -0.536972 1.24574e-19
    outer loop
      vertex 124.196 8 77.5
      vertex 123.915 7.55854 94.5
      vertex 123.915 7.55854 77.5
    endloop
  endfacet
  facet normal 0.381902 0.924203 -0
    outer loop
      vertex 121.536 124.438 77.5
      vertex 121.052 124.638 94.5
      vertex 121.536 124.438 94.5
    endloop
  endfacet
  facet normal 0.381902 0.924203 0
    outer loop
      vertex 121.052 124.638 94.5
      vertex 121.536 124.438 77.5
      vertex 121.052 124.638 77.5
    endloop
  endfacet
  facet normal -0.382179 0.924089 0
    outer loop
      vertex 8.94788 124.638 77.5
      vertex 8.46429 124.438 94.5
      vertex 8.94788 124.638 94.5
    endloop
  endfacet
  facet normal -0.382179 0.924089 0
    outer loop
      vertex 8.46429 124.438 94.5
      vertex 8.94788 124.638 77.5
      vertex 8.46429 124.438 77.5
    endloop
  endfacet
  facet normal 0.999034 -0.043943 1.09957e-20
    outer loop
      vertex 124.977 10.4771 94.5
      vertex 125 11 73.5
      vertex 125 11 94.5
    endloop
  endfacet
  facet normal 0.999034 -0.043943 1.09957e-20
    outer loop
      vertex 125 11 73.5
      vertex 124.977 10.4771 94.5
      vertex 124.977 10.4771 73.5
    endloop
  endfacet
  facet normal -0.991446 -0.130514 -2.38656e-19
    outer loop
      vertex 5.09115 9.95811 73.5
      vertex 5.02283 10.4771 94.5
      vertex 5.02283 10.4771 73.5
    endloop
  endfacet
  facet normal -0.991446 -0.130514 -2.38656e-19
    outer loop
      vertex 5.02283 10.4771 94.5
      vertex 5.09115 9.95811 73.5
      vertex 5.09115 9.95811 94.5
    endloop
  endfacet
  facet normal 0.886771 -0.462208 -3.25736e-19
    outer loop
      vertex 124.196 8 94.5
      vertex 124.438 8.46429 77.5
      vertex 124.438 8.46429 94.5
    endloop
  endfacet
  facet normal 0.886771 -0.462208 -3.25736e-19
    outer loop
      vertex 124.438 8.46429 77.5
      vertex 124.196 8 94.5
      vertex 124.196 8 77.5
    endloop
  endfacet
  facet normal 0.674858 0.737947 -0
    outer loop
      vertex 123.243 123.243 77.5
      vertex 122.857 123.596 94.5
      vertex 123.243 123.243 94.5
    endloop
  endfacet
  facet normal 0.674858 0.737947 0
    outer loop
      vertex 122.857 123.596 94.5
      vertex 123.243 123.243 77.5
      vertex 122.857 123.596 77.5
    endloop
  endfacet
  facet normal 0.737947 0.674858 1.34761e-18
    outer loop
      vertex 123.596 122.857 94.5
      vertex 123.243 123.243 77.5
      vertex 123.243 123.243 94.5
    endloop
  endfacet
  facet normal 0.737947 0.674858 1.34761e-18
    outer loop
      vertex 123.243 123.243 77.5
      vertex 123.596 122.857 94.5
      vertex 123.596 122.857 77.5
    endloop
  endfacet
  facet normal -0.609185 0.793028 0
    outer loop
      vertex 7.55854 123.915 77.5
      vertex 7.14327 123.596 94.5
      vertex 7.55854 123.915 94.5
    endloop
  endfacet
  facet normal -0.609185 0.793028 0
    outer loop
      vertex 7.14327 123.596 94.5
      vertex 7.55854 123.915 77.5
      vertex 7.14327 123.596 77.5
    endloop
  endfacet
  facet normal 1 -0 0
    outer loop
      vertex 125 11 94.5
      vertex 125 119 73.5
      vertex 125 119 94.5
    endloop
  endfacet
  facet normal 1 0 0
    outer loop
      vertex 125 119 73.5
      vertex 125 11 94.5
      vertex 125 11 73.5
    endloop
  endfacet
  facet normal 0 1 -0
    outer loop
      vertex 119 125 73.5
      vertex 11 125 94.5
      vertex 119 125 94.5
    endloop
  endfacet
  facet normal 0 1 0
    outer loop
      vertex 11 125 94.5
      vertex 119 125 73.5
      vertex 11 125 73.5
    endloop
  endfacet
  facet normal 0.129911 0.991526 -0
    outer loop
      vertex 120.042 124.909 73.5
      vertex 119.523 124.977 94.5
      vertex 120.042 124.909 94.5
    endloop
  endfacet
  facet normal 0.129911 0.991526 0
    outer loop
      vertex 119.523 124.977 94.5
      vertex 120.042 124.909 73.5
      vertex 119.523 124.977 73.5
    endloop
  endfacet
  facet normal -1 0 0
    outer loop
      vertex 5 11 73.5
      vertex 5 119 94.5
      vertex 5 119 73.5
    endloop
  endfacet
  facet normal -1 -0 0
    outer loop
      vertex 5 119 94.5
      vertex 5 11 73.5
      vertex 5 11 94.5
    endloop
  endfacet
  facet normal 0.130512 -0.991447 0
    outer loop
      vertex 119.523 5.02283 73.5
      vertex 120.042 5.09115 94.5
      vertex 119.523 5.02283 94.5
    endloop
  endfacet
  facet normal 0.130512 -0.991447 0
    outer loop
      vertex 120.042 5.09115 94.5
      vertex 119.523 5.02283 73.5
      vertex 120.042 5.09115 73.5
    endloop
  endfacet
  facet normal 0.462435 0.886653 -0
    outer loop
      vertex 122 124.196 77.5
      vertex 121.536 124.438 94.5
      vertex 122 124.196 94.5
    endloop
  endfacet
  facet normal 0.462435 0.886653 0
    outer loop
      vertex 121.536 124.438 94.5
      vertex 122 124.196 77.5
      vertex 121.536 124.438 77.5
    endloop
  endfacet
  facet normal 0.953351 0.301863 4.27515e-19
    outer loop
      vertex 124.796 120.553 94.5
      vertex 124.638 121.052 77.5
      vertex 124.638 121.052 94.5
    endloop
  endfacet
  facet normal 0.953351 0.301863 4.27515e-19
    outer loop
      vertex 124.638 121.052 77.5
      vertex 124.796 120.553 94.5
      vertex 124.796 120.553 77.5
    endloop
  endfacet
  facet normal 0 0 1
    outer loop
      vertex 35.174 22.4041 94.5
      vertex 14.6916 12.6917 94.5
      vertex 14.7 12.5 94.5
    endloop
  endfacet
  facet normal 0 0 1
    outer loop
      vertex 16.136 47.215 94.5
      vertex 14.6666 12.882 94.5
      vertex 14.6916 12.6917 94.5
    endloop
  endfacet
  facet normal 0 0 1
    outer loop
      vertex 16.136 47.215 94.5
      vertex 14.625 13.0694 94.5
      vertex 14.6666 12.882 94.5
    endloop
  endfacet
  facet normal 0 0 1
    outer loop
      vertex 16.136 47.215 94.5
      vertex 14.5673 13.2524 94.5
      vertex 14.625 13.0694 94.5
    endloop
  endfacet
  facet normal 0 0 1
    outer loop
      vertex 16.136 47.215 94.5
      vertex 14.4939 13.4298 94.5
      vertex 14.5673 13.2524 94.5
    endloop
  endfacet
  facet normal 0 0 1
    outer loop
      vertex 16.136 47.215 94.5
      vertex 14.4053 13.6 94.5
      vertex 14.4939 13.4298 94.5
    endloop
  endfacet
  facet normal 0 0 1
    outer loop
      vertex 16.136 47.215 94.5
      vertex 14.3021 13.7619 94.5
      vertex 14.4053 13.6 94.5
    endloop
  endfacet
  facet normal 0 0 1
    outer loop
      vertex 16.136 47.215 94.5
      vertex 14.1853 13.9141 94.5
      vertex 14.3021 13.7619 94.5
    endloop
  endfacet
  facet normal 0 0 1
    outer loop
      vertex 16.136 47.215 94.5
      vertex 14.0556 14.0556 94.5
      vertex 14.1853 13.9141 94.5
    endloop
  endfacet
  facet normal 0 0 1
    outer loop
      vertex 16.136 47.215 94.5
      vertex 13.9141 14.1853 94.5
      vertex 14.0556 14.0556 94.5
    endloop
  endfacet
  facet normal 0 0 1
    outer loop
      vertex 5 11 94.5
      vertex 14.7719 51.5414 94.5
      vertex 13.79 55.9703 94.5
    endloop
  endfacet
  facet normal 0 0 1
    outer loop
      vertex 16.136 47.215 94.5
      vertex 13.7619 14.3021 94.5
      vertex 13.9141 14.1853 94.5
    endloop
  endfacet
  facet normal 0 0 1
    outer loop
      vertex 16.136 47.215 94.5
      vertex 13.6 14.4053 94.5
      vertex 13.7619 14.3021 94.5
    endloop
  endfacet
  facet normal 0 0 1
    outer loop
      vertex 16.136 47.215 94.5
      vertex 13.4298 14.4939 94.5
      vertex 13.6 14.4053 94.5
    endloop
  endfacet
  facet normal 0 0 1
    outer loop
      vertex 16.136 47.215 94.5
      vertex 13.2524 14.5673 94.5
      vertex 13.4298 14.4939 94.5
    endloop
  endfacet
  facet normal 0 0 1
    outer loop
      vertex 5 11 94.5
      vertex 13.79 55.9703 94.5
      vertex 13.1979 60.4679 94.5
    endloop
  endfacet
  facet normal 0 0 1
    outer loop
      vertex 16.136 47.215 94.5
      vertex 13.0694 14.625 94.5
      vertex 13.2524 14.5673 94.5
    endloop
  endfacet
  facet normal 0 0 1
    outer loop
      vertex 5 11 94.5
      vertex 13.1979 60.4679 94.5
      vertex 13 65 94.5
    endloop
  endfacet
  facet normal 0 0 1
    outer loop
      vertex 11.5702 115.506 94.5
      vertex 19.9667 91 94.5
      vertex 11.7476 115.433 94.5
    endloop
  endfacet
  facet normal 0 0 1
    outer loop
      vertex 16.136 47.215 94.5
      vertex 12.882 14.6666 94.5
      vertex 13.0694 14.625 94.5
    endloop
  endfacet
  facet normal 0 0 1
    outer loop
      vertex 11.4 115.595 94.5
      vertex 19.9667 91 94.5
      vertex 11.5702 115.506 94.5
    endloop
  endfacet
  facet normal 0 0 1
    outer loop
      vertex 16.136 47.215 94.5
      vertex 12.6917 14.6916 94.5
      vertex 12.882 14.6666 94.5
    endloop
  endfacet
  facet normal 0 0 1
    outer loop
      vertex 19.9667 91 94.5
      vertex 11.4 115.595 94.5
      vertex 17.872 86.9762 94.5
    endloop
  endfacet
  facet normal 0 0 1
    outer loop
      vertex 16.136 47.215 94.5
      vertex 12.5 14.7 94.5
      vertex 12.6917 14.6916 94.5
    endloop
  endfacet
  facet normal 0 0 1
    outer loop
      vertex 11.2381 115.698 94.5
      vertex 17.872 86.9762 94.5
      vertex 11.4 115.595 94.5
    endloop
  endfacet
  facet normal 0 0 1
    outer loop
      vertex 16.136 47.215 94.5
      vertex 12.3083 14.6916 94.5
      vertex 12.5 14.7 94.5
    endloop
  endfacet
  facet normal 0 0 1
    outer loop
      vertex 5 119 94.5
      vertex 17.872 86.9762 94.5
      vertex 11.2381 115.698 94.5
    endloop
  endfacet
  facet normal 0 0 1
    outer loop
      vertex 16.136 47.215 94.5
      vertex 12.118 14.6666 94.5
      vertex 12.3083 14.6916 94.5
    endloop
  endfacet
  facet normal 0 0 1
    outer loop
      vertex 17.872 86.9762 94.5
      vertex 5 119 94.5
      vertex 16.136 82.785 94.5
    endloop
  endfacet
  facet normal 0 0 1
    outer loop
      vertex 16.136 47.215 94.5
      vertex 11.9306 14.625 94.5
      vertex 12.118 14.6666 94.5
    endloop
  endfacet
  facet normal 0 0 1
    outer loop
      vertex 16.136 82.785 94.5
      vertex 5 119 94.5
      vertex 14.7719 78.4586 94.5
    endloop
  endfacet
  facet normal 0 0 1
    outer loop
      vertex 16.136 47.215 94.5
      vertex 11.7476 14.5673 94.5
      vertex 11.9306 14.625 94.5
    endloop
  endfacet
  facet normal 0 0 1
    outer loop
      vertex 14.7719 78.4586 94.5
      vertex 5 119 94.5
      vertex 13.79 74.0297 94.5
    endloop
  endfacet
  facet normal 0 0 1
    outer loop
      vertex 16.136 47.215 94.5
      vertex 11.5702 14.4939 94.5
      vertex 11.7476 14.5673 94.5
    endloop
  endfacet
  facet normal 0 0 1
    outer loop
      vertex 13.79 74.0297 94.5
      vertex 5 119 94.5
      vertex 13.1979 69.5321 94.5
    endloop
  endfacet
  facet normal 0 0 1
    outer loop
      vertex 16.136 47.215 94.5
      vertex 11.4 14.4053 94.5
      vertex 11.5702 14.4939 94.5
    endloop
  endfacet
  facet normal 0 0 1
    outer loop
      vertex 13.1979 69.5321 94.5
      vertex 5 119 94.5
      vertex 13 65 94.5
    endloop
  endfacet
  facet normal 0 0 1
    outer loop
      vertex 5 11 94.5
      vertex 13 65 94.5
      vertex 5 119 94.5
    endloop
  endfacet
  facet normal 0 0 1
    outer loop
      vertex 5 119 94.5
      vertex 11.2381 115.698 94.5
      vertex 11.0859 115.815 94.5
    endloop
  endfacet
  facet normal 0 0 1
    outer loop
      vertex 16.136 47.215 94.5
      vertex 5 11 94.5
      vertex 11.2381 14.3021 94.5
    endloop
  endfacet
  facet normal 0 0 1
    outer loop
      vertex 5 119 94.5
      vertex 11.0859 115.815 94.5
      vertex 10.9444 115.944 94.5
    endloop
  endfacet
  facet normal 0 0 1
    outer loop
      vertex 16.136 47.215 94.5
      vertex 11.2381 14.3021 94.5
      vertex 11.4 14.4053 94.5
    endloop
  endfacet
  facet normal 0 0 1
    outer loop
      vertex 5 119 94.5
      vertex 10.9444 115.944 94.5
      vertex 10.8147 116.086 94.5
    endloop
  endfacet
  facet normal 0 0 1
    outer loop
      vertex 11.2381 14.3021 94.5
      vertex 5 11 94.5
      vertex 11.0859 14.1853 94.5
    endloop
  endfacet
  facet normal 0 0 1
    outer loop
      vertex 5 119 94.5
      vertex 10.8147 116.086 94.5
      vertex 10.6979 116.238 94.5
    endloop
  endfacet
  facet normal 0 0 1
    outer loop
      vertex 11.0859 14.1853 94.5
      vertex 5 11 94.5
      vertex 10.9444 14.0556 94.5
    endloop
  endfacet
  facet normal 0 0 1
    outer loop
      vertex 5 119 94.5
      vertex 10.6979 116.238 94.5
      vertex 10.5947 116.4 94.5
    endloop
  endfacet
  facet normal 0 0 1
    outer loop
      vertex 10.9444 14.0556 94.5
      vertex 5 11 94.5
      vertex 10.8147 13.9141 94.5
    endloop
  endfacet
  facet normal 0 0 1
    outer loop
      vertex 5 119 94.5
      vertex 10.5947 116.4 94.5
      vertex 10.5061 116.57 94.5
    endloop
  endfacet
  facet normal 0 0 1
    outer loop
      vertex 10.8147 13.9141 94.5
      vertex 5 11 94.5
      vertex 10.6979 13.7619 94.5
    endloop
  endfacet
  facet normal 0 0 1
    outer loop
      vertex 5 119 94.5
      vertex 10.5061 116.57 94.5
      vertex 10.4327 116.748 94.5
    endloop
  endfacet
  facet normal 0 0 1
    outer loop
      vertex 10.6979 13.7619 94.5
      vertex 5 11 94.5
      vertex 10.5947 13.6 94.5
    endloop
  endfacet
  facet normal 0 0 1
    outer loop
      vertex 5 119 94.5
      vertex 10.4327 116.748 94.5
      vertex 10.375 116.931 94.5
    endloop
  endfacet
  facet normal 0 0 1
    outer loop
      vertex 10.5947 13.6 94.5
      vertex 5 11 94.5
      vertex 10.5061 13.4298 94.5
    endloop
  endfacet
  facet normal 0 0 1
    outer loop
      vertex 5 119 94.5
      vertex 10.375 116.931 94.5
      vertex 10.3334 117.118 94.5
    endloop
  endfacet
  facet normal 0 0 1
    outer loop
      vertex 10.5061 13.4298 94.5
      vertex 5 11 94.5
      vertex 10.4327 13.2524 94.5
    endloop
  endfacet
  facet normal 0 0 1
    outer loop
      vertex 5 119 94.5
      vertex 10.3334 117.118 94.5
      vertex 10.3084 117.308 94.5
    endloop
  endfacet
  facet normal 0 0 1
    outer loop
      vertex 10.4327 13.2524 94.5
      vertex 5 11 94.5
      vertex 10.375 13.0694 94.5
    endloop
  endfacet
  facet normal 0 0 1
    outer loop
      vertex 5 119 94.5
      vertex 10.3084 117.308 94.5
      vertex 10.3 117.5 94.5
    endloop
  endfacet
  facet normal 0 0 1
    outer loop
      vertex 10.375 13.0694 94.5
      vertex 5 11 94.5
      vertex 10.3334 12.882 94.5
    endloop
  endfacet
  facet normal -0 0 1
    outer loop
      vertex 14.3021 116.238 94.5
      vertex 28.2304 101.77 94.5
      vertex 14.4053 116.4 94.5
    endloop
  endfacet
  facet normal -0 0 1
    outer loop
      vertex 14.1853 116.086 94.5
      vertex 28.2304 101.77 94.5
      vertex 14.3021 116.238 94.5
    endloop
  endfacet
  facet normal -0 0 1
    outer loop
      vertex 14.0556 115.944 94.5
      vertex 28.2304 101.77 94.5
      vertex 14.1853 116.086 94.5
    endloop
  endfacet
  facet normal -0 0 1
    outer loop
      vertex 13.9141 115.815 94.5
      vertex 28.2304 101.77 94.5
      vertex 14.0556 115.944 94.5
    endloop
  endfacet
  facet normal -0 0 1
    outer loop
      vertex 13.7619 115.698 94.5
      vertex 28.2304 101.77 94.5
      vertex 13.9141 115.815 94.5
    endloop
  endfacet
  facet normal 0 0 1
    outer loop
      vertex 28.2304 101.77 94.5
      vertex 13.7619 115.698 94.5
      vertex 25.1657 98.425 94.5
    endloop
  endfacet
  facet normal -0 0 1
    outer loop
      vertex 13.6 115.595 94.5
      vertex 25.1657 98.425 94.5
      vertex 13.7619 115.698 94.5
    endloop
  endfacet
  facet normal -0 0 1
    outer loop
      vertex 13.4298 115.506 94.5
      vertex 25.1657 98.425 94.5
      vertex 13.6 115.595 94.5
    endloop
  endfacet
  facet normal -0 0 1
    outer loop
      vertex 13.2524 115.433 94.5
      vertex 25.1657 98.425 94.5
      vertex 13.4298 115.506 94.5
    endloop
  endfacet
  facet normal -0 0 1
    outer loop
      vertex 13.0694 115.375 94.5
      vertex 25.1657 98.425 94.5
      vertex 13.2524 115.433 94.5
    endloop
  endfacet
  facet normal -0 0 1
    outer loop
      vertex 12.882 115.333 94.5
      vertex 25.1657 98.425 94.5
      vertex 13.0694 115.375 94.5
    endloop
  endfacet
  facet normal 0 0 1
    outer loop
      vertex 25.1657 98.425 94.5
      vertex 12.882 115.333 94.5
      vertex 22.4041 94.826 94.5
    endloop
  endfacet
  facet normal -0 0 1
    outer loop
      vertex 12.6917 115.308 94.5
      vertex 22.4041 94.826 94.5
      vertex 12.882 115.333 94.5
    endloop
  endfacet
  facet normal -0 0 1
    outer loop
      vertex 12.5 115.3 94.5
      vertex 22.4041 94.826 94.5
      vertex 12.6917 115.308 94.5
    endloop
  endfacet
  facet normal 0 0 1
    outer loop
      vertex 12.3083 115.308 94.5
      vertex 22.4041 94.826 94.5
      vertex 12.5 115.3 94.5
    endloop
  endfacet
  facet normal 0 0 1
    outer loop
      vertex 12.118 115.333 94.5
      vertex 22.4041 94.826 94.5
      vertex 12.3083 115.308 94.5
    endloop
  endfacet
  facet normal 0 0 1
    outer loop
      vertex 22.4041 94.826 94.5
      vertex 12.118 115.333 94.5
      vertex 19.9667 91 94.5
    endloop
  endfacet
  facet normal 0 0 1
    outer loop
      vertex 11.9306 115.375 94.5
      vertex 19.9667 91 94.5
      vertex 12.118 115.333 94.5
    endloop
  endfacet
  facet normal 0 0 1
    outer loop
      vertex 11.7476 115.433 94.5
      vertex 19.9667 91 94.5
      vertex 11.9306 115.375 94.5
    endloop
  endfacet
  facet normal 0 0 1
    outer loop
      vertex 119.625 116.931 94.5
      vertex 125 119 94.5
      vertex 119.667 117.118 94.5
    endloop
  endfacet
  facet normal 0 0 1
    outer loop
      vertex 125 11 94.5
      vertex 119.692 12.6917 94.5
      vertex 119.7 12.5 94.5
    endloop
  endfacet
  facet normal 0 0 1
    outer loop
      vertex 125 119 94.5
      vertex 117 65 94.5
      vertex 125 11 94.5
    endloop
  endfacet
  facet normal -0 0 1
    outer loop
      vertex 116.802 60.4679 94.5
      vertex 125 11 94.5
      vertex 117 65 94.5
    endloop
  endfacet
  facet normal 0 0 1
    outer loop
      vertex 119.567 116.748 94.5
      vertex 125 119 94.5
      vertex 119.625 116.931 94.5
    endloop
  endfacet
  facet normal 0 0 1
    outer loop
      vertex 125 11 94.5
      vertex 119.667 12.882 94.5
      vertex 119.692 12.6917 94.5
    endloop
  endfacet
  facet normal 0 0 1
    outer loop
      vertex 119.494 116.57 94.5
      vertex 125 119 94.5
      vertex 119.567 116.748 94.5
    endloop
  endfacet
  facet normal -0 0 1
    outer loop
      vertex 116.21 55.9703 94.5
      vertex 125 11 94.5
      vertex 116.802 60.4679 94.5
    endloop
  endfacet
  facet normal 0 0 1
    outer loop
      vertex 119.405 116.4 94.5
      vertex 125 119 94.5
      vertex 119.494 116.57 94.5
    endloop
  endfacet
  facet normal 0 0 1
    outer loop
      vertex 125 11 94.5
      vertex 119.625 13.0694 94.5
      vertex 119.667 12.882 94.5
    endloop
  endfacet
  facet normal 0 0 1
    outer loop
      vertex 119.302 116.238 94.5
      vertex 125 119 94.5
      vertex 119.405 116.4 94.5
    endloop
  endfacet
  facet normal -0 0 1
    outer loop
      vertex 115.228 51.5414 94.5
      vertex 125 11 94.5
      vertex 116.21 55.9703 94.5
    endloop
  endfacet
  facet normal 0 0 1
    outer loop
      vertex 119.185 116.086 94.5
      vertex 125 119 94.5
      vertex 119.302 116.238 94.5
    endloop
  endfacet
  facet normal 0 0 1
    outer loop
      vertex 125 11 94.5
      vertex 119.567 13.2524 94.5
      vertex 119.625 13.0694 94.5
    endloop
  endfacet
  facet normal 0 0 1
    outer loop
      vertex 119.056 115.944 94.5
      vertex 125 119 94.5
      vertex 119.185 116.086 94.5
    endloop
  endfacet
  facet normal 0 0 1
    outer loop
      vertex 125 11 94.5
      vertex 119.494 13.4298 94.5
      vertex 119.567 13.2524 94.5
    endloop
  endfacet
  facet normal 0 0 1
    outer loop
      vertex 118.914 115.815 94.5
      vertex 125 119 94.5
      vertex 119.056 115.944 94.5
    endloop
  endfacet
  facet normal -0 0 1
    outer loop
      vertex 113.864 47.215 94.5
      vertex 125 11 94.5
      vertex 115.228 51.5414 94.5
    endloop
  endfacet
  facet normal 0 0 1
    outer loop
      vertex 118.762 115.698 94.5
      vertex 125 119 94.5
      vertex 118.914 115.815 94.5
    endloop
  endfacet
  facet normal 0 0 1
    outer loop
      vertex 125 11 94.5
      vertex 119.405 13.6 94.5
      vertex 119.494 13.4298 94.5
    endloop
  endfacet
  facet normal 0 0 1
    outer loop
      vertex 125 119 94.5
      vertex 118.762 115.698 94.5
      vertex 112.128 86.9762 94.5
    endloop
  endfacet
  facet normal 0 0 1
    outer loop
      vertex 125 11 94.5
      vertex 119.302 13.7619 94.5
      vertex 119.405 13.6 94.5
    endloop
  endfacet
  facet normal 0 0 1
    outer loop
      vertex 112.128 86.9762 94.5
      vertex 118.762 115.698 94.5
      vertex 118.6 115.595 94.5
    endloop
  endfacet
  facet normal -0 0 1
    outer loop
      vertex 112.128 43.0238 94.5
      vertex 125 11 94.5
      vertex 113.864 47.215 94.5
    endloop
  endfacet
  facet normal 0 0 1
    outer loop
      vertex 110.033 91 94.5
      vertex 118.6 115.595 94.5
      vertex 118.43 115.506 94.5
    endloop
  endfacet
  facet normal 0 0 1
    outer loop
      vertex 125 11 94.5
      vertex 119.185 13.9141 94.5
      vertex 119.302 13.7619 94.5
    endloop
  endfacet
  facet normal 0 0 1
    outer loop
      vertex 110.033 91 94.5
      vertex 118.43 115.506 94.5
      vertex 118.252 115.433 94.5
    endloop
  endfacet
  facet normal 0 0 1
    outer loop
      vertex 125 11 94.5
      vertex 119.056 14.0556 94.5
      vertex 119.185 13.9141 94.5
    endloop
  endfacet
  facet normal 0 0 1
    outer loop
      vertex 110.033 91 94.5
      vertex 118.252 115.433 94.5
      vertex 118.069 115.375 94.5
    endloop
  endfacet
  facet normal -0 -0 1
    outer loop
      vertex 118.762 14.3021 94.5
      vertex 125 11 94.5
      vertex 112.128 43.0238 94.5
    endloop
  endfacet
  facet normal 0 0 1
    outer loop
      vertex 110.033 91 94.5
      vertex 118.069 115.375 94.5
      vertex 117.882 115.333 94.5
    endloop
  endfacet
  facet normal 0 0 1
    outer loop
      vertex 125 11 94.5
      vertex 118.914 14.1853 94.5
      vertex 119.056 14.0556 94.5
    endloop
  endfacet
  facet normal 0 0 1
    outer loop
      vertex 107.596 94.826 94.5
      vertex 117.882 115.333 94.5
      vertex 117.692 115.308 94.5
    endloop
  endfacet
  facet normal 0 0 1
    outer loop
      vertex 125 11 94.5
      vertex 118.762 14.3021 94.5
      vertex 118.914 14.1853 94.5
    endloop
  endfacet
  facet normal 0 0 1
    outer loop
      vertex 107.596 94.826 94.5
      vertex 117.692 115.308 94.5
      vertex 117.5 115.3 94.5
    endloop
  endfacet
  facet normal 0 0 1
    outer loop
      vertex 118.762 14.3021 94.5
      vertex 112.128 43.0238 94.5
      vertex 118.6 14.4053 94.5
    endloop
  endfacet
  facet normal 0 0 1
    outer loop
      vertex 107.596 94.826 94.5
      vertex 117.5 115.3 94.5
      vertex 117.308 115.308 94.5
    endloop
  endfacet
  facet normal -0 0 1
    outer loop
      vertex 110.033 39 94.5
      vertex 118.6 14.4053 94.5
      vertex 112.128 43.0238 94.5
    endloop
  endfacet
  facet normal 0 0 1
    outer loop
      vertex 107.596 94.826 94.5
      vertex 117.308 115.308 94.5
      vertex 117.118 115.333 94.5
    endloop
  endfacet
  facet normal 0 0 1
    outer loop
      vertex 118.6 14.4053 94.5
      vertex 110.033 39 94.5
      vertex 118.43 14.4939 94.5
    endloop
  endfacet
  facet normal 0 0 1
    outer loop
      vertex 118.43 14.4939 94.5
      vertex 110.033 39 94.5
      vertex 118.252 14.5673 94.5
    endloop
  endfacet
  facet normal 0 0 1
    outer loop
      vertex 104.834 98.425 94.5
      vertex 117.118 115.333 94.5
      vertex 116.931 115.375 94.5
    endloop
  endfacet
  facet normal 0 0 1
    outer loop
      vertex 125 119 94.5
      vertex 116.802 69.5321 94.5
      vertex 117 65 94.5
    endloop
  endfacet
  facet normal 0 0 1
    outer loop
      vertex 104.834 98.425 94.5
      vertex 116.931 115.375 94.5
      vertex 116.748 115.433 94.5
    endloop
  endfacet
  facet normal 0 0 1
    outer loop
      vertex 104.834 98.425 94.5
      vertex 116.748 115.433 94.5
      vertex 116.57 115.506 94.5
    endloop
  endfacet
  facet normal 0 0 1
    outer loop
      vertex 104.834 98.425 94.5
      vertex 116.57 115.506 94.5
      vertex 116.4 115.595 94.5
    endloop
  endfacet
  facet normal 0 0 1
    outer loop
      vertex 104.834 98.425 94.5
      vertex 116.4 115.595 94.5
      vertex 116.238 115.698 94.5
    endloop
  endfacet
  facet normal 0 0 1
    outer loop
      vertex 125 119 94.5
      vertex 116.21 74.0297 94.5
      vertex 116.802 69.5321 94.5
    endloop
  endfacet
  facet normal 0 0 1
    outer loop
      vertex 101.77 101.77 94.5
      vertex 116.238 115.698 94.5
      vertex 116.086 115.815 94.5
    endloop
  endfacet
  facet normal 0 0 1
    outer loop
      vertex 101.77 101.77 94.5
      vertex 116.086 115.815 94.5
      vertex 115.944 115.944 94.5
    endloop
  endfacet
  facet normal 0 0 1
    outer loop
      vertex 101.77 101.77 94.5
      vertex 115.944 115.944 94.5
      vertex 115.815 116.086 94.5
    endloop
  endfacet
  facet normal 0 0 1
    outer loop
      vertex 101.77 101.77 94.5
      vertex 115.815 116.086 94.5
      vertex 115.698 116.238 94.5
    endloop
  endfacet
  facet normal 0 0 1
    outer loop
      vertex 101.77 101.77 94.5
      vertex 115.698 116.238 94.5
      vertex 115.595 116.4 94.5
    endloop
  endfacet
  facet normal 0 0 1
    outer loop
      vertex 98.425 104.834 94.5
      vertex 115.595 116.4 94.5
      vertex 115.506 116.57 94.5
    endloop
  endfacet
  facet normal 0 0 1
    outer loop
      vertex 98.425 104.834 94.5
      vertex 115.506 116.57 94.5
      vertex 115.433 116.748 94.5
    endloop
  endfacet
  facet normal 0 0 1
    outer loop
      vertex 98.425 104.834 94.5
      vertex 115.433 116.748 94.5
      vertex 115.375 116.931 94.5
    endloop
  endfacet
  facet normal 0 0 1
    outer loop
      vertex 98.425 104.834 94.5
      vertex 115.375 116.931 94.5
      vertex 115.333 117.118 94.5
    endloop
  endfacet
  facet normal 0 0 1
    outer loop
      vertex 94.826 107.596 94.5
      vertex 115.333 117.118 94.5
      vertex 115.308 117.308 94.5
    endloop
  endfacet
  facet normal 0 0 1
    outer loop
      vertex 94.826 107.596 94.5
      vertex 115.308 117.308 94.5
      vertex 115.3 117.5 94.5
    endloop
  endfacet
  facet normal 0 0 1
    outer loop
      vertex 125 119 94.5
      vertex 115.228 78.4586 94.5
      vertex 116.21 74.0297 94.5
    endloop
  endfacet
  facet normal 0 0 1
    outer loop
      vertex 119.567 118.252 94.5
      vertex 125 119 94.5
      vertex 124.977 119.523 94.5
    endloop
  endfacet
  facet normal 0 0 1
    outer loop
      vertex 119.692 117.308 94.5
      vertex 125 119 94.5
      vertex 119.7 117.5 94.5
    endloop
  endfacet
  facet normal 0 0 1
    outer loop
      vertex 119.567 118.252 94.5
      vertex 124.977 119.523 94.5
      vertex 124.909 120.042 94.5
    endloop
  endfacet
  facet normal 0 0 1
    outer loop
      vertex 119.667 117.118 94.5
      vertex 125 119 94.5
      vertex 119.692 117.308 94.5
    endloop
  endfacet
  facet normal 0 0 1
    outer loop
      vertex 119.494 118.43 94.5
      vertex 124.909 120.042 94.5
      vertex 124.796 120.553 94.5
    endloop
  endfacet
  facet normal -0 0 1
    outer loop
      vertex 119.692 12.3083 94.5
      vertex 125 11 94.5
      vertex 119.7 12.5 94.5
    endloop
  endfacet
  facet normal 0 0 1
    outer loop
      vertex 119.405 118.6 94.5
      vertex 124.796 120.553 94.5
      vertex 124.638 121.052 94.5
    endloop
  endfacet
  facet normal -0 0 1
    outer loop
      vertex 119.667 12.118 94.5
      vertex 125 11 94.5
      vertex 119.692 12.3083 94.5
    endloop
  endfacet
  facet normal 0 0 1
    outer loop
      vertex 119.405 118.6 94.5
      vertex 124.638 121.052 94.5
      vertex 124.438 121.536 94.5
    endloop
  endfacet
  facet normal -0 0 1
    outer loop
      vertex 119.625 11.9306 94.5
      vertex 125 11 94.5
      vertex 119.667 12.118 94.5
    endloop
  endfacet
  facet normal 0 0 1
    outer loop
      vertex 119.302 118.762 94.5
      vertex 124.438 121.536 94.5
      vertex 124.196 122 94.5
    endloop
  endfacet
  facet normal -0 0 1
    outer loop
      vertex 119.567 11.7476 94.5
      vertex 125 11 94.5
      vertex 119.625 11.9306 94.5
    endloop
  endfacet
  facet normal 0 0 1
    outer loop
      vertex 119.302 118.762 94.5
      vertex 124.196 122 94.5
      vertex 123.915 122.441 94.5
    endloop
  endfacet
  facet normal 0 0 1
    outer loop
      vertex 125 11 94.5
      vertex 119.567 11.7476 94.5
      vertex 124.977 10.4771 94.5
    endloop
  endfacet
  facet normal 0 0 1
    outer loop
      vertex 119.185 118.914 94.5
      vertex 123.915 122.441 94.5
      vertex 123.596 122.857 94.5
    endloop
  endfacet
  facet normal 0 0 1
    outer loop
      vertex 124.977 10.4771 94.5
      vertex 119.567 11.7476 94.5
      vertex 124.909 9.95811 94.5
    endloop
  endfacet
  facet normal 0 0 1
    outer loop
      vertex 119.056 119.056 94.5
      vertex 123.596 122.857 94.5
      vertex 123.243 123.243 94.5
    endloop
  endfacet
  facet normal -0 0 1
    outer loop
      vertex 119.494 11.5702 94.5
      vertex 124.909 9.95811 94.5
      vertex 119.567 11.7476 94.5
    endloop
  endfacet
  facet normal 0 0 1
    outer loop
      vertex 119.056 119.056 94.5
      vertex 123.243 123.243 94.5
      vertex 122.857 123.596 94.5
    endloop
  endfacet
  facet normal 0 0 1
    outer loop
      vertex 124.909 9.95811 94.5
      vertex 119.494 11.5702 94.5
      vertex 124.796 9.44709 94.5
    endloop
  endfacet
  facet normal 0 0 1
    outer loop
      vertex 118.914 119.185 94.5
      vertex 122.857 123.596 94.5
      vertex 122.441 123.915 94.5
    endloop
  endfacet
  facet normal -0 0 1
    outer loop
      vertex 119.405 11.4 94.5
      vertex 124.796 9.44709 94.5
      vertex 119.494 11.5702 94.5
    endloop
  endfacet
  facet normal 0 0 1
    outer loop
      vertex 118.914 119.185 94.5
      vertex 122.441 123.915 94.5
      vertex 122 124.196 94.5
    endloop
  endfacet
  facet normal 0 0 1
    outer loop
      vertex 124.796 9.44709 94.5
      vertex 119.405 11.4 94.5
      vertex 124.638 8.94788 94.5
    endloop
  endfacet
  facet normal 0 0 1
    outer loop
      vertex 118.762 119.302 94.5
      vertex 122 124.196 94.5
      vertex 121.536 124.438 94.5
    endloop
  endfacet
  facet normal 0 0 1
    outer loop
      vertex 124.638 8.94788 94.5
      vertex 119.405 11.4 94.5
      vertex 124.438 8.46429 94.5
    endloop
  endfacet
  facet normal 0 0 1
    outer loop
      vertex 118.6 119.405 94.5
      vertex 121.536 124.438 94.5
      vertex 121.052 124.638 94.5
    endloop
  endfacet
  facet normal -0 0 1
    outer loop
      vertex 119.302 11.2381 94.5
      vertex 124.438 8.46429 94.5
      vertex 119.405 11.4 94.5
    endloop
  endfacet
  facet normal 0 0 1
    outer loop
      vertex 118.6 119.405 94.5
      vertex 121.052 124.638 94.5
      vertex 120.553 124.796 94.5
    endloop
  endfacet
  facet normal 0 0 1
    outer loop
      vertex 124.438 8.46429 94.5
      vertex 119.302 11.2381 94.5
      vertex 124.196 8 94.5
    endloop
  endfacet
  facet normal 0 0 1
    outer loop
      vertex 118.43 119.494 94.5
      vertex 120.553 124.796 94.5
      vertex 120.042 124.909 94.5
    endloop
  endfacet
  facet normal 0 0 1
    outer loop
      vertex 124.196 8 94.5
      vertex 119.302 11.2381 94.5
      vertex 123.915 7.55854 94.5
    endloop
  endfacet
  facet normal -0 0 1
    outer loop
      vertex 119.185 11.0859 94.5
      vertex 123.915 7.55854 94.5
      vertex 119.302 11.2381 94.5
    endloop
  endfacet
  facet normal 0 0 1
    outer loop
      vertex 125 119 94.5
      vertex 119.692 117.692 94.5
      vertex 119.7 117.5 94.5
    endloop
  endfacet
  facet normal 0 0 1
    outer loop
      vertex 125 119 94.5
      vertex 119.667 117.882 94.5
      vertex 119.692 117.692 94.5
    endloop
  endfacet
  facet normal 0 0 1
    outer loop
      vertex 125 119 94.5
      vertex 119.625 118.069 94.5
      vertex 119.667 117.882 94.5
    endloop
  endfacet
  facet normal 0 0 1
    outer loop
      vertex 125 119 94.5
      vertex 119.567 118.252 94.5
      vertex 119.625 118.069 94.5
    endloop
  endfacet
  facet normal 0 0 1
    outer loop
      vertex 118.43 119.494 94.5
      vertex 120.042 124.909 94.5
      vertex 119.523 124.977 94.5
    endloop
  endfacet
  facet normal 0 0 1
    outer loop
      vertex 124.909 120.042 94.5
      vertex 119.494 118.43 94.5
      vertex 119.567 118.252 94.5
    endloop
  endfacet
  facet normal 0 0 1
    outer loop
      vertex 124.796 120.553 94.5
      vertex 119.405 118.6 94.5
      vertex 119.494 118.43 94.5
    endloop
  endfacet
  facet normal 0 0 1
    outer loop
      vertex 124.438 121.536 94.5
      vertex 119.302 118.762 94.5
      vertex 119.405 118.6 94.5
    endloop
  endfacet
  facet normal 0 0 1
    outer loop
      vertex 123.915 122.441 94.5
      vertex 119.185 118.914 94.5
      vertex 119.302 118.762 94.5
    endloop
  endfacet
  facet normal 0 0 1
    outer loop
      vertex 123.596 122.857 94.5
      vertex 119.056 119.056 94.5
      vertex 119.185 118.914 94.5
    endloop
  endfacet
  facet normal 0 0 1
    outer loop
      vertex 118.252 119.567 94.5
      vertex 119.523 124.977 94.5
      vertex 119 125 94.5
    endloop
  endfacet
  facet normal 0 0 1
    outer loop
      vertex 122.857 123.596 94.5
      vertex 118.914 119.185 94.5
      vertex 119.056 119.056 94.5
    endloop
  endfacet
  facet normal 0 0 1
    outer loop
      vertex 122 124.196 94.5
      vertex 118.762 119.302 94.5
      vertex 118.914 119.185 94.5
    endloop
  endfacet
  facet normal 0 0 1
    outer loop
      vertex 121.536 124.438 94.5
      vertex 118.6 119.405 94.5
      vertex 118.762 119.302 94.5
    endloop
  endfacet
  facet normal 0 0 1
    outer loop
      vertex 120.553 124.796 94.5
      vertex 118.43 119.494 94.5
      vertex 118.6 119.405 94.5
    endloop
  endfacet
  facet normal 0 0 1
    outer loop
      vertex 119.523 124.977 94.5
      vertex 118.252 119.567 94.5
      vertex 118.43 119.494 94.5
    endloop
  endfacet
  facet normal 0 0 1
    outer loop
      vertex 119 125 94.5
      vertex 118.069 119.625 94.5
      vertex 118.252 119.567 94.5
    endloop
  endfacet
  facet normal 0 0 1
    outer loop
      vertex 119 125 94.5
      vertex 117.882 119.667 94.5
      vertex 118.069 119.625 94.5
    endloop
  endfacet
  facet normal 0 0 1
    outer loop
      vertex 119 125 94.5
      vertex 117.692 119.692 94.5
      vertex 117.882 119.667 94.5
    endloop
  endfacet
  facet normal 0 0 1
    outer loop
      vertex 119 125 94.5
      vertex 117.5 119.7 94.5
      vertex 117.692 119.692 94.5
    endloop
  endfacet
  facet normal 0 0 1
    outer loop
      vertex 119 125 94.5
      vertex 117.308 119.692 94.5
      vertex 117.5 119.7 94.5
    endloop
  endfacet
  facet normal 0 0 1
    outer loop
      vertex 119 125 94.5
      vertex 117.118 119.667 94.5
      vertex 117.308 119.692 94.5
    endloop
  endfacet
  facet normal 0 0 1
    outer loop
      vertex 119 125 94.5
      vertex 116.931 119.625 94.5
      vertex 117.118 119.667 94.5
    endloop
  endfacet
  facet normal 0 0 1
    outer loop
      vertex 119 125 94.5
      vertex 116.748 119.567 94.5
      vertex 116.931 119.625 94.5
    endloop
  endfacet
  facet normal 0 0 1
    outer loop
      vertex 119 125 94.5
      vertex 116.57 119.494 94.5
      vertex 116.748 119.567 94.5
    endloop
  endfacet
  facet normal 0 0 1
    outer loop
      vertex 119 125 94.5
      vertex 116.4 119.405 94.5
      vertex 116.57 119.494 94.5
    endloop
  endfacet
  facet normal 0 0 1
    outer loop
      vertex 119 125 94.5
      vertex 116.238 119.302 94.5
      vertex 116.4 119.405 94.5
    endloop
  endfacet
  facet normal 0 0 1
    outer loop
      vertex 119 125 94.5
      vertex 116.086 119.185 94.5
      vertex 116.238 119.302 94.5
    endloop
  endfacet
  facet normal 0 0 1
    outer loop
      vertex 119 125 94.5
      vertex 115.944 119.056 94.5
      vertex 116.086 119.185 94.5
    endloop
  endfacet
  facet normal 0 0 1
    outer loop
      vertex 119 125 94.5
      vertex 115.815 118.914 94.5
      vertex 115.944 119.056 94.5
    endloop
  endfacet
  facet normal 0 0 1
    outer loop
      vertex 119 125 94.5
      vertex 115.698 118.762 94.5
      vertex 115.815 118.914 94.5
    endloop
  endfacet
  facet normal 0 0 1
    outer loop
      vertex 86.9762 112.128 94.5
      vertex 115.698 118.762 94.5
      vertex 119 125 94.5
    endloop
  endfacet
  facet normal 0 0 1
    outer loop
      vertex 125 119 94.5
      vertex 113.864 82.785 94.5
      vertex 115.228 78.4586 94.5
    endloop
  endfacet
  facet normal 0 0 1
    outer loop
      vertex 125 119 94.5
      vertex 112.128 86.9762 94.5
      vertex 113.864 82.785 94.5
    endloop
  endfacet
  facet normal 0 0 1
    outer loop
      vertex 94.826 107.596 94.5
      vertex 115.3 117.5 94.5
      vertex 115.308 117.692 94.5
    endloop
  endfacet
  facet normal 0 0 1
    outer loop
      vertex 118.6 115.595 94.5
      vertex 110.033 91 94.5
      vertex 112.128 86.9762 94.5
    endloop
  endfacet
  facet normal 0 0 1
    outer loop
      vertex 94.826 107.596 94.5
      vertex 115.308 117.692 94.5
      vertex 115.333 117.882 94.5
    endloop
  endfacet
  facet normal 0 0 1
    outer loop
      vertex 117.882 115.333 94.5
      vertex 107.596 94.826 94.5
      vertex 110.033 91 94.5
    endloop
  endfacet
  facet normal 0 0 1
    outer loop
      vertex 94.826 107.596 94.5
      vertex 115.333 117.882 94.5
      vertex 115.375 118.069 94.5
    endloop
  endfacet
  facet normal 0 0 1
    outer loop
      vertex 91 110.033 94.5
      vertex 115.375 118.069 94.5
      vertex 115.433 118.252 94.5
    endloop
  endfacet
  facet normal 0 0 1
    outer loop
      vertex 117.118 115.333 94.5
      vertex 104.834 98.425 94.5
      vertex 107.596 94.826 94.5
    endloop
  endfacet
  facet normal 0 0 1
    outer loop
      vertex 91 110.033 94.5
      vertex 115.433 118.252 94.5
      vertex 115.506 118.43 94.5
    endloop
  endfacet
  facet normal 0 0 1
    outer loop
      vertex 91 110.033 94.5
      vertex 115.506 118.43 94.5
      vertex 115.595 118.6 94.5
    endloop
  endfacet
  facet normal 0 0 1
    outer loop
      vertex 115.698 118.762 94.5
      vertex 86.9762 112.128 94.5
      vertex 115.595 118.6 94.5
    endloop
  endfacet
  facet normal 0 0 1
    outer loop
      vertex 116.238 115.698 94.5
      vertex 101.77 101.77 94.5
      vertex 104.834 98.425 94.5
    endloop
  endfacet
  facet normal 0 0 1
    outer loop
      vertex 115.595 116.4 94.5
      vertex 98.425 104.834 94.5
      vertex 101.77 101.77 94.5
    endloop
  endfacet
  facet normal 0 0 1
    outer loop
      vertex 115.333 117.118 94.5
      vertex 94.826 107.596 94.5
      vertex 98.425 104.834 94.5
    endloop
  endfacet
  facet normal 0 0 1
    outer loop
      vertex 115.375 118.069 94.5
      vertex 91 110.033 94.5
      vertex 94.826 107.596 94.5
    endloop
  endfacet
  facet normal 0 0 1
    outer loop
      vertex 115.595 118.6 94.5
      vertex 86.9762 112.128 94.5
      vertex 91 110.033 94.5
    endloop
  endfacet
  facet normal 0 0 1
    outer loop
      vertex 119 125 94.5
      vertex 82.785 113.864 94.5
      vertex 86.9762 112.128 94.5
    endloop
  endfacet
  facet normal 0 0 1
    outer loop
      vertex 119 125 94.5
      vertex 78.4586 115.228 94.5
      vertex 82.785 113.864 94.5
    endloop
  endfacet
  facet normal 0 0 1
    outer loop
      vertex 119 125 94.5
      vertex 74.0297 116.21 94.5
      vertex 78.4586 115.228 94.5
    endloop
  endfacet
  facet normal 0 0 1
    outer loop
      vertex 119 125 94.5
      vertex 69.5321 116.802 94.5
      vertex 74.0297 116.21 94.5
    endloop
  endfacet
  facet normal 0 0 1
    outer loop
      vertex 119 125 94.5
      vertex 65 117 94.5
      vertex 69.5321 116.802 94.5
    endloop
  endfacet
  facet normal -0 0 1
    outer loop
      vertex 11 125 94.5
      vertex 65 117 94.5
      vertex 119 125 94.5
    endloop
  endfacet
  facet normal 0 0 1
    outer loop
      vertex 65 117 94.5
      vertex 11 125 94.5
      vertex 60.4679 116.802 94.5
    endloop
  endfacet
  facet normal 0 0 1
    outer loop
      vertex 31.575 104.834 94.5
      vertex 14.4053 116.4 94.5
      vertex 28.2304 101.77 94.5
    endloop
  endfacet
  facet normal -0 0 1
    outer loop
      vertex 14.4053 116.4 94.5
      vertex 31.575 104.834 94.5
      vertex 14.4939 116.57 94.5
    endloop
  endfacet
  facet normal -0 0 1
    outer loop
      vertex 14.4939 116.57 94.5
      vertex 31.575 104.834 94.5
      vertex 14.5673 116.748 94.5
    endloop
  endfacet
  facet normal -0 0 1
    outer loop
      vertex 14.5673 116.748 94.5
      vertex 31.575 104.834 94.5
      vertex 14.625 116.931 94.5
    endloop
  endfacet
  facet normal -0 0 1
    outer loop
      vertex 14.625 116.931 94.5
      vertex 31.575 104.834 94.5
      vertex 14.6666 117.118 94.5
    endloop
  endfacet
  facet normal 0 0 1
    outer loop
      vertex 35.174 107.596 94.5
      vertex 14.6666 117.118 94.5
      vertex 31.575 104.834 94.5
    endloop
  endfacet
  facet normal -0 0 1
    outer loop
      vertex 14.6666 117.118 94.5
      vertex 35.174 107.596 94.5
      vertex 14.6916 117.308 94.5
    endloop
  endfacet
  facet normal -0 0 1
    outer loop
      vertex 14.6916 117.308 94.5
      vertex 35.174 107.596 94.5
      vertex 14.7 117.5 94.5
    endloop
  endfacet
  facet normal 0 0 1
    outer loop
      vertex 14.6666 117.882 94.5
      vertex 35.174 107.596 94.5
      vertex 39 110.033 94.5
    endloop
  endfacet
  facet normal 0 0 1
    outer loop
      vertex 14.4053 118.6 94.5
      vertex 39 110.033 94.5
      vertex 43.0238 112.128 94.5
    endloop
  endfacet
  facet normal 0 0 1
    outer loop
      vertex 11 125 94.5
      vertex 43.0238 112.128 94.5
      vertex 47.215 113.864 94.5
    endloop
  endfacet
  facet normal 0 0 1
    outer loop
      vertex 11 125 94.5
      vertex 47.215 113.864 94.5
      vertex 51.5414 115.228 94.5
    endloop
  endfacet
  facet normal 0 0 1
    outer loop
      vertex 11 125 94.5
      vertex 51.5414 115.228 94.5
      vertex 55.9703 116.21 94.5
    endloop
  endfacet
  facet normal 0 0 1
    outer loop
      vertex 60.4679 116.802 94.5
      vertex 11 125 94.5
      vertex 55.9703 116.21 94.5
    endloop
  endfacet
  facet normal 0 0 1
    outer loop
      vertex 35.174 107.596 94.5
      vertex 14.6916 117.692 94.5
      vertex 14.7 117.5 94.5
    endloop
  endfacet
  facet normal 0 0 1
    outer loop
      vertex 35.174 107.596 94.5
      vertex 14.6666 117.882 94.5
      vertex 14.6916 117.692 94.5
    endloop
  endfacet
  facet normal 0 0 1
    outer loop
      vertex 39 110.033 94.5
      vertex 14.625 118.069 94.5
      vertex 14.6666 117.882 94.5
    endloop
  endfacet
  facet normal 0 0 1
    outer loop
      vertex 39 110.033 94.5
      vertex 14.5673 118.252 94.5
      vertex 14.625 118.069 94.5
    endloop
  endfacet
  facet normal 0 0 1
    outer loop
      vertex 39 110.033 94.5
      vertex 14.4939 118.43 94.5
      vertex 14.5673 118.252 94.5
    endloop
  endfacet
  facet normal 0 0 1
    outer loop
      vertex 39 110.033 94.5
      vertex 14.4053 118.6 94.5
      vertex 14.4939 118.43 94.5
    endloop
  endfacet
  facet normal 0 0 1
    outer loop
      vertex 43.0238 112.128 94.5
      vertex 11 125 94.5
      vertex 14.3021 118.762 94.5
    endloop
  endfacet
  facet normal 0 0 1
    outer loop
      vertex 43.0238 112.128 94.5
      vertex 14.3021 118.762 94.5
      vertex 14.4053 118.6 94.5
    endloop
  endfacet
  facet normal 0 0 1
    outer loop
      vertex 14.3021 118.762 94.5
      vertex 11 125 94.5
      vertex 14.1853 118.914 94.5
    endloop
  endfacet
  facet normal 0 0 1
    outer loop
      vertex 14.1853 118.914 94.5
      vertex 11 125 94.5
      vertex 14.0556 119.056 94.5
    endloop
  endfacet
  facet normal 0 0 1
    outer loop
      vertex 14.0556 119.056 94.5
      vertex 11 125 94.5
      vertex 13.9141 119.185 94.5
    endloop
  endfacet
  facet normal 0 0 1
    outer loop
      vertex 13.9141 119.185 94.5
      vertex 11 125 94.5
      vertex 13.7619 119.302 94.5
    endloop
  endfacet
  facet normal 0 0 1
    outer loop
      vertex 13.7619 119.302 94.5
      vertex 11 125 94.5
      vertex 13.6 119.405 94.5
    endloop
  endfacet
  facet normal 0 0 1
    outer loop
      vertex 13.6 119.405 94.5
      vertex 11 125 94.5
      vertex 13.4298 119.494 94.5
    endloop
  endfacet
  facet normal 0 0 1
    outer loop
      vertex 13.4298 119.494 94.5
      vertex 11 125 94.5
      vertex 13.2524 119.567 94.5
    endloop
  endfacet
  facet normal 0 0 1
    outer loop
      vertex 13.2524 119.567 94.5
      vertex 11 125 94.5
      vertex 13.0694 119.625 94.5
    endloop
  endfacet
  facet normal 0 0 1
    outer loop
      vertex 13.0694 119.625 94.5
      vertex 11 125 94.5
      vertex 12.882 119.667 94.5
    endloop
  endfacet
  facet normal 0 0 1
    outer loop
      vertex 12.882 119.667 94.5
      vertex 11 125 94.5
      vertex 12.6917 119.692 94.5
    endloop
  endfacet
  facet normal 0 0 1
    outer loop
      vertex 12.6917 119.692 94.5
      vertex 11 125 94.5
      vertex 12.5 119.7 94.5
    endloop
  endfacet
  facet normal 0 0 1
    outer loop
      vertex 12.5 119.7 94.5
      vertex 11 125 94.5
      vertex 12.3083 119.692 94.5
    endloop
  endfacet
  facet normal 0 0 1
    outer loop
      vertex 11 125 94.5
      vertex 12.118 119.667 94.5
      vertex 12.3083 119.692 94.5
    endloop
  endfacet
  facet normal 0 0 1
    outer loop
      vertex 11 125 94.5
      vertex 11.9306 119.625 94.5
      vertex 12.118 119.667 94.5
    endloop
  endfacet
  facet normal 0 0 1
    outer loop
      vertex 11 125 94.5
      vertex 11.7476 119.567 94.5
      vertex 11.9306 119.625 94.5
    endloop
  endfacet
  facet normal -0 0 1
    outer loop
      vertex 10.4771 124.977 94.5
      vertex 11.7476 119.567 94.5
      vertex 11 125 94.5
    endloop
  endfacet
  facet normal 0 0 1
    outer loop
      vertex 11.7476 119.567 94.5
      vertex 10.4771 124.977 94.5
      vertex 11.5702 119.494 94.5
    endloop
  endfacet
  facet normal -0 0 1
    outer loop
      vertex 9.95811 124.909 94.5
      vertex 11.5702 119.494 94.5
      vertex 10.4771 124.977 94.5
    endloop
  endfacet
  facet normal -0 0 1
    outer loop
      vertex 9.44709 124.796 94.5
      vertex 11.5702 119.494 94.5
      vertex 9.95811 124.909 94.5
    endloop
  endfacet
  facet normal 0 0 1
    outer loop
      vertex 11.5702 119.494 94.5
      vertex 9.44709 124.796 94.5
      vertex 11.4 119.405 94.5
    endloop
  endfacet
  facet normal -0 0 1
    outer loop
      vertex 8.94788 124.638 94.5
      vertex 11.4 119.405 94.5
      vertex 9.44709 124.796 94.5
    endloop
  endfacet
  facet normal -0 0 1
    outer loop
      vertex 8.46429 124.438 94.5
      vertex 11.4 119.405 94.5
      vertex 8.94788 124.638 94.5
    endloop
  endfacet
  facet normal 0 0 1
    outer loop
      vertex 11.4 119.405 94.5
      vertex 8.46429 124.438 94.5
      vertex 11.2381 119.302 94.5
    endloop
  endfacet
  facet normal -0 0 1
    outer loop
      vertex 8 124.196 94.5
      vertex 11.2381 119.302 94.5
      vertex 8.46429 124.438 94.5
    endloop
  endfacet
  facet normal 0 0 1
    outer loop
      vertex 11.2381 119.302 94.5
      vertex 8 124.196 94.5
      vertex 11.0859 119.185 94.5
    endloop
  endfacet
  facet normal -0 0 1
    outer loop
      vertex 7.55854 123.915 94.5
      vertex 11.0859 119.185 94.5
      vertex 8 124.196 94.5
    endloop
  endfacet
  facet normal -0 0 1
    outer loop
      vertex 7.14327 123.596 94.5
      vertex 11.0859 119.185 94.5
      vertex 7.55854 123.915 94.5
    endloop
  endfacet
  facet normal 0 0 1
    outer loop
      vertex 11.0859 119.185 94.5
      vertex 7.14327 123.596 94.5
      vertex 10.9444 119.056 94.5
    endloop
  endfacet
  facet normal -0 0 1
    outer loop
      vertex 6.75736 123.243 94.5
      vertex 10.9444 119.056 94.5
      vertex 7.14327 123.596 94.5
    endloop
  endfacet
  facet normal -0 0 1
    outer loop
      vertex 6.40373 122.857 94.5
      vertex 10.9444 119.056 94.5
      vertex 6.75736 123.243 94.5
    endloop
  endfacet
  facet normal -0 0 1
    outer loop
      vertex 6.08509 122.441 94.5
      vertex 10.8147 118.914 94.5
      vertex 6.40373 122.857 94.5
    endloop
  endfacet
  facet normal 0 0 1
    outer loop
      vertex 10.9444 119.056 94.5
      vertex 6.40373 122.857 94.5
      vertex 10.8147 118.914 94.5
    endloop
  endfacet
  facet normal 0 0 1
    outer loop
      vertex 123.915 7.55854 94.5
      vertex 119.185 11.0859 94.5
      vertex 123.596 7.14327 94.5
    endloop
  endfacet
  facet normal -0 0 1
    outer loop
      vertex 119.056 10.9444 94.5
      vertex 123.596 7.14327 94.5
      vertex 119.185 11.0859 94.5
    endloop
  endfacet
  facet normal 0 0 1
    outer loop
      vertex 123.596 7.14327 94.5
      vertex 119.056 10.9444 94.5
      vertex 123.243 6.75736 94.5
    endloop
  endfacet
  facet normal 0 0 1
    outer loop
      vertex 123.243 6.75736 94.5
      vertex 119.056 10.9444 94.5
      vertex 122.857 6.40373 94.5
    endloop
  endfacet
  facet normal -0 0 1
    outer loop
      vertex 118.914 10.8147 94.5
      vertex 122.857 6.40373 94.5
      vertex 119.056 10.9444 94.5
    endloop
  endfacet
  facet normal 0 0 1
    outer loop
      vertex 122.857 6.40373 94.5
      vertex 118.914 10.8147 94.5
      vertex 122.441 6.08509 94.5
    endloop
  endfacet
  facet normal 0 0 1
    outer loop
      vertex 122.441 6.08509 94.5
      vertex 118.914 10.8147 94.5
      vertex 122 5.80385 94.5
    endloop
  endfacet
  facet normal -0 0 1
    outer loop
      vertex 118.762 10.6979 94.5
      vertex 122 5.80385 94.5
      vertex 118.914 10.8147 94.5
    endloop
  endfacet
  facet normal 0 0 1
    outer loop
      vertex 122 5.80385 94.5
      vertex 118.762 10.6979 94.5
      vertex 121.536 5.56215 94.5
    endloop
  endfacet
  facet normal -0 0 1
    outer loop
      vertex 118.6 10.5947 94.5
      vertex 121.536 5.56215 94.5
      vertex 118.762 10.6979 94.5
    endloop
  endfacet
  facet normal 0 0 1
    outer loop
      vertex 121.536 5.56215 94.5
      vertex 118.6 10.5947 94.5
      vertex 121.052 5.36184 94.5
    endloop
  endfacet
  facet normal 0 0 1
    outer loop
      vertex 121.052 5.36184 94.5
      vertex 118.6 10.5947 94.5
      vertex 120.553 5.20444 94.5
    endloop
  endfacet
  facet normal -0 0 1
    outer loop
      vertex 118.43 10.5061 94.5
      vertex 120.553 5.20444 94.5
      vertex 118.6 10.5947 94.5
    endloop
  endfacet
  facet normal 0 0 1
    outer loop
      vertex 120.553 5.20444 94.5
      vertex 118.43 10.5061 94.5
      vertex 120.042 5.09115 94.5
    endloop
  endfacet
  facet normal 0 0 1
    outer loop
      vertex 120.042 5.09115 94.5
      vertex 118.43 10.5061 94.5
      vertex 119.523 5.02283 94.5
    endloop
  endfacet
  facet normal -0 0 1
    outer loop
      vertex 118.252 10.4327 94.5
      vertex 119.523 5.02283 94.5
      vertex 118.43 10.5061 94.5
    endloop
  endfacet
  facet normal 0 0 1
    outer loop
      vertex 119.523 5.02283 94.5
      vertex 118.252 10.4327 94.5
      vertex 119 5 94.5
    endloop
  endfacet
  facet normal -0 0 1
    outer loop
      vertex 118.069 10.375 94.5
      vertex 119 5 94.5
      vertex 118.252 10.4327 94.5
    endloop
  endfacet
  facet normal -0 0 1
    outer loop
      vertex 117.882 10.3334 94.5
      vertex 119 5 94.5
      vertex 118.069 10.375 94.5
    endloop
  endfacet
  facet normal -0 0 1
    outer loop
      vertex 117.692 10.3084 94.5
      vertex 119 5 94.5
      vertex 117.882 10.3334 94.5
    endloop
  endfacet
  facet normal -0 0 1
    outer loop
      vertex 117.5 10.3 94.5
      vertex 119 5 94.5
      vertex 117.692 10.3084 94.5
    endloop
  endfacet
  facet normal 0 0 1
    outer loop
      vertex 117.308 10.3084 94.5
      vertex 119 5 94.5
      vertex 117.5 10.3 94.5
    endloop
  endfacet
  facet normal 0 0 1
    outer loop
      vertex 117.118 10.3334 94.5
      vertex 119 5 94.5
      vertex 117.308 10.3084 94.5
    endloop
  endfacet
  facet normal 0 0 1
    outer loop
      vertex 116.931 10.375 94.5
      vertex 119 5 94.5
      vertex 117.118 10.3334 94.5
    endloop
  endfacet
  facet normal 0 0 1
    outer loop
      vertex 116.748 10.4327 94.5
      vertex 119 5 94.5
      vertex 116.931 10.375 94.5
    endloop
  endfacet
  facet normal 0 0 1
    outer loop
      vertex 116.57 10.5061 94.5
      vertex 119 5 94.5
      vertex 116.748 10.4327 94.5
    endloop
  endfacet
  facet normal 0 0 1
    outer loop
      vertex 116.4 10.5947 94.5
      vertex 119 5 94.5
      vertex 116.57 10.5061 94.5
    endloop
  endfacet
  facet normal 0 0 1
    outer loop
      vertex 116.238 10.6979 94.5
      vertex 119 5 94.5
      vertex 116.4 10.5947 94.5
    endloop
  endfacet
  facet normal 0 0 1
    outer loop
      vertex 116.086 10.8147 94.5
      vertex 119 5 94.5
      vertex 116.238 10.6979 94.5
    endloop
  endfacet
  facet normal 0 0 1
    outer loop
      vertex 115.944 10.9444 94.5
      vertex 119 5 94.5
      vertex 116.086 10.8147 94.5
    endloop
  endfacet
  facet normal 0 0 1
    outer loop
      vertex 115.815 11.0859 94.5
      vertex 119 5 94.5
      vertex 115.944 10.9444 94.5
    endloop
  endfacet
  facet normal 0 0 1
    outer loop
      vertex 115.698 11.2381 94.5
      vertex 119 5 94.5
      vertex 115.815 11.0859 94.5
    endloop
  endfacet
  facet normal 0 0 1
    outer loop
      vertex 86.9762 17.872 94.5
      vertex 115.698 11.2381 94.5
      vertex 115.595 11.4 94.5
    endloop
  endfacet
  facet normal -0 0 1
    outer loop
      vertex 98.425 25.1657 94.5
      vertex 115.595 13.6 94.5
      vertex 101.77 28.2304 94.5
    endloop
  endfacet
  facet normal 0 0 1
    outer loop
      vertex 115.595 13.6 94.5
      vertex 98.425 25.1657 94.5
      vertex 115.506 13.4298 94.5
    endloop
  endfacet
  facet normal 0 0 1
    outer loop
      vertex 115.506 13.4298 94.5
      vertex 98.425 25.1657 94.5
      vertex 115.433 13.2524 94.5
    endloop
  endfacet
  facet normal 0 0 1
    outer loop
      vertex 115.433 13.2524 94.5
      vertex 98.425 25.1657 94.5
      vertex 115.375 13.0694 94.5
    endloop
  endfacet
  facet normal 0 0 1
    outer loop
      vertex 115.375 13.0694 94.5
      vertex 98.425 25.1657 94.5
      vertex 115.333 12.882 94.5
    endloop
  endfacet
  facet normal -0 0 1
    outer loop
      vertex 94.826 22.4041 94.5
      vertex 115.333 12.882 94.5
      vertex 98.425 25.1657 94.5
    endloop
  endfacet
  facet normal 0 0 1
    outer loop
      vertex 115.333 12.882 94.5
      vertex 94.826 22.4041 94.5
      vertex 115.308 12.6917 94.5
    endloop
  endfacet
  facet normal 0 0 1
    outer loop
      vertex 115.308 12.6917 94.5
      vertex 94.826 22.4041 94.5
      vertex 115.3 12.5 94.5
    endloop
  endfacet
  facet normal 0 0 1
    outer loop
      vertex 115.3 12.5 94.5
      vertex 94.826 22.4041 94.5
      vertex 115.308 12.3083 94.5
    endloop
  endfacet
  facet normal 0 0 1
    outer loop
      vertex 115.308 12.3083 94.5
      vertex 94.826 22.4041 94.5
      vertex 115.333 12.118 94.5
    endloop
  endfacet
  facet normal 0 0 1
    outer loop
      vertex 115.333 12.118 94.5
      vertex 94.826 22.4041 94.5
      vertex 115.375 11.9306 94.5
    endloop
  endfacet
  facet normal -0 0 1
    outer loop
      vertex 91 19.9667 94.5
      vertex 115.375 11.9306 94.5
      vertex 94.826 22.4041 94.5
    endloop
  endfacet
  facet normal 0 0 1
    outer loop
      vertex 115.375 11.9306 94.5
      vertex 91 19.9667 94.5
      vertex 115.433 11.7476 94.5
    endloop
  endfacet
  facet normal 0 0 1
    outer loop
      vertex 115.433 11.7476 94.5
      vertex 91 19.9667 94.5
      vertex 115.506 11.5702 94.5
    endloop
  endfacet
  facet normal 0 0 1
    outer loop
      vertex 115.506 11.5702 94.5
      vertex 91 19.9667 94.5
      vertex 115.595 11.4 94.5
    endloop
  endfacet
  facet normal -0 0 1
    outer loop
      vertex 86.9762 17.872 94.5
      vertex 115.595 11.4 94.5
      vertex 91 19.9667 94.5
    endloop
  endfacet
  facet normal 0 0 1
    outer loop
      vertex 115.698 11.2381 94.5
      vertex 86.9762 17.872 94.5
      vertex 119 5 94.5
    endloop
  endfacet
  facet normal -0 0 1
    outer loop
      vertex 82.785 16.136 94.5
      vertex 119 5 94.5
      vertex 86.9762 17.872 94.5
    endloop
  endfacet
  facet normal -0 0 1
    outer loop
      vertex 78.4586 14.7719 94.5
      vertex 119 5 94.5
      vertex 82.785 16.136 94.5
    endloop
  endfacet
  facet normal -0 0 1
    outer loop
      vertex 74.0297 13.79 94.5
      vertex 119 5 94.5
      vertex 78.4586 14.7719 94.5
    endloop
  endfacet
  facet normal -0 0 1
    outer loop
      vertex 69.5321 13.1979 94.5
      vertex 119 5 94.5
      vertex 74.0297 13.79 94.5
    endloop
  endfacet
  facet normal -0 0 1
    outer loop
      vertex 65 13 94.5
      vertex 119 5 94.5
      vertex 69.5321 13.1979 94.5
    endloop
  endfacet
  facet normal 0 0 1
    outer loop
      vertex 11 5 94.5
      vertex 65 13 94.5
      vertex 60.4679 13.1979 94.5
    endloop
  endfacet
  facet normal 0 0 1
    outer loop
      vertex 11 5 94.5
      vertex 60.4679 13.1979 94.5
      vertex 55.9703 13.79 94.5
    endloop
  endfacet
  facet normal 0 0 1
    outer loop
      vertex 5 11 94.5
      vertex 16.136 47.215 94.5
      vertex 14.7719 51.5414 94.5
    endloop
  endfacet
  facet normal 0 0 1
    outer loop
      vertex 14.6916 12.6917 94.5
      vertex 17.872 43.0238 94.5
      vertex 16.136 47.215 94.5
    endloop
  endfacet
  facet normal 0 0 1
    outer loop
      vertex 14.6916 12.6917 94.5
      vertex 19.9667 39 94.5
      vertex 17.872 43.0238 94.5
    endloop
  endfacet
  facet normal 0 0 1
    outer loop
      vertex 14.6916 12.6917 94.5
      vertex 22.4041 35.174 94.5
      vertex 19.9667 39 94.5
    endloop
  endfacet
  facet normal 0 0 1
    outer loop
      vertex 14.6916 12.6917 94.5
      vertex 25.1657 31.575 94.5
      vertex 22.4041 35.174 94.5
    endloop
  endfacet
  facet normal 0 0 1
    outer loop
      vertex 14.6916 12.6917 94.5
      vertex 28.2304 28.2304 94.5
      vertex 25.1657 31.575 94.5
    endloop
  endfacet
  facet normal 0 0 1
    outer loop
      vertex 14.6916 12.6917 94.5
      vertex 31.575 25.1657 94.5
      vertex 28.2304 28.2304 94.5
    endloop
  endfacet
  facet normal 0 0 1
    outer loop
      vertex 14.6916 12.6917 94.5
      vertex 35.174 22.4041 94.5
      vertex 31.575 25.1657 94.5
    endloop
  endfacet
  facet normal 0 0 1
    outer loop
      vertex 14.6916 12.3083 94.5
      vertex 35.174 22.4041 94.5
      vertex 14.7 12.5 94.5
    endloop
  endfacet
  facet normal 0 0 1
    outer loop
      vertex 14.6666 12.118 94.5
      vertex 35.174 22.4041 94.5
      vertex 14.6916 12.3083 94.5
    endloop
  endfacet
  facet normal 0 0 1
    outer loop
      vertex 35.174 22.4041 94.5
      vertex 14.6666 12.118 94.5
      vertex 39 19.9667 94.5
    endloop
  endfacet
  facet normal 0 0 1
    outer loop
      vertex 14.625 11.9306 94.5
      vertex 39 19.9667 94.5
      vertex 14.6666 12.118 94.5
    endloop
  endfacet
  facet normal 0 0 1
    outer loop
      vertex 14.5673 11.7476 94.5
      vertex 39 19.9667 94.5
      vertex 14.625 11.9306 94.5
    endloop
  endfacet
  facet normal 0 0 1
    outer loop
      vertex 14.4939 11.5702 94.5
      vertex 39 19.9667 94.5
      vertex 14.5673 11.7476 94.5
    endloop
  endfacet
  facet normal 0 0 1
    outer loop
      vertex 14.4053 11.4 94.5
      vertex 39 19.9667 94.5
      vertex 14.4939 11.5702 94.5
    endloop
  endfacet
  facet normal 0 0 1
    outer loop
      vertex 39 19.9667 94.5
      vertex 14.4053 11.4 94.5
      vertex 43.0238 17.872 94.5
    endloop
  endfacet
  facet normal 0 0 1
    outer loop
      vertex 14.3021 11.2381 94.5
      vertex 43.0238 17.872 94.5
      vertex 14.4053 11.4 94.5
    endloop
  endfacet
  facet normal 0 0 1
    outer loop
      vertex 11 5 94.5
      vertex 43.0238 17.872 94.5
      vertex 14.3021 11.2381 94.5
    endloop
  endfacet
  facet normal 0 0 1
    outer loop
      vertex 43.0238 17.872 94.5
      vertex 11 5 94.5
      vertex 47.215 16.136 94.5
    endloop
  endfacet
  facet normal 0 0 1
    outer loop
      vertex 47.215 16.136 94.5
      vertex 11 5 94.5
      vertex 51.5414 14.7719 94.5
    endloop
  endfacet
  facet normal 0 0 1
    outer loop
      vertex 51.5414 14.7719 94.5
      vertex 11 5 94.5
      vertex 55.9703 13.79 94.5
    endloop
  endfacet
  facet normal 0 0 1
    outer loop
      vertex 11 5 94.5
      vertex 14.3021 11.2381 94.5
      vertex 14.1853 11.0859 94.5
    endloop
  endfacet
  facet normal 0 0 1
    outer loop
      vertex 11 5 94.5
      vertex 14.1853 11.0859 94.5
      vertex 14.0556 10.9444 94.5
    endloop
  endfacet
  facet normal 0 0 1
    outer loop
      vertex 11 5 94.5
      vertex 14.0556 10.9444 94.5
      vertex 13.9141 10.8147 94.5
    endloop
  endfacet
  facet normal 0 0 1
    outer loop
      vertex 11 5 94.5
      vertex 13.9141 10.8147 94.5
      vertex 13.7619 10.6979 94.5
    endloop
  endfacet
  facet normal 0 0 1
    outer loop
      vertex 11 5 94.5
      vertex 13.7619 10.6979 94.5
      vertex 13.6 10.5947 94.5
    endloop
  endfacet
  facet normal 0 0 1
    outer loop
      vertex 11 5 94.5
      vertex 13.6 10.5947 94.5
      vertex 13.4298 10.5061 94.5
    endloop
  endfacet
  facet normal 0 0 1
    outer loop
      vertex 11 5 94.5
      vertex 13.4298 10.5061 94.5
      vertex 13.2524 10.4327 94.5
    endloop
  endfacet
  facet normal 0 0 1
    outer loop
      vertex 11 5 94.5
      vertex 13.2524 10.4327 94.5
      vertex 13.0694 10.375 94.5
    endloop
  endfacet
  facet normal 0 0 1
    outer loop
      vertex 11 5 94.5
      vertex 13.0694 10.375 94.5
      vertex 12.882 10.3334 94.5
    endloop
  endfacet
  facet normal 0 0 1
    outer loop
      vertex 11 5 94.5
      vertex 12.882 10.3334 94.5
      vertex 12.6917 10.3084 94.5
    endloop
  endfacet
  facet normal 0 0 1
    outer loop
      vertex 11 5 94.5
      vertex 12.6917 10.3084 94.5
      vertex 12.5 10.3 94.5
    endloop
  endfacet
  facet normal 0 0 1
    outer loop
      vertex 11 5 94.5
      vertex 12.5 10.3 94.5
      vertex 12.3083 10.3084 94.5
    endloop
  endfacet
  facet normal 0 0 1
    outer loop
      vertex 65 13 94.5
      vertex 11 5 94.5
      vertex 119 5 94.5
    endloop
  endfacet
  facet normal 0 0 1
    outer loop
      vertex 12.118 10.3334 94.5
      vertex 11 5 94.5
      vertex 12.3083 10.3084 94.5
    endloop
  endfacet
  facet normal 0 0 1
    outer loop
      vertex 11.9306 10.375 94.5
      vertex 11 5 94.5
      vertex 12.118 10.3334 94.5
    endloop
  endfacet
  facet normal 0 0 1
    outer loop
      vertex 11.7476 10.4327 94.5
      vertex 11 5 94.5
      vertex 11.9306 10.375 94.5
    endloop
  endfacet
  facet normal 0 0 1
    outer loop
      vertex 10.4771 5.02283 94.5
      vertex 11.7476 10.4327 94.5
      vertex 11.5702 10.5061 94.5
    endloop
  endfacet
  facet normal 0 0 1
    outer loop
      vertex 9.44709 5.20444 94.5
      vertex 11.5702 10.5061 94.5
      vertex 11.4 10.5947 94.5
    endloop
  endfacet
  facet normal 0 0 1
    outer loop
      vertex 8.46429 5.56215 94.5
      vertex 11.4 10.5947 94.5
      vertex 11.2381 10.6979 94.5
    endloop
  endfacet
  facet normal 0 0 1
    outer loop
      vertex 8 5.80385 94.5
      vertex 11.2381 10.6979 94.5
      vertex 11.0859 10.8147 94.5
    endloop
  endfacet
  facet normal 0 0 1
    outer loop
      vertex 7.14327 6.40373 94.5
      vertex 11.0859 10.8147 94.5
      vertex 10.9444 10.9444 94.5
    endloop
  endfacet
  facet normal 0 0 1
    outer loop
      vertex 6.40373 7.14327 94.5
      vertex 10.9444 10.9444 94.5
      vertex 10.8147 11.0859 94.5
    endloop
  endfacet
  facet normal 0 0 1
    outer loop
      vertex 6.08509 7.55854 94.5
      vertex 10.8147 11.0859 94.5
      vertex 10.6979 11.2381 94.5
    endloop
  endfacet
  facet normal 0 0 1
    outer loop
      vertex 5.56215 8.46429 94.5
      vertex 10.6979 11.2381 94.5
      vertex 10.5947 11.4 94.5
    endloop
  endfacet
  facet normal 0 0 1
    outer loop
      vertex 5.20444 9.44709 94.5
      vertex 10.5947 11.4 94.5
      vertex 10.5061 11.5702 94.5
    endloop
  endfacet
  facet normal 0 0 1
    outer loop
      vertex 11.7476 10.4327 94.5
      vertex 10.4771 5.02283 94.5
      vertex 11 5 94.5
    endloop
  endfacet
  facet normal 0 0 1
    outer loop
      vertex 5.09115 9.95811 94.5
      vertex 10.5061 11.5702 94.5
      vertex 10.4327 11.7476 94.5
    endloop
  endfacet
  facet normal 0 0 1
    outer loop
      vertex 5 11 94.5
      vertex 10.4327 11.7476 94.5
      vertex 10.375 11.9306 94.5
    endloop
  endfacet
  facet normal 0 0 1
    outer loop
      vertex 5 11 94.5
      vertex 10.375 11.9306 94.5
      vertex 10.3334 12.118 94.5
    endloop
  endfacet
  facet normal 0 0 1
    outer loop
      vertex 5 11 94.5
      vertex 10.3334 12.118 94.5
      vertex 10.3084 12.3083 94.5
    endloop
  endfacet
  facet normal 0 0 1
    outer loop
      vertex 5 11 94.5
      vertex 10.3084 12.3083 94.5
      vertex 10.3 12.5 94.5
    endloop
  endfacet
  facet normal 0 0 1
    outer loop
      vertex 11.5702 10.5061 94.5
      vertex 9.95811 5.09115 94.5
      vertex 10.4771 5.02283 94.5
    endloop
  endfacet
  facet normal 0 0 1
    outer loop
      vertex 10.3334 12.882 94.5
      vertex 5 11 94.5
      vertex 10.3084 12.6917 94.5
    endloop
  endfacet
  facet normal 0 0 1
    outer loop
      vertex 10.8147 118.914 94.5
      vertex 6.08509 122.441 94.5
      vertex 10.6979 118.762 94.5
    endloop
  endfacet
  facet normal 0 0 1
    outer loop
      vertex 10.3084 12.6917 94.5
      vertex 5 11 94.5
      vertex 10.3 12.5 94.5
    endloop
  endfacet
  facet normal -0 0 1
    outer loop
      vertex 5.80385 122 94.5
      vertex 10.6979 118.762 94.5
      vertex 6.08509 122.441 94.5
    endloop
  endfacet
  facet normal 0 0 1
    outer loop
      vertex 10.4327 11.7476 94.5
      vertex 5 11 94.5
      vertex 5.02283 10.4771 94.5
    endloop
  endfacet
  facet normal -0 0 1
    outer loop
      vertex 5.56215 121.536 94.5
      vertex 10.6979 118.762 94.5
      vertex 5.80385 122 94.5
    endloop
  endfacet
  facet normal 0 0 1
    outer loop
      vertex 11.5702 10.5061 94.5
      vertex 9.44709 5.20444 94.5
      vertex 9.95811 5.09115 94.5
    endloop
  endfacet
  facet normal 0 0 1
    outer loop
      vertex 10.6979 118.762 94.5
      vertex 5.56215 121.536 94.5
      vertex 10.5947 118.6 94.5
    endloop
  endfacet
  facet normal 0 0 1
    outer loop
      vertex 11.4 10.5947 94.5
      vertex 8.94788 5.36184 94.5
      vertex 9.44709 5.20444 94.5
    endloop
  endfacet
  facet normal -0 0 1
    outer loop
      vertex 5.36184 121.052 94.5
      vertex 10.5947 118.6 94.5
      vertex 5.56215 121.536 94.5
    endloop
  endfacet
  facet normal 0 0 1
    outer loop
      vertex 11.4 10.5947 94.5
      vertex 8.46429 5.56215 94.5
      vertex 8.94788 5.36184 94.5
    endloop
  endfacet
  facet normal -0 0 1
    outer loop
      vertex 5.20444 120.553 94.5
      vertex 10.5947 118.6 94.5
      vertex 5.36184 121.052 94.5
    endloop
  endfacet
  facet normal 0 0 1
    outer loop
      vertex 11.2381 10.6979 94.5
      vertex 8 5.80385 94.5
      vertex 8.46429 5.56215 94.5
    endloop
  endfacet
  facet normal 0 0 1
    outer loop
      vertex 10.5947 118.6 94.5
      vertex 5.20444 120.553 94.5
      vertex 10.5061 118.43 94.5
    endloop
  endfacet
  facet normal 0 0 1
    outer loop
      vertex 11.0859 10.8147 94.5
      vertex 7.55854 6.08509 94.5
      vertex 8 5.80385 94.5
    endloop
  endfacet
  facet normal -0 0 1
    outer loop
      vertex 5.09115 120.042 94.5
      vertex 10.5061 118.43 94.5
      vertex 5.20444 120.553 94.5
    endloop
  endfacet
  facet normal 0 0 1
    outer loop
      vertex 11.0859 10.8147 94.5
      vertex 7.14327 6.40373 94.5
      vertex 7.55854 6.08509 94.5
    endloop
  endfacet
  facet normal 0 0 1
    outer loop
      vertex 10.5061 118.43 94.5
      vertex 5.09115 120.042 94.5
      vertex 10.4327 118.252 94.5
    endloop
  endfacet
  facet normal 0 0 1
    outer loop
      vertex 10.9444 10.9444 94.5
      vertex 6.75736 6.75736 94.5
      vertex 7.14327 6.40373 94.5
    endloop
  endfacet
  facet normal -0 0 1
    outer loop
      vertex 5.02283 119.523 94.5
      vertex 10.4327 118.252 94.5
      vertex 5.09115 120.042 94.5
    endloop
  endfacet
  facet normal 0 0 1
    outer loop
      vertex 10.9444 10.9444 94.5
      vertex 6.40373 7.14327 94.5
      vertex 6.75736 6.75736 94.5
    endloop
  endfacet
  facet normal -0 0 1
    outer loop
      vertex 5 119 94.5
      vertex 10.4327 118.252 94.5
      vertex 5.02283 119.523 94.5
    endloop
  endfacet
  facet normal 0 0 1
    outer loop
      vertex 10.8147 11.0859 94.5
      vertex 6.08509 7.55854 94.5
      vertex 6.40373 7.14327 94.5
    endloop
  endfacet
  facet normal 0 0 1
    outer loop
      vertex 10.4327 118.252 94.5
      vertex 5 119 94.5
      vertex 10.375 118.069 94.5
    endloop
  endfacet
  facet normal 0 0 1
    outer loop
      vertex 10.6979 11.2381 94.5
      vertex 5.80385 8 94.5
      vertex 6.08509 7.55854 94.5
    endloop
  endfacet
  facet normal 0 0 1
    outer loop
      vertex 10.375 118.069 94.5
      vertex 5 119 94.5
      vertex 10.3334 117.882 94.5
    endloop
  endfacet
  facet normal 0 0 1
    outer loop
      vertex 10.6979 11.2381 94.5
      vertex 5.56215 8.46429 94.5
      vertex 5.80385 8 94.5
    endloop
  endfacet
  facet normal 0 0 1
    outer loop
      vertex 10.3334 117.882 94.5
      vertex 5 119 94.5
      vertex 10.3084 117.692 94.5
    endloop
  endfacet
  facet normal 0 0 1
    outer loop
      vertex 10.5947 11.4 94.5
      vertex 5.36184 8.94788 94.5
      vertex 5.56215 8.46429 94.5
    endloop
  endfacet
  facet normal 0 0 1
    outer loop
      vertex 10.3084 117.692 94.5
      vertex 5 119 94.5
      vertex 10.3 117.5 94.5
    endloop
  endfacet
  facet normal 0 0 1
    outer loop
      vertex 10.5947 11.4 94.5
      vertex 5.20444 9.44709 94.5
      vertex 5.36184 8.94788 94.5
    endloop
  endfacet
  facet normal 0 0 1
    outer loop
      vertex 10.5061 11.5702 94.5
      vertex 5.09115 9.95811 94.5
      vertex 5.20444 9.44709 94.5
    endloop
  endfacet
  facet normal 0 0 1
    outer loop
      vertex 10.4327 11.7476 94.5
      vertex 5.02283 10.4771 94.5
      vertex 5.09115 9.95811 94.5
    endloop
  endfacet
  facet normal 0 0 1
    outer loop
      vertex 118.252 14.5673 94.5
      vertex 110.033 39 94.5
      vertex 118.069 14.625 94.5
    endloop
  endfacet
  facet normal 0 0 1
    outer loop
      vertex 118.069 14.625 94.5
      vertex 110.033 39 94.5
      vertex 117.882 14.6666 94.5
    endloop
  endfacet
  facet normal -0 0 1
    outer loop
      vertex 107.596 35.174 94.5
      vertex 117.882 14.6666 94.5
      vertex 110.033 39 94.5
    endloop
  endfacet
  facet normal 0 0 1
    outer loop
      vertex 117.882 14.6666 94.5
      vertex 107.596 35.174 94.5
      vertex 117.692 14.6916 94.5
    endloop
  endfacet
  facet normal 0 0 1
    outer loop
      vertex 117.692 14.6916 94.5
      vertex 107.596 35.174 94.5
      vertex 117.5 14.7 94.5
    endloop
  endfacet
  facet normal 0 0 1
    outer loop
      vertex 117.5 14.7 94.5
      vertex 107.596 35.174 94.5
      vertex 117.308 14.6916 94.5
    endloop
  endfacet
  facet normal 0 0 1
    outer loop
      vertex 117.308 14.6916 94.5
      vertex 107.596 35.174 94.5
      vertex 117.118 14.6666 94.5
    endloop
  endfacet
  facet normal -0 0 1
    outer loop
      vertex 104.834 31.575 94.5
      vertex 117.118 14.6666 94.5
      vertex 107.596 35.174 94.5
    endloop
  endfacet
  facet normal 0 0 1
    outer loop
      vertex 117.118 14.6666 94.5
      vertex 104.834 31.575 94.5
      vertex 116.931 14.625 94.5
    endloop
  endfacet
  facet normal 0 0 1
    outer loop
      vertex 116.931 14.625 94.5
      vertex 104.834 31.575 94.5
      vertex 116.748 14.5673 94.5
    endloop
  endfacet
  facet normal 0 0 1
    outer loop
      vertex 116.748 14.5673 94.5
      vertex 104.834 31.575 94.5
      vertex 116.57 14.4939 94.5
    endloop
  endfacet
  facet normal 0 0 1
    outer loop
      vertex 116.57 14.4939 94.5
      vertex 104.834 31.575 94.5
      vertex 116.4 14.4053 94.5
    endloop
  endfacet
  facet normal 0 0 1
    outer loop
      vertex 116.4 14.4053 94.5
      vertex 104.834 31.575 94.5
      vertex 116.238 14.3021 94.5
    endloop
  endfacet
  facet normal -0 0 1
    outer loop
      vertex 101.77 28.2304 94.5
      vertex 116.238 14.3021 94.5
      vertex 104.834 31.575 94.5
    endloop
  endfacet
  facet normal 0 0 1
    outer loop
      vertex 116.238 14.3021 94.5
      vertex 101.77 28.2304 94.5
      vertex 116.086 14.1853 94.5
    endloop
  endfacet
  facet normal 0 0 1
    outer loop
      vertex 116.086 14.1853 94.5
      vertex 101.77 28.2304 94.5
      vertex 115.944 14.0556 94.5
    endloop
  endfacet
  facet normal 0 0 1
    outer loop
      vertex 115.944 14.0556 94.5
      vertex 101.77 28.2304 94.5
      vertex 115.815 13.9141 94.5
    endloop
  endfacet
  facet normal 0 0 1
    outer loop
      vertex 115.815 13.9141 94.5
      vertex 101.77 28.2304 94.5
      vertex 115.698 13.7619 94.5
    endloop
  endfacet
  facet normal 0 0 1
    outer loop
      vertex 115.698 13.7619 94.5
      vertex 101.77 28.2304 94.5
      vertex 115.595 13.6 94.5
    endloop
  endfacet
  facet normal -0.536972 0.8436 0
    outer loop
      vertex 8 124.196 77.5
      vertex 7.55854 123.915 94.5
      vertex 8 124.196 94.5
    endloop
  endfacet
  facet normal -0.536972 0.8436 0
    outer loop
      vertex 7.55854 123.915 94.5
      vertex 8 124.196 77.5
      vertex 7.55854 123.915 77.5
    endloop
  endfacet
  facet normal 0.301863 0.953351 -0
    outer loop
      vertex 121.052 124.638 77.5
      vertex 120.553 124.796 94.5
      vertex 121.052 124.638 94.5
    endloop
  endfacet
  facet normal 0.301863 0.953351 0
    outer loop
      vertex 120.553 124.796 94.5
      vertex 121.052 124.638 77.5
      vertex 120.553 124.796 77.5
    endloop
  endfacet
  facet normal 0.737869 -0.674944 -9.85717e-19
    outer loop
      vertex 123.243 6.75736 94.5
      vertex 123.596 7.14327 77.5
      vertex 123.596 7.14327 94.5
    endloop
  endfacet
  facet normal 0.737869 -0.674944 -9.85717e-19
    outer loop
      vertex 123.596 7.14327 77.5
      vertex 123.243 6.75736 94.5
      vertex 123.243 6.75736 77.5
    endloop
  endfacet
  facet normal 0.991525 -0.129913 1.61914e-19
    outer loop
      vertex 124.909 9.95811 94.5
      vertex 124.977 10.4771 73.5
      vertex 124.977 10.4771 94.5
    endloop
  endfacet
  facet normal 0.991525 -0.129913 1.61914e-19
    outer loop
      vertex 124.977 10.4771 73.5
      vertex 124.909 9.95811 94.5
      vertex 124.909 9.95811 73.5
    endloop
  endfacet
  facet normal -0.216476 -0.976288 -9.57132e-21
    outer loop
      vertex 9.46301 5.20091 77.5
      vertex 9.44709 5.20444 94.5
      vertex 9.44709 5.20444 77.5
    endloop
  endfacet
  facet normal -0.216439 -0.976296 3.63891e-08
    outer loop
      vertex 9.44709 5.20444 94.5
      vertex 9.46301 5.20091 77.5
      vertex 9.95811 5.09115 94.5
    endloop
  endfacet
  facet normal -0.216438 -0.976296 -1.61357e-18
    outer loop
      vertex 9.95811 5.09115 73.5
      vertex 9.46301 5.20091 77.5
      vertex 9.46301 5.20091 73.5
    endloop
  endfacet
  facet normal -0.216438 -0.976296 -3.07346e-19
    outer loop
      vertex 9.46301 5.20091 77.5
      vertex 9.95811 5.09115 73.5
      vertex 9.95811 5.09115 94.5
    endloop
  endfacet
  facet normal 0.976196 -0.216889 0
    outer loop
      vertex 124.909 9.95811 94.5
      vertex 124.799 9.46301 77.5
      vertex 124.909 9.95811 73.5
    endloop
  endfacet
  facet normal 0.976413 -0.215911 -2.98858e-05
    outer loop
      vertex 124.796 9.44709 94.5
      vertex 124.799 9.46301 77.5
      vertex 124.909 9.95811 94.5
    endloop
  endfacet
  facet normal 0.982704 -0.185183 6.62557e-21
    outer loop
      vertex 124.799 9.46301 77.5
      vertex 124.796 9.44709 94.5
      vertex 124.796 9.44709 77.5
    endloop
  endfacet
  facet normal 0.976196 -0.216889 4.8159e-21
    outer loop
      vertex 124.909 9.95811 73.5
      vertex 124.799 9.46301 77.5
      vertex 124.799 9.46301 73.5
    endloop
  endfacet
  facet normal -0.793877 0.608079 -1.04746e-18
    outer loop
      vertex 6.08509 122.441 77.5
      vertex 6.40373 122.857 94.5
      vertex 6.40373 122.857 77.5
    endloop
  endfacet
  facet normal -0.793877 0.608079 -1.04746e-18
    outer loop
      vertex 6.40373 122.857 94.5
      vertex 6.08509 122.441 77.5
      vertex 6.08509 122.441 94.5
    endloop
  endfacet
  facet normal -0.674944 0.737869 0
    outer loop
      vertex 7.14327 123.596 77.5
      vertex 6.75736 123.243 94.5
      vertex 7.14327 123.596 94.5
    endloop
  endfacet
  facet normal -0.674944 0.737869 0
    outer loop
      vertex 6.75736 123.243 94.5
      vertex 7.14327 123.596 77.5
      vertex 6.75736 123.243 77.5
    endloop
  endfacet
  facet normal 0.843346 0.53737 5.07454e-19
    outer loop
      vertex 124.196 122 94.5
      vertex 123.915 122.441 77.5
      vertex 123.915 122.441 94.5
    endloop
  endfacet
  facet normal 0.843346 0.53737 5.07454e-19
    outer loop
      vertex 123.915 122.441 77.5
      vertex 124.196 122 94.5
      vertex 124.196 122 77.5
    endloop
  endfacet
  facet normal 0.675514 -0.737348 0
    outer loop
      vertex 122.857 6.40373 77.5
      vertex 123.243 6.75736 94.5
      vertex 122.857 6.40373 94.5
    endloop
  endfacet
  facet normal 0.675514 -0.737348 0
    outer loop
      vertex 123.243 6.75736 94.5
      vertex 122.857 6.40373 77.5
      vertex 123.243 6.75736 77.5
    endloop
  endfacet
  facet normal 0 -1 0
    outer loop
      vertex 11 5 73.5
      vertex 119 5 94.5
      vertex 11 5 94.5
    endloop
  endfacet
  facet normal 0 -1 -0
    outer loop
      vertex 119 5 94.5
      vertex 11 5 73.5
      vertex 119 5 73.5
    endloop
  endfacet
  facet normal 0.608512 0.793545 -0
    outer loop
      vertex 122.857 123.596 77.5
      vertex 122.441 123.915 94.5
      vertex 122.857 123.596 94.5
    endloop
  endfacet
  facet normal 0.608512 0.793545 0
    outer loop
      vertex 122.441 123.915 94.5
      vertex 122.857 123.596 77.5
      vertex 122.441 123.915 77.5
    endloop
  endfacet
  facet normal -0.923994 0.382407 5.79501e-19
    outer loop
      vertex 5.36184 121.052 77.5
      vertex 5.56215 121.536 94.5
      vertex 5.56215 121.536 77.5
    endloop
  endfacet
  facet normal -0.923994 0.382407 5.79501e-19
    outer loop
      vertex 5.56215 121.536 94.5
      vertex 5.36184 121.052 77.5
      vertex 5.36184 121.052 94.5
    endloop
  endfacet
  facet normal 0.382407 -0.923994 0
    outer loop
      vertex 121.052 5.36184 77.5
      vertex 121.536 5.56215 94.5
      vertex 121.052 5.36184 94.5
    endloop
  endfacet
  facet normal 0.382407 -0.923994 0
    outer loop
      vertex 121.536 5.56215 94.5
      vertex 121.052 5.36184 77.5
      vertex 121.536 5.56215 77.5
    endloop
  endfacet
  facet normal -0.999049 0.0436105 -7.54823e-20
    outer loop
      vertex 5 119 73.5
      vertex 5.02283 119.523 94.5
      vertex 5.02283 119.523 73.5
    endloop
  endfacet
  facet normal -0.999049 0.0436105 -7.54823e-20
    outer loop
      vertex 5.02283 119.523 94.5
      vertex 5 119 73.5
      vertex 5 119 94.5
    endloop
  endfacet
  facet normal -0.0436188 -0.999048 0
    outer loop
      vertex 10.4771 5.02283 73.5
      vertex 11 5 94.5
      vertex 10.4771 5.02283 94.5
    endloop
  endfacet
  facet normal -0.0436188 -0.999048 -0
    outer loop
      vertex 11 5 94.5
      vertex 10.4771 5.02283 73.5
      vertex 11 5 73.5
    endloop
  endfacet
  facet normal 0.53737 0.843346 -0
    outer loop
      vertex 122.441 123.915 77.5
      vertex 122 124.196 94.5
      vertex 122.441 123.915 94.5
    endloop
  endfacet
  facet normal 0.53737 0.843346 0
    outer loop
      vertex 122 124.196 94.5
      vertex 122.441 123.915 77.5
      vertex 122 124.196 77.5
    endloop
  endfacet
  facet normal -0.675599 -0.737269 0
    outer loop
      vertex 6.75736 6.75736 77.5
      vertex 7.14327 6.40373 94.5
      vertex 6.75736 6.75736 94.5
    endloop
  endfacet
  facet normal -0.675599 -0.737269 -0
    outer loop
      vertex 7.14327 6.40373 94.5
      vertex 6.75736 6.75736 77.5
      vertex 7.14327 6.40373 77.5
    endloop
  endfacet
  facet normal 0.982872 0.184289 0
    outer loop
      vertex 124.796 120.553 94.5
      vertex 124.799 120.537 77.5
      vertex 124.796 120.553 77.5
    endloop
  endfacet
  facet normal 0.976411 0.215919 -3.09098e-05
    outer loop
      vertex 124.909 120.042 94.5
      vertex 124.799 120.537 77.5
      vertex 124.796 120.553 94.5
    endloop
  endfacet
  facet normal 0.976187 0.21693 -0
    outer loop
      vertex 124.909 120.042 73.5
      vertex 124.799 120.537 77.5
      vertex 124.909 120.042 94.5
    endloop
  endfacet
  facet normal 0.976187 0.21693 0
    outer loop
      vertex 124.799 120.537 77.5
      vertex 124.909 120.042 73.5
      vertex 124.799 120.537 73.5
    endloop
  endfacet
  facet normal -0.843138 0.537697 -3.64905e-19
    outer loop
      vertex 5.80385 122 77.5
      vertex 6.08509 122.441 94.5
      vertex 6.08509 122.441 77.5
    endloop
  endfacet
  facet normal -0.843138 0.537697 -3.64905e-19
    outer loop
      vertex 6.08509 122.441 94.5
      vertex 5.80385 122 77.5
      vertex 5.80385 122 94.5
    endloop
  endfacet
  facet normal -0.462208 0.886771 0
    outer loop
      vertex 8.46429 124.438 77.5
      vertex 8 124.196 94.5
      vertex 8.46429 124.438 94.5
    endloop
  endfacet
  facet normal -0.462208 0.886771 0
    outer loop
      vertex 8 124.196 94.5
      vertex 8.46429 124.438 77.5
      vertex 8 124.196 77.5
    endloop
  endfacet
  facet normal -0.886888 0.461985 2.99467e-19
    outer loop
      vertex 5.56215 121.536 77.5
      vertex 5.80385 122 94.5
      vertex 5.80385 122 77.5
    endloop
  endfacet
  facet normal -0.886888 0.461985 2.99467e-19
    outer loop
      vertex 5.80385 122 94.5
      vertex 5.56215 121.536 77.5
      vertex 5.56215 121.536 94.5
    endloop
  endfacet
  facet normal -0.300705 -0.953717 0
    outer loop
      vertex 8.94788 5.36184 77.5
      vertex 9.44709 5.20444 94.5
      vertex 8.94788 5.36184 94.5
    endloop
  endfacet
  facet normal -0.300705 -0.953717 -0
    outer loop
      vertex 9.44709 5.20444 94.5
      vertex 8.94788 5.36184 77.5
      vertex 9.44709 5.20444 77.5
    endloop
  endfacet
  facet normal -0.043943 0.999034 0
    outer loop
      vertex 11 125 73.5
      vertex 10.4771 124.977 94.5
      vertex 11 125 94.5
    endloop
  endfacet
  facet normal -0.043943 0.999034 0
    outer loop
      vertex 10.4771 124.977 94.5
      vertex 11 125 73.5
      vertex 10.4771 124.977 73.5
    endloop
  endfacet
  facet normal -0.301747 0.953388 0
    outer loop
      vertex 9.44709 124.796 77.5
      vertex 8.94788 124.638 94.5
      vertex 9.44709 124.796 94.5
    endloop
  endfacet
  facet normal -0.301747 0.953388 0
    outer loop
      vertex 8.94788 124.638 94.5
      vertex 9.44709 124.796 77.5
      vertex 8.94788 124.638 77.5
    endloop
  endfacet
  facet normal 0.953388 -0.301747 7.12188e-19
    outer loop
      vertex 124.638 8.94788 94.5
      vertex 124.796 9.44709 77.5
      vertex 124.796 9.44709 94.5
    endloop
  endfacet
  facet normal 0.953388 -0.301747 7.12188e-19
    outer loop
      vertex 124.796 9.44709 77.5
      vertex 124.638 8.94788 94.5
      vertex 124.638 8.94788 77.5
    endloop
  endfacet
  facet normal -0.608752 -0.793361 0
    outer loop
      vertex 7.14327 6.40373 77.5
      vertex 7.55854 6.08509 94.5
      vertex 7.14327 6.40373 94.5
    endloop
  endfacet
  facet normal -0.608752 -0.793361 -0
    outer loop
      vertex 7.55854 6.08509 94.5
      vertex 7.14327 6.40373 77.5
      vertex 7.55854 6.08509 77.5
    endloop
  endfacet
  facet normal 0.924089 -0.382179 3.73187e-19
    outer loop
      vertex 124.438 8.46429 94.5
      vertex 124.638 8.94788 77.5
      vertex 124.638 8.94788 94.5
    endloop
  endfacet
  facet normal 0.924089 -0.382179 3.73187e-19
    outer loop
      vertex 124.638 8.94788 77.5
      vertex 124.438 8.46429 94.5
      vertex 124.438 8.46429 77.5
    endloop
  endfacet
  facet normal -0.793361 -0.608752 4.08885e-19
    outer loop
      vertex 6.40373 7.14327 77.5
      vertex 6.08509 7.55854 94.5
      vertex 6.08509 7.55854 77.5
    endloop
  endfacet
  facet normal -0.793361 -0.608752 4.08885e-19
    outer loop
      vertex 6.08509 7.55854 94.5
      vertex 6.40373 7.14327 77.5
      vertex 6.40373 7.14327 94.5
    endloop
  endfacet
  facet normal -0.737348 0.675514 1.31675e-18
    outer loop
      vertex 6.40373 122.857 77.5
      vertex 6.75736 123.243 94.5
      vertex 6.75736 123.243 77.5
    endloop
  endfacet
  facet normal -0.737348 0.675514 1.31675e-18
    outer loop
      vertex 6.75736 123.243 94.5
      vertex 6.40373 122.857 77.5
      vertex 6.40373 122.857 94.5
    endloop
  endfacet
  facet normal -0.953717 -0.300705 7.49706e-19
    outer loop
      vertex 5.36184 8.94788 77.5
      vertex 5.20444 9.44709 94.5
      vertex 5.20444 9.44709 77.5
    endloop
  endfacet
  facet normal -0.953717 -0.300705 7.49706e-19
    outer loop
      vertex 5.20444 9.44709 94.5
      vertex 5.36184 8.94788 77.5
      vertex 5.36184 8.94788 94.5
    endloop
  endfacet
  facet normal -0.999048 -0.0436188 5.77219e-20
    outer loop
      vertex 5.02283 10.4771 73.5
      vertex 5 11 94.5
      vertex 5 11 73.5
    endloop
  endfacet
  facet normal -0.999048 -0.0436188 5.77219e-20
    outer loop
      vertex 5 11 94.5
      vertex 5.02283 10.4771 73.5
      vertex 5.02283 10.4771 94.5
    endloop
  endfacet
  facet normal 0.924203 0.381902 -5.03807e-19
    outer loop
      vertex 124.638 121.052 94.5
      vertex 124.438 121.536 77.5
      vertex 124.438 121.536 94.5
    endloop
  endfacet
  facet normal 0.924203 0.381902 -5.03807e-19
    outer loop
      vertex 124.438 121.536 77.5
      vertex 124.638 121.052 94.5
      vertex 124.638 121.052 77.5
    endloop
  endfacet
  facet normal -0.991447 0.130512 -2.87178e-19
    outer loop
      vertex 5.02283 119.523 73.5
      vertex 5.09115 120.042 94.5
      vertex 5.09115 120.042 73.5
    endloop
  endfacet
  facet normal -0.991447 0.130512 -2.87178e-19
    outer loop
      vertex 5.09115 120.042 94.5
      vertex 5.02283 119.523 73.5
      vertex 5.02283 119.523 94.5
    endloop
  endfacet
  facet normal 0.30082 -0.953681 0
    outer loop
      vertex 120.553 5.20444 77.5
      vertex 121.052 5.36184 94.5
      vertex 120.553 5.20444 94.5
    endloop
  endfacet
  facet normal 0.30082 -0.953681 0
    outer loop
      vertex 121.052 5.36184 94.5
      vertex 120.553 5.20444 77.5
      vertex 121.052 5.36184 77.5
    endloop
  endfacet
  facet normal 0.0436105 -0.999049 0
    outer loop
      vertex 119 5 73.5
      vertex 119.523 5.02283 94.5
      vertex 119 5 94.5
    endloop
  endfacet
  facet normal 0.0436105 -0.999049 0
    outer loop
      vertex 119.523 5.02283 94.5
      vertex 119 5 73.5
      vertex 119.523 5.02283 73.5
    endloop
  endfacet
  facet normal -0.976287 0.216479 0
    outer loop
      vertex 5.20091 120.537 73.5
      vertex 5.09115 120.042 73.5
      vertex 5.20091 120.537 77.5
    endloop
  endfacet
  facet normal -0.976516 0.215444 -7.45727e-22
    outer loop
      vertex 5.20091 120.537 77.5
      vertex 5.20444 120.553 94.5
      vertex 5.20444 120.553 77.5
    endloop
  endfacet
  facet normal -0.976287 0.216479 0
    outer loop
      vertex 5.09115 120.042 94.5
      vertex 5.20091 120.537 77.5
      vertex 5.09115 120.042 73.5
    endloop
  endfacet
  facet normal -0.976294 0.216447 -9.90118e-07
    outer loop
      vertex 5.20091 120.537 77.5
      vertex 5.09115 120.042 94.5
      vertex 5.20444 120.553 94.5
    endloop
  endfacet
  facet normal -0.976296 -0.216438 -0
    outer loop
      vertex 5.20091 9.46301 77.5
      vertex 5.09115 9.95811 73.5
      vertex 5.20091 9.46301 73.5
    endloop
  endfacet
  facet normal -0.976296 -0.216438 0
    outer loop
      vertex 5.09115 9.95811 73.5
      vertex 5.20091 9.46301 77.5
      vertex 5.09115 9.95811 94.5
    endloop
  endfacet
  facet normal -0.976288 -0.216476 -0
    outer loop
      vertex 5.20444 9.44709 94.5
      vertex 5.20091 9.46301 77.5
      vertex 5.20444 9.44709 77.5
    endloop
  endfacet
  facet normal -0.976296 -0.216439 3.63891e-08
    outer loop
      vertex 5.20091 9.46301 77.5
      vertex 5.20444 9.44709 94.5
      vertex 5.09115 9.95811 94.5
    endloop
  endfacet
  facet normal 0.886653 0.462435 7.32496e-19
    outer loop
      vertex 124.438 121.536 94.5
      vertex 124.196 122 77.5
      vertex 124.196 122 94.5
    endloop
  endfacet
  facet normal 0.886653 0.462435 7.32496e-19
    outer loop
      vertex 124.196 122 77.5
      vertex 124.438 121.536 94.5
      vertex 124.438 121.536 77.5
    endloop
  endfacet
  facet normal -0.215911 0.976413 -2.98858e-05
    outer loop
      vertex 9.95811 124.909 94.5
      vertex 9.46301 124.799 77.5
      vertex 9.44709 124.796 94.5
    endloop
  endfacet
  facet normal -0.216889 0.976196 0
    outer loop
      vertex 9.95811 124.909 73.5
      vertex 9.46301 124.799 77.5
      vertex 9.95811 124.909 94.5
    endloop
  endfacet
  facet normal -0.216889 0.976196 0
    outer loop
      vertex 9.46301 124.799 77.5
      vertex 9.95811 124.909 73.5
      vertex 9.46301 124.799 73.5
    endloop
  endfacet
  facet normal -0.185183 0.982704 0
    outer loop
      vertex 9.44709 124.796 94.5
      vertex 9.46301 124.799 77.5
      vertex 9.44709 124.796 77.5
    endloop
  endfacet
  facet normal 0.793028 -0.609185 -1.21673e-18
    outer loop
      vertex 123.596 7.14327 94.5
      vertex 123.915 7.55854 77.5
      vertex 123.915 7.55854 94.5
    endloop
  endfacet
  facet normal 0.793028 -0.609185 -1.21673e-18
    outer loop
      vertex 123.915 7.55854 77.5
      vertex 123.596 7.14327 94.5
      vertex 123.596 7.14327 77.5
    endloop
  endfacet
  facet normal -0.129913 0.991525 0
    outer loop
      vertex 10.4771 124.977 73.5
      vertex 9.95811 124.909 94.5
      vertex 10.4771 124.977 94.5
    endloop
  endfacet
  facet normal -0.129913 0.991525 0
    outer loop
      vertex 9.95811 124.909 94.5
      vertex 10.4771 124.977 73.5
      vertex 9.95811 124.909 73.5
    endloop
  endfacet
  facet normal -0.461758 -0.887006 0
    outer loop
      vertex 8 5.80385 77.5
      vertex 8.46429 5.56215 94.5
      vertex 8 5.80385 94.5
    endloop
  endfacet
  facet normal -0.461758 -0.887006 -0
    outer loop
      vertex 8.46429 5.56215 94.5
      vertex 8 5.80385 77.5
      vertex 8.46429 5.56215 77.5
    endloop
  endfacet
  facet normal 0.0439346 0.999034 -0
    outer loop
      vertex 119.523 124.977 73.5
      vertex 119 125 94.5
      vertex 119.523 124.977 94.5
    endloop
  endfacet
  facet normal 0.0439346 0.999034 0
    outer loop
      vertex 119 125 94.5
      vertex 119.523 124.977 73.5
      vertex 119 125 73.5
    endloop
  endfacet
  facet normal -0.923879 -0.382684 -4.05797e-19
    outer loop
      vertex 5.56215 8.46429 77.5
      vertex 5.36184 8.94788 94.5
      vertex 5.36184 8.94788 77.5
    endloop
  endfacet
  facet normal -0.923879 -0.382684 -4.05797e-19
    outer loop
      vertex 5.36184 8.94788 94.5
      vertex 5.56215 8.46429 77.5
      vertex 5.56215 8.46429 94.5
    endloop
  endfacet
  facet normal -0.382684 -0.923879 0
    outer loop
      vertex 8.46429 5.56215 77.5
      vertex 8.94788 5.36184 94.5
      vertex 8.46429 5.56215 94.5
    endloop
  endfacet
  facet normal -0.382684 -0.923879 -0
    outer loop
      vertex 8.94788 5.36184 94.5
      vertex 8.46429 5.56215 77.5
      vertex 8.94788 5.36184 77.5
    endloop
  endfacet
  facet normal -0.953681 0.30082 2.58875e-19
    outer loop
      vertex 5.20444 120.553 77.5
      vertex 5.36184 121.052 94.5
      vertex 5.36184 121.052 77.5
    endloop
  endfacet
  facet normal -0.953681 0.30082 2.58875e-19
    outer loop
      vertex 5.36184 121.052 94.5
      vertex 5.20444 120.553 77.5
      vertex 5.20444 120.553 94.5
    endloop
  endfacet
  facet normal -0.537298 -0.843392 0
    outer loop
      vertex 7.55854 6.08509 77.5
      vertex 8 5.80385 94.5
      vertex 7.55854 6.08509 94.5
    endloop
  endfacet
  facet normal -0.537298 -0.843392 -0
    outer loop
      vertex 8 5.80385 94.5
      vertex 7.55854 6.08509 77.5
      vertex 8 5.80385 77.5
    endloop
  endfacet
  facet normal -0.737269 -0.675599 9.70697e-19
    outer loop
      vertex 6.75736 6.75736 77.5
      vertex 6.40373 7.14327 94.5
      vertex 6.40373 7.14327 77.5
    endloop
  endfacet
  facet normal -0.737269 -0.675599 9.70697e-19
    outer loop
      vertex 6.40373 7.14327 94.5
      vertex 6.75736 6.75736 77.5
      vertex 6.75736 6.75736 94.5
    endloop
  endfacet
  facet normal 0.461985 -0.886888 0
    outer loop
      vertex 121.536 5.56215 77.5
      vertex 122 5.80385 94.5
      vertex 121.536 5.56215 94.5
    endloop
  endfacet
  facet normal 0.461985 -0.886888 0
    outer loop
      vertex 122 5.80385 94.5
      vertex 121.536 5.56215 77.5
      vertex 122 5.80385 77.5
    endloop
  endfacet
  facet normal 0.537697 -0.843138 0
    outer loop
      vertex 122 5.80385 77.5
      vertex 122.441 6.08509 94.5
      vertex 122 5.80385 94.5
    endloop
  endfacet
  facet normal 0.537697 -0.843138 0
    outer loop
      vertex 122.441 6.08509 94.5
      vertex 122 5.80385 77.5
      vertex 122.441 6.08509 77.5
    endloop
  endfacet
  facet normal 0.216447 -0.976294 -9.90118e-07
    outer loop
      vertex 120.042 5.09115 94.5
      vertex 120.537 5.20091 77.5
      vertex 120.553 5.20444 94.5
    endloop
  endfacet
  facet normal 0.216479 -0.976287 0
    outer loop
      vertex 120.042 5.09115 73.5
      vertex 120.537 5.20091 77.5
      vertex 120.042 5.09115 94.5
    endloop
  endfacet
  facet normal 0.216479 -0.976287 0
    outer loop
      vertex 120.537 5.20091 77.5
      vertex 120.042 5.09115 73.5
      vertex 120.537 5.20091 73.5
    endloop
  endfacet
  facet normal 0.215444 -0.976516 0
    outer loop
      vertex 120.553 5.20444 94.5
      vertex 120.537 5.20091 77.5
      vertex 120.553 5.20444 77.5
    endloop
  endfacet
  facet normal 0.991526 0.129911 -2.20547e-19
    outer loop
      vertex 124.977 119.523 94.5
      vertex 124.909 120.042 73.5
      vertex 124.909 120.042 94.5
    endloop
  endfacet
  facet normal 0.991526 0.129911 -2.20547e-19
    outer loop
      vertex 124.909 120.042 73.5
      vertex 124.977 119.523 94.5
      vertex 124.977 119.523 73.5
    endloop
  endfacet
  facet normal -0.887006 -0.461758 -3.8405e-20
    outer loop
      vertex 5.80385 8 77.5
      vertex 5.56215 8.46429 94.5
      vertex 5.56215 8.46429 77.5
    endloop
  endfacet
  facet normal -0.887006 -0.461758 -3.8405e-20
    outer loop
      vertex 5.56215 8.46429 94.5
      vertex 5.80385 8 77.5
      vertex 5.80385 8 94.5
    endloop
  endfacet
  facet normal -0.843392 -0.537298 -3.21191e-19
    outer loop
      vertex 6.08509 7.55854 77.5
      vertex 5.80385 8 94.5
      vertex 5.80385 8 77.5
    endloop
  endfacet
  facet normal -0.843392 -0.537298 -3.21191e-19
    outer loop
      vertex 5.80385 8 94.5
      vertex 6.08509 7.55854 77.5
      vertex 6.08509 7.55854 94.5
    endloop
  endfacet
  facet normal 0 0 -1
    outer loop
      vertex 35.174 107.596 69.5
      vertex 14.6916 117.308 69.5
      vertex 14.7 117.5 69.5
    endloop
  endfacet
  facet normal 0 0 -1
    outer loop
      vertex 16.136 82.785 69.5
      vertex 14.6666 117.118 69.5
      vertex 14.6916 117.308 69.5
    endloop
  endfacet
  facet normal 0 0 -1
    outer loop
      vertex 16.136 82.785 69.5
      vertex 14.625 116.931 69.5
      vertex 14.6666 117.118 69.5
    endloop
  endfacet
  facet normal 0 0 -1
    outer loop
      vertex 16.136 82.785 69.5
      vertex 14.5673 116.748 69.5
      vertex 14.625 116.931 69.5
    endloop
  endfacet
  facet normal 0 0 -1
    outer loop
      vertex 16.136 82.785 69.5
      vertex 14.4939 116.57 69.5
      vertex 14.5673 116.748 69.5
    endloop
  endfacet
  facet normal 0 0 -1
    outer loop
      vertex 16.136 82.785 69.5
      vertex 14.4053 116.4 69.5
      vertex 14.4939 116.57 69.5
    endloop
  endfacet
  facet normal 0 0 -1
    outer loop
      vertex 16.136 82.785 69.5
      vertex 14.3021 116.238 69.5
      vertex 14.4053 116.4 69.5
    endloop
  endfacet
  facet normal 0 0 -1
    outer loop
      vertex 16.136 82.785 69.5
      vertex 14.1853 116.086 69.5
      vertex 14.3021 116.238 69.5
    endloop
  endfacet
  facet normal 0 0 -1
    outer loop
      vertex 16.136 82.785 69.5
      vertex 14.0556 115.944 69.5
      vertex 14.1853 116.086 69.5
    endloop
  endfacet
  facet normal 0 0 -1
    outer loop
      vertex 16.136 82.785 69.5
      vertex 13.9141 115.815 69.5
      vertex 14.0556 115.944 69.5
    endloop
  endfacet
  facet normal 0 0 -1
    outer loop
      vertex 0 122 69.5
      vertex 14.7719 78.4586 69.5
      vertex 13.79 74.0297 69.5
    endloop
  endfacet
  facet normal 0 0 -1
    outer loop
      vertex 16.136 82.785 69.5
      vertex 13.7619 115.698 69.5
      vertex 13.9141 115.815 69.5
    endloop
  endfacet
  facet normal 0 0 -1
    outer loop
      vertex 16.136 82.785 69.5
      vertex 13.6 115.595 69.5
      vertex 13.7619 115.698 69.5
    endloop
  endfacet
  facet normal 0 0 -1
    outer loop
      vertex 16.136 82.785 69.5
      vertex 13.4298 115.506 69.5
      vertex 13.6 115.595 69.5
    endloop
  endfacet
  facet normal 0 0 -1
    outer loop
      vertex 16.136 82.785 69.5
      vertex 13.2524 115.433 69.5
      vertex 13.4298 115.506 69.5
    endloop
  endfacet
  facet normal 0 0 -1
    outer loop
      vertex 0 122 69.5
      vertex 13.79 74.0297 69.5
      vertex 13.1979 69.5321 69.5
    endloop
  endfacet
  facet normal 0 0 -1
    outer loop
      vertex 16.136 82.785 69.5
      vertex 13.0694 115.375 69.5
      vertex 13.2524 115.433 69.5
    endloop
  endfacet
  facet normal 0 0 -1
    outer loop
      vertex 0 122 69.5
      vertex 13.1979 69.5321 69.5
      vertex 13 65 69.5
    endloop
  endfacet
  facet normal 0 0 -1
    outer loop
      vertex 11.5702 14.4939 69.5
      vertex 19.9667 39 69.5
      vertex 11.7476 14.5673 69.5
    endloop
  endfacet
  facet normal 0 0 -1
    outer loop
      vertex 16.136 82.785 69.5
      vertex 12.882 115.333 69.5
      vertex 13.0694 115.375 69.5
    endloop
  endfacet
  facet normal 0 0 -1
    outer loop
      vertex 11.4 14.4053 69.5
      vertex 19.9667 39 69.5
      vertex 11.5702 14.4939 69.5
    endloop
  endfacet
  facet normal 0 0 -1
    outer loop
      vertex 16.136 82.785 69.5
      vertex 12.6917 115.308 69.5
      vertex 12.882 115.333 69.5
    endloop
  endfacet
  facet normal -0 0 -1
    outer loop
      vertex 19.9667 39 69.5
      vertex 11.4 14.4053 69.5
      vertex 17.872 43.0238 69.5
    endloop
  endfacet
  facet normal 0 0 -1
    outer loop
      vertex 16.136 82.785 69.5
      vertex 12.5 115.3 69.5
      vertex 12.6917 115.308 69.5
    endloop
  endfacet
  facet normal 0 0 -1
    outer loop
      vertex 11.2381 14.3021 69.5
      vertex 17.872 43.0238 69.5
      vertex 11.4 14.4053 69.5
    endloop
  endfacet
  facet normal 0 0 -1
    outer loop
      vertex 16.136 82.785 69.5
      vertex 12.3083 115.308 69.5
      vertex 12.5 115.3 69.5
    endloop
  endfacet
  facet normal 0 0 -1
    outer loop
      vertex 11.0859 14.1853 69.5
      vertex 17.872 43.0238 69.5
      vertex 11.2381 14.3021 69.5
    endloop
  endfacet
  facet normal 0 0 -1
    outer loop
      vertex 16.136 82.785 69.5
      vertex 12.118 115.333 69.5
      vertex 12.3083 115.308 69.5
    endloop
  endfacet
  facet normal 0 0 -1
    outer loop
      vertex 0 8 69.5
      vertex 17.872 43.0238 69.5
      vertex 11.0859 14.1853 69.5
    endloop
  endfacet
  facet normal 0 0 -1
    outer loop
      vertex 16.136 82.785 69.5
      vertex 11.9306 115.375 69.5
      vertex 12.118 115.333 69.5
    endloop
  endfacet
  facet normal -0 0 -1
    outer loop
      vertex 17.872 43.0238 69.5
      vertex 0 8 69.5
      vertex 16.136 47.215 69.5
    endloop
  endfacet
  facet normal 0 0 -1
    outer loop
      vertex 16.136 82.785 69.5
      vertex 11.7476 115.433 69.5
      vertex 11.9306 115.375 69.5
    endloop
  endfacet
  facet normal -0 0 -1
    outer loop
      vertex 16.136 47.215 69.5
      vertex 0 8 69.5
      vertex 14.7719 51.5414 69.5
    endloop
  endfacet
  facet normal 0 0 -1
    outer loop
      vertex 16.136 82.785 69.5
      vertex 11.5702 115.506 69.5
      vertex 11.7476 115.433 69.5
    endloop
  endfacet
  facet normal -0 0 -1
    outer loop
      vertex 14.7719 51.5414 69.5
      vertex 0 8 69.5
      vertex 13.79 55.9703 69.5
    endloop
  endfacet
  facet normal 0 0 -1
    outer loop
      vertex 16.136 82.785 69.5
      vertex 11.4 115.595 69.5
      vertex 11.5702 115.506 69.5
    endloop
  endfacet
  facet normal -0 0 -1
    outer loop
      vertex 13.79 55.9703 69.5
      vertex 0 8 69.5
      vertex 13.1979 60.4679 69.5
    endloop
  endfacet
  facet normal 0 0 -1
    outer loop
      vertex 16.136 82.785 69.5
      vertex 11.2381 115.698 69.5
      vertex 11.4 115.595 69.5
    endloop
  endfacet
  facet normal -0 0 -1
    outer loop
      vertex 13.1979 60.4679 69.5
      vertex 0 8 69.5
      vertex 13 65 69.5
    endloop
  endfacet
  facet normal 0 0 -1
    outer loop
      vertex 0 122 69.5
      vertex 13 65 69.5
      vertex 0 8 69.5
    endloop
  endfacet
  facet normal 0 0 -1
    outer loop
      vertex 0 8 69.5
      vertex 11.0859 14.1853 69.5
      vertex 10.9444 14.0556 69.5
    endloop
  endfacet
  facet normal 0 0 -1
    outer loop
      vertex 16.136 82.785 69.5
      vertex 0 122 69.5
      vertex 11.0859 115.815 69.5
    endloop
  endfacet
  facet normal 0 0 -1
    outer loop
      vertex 0 8 69.5
      vertex 10.9444 14.0556 69.5
      vertex 10.8147 13.9141 69.5
    endloop
  endfacet
  facet normal 0 0 -1
    outer loop
      vertex 16.136 82.785 69.5
      vertex 11.0859 115.815 69.5
      vertex 11.2381 115.698 69.5
    endloop
  endfacet
  facet normal 0 0 -1
    outer loop
      vertex 0 8 69.5
      vertex 10.8147 13.9141 69.5
      vertex 10.6979 13.7619 69.5
    endloop
  endfacet
  facet normal 0 0 -1
    outer loop
      vertex 11.0859 115.815 69.5
      vertex 0 122 69.5
      vertex 10.9444 115.944 69.5
    endloop
  endfacet
  facet normal 0 0 -1
    outer loop
      vertex 0 8 69.5
      vertex 10.6979 13.7619 69.5
      vertex 10.5947 13.6 69.5
    endloop
  endfacet
  facet normal 0 0 -1
    outer loop
      vertex 10.9444 115.944 69.5
      vertex 0 122 69.5
      vertex 10.8147 116.086 69.5
    endloop
  endfacet
  facet normal 0 0 -1
    outer loop
      vertex 0 8 69.5
      vertex 10.5947 13.6 69.5
      vertex 10.5061 13.4298 69.5
    endloop
  endfacet
  facet normal 0 0 -1
    outer loop
      vertex 10.8147 116.086 69.5
      vertex 0 122 69.5
      vertex 10.6979 116.238 69.5
    endloop
  endfacet
  facet normal 0 0 -1
    outer loop
      vertex 0 8 69.5
      vertex 10.5061 13.4298 69.5
      vertex 10.4327 13.2524 69.5
    endloop
  endfacet
  facet normal 0 0 -1
    outer loop
      vertex 10.6979 116.238 69.5
      vertex 0 122 69.5
      vertex 10.5947 116.4 69.5
    endloop
  endfacet
  facet normal 0 0 -1
    outer loop
      vertex 0 8 69.5
      vertex 10.4327 13.2524 69.5
      vertex 10.375 13.0694 69.5
    endloop
  endfacet
  facet normal 0 0 -1
    outer loop
      vertex 10.5947 116.4 69.5
      vertex 0 122 69.5
      vertex 10.5061 116.57 69.5
    endloop
  endfacet
  facet normal 0 0 -1
    outer loop
      vertex 0 8 69.5
      vertex 10.375 13.0694 69.5
      vertex 10.3334 12.882 69.5
    endloop
  endfacet
  facet normal 0 0 -1
    outer loop
      vertex 10.5061 116.57 69.5
      vertex 0 122 69.5
      vertex 10.4327 116.748 69.5
    endloop
  endfacet
  facet normal 0 0 -1
    outer loop
      vertex 0 8 69.5
      vertex 10.3334 12.882 69.5
      vertex 10.3084 12.6917 69.5
    endloop
  endfacet
  facet normal 0 0 -1
    outer loop
      vertex 10.4327 116.748 69.5
      vertex 0 122 69.5
      vertex 10.375 116.931 69.5
    endloop
  endfacet
  facet normal 0 0 -1
    outer loop
      vertex 0 8 69.5
      vertex 10.3084 12.6917 69.5
      vertex 10.3 12.5 69.5
    endloop
  endfacet
  facet normal 0 0 -1
    outer loop
      vertex 10.375 116.931 69.5
      vertex 0 122 69.5
      vertex 10.3334 117.118 69.5
    endloop
  endfacet
  facet normal 0 0 -1
    outer loop
      vertex 14.3021 13.7619 69.5
      vertex 28.2304 28.2304 69.5
      vertex 14.4053 13.6 69.5
    endloop
  endfacet
  facet normal 0 0 -1
    outer loop
      vertex 14.1853 13.9141 69.5
      vertex 28.2304 28.2304 69.5
      vertex 14.3021 13.7619 69.5
    endloop
  endfacet
  facet normal 0 0 -1
    outer loop
      vertex 14.0556 14.0556 69.5
      vertex 28.2304 28.2304 69.5
      vertex 14.1853 13.9141 69.5
    endloop
  endfacet
  facet normal 0 0 -1
    outer loop
      vertex 13.9141 14.1853 69.5
      vertex 28.2304 28.2304 69.5
      vertex 14.0556 14.0556 69.5
    endloop
  endfacet
  facet normal 0 0 -1
    outer loop
      vertex 13.7619 14.3021 69.5
      vertex 28.2304 28.2304 69.5
      vertex 13.9141 14.1853 69.5
    endloop
  endfacet
  facet normal -0 0 -1
    outer loop
      vertex 28.2304 28.2304 69.5
      vertex 13.7619 14.3021 69.5
      vertex 25.1657 31.575 69.5
    endloop
  endfacet
  facet normal 0 0 -1
    outer loop
      vertex 13.6 14.4053 69.5
      vertex 25.1657 31.575 69.5
      vertex 13.7619 14.3021 69.5
    endloop
  endfacet
  facet normal 0 0 -1
    outer loop
      vertex 13.4298 14.4939 69.5
      vertex 25.1657 31.575 69.5
      vertex 13.6 14.4053 69.5
    endloop
  endfacet
  facet normal 0 0 -1
    outer loop
      vertex 13.2524 14.5673 69.5
      vertex 25.1657 31.575 69.5
      vertex 13.4298 14.4939 69.5
    endloop
  endfacet
  facet normal 0 0 -1
    outer loop
      vertex 13.0694 14.625 69.5
      vertex 25.1657 31.575 69.5
      vertex 13.2524 14.5673 69.5
    endloop
  endfacet
  facet normal 0 0 -1
    outer loop
      vertex 12.882 14.6666 69.5
      vertex 25.1657 31.575 69.5
      vertex 13.0694 14.625 69.5
    endloop
  endfacet
  facet normal -0 0 -1
    outer loop
      vertex 25.1657 31.575 69.5
      vertex 12.882 14.6666 69.5
      vertex 22.4041 35.174 69.5
    endloop
  endfacet
  facet normal 0 0 -1
    outer loop
      vertex 12.6917 14.6916 69.5
      vertex 22.4041 35.174 69.5
      vertex 12.882 14.6666 69.5
    endloop
  endfacet
  facet normal 0 0 -1
    outer loop
      vertex 12.5 14.7 69.5
      vertex 22.4041 35.174 69.5
      vertex 12.6917 14.6916 69.5
    endloop
  endfacet
  facet normal 0 0 -1
    outer loop
      vertex 12.3083 14.6916 69.5
      vertex 22.4041 35.174 69.5
      vertex 12.5 14.7 69.5
    endloop
  endfacet
  facet normal 0 0 -1
    outer loop
      vertex 12.118 14.6666 69.5
      vertex 22.4041 35.174 69.5
      vertex 12.3083 14.6916 69.5
    endloop
  endfacet
  facet normal -0 0 -1
    outer loop
      vertex 22.4041 35.174 69.5
      vertex 12.118 14.6666 69.5
      vertex 19.9667 39 69.5
    endloop
  endfacet
  facet normal 0 0 -1
    outer loop
      vertex 11.9306 14.625 69.5
      vertex 19.9667 39 69.5
      vertex 12.118 14.6666 69.5
    endloop
  endfacet
  facet normal 0 0 -1
    outer loop
      vertex 11.7476 14.5673 69.5
      vertex 19.9667 39 69.5
      vertex 11.9306 14.625 69.5
    endloop
  endfacet
  facet normal 0 0 -1
    outer loop
      vertex 119.625 13.0694 69.5
      vertex 130 8 69.5
      vertex 119.667 12.882 69.5
    endloop
  endfacet
  facet normal 0 0 -1
    outer loop
      vertex 130 122 69.5
      vertex 119.692 117.308 69.5
      vertex 119.7 117.5 69.5
    endloop
  endfacet
  facet normal 0 -0 -1
    outer loop
      vertex 117 65 69.5
      vertex 130 8 69.5
      vertex 116.802 60.4679 69.5
    endloop
  endfacet
  facet normal 0 0 -1
    outer loop
      vertex 116.802 69.5321 69.5
      vertex 130 122 69.5
      vertex 117 65 69.5
    endloop
  endfacet
  facet normal 0 0 -1
    outer loop
      vertex 119.567 13.2524 69.5
      vertex 130 8 69.5
      vertex 119.625 13.0694 69.5
    endloop
  endfacet
  facet normal 0 0 -1
    outer loop
      vertex 130 122 69.5
      vertex 119.667 117.118 69.5
      vertex 119.692 117.308 69.5
    endloop
  endfacet
  facet normal 0 0 -1
    outer loop
      vertex 119.494 13.4298 69.5
      vertex 130 8 69.5
      vertex 119.567 13.2524 69.5
    endloop
  endfacet
  facet normal 0 0 -1
    outer loop
      vertex 116.21 74.0297 69.5
      vertex 130 122 69.5
      vertex 116.802 69.5321 69.5
    endloop
  endfacet
  facet normal 0 0 -1
    outer loop
      vertex 119.405 13.6 69.5
      vertex 130 8 69.5
      vertex 119.494 13.4298 69.5
    endloop
  endfacet
  facet normal 0 0 -1
    outer loop
      vertex 130 122 69.5
      vertex 119.625 116.931 69.5
      vertex 119.667 117.118 69.5
    endloop
  endfacet
  facet normal 0 0 -1
    outer loop
      vertex 119.302 13.7619 69.5
      vertex 130 8 69.5
      vertex 119.405 13.6 69.5
    endloop
  endfacet
  facet normal 0 0 -1
    outer loop
      vertex 115.228 78.4586 69.5
      vertex 130 122 69.5
      vertex 116.21 74.0297 69.5
    endloop
  endfacet
  facet normal 0 0 -1
    outer loop
      vertex 119.185 13.9141 69.5
      vertex 130 8 69.5
      vertex 119.302 13.7619 69.5
    endloop
  endfacet
  facet normal 0 0 -1
    outer loop
      vertex 130 122 69.5
      vertex 119.567 116.748 69.5
      vertex 119.625 116.931 69.5
    endloop
  endfacet
  facet normal 0 0 -1
    outer loop
      vertex 119.056 14.0556 69.5
      vertex 130 8 69.5
      vertex 119.185 13.9141 69.5
    endloop
  endfacet
  facet normal 0 0 -1
    outer loop
      vertex 130 122 69.5
      vertex 119.494 116.57 69.5
      vertex 119.567 116.748 69.5
    endloop
  endfacet
  facet normal 0 0 -1
    outer loop
      vertex 112.128 43.0238 69.5
      vertex 130 8 69.5
      vertex 119.056 14.0556 69.5
    endloop
  endfacet
  facet normal 0 0 -1
    outer loop
      vertex 113.864 82.785 69.5
      vertex 130 122 69.5
      vertex 115.228 78.4586 69.5
    endloop
  endfacet
  facet normal 0 0 -1
    outer loop
      vertex 112.128 43.0238 69.5
      vertex 119.056 14.0556 69.5
      vertex 118.914 14.1853 69.5
    endloop
  endfacet
  facet normal 0 0 -1
    outer loop
      vertex 130 122 69.5
      vertex 119.405 116.4 69.5
      vertex 119.494 116.57 69.5
    endloop
  endfacet
  facet normal 0 0 -1
    outer loop
      vertex 112.128 43.0238 69.5
      vertex 118.914 14.1853 69.5
      vertex 118.762 14.3021 69.5
    endloop
  endfacet
  facet normal 0 0 -1
    outer loop
      vertex 130 122 69.5
      vertex 119.302 116.238 69.5
      vertex 119.405 116.4 69.5
    endloop
  endfacet
  facet normal 0 0 -1
    outer loop
      vertex 112.128 43.0238 69.5
      vertex 118.762 14.3021 69.5
      vertex 118.6 14.4053 69.5
    endloop
  endfacet
  facet normal 0 0 -1
    outer loop
      vertex 112.128 86.9762 69.5
      vertex 130 122 69.5
      vertex 113.864 82.785 69.5
    endloop
  endfacet
  facet normal 0 0 -1
    outer loop
      vertex 110.033 39 69.5
      vertex 118.6 14.4053 69.5
      vertex 118.43 14.4939 69.5
    endloop
  endfacet
  facet normal 0 0 -1
    outer loop
      vertex 130 122 69.5
      vertex 119.185 116.086 69.5
      vertex 119.302 116.238 69.5
    endloop
  endfacet
  facet normal 0 0 -1
    outer loop
      vertex 110.033 39 69.5
      vertex 118.43 14.4939 69.5
      vertex 118.252 14.5673 69.5
    endloop
  endfacet
  facet normal 0 0 -1
    outer loop
      vertex 130 122 69.5
      vertex 119.056 115.944 69.5
      vertex 119.185 116.086 69.5
    endloop
  endfacet
  facet normal 0 0 -1
    outer loop
      vertex 110.033 39 69.5
      vertex 118.252 14.5673 69.5
      vertex 118.069 14.625 69.5
    endloop
  endfacet
  facet normal 0 0 -1
    outer loop
      vertex 130 122 69.5
      vertex 112.128 86.9762 69.5
      vertex 119.056 115.944 69.5
    endloop
  endfacet
  facet normal 0 0 -1
    outer loop
      vertex 110.033 39 69.5
      vertex 118.069 14.625 69.5
      vertex 117.882 14.6666 69.5
    endloop
  endfacet
  facet normal 0 0 -1
    outer loop
      vertex 119.056 115.944 69.5
      vertex 112.128 86.9762 69.5
      vertex 118.914 115.815 69.5
    endloop
  endfacet
  facet normal 0 0 -1
    outer loop
      vertex 107.596 35.174 69.5
      vertex 117.882 14.6666 69.5
      vertex 117.692 14.6916 69.5
    endloop
  endfacet
  facet normal 0 0 -1
    outer loop
      vertex 118.914 115.815 69.5
      vertex 112.128 86.9762 69.5
      vertex 118.762 115.698 69.5
    endloop
  endfacet
  facet normal 0 0 -1
    outer loop
      vertex 107.596 35.174 69.5
      vertex 117.692 14.6916 69.5
      vertex 117.5 14.7 69.5
    endloop
  endfacet
  facet normal 0 0 -1
    outer loop
      vertex 118.762 115.698 69.5
      vertex 112.128 86.9762 69.5
      vertex 118.6 115.595 69.5
    endloop
  endfacet
  facet normal 0 0 -1
    outer loop
      vertex 107.596 35.174 69.5
      vertex 117.5 14.7 69.5
      vertex 117.308 14.6916 69.5
    endloop
  endfacet
  facet normal 0 0 -1
    outer loop
      vertex 110.033 91 69.5
      vertex 118.6 115.595 69.5
      vertex 112.128 86.9762 69.5
    endloop
  endfacet
  facet normal 0 0 -1
    outer loop
      vertex 107.596 35.174 69.5
      vertex 117.308 14.6916 69.5
      vertex 117.118 14.6666 69.5
    endloop
  endfacet
  facet normal 0 0 -1
    outer loop
      vertex 118.6 115.595 69.5
      vertex 110.033 91 69.5
      vertex 118.43 115.506 69.5
    endloop
  endfacet
  facet normal 0 0 -1
    outer loop
      vertex 118.43 115.506 69.5
      vertex 110.033 91 69.5
      vertex 118.252 115.433 69.5
    endloop
  endfacet
  facet normal 0 0 -1
    outer loop
      vertex 104.834 31.575 69.5
      vertex 117.118 14.6666 69.5
      vertex 116.931 14.625 69.5
    endloop
  endfacet
  facet normal 0 0 -1
    outer loop
      vertex 130 8 69.5
      vertex 117 65 69.5
      vertex 130 122 69.5
    endloop
  endfacet
  facet normal 0 0 -1
    outer loop
      vertex 104.834 31.575 69.5
      vertex 116.931 14.625 69.5
      vertex 116.748 14.5673 69.5
    endloop
  endfacet
  facet normal 0 0 -1
    outer loop
      vertex 104.834 31.575 69.5
      vertex 116.748 14.5673 69.5
      vertex 116.57 14.4939 69.5
    endloop
  endfacet
  facet normal 0 0 -1
    outer loop
      vertex 104.834 31.575 69.5
      vertex 116.57 14.4939 69.5
      vertex 116.4 14.4053 69.5
    endloop
  endfacet
  facet normal 0 0 -1
    outer loop
      vertex 104.834 31.575 69.5
      vertex 116.4 14.4053 69.5
      vertex 116.238 14.3021 69.5
    endloop
  endfacet
  facet normal 0 0 -1
    outer loop
      vertex 130 8 69.5
      vertex 116.21 55.9703 69.5
      vertex 116.802 60.4679 69.5
    endloop
  endfacet
  facet normal 0 0 -1
    outer loop
      vertex 101.77 28.2304 69.5
      vertex 116.238 14.3021 69.5
      vertex 116.086 14.1853 69.5
    endloop
  endfacet
  facet normal 0 0 -1
    outer loop
      vertex 101.77 28.2304 69.5
      vertex 116.086 14.1853 69.5
      vertex 115.944 14.0556 69.5
    endloop
  endfacet
  facet normal 0 0 -1
    outer loop
      vertex 101.77 28.2304 69.5
      vertex 115.944 14.0556 69.5
      vertex 115.815 13.9141 69.5
    endloop
  endfacet
  facet normal 0 0 -1
    outer loop
      vertex 101.77 28.2304 69.5
      vertex 115.815 13.9141 69.5
      vertex 115.698 13.7619 69.5
    endloop
  endfacet
  facet normal 0 0 -1
    outer loop
      vertex 101.77 28.2304 69.5
      vertex 115.698 13.7619 69.5
      vertex 115.595 13.6 69.5
    endloop
  endfacet
  facet normal 0 0 -1
    outer loop
      vertex 98.425 25.1657 69.5
      vertex 115.595 13.6 69.5
      vertex 115.506 13.4298 69.5
    endloop
  endfacet
  facet normal 0 0 -1
    outer loop
      vertex 98.425 25.1657 69.5
      vertex 115.506 13.4298 69.5
      vertex 115.433 13.2524 69.5
    endloop
  endfacet
  facet normal 0 0 -1
    outer loop
      vertex 98.425 25.1657 69.5
      vertex 115.433 13.2524 69.5
      vertex 115.375 13.0694 69.5
    endloop
  endfacet
  facet normal 0 0 -1
    outer loop
      vertex 98.425 25.1657 69.5
      vertex 115.375 13.0694 69.5
      vertex 115.333 12.882 69.5
    endloop
  endfacet
  facet normal 0 0 -1
    outer loop
      vertex 94.826 22.4041 69.5
      vertex 115.333 12.882 69.5
      vertex 115.308 12.6917 69.5
    endloop
  endfacet
  facet normal 0 0 -1
    outer loop
      vertex 94.826 22.4041 69.5
      vertex 115.308 12.6917 69.5
      vertex 115.3 12.5 69.5
    endloop
  endfacet
  facet normal 0 0 -1
    outer loop
      vertex 130 8 69.5
      vertex 115.228 51.5414 69.5
      vertex 116.21 55.9703 69.5
    endloop
  endfacet
  facet normal 0 0 -1
    outer loop
      vertex 119.302 11.2381 69.5
      vertex 130 8 69.5
      vertex 129.97 7.30275 69.5
    endloop
  endfacet
  facet normal 0 0 -1
    outer loop
      vertex 119.692 12.6917 69.5
      vertex 130 8 69.5
      vertex 119.7 12.5 69.5
    endloop
  endfacet
  facet normal 0 0 -1
    outer loop
      vertex 119.302 11.2381 69.5
      vertex 129.97 7.30275 69.5
      vertex 129.878 6.61081 69.5
    endloop
  endfacet
  facet normal 0 0 -1
    outer loop
      vertex 119.667 12.882 69.5
      vertex 130 8 69.5
      vertex 119.692 12.6917 69.5
    endloop
  endfacet
  facet normal 0 0 -1
    outer loop
      vertex 119.302 11.2381 69.5
      vertex 129.878 6.61081 69.5
      vertex 129.727 5.92945 69.5
    endloop
  endfacet
  facet normal 0 0 -1
    outer loop
      vertex 119.692 117.692 69.5
      vertex 130 122 69.5
      vertex 119.7 117.5 69.5
    endloop
  endfacet
  facet normal 0 0 -1
    outer loop
      vertex 119.185 11.0859 69.5
      vertex 129.727 5.92945 69.5
      vertex 129.518 5.26384 69.5
    endloop
  endfacet
  facet normal 0 0 -1
    outer loop
      vertex 119.667 117.882 69.5
      vertex 130 122 69.5
      vertex 119.692 117.692 69.5
    endloop
  endfacet
  facet normal 0 0 -1
    outer loop
      vertex 119.185 11.0859 69.5
      vertex 129.518 5.26384 69.5
      vertex 129.25 4.61905 69.5
    endloop
  endfacet
  facet normal 0 0 -1
    outer loop
      vertex 119.625 118.069 69.5
      vertex 130 122 69.5
      vertex 119.667 117.882 69.5
    endloop
  endfacet
  facet normal 0 0 -1
    outer loop
      vertex 119.185 11.0859 69.5
      vertex 129.25 4.61905 69.5
      vertex 128.928 4 69.5
    endloop
  endfacet
  facet normal 0 0 -1
    outer loop
      vertex 119.567 118.252 69.5
      vertex 130 122 69.5
      vertex 119.625 118.069 69.5
    endloop
  endfacet
  facet normal 0 0 -1
    outer loop
      vertex 119.185 11.0859 69.5
      vertex 128.928 4 69.5
      vertex 128.553 3.41139 69.5
    endloop
  endfacet
  facet normal 0 0 -1
    outer loop
      vertex 119.494 118.43 69.5
      vertex 130 122 69.5
      vertex 119.567 118.252 69.5
    endloop
  endfacet
  facet normal 0 0 -1
    outer loop
      vertex 119.056 10.9444 69.5
      vertex 128.553 3.41139 69.5
      vertex 128.128 2.8577 69.5
    endloop
  endfacet
  facet normal 0 0 -1
    outer loop
      vertex 119.405 118.6 69.5
      vertex 130 122 69.5
      vertex 119.494 118.43 69.5
    endloop
  endfacet
  facet normal 0 0 -1
    outer loop
      vertex 119.056 10.9444 69.5
      vertex 128.128 2.8577 69.5
      vertex 127.657 2.34315 69.5
    endloop
  endfacet
  facet normal 0 0 -1
    outer loop
      vertex 119.302 118.762 69.5
      vertex 130 122 69.5
      vertex 119.405 118.6 69.5
    endloop
  endfacet
  facet normal 0 0 -1
    outer loop
      vertex 119.056 10.9444 69.5
      vertex 127.657 2.34315 69.5
      vertex 127.142 1.87164 69.5
    endloop
  endfacet
  facet normal -0 0 -1
    outer loop
      vertex 130 122 69.5
      vertex 119.302 118.762 69.5
      vertex 129.97 122.697 69.5
    endloop
  endfacet
  facet normal 0 0 -1
    outer loop
      vertex 119.056 10.9444 69.5
      vertex 127.142 1.87164 69.5
      vertex 126.589 1.44678 69.5
    endloop
  endfacet
  facet normal -0 0 -1
    outer loop
      vertex 129.97 122.697 69.5
      vertex 119.302 118.762 69.5
      vertex 129.878 123.389 69.5
    endloop
  endfacet
  facet normal 0 0 -1
    outer loop
      vertex 119.056 10.9444 69.5
      vertex 126.589 1.44678 69.5
      vertex 126 1.0718 69.5
    endloop
  endfacet
  facet normal -0 0 -1
    outer loop
      vertex 129.878 123.389 69.5
      vertex 119.302 118.762 69.5
      vertex 129.727 124.071 69.5
    endloop
  endfacet
  facet normal 0 0 -1
    outer loop
      vertex 118.914 10.8147 69.5
      vertex 126 1.0718 69.5
      vertex 125.381 0.749537 69.5
    endloop
  endfacet
  facet normal 0 0 -1
    outer loop
      vertex 119.185 118.914 69.5
      vertex 129.727 124.071 69.5
      vertex 119.302 118.762 69.5
    endloop
  endfacet
  facet normal 0 0 -1
    outer loop
      vertex 118.914 10.8147 69.5
      vertex 125.381 0.749537 69.5
      vertex 124.736 0.482458 69.5
    endloop
  endfacet
  facet normal -0 0 -1
    outer loop
      vertex 129.727 124.071 69.5
      vertex 119.185 118.914 69.5
      vertex 129.518 124.736 69.5
    endloop
  endfacet
  facet normal 0 0 -1
    outer loop
      vertex 118.914 10.8147 69.5
      vertex 124.736 0.482458 69.5
      vertex 124.071 0.272593 69.5
    endloop
  endfacet
  facet normal -0 0 -1
    outer loop
      vertex 129.518 124.736 69.5
      vertex 119.185 118.914 69.5
      vertex 129.25 125.381 69.5
    endloop
  endfacet
  facet normal 0 0 -1
    outer loop
      vertex 118.914 10.8147 69.5
      vertex 124.071 0.272593 69.5
      vertex 123.389 0.121537 69.5
    endloop
  endfacet
  facet normal -0 0 -1
    outer loop
      vertex 129.25 125.381 69.5
      vertex 119.185 118.914 69.5
      vertex 128.928 126 69.5
    endloop
  endfacet
  facet normal 0 0 -1
    outer loop
      vertex 118.762 10.6979 69.5
      vertex 123.389 0.121537 69.5
      vertex 122.697 0.0304422 69.5
    endloop
  endfacet
  facet normal -0 0 -1
    outer loop
      vertex 128.928 126 69.5
      vertex 119.185 118.914 69.5
      vertex 128.553 126.589 69.5
    endloop
  endfacet
  facet normal 0 0 -1
    outer loop
      vertex 118.762 10.6979 69.5
      vertex 122.697 0.0304422 69.5
      vertex 122 0 69.5
    endloop
  endfacet
  facet normal 0 0 -1
    outer loop
      vertex 119.056 119.056 69.5
      vertex 128.553 126.589 69.5
      vertex 119.185 118.914 69.5
    endloop
  endfacet
  facet normal -0 0 -1
    outer loop
      vertex 128.553 126.589 69.5
      vertex 119.056 119.056 69.5
      vertex 128.128 127.142 69.5
    endloop
  endfacet
  facet normal 0 0 -1
    outer loop
      vertex 130 8 69.5
      vertex 119.692 12.3083 69.5
      vertex 119.7 12.5 69.5
    endloop
  endfacet
  facet normal 0 0 -1
    outer loop
      vertex 130 8 69.5
      vertex 119.667 12.118 69.5
      vertex 119.692 12.3083 69.5
    endloop
  endfacet
  facet normal 0 0 -1
    outer loop
      vertex 130 8 69.5
      vertex 119.625 11.9306 69.5
      vertex 119.667 12.118 69.5
    endloop
  endfacet
  facet normal 0 0 -1
    outer loop
      vertex 130 8 69.5
      vertex 119.567 11.7476 69.5
      vertex 119.625 11.9306 69.5
    endloop
  endfacet
  facet normal 0 0 -1
    outer loop
      vertex 130 8 69.5
      vertex 119.494 11.5702 69.5
      vertex 119.567 11.7476 69.5
    endloop
  endfacet
  facet normal 0 0 -1
    outer loop
      vertex 130 8 69.5
      vertex 119.405 11.4 69.5
      vertex 119.494 11.5702 69.5
    endloop
  endfacet
  facet normal 0 0 -1
    outer loop
      vertex 130 8 69.5
      vertex 119.302 11.2381 69.5
      vertex 119.405 11.4 69.5
    endloop
  endfacet
  facet normal 0 0 -1
    outer loop
      vertex 129.727 5.92945 69.5
      vertex 119.185 11.0859 69.5
      vertex 119.302 11.2381 69.5
    endloop
  endfacet
  facet normal 0 0 -1
    outer loop
      vertex 128.553 3.41139 69.5
      vertex 119.056 10.9444 69.5
      vertex 119.185 11.0859 69.5
    endloop
  endfacet
  facet normal 0 0 -1
    outer loop
      vertex 126 1.0718 69.5
      vertex 118.914 10.8147 69.5
      vertex 119.056 10.9444 69.5
    endloop
  endfacet
  facet normal 0 0 -1
    outer loop
      vertex 123.389 0.121537 69.5
      vertex 118.762 10.6979 69.5
      vertex 118.914 10.8147 69.5
    endloop
  endfacet
  facet normal 0 0 -1
    outer loop
      vertex 122 0 69.5
      vertex 118.6 10.5947 69.5
      vertex 118.762 10.6979 69.5
    endloop
  endfacet
  facet normal 0 0 -1
    outer loop
      vertex 122 0 69.5
      vertex 118.43 10.5061 69.5
      vertex 118.6 10.5947 69.5
    endloop
  endfacet
  facet normal 0 0 -1
    outer loop
      vertex 122 0 69.5
      vertex 118.252 10.4327 69.5
      vertex 118.43 10.5061 69.5
    endloop
  endfacet
  facet normal 0 0 -1
    outer loop
      vertex 122 0 69.5
      vertex 118.069 10.375 69.5
      vertex 118.252 10.4327 69.5
    endloop
  endfacet
  facet normal 0 0 -1
    outer loop
      vertex 122 0 69.5
      vertex 117.882 10.3334 69.5
      vertex 118.069 10.375 69.5
    endloop
  endfacet
  facet normal 0 0 -1
    outer loop
      vertex 122 0 69.5
      vertex 117.692 10.3084 69.5
      vertex 117.882 10.3334 69.5
    endloop
  endfacet
  facet normal 0 0 -1
    outer loop
      vertex 122 0 69.5
      vertex 117.5 10.3 69.5
      vertex 117.692 10.3084 69.5
    endloop
  endfacet
  facet normal 0 0 -1
    outer loop
      vertex 122 0 69.5
      vertex 117.308 10.3084 69.5
      vertex 117.5 10.3 69.5
    endloop
  endfacet
  facet normal 0 0 -1
    outer loop
      vertex 122 0 69.5
      vertex 117.118 10.3334 69.5
      vertex 117.308 10.3084 69.5
    endloop
  endfacet
  facet normal 0 0 -1
    outer loop
      vertex 122 0 69.5
      vertex 116.931 10.375 69.5
      vertex 117.118 10.3334 69.5
    endloop
  endfacet
  facet normal 0 0 -1
    outer loop
      vertex 122 0 69.5
      vertex 116.748 10.4327 69.5
      vertex 116.931 10.375 69.5
    endloop
  endfacet
  facet normal 0 0 -1
    outer loop
      vertex 122 0 69.5
      vertex 116.57 10.5061 69.5
      vertex 116.748 10.4327 69.5
    endloop
  endfacet
  facet normal 0 0 -1
    outer loop
      vertex 122 0 69.5
      vertex 116.4 10.5947 69.5
      vertex 116.57 10.5061 69.5
    endloop
  endfacet
  facet normal 0 0 -1
    outer loop
      vertex 122 0 69.5
      vertex 116.238 10.6979 69.5
      vertex 116.4 10.5947 69.5
    endloop
  endfacet
  facet normal 0 0 -1
    outer loop
      vertex 122 0 69.5
      vertex 116.086 10.8147 69.5
      vertex 116.238 10.6979 69.5
    endloop
  endfacet
  facet normal 0 0 -1
    outer loop
      vertex 122 0 69.5
      vertex 115.944 10.9444 69.5
      vertex 116.086 10.8147 69.5
    endloop
  endfacet
  facet normal 0 0 -1
    outer loop
      vertex 122 0 69.5
      vertex 115.815 11.0859 69.5
      vertex 115.944 10.9444 69.5
    endloop
  endfacet
  facet normal 0 0 -1
    outer loop
      vertex 86.9762 17.872 69.5
      vertex 115.815 11.0859 69.5
      vertex 122 0 69.5
    endloop
  endfacet
  facet normal 0 0 -1
    outer loop
      vertex 115.815 11.0859 69.5
      vertex 86.9762 17.872 69.5
      vertex 115.698 11.2381 69.5
    endloop
  endfacet
  facet normal 0 0 -1
    outer loop
      vertex 130 8 69.5
      vertex 113.864 47.215 69.5
      vertex 115.228 51.5414 69.5
    endloop
  endfacet
  facet normal 0 0 -1
    outer loop
      vertex 130 8 69.5
      vertex 112.128 43.0238 69.5
      vertex 113.864 47.215 69.5
    endloop
  endfacet
  facet normal 0 0 -1
    outer loop
      vertex 94.826 22.4041 69.5
      vertex 115.3 12.5 69.5
      vertex 115.308 12.3083 69.5
    endloop
  endfacet
  facet normal 0 0 -1
    outer loop
      vertex 118.6 14.4053 69.5
      vertex 110.033 39 69.5
      vertex 112.128 43.0238 69.5
    endloop
  endfacet
  facet normal 0 0 -1
    outer loop
      vertex 94.826 22.4041 69.5
      vertex 115.308 12.3083 69.5
      vertex 115.333 12.118 69.5
    endloop
  endfacet
  facet normal 0 0 -1
    outer loop
      vertex 117.882 14.6666 69.5
      vertex 107.596 35.174 69.5
      vertex 110.033 39 69.5
    endloop
  endfacet
  facet normal 0 0 -1
    outer loop
      vertex 94.826 22.4041 69.5
      vertex 115.333 12.118 69.5
      vertex 115.375 11.9306 69.5
    endloop
  endfacet
  facet normal 0 0 -1
    outer loop
      vertex 91 19.9667 69.5
      vertex 115.375 11.9306 69.5
      vertex 115.433 11.7476 69.5
    endloop
  endfacet
  facet normal 0 0 -1
    outer loop
      vertex 117.118 14.6666 69.5
      vertex 104.834 31.575 69.5
      vertex 107.596 35.174 69.5
    endloop
  endfacet
  facet normal 0 0 -1
    outer loop
      vertex 91 19.9667 69.5
      vertex 115.433 11.7476 69.5
      vertex 115.506 11.5702 69.5
    endloop
  endfacet
  facet normal 0 0 -1
    outer loop
      vertex 91 19.9667 69.5
      vertex 115.506 11.5702 69.5
      vertex 115.595 11.4 69.5
    endloop
  endfacet
  facet normal 0 0 -1
    outer loop
      vertex 116.238 14.3021 69.5
      vertex 101.77 28.2304 69.5
      vertex 104.834 31.575 69.5
    endloop
  endfacet
  facet normal 0 0 -1
    outer loop
      vertex 115.698 11.2381 69.5
      vertex 86.9762 17.872 69.5
      vertex 115.595 11.4 69.5
    endloop
  endfacet
  facet normal 0 0 -1
    outer loop
      vertex 115.595 13.6 69.5
      vertex 98.425 25.1657 69.5
      vertex 101.77 28.2304 69.5
    endloop
  endfacet
  facet normal 0 0 -1
    outer loop
      vertex 115.333 12.882 69.5
      vertex 94.826 22.4041 69.5
      vertex 98.425 25.1657 69.5
    endloop
  endfacet
  facet normal 0 0 -1
    outer loop
      vertex 115.375 11.9306 69.5
      vertex 91 19.9667 69.5
      vertex 94.826 22.4041 69.5
    endloop
  endfacet
  facet normal 0 0 -1
    outer loop
      vertex 115.595 11.4 69.5
      vertex 86.9762 17.872 69.5
      vertex 91 19.9667 69.5
    endloop
  endfacet
  facet normal 0 0 -1
    outer loop
      vertex 122 0 69.5
      vertex 82.785 16.136 69.5
      vertex 86.9762 17.872 69.5
    endloop
  endfacet
  facet normal 0 0 -1
    outer loop
      vertex 122 0 69.5
      vertex 78.4586 14.7719 69.5
      vertex 82.785 16.136 69.5
    endloop
  endfacet
  facet normal 0 0 -1
    outer loop
      vertex 122 0 69.5
      vertex 74.0297 13.79 69.5
      vertex 78.4586 14.7719 69.5
    endloop
  endfacet
  facet normal 0 0 -1
    outer loop
      vertex 122 0 69.5
      vertex 69.5321 13.1979 69.5
      vertex 74.0297 13.79 69.5
    endloop
  endfacet
  facet normal 0 0 -1
    outer loop
      vertex 122 0 69.5
      vertex 65 13 69.5
      vertex 69.5321 13.1979 69.5
    endloop
  endfacet
  facet normal 0 0 -1
    outer loop
      vertex 8 0 69.5
      vertex 65 13 69.5
      vertex 122 0 69.5
    endloop
  endfacet
  facet normal -0 0 -1
    outer loop
      vertex 65 13 69.5
      vertex 8 0 69.5
      vertex 60.4679 13.1979 69.5
    endloop
  endfacet
  facet normal -0 0 -1
    outer loop
      vertex 31.575 25.1657 69.5
      vertex 14.4053 13.6 69.5
      vertex 28.2304 28.2304 69.5
    endloop
  endfacet
  facet normal 0 0 -1
    outer loop
      vertex 14.4053 13.6 69.5
      vertex 31.575 25.1657 69.5
      vertex 14.4939 13.4298 69.5
    endloop
  endfacet
  facet normal 0 0 -1
    outer loop
      vertex 14.4939 13.4298 69.5
      vertex 31.575 25.1657 69.5
      vertex 14.5673 13.2524 69.5
    endloop
  endfacet
  facet normal 0 0 -1
    outer loop
      vertex 14.5673 13.2524 69.5
      vertex 31.575 25.1657 69.5
      vertex 14.625 13.0694 69.5
    endloop
  endfacet
  facet normal 0 0 -1
    outer loop
      vertex 14.625 13.0694 69.5
      vertex 31.575 25.1657 69.5
      vertex 14.6666 12.882 69.5
    endloop
  endfacet
  facet normal -0 0 -1
    outer loop
      vertex 35.174 22.4041 69.5
      vertex 14.6666 12.882 69.5
      vertex 31.575 25.1657 69.5
    endloop
  endfacet
  facet normal 0 0 -1
    outer loop
      vertex 14.6666 12.882 69.5
      vertex 35.174 22.4041 69.5
      vertex 14.6916 12.6917 69.5
    endloop
  endfacet
  facet normal 0 0 -1
    outer loop
      vertex 14.6916 12.6917 69.5
      vertex 35.174 22.4041 69.5
      vertex 14.7 12.5 69.5
    endloop
  endfacet
  facet normal 0 0 -1
    outer loop
      vertex 14.6666 12.118 69.5
      vertex 35.174 22.4041 69.5
      vertex 39 19.9667 69.5
    endloop
  endfacet
  facet normal 0 0 -1
    outer loop
      vertex 14.4053 11.4 69.5
      vertex 39 19.9667 69.5
      vertex 43.0238 17.872 69.5
    endloop
  endfacet
  facet normal 0 0 -1
    outer loop
      vertex 8 0 69.5
      vertex 43.0238 17.872 69.5
      vertex 47.215 16.136 69.5
    endloop
  endfacet
  facet normal 0 0 -1
    outer loop
      vertex 8 0 69.5
      vertex 47.215 16.136 69.5
      vertex 51.5414 14.7719 69.5
    endloop
  endfacet
  facet normal 0 0 -1
    outer loop
      vertex 8 0 69.5
      vertex 51.5414 14.7719 69.5
      vertex 55.9703 13.79 69.5
    endloop
  endfacet
  facet normal -0 0 -1
    outer loop
      vertex 60.4679 13.1979 69.5
      vertex 8 0 69.5
      vertex 55.9703 13.79 69.5
    endloop
  endfacet
  facet normal 0 0 -1
    outer loop
      vertex 35.174 22.4041 69.5
      vertex 14.6916 12.3083 69.5
      vertex 14.7 12.5 69.5
    endloop
  endfacet
  facet normal 0 0 -1
    outer loop
      vertex 35.174 22.4041 69.5
      vertex 14.6666 12.118 69.5
      vertex 14.6916 12.3083 69.5
    endloop
  endfacet
  facet normal 0 0 -1
    outer loop
      vertex 39 19.9667 69.5
      vertex 14.625 11.9306 69.5
      vertex 14.6666 12.118 69.5
    endloop
  endfacet
  facet normal 0 0 -1
    outer loop
      vertex 39 19.9667 69.5
      vertex 14.5673 11.7476 69.5
      vertex 14.625 11.9306 69.5
    endloop
  endfacet
  facet normal 0 0 -1
    outer loop
      vertex 39 19.9667 69.5
      vertex 14.4939 11.5702 69.5
      vertex 14.5673 11.7476 69.5
    endloop
  endfacet
  facet normal 0 0 -1
    outer loop
      vertex 39 19.9667 69.5
      vertex 14.4053 11.4 69.5
      vertex 14.4939 11.5702 69.5
    endloop
  endfacet
  facet normal 0 0 -1
    outer loop
      vertex 43.0238 17.872 69.5
      vertex 14.3021 11.2381 69.5
      vertex 14.4053 11.4 69.5
    endloop
  endfacet
  facet normal 0 0 -1
    outer loop
      vertex 43.0238 17.872 69.5
      vertex 8 0 69.5
      vertex 14.1853 11.0859 69.5
    endloop
  endfacet
  facet normal 0 0 -1
    outer loop
      vertex 43.0238 17.872 69.5
      vertex 14.1853 11.0859 69.5
      vertex 14.3021 11.2381 69.5
    endloop
  endfacet
  facet normal 0 0 -1
    outer loop
      vertex 14.1853 11.0859 69.5
      vertex 8 0 69.5
      vertex 14.0556 10.9444 69.5
    endloop
  endfacet
  facet normal 0 0 -1
    outer loop
      vertex 14.0556 10.9444 69.5
      vertex 8 0 69.5
      vertex 13.9141 10.8147 69.5
    endloop
  endfacet
  facet normal 0 0 -1
    outer loop
      vertex 13.9141 10.8147 69.5
      vertex 8 0 69.5
      vertex 13.7619 10.6979 69.5
    endloop
  endfacet
  facet normal 0 0 -1
    outer loop
      vertex 13.7619 10.6979 69.5
      vertex 8 0 69.5
      vertex 13.6 10.5947 69.5
    endloop
  endfacet
  facet normal 0 0 -1
    outer loop
      vertex 13.6 10.5947 69.5
      vertex 8 0 69.5
      vertex 13.4298 10.5061 69.5
    endloop
  endfacet
  facet normal 0 0 -1
    outer loop
      vertex 13.4298 10.5061 69.5
      vertex 8 0 69.5
      vertex 13.2524 10.4327 69.5
    endloop
  endfacet
  facet normal 0 0 -1
    outer loop
      vertex 13.2524 10.4327 69.5
      vertex 8 0 69.5
      vertex 13.0694 10.375 69.5
    endloop
  endfacet
  facet normal 0 0 -1
    outer loop
      vertex 13.0694 10.375 69.5
      vertex 8 0 69.5
      vertex 12.882 10.3334 69.5
    endloop
  endfacet
  facet normal 0 0 -1
    outer loop
      vertex 12.882 10.3334 69.5
      vertex 8 0 69.5
      vertex 12.6917 10.3084 69.5
    endloop
  endfacet
  facet normal 0 0 -1
    outer loop
      vertex 12.6917 10.3084 69.5
      vertex 8 0 69.5
      vertex 12.5 10.3 69.5
    endloop
  endfacet
  facet normal 0 0 -1
    outer loop
      vertex 1.87164 2.8577 69.5
      vertex 10.9444 10.9444 69.5
      vertex 2.34315 2.34315 69.5
    endloop
  endfacet
  facet normal 0 0 -1
    outer loop
      vertex 2.34315 2.34315 69.5
      vertex 10.9444 10.9444 69.5
      vertex 2.8577 1.87164 69.5
    endloop
  endfacet
  facet normal 0 0 -1
    outer loop
      vertex 2.8577 1.87164 69.5
      vertex 10.9444 10.9444 69.5
      vertex 3.41139 1.44678 69.5
    endloop
  endfacet
  facet normal 0 0 -1
    outer loop
      vertex 3.41139 1.44678 69.5
      vertex 10.9444 10.9444 69.5
      vertex 4 1.0718 69.5
    endloop
  endfacet
  facet normal -0 0 -1
    outer loop
      vertex 11.0859 10.8147 69.5
      vertex 4 1.0718 69.5
      vertex 10.9444 10.9444 69.5
    endloop
  endfacet
  facet normal 0 0 -1
    outer loop
      vertex 4 1.0718 69.5
      vertex 11.0859 10.8147 69.5
      vertex 4.61905 0.749537 69.5
    endloop
  endfacet
  facet normal 0 0 -1
    outer loop
      vertex 4.61905 0.749537 69.5
      vertex 11.0859 10.8147 69.5
      vertex 5.26384 0.482458 69.5
    endloop
  endfacet
  facet normal 0 0 -1
    outer loop
      vertex 5.26384 0.482458 69.5
      vertex 11.0859 10.8147 69.5
      vertex 5.92945 0.272593 69.5
    endloop
  endfacet
  facet normal 0 0 -1
    outer loop
      vertex 5.92945 0.272593 69.5
      vertex 11.0859 10.8147 69.5
      vertex 6.61081 0.121537 69.5
    endloop
  endfacet
  facet normal -0 0 -1
    outer loop
      vertex 11.2381 10.6979 69.5
      vertex 6.61081 0.121537 69.5
      vertex 11.0859 10.8147 69.5
    endloop
  endfacet
  facet normal 0 0 -1
    outer loop
      vertex 6.61081 0.121537 69.5
      vertex 11.2381 10.6979 69.5
      vertex 7.30275 0.0304422 69.5
    endloop
  endfacet
  facet normal 0 0 -1
    outer loop
      vertex 7.30275 0.0304422 69.5
      vertex 11.2381 10.6979 69.5
      vertex 8 0 69.5
    endloop
  endfacet
  facet normal -0 0 -1
    outer loop
      vertex 11.4 10.5947 69.5
      vertex 8 0 69.5
      vertex 11.2381 10.6979 69.5
    endloop
  endfacet
  facet normal -0 0 -1
    outer loop
      vertex 11.5702 10.5061 69.5
      vertex 8 0 69.5
      vertex 11.4 10.5947 69.5
    endloop
  endfacet
  facet normal -0 0 -1
    outer loop
      vertex 11.7476 10.4327 69.5
      vertex 8 0 69.5
      vertex 11.5702 10.5061 69.5
    endloop
  endfacet
  facet normal -0 0 -1
    outer loop
      vertex 11.9306 10.375 69.5
      vertex 8 0 69.5
      vertex 11.7476 10.4327 69.5
    endloop
  endfacet
  facet normal -0 0 -1
    outer loop
      vertex 12.118 10.3334 69.5
      vertex 8 0 69.5
      vertex 11.9306 10.375 69.5
    endloop
  endfacet
  facet normal -0 0 -1
    outer loop
      vertex 12.3083 10.3084 69.5
      vertex 8 0 69.5
      vertex 12.118 10.3334 69.5
    endloop
  endfacet
  facet normal -0 0 -1
    outer loop
      vertex 12.5 10.3 69.5
      vertex 8 0 69.5
      vertex 12.3083 10.3084 69.5
    endloop
  endfacet
  facet normal -0 0 -1
    outer loop
      vertex 128.128 127.142 69.5
      vertex 119.056 119.056 69.5
      vertex 127.657 127.657 69.5
    endloop
  endfacet
  facet normal -0 0 -1
    outer loop
      vertex 127.657 127.657 69.5
      vertex 119.056 119.056 69.5
      vertex 127.142 128.128 69.5
    endloop
  endfacet
  facet normal -0 0 -1
    outer loop
      vertex 127.142 128.128 69.5
      vertex 119.056 119.056 69.5
      vertex 126.589 128.553 69.5
    endloop
  endfacet
  facet normal -0 0 -1
    outer loop
      vertex 126.589 128.553 69.5
      vertex 119.056 119.056 69.5
      vertex 126 128.928 69.5
    endloop
  endfacet
  facet normal 0 0 -1
    outer loop
      vertex 118.914 119.185 69.5
      vertex 126 128.928 69.5
      vertex 119.056 119.056 69.5
    endloop
  endfacet
  facet normal -0 0 -1
    outer loop
      vertex 126 128.928 69.5
      vertex 118.914 119.185 69.5
      vertex 125.381 129.25 69.5
    endloop
  endfacet
  facet normal -0 0 -1
    outer loop
      vertex 125.381 129.25 69.5
      vertex 118.914 119.185 69.5
      vertex 124.736 129.518 69.5
    endloop
  endfacet
  facet normal -0 0 -1
    outer loop
      vertex 124.736 129.518 69.5
      vertex 118.914 119.185 69.5
      vertex 124.071 129.727 69.5
    endloop
  endfacet
  facet normal -0 0 -1
    outer loop
      vertex 124.071 129.727 69.5
      vertex 118.914 119.185 69.5
      vertex 123.389 129.878 69.5
    endloop
  endfacet
  facet normal 0 0 -1
    outer loop
      vertex 118.762 119.302 69.5
      vertex 123.389 129.878 69.5
      vertex 118.914 119.185 69.5
    endloop
  endfacet
  facet normal -0 0 -1
    outer loop
      vertex 123.389 129.878 69.5
      vertex 118.762 119.302 69.5
      vertex 122.697 129.97 69.5
    endloop
  endfacet
  facet normal -0 0 -1
    outer loop
      vertex 122.697 129.97 69.5
      vertex 118.762 119.302 69.5
      vertex 122 130 69.5
    endloop
  endfacet
  facet normal 0 0 -1
    outer loop
      vertex 118.6 119.405 69.5
      vertex 122 130 69.5
      vertex 118.762 119.302 69.5
    endloop
  endfacet
  facet normal 0 0 -1
    outer loop
      vertex 118.43 119.494 69.5
      vertex 122 130 69.5
      vertex 118.6 119.405 69.5
    endloop
  endfacet
  facet normal 0 0 -1
    outer loop
      vertex 118.252 119.567 69.5
      vertex 122 130 69.5
      vertex 118.43 119.494 69.5
    endloop
  endfacet
  facet normal 0 0 -1
    outer loop
      vertex 118.069 119.625 69.5
      vertex 122 130 69.5
      vertex 118.252 119.567 69.5
    endloop
  endfacet
  facet normal 0 0 -1
    outer loop
      vertex 117.882 119.667 69.5
      vertex 122 130 69.5
      vertex 118.069 119.625 69.5
    endloop
  endfacet
  facet normal 0 0 -1
    outer loop
      vertex 117.692 119.692 69.5
      vertex 122 130 69.5
      vertex 117.882 119.667 69.5
    endloop
  endfacet
  facet normal 0 0 -1
    outer loop
      vertex 117.5 119.7 69.5
      vertex 122 130 69.5
      vertex 117.692 119.692 69.5
    endloop
  endfacet
  facet normal 0 0 -1
    outer loop
      vertex 117.308 119.692 69.5
      vertex 122 130 69.5
      vertex 117.5 119.7 69.5
    endloop
  endfacet
  facet normal 0 0 -1
    outer loop
      vertex 117.118 119.667 69.5
      vertex 122 130 69.5
      vertex 117.308 119.692 69.5
    endloop
  endfacet
  facet normal 0 0 -1
    outer loop
      vertex 116.931 119.625 69.5
      vertex 122 130 69.5
      vertex 117.118 119.667 69.5
    endloop
  endfacet
  facet normal 0 0 -1
    outer loop
      vertex 116.748 119.567 69.5
      vertex 122 130 69.5
      vertex 116.931 119.625 69.5
    endloop
  endfacet
  facet normal 0 0 -1
    outer loop
      vertex 116.57 119.494 69.5
      vertex 122 130 69.5
      vertex 116.748 119.567 69.5
    endloop
  endfacet
  facet normal 0 0 -1
    outer loop
      vertex 116.4 119.405 69.5
      vertex 122 130 69.5
      vertex 116.57 119.494 69.5
    endloop
  endfacet
  facet normal 0 0 -1
    outer loop
      vertex 116.238 119.302 69.5
      vertex 122 130 69.5
      vertex 116.4 119.405 69.5
    endloop
  endfacet
  facet normal 0 0 -1
    outer loop
      vertex 116.086 119.185 69.5
      vertex 122 130 69.5
      vertex 116.238 119.302 69.5
    endloop
  endfacet
  facet normal 0 0 -1
    outer loop
      vertex 115.944 119.056 69.5
      vertex 122 130 69.5
      vertex 116.086 119.185 69.5
    endloop
  endfacet
  facet normal 0 0 -1
    outer loop
      vertex 115.815 118.914 69.5
      vertex 122 130 69.5
      vertex 115.944 119.056 69.5
    endloop
  endfacet
  facet normal 0 0 -1
    outer loop
      vertex 86.9762 112.128 69.5
      vertex 115.815 118.914 69.5
      vertex 115.698 118.762 69.5
    endloop
  endfacet
  facet normal 0 0 -1
    outer loop
      vertex 86.9762 112.128 69.5
      vertex 115.698 118.762 69.5
      vertex 115.595 118.6 69.5
    endloop
  endfacet
  facet normal 0 0 -1
    outer loop
      vertex 98.425 104.834 69.5
      vertex 115.595 116.4 69.5
      vertex 101.77 101.77 69.5
    endloop
  endfacet
  facet normal -0 0 -1
    outer loop
      vertex 115.595 116.4 69.5
      vertex 98.425 104.834 69.5
      vertex 115.506 116.57 69.5
    endloop
  endfacet
  facet normal -0 0 -1
    outer loop
      vertex 115.506 116.57 69.5
      vertex 98.425 104.834 69.5
      vertex 115.433 116.748 69.5
    endloop
  endfacet
  facet normal -0 0 -1
    outer loop
      vertex 115.433 116.748 69.5
      vertex 98.425 104.834 69.5
      vertex 115.375 116.931 69.5
    endloop
  endfacet
  facet normal -0 0 -1
    outer loop
      vertex 115.375 116.931 69.5
      vertex 98.425 104.834 69.5
      vertex 115.333 117.118 69.5
    endloop
  endfacet
  facet normal 0 0 -1
    outer loop
      vertex 94.826 107.596 69.5
      vertex 115.333 117.118 69.5
      vertex 98.425 104.834 69.5
    endloop
  endfacet
  facet normal -0 0 -1
    outer loop
      vertex 115.333 117.118 69.5
      vertex 94.826 107.596 69.5
      vertex 115.308 117.308 69.5
    endloop
  endfacet
  facet normal -0 0 -1
    outer loop
      vertex 115.308 117.308 69.5
      vertex 94.826 107.596 69.5
      vertex 115.3 117.5 69.5
    endloop
  endfacet
  facet normal -0 0 -1
    outer loop
      vertex 115.3 117.5 69.5
      vertex 94.826 107.596 69.5
      vertex 115.308 117.692 69.5
    endloop
  endfacet
  facet normal -0 0 -1
    outer loop
      vertex 115.308 117.692 69.5
      vertex 94.826 107.596 69.5
      vertex 115.333 117.882 69.5
    endloop
  endfacet
  facet normal -0 0 -1
    outer loop
      vertex 115.333 117.882 69.5
      vertex 94.826 107.596 69.5
      vertex 115.375 118.069 69.5
    endloop
  endfacet
  facet normal 0 0 -1
    outer loop
      vertex 91 110.033 69.5
      vertex 115.375 118.069 69.5
      vertex 94.826 107.596 69.5
    endloop
  endfacet
  facet normal -0 0 -1
    outer loop
      vertex 115.375 118.069 69.5
      vertex 91 110.033 69.5
      vertex 115.433 118.252 69.5
    endloop
  endfacet
  facet normal -0 0 -1
    outer loop
      vertex 115.433 118.252 69.5
      vertex 91 110.033 69.5
      vertex 115.506 118.43 69.5
    endloop
  endfacet
  facet normal -0 0 -1
    outer loop
      vertex 115.506 118.43 69.5
      vertex 91 110.033 69.5
      vertex 115.595 118.6 69.5
    endloop
  endfacet
  facet normal 0 0 -1
    outer loop
      vertex 86.9762 112.128 69.5
      vertex 115.595 118.6 69.5
      vertex 91 110.033 69.5
    endloop
  endfacet
  facet normal -0 0 -1
    outer loop
      vertex 115.815 118.914 69.5
      vertex 86.9762 112.128 69.5
      vertex 122 130 69.5
    endloop
  endfacet
  facet normal 0 0 -1
    outer loop
      vertex 82.785 113.864 69.5
      vertex 122 130 69.5
      vertex 86.9762 112.128 69.5
    endloop
  endfacet
  facet normal 0 0 -1
    outer loop
      vertex 78.4586 115.228 69.5
      vertex 122 130 69.5
      vertex 82.785 113.864 69.5
    endloop
  endfacet
  facet normal 0 0 -1
    outer loop
      vertex 74.0297 116.21 69.5
      vertex 122 130 69.5
      vertex 78.4586 115.228 69.5
    endloop
  endfacet
  facet normal 0 0 -1
    outer loop
      vertex 69.5321 116.802 69.5
      vertex 122 130 69.5
      vertex 74.0297 116.21 69.5
    endloop
  endfacet
  facet normal 0 0 -1
    outer loop
      vertex 65 117 69.5
      vertex 122 130 69.5
      vertex 69.5321 116.802 69.5
    endloop
  endfacet
  facet normal 0 0 -1
    outer loop
      vertex 8 130 69.5
      vertex 65 117 69.5
      vertex 60.4679 116.802 69.5
    endloop
  endfacet
  facet normal 0 0 -1
    outer loop
      vertex 8 130 69.5
      vertex 60.4679 116.802 69.5
      vertex 55.9703 116.21 69.5
    endloop
  endfacet
  facet normal 0 0 -1
    outer loop
      vertex 0 122 69.5
      vertex 16.136 82.785 69.5
      vertex 14.7719 78.4586 69.5
    endloop
  endfacet
  facet normal 0 0 -1
    outer loop
      vertex 14.6916 117.308 69.5
      vertex 17.872 86.9762 69.5
      vertex 16.136 82.785 69.5
    endloop
  endfacet
  facet normal 0 0 -1
    outer loop
      vertex 14.6916 117.308 69.5
      vertex 19.9667 91 69.5
      vertex 17.872 86.9762 69.5
    endloop
  endfacet
  facet normal 0 0 -1
    outer loop
      vertex 14.6916 117.308 69.5
      vertex 22.4041 94.826 69.5
      vertex 19.9667 91 69.5
    endloop
  endfacet
  facet normal 0 0 -1
    outer loop
      vertex 14.6916 117.308 69.5
      vertex 25.1657 98.425 69.5
      vertex 22.4041 94.826 69.5
    endloop
  endfacet
  facet normal 0 0 -1
    outer loop
      vertex 14.6916 117.308 69.5
      vertex 28.2304 101.77 69.5
      vertex 25.1657 98.425 69.5
    endloop
  endfacet
  facet normal 0 0 -1
    outer loop
      vertex 14.6916 117.308 69.5
      vertex 31.575 104.834 69.5
      vertex 28.2304 101.77 69.5
    endloop
  endfacet
  facet normal 0 0 -1
    outer loop
      vertex 14.6916 117.308 69.5
      vertex 35.174 107.596 69.5
      vertex 31.575 104.834 69.5
    endloop
  endfacet
  facet normal 0 0 -1
    outer loop
      vertex 14.6916 117.692 69.5
      vertex 35.174 107.596 69.5
      vertex 14.7 117.5 69.5
    endloop
  endfacet
  facet normal 0 0 -1
    outer loop
      vertex 14.6666 117.882 69.5
      vertex 35.174 107.596 69.5
      vertex 14.6916 117.692 69.5
    endloop
  endfacet
  facet normal 0 0 -1
    outer loop
      vertex 35.174 107.596 69.5
      vertex 14.6666 117.882 69.5
      vertex 39 110.033 69.5
    endloop
  endfacet
  facet normal 0 0 -1
    outer loop
      vertex 14.625 118.069 69.5
      vertex 39 110.033 69.5
      vertex 14.6666 117.882 69.5
    endloop
  endfacet
  facet normal 0 0 -1
    outer loop
      vertex 14.5673 118.252 69.5
      vertex 39 110.033 69.5
      vertex 14.625 118.069 69.5
    endloop
  endfacet
  facet normal 0 0 -1
    outer loop
      vertex 14.4939 118.43 69.5
      vertex 39 110.033 69.5
      vertex 14.5673 118.252 69.5
    endloop
  endfacet
  facet normal 0 0 -1
    outer loop
      vertex 14.4053 118.6 69.5
      vertex 39 110.033 69.5
      vertex 14.4939 118.43 69.5
    endloop
  endfacet
  facet normal 0 0 -1
    outer loop
      vertex 39 110.033 69.5
      vertex 14.4053 118.6 69.5
      vertex 43.0238 112.128 69.5
    endloop
  endfacet
  facet normal 0 0 -1
    outer loop
      vertex 14.3021 118.762 69.5
      vertex 43.0238 112.128 69.5
      vertex 14.4053 118.6 69.5
    endloop
  endfacet
  facet normal 0 0 -1
    outer loop
      vertex 14.1853 118.914 69.5
      vertex 43.0238 112.128 69.5
      vertex 14.3021 118.762 69.5
    endloop
  endfacet
  facet normal 0 0 -1
    outer loop
      vertex 8 130 69.5
      vertex 43.0238 112.128 69.5
      vertex 14.1853 118.914 69.5
    endloop
  endfacet
  facet normal 0 0 -1
    outer loop
      vertex 43.0238 112.128 69.5
      vertex 8 130 69.5
      vertex 47.215 113.864 69.5
    endloop
  endfacet
  facet normal 0 0 -1
    outer loop
      vertex 47.215 113.864 69.5
      vertex 8 130 69.5
      vertex 51.5414 115.228 69.5
    endloop
  endfacet
  facet normal 0 0 -1
    outer loop
      vertex 51.5414 115.228 69.5
      vertex 8 130 69.5
      vertex 55.9703 116.21 69.5
    endloop
  endfacet
  facet normal 0 0 -1
    outer loop
      vertex 8 130 69.5
      vertex 14.1853 118.914 69.5
      vertex 14.0556 119.056 69.5
    endloop
  endfacet
  facet normal 0 0 -1
    outer loop
      vertex 8 130 69.5
      vertex 14.0556 119.056 69.5
      vertex 13.9141 119.185 69.5
    endloop
  endfacet
  facet normal 0 0 -1
    outer loop
      vertex 8 130 69.5
      vertex 13.9141 119.185 69.5
      vertex 13.7619 119.302 69.5
    endloop
  endfacet
  facet normal 0 0 -1
    outer loop
      vertex 8 130 69.5
      vertex 13.7619 119.302 69.5
      vertex 13.6 119.405 69.5
    endloop
  endfacet
  facet normal 0 0 -1
    outer loop
      vertex 8 130 69.5
      vertex 13.6 119.405 69.5
      vertex 13.4298 119.494 69.5
    endloop
  endfacet
  facet normal 0 0 -1
    outer loop
      vertex 8 130 69.5
      vertex 13.4298 119.494 69.5
      vertex 13.2524 119.567 69.5
    endloop
  endfacet
  facet normal 0 0 -1
    outer loop
      vertex 8 130 69.5
      vertex 13.2524 119.567 69.5
      vertex 13.0694 119.625 69.5
    endloop
  endfacet
  facet normal 0 0 -1
    outer loop
      vertex 8 130 69.5
      vertex 13.0694 119.625 69.5
      vertex 12.882 119.667 69.5
    endloop
  endfacet
  facet normal 0 0 -1
    outer loop
      vertex 8 130 69.5
      vertex 12.882 119.667 69.5
      vertex 12.6917 119.692 69.5
    endloop
  endfacet
  facet normal 0 0 -1
    outer loop
      vertex 8 130 69.5
      vertex 12.6917 119.692 69.5
      vertex 12.5 119.7 69.5
    endloop
  endfacet
  facet normal 0 0 -1
    outer loop
      vertex 8 130 69.5
      vertex 12.5 119.7 69.5
      vertex 12.3083 119.692 69.5
    endloop
  endfacet
  facet normal 0 0 -1
    outer loop
      vertex 65 117 69.5
      vertex 8 130 69.5
      vertex 122 130 69.5
    endloop
  endfacet
  facet normal 0 0 -1
    outer loop
      vertex 12.118 119.667 69.5
      vertex 8 130 69.5
      vertex 12.3083 119.692 69.5
    endloop
  endfacet
  facet normal 0 0 -1
    outer loop
      vertex 11.9306 119.625 69.5
      vertex 8 130 69.5
      vertex 12.118 119.667 69.5
    endloop
  endfacet
  facet normal 0 0 -1
    outer loop
      vertex 11.7476 119.567 69.5
      vertex 8 130 69.5
      vertex 11.9306 119.625 69.5
    endloop
  endfacet
  facet normal 0 0 -1
    outer loop
      vertex 11.5702 119.494 69.5
      vertex 8 130 69.5
      vertex 11.7476 119.567 69.5
    endloop
  endfacet
  facet normal 0 0 -1
    outer loop
      vertex 11.4 119.405 69.5
      vertex 8 130 69.5
      vertex 11.5702 119.494 69.5
    endloop
  endfacet
  facet normal 0 0 -1
    outer loop
      vertex 11.2381 119.302 69.5
      vertex 8 130 69.5
      vertex 11.4 119.405 69.5
    endloop
  endfacet
  facet normal 0 0 -1
    outer loop
      vertex 6.61081 129.878 69.5
      vertex 11.2381 119.302 69.5
      vertex 11.0859 119.185 69.5
    endloop
  endfacet
  facet normal 0 0 -1
    outer loop
      vertex 4 128.928 69.5
      vertex 11.0859 119.185 69.5
      vertex 10.9444 119.056 69.5
    endloop
  endfacet
  facet normal 0 0 -1
    outer loop
      vertex 1.44678 126.589 69.5
      vertex 10.9444 119.056 69.5
      vertex 10.8147 118.914 69.5
    endloop
  endfacet
  facet normal 0 0 -1
    outer loop
      vertex 0.272593 124.071 69.5
      vertex 10.8147 118.914 69.5
      vertex 10.6979 118.762 69.5
    endloop
  endfacet
  facet normal 0 0 -1
    outer loop
      vertex 0 122 69.5
      vertex 10.6979 118.762 69.5
      vertex 10.5947 118.6 69.5
    endloop
  endfacet
  facet normal 0 0 -1
    outer loop
      vertex 0 122 69.5
      vertex 10.5947 118.6 69.5
      vertex 10.5061 118.43 69.5
    endloop
  endfacet
  facet normal 0 0 -1
    outer loop
      vertex 0 122 69.5
      vertex 10.5061 118.43 69.5
      vertex 10.4327 118.252 69.5
    endloop
  endfacet
  facet normal 0 0 -1
    outer loop
      vertex 0 122 69.5
      vertex 10.4327 118.252 69.5
      vertex 10.375 118.069 69.5
    endloop
  endfacet
  facet normal 0 0 -1
    outer loop
      vertex 0 122 69.5
      vertex 10.375 118.069 69.5
      vertex 10.3334 117.882 69.5
    endloop
  endfacet
  facet normal 0 0 -1
    outer loop
      vertex 0 122 69.5
      vertex 10.3334 117.882 69.5
      vertex 10.3084 117.692 69.5
    endloop
  endfacet
  facet normal 0 0 -1
    outer loop
      vertex 0 122 69.5
      vertex 10.3084 117.692 69.5
      vertex 10.3 117.5 69.5
    endloop
  endfacet
  facet normal 0 0 -1
    outer loop
      vertex 10.3334 117.118 69.5
      vertex 0 122 69.5
      vertex 10.3084 117.308 69.5
    endloop
  endfacet
  facet normal 0 0 -1
    outer loop
      vertex 1.44678 3.41139 69.5
      vertex 10.9444 10.9444 69.5
      vertex 1.87164 2.8577 69.5
    endloop
  endfacet
  facet normal 0 0 -1
    outer loop
      vertex 10.3084 117.308 69.5
      vertex 0 122 69.5
      vertex 10.3 117.5 69.5
    endloop
  endfacet
  facet normal -0 0 -1
    outer loop
      vertex 10.9444 10.9444 69.5
      vertex 1.44678 3.41139 69.5
      vertex 10.8147 11.0859 69.5
    endloop
  endfacet
  facet normal 0 0 -1
    outer loop
      vertex 10.6979 118.762 69.5
      vertex 0 122 69.5
      vertex 0.0304422 122.697 69.5
    endloop
  endfacet
  facet normal 0 0 -1
    outer loop
      vertex 1.0718 4 69.5
      vertex 10.8147 11.0859 69.5
      vertex 1.44678 3.41139 69.5
    endloop
  endfacet
  facet normal 0 0 -1
    outer loop
      vertex 11.2381 119.302 69.5
      vertex 7.30275 129.97 69.5
      vertex 8 130 69.5
    endloop
  endfacet
  facet normal 0 0 -1
    outer loop
      vertex 0.749537 4.61905 69.5
      vertex 10.8147 11.0859 69.5
      vertex 1.0718 4 69.5
    endloop
  endfacet
  facet normal 0 0 -1
    outer loop
      vertex 11.2381 119.302 69.5
      vertex 6.61081 129.878 69.5
      vertex 7.30275 129.97 69.5
    endloop
  endfacet
  facet normal 0 0 -1
    outer loop
      vertex 0.482458 5.26384 69.5
      vertex 10.8147 11.0859 69.5
      vertex 0.749537 4.61905 69.5
    endloop
  endfacet
  facet normal 0 0 -1
    outer loop
      vertex 11.0859 119.185 69.5
      vertex 5.92945 129.727 69.5
      vertex 6.61081 129.878 69.5
    endloop
  endfacet
  facet normal 0 0 -1
    outer loop
      vertex 0.272593 5.92945 69.5
      vertex 10.8147 11.0859 69.5
      vertex 0.482458 5.26384 69.5
    endloop
  endfacet
  facet normal 0 0 -1
    outer loop
      vertex 11.0859 119.185 69.5
      vertex 5.26384 129.518 69.5
      vertex 5.92945 129.727 69.5
    endloop
  endfacet
  facet normal -0 0 -1
    outer loop
      vertex 10.8147 11.0859 69.5
      vertex 0.272593 5.92945 69.5
      vertex 10.6979 11.2381 69.5
    endloop
  endfacet
  facet normal 0 0 -1
    outer loop
      vertex 11.0859 119.185 69.5
      vertex 4.61905 129.25 69.5
      vertex 5.26384 129.518 69.5
    endloop
  endfacet
  facet normal 0 0 -1
    outer loop
      vertex 0.121537 6.61081 69.5
      vertex 10.6979 11.2381 69.5
      vertex 0.272593 5.92945 69.5
    endloop
  endfacet
  facet normal 0 0 -1
    outer loop
      vertex 11.0859 119.185 69.5
      vertex 4 128.928 69.5
      vertex 4.61905 129.25 69.5
    endloop
  endfacet
  facet normal 0 0 -1
    outer loop
      vertex 0.0304422 7.30275 69.5
      vertex 10.6979 11.2381 69.5
      vertex 0.121537 6.61081 69.5
    endloop
  endfacet
  facet normal 0 0 -1
    outer loop
      vertex 10.9444 119.056 69.5
      vertex 3.41139 128.553 69.5
      vertex 4 128.928 69.5
    endloop
  endfacet
  facet normal 0 0 -1
    outer loop
      vertex 0 8 69.5
      vertex 10.6979 11.2381 69.5
      vertex 0.0304422 7.30275 69.5
    endloop
  endfacet
  facet normal 0 0 -1
    outer loop
      vertex 10.9444 119.056 69.5
      vertex 2.8577 128.128 69.5
      vertex 3.41139 128.553 69.5
    endloop
  endfacet
  facet normal -0 0 -1
    outer loop
      vertex 10.6979 11.2381 69.5
      vertex 0 8 69.5
      vertex 10.5947 11.4 69.5
    endloop
  endfacet
  facet normal 0 0 -1
    outer loop
      vertex 10.9444 119.056 69.5
      vertex 2.34315 127.657 69.5
      vertex 2.8577 128.128 69.5
    endloop
  endfacet
  facet normal -0 0 -1
    outer loop
      vertex 10.5947 11.4 69.5
      vertex 0 8 69.5
      vertex 10.5061 11.5702 69.5
    endloop
  endfacet
  facet normal 0 0 -1
    outer loop
      vertex 10.9444 119.056 69.5
      vertex 1.87164 127.142 69.5
      vertex 2.34315 127.657 69.5
    endloop
  endfacet
  facet normal -0 0 -1
    outer loop
      vertex 10.5061 11.5702 69.5
      vertex 0 8 69.5
      vertex 10.4327 11.7476 69.5
    endloop
  endfacet
  facet normal 0 0 -1
    outer loop
      vertex 10.9444 119.056 69.5
      vertex 1.44678 126.589 69.5
      vertex 1.87164 127.142 69.5
    endloop
  endfacet
  facet normal -0 0 -1
    outer loop
      vertex 10.4327 11.7476 69.5
      vertex 0 8 69.5
      vertex 10.375 11.9306 69.5
    endloop
  endfacet
  facet normal 0 0 -1
    outer loop
      vertex 10.8147 118.914 69.5
      vertex 1.0718 126 69.5
      vertex 1.44678 126.589 69.5
    endloop
  endfacet
  facet normal -0 0 -1
    outer loop
      vertex 10.375 11.9306 69.5
      vertex 0 8 69.5
      vertex 10.3334 12.118 69.5
    endloop
  endfacet
  facet normal 0 0 -1
    outer loop
      vertex 10.8147 118.914 69.5
      vertex 0.749537 125.381 69.5
      vertex 1.0718 126 69.5
    endloop
  endfacet
  facet normal -0 0 -1
    outer loop
      vertex 10.3334 12.118 69.5
      vertex 0 8 69.5
      vertex 10.3084 12.3083 69.5
    endloop
  endfacet
  facet normal 0 0 -1
    outer loop
      vertex 10.8147 118.914 69.5
      vertex 0.482458 124.736 69.5
      vertex 0.749537 125.381 69.5
    endloop
  endfacet
  facet normal -0 0 -1
    outer loop
      vertex 10.3084 12.3083 69.5
      vertex 0 8 69.5
      vertex 10.3 12.5 69.5
    endloop
  endfacet
  facet normal 0 0 -1
    outer loop
      vertex 10.8147 118.914 69.5
      vertex 0.272593 124.071 69.5
      vertex 0.482458 124.736 69.5
    endloop
  endfacet
  facet normal 0 0 -1
    outer loop
      vertex 10.6979 118.762 69.5
      vertex 0.121537 123.389 69.5
      vertex 0.272593 124.071 69.5
    endloop
  endfacet
  facet normal 0 0 -1
    outer loop
      vertex 10.6979 118.762 69.5
      vertex 0.0304422 122.697 69.5
      vertex 0.121537 123.389 69.5
    endloop
  endfacet
  facet normal 0 0 -1
    outer loop
      vertex 118.252 115.433 69.5
      vertex 110.033 91 69.5
      vertex 118.069 115.375 69.5
    endloop
  endfacet
  facet normal 0 0 -1
    outer loop
      vertex 118.069 115.375 69.5
      vertex 110.033 91 69.5
      vertex 117.882 115.333 69.5
    endloop
  endfacet
  facet normal 0 0 -1
    outer loop
      vertex 107.596 94.826 69.5
      vertex 117.882 115.333 69.5
      vertex 110.033 91 69.5
    endloop
  endfacet
  facet normal 0 0 -1
    outer loop
      vertex 117.882 115.333 69.5
      vertex 107.596 94.826 69.5
      vertex 117.692 115.308 69.5
    endloop
  endfacet
  facet normal 0 0 -1
    outer loop
      vertex 117.692 115.308 69.5
      vertex 107.596 94.826 69.5
      vertex 117.5 115.3 69.5
    endloop
  endfacet
  facet normal -0 0 -1
    outer loop
      vertex 117.5 115.3 69.5
      vertex 107.596 94.826 69.5
      vertex 117.308 115.308 69.5
    endloop
  endfacet
  facet normal -0 0 -1
    outer loop
      vertex 117.308 115.308 69.5
      vertex 107.596 94.826 69.5
      vertex 117.118 115.333 69.5
    endloop
  endfacet
  facet normal 0 0 -1
    outer loop
      vertex 104.834 98.425 69.5
      vertex 117.118 115.333 69.5
      vertex 107.596 94.826 69.5
    endloop
  endfacet
  facet normal -0 0 -1
    outer loop
      vertex 117.118 115.333 69.5
      vertex 104.834 98.425 69.5
      vertex 116.931 115.375 69.5
    endloop
  endfacet
  facet normal -0 0 -1
    outer loop
      vertex 116.931 115.375 69.5
      vertex 104.834 98.425 69.5
      vertex 116.748 115.433 69.5
    endloop
  endfacet
  facet normal -0 0 -1
    outer loop
      vertex 116.748 115.433 69.5
      vertex 104.834 98.425 69.5
      vertex 116.57 115.506 69.5
    endloop
  endfacet
  facet normal -0 0 -1
    outer loop
      vertex 116.57 115.506 69.5
      vertex 104.834 98.425 69.5
      vertex 116.4 115.595 69.5
    endloop
  endfacet
  facet normal -0 0 -1
    outer loop
      vertex 116.4 115.595 69.5
      vertex 104.834 98.425 69.5
      vertex 116.238 115.698 69.5
    endloop
  endfacet
  facet normal 0 0 -1
    outer loop
      vertex 101.77 101.77 69.5
      vertex 116.238 115.698 69.5
      vertex 104.834 98.425 69.5
    endloop
  endfacet
  facet normal -0 0 -1
    outer loop
      vertex 116.238 115.698 69.5
      vertex 101.77 101.77 69.5
      vertex 116.086 115.815 69.5
    endloop
  endfacet
  facet normal -0 0 -1
    outer loop
      vertex 116.086 115.815 69.5
      vertex 101.77 101.77 69.5
      vertex 115.944 115.944 69.5
    endloop
  endfacet
  facet normal -0 0 -1
    outer loop
      vertex 115.944 115.944 69.5
      vertex 101.77 101.77 69.5
      vertex 115.815 116.086 69.5
    endloop
  endfacet
  facet normal -0 0 -1
    outer loop
      vertex 115.815 116.086 69.5
      vertex 101.77 101.77 69.5
      vertex 115.698 116.238 69.5
    endloop
  endfacet
  facet normal -0 0 -1
    outer loop
      vertex 115.698 116.238 69.5
      vertex 101.77 101.77 69.5
      vertex 115.595 116.4 69.5
    endloop
  endfacet
  facet normal 0.999034 0.0439346 7.46604e-20
    outer loop
      vertex 125 119 94.5
      vertex 124.977 119.523 73.5
      vertex 124.977 119.523 94.5
    endloop
  endfacet
  facet normal 0.999034 0.0439346 7.46604e-20
    outer loop
      vertex 124.977 119.523 73.5
      vertex 125 119 94.5
      vertex 125 119 73.5
    endloop
  endfacet
  facet normal 0.608079 -0.793877 0
    outer loop
      vertex 122.441 6.08509 77.5
      vertex 122.857 6.40373 94.5
      vertex 122.441 6.08509 94.5
    endloop
  endfacet
  facet normal 0.608079 -0.793877 0
    outer loop
      vertex 122.857 6.40373 94.5
      vertex 122.441 6.08509 77.5
      vertex 122.857 6.40373 77.5
    endloop
  endfacet
  facet normal 0.0436467 -0.999047 0
    outer loop
      vertex 60.4679 116.802 69.5
      vertex 65 117 94.5
      vertex 60.4679 116.802 94.5
    endloop
  endfacet
  facet normal 0.0436467 -0.999047 0
    outer loop
      vertex 65 117 94.5
      vertex 60.4679 116.802 69.5
      vertex 65 117 69.5
    endloop
  endfacet
  facet normal -0.0436247 0.999048 0
    outer loop
      vertex 69.5321 13.1979 69.5
      vertex 65 13 94.5
      vertex 69.5321 13.1979 94.5
    endloop
  endfacet
  facet normal -0.0436247 0.999048 0
    outer loop
      vertex 65 13 94.5
      vertex 69.5321 13.1979 69.5
      vertex 65 13 69.5
    endloop
  endfacet
  facet normal -0.461756 0.887007 0
    outer loop
      vertex 91 19.9667 69.5
      vertex 86.9762 17.872 94.5
      vertex 91 19.9667 94.5
    endloop
  endfacet
  facet normal -0.461756 0.887007 0
    outer loop
      vertex 86.9762 17.872 94.5
      vertex 91 19.9667 69.5
      vertex 86.9762 17.872 69.5
    endloop
  endfacet
  facet normal -0.991448 0.1305 -3.36921e-19
    outer loop
      vertex 116.21 55.9703 69.5
      vertex 116.802 60.4679 94.5
      vertex 116.802 60.4679 69.5
    endloop
  endfacet
  facet normal -0.991448 0.1305 -3.36921e-19
    outer loop
      vertex 116.802 60.4679 94.5
      vertex 116.21 55.9703 69.5
      vertex 116.21 55.9703 94.5
    endloop
  endfacet
  facet normal -0.991448 -0.1305 -1.51133e-18
    outer loop
      vertex 116.802 69.5321 69.5
      vertex 116.21 74.0297 94.5
      vertex 116.21 74.0297 69.5
    endloop
  endfacet
  facet normal -0.991448 -0.1305 -1.51133e-18
    outer loop
      vertex 116.21 74.0297 94.5
      vertex 116.802 69.5321 69.5
      vertex 116.802 69.5321 94.5
    endloop
  endfacet
  facet normal 0.300684 -0.953724 0
    outer loop
      vertex 47.215 113.864 69.5
      vertex 51.5414 115.228 94.5
      vertex 47.215 113.864 94.5
    endloop
  endfacet
  facet normal 0.300684 -0.953724 0
    outer loop
      vertex 51.5414 115.228 94.5
      vertex 47.215 113.864 69.5
      vertex 51.5414 115.228 69.5
    endloop
  endfacet
  facet normal 0.999048 0.0436247 1.0178e-19
    outer loop
      vertex 13.1979 60.4679 94.5
      vertex 13 65 69.5
      vertex 13 65 94.5
    endloop
  endfacet
  facet normal 0.999048 0.0436247 1.0178e-19
    outer loop
      vertex 13 65 69.5
      vertex 13.1979 60.4679 94.5
      vertex 13.1979 60.4679 69.5
    endloop
  endfacet
  facet normal 0.953717 0.300704 -1.05541e-18
    outer loop
      vertex 16.136 47.215 94.5
      vertex 14.7719 51.5414 69.5
      vertex 14.7719 51.5414 94.5
    endloop
  endfacet
  facet normal 0.953717 0.300704 -1.05541e-18
    outer loop
      vertex 14.7719 51.5414 69.5
      vertex 16.136 47.215 94.5
      vertex 16.136 47.215 69.5
    endloop
  endfacet
  facet normal 0.737284 0.675583 6.36764e-19
    outer loop
      vertex 28.2304 28.2304 94.5
      vertex 25.1657 31.575 69.5
      vertex 25.1657 31.575 94.5
    endloop
  endfacet
  facet normal 0.737284 0.675583 6.36764e-19
    outer loop
      vertex 25.1657 31.575 69.5
      vertex 28.2304 28.2304 94.5
      vertex 28.2304 28.2304 69.5
    endloop
  endfacet
  facet normal 0.675499 -0.737361 0
    outer loop
      vertex 28.2304 101.77 69.5
      vertex 31.575 104.834 94.5
      vertex 28.2304 101.77 94.5
    endloop
  endfacet
  facet normal 0.675499 -0.737361 0
    outer loop
      vertex 31.575 104.834 94.5
      vertex 28.2304 101.77 69.5
      vertex 31.575 104.834 69.5
    endloop
  endfacet
  facet normal -0.793312 -0.608816 6.74501e-18
    outer loop
      vertex 107.596 94.826 69.5
      vertex 104.834 98.425 94.5
      vertex 104.834 98.425 69.5
    endloop
  endfacet
  facet normal -0.793312 -0.608816 6.74501e-18
    outer loop
      vertex 104.834 98.425 94.5
      vertex 107.596 94.826 69.5
      vertex 107.596 94.826 94.5
    endloop
  endfacet
  facet normal -0.793312 0.608816 7.10186e-19
    outer loop
      vertex 104.834 31.575 69.5
      vertex 107.596 35.174 94.5
      vertex 107.596 35.174 69.5
    endloop
  endfacet
  facet normal -0.793312 0.608816 7.10186e-19
    outer loop
      vertex 107.596 35.174 94.5
      vertex 104.834 31.575 69.5
      vertex 104.834 31.575 94.5
    endloop
  endfacet
  facet normal 0.887007 0.461756 -3.53575e-18
    outer loop
      vertex 19.9667 39 94.5
      vertex 17.872 43.0238 69.5
      vertex 17.872 43.0238 94.5
    endloop
  endfacet
  facet normal 0.887007 0.461756 -3.53575e-18
    outer loop
      vertex 17.872 43.0238 69.5
      vertex 19.9667 39 94.5
      vertex 19.9667 39 69.5
    endloop
  endfacet
  facet normal 0.608816 -0.793312 0
    outer loop
      vertex 31.575 104.834 69.5
      vertex 35.174 107.596 94.5
      vertex 31.575 104.834 94.5
    endloop
  endfacet
  facet normal 0.608816 -0.793312 0
    outer loop
      vertex 35.174 107.596 94.5
      vertex 31.575 104.834 69.5
      vertex 35.174 107.596 69.5
    endloop
  endfacet
  facet normal -0.737401 -0.675455 1.26814e-18
    outer loop
      vertex 104.834 98.425 69.5
      vertex 101.77 101.77 94.5
      vertex 101.77 101.77 69.5
    endloop
  endfacet
  facet normal -0.737401 -0.675455 1.26814e-18
    outer loop
      vertex 101.77 101.77 94.5
      vertex 104.834 98.425 69.5
      vertex 104.834 98.425 94.5
    endloop
  endfacet
  facet normal 0.382674 -0.923884 0
    outer loop
      vertex 43.0238 112.128 69.5
      vertex 47.215 113.864 94.5
      vertex 43.0238 112.128 94.5
    endloop
  endfacet
  facet normal 0.382674 -0.923884 0
    outer loop
      vertex 47.215 113.864 94.5
      vertex 43.0238 112.128 69.5
      vertex 47.215 113.864 69.5
    endloop
  endfacet
  facet normal 0.461808 -0.88698 0
    outer loop
      vertex 39 110.033 69.5
      vertex 43.0238 112.128 94.5
      vertex 39 110.033 94.5
    endloop
  endfacet
  facet normal 0.461808 -0.88698 0
    outer loop
      vertex 43.0238 112.128 94.5
      vertex 39 110.033 69.5
      vertex 43.0238 112.128 69.5
    endloop
  endfacet
  facet normal 0.216447 0.976294 -0
    outer loop
      vertex 55.9703 13.79 69.5
      vertex 51.5414 14.7719 94.5
      vertex 55.9703 13.79 94.5
    endloop
  endfacet
  facet normal 0.216447 0.976294 0
    outer loop
      vertex 51.5414 14.7719 94.5
      vertex 55.9703 13.79 69.5
      vertex 51.5414 14.7719 69.5
    endloop
  endfacet
  facet normal -0.300704 0.953717 0
    outer loop
      vertex 82.785 16.136 69.5
      vertex 78.4586 14.7719 94.5
      vertex 82.785 16.136 94.5
    endloop
  endfacet
  facet normal -0.300704 0.953717 0
    outer loop
      vertex 78.4586 14.7719 94.5
      vertex 82.785 16.136 69.5
      vertex 78.4586 14.7719 69.5
    endloop
  endfacet
  facet normal 0.130522 0.991445 -0
    outer loop
      vertex 60.4679 13.1979 69.5
      vertex 55.9703 13.79 94.5
      vertex 60.4679 13.1979 94.5
    endloop
  endfacet
  facet normal 0.130522 0.991445 0
    outer loop
      vertex 55.9703 13.79 94.5
      vertex 60.4679 13.1979 69.5
      vertex 55.9703 13.79 69.5
    endloop
  endfacet
  facet normal 0.461756 0.887007 -0
    outer loop
      vertex 43.0238 17.872 69.5
      vertex 39 19.9667 94.5
      vertex 43.0238 17.872 94.5
    endloop
  endfacet
  facet normal 0.461756 0.887007 0
    outer loop
      vertex 39 19.9667 94.5
      vertex 43.0238 17.872 69.5
      vertex 39 19.9667 69.5
    endloop
  endfacet
  facet normal -0.999047 -0.0436467 -4.82272e-19
    outer loop
      vertex 117 65 69.5
      vertex 116.802 69.5321 94.5
      vertex 116.802 69.5321 69.5
    endloop
  endfacet
  facet normal -0.999047 -0.0436467 -4.82272e-19
    outer loop
      vertex 116.802 69.5321 94.5
      vertex 117 65 69.5
      vertex 117 65 94.5
    endloop
  endfacet
  facet normal 0.923884 0.382674 1.77989e-18
    outer loop
      vertex 17.872 43.0238 94.5
      vertex 16.136 47.215 69.5
      vertex 16.136 47.215 94.5
    endloop
  endfacet
  facet normal 0.923884 0.382674 1.77989e-18
    outer loop
      vertex 16.136 47.215 69.5
      vertex 17.872 43.0238 94.5
      vertex 17.872 43.0238 69.5
    endloop
  endfacet
  facet normal -0.953724 -0.300684 2.34004e-18
    outer loop
      vertex 115.228 78.4586 69.5
      vertex 113.864 82.785 94.5
      vertex 113.864 82.785 69.5
    endloop
  endfacet
  facet normal -0.953724 -0.300684 2.34004e-18
    outer loop
      vertex 113.864 82.785 94.5
      vertex 115.228 78.4586 69.5
      vertex 115.228 78.4586 94.5
    endloop
  endfacet
  facet normal 0.976294 -0.216447 -1.87214e-18
    outer loop
      vertex 13.79 74.0297 94.5
      vertex 14.7719 78.4586 69.5
      vertex 14.7719 78.4586 94.5
    endloop
  endfacet
  facet normal 0.976294 -0.216447 -1.87214e-18
    outer loop
      vertex 14.7719 78.4586 69.5
      vertex 13.79 74.0297 94.5
      vertex 13.79 74.0297 69.5
    endloop
  endfacet
  facet normal -0.88698 -0.461808 -4.14699e-18
    outer loop
      vertex 112.128 86.9762 69.5
      vertex 110.033 91 94.5
      vertex 110.033 91 69.5
    endloop
  endfacet
  facet normal -0.88698 -0.461808 -4.14699e-18
    outer loop
      vertex 110.033 91 94.5
      vertex 112.128 86.9762 69.5
      vertex 112.128 86.9762 94.5
    endloop
  endfacet
  facet normal -0.999047 0.0436467 4.82272e-19
    outer loop
      vertex 116.802 60.4679 69.5
      vertex 117 65 94.5
      vertex 117 65 69.5
    endloop
  endfacet
  facet normal -0.999047 0.0436467 4.82272e-19
    outer loop
      vertex 117 65 94.5
      vertex 116.802 60.4679 69.5
      vertex 116.802 60.4679 94.5
    endloop
  endfacet
  facet normal -0.97629 -0.216468 -2.11923e-18
    outer loop
      vertex 116.21 74.0297 69.5
      vertex 115.228 78.4586 94.5
      vertex 115.228 78.4586 69.5
    endloop
  endfacet
  facet normal -0.97629 -0.216468 -2.11923e-18
    outer loop
      vertex 115.228 78.4586 94.5
      vertex 116.21 74.0297 69.5
      vertex 116.21 74.0297 94.5
    endloop
  endfacet
  facet normal -0.608816 -0.793312 0
    outer loop
      vertex 94.826 107.596 69.5
      vertex 98.425 104.834 94.5
      vertex 94.826 107.596 94.5
    endloop
  endfacet
  facet normal -0.608816 -0.793312 -0
    outer loop
      vertex 98.425 104.834 94.5
      vertex 94.826 107.596 69.5
      vertex 98.425 104.834 69.5
    endloop
  endfacet
  facet normal 0.843395 -0.537295 -7.7004e-18
    outer loop
      vertex 19.9667 91 94.5
      vertex 22.4041 94.826 69.5
      vertex 22.4041 94.826 94.5
    endloop
  endfacet
  facet normal 0.843395 -0.537295 -7.7004e-18
    outer loop
      vertex 22.4041 94.826 69.5
      vertex 19.9667 91 94.5
      vertex 19.9667 91 69.5
    endloop
  endfacet
  facet normal -0.953724 0.300684 -3.02923e-18
    outer loop
      vertex 113.864 47.215 69.5
      vertex 115.228 51.5414 94.5
      vertex 115.228 51.5414 69.5
    endloop
  endfacet
  facet normal -0.953724 0.300684 -3.02923e-18
    outer loop
      vertex 115.228 51.5414 94.5
      vertex 113.864 47.215 69.5
      vertex 113.864 47.215 94.5
    endloop
  endfacet
  facet normal -0.675455 -0.737401 0
    outer loop
      vertex 98.425 104.834 69.5
      vertex 101.77 101.77 94.5
      vertex 98.425 104.834 94.5
    endloop
  endfacet
  facet normal -0.675455 -0.737401 -0
    outer loop
      vertex 101.77 101.77 94.5
      vertex 98.425 104.834 69.5
      vertex 101.77 101.77 69.5
    endloop
  endfacet
  facet normal -0.60876 0.793354 0
    outer loop
      vertex 98.425 25.1657 69.5
      vertex 94.826 22.4041 94.5
      vertex 98.425 25.1657 94.5
    endloop
  endfacet
  facet normal -0.60876 0.793354 0
    outer loop
      vertex 94.826 22.4041 94.5
      vertex 98.425 25.1657 69.5
      vertex 94.826 22.4041 69.5
    endloop
  endfacet
  facet normal 0.737324 -0.675539 7.33918e-18
    outer loop
      vertex 25.1657 98.425 94.5
      vertex 28.2304 101.77 69.5
      vertex 28.2304 101.77 94.5
    endloop
  endfacet
  facet normal 0.737324 -0.675539 7.33918e-18
    outer loop
      vertex 28.2304 101.77 69.5
      vertex 25.1657 98.425 94.5
      vertex 25.1657 98.425 69.5
    endloop
  endfacet
  facet normal -0.461808 -0.88698 0
    outer loop
      vertex 86.9762 112.128 69.5
      vertex 91 110.033 94.5
      vertex 86.9762 112.128 94.5
    endloop
  endfacet
  facet normal -0.461808 -0.88698 -0
    outer loop
      vertex 91 110.033 94.5
      vertex 86.9762 112.128 69.5
      vertex 91 110.033 69.5
    endloop
  endfacet
  facet normal -0.216447 0.976294 0
    outer loop
      vertex 78.4586 14.7719 69.5
      vertex 74.0297 13.79 94.5
      vertex 78.4586 14.7719 94.5
    endloop
  endfacet
  facet normal -0.216447 0.976294 0
    outer loop
      vertex 74.0297 13.79 94.5
      vertex 78.4586 14.7719 69.5
      vertex 74.0297 13.79 69.5
    endloop
  endfacet
  facet normal -0.130522 0.991445 0
    outer loop
      vertex 74.0297 13.79 69.5
      vertex 69.5321 13.1979 94.5
      vertex 74.0297 13.79 94.5
    endloop
  endfacet
  facet normal -0.130522 0.991445 0
    outer loop
      vertex 69.5321 13.1979 94.5
      vertex 74.0297 13.79 69.5
      vertex 69.5321 13.1979 69.5
    endloop
  endfacet
  facet normal -0.843434 -0.537232 1.72527e-18
    outer loop
      vertex 110.033 91 69.5
      vertex 107.596 94.826 94.5
      vertex 107.596 94.826 69.5
    endloop
  endfacet
  facet normal -0.843434 -0.537232 1.72527e-18
    outer loop
      vertex 107.596 94.826 94.5
      vertex 110.033 91 69.5
      vertex 110.033 91 94.5
    endloop
  endfacet
  facet normal 0.0436247 0.999048 -0
    outer loop
      vertex 65 13 69.5
      vertex 60.4679 13.1979 94.5
      vertex 65 13 94.5
    endloop
  endfacet
  facet normal 0.0436247 0.999048 0
    outer loop
      vertex 60.4679 13.1979 94.5
      vertex 65 13 69.5
      vertex 60.4679 13.1979 69.5
    endloop
  endfacet
  facet normal 0.216468 -0.97629 0
    outer loop
      vertex 51.5414 115.228 69.5
      vertex 55.9703 116.21 94.5
      vertex 51.5414 115.228 94.5
    endloop
  endfacet
  facet normal 0.216468 -0.97629 0
    outer loop
      vertex 55.9703 116.21 94.5
      vertex 51.5414 115.228 69.5
      vertex 55.9703 116.21 69.5
    endloop
  endfacet
  facet normal 0.999048 -0.0436247 -1.0178e-19
    outer loop
      vertex 13 65 94.5
      vertex 13.1979 69.5321 69.5
      vertex 13.1979 69.5321 94.5
    endloop
  endfacet
  facet normal 0.999048 -0.0436247 -1.0178e-19
    outer loop
      vertex 13.1979 69.5321 69.5
      vertex 13 65 94.5
      vertex 13 65 69.5
    endloop
  endfacet
  facet normal -0.537232 -0.843434 0
    outer loop
      vertex 91 110.033 69.5
      vertex 94.826 107.596 94.5
      vertex 91 110.033 94.5
    endloop
  endfacet
  facet normal -0.537232 -0.843434 -0
    outer loop
      vertex 94.826 107.596 94.5
      vertex 91 110.033 69.5
      vertex 94.826 107.596 69.5
    endloop
  endfacet
  facet normal 0.300704 0.953717 -0
    outer loop
      vertex 51.5414 14.7719 69.5
      vertex 47.215 16.136 94.5
      vertex 51.5414 14.7719 94.5
    endloop
  endfacet
  facet normal 0.300704 0.953717 0
    outer loop
      vertex 47.215 16.136 94.5
      vertex 51.5414 14.7719 69.5
      vertex 47.215 16.136 69.5
    endloop
  endfacet
  facet normal 0.60876 0.793354 -0
    outer loop
      vertex 35.174 22.4041 69.5
      vertex 31.575 25.1657 94.5
      vertex 35.174 22.4041 94.5
    endloop
  endfacet
  facet normal 0.60876 0.793354 0
    outer loop
      vertex 31.575 25.1657 94.5
      vertex 35.174 22.4041 69.5
      vertex 31.575 25.1657 69.5
    endloop
  endfacet
  facet normal -0.97629 0.216468 2.11923e-18
    outer loop
      vertex 115.228 51.5414 69.5
      vertex 116.21 55.9703 94.5
      vertex 116.21 55.9703 69.5
    endloop
  endfacet
  facet normal -0.97629 0.216468 2.11923e-18
    outer loop
      vertex 116.21 55.9703 94.5
      vertex 115.228 51.5414 69.5
      vertex 115.228 51.5414 94.5
    endloop
  endfacet
  facet normal 0.923884 -0.382674 -2.65701e-18
    outer loop
      vertex 16.136 82.785 94.5
      vertex 17.872 86.9762 69.5
      vertex 17.872 86.9762 94.5
    endloop
  endfacet
  facet normal 0.923884 -0.382674 -2.65701e-18
    outer loop
      vertex 17.872 86.9762 69.5
      vertex 16.136 82.785 94.5
      vertex 16.136 82.785 69.5
    endloop
  endfacet
  facet normal 0.1305 -0.991448 0
    outer loop
      vertex 55.9703 116.21 69.5
      vertex 60.4679 116.802 94.5
      vertex 55.9703 116.21 94.5
    endloop
  endfacet
  facet normal 0.1305 -0.991448 0
    outer loop
      vertex 60.4679 116.802 94.5
      vertex 55.9703 116.21 69.5
      vertex 60.4679 116.802 69.5
    endloop
  endfacet
  facet normal 0.843395 0.537295 -4.04061e-18
    outer loop
      vertex 22.4041 35.174 94.5
      vertex 19.9667 39 69.5
      vertex 19.9667 39 94.5
    endloop
  endfacet
  facet normal 0.843395 0.537295 -4.04061e-18
    outer loop
      vertex 19.9667 39 69.5
      vertex 22.4041 35.174 94.5
      vertex 22.4041 35.174 69.5
    endloop
  endfacet
  facet normal -0.923884 0.382674 -3.62184e-18
    outer loop
      vertex 112.128 43.0238 69.5
      vertex 113.864 47.215 94.5
      vertex 113.864 47.215 69.5
    endloop
  endfacet
  facet normal -0.923884 0.382674 -3.62184e-18
    outer loop
      vertex 113.864 47.215 94.5
      vertex 112.128 43.0238 69.5
      vertex 112.128 43.0238 94.5
    endloop
  endfacet
  facet normal -0.923884 -0.382674 -3.33244e-18
    outer loop
      vertex 113.864 82.785 69.5
      vertex 112.128 86.9762 94.5
      vertex 112.128 86.9762 69.5
    endloop
  endfacet
  facet normal -0.923884 -0.382674 -3.33244e-18
    outer loop
      vertex 112.128 86.9762 94.5
      vertex 113.864 82.785 69.5
      vertex 113.864 82.785 94.5
    endloop
  endfacet
  facet normal -0.88698 0.461808 -5.5639e-18
    outer loop
      vertex 110.033 39 69.5
      vertex 112.128 43.0238 94.5
      vertex 112.128 43.0238 69.5
    endloop
  endfacet
  facet normal -0.88698 0.461808 -5.5639e-18
    outer loop
      vertex 112.128 43.0238 94.5
      vertex 110.033 39 69.5
      vertex 110.033 39 94.5
    endloop
  endfacet
  facet normal 0.991445 0.130522 1.14647e-18
    outer loop
      vertex 13.79 55.9703 94.5
      vertex 13.1979 60.4679 69.5
      vertex 13.1979 60.4679 94.5
    endloop
  endfacet
  facet normal 0.991445 0.130522 1.14647e-18
    outer loop
      vertex 13.1979 60.4679 69.5
      vertex 13.79 55.9703 94.5
      vertex 13.79 55.9703 69.5
    endloop
  endfacet
  facet normal 0.675583 0.737284 -0
    outer loop
      vertex 31.575 25.1657 69.5
      vertex 28.2304 28.2304 94.5
      vertex 31.575 25.1657 94.5
    endloop
  endfacet
  facet normal 0.675583 0.737284 0
    outer loop
      vertex 28.2304 28.2304 94.5
      vertex 31.575 25.1657 69.5
      vertex 28.2304 28.2304 69.5
    endloop
  endfacet
  facet normal -0.0436467 -0.999047 0
    outer loop
      vertex 65 117 69.5
      vertex 69.5321 116.802 94.5
      vertex 65 117 94.5
    endloop
  endfacet
  facet normal -0.0436467 -0.999047 -0
    outer loop
      vertex 69.5321 116.802 94.5
      vertex 65 117 69.5
      vertex 69.5321 116.802 69.5
    endloop
  endfacet
  facet normal -0.382674 -0.923884 0
    outer loop
      vertex 82.785 113.864 69.5
      vertex 86.9762 112.128 94.5
      vertex 82.785 113.864 94.5
    endloop
  endfacet
  facet normal -0.382674 -0.923884 -0
    outer loop
      vertex 86.9762 112.128 94.5
      vertex 82.785 113.864 69.5
      vertex 86.9762 112.128 69.5
    endloop
  endfacet
  facet normal 0.976294 0.216447 1.87214e-18
    outer loop
      vertex 14.7719 51.5414 94.5
      vertex 13.79 55.9703 69.5
      vertex 13.79 55.9703 94.5
    endloop
  endfacet
  facet normal 0.976294 0.216447 1.87214e-18
    outer loop
      vertex 13.79 55.9703 69.5
      vertex 14.7719 51.5414 94.5
      vertex 14.7719 51.5414 69.5
    endloop
  endfacet
  facet normal -0.737361 0.675499 5.72436e-18
    outer loop
      vertex 101.77 28.2304 69.5
      vertex 104.834 31.575 94.5
      vertex 104.834 31.575 69.5
    endloop
  endfacet
  facet normal -0.737361 0.675499 5.72436e-18
    outer loop
      vertex 104.834 31.575 94.5
      vertex 101.77 28.2304 69.5
      vertex 101.77 28.2304 94.5
    endloop
  endfacet
  facet normal -0.382674 0.923884 0
    outer loop
      vertex 86.9762 17.872 69.5
      vertex 82.785 16.136 94.5
      vertex 86.9762 17.872 94.5
    endloop
  endfacet
  facet normal -0.382674 0.923884 0
    outer loop
      vertex 82.785 16.136 94.5
      vertex 86.9762 17.872 69.5
      vertex 82.785 16.136 69.5
    endloop
  endfacet
  facet normal -0.1305 -0.991448 0
    outer loop
      vertex 69.5321 116.802 69.5
      vertex 74.0297 116.21 94.5
      vertex 69.5321 116.802 94.5
    endloop
  endfacet
  facet normal -0.1305 -0.991448 -0
    outer loop
      vertex 74.0297 116.21 94.5
      vertex 69.5321 116.802 69.5
      vertex 74.0297 116.21 69.5
    endloop
  endfacet
  facet normal -0.537295 0.843395 0
    outer loop
      vertex 94.826 22.4041 69.5
      vertex 91 19.9667 94.5
      vertex 94.826 22.4041 94.5
    endloop
  endfacet
  facet normal -0.537295 0.843395 0
    outer loop
      vertex 91 19.9667 94.5
      vertex 94.826 22.4041 69.5
      vertex 91 19.9667 69.5
    endloop
  endfacet
  facet normal -0.300684 -0.953724 0
    outer loop
      vertex 78.4586 115.228 69.5
      vertex 82.785 113.864 94.5
      vertex 78.4586 115.228 94.5
    endloop
  endfacet
  facet normal -0.300684 -0.953724 -0
    outer loop
      vertex 82.785 113.864 94.5
      vertex 78.4586 115.228 69.5
      vertex 82.785 113.864 69.5
    endloop
  endfacet
  facet normal -0.675539 0.737324 0
    outer loop
      vertex 101.77 28.2304 69.5
      vertex 98.425 25.1657 94.5
      vertex 101.77 28.2304 94.5
    endloop
  endfacet
  facet normal -0.675539 0.737324 0
    outer loop
      vertex 98.425 25.1657 94.5
      vertex 101.77 28.2304 69.5
      vertex 98.425 25.1657 69.5
    endloop
  endfacet
  facet normal 0.537232 -0.843434 0
    outer loop
      vertex 35.174 107.596 69.5
      vertex 39 110.033 94.5
      vertex 35.174 107.596 94.5
    endloop
  endfacet
  facet normal 0.537232 -0.843434 0
    outer loop
      vertex 39 110.033 94.5
      vertex 35.174 107.596 69.5
      vertex 39 110.033 69.5
    endloop
  endfacet
  facet normal -0.216468 -0.97629 0
    outer loop
      vertex 74.0297 116.21 69.5
      vertex 78.4586 115.228 94.5
      vertex 74.0297 116.21 94.5
    endloop
  endfacet
  facet normal -0.216468 -0.97629 -0
    outer loop
      vertex 78.4586 115.228 94.5
      vertex 74.0297 116.21 69.5
      vertex 78.4586 115.228 69.5
    endloop
  endfacet
  facet normal 0.537295 0.843395 -0
    outer loop
      vertex 39 19.9667 69.5
      vertex 35.174 22.4041 94.5
      vertex 39 19.9667 94.5
    endloop
  endfacet
  facet normal 0.537295 0.843395 0
    outer loop
      vertex 35.174 22.4041 94.5
      vertex 39 19.9667 69.5
      vertex 35.174 22.4041 69.5
    endloop
  endfacet
  facet normal 0.991445 -0.130522 7.08043e-19
    outer loop
      vertex 13.1979 69.5321 94.5
      vertex 13.79 74.0297 69.5
      vertex 13.79 74.0297 94.5
    endloop
  endfacet
  facet normal 0.991445 -0.130522 7.08043e-19
    outer loop
      vertex 13.79 74.0297 69.5
      vertex 13.1979 69.5321 94.5
      vertex 13.1979 69.5321 69.5
    endloop
  endfacet
  facet normal -0.843434 0.537232 -5.67254e-18
    outer loop
      vertex 107.596 35.174 69.5
      vertex 110.033 39 94.5
      vertex 110.033 39 69.5
    endloop
  endfacet
  facet normal -0.843434 0.537232 -5.67254e-18
    outer loop
      vertex 110.033 39 94.5
      vertex 107.596 35.174 69.5
      vertex 107.596 35.174 94.5
    endloop
  endfacet
  facet normal 0.382674 0.923884 -0
    outer loop
      vertex 47.215 16.136 69.5
      vertex 43.0238 17.872 94.5
      vertex 47.215 16.136 94.5
    endloop
  endfacet
  facet normal 0.382674 0.923884 0
    outer loop
      vertex 43.0238 17.872 94.5
      vertex 47.215 16.136 69.5
      vertex 43.0238 17.872 69.5
    endloop
  endfacet
  facet normal 0.793354 0.60876 6.0569e-18
    outer loop
      vertex 25.1657 31.575 94.5
      vertex 22.4041 35.174 69.5
      vertex 22.4041 35.174 94.5
    endloop
  endfacet
  facet normal 0.793354 0.60876 6.0569e-18
    outer loop
      vertex 22.4041 35.174 69.5
      vertex 25.1657 31.575 94.5
      vertex 25.1657 31.575 69.5
    endloop
  endfacet
  facet normal 0.793354 -0.60876 2.13799e-18
    outer loop
      vertex 22.4041 94.826 94.5
      vertex 25.1657 98.425 69.5
      vertex 25.1657 98.425 94.5
    endloop
  endfacet
  facet normal 0.793354 -0.60876 2.13799e-18
    outer loop
      vertex 25.1657 98.425 69.5
      vertex 22.4041 94.826 94.5
      vertex 22.4041 94.826 69.5
    endloop
  endfacet
  facet normal 0.887007 -0.461756 -2.39748e-18
    outer loop
      vertex 17.872 86.9762 94.5
      vertex 19.9667 91 69.5
      vertex 19.9667 91 94.5
    endloop
  endfacet
  facet normal 0.887007 -0.461756 -2.39748e-18
    outer loop
      vertex 19.9667 91 69.5
      vertex 17.872 86.9762 94.5
      vertex 17.872 86.9762 69.5
    endloop
  endfacet
  facet normal 0.953717 -0.300704 1.73833e-18
    outer loop
      vertex 14.7719 78.4586 94.5
      vertex 16.136 82.785 69.5
      vertex 16.136 82.785 94.5
    endloop
  endfacet
  facet normal 0.953717 -0.300704 1.73833e-18
    outer loop
      vertex 16.136 82.785 69.5
      vertex 14.7719 78.4586 94.5
      vertex 14.7719 78.4586 69.5
    endloop
  endfacet
  facet normal 0.991444 0.13053 3.13891e-19
    outer loop
      vertex 80.9391 66.3945 95
      vertex 80.7569 67.7784 69
      vertex 80.7569 67.7784 95
    endloop
  endfacet
  facet normal 0.991444 0.13053 3.13891e-19
    outer loop
      vertex 80.7569 67.7784 69
      vertex 80.9391 66.3945 95
      vertex 80.9391 66.3945 69
    endloop
  endfacet
  facet normal 0.999048 0.04363 1.44545e-19
    outer loop
      vertex 81 65 95
      vertex 80.9391 66.3945 69
      vertex 80.9391 66.3945 95
    endloop
  endfacet
  facet normal 0.999048 0.04363 1.44545e-19
    outer loop
      vertex 80.9391 66.3945 69
      vertex 81 65 95
      vertex 81 65 69
    endloop
  endfacet
  facet normal 0.976297 0.216437 2.8542e-19
    outer loop
      vertex 80.7569 67.7784 95
      vertex 80.4548 69.1411 69
      vertex 80.4548 69.1411 95
    endloop
  endfacet
  facet normal 0.976297 0.216437 2.8542e-19
    outer loop
      vertex 80.4548 69.1411 69
      vertex 80.7569 67.7784 95
      vertex 80.7569 67.7784 69
    endloop
  endfacet
  facet normal -0.887015 -0.461741 6.8284e-19
    outer loop
      vertex 51.1436 57 69
      vertex 50.4991 58.2381 95
      vertex 50.4991 58.2381 69
    endloop
  endfacet
  facet normal -0.887015 -0.461741 6.8284e-19
    outer loop
      vertex 50.4991 58.2381 95
      vertex 51.1436 57 69
      vertex 51.1436 57 95
    endloop
  endfacet
  facet normal 0.300689 0.953722 -0
    outer loop
      vertex 70.4723 80.0351 69
      vertex 69.1411 80.4548 95
      vertex 70.4723 80.0351 95
    endloop
  endfacet
  facet normal 0.300689 0.953722 0
    outer loop
      vertex 69.1411 80.4548 95
      vertex 70.4723 80.0351 69
      vertex 69.1411 80.4548 69
    endloop
  endfacet
  facet normal -0.843378 -0.53732 0
    outer loop
      vertex 51.8936 55.8228 69
      vertex 51.1436 57 95
      vertex 51.1436 57 69
    endloop
  endfacet
  facet normal -0.843378 -0.53732 0
    outer loop
      vertex 51.1436 57 95
      vertex 51.8936 55.8228 69
      vertex 51.8936 55.8228 95
    endloop
  endfacet
  facet normal 0.923872 0.382702 -3.1972e-19
    outer loop
      vertex 80.0351 70.4723 95
      vertex 79.5009 71.7619 69
      vertex 79.5009 71.7619 95
    endloop
  endfacet
  facet normal 0.923872 0.382702 -3.1972e-19
    outer loop
      vertex 79.5009 71.7619 69
      vertex 80.0351 70.4723 95
      vertex 80.0351 70.4723 69
    endloop
  endfacet
  facet normal -0.216437 0.976297 0
    outer loop
      vertex 62.2216 80.7569 69
      vertex 60.8589 80.4548 95
      vertex 62.2216 80.7569 95
    endloop
  endfacet
  facet normal -0.216437 0.976297 0
    outer loop
      vertex 60.8589 80.4548 95
      vertex 62.2216 80.7569 69
      vertex 60.8589 80.4548 69
    endloop
  endfacet
  facet normal 0.04363 -0.999048 0
    outer loop
      vertex 65 49 69
      vertex 66.3945 49.0609 95
      vertex 65 49 95
    endloop
  endfacet
  facet normal 0.04363 -0.999048 0
    outer loop
      vertex 66.3945 49.0609 95
      vertex 65 49 69
      vertex 66.3945 49.0609 69
    endloop
  endfacet
  facet normal 0.216437 -0.976297 0
    outer loop
      vertex 67.7784 49.2431 69
      vertex 69.1411 49.5452 95
      vertex 67.7784 49.2431 95
    endloop
  endfacet
  facet normal 0.216437 -0.976297 0
    outer loop
      vertex 69.1411 49.5452 95
      vertex 67.7784 49.2431 69
      vertex 69.1411 49.5452 69
    endloop
  endfacet
  facet normal 0.53732 -0.843378 0
    outer loop
      vertex 73 51.1436 69
      vertex 74.1772 51.8936 95
      vertex 73 51.1436 95
    endloop
  endfacet
  facet normal 0.53732 -0.843378 0
    outer loop
      vertex 74.1772 51.8936 95
      vertex 73 51.1436 69
      vertex 74.1772 51.8936 69
    endloop
  endfacet
  facet normal 0.793366 -0.608744 -1.02825e-18
    outer loop
      vertex 77.2567 54.7154 95
      vertex 78.1064 55.8228 69
      vertex 78.1064 55.8228 95
    endloop
  endfacet
  facet normal 0.793366 -0.608744 -1.02825e-18
    outer loop
      vertex 78.1064 55.8228 69
      vertex 77.2567 54.7154 95
      vertex 77.2567 54.7154 69
    endloop
  endfacet
  facet normal 0.382702 0.923872 -0
    outer loop
      vertex 71.7619 79.5009 69
      vertex 70.4723 80.0351 95
      vertex 71.7619 79.5009 95
    endloop
  endfacet
  facet normal 0.382702 0.923872 0
    outer loop
      vertex 70.4723 80.0351 95
      vertex 71.7619 79.5009 69
      vertex 70.4723 80.0351 69
    endloop
  endfacet
  facet normal 0.216437 0.976297 -0
    outer loop
      vertex 69.1411 80.4548 69
      vertex 67.7784 80.7569 95
      vertex 69.1411 80.4548 95
    endloop
  endfacet
  facet normal 0.216437 0.976297 0
    outer loop
      vertex 67.7784 80.7569 95
      vertex 69.1411 80.4548 69
      vertex 67.7784 80.7569 69
    endloop
  endfacet
  facet normal 0.991444 -0.13053 2.31861e-19
    outer loop
      vertex 80.7569 62.2216 95
      vertex 80.9391 63.6055 69
      vertex 80.9391 63.6055 95
    endloop
  endfacet
  facet normal 0.991444 -0.13053 2.31861e-19
    outer loop
      vertex 80.9391 63.6055 69
      vertex 80.7569 62.2216 95
      vertex 80.7569 62.2216 69
    endloop
  endfacet
  facet normal -0.53732 0.843378 0
    outer loop
      vertex 57 78.8564 69
      vertex 55.8228 78.1064 95
      vertex 57 78.8564 95
    endloop
  endfacet
  facet normal -0.53732 0.843378 0
    outer loop
      vertex 55.8228 78.1064 95
      vertex 57 78.8564 69
      vertex 55.8228 78.1064 69
    endloop
  endfacet
  facet normal -0.793366 -0.608744 1.02825e-18
    outer loop
      vertex 52.7433 54.7154 69
      vertex 51.8936 55.8228 95
      vertex 51.8936 55.8228 69
    endloop
  endfacet
  facet normal -0.793366 -0.608744 1.02825e-18
    outer loop
      vertex 51.8936 55.8228 95
      vertex 52.7433 54.7154 69
      vertex 52.7433 54.7154 95
    endloop
  endfacet
  facet normal -0.13053 -0.991444 0
    outer loop
      vertex 62.2216 49.2431 69
      vertex 63.6055 49.0609 95
      vertex 62.2216 49.2431 95
    endloop
  endfacet
  facet normal -0.13053 -0.991444 -0
    outer loop
      vertex 63.6055 49.0609 95
      vertex 62.2216 49.2431 69
      vertex 63.6055 49.0609 69
    endloop
  endfacet
  facet normal -0.843378 0.53732 0
    outer loop
      vertex 51.1436 73 69
      vertex 51.8936 74.1772 95
      vertex 51.8936 74.1772 69
    endloop
  endfacet
  facet normal -0.843378 0.53732 0
    outer loop
      vertex 51.8936 74.1772 95
      vertex 51.1436 73 69
      vertex 51.1436 73 95
    endloop
  endfacet
  facet normal -0.953722 -0.300689 -1.35157e-18
    outer loop
      vertex 49.9649 59.5277 69
      vertex 49.5452 60.8589 95
      vertex 49.5452 60.8589 69
    endloop
  endfacet
  facet normal -0.953722 -0.300689 -1.35157e-18
    outer loop
      vertex 49.5452 60.8589 95
      vertex 49.9649 59.5277 69
      vertex 49.9649 59.5277 95
    endloop
  endfacet
  facet normal 0.923872 -0.382702 8.97278e-19
    outer loop
      vertex 79.5009 58.2381 95
      vertex 80.0351 59.5277 69
      vertex 80.0351 59.5277 95
    endloop
  endfacet
  facet normal 0.923872 -0.382702 8.97278e-19
    outer loop
      vertex 80.0351 59.5277 69
      vertex 79.5009 58.2381 95
      vertex 79.5009 58.2381 69
    endloop
  endfacet
  facet normal 0.976297 -0.216437 2.30985e-19
    outer loop
      vertex 80.4548 60.8589 95
      vertex 80.7569 62.2216 69
      vertex 80.7569 62.2216 95
    endloop
  endfacet
  facet normal 0.976297 -0.216437 2.30985e-19
    outer loop
      vertex 80.7569 62.2216 69
      vertex 80.4548 60.8589 95
      vertex 80.4548 60.8589 69
    endloop
  endfacet
  facet normal -0.675592 0.737276 0
    outer loop
      vertex 54.7154 77.2567 69
      vertex 53.6863 76.3137 95
      vertex 54.7154 77.2567 95
    endloop
  endfacet
  facet normal -0.675592 0.737276 0
    outer loop
      vertex 53.6863 76.3137 95
      vertex 54.7154 77.2567 69
      vertex 53.6863 76.3137 69
    endloop
  endfacet
  facet normal 0 0 -1
    outer loop
      vertex 80.9391 63.6055 69
      vertex 80.9391 66.3945 69
      vertex 81 65 69
    endloop
  endfacet
  facet normal 0 0 -1
    outer loop
      vertex 80.7569 62.2216 69
      vertex 80.9391 66.3945 69
      vertex 80.9391 63.6055 69
    endloop
  endfacet
  facet normal 0 0 -1
    outer loop
      vertex 80.7569 62.2216 69
      vertex 80.7569 67.7784 69
      vertex 80.9391 66.3945 69
    endloop
  endfacet
  facet normal 0 0 -1
    outer loop
      vertex 80.4548 60.8589 69
      vertex 80.7569 67.7784 69
      vertex 80.7569 62.2216 69
    endloop
  endfacet
  facet normal 0 0 -1
    outer loop
      vertex 80.4548 60.8589 69
      vertex 80.4548 69.1411 69
      vertex 80.7569 67.7784 69
    endloop
  endfacet
  facet normal 0 0 -1
    outer loop
      vertex 80.0351 59.5277 69
      vertex 80.4548 69.1411 69
      vertex 80.4548 60.8589 69
    endloop
  endfacet
  facet normal 0 0 -1
    outer loop
      vertex 80.0351 59.5277 69
      vertex 80.0351 70.4723 69
      vertex 80.4548 69.1411 69
    endloop
  endfacet
  facet normal 0 0 -1
    outer loop
      vertex 79.5009 58.2381 69
      vertex 80.0351 70.4723 69
      vertex 80.0351 59.5277 69
    endloop
  endfacet
  facet normal 0 0 -1
    outer loop
      vertex 79.5009 58.2381 69
      vertex 79.5009 71.7619 69
      vertex 80.0351 70.4723 69
    endloop
  endfacet
  facet normal 0 0 -1
    outer loop
      vertex 78.8564 57 69
      vertex 79.5009 71.7619 69
      vertex 79.5009 58.2381 69
    endloop
  endfacet
  facet normal 0 0 -1
    outer loop
      vertex 78.8564 57 69
      vertex 78.8564 73 69
      vertex 79.5009 71.7619 69
    endloop
  endfacet
  facet normal 0 0 -1
    outer loop
      vertex 78.1064 55.8228 69
      vertex 78.8564 73 69
      vertex 78.8564 57 69
    endloop
  endfacet
  facet normal 0 0 -1
    outer loop
      vertex 78.1064 55.8228 69
      vertex 78.1064 74.1772 69
      vertex 78.8564 73 69
    endloop
  endfacet
  facet normal 0 0 -1
    outer loop
      vertex 77.2567 54.7154 69
      vertex 78.1064 74.1772 69
      vertex 78.1064 55.8228 69
    endloop
  endfacet
  facet normal 0 0 -1
    outer loop
      vertex 77.2567 54.7154 69
      vertex 77.2567 75.2846 69
      vertex 78.1064 74.1772 69
    endloop
  endfacet
  facet normal 0 0 -1
    outer loop
      vertex 76.3137 53.6863 69
      vertex 77.2567 75.2846 69
      vertex 77.2567 54.7154 69
    endloop
  endfacet
  facet normal 0 0 -1
    outer loop
      vertex 76.3137 53.6863 69
      vertex 76.3137 76.3137 69
      vertex 77.2567 75.2846 69
    endloop
  endfacet
  facet normal 0 0 -1
    outer loop
      vertex 75.2846 52.7433 69
      vertex 76.3137 76.3137 69
      vertex 76.3137 53.6863 69
    endloop
  endfacet
  facet normal 0 0 -1
    outer loop
      vertex 75.2846 52.7433 69
      vertex 75.2846 77.2567 69
      vertex 76.3137 76.3137 69
    endloop
  endfacet
  facet normal 0 0 -1
    outer loop
      vertex 74.1772 51.8936 69
      vertex 75.2846 77.2567 69
      vertex 75.2846 52.7433 69
    endloop
  endfacet
  facet normal 0 0 -1
    outer loop
      vertex 74.1772 51.8936 69
      vertex 74.1772 78.1064 69
      vertex 75.2846 77.2567 69
    endloop
  endfacet
  facet normal 0 0 -1
    outer loop
      vertex 73 51.1436 69
      vertex 74.1772 78.1064 69
      vertex 74.1772 51.8936 69
    endloop
  endfacet
  facet normal 0 0 -1
    outer loop
      vertex 73 51.1436 69
      vertex 73 78.8564 69
      vertex 74.1772 78.1064 69
    endloop
  endfacet
  facet normal 0 0 -1
    outer loop
      vertex 71.7619 50.4991 69
      vertex 73 78.8564 69
      vertex 73 51.1436 69
    endloop
  endfacet
  facet normal 0 0 -1
    outer loop
      vertex 71.7619 50.4991 69
      vertex 71.7619 79.5009 69
      vertex 73 78.8564 69
    endloop
  endfacet
  facet normal 0 0 -1
    outer loop
      vertex 70.4723 49.9649 69
      vertex 71.7619 79.5009 69
      vertex 71.7619 50.4991 69
    endloop
  endfacet
  facet normal 0 0 -1
    outer loop
      vertex 70.4723 49.9649 69
      vertex 70.4723 80.0351 69
      vertex 71.7619 79.5009 69
    endloop
  endfacet
  facet normal 0 0 -1
    outer loop
      vertex 69.1411 49.5452 69
      vertex 70.4723 80.0351 69
      vertex 70.4723 49.9649 69
    endloop
  endfacet
  facet normal 0 0 -1
    outer loop
      vertex 69.1411 49.5452 69
      vertex 69.1411 80.4548 69
      vertex 70.4723 80.0351 69
    endloop
  endfacet
  facet normal 0 0 -1
    outer loop
      vertex 67.7784 49.2431 69
      vertex 69.1411 80.4548 69
      vertex 69.1411 49.5452 69
    endloop
  endfacet
  facet normal 0 0 -1
    outer loop
      vertex 67.7784 49.2431 69
      vertex 67.7784 80.7569 69
      vertex 69.1411 80.4548 69
    endloop
  endfacet
  facet normal 0 0 -1
    outer loop
      vertex 66.3945 49.0609 69
      vertex 67.7784 80.7569 69
      vertex 67.7784 49.2431 69
    endloop
  endfacet
  facet normal 0 0 -1
    outer loop
      vertex 66.3945 49.0609 69
      vertex 66.3945 80.9391 69
      vertex 67.7784 80.7569 69
    endloop
  endfacet
  facet normal 0 0 -1
    outer loop
      vertex 65 49 69
      vertex 66.3945 80.9391 69
      vertex 66.3945 49.0609 69
    endloop
  endfacet
  facet normal 0 0 -1
    outer loop
      vertex 65 49 69
      vertex 65 81 69
      vertex 66.3945 80.9391 69
    endloop
  endfacet
  facet normal 0 0 -1
    outer loop
      vertex 63.6055 49.0609 69
      vertex 65 81 69
      vertex 65 49 69
    endloop
  endfacet
  facet normal 0 0 -1
    outer loop
      vertex 63.6055 49.0609 69
      vertex 63.6055 80.9391 69
      vertex 65 81 69
    endloop
  endfacet
  facet normal 0 0 -1
    outer loop
      vertex 62.2216 49.2431 69
      vertex 63.6055 80.9391 69
      vertex 63.6055 49.0609 69
    endloop
  endfacet
  facet normal 0 0 -1
    outer loop
      vertex 62.2216 49.2431 69
      vertex 62.2216 80.7569 69
      vertex 63.6055 80.9391 69
    endloop
  endfacet
  facet normal 0 0 -1
    outer loop
      vertex 60.8589 49.5452 69
      vertex 62.2216 80.7569 69
      vertex 62.2216 49.2431 69
    endloop
  endfacet
  facet normal 0 0 -1
    outer loop
      vertex 60.8589 49.5452 69
      vertex 60.8589 80.4548 69
      vertex 62.2216 80.7569 69
    endloop
  endfacet
  facet normal 0 0 -1
    outer loop
      vertex 59.5277 49.9649 69
      vertex 60.8589 80.4548 69
      vertex 60.8589 49.5452 69
    endloop
  endfacet
  facet normal 0 0 -1
    outer loop
      vertex 59.5277 49.9649 69
      vertex 59.5277 80.0351 69
      vertex 60.8589 80.4548 69
    endloop
  endfacet
  facet normal 0 0 -1
    outer loop
      vertex 58.2381 50.4991 69
      vertex 59.5277 80.0351 69
      vertex 59.5277 49.9649 69
    endloop
  endfacet
  facet normal 0 0 -1
    outer loop
      vertex 58.2381 50.4991 69
      vertex 58.2381 79.5009 69
      vertex 59.5277 80.0351 69
    endloop
  endfacet
  facet normal 0 0 -1
    outer loop
      vertex 57 51.1436 69
      vertex 58.2381 79.5009 69
      vertex 58.2381 50.4991 69
    endloop
  endfacet
  facet normal 0 0 -1
    outer loop
      vertex 57 51.1436 69
      vertex 57 78.8564 69
      vertex 58.2381 79.5009 69
    endloop
  endfacet
  facet normal 0 0 -1
    outer loop
      vertex 55.8228 51.8936 69
      vertex 57 78.8564 69
      vertex 57 51.1436 69
    endloop
  endfacet
  facet normal 0 0 -1
    outer loop
      vertex 55.8228 51.8936 69
      vertex 55.8228 78.1064 69
      vertex 57 78.8564 69
    endloop
  endfacet
  facet normal 0 0 -1
    outer loop
      vertex 54.7154 52.7433 69
      vertex 55.8228 78.1064 69
      vertex 55.8228 51.8936 69
    endloop
  endfacet
  facet normal 0 0 -1
    outer loop
      vertex 54.7154 52.7433 69
      vertex 54.7154 77.2567 69
      vertex 55.8228 78.1064 69
    endloop
  endfacet
  facet normal 0 0 -1
    outer loop
      vertex 53.6863 53.6863 69
      vertex 54.7154 77.2567 69
      vertex 54.7154 52.7433 69
    endloop
  endfacet
  facet normal 0 0 -1
    outer loop
      vertex 53.6863 53.6863 69
      vertex 53.6863 76.3137 69
      vertex 54.7154 77.2567 69
    endloop
  endfacet
  facet normal 0 0 -1
    outer loop
      vertex 52.7433 54.7154 69
      vertex 53.6863 76.3137 69
      vertex 53.6863 53.6863 69
    endloop
  endfacet
  facet normal 0 0 -1
    outer loop
      vertex 52.7433 54.7154 69
      vertex 52.7433 75.2846 69
      vertex 53.6863 76.3137 69
    endloop
  endfacet
  facet normal 0 0 -1
    outer loop
      vertex 51.8936 55.8228 69
      vertex 52.7433 75.2846 69
      vertex 52.7433 54.7154 69
    endloop
  endfacet
  facet normal 0 0 -1
    outer loop
      vertex 51.8936 55.8228 69
      vertex 51.8936 74.1772 69
      vertex 52.7433 75.2846 69
    endloop
  endfacet
  facet normal 0 0 -1
    outer loop
      vertex 51.1436 57 69
      vertex 51.8936 74.1772 69
      vertex 51.8936 55.8228 69
    endloop
  endfacet
  facet normal 0 0 -1
    outer loop
      vertex 51.1436 57 69
      vertex 51.1436 73 69
      vertex 51.8936 74.1772 69
    endloop
  endfacet
  facet normal 0 0 -1
    outer loop
      vertex 50.4991 58.2381 69
      vertex 51.1436 73 69
      vertex 51.1436 57 69
    endloop
  endfacet
  facet normal 0 0 -1
    outer loop
      vertex 50.4991 58.2381 69
      vertex 50.4991 71.7619 69
      vertex 51.1436 73 69
    endloop
  endfacet
  facet normal 0 0 -1
    outer loop
      vertex 49.9649 59.5277 69
      vertex 50.4991 71.7619 69
      vertex 50.4991 58.2381 69
    endloop
  endfacet
  facet normal 0 0 -1
    outer loop
      vertex 49.9649 59.5277 69
      vertex 49.9649 70.4723 69
      vertex 50.4991 71.7619 69
    endloop
  endfacet
  facet normal 0 0 -1
    outer loop
      vertex 49.5452 60.8589 69
      vertex 49.9649 70.4723 69
      vertex 49.9649 59.5277 69
    endloop
  endfacet
  facet normal 0 0 -1
    outer loop
      vertex 49.5452 60.8589 69
      vertex 49.5452 69.1411 69
      vertex 49.9649 70.4723 69
    endloop
  endfacet
  facet normal 0 0 -1
    outer loop
      vertex 49.2431 62.2216 69
      vertex 49.5452 69.1411 69
      vertex 49.5452 60.8589 69
    endloop
  endfacet
  facet normal 0 0 -1
    outer loop
      vertex 49.2431 62.2216 69
      vertex 49.2431 67.7784 69
      vertex 49.5452 69.1411 69
    endloop
  endfacet
  facet normal 0 0 -1
    outer loop
      vertex 49.0609 63.6055 69
      vertex 49.2431 67.7784 69
      vertex 49.2431 62.2216 69
    endloop
  endfacet
  facet normal 0 0 -1
    outer loop
      vertex 49.0609 63.6055 69
      vertex 49.0609 66.3945 69
      vertex 49.2431 67.7784 69
    endloop
  endfacet
  facet normal 0 -0 -1
    outer loop
      vertex 49.0609 66.3945 69
      vertex 49.0609 63.6055 69
      vertex 49 65 69
    endloop
  endfacet
  facet normal 0.300689 -0.953722 0
    outer loop
      vertex 69.1411 49.5452 69
      vertex 70.4723 49.9649 95
      vertex 69.1411 49.5452 95
    endloop
  endfacet
  facet normal 0.300689 -0.953722 0
    outer loop
      vertex 70.4723 49.9649 95
      vertex 69.1411 49.5452 69
      vertex 70.4723 49.9649 69
    endloop
  endfacet
  facet normal -0.976297 0.216437 3.65594e-19
    outer loop
      vertex 49.2431 67.7784 69
      vertex 49.5452 69.1411 95
      vertex 49.5452 69.1411 69
    endloop
  endfacet
  facet normal -0.976297 0.216437 3.65594e-19
    outer loop
      vertex 49.5452 69.1411 95
      vertex 49.2431 67.7784 69
      vertex 49.2431 67.7784 95
    endloop
  endfacet
  facet normal -0.300689 0.953722 0
    outer loop
      vertex 60.8589 80.4548 69
      vertex 59.5277 80.0351 95
      vertex 60.8589 80.4548 95
    endloop
  endfacet
  facet normal -0.300689 0.953722 0
    outer loop
      vertex 59.5277 80.0351 95
      vertex 60.8589 80.4548 69
      vertex 59.5277 80.0351 69
    endloop
  endfacet
  facet normal 0.793366 0.608744 1.02825e-18
    outer loop
      vertex 78.1064 74.1772 95
      vertex 77.2567 75.2846 69
      vertex 77.2567 75.2846 95
    endloop
  endfacet
  facet normal 0.793366 0.608744 1.02825e-18
    outer loop
      vertex 77.2567 75.2846 69
      vertex 78.1064 74.1772 95
      vertex 78.1064 74.1772 69
    endloop
  endfacet
  facet normal -0.923872 -0.382702 -8.97278e-19
    outer loop
      vertex 50.4991 58.2381 69
      vertex 49.9649 59.5277 95
      vertex 49.9649 59.5277 69
    endloop
  endfacet
  facet normal -0.923872 -0.382702 -8.97278e-19
    outer loop
      vertex 49.9649 59.5277 95
      vertex 50.4991 58.2381 69
      vertex 50.4991 58.2381 95
    endloop
  endfacet
  facet normal 0.999048 -0.04363 -7.54075e-20
    outer loop
      vertex 80.9391 63.6055 95
      vertex 81 65 69
      vertex 81 65 95
    endloop
  endfacet
  facet normal 0.999048 -0.04363 -7.54075e-20
    outer loop
      vertex 81 65 69
      vertex 80.9391 63.6055 95
      vertex 80.9391 63.6055 69
    endloop
  endfacet
  facet normal 0.13053 0.991444 -0
    outer loop
      vertex 67.7784 80.7569 69
      vertex 66.3945 80.9391 95
      vertex 67.7784 80.7569 95
    endloop
  endfacet
  facet normal 0.13053 0.991444 0
    outer loop
      vertex 66.3945 80.9391 95
      vertex 67.7784 80.7569 69
      vertex 66.3945 80.9391 69
    endloop
  endfacet
  facet normal 0.608744 0.793366 -0
    outer loop
      vertex 75.2846 77.2567 69
      vertex 74.1772 78.1064 95
      vertex 75.2846 77.2567 95
    endloop
  endfacet
  facet normal 0.608744 0.793366 0
    outer loop
      vertex 74.1772 78.1064 95
      vertex 75.2846 77.2567 69
      vertex 74.1772 78.1064 69
    endloop
  endfacet
  facet normal 0.53732 0.843378 -0
    outer loop
      vertex 74.1772 78.1064 69
      vertex 73 78.8564 95
      vertex 74.1772 78.1064 95
    endloop
  endfacet
  facet normal 0.53732 0.843378 0
    outer loop
      vertex 73 78.8564 95
      vertex 74.1772 78.1064 69
      vertex 73 78.8564 69
    endloop
  endfacet
  facet normal 0.13053 -0.991444 0
    outer loop
      vertex 66.3945 49.0609 69
      vertex 67.7784 49.2431 95
      vertex 66.3945 49.0609 95
    endloop
  endfacet
  facet normal 0.13053 -0.991444 0
    outer loop
      vertex 67.7784 49.2431 95
      vertex 66.3945 49.0609 69
      vertex 67.7784 49.2431 69
    endloop
  endfacet
  facet normal 0.953722 0.300689 -1.10193e-18
    outer loop
      vertex 80.4548 69.1411 95
      vertex 80.0351 70.4723 69
      vertex 80.0351 70.4723 95
    endloop
  endfacet
  facet normal 0.953722 0.300689 -1.10193e-18
    outer loop
      vertex 80.0351 70.4723 69
      vertex 80.4548 69.1411 95
      vertex 80.4548 69.1411 69
    endloop
  endfacet
  facet normal 0.843378 -0.53732 0
    outer loop
      vertex 78.1064 55.8228 95
      vertex 78.8564 57 69
      vertex 78.8564 57 95
    endloop
  endfacet
  facet normal 0.843378 -0.53732 0
    outer loop
      vertex 78.8564 57 69
      vertex 78.1064 55.8228 95
      vertex 78.1064 55.8228 69
    endloop
  endfacet
  facet normal -0.887015 0.461741 -6.8284e-19
    outer loop
      vertex 50.4991 71.7619 69
      vertex 51.1436 73 95
      vertex 51.1436 73 69
    endloop
  endfacet
  facet normal -0.887015 0.461741 -6.8284e-19
    outer loop
      vertex 51.1436 73 95
      vertex 50.4991 71.7619 69
      vertex 50.4991 71.7619 95
    endloop
  endfacet
  facet normal 0.953722 -0.300689 -1.10562e-18
    outer loop
      vertex 80.0351 59.5277 95
      vertex 80.4548 60.8589 69
      vertex 80.4548 60.8589 95
    endloop
  endfacet
  facet normal 0.953722 -0.300689 -1.10562e-18
    outer loop
      vertex 80.4548 60.8589 69
      vertex 80.0351 59.5277 95
      vertex 80.0351 59.5277 69
    endloop
  endfacet
  facet normal 0.461741 0.887015 -0
    outer loop
      vertex 73 78.8564 69
      vertex 71.7619 79.5009 95
      vertex 73 78.8564 95
    endloop
  endfacet
  facet normal 0.461741 0.887015 0
    outer loop
      vertex 71.7619 79.5009 95
      vertex 73 78.8564 69
      vertex 71.7619 79.5009 69
    endloop
  endfacet
  facet normal -0.13053 0.991444 0
    outer loop
      vertex 63.6055 80.9391 69
      vertex 62.2216 80.7569 95
      vertex 63.6055 80.9391 95
    endloop
  endfacet
  facet normal -0.13053 0.991444 0
    outer loop
      vertex 62.2216 80.7569 95
      vertex 63.6055 80.9391 69
      vertex 62.2216 80.7569 69
    endloop
  endfacet
  facet normal 0.675592 -0.737276 0
    outer loop
      vertex 75.2846 52.7433 69
      vertex 76.3137 53.6863 95
      vertex 75.2846 52.7433 95
    endloop
  endfacet
  facet normal 0.675592 -0.737276 0
    outer loop
      vertex 76.3137 53.6863 95
      vertex 75.2846 52.7433 69
      vertex 76.3137 53.6863 69
    endloop
  endfacet
  facet normal -0.300689 -0.953722 0
    outer loop
      vertex 59.5277 49.9649 69
      vertex 60.8589 49.5452 95
      vertex 59.5277 49.9649 95
    endloop
  endfacet
  facet normal -0.300689 -0.953722 -0
    outer loop
      vertex 60.8589 49.5452 95
      vertex 59.5277 49.9649 69
      vertex 60.8589 49.5452 69
    endloop
  endfacet
  facet normal 0.843378 0.53732 0
    outer loop
      vertex 78.8564 73 95
      vertex 78.1064 74.1772 69
      vertex 78.1064 74.1772 95
    endloop
  endfacet
  facet normal 0.843378 0.53732 0
    outer loop
      vertex 78.1064 74.1772 69
      vertex 78.8564 73 95
      vertex 78.8564 73 69
    endloop
  endfacet
  facet normal 0.04363 0.999048 -0
    outer loop
      vertex 66.3945 80.9391 69
      vertex 65 81 95
      vertex 66.3945 80.9391 95
    endloop
  endfacet
  facet normal 0.04363 0.999048 0
    outer loop
      vertex 65 81 95
      vertex 66.3945 80.9391 69
      vertex 65 81 69
    endloop
  endfacet
  facet normal -0.737276 0.675592 -1.2964e-18
    outer loop
      vertex 52.7433 75.2846 69
      vertex 53.6863 76.3137 95
      vertex 53.6863 76.3137 69
    endloop
  endfacet
  facet normal -0.737276 0.675592 -1.2964e-18
    outer loop
      vertex 53.6863 76.3137 95
      vertex 52.7433 75.2846 69
      vertex 52.7433 75.2846 95
    endloop
  endfacet
  facet normal 0.675592 0.737276 -0
    outer loop
      vertex 76.3137 76.3137 69
      vertex 75.2846 77.2567 95
      vertex 76.3137 76.3137 95
    endloop
  endfacet
  facet normal 0.675592 0.737276 0
    outer loop
      vertex 75.2846 77.2567 95
      vertex 76.3137 76.3137 69
      vertex 75.2846 77.2567 69
    endloop
  endfacet
  facet normal -0.675592 -0.737276 0
    outer loop
      vertex 53.6863 53.6863 69
      vertex 54.7154 52.7433 95
      vertex 53.6863 53.6863 95
    endloop
  endfacet
  facet normal -0.675592 -0.737276 -0
    outer loop
      vertex 54.7154 52.7433 95
      vertex 53.6863 53.6863 69
      vertex 54.7154 52.7433 69
    endloop
  endfacet
  facet normal 0.737276 0.675592 8.75453e-19
    outer loop
      vertex 77.2567 75.2846 95
      vertex 76.3137 76.3137 69
      vertex 76.3137 76.3137 95
    endloop
  endfacet
  facet normal 0.737276 0.675592 8.75453e-19
    outer loop
      vertex 76.3137 76.3137 69
      vertex 77.2567 75.2846 95
      vertex 77.2567 75.2846 69
    endloop
  endfacet
  facet normal -0.976297 -0.216437 6.47638e-19
    outer loop
      vertex 49.5452 60.8589 69
      vertex 49.2431 62.2216 95
      vertex 49.2431 62.2216 69
    endloop
  endfacet
  facet normal -0.976297 -0.216437 6.47638e-19
    outer loop
      vertex 49.2431 62.2216 95
      vertex 49.5452 60.8589 69
      vertex 49.5452 60.8589 95
    endloop
  endfacet
  facet normal -0.461741 0.887015 0
    outer loop
      vertex 58.2381 79.5009 69
      vertex 57 78.8564 95
      vertex 58.2381 79.5009 95
    endloop
  endfacet
  facet normal -0.461741 0.887015 0
    outer loop
      vertex 57 78.8564 95
      vertex 58.2381 79.5009 69
      vertex 57 78.8564 69
    endloop
  endfacet
  facet normal -0.04363 0.999048 0
    outer loop
      vertex 65 81 69
      vertex 63.6055 80.9391 95
      vertex 65 81 95
    endloop
  endfacet
  facet normal -0.04363 0.999048 0
    outer loop
      vertex 63.6055 80.9391 95
      vertex 65 81 69
      vertex 63.6055 80.9391 69
    endloop
  endfacet
  facet normal -0.737276 -0.675592 1.2964e-18
    outer loop
      vertex 53.6863 53.6863 69
      vertex 52.7433 54.7154 95
      vertex 52.7433 54.7154 69
    endloop
  endfacet
  facet normal -0.737276 -0.675592 1.2964e-18
    outer loop
      vertex 52.7433 54.7154 95
      vertex 53.6863 53.6863 69
      vertex 53.6863 53.6863 95
    endloop
  endfacet
  facet normal -0.608744 0.793366 0
    outer loop
      vertex 55.8228 78.1064 69
      vertex 54.7154 77.2567 95
      vertex 55.8228 78.1064 95
    endloop
  endfacet
  facet normal -0.608744 0.793366 0
    outer loop
      vertex 54.7154 77.2567 95
      vertex 55.8228 78.1064 69
      vertex 54.7154 77.2567 69
    endloop
  endfacet
  facet normal -0.991444 -0.13053 -4.44778e-19
    outer loop
      vertex 49.2431 62.2216 69
      vertex 49.0609 63.6055 95
      vertex 49.0609 63.6055 69
    endloop
  endfacet
  facet normal -0.991444 -0.13053 -4.44778e-19
    outer loop
      vertex 49.0609 63.6055 95
      vertex 49.2431 62.2216 69
      vertex 49.2431 62.2216 95
    endloop
  endfacet
  facet normal -0.991444 0.13053 -1.00974e-19
    outer loop
      vertex 49.0609 66.3945 69
      vertex 49.2431 67.7784 95
      vertex 49.2431 67.7784 69
    endloop
  endfacet
  facet normal -0.991444 0.13053 -1.00974e-19
    outer loop
      vertex 49.2431 67.7784 95
      vertex 49.0609 66.3945 69
      vertex 49.0609 66.3945 95
    endloop
  endfacet
  facet normal 0 0 1
    outer loop
      vertex 80.9391 66.3945 95
      vertex 80.9391 63.6055 95
      vertex 81 65 95
    endloop
  endfacet
  facet normal 0 0 1
    outer loop
      vertex 80.7569 67.7784 95
      vertex 80.9391 63.6055 95
      vertex 80.9391 66.3945 95
    endloop
  endfacet
  facet normal 0 0 1
    outer loop
      vertex 80.7569 67.7784 95
      vertex 80.7569 62.2216 95
      vertex 80.9391 63.6055 95
    endloop
  endfacet
  facet normal 0 0 1
    outer loop
      vertex 80.4548 69.1411 95
      vertex 80.7569 62.2216 95
      vertex 80.7569 67.7784 95
    endloop
  endfacet
  facet normal 0 0 1
    outer loop
      vertex 80.4548 69.1411 95
      vertex 80.4548 60.8589 95
      vertex 80.7569 62.2216 95
    endloop
  endfacet
  facet normal 0 0 1
    outer loop
      vertex 80.0351 70.4723 95
      vertex 80.4548 60.8589 95
      vertex 80.4548 69.1411 95
    endloop
  endfacet
  facet normal 0 0 1
    outer loop
      vertex 80.0351 70.4723 95
      vertex 80.0351 59.5277 95
      vertex 80.4548 60.8589 95
    endloop
  endfacet
  facet normal 0 0 1
    outer loop
      vertex 79.5009 71.7619 95
      vertex 80.0351 59.5277 95
      vertex 80.0351 70.4723 95
    endloop
  endfacet
  facet normal 0 0 1
    outer loop
      vertex 79.5009 71.7619 95
      vertex 79.5009 58.2381 95
      vertex 80.0351 59.5277 95
    endloop
  endfacet
  facet normal 0 0 1
    outer loop
      vertex 78.8564 73 95
      vertex 79.5009 58.2381 95
      vertex 79.5009 71.7619 95
    endloop
  endfacet
  facet normal 0 0 1
    outer loop
      vertex 78.8564 73 95
      vertex 78.8564 57 95
      vertex 79.5009 58.2381 95
    endloop
  endfacet
  facet normal 0 0 1
    outer loop
      vertex 78.1064 74.1772 95
      vertex 78.8564 57 95
      vertex 78.8564 73 95
    endloop
  endfacet
  facet normal 0 0 1
    outer loop
      vertex 78.1064 74.1772 95
      vertex 78.1064 55.8228 95
      vertex 78.8564 57 95
    endloop
  endfacet
  facet normal 0 0 1
    outer loop
      vertex 77.2567 75.2846 95
      vertex 78.1064 55.8228 95
      vertex 78.1064 74.1772 95
    endloop
  endfacet
  facet normal 0 0 1
    outer loop
      vertex 77.2567 75.2846 95
      vertex 77.2567 54.7154 95
      vertex 78.1064 55.8228 95
    endloop
  endfacet
  facet normal 0 0 1
    outer loop
      vertex 76.3137 76.3137 95
      vertex 77.2567 54.7154 95
      vertex 77.2567 75.2846 95
    endloop
  endfacet
  facet normal 0 0 1
    outer loop
      vertex 76.3137 76.3137 95
      vertex 76.3137 53.6863 95
      vertex 77.2567 54.7154 95
    endloop
  endfacet
  facet normal 0 0 1
    outer loop
      vertex 75.2846 77.2567 95
      vertex 76.3137 53.6863 95
      vertex 76.3137 76.3137 95
    endloop
  endfacet
  facet normal 0 0 1
    outer loop
      vertex 75.2846 77.2567 95
      vertex 75.2846 52.7433 95
      vertex 76.3137 53.6863 95
    endloop
  endfacet
  facet normal 0 0 1
    outer loop
      vertex 74.1772 78.1064 95
      vertex 75.2846 52.7433 95
      vertex 75.2846 77.2567 95
    endloop
  endfacet
  facet normal 0 0 1
    outer loop
      vertex 74.1772 78.1064 95
      vertex 74.1772 51.8936 95
      vertex 75.2846 52.7433 95
    endloop
  endfacet
  facet normal 0 0 1
    outer loop
      vertex 73 78.8564 95
      vertex 74.1772 51.8936 95
      vertex 74.1772 78.1064 95
    endloop
  endfacet
  facet normal 0 0 1
    outer loop
      vertex 73 78.8564 95
      vertex 73 51.1436 95
      vertex 74.1772 51.8936 95
    endloop
  endfacet
  facet normal 0 0 1
    outer loop
      vertex 71.7619 79.5009 95
      vertex 73 51.1436 95
      vertex 73 78.8564 95
    endloop
  endfacet
  facet normal 0 0 1
    outer loop
      vertex 71.7619 79.5009 95
      vertex 71.7619 50.4991 95
      vertex 73 51.1436 95
    endloop
  endfacet
  facet normal 0 0 1
    outer loop
      vertex 70.4723 80.0351 95
      vertex 71.7619 50.4991 95
      vertex 71.7619 79.5009 95
    endloop
  endfacet
  facet normal 0 0 1
    outer loop
      vertex 70.4723 80.0351 95
      vertex 70.4723 49.9649 95
      vertex 71.7619 50.4991 95
    endloop
  endfacet
  facet normal 0 0 1
    outer loop
      vertex 69.1411 80.4548 95
      vertex 70.4723 49.9649 95
      vertex 70.4723 80.0351 95
    endloop
  endfacet
  facet normal 0 0 1
    outer loop
      vertex 69.1411 80.4548 95
      vertex 69.1411 49.5452 95
      vertex 70.4723 49.9649 95
    endloop
  endfacet
  facet normal 0 0 1
    outer loop
      vertex 67.7784 80.7569 95
      vertex 69.1411 49.5452 95
      vertex 69.1411 80.4548 95
    endloop
  endfacet
  facet normal 0 0 1
    outer loop
      vertex 67.7784 80.7569 95
      vertex 67.7784 49.2431 95
      vertex 69.1411 49.5452 95
    endloop
  endfacet
  facet normal 0 0 1
    outer loop
      vertex 66.3945 80.9391 95
      vertex 67.7784 49.2431 95
      vertex 67.7784 80.7569 95
    endloop
  endfacet
  facet normal 0 0 1
    outer loop
      vertex 66.3945 80.9391 95
      vertex 66.3945 49.0609 95
      vertex 67.7784 49.2431 95
    endloop
  endfacet
  facet normal 0 0 1
    outer loop
      vertex 65 81 95
      vertex 66.3945 49.0609 95
      vertex 66.3945 80.9391 95
    endloop
  endfacet
  facet normal 0 0 1
    outer loop
      vertex 65 81 95
      vertex 65 49 95
      vertex 66.3945 49.0609 95
    endloop
  endfacet
  facet normal -0 0 1
    outer loop
      vertex 63.6055 80.9391 95
      vertex 65 49 95
      vertex 65 81 95
    endloop
  endfacet
  facet normal 0 0 1
    outer loop
      vertex 63.6055 80.9391 95
      vertex 63.6055 49.0609 95
      vertex 65 49 95
    endloop
  endfacet
  facet normal -0 0 1
    outer loop
      vertex 62.2216 80.7569 95
      vertex 63.6055 49.0609 95
      vertex 63.6055 80.9391 95
    endloop
  endfacet
  facet normal 0 0 1
    outer loop
      vertex 62.2216 80.7569 95
      vertex 62.2216 49.2431 95
      vertex 63.6055 49.0609 95
    endloop
  endfacet
  facet normal -0 0 1
    outer loop
      vertex 60.8589 80.4548 95
      vertex 62.2216 49.2431 95
      vertex 62.2216 80.7569 95
    endloop
  endfacet
  facet normal 0 0 1
    outer loop
      vertex 60.8589 80.4548 95
      vertex 60.8589 49.5452 95
      vertex 62.2216 49.2431 95
    endloop
  endfacet
  facet normal -0 0 1
    outer loop
      vertex 59.5277 80.0351 95
      vertex 60.8589 49.5452 95
      vertex 60.8589 80.4548 95
    endloop
  endfacet
  facet normal 0 0 1
    outer loop
      vertex 59.5277 80.0351 95
      vertex 59.5277 49.9649 95
      vertex 60.8589 49.5452 95
    endloop
  endfacet
  facet normal -0 0 1
    outer loop
      vertex 58.2381 79.5009 95
      vertex 59.5277 49.9649 95
      vertex 59.5277 80.0351 95
    endloop
  endfacet
  facet normal 0 0 1
    outer loop
      vertex 58.2381 79.5009 95
      vertex 58.2381 50.4991 95
      vertex 59.5277 49.9649 95
    endloop
  endfacet
  facet normal -0 0 1
    outer loop
      vertex 57 78.8564 95
      vertex 58.2381 50.4991 95
      vertex 58.2381 79.5009 95
    endloop
  endfacet
  facet normal 0 0 1
    outer loop
      vertex 57 78.8564 95
      vertex 57 51.1436 95
      vertex 58.2381 50.4991 95
    endloop
  endfacet
  facet normal -0 0 1
    outer loop
      vertex 55.8228 78.1064 95
      vertex 57 51.1436 95
      vertex 57 78.8564 95
    endloop
  endfacet
  facet normal 0 0 1
    outer loop
      vertex 55.8228 78.1064 95
      vertex 55.8228 51.8936 95
      vertex 57 51.1436 95
    endloop
  endfacet
  facet normal -0 0 1
    outer loop
      vertex 54.7154 77.2567 95
      vertex 55.8228 51.8936 95
      vertex 55.8228 78.1064 95
    endloop
  endfacet
  facet normal 0 0 1
    outer loop
      vertex 54.7154 77.2567 95
      vertex 54.7154 52.7433 95
      vertex 55.8228 51.8936 95
    endloop
  endfacet
  facet normal -0 0 1
    outer loop
      vertex 53.6863 76.3137 95
      vertex 54.7154 52.7433 95
      vertex 54.7154 77.2567 95
    endloop
  endfacet
  facet normal 0 0 1
    outer loop
      vertex 53.6863 76.3137 95
      vertex 53.6863 53.6863 95
      vertex 54.7154 52.7433 95
    endloop
  endfacet
  facet normal -0 0 1
    outer loop
      vertex 52.7433 75.2846 95
      vertex 53.6863 53.6863 95
      vertex 53.6863 76.3137 95
    endloop
  endfacet
  facet normal 0 0 1
    outer loop
      vertex 52.7433 75.2846 95
      vertex 52.7433 54.7154 95
      vertex 53.6863 53.6863 95
    endloop
  endfacet
  facet normal -0 0 1
    outer loop
      vertex 51.8936 74.1772 95
      vertex 52.7433 54.7154 95
      vertex 52.7433 75.2846 95
    endloop
  endfacet
  facet normal 0 0 1
    outer loop
      vertex 51.8936 74.1772 95
      vertex 51.8936 55.8228 95
      vertex 52.7433 54.7154 95
    endloop
  endfacet
  facet normal -0 0 1
    outer loop
      vertex 51.1436 73 95
      vertex 51.8936 55.8228 95
      vertex 51.8936 74.1772 95
    endloop
  endfacet
  facet normal 0 0 1
    outer loop
      vertex 51.1436 73 95
      vertex 51.1436 57 95
      vertex 51.8936 55.8228 95
    endloop
  endfacet
  facet normal -0 0 1
    outer loop
      vertex 50.4991 71.7619 95
      vertex 51.1436 57 95
      vertex 51.1436 73 95
    endloop
  endfacet
  facet normal 0 0 1
    outer loop
      vertex 50.4991 71.7619 95
      vertex 50.4991 58.2381 95
      vertex 51.1436 57 95
    endloop
  endfacet
  facet normal -0 0 1
    outer loop
      vertex 49.9649 70.4723 95
      vertex 50.4991 58.2381 95
      vertex 50.4991 71.7619 95
    endloop
  endfacet
  facet normal 0 0 1
    outer loop
      vertex 49.9649 70.4723 95
      vertex 49.9649 59.5277 95
      vertex 50.4991 58.2381 95
    endloop
  endfacet
  facet normal -0 0 1
    outer loop
      vertex 49.5452 69.1411 95
      vertex 49.9649 59.5277 95
      vertex 49.9649 70.4723 95
    endloop
  endfacet
  facet normal 0 0 1
    outer loop
      vertex 49.5452 69.1411 95
      vertex 49.5452 60.8589 95
      vertex 49.9649 59.5277 95
    endloop
  endfacet
  facet normal -0 0 1
    outer loop
      vertex 49.2431 67.7784 95
      vertex 49.5452 60.8589 95
      vertex 49.5452 69.1411 95
    endloop
  endfacet
  facet normal 0 0 1
    outer loop
      vertex 49.2431 67.7784 95
      vertex 49.2431 62.2216 95
      vertex 49.5452 60.8589 95
    endloop
  endfacet
  facet normal -0 0 1
    outer loop
      vertex 49.0609 66.3945 95
      vertex 49.2431 62.2216 95
      vertex 49.2431 67.7784 95
    endloop
  endfacet
  facet normal 0 0 1
    outer loop
      vertex 49.0609 66.3945 95
      vertex 49.0609 63.6055 95
      vertex 49.2431 62.2216 95
    endloop
  endfacet
  facet normal 0 -0 1
    outer loop
      vertex 49.0609 63.6055 95
      vertex 49.0609 66.3945 95
      vertex 49 65 95
    endloop
  endfacet
  facet normal 0.887015 0.461741 -4.64807e-20
    outer loop
      vertex 79.5009 71.7619 95
      vertex 78.8564 73 69
      vertex 78.8564 73 95
    endloop
  endfacet
  facet normal 0.887015 0.461741 -4.64807e-20
    outer loop
      vertex 78.8564 73 69
      vertex 79.5009 71.7619 95
      vertex 79.5009 71.7619 69
    endloop
  endfacet
  facet normal 0.608744 -0.793366 0
    outer loop
      vertex 74.1772 51.8936 69
      vertex 75.2846 52.7433 95
      vertex 74.1772 51.8936 95
    endloop
  endfacet
  facet normal 0.608744 -0.793366 0
    outer loop
      vertex 75.2846 52.7433 95
      vertex 74.1772 51.8936 69
      vertex 75.2846 52.7433 69
    endloop
  endfacet
  facet normal -0.382702 -0.923872 0
    outer loop
      vertex 58.2381 50.4991 69
      vertex 59.5277 49.9649 95
      vertex 58.2381 50.4991 95
    endloop
  endfacet
  facet normal -0.382702 -0.923872 -0
    outer loop
      vertex 59.5277 49.9649 95
      vertex 58.2381 50.4991 69
      vertex 59.5277 49.9649 69
    endloop
  endfacet
  facet normal -0.382702 0.923872 0
    outer loop
      vertex 59.5277 80.0351 69
      vertex 58.2381 79.5009 95
      vertex 59.5277 80.0351 95
    endloop
  endfacet
  facet normal -0.382702 0.923872 0
    outer loop
      vertex 58.2381 79.5009 95
      vertex 59.5277 80.0351 69
      vertex 58.2381 79.5009 69
    endloop
  endfacet
  facet normal 0.887015 -0.461741 4.64807e-20
    outer loop
      vertex 78.8564 57 95
      vertex 79.5009 58.2381 69
      vertex 79.5009 58.2381 95
    endloop
  endfacet
  facet normal 0.887015 -0.461741 4.64807e-20
    outer loop
      vertex 79.5009 58.2381 69
      vertex 78.8564 57 95
      vertex 78.8564 57 69
    endloop
  endfacet
  facet normal -0.461741 -0.887015 0
    outer loop
      vertex 57 51.1436 69
      vertex 58.2381 50.4991 95
      vertex 57 51.1436 95
    endloop
  endfacet
  facet normal -0.461741 -0.887015 -0
    outer loop
      vertex 58.2381 50.4991 95
      vertex 57 51.1436 69
      vertex 58.2381 50.4991 69
    endloop
  endfacet
  facet normal -0.793366 0.608744 -1.02825e-18
    outer loop
      vertex 51.8936 74.1772 69
      vertex 52.7433 75.2846 95
      vertex 52.7433 75.2846 69
    endloop
  endfacet
  facet normal -0.793366 0.608744 -1.02825e-18
    outer loop
      vertex 52.7433 75.2846 95
      vertex 51.8936 74.1772 69
      vertex 51.8936 74.1772 95
    endloop
  endfacet
  facet normal -0.04363 -0.999048 0
    outer loop
      vertex 63.6055 49.0609 69
      vertex 65 49 95
      vertex 63.6055 49.0609 95
    endloop
  endfacet
  facet normal -0.04363 -0.999048 -0
    outer loop
      vertex 65 49 95
      vertex 63.6055 49.0609 69
      vertex 65 49 69
    endloop
  endfacet
  facet normal -0.608744 -0.793366 0
    outer loop
      vertex 54.7154 52.7433 69
      vertex 55.8228 51.8936 95
      vertex 54.7154 52.7433 95
    endloop
  endfacet
  facet normal -0.608744 -0.793366 -0
    outer loop
      vertex 55.8228 51.8936 95
      vertex 54.7154 52.7433 69
      vertex 55.8228 51.8936 69
    endloop
  endfacet
  facet normal -0.53732 -0.843378 0
    outer loop
      vertex 55.8228 51.8936 69
      vertex 57 51.1436 95
      vertex 55.8228 51.8936 95
    endloop
  endfacet
  facet normal -0.53732 -0.843378 -0
    outer loop
      vertex 57 51.1436 95
      vertex 55.8228 51.8936 69
      vertex 57 51.1436 69
    endloop
  endfacet
  facet normal -0.999048 0.04363 -1.38427e-19
    outer loop
      vertex 49 65 69
      vertex 49.0609 66.3945 95
      vertex 49.0609 66.3945 69
    endloop
  endfacet
  facet normal -0.999048 0.04363 -1.38427e-19
    outer loop
      vertex 49.0609 66.3945 95
      vertex 49 65 69
      vertex 49 65 95
    endloop
  endfacet
  facet normal -0.999048 -0.04363 6.92891e-20
    outer loop
      vertex 49.0609 63.6055 69
      vertex 49 65 95
      vertex 49 65 69
    endloop
  endfacet
  facet normal -0.999048 -0.04363 6.92891e-20
    outer loop
      vertex 49 65 95
      vertex 49.0609 63.6055 69
      vertex 49.0609 63.6055 95
    endloop
  endfacet
  facet normal -0.216437 -0.976297 0
    outer loop
      vertex 60.8589 49.5452 69
      vertex 62.2216 49.2431 95
      vertex 60.8589 49.5452 95
    endloop
  endfacet
  facet normal -0.216437 -0.976297 -0
    outer loop
      vertex 62.2216 49.2431 95
      vertex 60.8589 49.5452 69
      vertex 62.2216 49.2431 69
    endloop
  endfacet
  facet normal 0.737276 -0.675592 -8.75453e-19
    outer loop
      vertex 76.3137 53.6863 95
      vertex 77.2567 54.7154 69
      vertex 77.2567 54.7154 95
    endloop
  endfacet
  facet normal 0.737276 -0.675592 -8.75453e-19
    outer loop
      vertex 77.2567 54.7154 69
      vertex 76.3137 53.6863 95
      vertex 76.3137 53.6863 69
    endloop
  endfacet
  facet normal 0.461741 -0.887015 0
    outer loop
      vertex 71.7619 50.4991 69
      vertex 73 51.1436 95
      vertex 71.7619 50.4991 95
    endloop
  endfacet
  facet normal 0.461741 -0.887015 0
    outer loop
      vertex 73 51.1436 95
      vertex 71.7619 50.4991 69
      vertex 73 51.1436 69
    endloop
  endfacet
  facet normal 0.382702 -0.923872 0
    outer loop
      vertex 70.4723 49.9649 69
      vertex 71.7619 50.4991 95
      vertex 70.4723 49.9649 95
    endloop
  endfacet
  facet normal 0.382702 -0.923872 0
    outer loop
      vertex 71.7619 50.4991 95
      vertex 70.4723 49.9649 69
      vertex 71.7619 50.4991 69
    endloop
  endfacet
  facet normal -0.953722 0.300689 4.99873e-19
    outer loop
      vertex 49.5452 69.1411 69
      vertex 49.9649 70.4723 95
      vertex 49.9649 70.4723 69
    endloop
  endfacet
  facet normal -0.953722 0.300689 4.99873e-19
    outer loop
      vertex 49.9649 70.4723 95
      vertex 49.5452 69.1411 69
      vertex 49.5452 69.1411 95
    endloop
  endfacet
  facet normal -0.923872 0.382702 3.1972e-19
    outer loop
      vertex 49.9649 70.4723 69
      vertex 50.4991 71.7619 95
      vertex 50.4991 71.7619 69
    endloop
  endfacet
  facet normal -0.923872 0.382702 3.1972e-19
    outer loop
      vertex 50.4991 71.7619 95
      vertex 49.9649 70.4723 69
      vertex 49.9649 70.4723 95
    endloop
  endfacet
  facet normal 0 1 -0
    outer loop
      vertex 122 130 69.5
      vertex 8 130 73.5
      vertex 122 130 73.5
    endloop
  endfacet
  facet normal 0 1 0
    outer loop
      vertex 8 130 73.5
      vertex 122 130 69.5
      vertex 8 130 69.5
    endloop
  endfacet
  facet normal -0.737269 -0.675599 4.08259e-18
    outer loop
      vertex 2.34315 2.34315 69.5
      vertex 1.87164 2.8577 73.5
      vertex 1.87164 2.8577 69.5
    endloop
  endfacet
  facet normal -0.737269 -0.675599 4.08259e-18
    outer loop
      vertex 1.87164 2.8577 73.5
      vertex 2.34315 2.34315 69.5
      vertex 2.34315 2.34315 73.5
    endloop
  endfacet
  facet normal -0.953717 -0.300704 -2.46043e-18
    outer loop
      vertex 0.482458 5.26384 69.5
      vertex 0.272593 5.92945 73.5
      vertex 0.272593 5.92945 69.5
    endloop
  endfacet
  facet normal -0.953717 -0.300704 -2.46043e-18
    outer loop
      vertex 0.272593 5.92945 73.5
      vertex 0.482458 5.26384 69.5
      vertex 0.482458 5.26384 73.5
    endloop
  endfacet
  facet normal 0.675278 -0.737563 0
    outer loop
      vertex 127.142 1.87164 69.5
      vertex 127.657 2.34315 73.5
      vertex 127.142 1.87164 73.5
    endloop
  endfacet
  facet normal 0.675278 -0.737563 0
    outer loop
      vertex 127.657 2.34315 73.5
      vertex 127.142 1.87164 69.5
      vertex 127.657 2.34315 69.5
    endloop
  endfacet
  facet normal 0.216249 -0.976338 0
    outer loop
      vertex 123.389 0.121537 69.5
      vertex 124.071 0.272593 73.5
      vertex 123.389 0.121537 73.5
    endloop
  endfacet
  facet normal 0.216249 -0.976338 0
    outer loop
      vertex 124.071 0.272593 73.5
      vertex 123.389 0.121537 69.5
      vertex 124.071 0.272593 69.5
    endloop
  endfacet
  facet normal 0.843544 0.537061 0
    outer loop
      vertex 128.928 126 73.5
      vertex 128.553 126.589 69.5
      vertex 128.553 126.589 73.5
    endloop
  endfacet
  facet normal 0.843544 0.537061 0
    outer loop
      vertex 128.553 126.589 69.5
      vertex 128.928 126 73.5
      vertex 128.928 126 69.5
    endloop
  endfacet
  facet normal -0.923924 0.382575 2.14243e-19
    outer loop
      vertex 0.482458 124.736 69.5
      vertex 0.749537 125.381 73.5
      vertex 0.749537 125.381 69.5
    endloop
  endfacet
  facet normal -0.923924 0.382575 2.14243e-19
    outer loop
      vertex 0.749537 125.381 73.5
      vertex 0.482458 124.736 69.5
      vertex 0.482458 124.736 73.5
    endloop
  endfacet
  facet normal -0.887007 -0.461755 -2.96714e-18
    outer loop
      vertex 1.0718 4 69.5
      vertex 0.749537 4.61905 73.5
      vertex 0.749537 4.61905 69.5
    endloop
  endfacet
  facet normal -0.887007 -0.461755 -2.96714e-18
    outer loop
      vertex 0.749537 4.61905 73.5
      vertex 1.0718 4 69.5
      vertex 1.0718 4 73.5
    endloop
  endfacet
  facet normal 0.991278 0.131788 -1.96061e-18
    outer loop
      vertex 129.97 122.697 73.5
      vertex 129.878 123.389 69.5
      vertex 129.878 123.389 73.5
    endloop
  endfacet
  facet normal 0.991278 0.131788 -1.96061e-18
    outer loop
      vertex 129.878 123.389 69.5
      vertex 129.97 122.697 73.5
      vertex 129.97 122.697 69.5
    endloop
  endfacet
  facet normal -0.793354 -0.60876 -8.46951e-19
    outer loop
      vertex 1.87164 2.8577 69.5
      vertex 1.44678 3.41139 73.5
      vertex 1.44678 3.41139 69.5
    endloop
  endfacet
  facet normal -0.793354 -0.60876 -8.46951e-19
    outer loop
      vertex 1.44678 3.41139 73.5
      vertex 1.87164 2.8577 69.5
      vertex 1.87164 2.8577 73.5
    endloop
  endfacet
  facet normal -0.675599 -0.737269 0
    outer loop
      vertex 2.34315 2.34315 69.5
      vertex 2.8577 1.87164 73.5
      vertex 2.34315 2.34315 73.5
    endloop
  endfacet
  facet normal -0.675599 -0.737269 -0
    outer loop
      vertex 2.8577 1.87164 73.5
      vertex 2.34315 2.34315 69.5
      vertex 2.8577 1.87164 69.5
    endloop
  endfacet
  facet normal -0.130525 -0.991445 0
    outer loop
      vertex 6.61081 0.121537 69.5
      vertex 7.30275 0.0304422 73.5
      vertex 6.61081 0.121537 73.5
    endloop
  endfacet
  facet normal -0.130525 -0.991445 -0
    outer loop
      vertex 7.30275 0.0304422 73.5
      vertex 6.61081 0.121537 69.5
      vertex 7.30275 0.0304422 69.5
    endloop
  endfacet
  facet normal 0.999076 -0.0429864 9.30628e-20
    outer loop
      vertex 129.97 7.30275 73.5
      vertex 130 8 69.5
      vertex 130 8 73.5
    endloop
  endfacet
  facet normal 0.999076 -0.0429864 9.30628e-20
    outer loop
      vertex 130 8 69.5
      vertex 129.97 7.30275 73.5
      vertex 129.97 7.30275 69.5
    endloop
  endfacet
  facet normal -0.0436188 -0.999048 0
    outer loop
      vertex 7.30275 0.0304422 69.5
      vertex 8 0 73.5
      vertex 7.30275 0.0304422 73.5
    endloop
  endfacet
  facet normal -0.0436188 -0.999048 -0
    outer loop
      vertex 8 0 73.5
      vertex 7.30275 0.0304422 69.5
      vertex 8 0 69.5
    endloop
  endfacet
  facet normal -0.843395 -0.537294 4.23843e-18
    outer loop
      vertex 1.44678 3.41139 69.5
      vertex 1.0718 4 73.5
      vertex 1.0718 4 69.5
    endloop
  endfacet
  facet normal -0.843395 -0.537294 4.23843e-18
    outer loop
      vertex 1.0718 4 73.5
      vertex 1.44678 3.41139 69.5
      vertex 1.44678 3.41139 73.5
    endloop
  endfacet
  facet normal -0.92388 -0.382681 -4.786e-18
    outer loop
      vertex 0.749537 4.61905 69.5
      vertex 0.482458 5.26384 73.5
      vertex 0.482458 5.26384 69.5
    endloop
  endfacet
  facet normal -0.92388 -0.382681 -4.786e-18
    outer loop
      vertex 0.482458 5.26384 73.5
      vertex 0.749537 4.61905 69.5
      vertex 0.749537 4.61905 73.5
    endloop
  endfacet
  facet normal -0.299576 0.954072 0
    outer loop
      vertex 5.92945 129.727 69.5
      vertex 5.26384 129.518 73.5
      vertex 5.92945 129.727 73.5
    endloop
  endfacet
  facet normal -0.299576 0.954072 0
    outer loop
      vertex 5.26384 129.518 73.5
      vertex 5.92945 129.727 69.5
      vertex 5.26384 129.518 69.5
    endloop
  endfacet
  facet normal 0.131788 0.991278 -0
    outer loop
      vertex 123.389 129.878 69.5
      vertex 122.697 129.97 73.5
      vertex 123.389 129.878 73.5
    endloop
  endfacet
  facet normal 0.131788 0.991278 0
    outer loop
      vertex 122.697 129.97 73.5
      vertex 123.389 129.878 69.5
      vertex 122.697 129.97 69.5
    endloop
  endfacet
  facet normal 0.0430018 0.999075 -0
    outer loop
      vertex 122.697 129.97 69.5
      vertex 122 130 73.5
      vertex 122.697 129.97 73.5
    endloop
  endfacet
  facet normal 0.0430018 0.999075 0
    outer loop
      vertex 122 130 73.5
      vertex 122.697 129.97 69.5
      vertex 122 130 69.5
    endloop
  endfacet
  facet normal -0.1318 0.991276 0
    outer loop
      vertex 7.30275 129.97 69.5
      vertex 6.61081 129.878 73.5
      vertex 7.30275 129.97 73.5
    endloop
  endfacet
  facet normal -0.1318 0.991276 0
    outer loop
      vertex 6.61081 129.878 73.5
      vertex 7.30275 129.97 69.5
      vertex 6.61081 129.878 69.5
    endloop
  endfacet
  facet normal 1 -0 0
    outer loop
      vertex 130 8 73.5
      vertex 130 122 69.5
      vertex 130 122 73.5
    endloop
  endfacet
  facet normal 1 0 0
    outer loop
      vertex 130 122 69.5
      vertex 130 8 73.5
      vertex 130 8 69.5
    endloop
  endfacet
  facet normal -0.60876 -0.793354 0
    outer loop
      vertex 2.8577 1.87164 69.5
      vertex 3.41139 1.44678 73.5
      vertex 2.8577 1.87164 73.5
    endloop
  endfacet
  facet normal -0.60876 -0.793354 -0
    outer loop
      vertex 3.41139 1.44678 73.5
      vertex 2.8577 1.87164 69.5
      vertex 3.41139 1.44678 69.5
    endloop
  endfacet
  facet normal 0.382575 -0.923924 0
    outer loop
      vertex 124.736 0.482458 69.5
      vertex 125.381 0.749537 73.5
      vertex 124.736 0.482458 73.5
    endloop
  endfacet
  facet normal 0.382575 -0.923924 0
    outer loop
      vertex 125.381 0.749537 73.5
      vertex 124.736 0.482458 69.5
      vertex 125.381 0.749537 69.5
    endloop
  endfacet
  facet normal -0.976295 -0.216443 -1.07353e-18
    outer loop
      vertex 0.272593 5.92945 69.5
      vertex 0.121537 6.61081 73.5
      vertex 0.121537 6.61081 69.5
    endloop
  endfacet
  facet normal -0.976295 -0.216443 -1.07353e-18
    outer loop
      vertex 0.121537 6.61081 73.5
      vertex 0.272593 5.92945 69.5
      vertex 0.272593 5.92945 73.5
    endloop
  endfacet
  facet normal -0.886992 0.461785 -4.65313e-18
    outer loop
      vertex 0.749537 125.381 69.5
      vertex 1.0718 126 73.5
      vertex 1.0718 126 69.5
    endloop
  endfacet
  facet normal -0.886992 0.461785 -4.65313e-18
    outer loop
      vertex 1.0718 126 73.5
      vertex 0.749537 125.381 69.5
      vertex 0.749537 125.381 73.5
    endloop
  endfacet
  facet normal -0.216443 -0.976295 0
    outer loop
      vertex 5.92945 0.272593 69.5
      vertex 6.61081 0.121537 73.5
      vertex 5.92945 0.272593 73.5
    endloop
  endfacet
  facet normal -0.216443 -0.976295 -0
    outer loop
      vertex 6.61081 0.121537 73.5
      vertex 5.92945 0.272593 69.5
      vertex 6.61081 0.121537 69.5
    endloop
  endfacet
  facet normal 0.216172 0.976355 -0
    outer loop
      vertex 124.071 129.727 69.5
      vertex 123.389 129.878 73.5
      vertex 124.071 129.727 73.5
    endloop
  endfacet
  facet normal 0.216172 0.976355 0
    outer loop
      vertex 123.389 129.878 73.5
      vertex 124.071 129.727 69.5
      vertex 123.389 129.878 69.5
    endloop
  endfacet
  facet normal 0.3837 0.923458 -0
    outer loop
      vertex 125.381 129.25 69.5
      vertex 124.736 129.518 73.5
      vertex 125.381 129.25 73.5
    endloop
  endfacet
  facet normal 0.3837 0.923458 0
    outer loop
      vertex 124.736 129.518 73.5
      vertex 125.381 129.25 69.5
      vertex 124.736 129.518 69.5
    endloop
  endfacet
  facet normal -0.537314 0.843382 0
    outer loop
      vertex 4 128.928 69.5
      vertex 3.41139 128.553 73.5
      vertex 4 128.928 73.5
    endloop
  endfacet
  facet normal -0.537314 0.843382 0
    outer loop
      vertex 3.41139 128.553 73.5
      vertex 4 128.928 69.5
      vertex 3.41139 128.553 69.5
    endloop
  endfacet
  facet normal 0.737927 0.674881 -3.63976e-18
    outer loop
      vertex 128.128 127.142 73.5
      vertex 127.657 127.657 69.5
      vertex 127.657 127.657 73.5
    endloop
  endfacet
  facet normal 0.737927 0.674881 -3.63976e-18
    outer loop
      vertex 127.657 127.657 69.5
      vertex 128.128 127.142 73.5
      vertex 128.128 127.142 69.5
    endloop
  endfacet
  facet normal 0.976312 -0.216366 -1.73388e-18
    outer loop
      vertex 129.727 5.92945 73.5
      vertex 129.878 6.61081 69.5
      vertex 129.878 6.61081 73.5
    endloop
  endfacet
  facet normal 0.976312 -0.216366 -1.73388e-18
    outer loop
      vertex 129.878 6.61081 69.5
      vertex 129.727 5.92945 73.5
      vertex 129.727 5.92945 69.5
    endloop
  endfacet
  facet normal -0.999048 -0.0436188 -4.31529e-20
    outer loop
      vertex 0.0304422 7.30275 69.5
      vertex 0 8 73.5
      vertex 0 8 69.5
    endloop
  endfacet
  facet normal -0.999048 -0.0436188 -4.31529e-20
    outer loop
      vertex 0 8 73.5
      vertex 0.0304422 7.30275 69.5
      vertex 0.0304422 7.30275 73.5
    endloop
  endfacet
  facet normal 0 -1 0
    outer loop
      vertex 8 0 69.5
      vertex 122 0 73.5
      vertex 8 0 73.5
    endloop
  endfacet
  facet normal 0 -1 -0
    outer loop
      vertex 122 0 73.5
      vertex 8 0 69.5
      vertex 122 0 69.5
    endloop
  endfacet
  facet normal -0.991446 0.130514 8.69066e-19
    outer loop
      vertex 0.0304422 122.697 69.5
      vertex 0.121537 123.389 73.5
      vertex 0.121537 123.389 69.5
    endloop
  endfacet
  facet normal -0.991446 0.130514 8.69066e-19
    outer loop
      vertex 0.121537 123.389 73.5
      vertex 0.0304422 122.697 69.5
      vertex 0.0304422 122.697 73.5
    endloop
  endfacet
  facet normal 0.537061 0.843544 -0
    outer loop
      vertex 126.589 128.553 69.5
      vertex 126 128.928 73.5
      vertex 126.589 128.553 73.5
    endloop
  endfacet
  facet normal 0.537061 0.843544 0
    outer loop
      vertex 126 128.928 73.5
      vertex 126.589 128.553 69.5
      vertex 126 128.928 69.5
    endloop
  endfacet
  facet normal -0.300704 -0.953717 0
    outer loop
      vertex 5.26384 0.482458 69.5
      vertex 5.92945 0.272593 73.5
      vertex 5.26384 0.482458 73.5
    endloop
  endfacet
  facet normal -0.300704 -0.953717 -0
    outer loop
      vertex 5.92945 0.272593 73.5
      vertex 5.26384 0.482458 69.5
      vertex 5.92945 0.272593 69.5
    endloop
  endfacet
  facet normal -0.675202 0.737633 0
    outer loop
      vertex 2.8577 128.128 69.5
      vertex 2.34315 127.657 73.5
      vertex 2.8577 128.128 73.5
    endloop
  endfacet
  facet normal -0.675202 0.737633 0
    outer loop
      vertex 2.34315 127.657 73.5
      vertex 2.8577 128.128 69.5
      vertex 2.34315 127.657 69.5
    endloop
  endfacet
  facet normal -0.537294 -0.843395 0
    outer loop
      vertex 3.41139 1.44678 69.5
      vertex 4 1.0718 73.5
      vertex 3.41139 1.44678 73.5
    endloop
  endfacet
  facet normal -0.537294 -0.843395 -0
    outer loop
      vertex 4 1.0718 73.5
      vertex 3.41139 1.44678 69.5
      vertex 4 1.0718 69.5
    endloop
  endfacet
  facet normal -1 0 0
    outer loop
      vertex 0 8 69.5
      vertex 0 122 73.5
      vertex 0 122 69.5
    endloop
  endfacet
  facet normal -1 -0 0
    outer loop
      vertex 0 122 73.5
      vertex 0 8 69.5
      vertex 0 8 73.5
    endloop
  endfacet
  facet normal 0.0436344 -0.999048 0
    outer loop
      vertex 122 0 69.5
      vertex 122.697 0.0304422 73.5
      vertex 122 0 73.5
    endloop
  endfacet
  facet normal 0.0436344 -0.999048 0
    outer loop
      vertex 122.697 0.0304422 73.5
      vertex 122 0 69.5
      vertex 122.697 0.0304422 69.5
    endloop
  endfacet
  facet normal -0.999048 0.0436344 4.02461e-19
    outer loop
      vertex 0 122 69.5
      vertex 0.0304422 122.697 73.5
      vertex 0.0304422 122.697 69.5
    endloop
  endfacet
  facet normal -0.999048 0.0436344 4.02461e-19
    outer loop
      vertex 0.0304422 122.697 73.5
      vertex 0 122 69.5
      vertex 0 122 73.5
    endloop
  endfacet
  facet normal 0.461488 0.887146 -0
    outer loop
      vertex 126 128.928 69.5
      vertex 125.381 129.25 73.5
      vertex 126 128.928 73.5
    endloop
  endfacet
  facet normal 0.461488 0.887146 0
    outer loop
      vertex 125.381 129.25 73.5
      vertex 126 128.928 69.5
      vertex 125.381 129.25 69.5
    endloop
  endfacet
  facet normal 0.609364 0.79289 -0
    outer loop
      vertex 127.142 128.128 69.5
      vertex 126.589 128.553 73.5
      vertex 127.142 128.128 73.5
    endloop
  endfacet
  facet normal 0.609364 0.79289 0
    outer loop
      vertex 126.589 128.553 73.5
      vertex 127.142 128.128 69.5
      vertex 126.589 128.553 69.5
    endloop
  endfacet
  facet normal 0.887162 -0.461459 3.57085e-18
    outer loop
      vertex 128.928 4 73.5
      vertex 129.25 4.61905 69.5
      vertex 129.25 4.61905 73.5
    endloop
  endfacet
  facet normal 0.887162 -0.461459 3.57085e-18
    outer loop
      vertex 129.25 4.61905 69.5
      vertex 128.928 4 73.5
      vertex 128.928 4 69.5
    endloop
  endfacet
  facet normal -0.843557 0.53704 -1.73928e-18
    outer loop
      vertex 1.0718 126 69.5
      vertex 1.44678 126.589 73.5
      vertex 1.44678 126.589 69.5
    endloop
  endfacet
  facet normal -0.843557 0.53704 -1.73928e-18
    outer loop
      vertex 1.44678 126.589 73.5
      vertex 1.0718 126 69.5
      vertex 1.0718 126 73.5
    endloop
  endfacet
  facet normal 0.991276 -0.1318 2.35824e-18
    outer loop
      vertex 129.878 6.61081 73.5
      vertex 129.97 7.30275 69.5
      vertex 129.97 7.30275 73.5
    endloop
  endfacet
  facet normal 0.991276 -0.1318 2.35824e-18
    outer loop
      vertex 129.97 7.30275 69.5
      vertex 129.878 6.61081 73.5
      vertex 129.878 6.61081 69.5
    endloop
  endfacet
  facet normal -0.383807 0.923413 0
    outer loop
      vertex 5.26384 129.518 69.5
      vertex 4.61905 129.25 73.5
      vertex 5.26384 129.518 73.5
    endloop
  endfacet
  facet normal -0.383807 0.923413 0
    outer loop
      vertex 4.61905 129.25 73.5
      vertex 5.26384 129.518 69.5
      vertex 4.61905 129.25 69.5
    endloop
  endfacet
  facet normal 0.793257 -0.608887 -2.07349e-18
    outer loop
      vertex 128.128 2.8577 73.5
      vertex 128.553 3.41139 69.5
      vertex 128.553 3.41139 73.5
    endloop
  endfacet
  facet normal 0.793257 -0.608887 -2.07349e-18
    outer loop
      vertex 128.553 3.41139 69.5
      vertex 128.128 2.8577 73.5
      vertex 128.128 2.8577 69.5
    endloop
  endfacet
  facet normal 0.674881 0.737927 -0
    outer loop
      vertex 127.657 127.657 69.5
      vertex 127.142 128.128 73.5
      vertex 127.657 127.657 73.5
    endloop
  endfacet
  facet normal 0.674881 0.737927 0
    outer loop
      vertex 127.142 128.128 73.5
      vertex 127.657 127.657 69.5
      vertex 127.142 128.128 69.5
    endloop
  endfacet
  facet normal 0.976355 0.216172 -2.33865e-18
    outer loop
      vertex 129.878 123.389 73.5
      vertex 129.727 124.071 69.5
      vertex 129.727 124.071 73.5
    endloop
  endfacet
  facet normal 0.976355 0.216172 -2.33865e-18
    outer loop
      vertex 129.727 124.071 69.5
      vertex 129.878 123.389 73.5
      vertex 129.878 123.389 69.5
    endloop
  endfacet
  facet normal 0.887146 0.461488 -3.84043e-18
    outer loop
      vertex 129.25 125.381 73.5
      vertex 128.928 126 69.5
      vertex 128.928 126 73.5
    endloop
  endfacet
  facet normal 0.887146 0.461488 -3.84043e-18
    outer loop
      vertex 128.928 126 69.5
      vertex 129.25 125.381 73.5
      vertex 129.25 125.381 69.5
    endloop
  endfacet
  facet normal 0.609238 -0.792987 0
    outer loop
      vertex 126.589 1.44678 69.5
      vertex 127.142 1.87164 73.5
      vertex 126.589 1.44678 73.5
    endloop
  endfacet
  facet normal 0.609238 -0.792987 0
    outer loop
      vertex 127.142 1.87164 73.5
      vertex 126.589 1.44678 69.5
      vertex 127.142 1.87164 69.5
    endloop
  endfacet
  facet normal 0.737633 -0.675202 -2.21329e-18
    outer loop
      vertex 127.657 2.34315 73.5
      vertex 128.128 2.8577 69.5
      vertex 128.128 2.8577 73.5
    endloop
  endfacet
  facet normal 0.737633 -0.675202 -2.21329e-18
    outer loop
      vertex 128.128 2.8577 69.5
      vertex 127.657 2.34315 73.5
      vertex 127.657 2.34315 69.5
    endloop
  endfacet
  facet normal 0.300955 -0.953638 0
    outer loop
      vertex 124.071 0.272593 69.5
      vertex 124.736 0.482458 73.5
      vertex 124.071 0.272593 73.5
    endloop
  endfacet
  facet normal 0.300955 -0.953638 0
    outer loop
      vertex 124.736 0.482458 73.5
      vertex 124.071 0.272593 69.5
      vertex 124.736 0.482458 69.5
    endloop
  endfacet
  facet normal 0.923458 0.3837 6.00841e-19
    outer loop
      vertex 129.518 124.736 73.5
      vertex 129.25 125.381 69.5
      vertex 129.25 125.381 73.5
    endloop
  endfacet
  facet normal 0.923458 0.3837 6.00841e-19
    outer loop
      vertex 129.25 125.381 69.5
      vertex 129.518 124.736 73.5
      vertex 129.518 124.736 69.5
    endloop
  endfacet
  facet normal -0.216366 0.976312 0
    outer loop
      vertex 6.61081 129.878 69.5
      vertex 5.92945 129.727 73.5
      vertex 6.61081 129.878 73.5
    endloop
  endfacet
  facet normal -0.216366 0.976312 0
    outer loop
      vertex 5.92945 129.727 73.5
      vertex 6.61081 129.878 69.5
      vertex 5.92945 129.727 69.5
    endloop
  endfacet
  facet normal 0.923413 -0.383807 1.01717e-18
    outer loop
      vertex 129.25 4.61905 73.5
      vertex 129.518 5.26384 69.5
      vertex 129.518 5.26384 73.5
    endloop
  endfacet
  facet normal 0.923413 -0.383807 1.01717e-18
    outer loop
      vertex 129.518 5.26384 69.5
      vertex 129.25 4.61905 73.5
      vertex 129.25 4.61905 69.5
    endloop
  endfacet
  facet normal 0.79289 0.609364 -3.07224e-18
    outer loop
      vertex 128.553 126.589 73.5
      vertex 128.128 127.142 69.5
      vertex 128.128 127.142 73.5
    endloop
  endfacet
  facet normal 0.79289 0.609364 -3.07224e-18
    outer loop
      vertex 128.128 127.142 69.5
      vertex 128.553 126.589 73.5
      vertex 128.553 126.589 69.5
    endloop
  endfacet
  facet normal 0.299827 0.953994 -0
    outer loop
      vertex 124.736 129.518 69.5
      vertex 124.071 129.727 73.5
      vertex 124.736 129.518 73.5
    endloop
  endfacet
  facet normal 0.299827 0.953994 0
    outer loop
      vertex 124.071 129.727 73.5
      vertex 124.736 129.518 69.5
      vertex 124.071 129.727 69.5
    endloop
  endfacet
  facet normal 0.843382 -0.537314 0
    outer loop
      vertex 128.553 3.41139 73.5
      vertex 128.928 4 69.5
      vertex 128.928 4 73.5
    endloop
  endfacet
  facet normal 0.843382 -0.537314 0
    outer loop
      vertex 128.928 4 69.5
      vertex 128.553 3.41139 73.5
      vertex 128.553 3.41139 69.5
    endloop
  endfacet
  facet normal -0.0429864 0.999076 0
    outer loop
      vertex 8 130 69.5
      vertex 7.30275 129.97 73.5
      vertex 8 130 73.5
    endloop
  endfacet
  facet normal -0.0429864 0.999076 0
    outer loop
      vertex 7.30275 129.97 73.5
      vertex 8 130 69.5
      vertex 7.30275 129.97 69.5
    endloop
  endfacet
  facet normal -0.382681 -0.92388 0
    outer loop
      vertex 4.61905 0.749537 69.5
      vertex 5.26384 0.482458 73.5
      vertex 4.61905 0.749537 73.5
    endloop
  endfacet
  facet normal -0.382681 -0.92388 -0
    outer loop
      vertex 5.26384 0.482458 73.5
      vertex 4.61905 0.749537 69.5
      vertex 5.26384 0.482458 69.5
    endloop
  endfacet
  facet normal 0.461785 -0.886992 0
    outer loop
      vertex 125.381 0.749537 69.5
      vertex 126 1.0718 73.5
      vertex 125.381 0.749537 73.5
    endloop
  endfacet
  facet normal 0.461785 -0.886992 0
    outer loop
      vertex 126 1.0718 73.5
      vertex 125.381 0.749537 69.5
      vertex 126 1.0718 69.5
    endloop
  endfacet
  facet normal 0.953994 0.299827 -4.41497e-18
    outer loop
      vertex 129.727 124.071 73.5
      vertex 129.518 124.736 69.5
      vertex 129.518 124.736 73.5
    endloop
  endfacet
  facet normal 0.953994 0.299827 -4.41497e-18
    outer loop
      vertex 129.518 124.736 69.5
      vertex 129.727 124.071 73.5
      vertex 129.727 124.071 69.5
    endloop
  endfacet
  facet normal -0.792987 0.609238 -6.90916e-19
    outer loop
      vertex 1.44678 126.589 69.5
      vertex 1.87164 127.142 73.5
      vertex 1.87164 127.142 69.5
    endloop
  endfacet
  facet normal -0.792987 0.609238 -6.90916e-19
    outer loop
      vertex 1.87164 127.142 73.5
      vertex 1.44678 126.589 69.5
      vertex 1.44678 126.589 73.5
    endloop
  endfacet
  facet normal -0.608887 0.793257 0
    outer loop
      vertex 3.41139 128.553 69.5
      vertex 2.8577 128.128 73.5
      vertex 3.41139 128.553 73.5
    endloop
  endfacet
  facet normal -0.608887 0.793257 0
    outer loop
      vertex 2.8577 128.128 73.5
      vertex 3.41139 128.553 69.5
      vertex 2.8577 128.128 69.5
    endloop
  endfacet
  facet normal 0.130514 -0.991446 0
    outer loop
      vertex 122.697 0.0304422 69.5
      vertex 123.389 0.121537 73.5
      vertex 122.697 0.0304422 73.5
    endloop
  endfacet
  facet normal 0.130514 -0.991446 0
    outer loop
      vertex 123.389 0.121537 73.5
      vertex 122.697 0.0304422 69.5
      vertex 123.389 0.121537 69.5
    endloop
  endfacet
  facet normal 0.954072 -0.299576 4.07272e-18
    outer loop
      vertex 129.518 5.26384 73.5
      vertex 129.727 5.92945 69.5
      vertex 129.727 5.92945 73.5
    endloop
  endfacet
  facet normal 0.954072 -0.299576 4.07272e-18
    outer loop
      vertex 129.727 5.92945 69.5
      vertex 129.518 5.26384 73.5
      vertex 129.518 5.26384 69.5
    endloop
  endfacet
  facet normal -0.953638 0.300955 4.85978e-18
    outer loop
      vertex 0.272593 124.071 69.5
      vertex 0.482458 124.736 73.5
      vertex 0.482458 124.736 69.5
    endloop
  endfacet
  facet normal -0.953638 0.300955 4.85978e-18
    outer loop
      vertex 0.482458 124.736 73.5
      vertex 0.272593 124.071 69.5
      vertex 0.272593 124.071 73.5
    endloop
  endfacet
  facet normal -0.991445 -0.130525 -1.29717e-18
    outer loop
      vertex 0.121537 6.61081 69.5
      vertex 0.0304422 7.30275 73.5
      vertex 0.0304422 7.30275 69.5
    endloop
  endfacet
  facet normal -0.991445 -0.130525 -1.29717e-18
    outer loop
      vertex 0.0304422 7.30275 73.5
      vertex 0.121537 6.61081 69.5
      vertex 0.121537 6.61081 73.5
    endloop
  endfacet
  facet normal 0.53704 -0.843557 0
    outer loop
      vertex 126 1.0718 69.5
      vertex 126.589 1.44678 73.5
      vertex 126 1.0718 73.5
    endloop
  endfacet
  facet normal 0.53704 -0.843557 0
    outer loop
      vertex 126.589 1.44678 73.5
      vertex 126 1.0718 69.5
      vertex 126.589 1.44678 69.5
    endloop
  endfacet
  facet normal -0.976338 0.216249 9.5146e-19
    outer loop
      vertex 0.121537 123.389 69.5
      vertex 0.272593 124.071 73.5
      vertex 0.272593 124.071 69.5
    endloop
  endfacet
  facet normal -0.976338 0.216249 9.5146e-19
    outer loop
      vertex 0.272593 124.071 73.5
      vertex 0.121537 123.389 69.5
      vertex 0.121537 123.389 73.5
    endloop
  endfacet
  facet normal 0.999075 0.0430018 5.55792e-19
    outer loop
      vertex 130 122 73.5
      vertex 129.97 122.697 69.5
      vertex 129.97 122.697 73.5
    endloop
  endfacet
  facet normal 0.999075 0.0430018 5.55792e-19
    outer loop
      vertex 129.97 122.697 69.5
      vertex 130 122 73.5
      vertex 130 122 69.5
    endloop
  endfacet
  facet normal -0.461755 -0.887007 0
    outer loop
      vertex 4 1.0718 69.5
      vertex 4.61905 0.749537 73.5
      vertex 4 1.0718 73.5
    endloop
  endfacet
  facet normal -0.461755 -0.887007 -0
    outer loop
      vertex 4.61905 0.749537 73.5
      vertex 4 1.0718 69.5
      vertex 4.61905 0.749537 69.5
    endloop
  endfacet
  facet normal -0.461459 0.887162 0
    outer loop
      vertex 4.61905 129.25 69.5
      vertex 4 128.928 73.5
      vertex 4.61905 129.25 73.5
    endloop
  endfacet
  facet normal -0.461459 0.887162 0
    outer loop
      vertex 4 128.928 73.5
      vertex 4.61905 129.25 69.5
      vertex 4 128.928 69.5
    endloop
  endfacet
  facet normal 0 0 1
    outer loop
      vertex 130 8 73.5
      vertex 124.995 8.90459 73.5
      vertex 125 8.8 73.5
    endloop
  endfacet
  facet normal -0 0 1
    outer loop
      vertex 124.909 9.95811 73.5
      vertex 130 8 73.5
      vertex 124.977 10.4771 73.5
    endloop
  endfacet
  facet normal 0 0 1
    outer loop
      vertex 130 8 73.5
      vertex 124.982 9.00838 73.5
      vertex 124.995 8.90459 73.5
    endloop
  endfacet
  facet normal 0 0 1
    outer loop
      vertex 130 8 73.5
      vertex 124.909 9.95811 73.5
      vertex 124.982 9.00838 73.5
    endloop
  endfacet
  facet normal 0 0 1
    outer loop
      vertex 124.982 9.00838 73.5
      vertex 124.909 9.95811 73.5
      vertex 124.959 9.11058 73.5
    endloop
  endfacet
  facet normal 0 0 1
    outer loop
      vertex 124.959 9.11058 73.5
      vertex 124.909 9.95811 73.5
      vertex 124.928 9.21042 73.5
    endloop
  endfacet
  facet normal 0 0 1
    outer loop
      vertex 124.909 9.95811 73.5
      vertex 124.888 9.30714 73.5
      vertex 124.928 9.21042 73.5
    endloop
  endfacet
  facet normal 0 0 1
    outer loop
      vertex 124.909 9.95811 73.5
      vertex 124.839 9.4 73.5
      vertex 124.888 9.30714 73.5
    endloop
  endfacet
  facet normal 0 -0 1
    outer loop
      vertex 124.839 9.4 73.5
      vertex 124.909 9.95811 73.5
      vertex 124.799 9.46301 73.5
    endloop
  endfacet
  facet normal 0 0 1
    outer loop
      vertex 124.982 120.992 73.5
      vertex 130 122 73.5
      vertex 124.995 121.095 73.5
    endloop
  endfacet
  facet normal 0 0 1
    outer loop
      vertex 124.909 120.042 73.5
      vertex 130 122 73.5
      vertex 124.982 120.992 73.5
    endloop
  endfacet
  facet normal 0 0 1
    outer loop
      vertex 130 122 73.5
      vertex 124.977 119.523 73.5
      vertex 125 119 73.5
    endloop
  endfacet
  facet normal 0 0 1
    outer loop
      vertex 124.909 120.042 73.5
      vertex 124.982 120.992 73.5
      vertex 124.959 120.889 73.5
    endloop
  endfacet
  facet normal 0 0 1
    outer loop
      vertex 124.909 120.042 73.5
      vertex 124.959 120.889 73.5
      vertex 124.928 120.79 73.5
    endloop
  endfacet
  facet normal 0 0 1
    outer loop
      vertex 130 122 73.5
      vertex 124.909 120.042 73.5
      vertex 124.977 119.523 73.5
    endloop
  endfacet
  facet normal -0 0 1
    outer loop
      vertex 124.888 120.693 73.5
      vertex 124.909 120.042 73.5
      vertex 124.928 120.79 73.5
    endloop
  endfacet
  facet normal -0 0 1
    outer loop
      vertex 124.839 120.6 73.5
      vertex 124.909 120.042 73.5
      vertex 124.888 120.693 73.5
    endloop
  endfacet
  facet normal 0 0 1
    outer loop
      vertex 124.909 120.042 73.5
      vertex 124.839 120.6 73.5
      vertex 124.799 120.537 73.5
    endloop
  endfacet
  facet normal 0 0 1
    outer loop
      vertex 125 121.2 73.5
      vertex 130 122 73.5
      vertex 129.97 122.697 73.5
    endloop
  endfacet
  facet normal 0 0 1
    outer loop
      vertex 130 122 73.5
      vertex 125 119 73.5
      vertex 130 8 73.5
    endloop
  endfacet
  facet normal 0 0 1
    outer loop
      vertex 125 123.8 73.5
      vertex 129.97 122.697 73.5
      vertex 129.878 123.389 73.5
    endloop
  endfacet
  facet normal -0 0 1
    outer loop
      vertex 125 11 73.5
      vertex 130 8 73.5
      vertex 125 119 73.5
    endloop
  endfacet
  facet normal -0 0 1
    outer loop
      vertex 125 123.8 73.5
      vertex 129.878 123.389 73.5
      vertex 129.727 124.071 73.5
    endloop
  endfacet
  facet normal -0 0 1
    outer loop
      vertex 124.977 10.4771 73.5
      vertex 130 8 73.5
      vertex 125 11 73.5
    endloop
  endfacet
  facet normal 0 0 1
    outer loop
      vertex 125 123.8 73.5
      vertex 129.727 124.071 73.5
      vertex 129.518 124.736 73.5
    endloop
  endfacet
  facet normal 0 0 1
    outer loop
      vertex 130 8 73.5
      vertex 125 8.8 73.5
      vertex 129.97 7.30275 73.5
    endloop
  endfacet
  facet normal 0 0 1
    outer loop
      vertex 124.995 123.905 73.5
      vertex 129.518 124.736 73.5
      vertex 129.25 125.381 73.5
    endloop
  endfacet
  facet normal 0 0 1
    outer loop
      vertex 125 6.2 73.5
      vertex 129.97 7.30275 73.5
      vertex 125 8.8 73.5
    endloop
  endfacet
  facet normal 0 0 1
    outer loop
      vertex 124.959 124.111 73.5
      vertex 129.25 125.381 73.5
      vertex 128.928 126 73.5
    endloop
  endfacet
  facet normal 0 0 1
    outer loop
      vertex 129.97 7.30275 73.5
      vertex 125 6.2 73.5
      vertex 129.878 6.61081 73.5
    endloop
  endfacet
  facet normal 0 0 1
    outer loop
      vertex 124.888 124.307 73.5
      vertex 128.928 126 73.5
      vertex 128.553 126.589 73.5
    endloop
  endfacet
  facet normal 0 0 1
    outer loop
      vertex 129.878 6.61081 73.5
      vertex 125 6.2 73.5
      vertex 129.727 5.92945 73.5
    endloop
  endfacet
  facet normal 0 0 1
    outer loop
      vertex 124.839 124.4 73.5
      vertex 128.553 126.589 73.5
      vertex 128.128 127.142 73.5
    endloop
  endfacet
  facet normal 0 0 1
    outer loop
      vertex 129.727 5.92945 73.5
      vertex 125 6.2 73.5
      vertex 129.518 5.26384 73.5
    endloop
  endfacet
  facet normal 0 0 1
    outer loop
      vertex 124.719 124.571 73.5
      vertex 128.128 127.142 73.5
      vertex 127.657 127.657 73.5
    endloop
  endfacet
  facet normal -0 0 1
    outer loop
      vertex 124.995 6.09541 73.5
      vertex 129.518 5.26384 73.5
      vertex 125 6.2 73.5
    endloop
  endfacet
  facet normal 0 0 1
    outer loop
      vertex 124.571 124.719 73.5
      vertex 127.657 127.657 73.5
      vertex 127.142 128.128 73.5
    endloop
  endfacet
  facet normal 0 0 1
    outer loop
      vertex 129.518 5.26384 73.5
      vertex 124.995 6.09541 73.5
      vertex 129.25 4.61905 73.5
    endloop
  endfacet
  facet normal 0 0 1
    outer loop
      vertex 124.4 124.839 73.5
      vertex 127.142 128.128 73.5
      vertex 126.589 128.553 73.5
    endloop
  endfacet
  facet normal -0 0 1
    outer loop
      vertex 124.982 5.99162 73.5
      vertex 129.25 4.61905 73.5
      vertex 124.995 6.09541 73.5
    endloop
  endfacet
  facet normal 0 0 1
    outer loop
      vertex 124.307 124.888 73.5
      vertex 126.589 128.553 73.5
      vertex 126 128.928 73.5
    endloop
  endfacet
  facet normal -0 0 1
    outer loop
      vertex 124.959 5.88942 73.5
      vertex 129.25 4.61905 73.5
      vertex 124.982 5.99162 73.5
    endloop
  endfacet
  facet normal 0 0 1
    outer loop
      vertex 124.111 124.959 73.5
      vertex 126 128.928 73.5
      vertex 125.381 129.25 73.5
    endloop
  endfacet
  facet normal 0 0 1
    outer loop
      vertex 129.25 4.61905 73.5
      vertex 124.959 5.88942 73.5
      vertex 128.928 4 73.5
    endloop
  endfacet
  facet normal 0 0 1
    outer loop
      vertex 129.97 122.697 73.5
      vertex 125 123.8 73.5
      vertex 125 121.2 73.5
    endloop
  endfacet
  facet normal 0 0 1
    outer loop
      vertex 129.518 124.736 73.5
      vertex 124.995 123.905 73.5
      vertex 125 123.8 73.5
    endloop
  endfacet
  facet normal 0 0 1
    outer loop
      vertex 129.25 125.381 73.5
      vertex 124.982 124.008 73.5
      vertex 124.995 123.905 73.5
    endloop
  endfacet
  facet normal 0 0 1
    outer loop
      vertex 129.25 125.381 73.5
      vertex 124.959 124.111 73.5
      vertex 124.982 124.008 73.5
    endloop
  endfacet
  facet normal 0 0 1
    outer loop
      vertex 128.928 126 73.5
      vertex 124.928 124.21 73.5
      vertex 124.959 124.111 73.5
    endloop
  endfacet
  facet normal 0 0 1
    outer loop
      vertex 128.928 126 73.5
      vertex 124.888 124.307 73.5
      vertex 124.928 124.21 73.5
    endloop
  endfacet
  facet normal 0 0 1
    outer loop
      vertex 128.553 126.589 73.5
      vertex 124.839 124.4 73.5
      vertex 124.888 124.307 73.5
    endloop
  endfacet
  facet normal 0 0 1
    outer loop
      vertex 128.128 127.142 73.5
      vertex 124.783 124.488 73.5
      vertex 124.839 124.4 73.5
    endloop
  endfacet
  facet normal 0 0 1
    outer loop
      vertex 123.905 124.995 73.5
      vertex 125.381 129.25 73.5
      vertex 124.736 129.518 73.5
    endloop
  endfacet
  facet normal 0 0 1
    outer loop
      vertex 128.128 127.142 73.5
      vertex 124.719 124.571 73.5
      vertex 124.783 124.488 73.5
    endloop
  endfacet
  facet normal 0 0 1
    outer loop
      vertex 127.657 127.657 73.5
      vertex 124.649 124.649 73.5
      vertex 124.719 124.571 73.5
    endloop
  endfacet
  facet normal 0 0 1
    outer loop
      vertex 127.657 127.657 73.5
      vertex 124.571 124.719 73.5
      vertex 124.649 124.649 73.5
    endloop
  endfacet
  facet normal 0 0 1
    outer loop
      vertex 127.142 128.128 73.5
      vertex 124.488 124.783 73.5
      vertex 124.571 124.719 73.5
    endloop
  endfacet
  facet normal 0 0 1
    outer loop
      vertex 127.142 128.128 73.5
      vertex 124.4 124.839 73.5
      vertex 124.488 124.783 73.5
    endloop
  endfacet
  facet normal 0 0 1
    outer loop
      vertex 126.589 128.553 73.5
      vertex 124.307 124.888 73.5
      vertex 124.4 124.839 73.5
    endloop
  endfacet
  facet normal 0 0 1
    outer loop
      vertex 126 128.928 73.5
      vertex 124.21 124.928 73.5
      vertex 124.307 124.888 73.5
    endloop
  endfacet
  facet normal 0 0 1
    outer loop
      vertex 126 128.928 73.5
      vertex 124.111 124.959 73.5
      vertex 124.21 124.928 73.5
    endloop
  endfacet
  facet normal 0 0 1
    outer loop
      vertex 123.8 125 73.5
      vertex 124.736 129.518 73.5
      vertex 124.071 129.727 73.5
    endloop
  endfacet
  facet normal 0 0 1
    outer loop
      vertex 125.381 129.25 73.5
      vertex 124.008 124.982 73.5
      vertex 124.111 124.959 73.5
    endloop
  endfacet
  facet normal 0 0 1
    outer loop
      vertex 125.381 129.25 73.5
      vertex 123.905 124.995 73.5
      vertex 124.008 124.982 73.5
    endloop
  endfacet
  facet normal 0 0 1
    outer loop
      vertex 124.736 129.518 73.5
      vertex 123.8 125 73.5
      vertex 123.905 124.995 73.5
    endloop
  endfacet
  facet normal 0 0 1
    outer loop
      vertex 123.389 129.878 73.5
      vertex 123.8 125 73.5
      vertex 124.071 129.727 73.5
    endloop
  endfacet
  facet normal 0 0 1
    outer loop
      vertex 122.697 129.97 73.5
      vertex 123.8 125 73.5
      vertex 123.389 129.878 73.5
    endloop
  endfacet
  facet normal 0 0 1
    outer loop
      vertex 121.2 125 73.5
      vertex 122.697 129.97 73.5
      vertex 122 130 73.5
    endloop
  endfacet
  facet normal 0 0 1
    outer loop
      vertex 122.697 129.97 73.5
      vertex 121.2 125 73.5
      vertex 123.8 125 73.5
    endloop
  endfacet
  facet normal 0 0 1
    outer loop
      vertex 122 130 73.5
      vertex 121.095 124.995 73.5
      vertex 121.2 125 73.5
    endloop
  endfacet
  facet normal 0 0 1
    outer loop
      vertex 122 130 73.5
      vertex 120.992 124.982 73.5
      vertex 121.095 124.995 73.5
    endloop
  endfacet
  facet normal 0 0 1
    outer loop
      vertex 122 130 73.5
      vertex 120.889 124.959 73.5
      vertex 120.992 124.982 73.5
    endloop
  endfacet
  facet normal 0 0 1
    outer loop
      vertex 120.042 124.909 73.5
      vertex 120.889 124.959 73.5
      vertex 122 130 73.5
    endloop
  endfacet
  facet normal 0 0 1
    outer loop
      vertex 120.889 124.959 73.5
      vertex 120.042 124.909 73.5
      vertex 120.79 124.928 73.5
    endloop
  endfacet
  facet normal 0 0 1
    outer loop
      vertex 120.79 124.928 73.5
      vertex 120.042 124.909 73.5
      vertex 120.693 124.888 73.5
    endloop
  endfacet
  facet normal 0 0 1
    outer loop
      vertex 120.693 124.888 73.5
      vertex 120.042 124.909 73.5
      vertex 120.6 124.839 73.5
    endloop
  endfacet
  facet normal 0 0 1
    outer loop
      vertex 120.6 124.839 73.5
      vertex 120.042 124.909 73.5
      vertex 120.537 124.799 73.5
    endloop
  endfacet
  facet normal 0 0 1
    outer loop
      vertex 122 130 73.5
      vertex 119.523 124.977 73.5
      vertex 120.042 124.909 73.5
    endloop
  endfacet
  facet normal 0 0 1
    outer loop
      vertex 122 130 73.5
      vertex 119 125 73.5
      vertex 119.523 124.977 73.5
    endloop
  endfacet
  facet normal 0 0 1
    outer loop
      vertex 122 130 73.5
      vertex 11 125 73.5
      vertex 119 125 73.5
    endloop
  endfacet
  facet normal -0 0 1
    outer loop
      vertex 8 130 73.5
      vertex 11 125 73.5
      vertex 122 130 73.5
    endloop
  endfacet
  facet normal 0 0 1
    outer loop
      vertex 9.95811 124.909 73.5
      vertex 9.4 124.839 73.5
      vertex 9.46301 124.799 73.5
    endloop
  endfacet
  facet normal 0 0 1
    outer loop
      vertex 8 130 73.5
      vertex 9.95811 124.909 73.5
      vertex 10.4771 124.977 73.5
    endloop
  endfacet
  facet normal 0 0 1
    outer loop
      vertex 9.95811 124.909 73.5
      vertex 9.30714 124.888 73.5
      vertex 9.4 124.839 73.5
    endloop
  endfacet
  facet normal 0 0 1
    outer loop
      vertex 9.95811 124.909 73.5
      vertex 9.21042 124.928 73.5
      vertex 9.30714 124.888 73.5
    endloop
  endfacet
  facet normal 0 0 1
    outer loop
      vertex 11 125 73.5
      vertex 8 130 73.5
      vertex 10.4771 124.977 73.5
    endloop
  endfacet
  facet normal 0 0 1
    outer loop
      vertex 9.95811 124.909 73.5
      vertex 8 130 73.5
      vertex 9.11058 124.959 73.5
    endloop
  endfacet
  facet normal 0 0 1
    outer loop
      vertex 9.95811 124.909 73.5
      vertex 9.11058 124.959 73.5
      vertex 9.21042 124.928 73.5
    endloop
  endfacet
  facet normal 0 0 1
    outer loop
      vertex 9.11058 124.959 73.5
      vertex 8 130 73.5
      vertex 9.00838 124.982 73.5
    endloop
  endfacet
  facet normal 0 0 1
    outer loop
      vertex 9.00838 124.982 73.5
      vertex 8 130 73.5
      vertex 8.90459 124.995 73.5
    endloop
  endfacet
  facet normal 0 0 1
    outer loop
      vertex 8.90459 124.995 73.5
      vertex 8 130 73.5
      vertex 8.8 125 73.5
    endloop
  endfacet
  facet normal -0 0 1
    outer loop
      vertex 7.30275 129.97 73.5
      vertex 8.8 125 73.5
      vertex 8 130 73.5
    endloop
  endfacet
  facet normal 0 0 1
    outer loop
      vertex 6.2 125 73.5
      vertex 7.30275 129.97 73.5
      vertex 6.61081 129.878 73.5
    endloop
  endfacet
  facet normal 0 0 1
    outer loop
      vertex 7.30275 129.97 73.5
      vertex 6.2 125 73.5
      vertex 8.8 125 73.5
    endloop
  endfacet
  facet normal -0 0 1
    outer loop
      vertex 5.92945 129.727 73.5
      vertex 6.2 125 73.5
      vertex 6.61081 129.878 73.5
    endloop
  endfacet
  facet normal -0 0 1
    outer loop
      vertex 5.26384 129.518 73.5
      vertex 6.2 125 73.5
      vertex 5.92945 129.727 73.5
    endloop
  endfacet
  facet normal 0 0 1
    outer loop
      vertex 6.2 125 73.5
      vertex 5.26384 129.518 73.5
      vertex 6.09541 124.995 73.5
    endloop
  endfacet
  facet normal -0 0 1
    outer loop
      vertex 4.61905 129.25 73.5
      vertex 6.09541 124.995 73.5
      vertex 5.26384 129.518 73.5
    endloop
  endfacet
  facet normal 0 0 1
    outer loop
      vertex 6.09541 124.995 73.5
      vertex 4.61905 129.25 73.5
      vertex 5.99162 124.982 73.5
    endloop
  endfacet
  facet normal 0 0 1
    outer loop
      vertex 5.99162 124.982 73.5
      vertex 4.61905 129.25 73.5
      vertex 5.88942 124.959 73.5
    endloop
  endfacet
  facet normal -0 0 1
    outer loop
      vertex 4 128.928 73.5
      vertex 5.88942 124.959 73.5
      vertex 4.61905 129.25 73.5
    endloop
  endfacet
  facet normal 0 0 1
    outer loop
      vertex 5.88942 124.959 73.5
      vertex 4 128.928 73.5
      vertex 5.78958 124.928 73.5
    endloop
  endfacet
  facet normal 0 0 1
    outer loop
      vertex 5.78958 124.928 73.5
      vertex 4 128.928 73.5
      vertex 5.69286 124.888 73.5
    endloop
  endfacet
  facet normal -0 0 1
    outer loop
      vertex 3.41139 128.553 73.5
      vertex 5.69286 124.888 73.5
      vertex 4 128.928 73.5
    endloop
  endfacet
  facet normal 0 0 1
    outer loop
      vertex 5.69286 124.888 73.5
      vertex 3.41139 128.553 73.5
      vertex 5.6 124.839 73.5
    endloop
  endfacet
  facet normal -0 0 1
    outer loop
      vertex 2.8577 128.128 73.5
      vertex 5.6 124.839 73.5
      vertex 3.41139 128.553 73.5
    endloop
  endfacet
  facet normal 0 0 1
    outer loop
      vertex 5.6 124.839 73.5
      vertex 2.8577 128.128 73.5
      vertex 5.51171 124.783 73.5
    endloop
  endfacet
  facet normal 0 0 1
    outer loop
      vertex 5.51171 124.783 73.5
      vertex 2.8577 128.128 73.5
      vertex 5.42865 124.719 73.5
    endloop
  endfacet
  facet normal -0 0 1
    outer loop
      vertex 2.34315 127.657 73.5
      vertex 5.42865 124.719 73.5
      vertex 2.8577 128.128 73.5
    endloop
  endfacet
  facet normal 0 0 1
    outer loop
      vertex 5.42865 124.719 73.5
      vertex 2.34315 127.657 73.5
      vertex 5.35147 124.649 73.5
    endloop
  endfacet
  facet normal 0 0 1
    outer loop
      vertex 5.35147 124.649 73.5
      vertex 2.34315 127.657 73.5
      vertex 5.28075 124.571 73.5
    endloop
  endfacet
  facet normal -0 0 1
    outer loop
      vertex 1.87164 127.142 73.5
      vertex 5.28075 124.571 73.5
      vertex 2.34315 127.657 73.5
    endloop
  endfacet
  facet normal 0 0 1
    outer loop
      vertex 5.28075 124.571 73.5
      vertex 1.87164 127.142 73.5
      vertex 5.21702 124.488 73.5
    endloop
  endfacet
  facet normal -0 0 1
    outer loop
      vertex 0.0304422 122.697 73.5
      vertex 5 121.2 73.5
      vertex 5 123.8 73.5
    endloop
  endfacet
  facet normal 0 0 1
    outer loop
      vertex 5 121.2 73.5
      vertex 0 122 73.5
      vertex 5 119 73.5
    endloop
  endfacet
  facet normal 0 0 1
    outer loop
      vertex 5 119 73.5
      vertex 0 122 73.5
      vertex 5 11 73.5
    endloop
  endfacet
  facet normal 0 0 1
    outer loop
      vertex 0 8 73.5
      vertex 5 11 73.5
      vertex 0 122 73.5
    endloop
  endfacet
  facet normal 0 0 1
    outer loop
      vertex 5.16077 124.4 73.5
      vertex 1.44678 126.589 73.5
      vertex 5.11243 124.307 73.5
    endloop
  endfacet
  facet normal -0 0 1
    outer loop
      vertex 1.44678 126.589 73.5
      vertex 5.16077 124.4 73.5
      vertex 1.87164 127.142 73.5
    endloop
  endfacet
  facet normal 0 0 1
    outer loop
      vertex 5.21702 124.488 73.5
      vertex 1.87164 127.142 73.5
      vertex 5.16077 124.4 73.5
    endloop
  endfacet
  facet normal 0 0 1
    outer loop
      vertex 124.995 121.095 73.5
      vertex 130 122 73.5
      vertex 125 121.2 73.5
    endloop
  endfacet
  facet normal -0 0 1
    outer loop
      vertex 124.928 5.78958 73.5
      vertex 128.928 4 73.5
      vertex 124.959 5.88942 73.5
    endloop
  endfacet
  facet normal -0 0 1
    outer loop
      vertex 124.888 5.69286 73.5
      vertex 128.928 4 73.5
      vertex 124.928 5.78958 73.5
    endloop
  endfacet
  facet normal 0 0 1
    outer loop
      vertex 128.928 4 73.5
      vertex 124.888 5.69286 73.5
      vertex 128.553 3.41139 73.5
    endloop
  endfacet
  facet normal -0 0 1
    outer loop
      vertex 124.839 5.6 73.5
      vertex 128.553 3.41139 73.5
      vertex 124.888 5.69286 73.5
    endloop
  endfacet
  facet normal 0 0 1
    outer loop
      vertex 128.553 3.41139 73.5
      vertex 124.839 5.6 73.5
      vertex 128.128 2.8577 73.5
    endloop
  endfacet
  facet normal -0 0 1
    outer loop
      vertex 124.783 5.51171 73.5
      vertex 128.128 2.8577 73.5
      vertex 124.839 5.6 73.5
    endloop
  endfacet
  facet normal -0 0 1
    outer loop
      vertex 124.719 5.42865 73.5
      vertex 128.128 2.8577 73.5
      vertex 124.783 5.51171 73.5
    endloop
  endfacet
  facet normal 0 0 1
    outer loop
      vertex 128.128 2.8577 73.5
      vertex 124.719 5.42865 73.5
      vertex 127.657 2.34315 73.5
    endloop
  endfacet
  facet normal -0 0 1
    outer loop
      vertex 124.649 5.35147 73.5
      vertex 127.657 2.34315 73.5
      vertex 124.719 5.42865 73.5
    endloop
  endfacet
  facet normal -0 0 1
    outer loop
      vertex 124.571 5.28075 73.5
      vertex 127.657 2.34315 73.5
      vertex 124.649 5.35147 73.5
    endloop
  endfacet
  facet normal 0 0 1
    outer loop
      vertex 127.657 2.34315 73.5
      vertex 124.571 5.28075 73.5
      vertex 127.142 1.87164 73.5
    endloop
  endfacet
  facet normal -0 0 1
    outer loop
      vertex 124.488 5.21702 73.5
      vertex 127.142 1.87164 73.5
      vertex 124.571 5.28075 73.5
    endloop
  endfacet
  facet normal -0 0 1
    outer loop
      vertex 124.4 5.16077 73.5
      vertex 127.142 1.87164 73.5
      vertex 124.488 5.21702 73.5
    endloop
  endfacet
  facet normal 0 0 1
    outer loop
      vertex 127.142 1.87164 73.5
      vertex 124.4 5.16077 73.5
      vertex 126.589 1.44678 73.5
    endloop
  endfacet
  facet normal -0 0 1
    outer loop
      vertex 124.307 5.11243 73.5
      vertex 126.589 1.44678 73.5
      vertex 124.4 5.16077 73.5
    endloop
  endfacet
  facet normal 0 0 1
    outer loop
      vertex 126.589 1.44678 73.5
      vertex 124.307 5.11243 73.5
      vertex 126 1.0718 73.5
    endloop
  endfacet
  facet normal -0 0 1
    outer loop
      vertex 124.21 5.07237 73.5
      vertex 126 1.0718 73.5
      vertex 124.307 5.11243 73.5
    endloop
  endfacet
  facet normal -0 0 1
    outer loop
      vertex 124.111 5.04089 73.5
      vertex 126 1.0718 73.5
      vertex 124.21 5.07237 73.5
    endloop
  endfacet
  facet normal 0 0 1
    outer loop
      vertex 126 1.0718 73.5
      vertex 124.111 5.04089 73.5
      vertex 125.381 0.749537 73.5
    endloop
  endfacet
  facet normal -0 0 1
    outer loop
      vertex 124.008 5.01823 73.5
      vertex 125.381 0.749537 73.5
      vertex 124.111 5.04089 73.5
    endloop
  endfacet
  facet normal -0 0 1
    outer loop
      vertex 123.905 5.00457 73.5
      vertex 125.381 0.749537 73.5
      vertex 124.008 5.01823 73.5
    endloop
  endfacet
  facet normal 0 0 1
    outer loop
      vertex 125.381 0.749537 73.5
      vertex 123.905 5.00457 73.5
      vertex 124.736 0.482458 73.5
    endloop
  endfacet
  facet normal -0 0 1
    outer loop
      vertex 123.8 5 73.5
      vertex 124.736 0.482458 73.5
      vertex 123.905 5.00457 73.5
    endloop
  endfacet
  facet normal 0 0 1
    outer loop
      vertex 124.736 0.482458 73.5
      vertex 123.8 5 73.5
      vertex 124.071 0.272593 73.5
    endloop
  endfacet
  facet normal 0 0 1
    outer loop
      vertex 123.8 5 73.5
      vertex 123.389 0.121537 73.5
      vertex 124.071 0.272593 73.5
    endloop
  endfacet
  facet normal 0 0 1
    outer loop
      vertex 123.8 5 73.5
      vertex 122.697 0.0304422 73.5
      vertex 123.389 0.121537 73.5
    endloop
  endfacet
  facet normal -0 0 1
    outer loop
      vertex 121.2 5 73.5
      vertex 122.697 0.0304422 73.5
      vertex 123.8 5 73.5
    endloop
  endfacet
  facet normal 0 0 1
    outer loop
      vertex 122.697 0.0304422 73.5
      vertex 121.2 5 73.5
      vertex 122 0 73.5
    endloop
  endfacet
  facet normal 0 0 1
    outer loop
      vertex 121.095 5.00457 73.5
      vertex 122 0 73.5
      vertex 121.2 5 73.5
    endloop
  endfacet
  facet normal 0 0 1
    outer loop
      vertex 120.992 5.01823 73.5
      vertex 122 0 73.5
      vertex 121.095 5.00457 73.5
    endloop
  endfacet
  facet normal 0 0 1
    outer loop
      vertex 120.889 5.04089 73.5
      vertex 122 0 73.5
      vertex 120.992 5.01823 73.5
    endloop
  endfacet
  facet normal 0 0 1
    outer loop
      vertex 120.042 5.09115 73.5
      vertex 120.889 5.04089 73.5
      vertex 120.79 5.07237 73.5
    endloop
  endfacet
  facet normal -0 0 1
    outer loop
      vertex 120.042 5.09115 73.5
      vertex 120.79 5.07237 73.5
      vertex 120.693 5.11243 73.5
    endloop
  endfacet
  facet normal 0 0 1
    outer loop
      vertex 120.042 5.09115 73.5
      vertex 120.693 5.11243 73.5
      vertex 120.6 5.16077 73.5
    endloop
  endfacet
  facet normal 0 0 1
    outer loop
      vertex 120.042 5.09115 73.5
      vertex 120.6 5.16077 73.5
      vertex 120.537 5.20091 73.5
    endloop
  endfacet
  facet normal 0 0 1
    outer loop
      vertex 120.889 5.04089 73.5
      vertex 120.042 5.09115 73.5
      vertex 122 0 73.5
    endloop
  endfacet
  facet normal -0 0 1
    outer loop
      vertex 119.523 5.02283 73.5
      vertex 122 0 73.5
      vertex 120.042 5.09115 73.5
    endloop
  endfacet
  facet normal -0 0 1
    outer loop
      vertex 119 5 73.5
      vertex 122 0 73.5
      vertex 119.523 5.02283 73.5
    endloop
  endfacet
  facet normal -0 0 1
    outer loop
      vertex 11 5 73.5
      vertex 122 0 73.5
      vertex 119 5 73.5
    endloop
  endfacet
  facet normal 0 0 1
    outer loop
      vertex 8 0 73.5
      vertex 11 5 73.5
      vertex 10.4771 5.02283 73.5
    endloop
  endfacet
  facet normal -0 0 1
    outer loop
      vertex 9.4 5.16077 73.5
      vertex 9.95811 5.09115 73.5
      vertex 9.46301 5.20091 73.5
    endloop
  endfacet
  facet normal -0 0 1
    outer loop
      vertex 9.30714 5.11243 73.5
      vertex 9.95811 5.09115 73.5
      vertex 9.4 5.16077 73.5
    endloop
  endfacet
  facet normal 0 0 1
    outer loop
      vertex 9.21042 5.07237 73.5
      vertex 9.95811 5.09115 73.5
      vertex 9.30714 5.11243 73.5
    endloop
  endfacet
  facet normal 0 0 1
    outer loop
      vertex 9.11058 5.04089 73.5
      vertex 9.95811 5.09115 73.5
      vertex 9.21042 5.07237 73.5
    endloop
  endfacet
  facet normal 0 0 1
    outer loop
      vertex 8 0 73.5
      vertex 9.95811 5.09115 73.5
      vertex 9.11058 5.04089 73.5
    endloop
  endfacet
  facet normal 0 0 1
    outer loop
      vertex 9.95811 5.09115 73.5
      vertex 8 0 73.5
      vertex 10.4771 5.02283 73.5
    endloop
  endfacet
  facet normal 0 0 1
    outer loop
      vertex 8 0 73.5
      vertex 9.11058 5.04089 73.5
      vertex 9.00838 5.01823 73.5
    endloop
  endfacet
  facet normal 0 0 1
    outer loop
      vertex 8 0 73.5
      vertex 9.00838 5.01823 73.5
      vertex 8.90459 5.00457 73.5
    endloop
  endfacet
  facet normal 0 0 1
    outer loop
      vertex 8 0 73.5
      vertex 8.90459 5.00457 73.5
      vertex 8.8 5 73.5
    endloop
  endfacet
  facet normal 0 0 1
    outer loop
      vertex 11 5 73.5
      vertex 8 0 73.5
      vertex 122 0 73.5
    endloop
  endfacet
  facet normal 0 0 1
    outer loop
      vertex 8.8 5 73.5
      vertex 7.30275 0.0304422 73.5
      vertex 8 0 73.5
    endloop
  endfacet
  facet normal -0 0 1
    outer loop
      vertex 6.2 5 73.5
      vertex 7.30275 0.0304422 73.5
      vertex 8.8 5 73.5
    endloop
  endfacet
  facet normal 0 0 1
    outer loop
      vertex 7.30275 0.0304422 73.5
      vertex 6.2 5 73.5
      vertex 6.61081 0.121537 73.5
    endloop
  endfacet
  facet normal 0 0 1
    outer loop
      vertex 5.26384 0.482458 73.5
      vertex 6.2 5 73.5
      vertex 6.09541 5.00457 73.5
    endloop
  endfacet
  facet normal 0 0 1
    outer loop
      vertex 4.61905 0.749537 73.5
      vertex 6.09541 5.00457 73.5
      vertex 5.99162 5.01823 73.5
    endloop
  endfacet
  facet normal 0 0 1
    outer loop
      vertex 6.2 5 73.5
      vertex 5.92945 0.272593 73.5
      vertex 6.61081 0.121537 73.5
    endloop
  endfacet
  facet normal 0 0 1
    outer loop
      vertex 4.61905 0.749537 73.5
      vertex 5.99162 5.01823 73.5
      vertex 5.88942 5.04089 73.5
    endloop
  endfacet
  facet normal 0 0 1
    outer loop
      vertex 4 1.0718 73.5
      vertex 5.88942 5.04089 73.5
      vertex 5.78958 5.07237 73.5
    endloop
  endfacet
  facet normal 0 0 1
    outer loop
      vertex 4 1.0718 73.5
      vertex 5.78958 5.07237 73.5
      vertex 5.69286 5.11243 73.5
    endloop
  endfacet
  facet normal 0 0 1
    outer loop
      vertex 3.41139 1.44678 73.5
      vertex 5.69286 5.11243 73.5
      vertex 5.6 5.16077 73.5
    endloop
  endfacet
  facet normal 0 0 1
    outer loop
      vertex 2.8577 1.87164 73.5
      vertex 5.6 5.16077 73.5
      vertex 5.51171 5.21702 73.5
    endloop
  endfacet
  facet normal 0 0 1
    outer loop
      vertex 2.8577 1.87164 73.5
      vertex 5.51171 5.21702 73.5
      vertex 5.42865 5.28075 73.5
    endloop
  endfacet
  facet normal 0 0 1
    outer loop
      vertex 2.34315 2.34315 73.5
      vertex 5.42865 5.28075 73.5
      vertex 5.35147 5.35147 73.5
    endloop
  endfacet
  facet normal 0 0 1
    outer loop
      vertex 2.34315 2.34315 73.5
      vertex 5.35147 5.35147 73.5
      vertex 5.28075 5.42865 73.5
    endloop
  endfacet
  facet normal 0 0 1
    outer loop
      vertex 6.2 5 73.5
      vertex 5.26384 0.482458 73.5
      vertex 5.92945 0.272593 73.5
    endloop
  endfacet
  facet normal 0 0 1
    outer loop
      vertex 1.87164 2.8577 73.5
      vertex 5.28075 5.42865 73.5
      vertex 5.21702 5.51171 73.5
    endloop
  endfacet
  facet normal 0 0 1
    outer loop
      vertex 1.87164 2.8577 73.5
      vertex 5.21702 5.51171 73.5
      vertex 5.16077 5.6 73.5
    endloop
  endfacet
  facet normal 0 0 1
    outer loop
      vertex 1.44678 3.41139 73.5
      vertex 5.16077 5.6 73.5
      vertex 5.11243 5.69286 73.5
    endloop
  endfacet
  facet normal 0 0 1
    outer loop
      vertex 1.0718 4 73.5
      vertex 5.11243 5.69286 73.5
      vertex 5.07237 5.78958 73.5
    endloop
  endfacet
  facet normal 0 0 1
    outer loop
      vertex 1.0718 4 73.5
      vertex 5.07237 5.78958 73.5
      vertex 5.04089 5.88942 73.5
    endloop
  endfacet
  facet normal 0 0 1
    outer loop
      vertex 0.749537 4.61905 73.5
      vertex 5.04089 5.88942 73.5
      vertex 5.01823 5.99162 73.5
    endloop
  endfacet
  facet normal 0 0 1
    outer loop
      vertex 0.749537 4.61905 73.5
      vertex 5.01823 5.99162 73.5
      vertex 5.00457 6.09541 73.5
    endloop
  endfacet
  facet normal 0 0 1
    outer loop
      vertex 6.09541 5.00457 73.5
      vertex 4.61905 0.749537 73.5
      vertex 5.26384 0.482458 73.5
    endloop
  endfacet
  facet normal 0 0 1
    outer loop
      vertex 0.482458 5.26384 73.5
      vertex 5.00457 6.09541 73.5
      vertex 5 6.2 73.5
    endloop
  endfacet
  facet normal 0 0 1
    outer loop
      vertex 5 11 73.5
      vertex 0 8 73.5
      vertex 5 8.8 73.5
    endloop
  endfacet
  facet normal -0 0 1
    outer loop
      vertex 1.0718 126 73.5
      vertex 5.11243 124.307 73.5
      vertex 1.44678 126.589 73.5
    endloop
  endfacet
  facet normal 0 -0 1
    outer loop
      vertex 0.0304422 7.30275 73.5
      vertex 5 8.8 73.5
      vertex 0 8 73.5
    endloop
  endfacet
  facet normal 0 0 1
    outer loop
      vertex 5.11243 124.307 73.5
      vertex 1.0718 126 73.5
      vertex 5.07237 124.21 73.5
    endloop
  endfacet
  facet normal 0 0 1
    outer loop
      vertex 5 8.8 73.5
      vertex 0.0304422 7.30275 73.5
      vertex 5 6.2 73.5
    endloop
  endfacet
  facet normal 0 0 1
    outer loop
      vertex 5.07237 124.21 73.5
      vertex 1.0718 126 73.5
      vertex 5.04089 124.111 73.5
    endloop
  endfacet
  facet normal 0 0 1
    outer loop
      vertex 5.88942 5.04089 73.5
      vertex 4 1.0718 73.5
      vertex 4.61905 0.749537 73.5
    endloop
  endfacet
  facet normal -0 0 1
    outer loop
      vertex 0.749537 125.381 73.5
      vertex 5.04089 124.111 73.5
      vertex 1.0718 126 73.5
    endloop
  endfacet
  facet normal 0 0 1
    outer loop
      vertex 5.69286 5.11243 73.5
      vertex 3.41139 1.44678 73.5
      vertex 4 1.0718 73.5
    endloop
  endfacet
  facet normal 0 0 1
    outer loop
      vertex 5.04089 124.111 73.5
      vertex 0.749537 125.381 73.5
      vertex 5.01823 124.008 73.5
    endloop
  endfacet
  facet normal 0 0 1
    outer loop
      vertex 5.6 5.16077 73.5
      vertex 2.8577 1.87164 73.5
      vertex 3.41139 1.44678 73.5
    endloop
  endfacet
  facet normal 0 0 1
    outer loop
      vertex 5.01823 124.008 73.5
      vertex 0.749537 125.381 73.5
      vertex 5.00457 123.905 73.5
    endloop
  endfacet
  facet normal 0 0 1
    outer loop
      vertex 5.42865 5.28075 73.5
      vertex 2.34315 2.34315 73.5
      vertex 2.8577 1.87164 73.5
    endloop
  endfacet
  facet normal -0 0 1
    outer loop
      vertex 0.482458 124.736 73.5
      vertex 5.00457 123.905 73.5
      vertex 0.749537 125.381 73.5
    endloop
  endfacet
  facet normal 0 0 1
    outer loop
      vertex 5.28075 5.42865 73.5
      vertex 1.87164 2.8577 73.5
      vertex 2.34315 2.34315 73.5
    endloop
  endfacet
  facet normal 0 0 1
    outer loop
      vertex 5.00457 123.905 73.5
      vertex 0.482458 124.736 73.5
      vertex 5 123.8 73.5
    endloop
  endfacet
  facet normal 0 0 1
    outer loop
      vertex 5.16077 5.6 73.5
      vertex 1.44678 3.41139 73.5
      vertex 1.87164 2.8577 73.5
    endloop
  endfacet
  facet normal -0 0 1
    outer loop
      vertex 0.272593 124.071 73.5
      vertex 5 123.8 73.5
      vertex 0.482458 124.736 73.5
    endloop
  endfacet
  facet normal 0 0 1
    outer loop
      vertex 5.11243 5.69286 73.5
      vertex 1.0718 4 73.5
      vertex 1.44678 3.41139 73.5
    endloop
  endfacet
  facet normal 0 0 1
    outer loop
      vertex 0.121537 123.389 73.5
      vertex 5 123.8 73.5
      vertex 0.272593 124.071 73.5
    endloop
  endfacet
  facet normal 0 0 1
    outer loop
      vertex 5.04089 5.88942 73.5
      vertex 0.749537 4.61905 73.5
      vertex 1.0718 4 73.5
    endloop
  endfacet
  facet normal 0 0 1
    outer loop
      vertex 0.0304422 122.697 73.5
      vertex 5 123.8 73.5
      vertex 0.121537 123.389 73.5
    endloop
  endfacet
  facet normal 0 0 1
    outer loop
      vertex 5.00457 6.09541 73.5
      vertex 0.482458 5.26384 73.5
      vertex 0.749537 4.61905 73.5
    endloop
  endfacet
  facet normal 0 0 1
    outer loop
      vertex 5 121.2 73.5
      vertex 0.0304422 122.697 73.5
      vertex 0 122 73.5
    endloop
  endfacet
  facet normal 0 0 1
    outer loop
      vertex 5 6.2 73.5
      vertex 0.272593 5.92945 73.5
      vertex 0.482458 5.26384 73.5
    endloop
  endfacet
  facet normal 0 0 1
    outer loop
      vertex 5 6.2 73.5
      vertex 0.121537 6.61081 73.5
      vertex 0.272593 5.92945 73.5
    endloop
  endfacet
  facet normal 0 0 1
    outer loop
      vertex 5 6.2 73.5
      vertex 0.0304422 7.30275 73.5
      vertex 0.121537 6.61081 73.5
    endloop
  endfacet
  facet normal 0 0 1
    outer loop
      vertex 5.16077 120.6 73.5
      vertex 5.09115 120.042 73.5
      vertex 5.20091 120.537 73.5
    endloop
  endfacet
  facet normal 0 0 1
    outer loop
      vertex 5.11243 120.693 73.5
      vertex 5.09115 120.042 73.5
      vertex 5.16077 120.6 73.5
    endloop
  endfacet
  facet normal 0 0 1
    outer loop
      vertex 5.07237 120.79 73.5
      vertex 5.09115 120.042 73.5
      vertex 5.11243 120.693 73.5
    endloop
  endfacet
  facet normal 0 0 1
    outer loop
      vertex 5.04089 120.889 73.5
      vertex 5.09115 120.042 73.5
      vertex 5.07237 120.79 73.5
    endloop
  endfacet
  facet normal 0 0 1
    outer loop
      vertex 5.01823 120.992 73.5
      vertex 5.09115 120.042 73.5
      vertex 5.04089 120.889 73.5
    endloop
  endfacet
  facet normal 0 0 1
    outer loop
      vertex 5.09115 120.042 73.5
      vertex 5.01823 120.992 73.5
      vertex 5.02283 119.523 73.5
    endloop
  endfacet
  facet normal 0 0 1
    outer loop
      vertex 5.00457 121.095 73.5
      vertex 5.02283 119.523 73.5
      vertex 5.01823 120.992 73.5
    endloop
  endfacet
  facet normal 0 0 1
    outer loop
      vertex 5 119 73.5
      vertex 5.00457 121.095 73.5
      vertex 5 121.2 73.5
    endloop
  endfacet
  facet normal 0 0 1
    outer loop
      vertex 5.00457 121.095 73.5
      vertex 5 119 73.5
      vertex 5.02283 119.523 73.5
    endloop
  endfacet
  facet normal 0 0 1
    outer loop
      vertex 5.09115 9.95811 73.5
      vertex 5.16077 9.4 73.5
      vertex 5.20091 9.46301 73.5
    endloop
  endfacet
  facet normal 0 0 1
    outer loop
      vertex 5.09115 9.95811 73.5
      vertex 5.11243 9.30714 73.5
      vertex 5.16077 9.4 73.5
    endloop
  endfacet
  facet normal 0 0 1
    outer loop
      vertex 5.09115 9.95811 73.5
      vertex 5.07237 9.21042 73.5
      vertex 5.11243 9.30714 73.5
    endloop
  endfacet
  facet normal 0 0 1
    outer loop
      vertex 5.09115 9.95811 73.5
      vertex 5.04089 9.11058 73.5
      vertex 5.07237 9.21042 73.5
    endloop
  endfacet
  facet normal 0 0 1
    outer loop
      vertex 5.01823 9.00838 73.5
      vertex 5.09115 9.95811 73.5
      vertex 5.02283 10.4771 73.5
    endloop
  endfacet
  facet normal 0 0 1
    outer loop
      vertex 5.09115 9.95811 73.5
      vertex 5.01823 9.00838 73.5
      vertex 5.04089 9.11058 73.5
    endloop
  endfacet
  facet normal 0 0 1
    outer loop
      vertex 5.02283 10.4771 73.5
      vertex 5.00457 8.90459 73.5
      vertex 5.01823 9.00838 73.5
    endloop
  endfacet
  facet normal 0 0 1
    outer loop
      vertex 5 11 73.5
      vertex 5.00457 8.90459 73.5
      vertex 5.02283 10.4771 73.5
    endloop
  endfacet
  facet normal 0 0 1
    outer loop
      vertex 5.00457 8.90459 73.5
      vertex 5 11 73.5
      vertex 5 8.8 73.5
    endloop
  endfacet
  facet normal -0.737563 0.675278 2.15174e-18
    outer loop
      vertex 1.87164 127.142 69.5
      vertex 2.34315 127.657 73.5
      vertex 2.34315 127.657 69.5
    endloop
  endfacet
  facet normal -0.737563 0.675278 2.15174e-18
    outer loop
      vertex 2.34315 127.657 73.5
      vertex 1.87164 127.142 69.5
      vertex 1.87164 127.142 73.5
    endloop
  endfacet
  facet normal -0.0436528 -0.999047 0
    outer loop
      vertex 6.09541 5.00457 73.5
      vertex 6.2 5 77.5
      vertex 6.09541 5.00457 77.5
    endloop
  endfacet
  facet normal -0.0436528 -0.999047 -0
    outer loop
      vertex 6.2 5 77.5
      vertex 6.09541 5.00457 73.5
      vertex 6.2 5 73.5
    endloop
  endfacet
  facet normal -0.999047 0.0436528 5.53139e-20
    outer loop
      vertex 5 8.8 73.5
      vertex 5.00457 8.90459 77.5
      vertex 5.00457 8.90459 73.5
    endloop
  endfacet
  facet normal -0.999047 0.0436528 5.53139e-20
    outer loop
      vertex 5.00457 8.90459 77.5
      vertex 5 8.8 73.5
      vertex 5 8.8 77.5
    endloop
  endfacet
  facet normal -0.953715 -0.300711 -2.79054e-19
    outer loop
      vertex 5.07237 5.78958 73.5
      vertex 5.04089 5.88942 77.5
      vertex 5.04089 5.88942 73.5
    endloop
  endfacet
  facet normal -0.953715 -0.300711 -2.79054e-19
    outer loop
      vertex 5.04089 5.88942 77.5
      vertex 5.07237 5.78958 73.5
      vertex 5.07237 5.78958 77.5
    endloop
  endfacet
  facet normal -0.88701 0.46175 -4.99119e-19
    outer loop
      vertex 5.11243 9.30714 73.5
      vertex 5.16077 9.4 77.5
      vertex 5.16077 9.4 73.5
    endloop
  endfacet
  facet normal -0.88701 0.46175 -4.99119e-19
    outer loop
      vertex 5.16077 9.4 77.5
      vertex 5.11243 9.30714 73.5
      vertex 5.11243 9.30714 77.5
    endloop
  endfacet
  facet normal -0.843378 -0.53732 5.08257e-19
    outer loop
      vertex 5.21702 5.51171 73.5
      vertex 5.16077 5.6 77.5
      vertex 5.16077 5.6 73.5
    endloop
  endfacet
  facet normal -0.843378 -0.53732 5.08257e-19
    outer loop
      vertex 5.16077 5.6 77.5
      vertex 5.21702 5.51171 73.5
      vertex 5.21702 5.51171 77.5
    endloop
  endfacet
  facet normal 0.46175 -0.88701 0
    outer loop
      vertex 9.30714 5.11243 73.5
      vertex 9.4 5.16077 77.5
      vertex 9.30714 5.11243 77.5
    endloop
  endfacet
  facet normal 0.46175 -0.88701 0
    outer loop
      vertex 9.4 5.16077 77.5
      vertex 9.30714 5.11243 73.5
      vertex 9.4 5.16077 73.5
    endloop
  endfacet
  facet normal -0.99145 0.130487 -1.84543e-20
    outer loop
      vertex 5.00457 8.90459 73.5
      vertex 5.01823 9.00838 77.5
      vertex 5.01823 9.00838 73.5
    endloop
  endfacet
  facet normal -0.99145 0.130487 -1.84543e-20
    outer loop
      vertex 5.01823 9.00838 77.5
      vertex 5.00457 8.90459 73.5
      vertex 5.00457 8.90459 77.5
    endloop
  endfacet
  facet normal 0.537282 -0.843402 0
    outer loop
      vertex 9.4 5.16077 73.5
      vertex 9.46301 5.20091 77.5
      vertex 9.4 5.16077 77.5
    endloop
  endfacet
  facet normal 0.537282 -0.843402 0
    outer loop
      vertex 9.46301 5.20091 77.5
      vertex 9.4 5.16077 73.5
      vertex 9.46301 5.20091 73.5
    endloop
  endfacet
  facet normal -0.97629 0.216465 -1.2102e-19
    outer loop
      vertex 5.01823 9.00838 73.5
      vertex 5.04089 9.11058 77.5
      vertex 5.04089 9.11058 73.5
    endloop
  endfacet
  facet normal -0.97629 0.216465 -1.2102e-19
    outer loop
      vertex 5.04089 9.11058 77.5
      vertex 5.01823 9.00838 73.5
      vertex 5.01823 9.00838 77.5
    endloop
  endfacet
  facet normal 0 -1 0
    outer loop
      vertex 6.2 5 73.5
      vertex 8.8 5 77.5
      vertex 6.2 5 77.5
    endloop
  endfacet
  facet normal 0 -1 -0
    outer loop
      vertex 8.8 5 77.5
      vertex 6.2 5 73.5
      vertex 8.8 5 73.5
    endloop
  endfacet
  facet normal 0.300711 -0.953715 0
    outer loop
      vertex 9.11058 5.04089 73.5
      vertex 9.21042 5.07237 77.5
      vertex 9.11058 5.04089 77.5
    endloop
  endfacet
  facet normal 0.300711 -0.953715 0
    outer loop
      vertex 9.21042 5.07237 77.5
      vertex 9.11058 5.04089 73.5
      vertex 9.21042 5.07237 73.5
    endloop
  endfacet
  facet normal -0.843402 0.537282 -2.77662e-19
    outer loop
      vertex 5.16077 9.4 73.5
      vertex 5.20091 9.46301 77.5
      vertex 5.20091 9.46301 73.5
    endloop
  endfacet
  facet normal -0.843402 0.537282 -2.77662e-19
    outer loop
      vertex 5.20091 9.46301 77.5
      vertex 5.16077 9.4 73.5
      vertex 5.16077 9.4 77.5
    endloop
  endfacet
  facet normal -0.923889 -0.382661 5.91563e-20
    outer loop
      vertex 5.11243 5.69286 73.5
      vertex 5.07237 5.78958 77.5
      vertex 5.07237 5.78958 73.5
    endloop
  endfacet
  facet normal -0.923889 -0.382661 5.91563e-20
    outer loop
      vertex 5.07237 5.78958 77.5
      vertex 5.11243 5.69286 73.5
      vertex 5.11243 5.69286 77.5
    endloop
  endfacet
  facet normal -0.300711 -0.953715 0
    outer loop
      vertex 5.78958 5.07237 73.5
      vertex 5.88942 5.04089 77.5
      vertex 5.78958 5.07237 77.5
    endloop
  endfacet
  facet normal -0.300711 -0.953715 -0
    outer loop
      vertex 5.88942 5.04089 77.5
      vertex 5.78958 5.07237 73.5
      vertex 5.88942 5.04089 73.5
    endloop
  endfacet
  facet normal -0.737289 -0.675578 -3.82937e-19
    outer loop
      vertex 5.35147 5.35147 73.5
      vertex 5.28075 5.42865 77.5
      vertex 5.28075 5.42865 73.5
    endloop
  endfacet
  facet normal -0.737289 -0.675578 -3.82937e-19
    outer loop
      vertex 5.28075 5.42865 77.5
      vertex 5.35147 5.35147 73.5
      vertex 5.35147 5.35147 77.5
    endloop
  endfacet
  facet normal -0.130487 -0.99145 0
    outer loop
      vertex 5.99162 5.01823 73.5
      vertex 6.09541 5.00457 77.5
      vertex 5.99162 5.01823 77.5
    endloop
  endfacet
  facet normal -0.130487 -0.99145 -0
    outer loop
      vertex 6.09541 5.00457 77.5
      vertex 5.99162 5.01823 73.5
      vertex 6.09541 5.00457 73.5
    endloop
  endfacet
  facet normal 0.382661 -0.923889 0
    outer loop
      vertex 9.21042 5.07237 73.5
      vertex 9.30714 5.11243 77.5
      vertex 9.21042 5.07237 77.5
    endloop
  endfacet
  facet normal 0.382661 -0.923889 0
    outer loop
      vertex 9.30714 5.11243 77.5
      vertex 9.21042 5.07237 73.5
      vertex 9.30714 5.11243 73.5
    endloop
  endfacet
  facet normal 0.0436528 -0.999047 0
    outer loop
      vertex 8.8 5 73.5
      vertex 8.90459 5.00457 77.5
      vertex 8.8 5 77.5
    endloop
  endfacet
  facet normal 0.0436528 -0.999047 0
    outer loop
      vertex 8.90459 5.00457 77.5
      vertex 8.8 5 73.5
      vertex 8.90459 5.00457 73.5
    endloop
  endfacet
  facet normal 0 0 1
    outer loop
      vertex 9.44709 5.20444 77.5
      vertex 9.4 5.16077 77.5
      vertex 9.46301 5.20091 77.5
    endloop
  endfacet
  facet normal 0 0 1
    outer loop
      vertex 8.94788 5.36184 77.5
      vertex 9.4 5.16077 77.5
      vertex 9.44709 5.20444 77.5
    endloop
  endfacet
  facet normal 0 0 1
    outer loop
      vertex 9.4 5.16077 77.5
      vertex 8.94788 5.36184 77.5
      vertex 9.30714 5.11243 77.5
    endloop
  endfacet
  facet normal 0 0 1
    outer loop
      vertex 9.30714 5.11243 77.5
      vertex 8.94788 5.36184 77.5
      vertex 9.21042 5.07237 77.5
    endloop
  endfacet
  facet normal 0 0 1
    outer loop
      vertex 9.21042 5.07237 77.5
      vertex 8.94788 5.36184 77.5
      vertex 9.11058 5.04089 77.5
    endloop
  endfacet
  facet normal 0 0 1
    outer loop
      vertex 9.11058 5.04089 77.5
      vertex 8.94788 5.36184 77.5
      vertex 9.00838 5.01823 77.5
    endloop
  endfacet
  facet normal 0 0 1
    outer loop
      vertex 8.94788 5.36184 77.5
      vertex 8.90459 5.00457 77.5
      vertex 9.00838 5.01823 77.5
    endloop
  endfacet
  facet normal 0 0 1
    outer loop
      vertex 8.94788 5.36184 77.5
      vertex 8.8 5 77.5
      vertex 8.90459 5.00457 77.5
    endloop
  endfacet
  facet normal 0 0 1
    outer loop
      vertex 8.46429 5.56215 77.5
      vertex 8.8 5 77.5
      vertex 8.94788 5.36184 77.5
    endloop
  endfacet
  facet normal 0 0 1
    outer loop
      vertex 8 5.80385 77.5
      vertex 8.8 5 77.5
      vertex 8.46429 5.56215 77.5
    endloop
  endfacet
  facet normal 0 0 1
    outer loop
      vertex 6.2 5 77.5
      vertex 8 5.80385 77.5
      vertex 7.55854 6.08509 77.5
    endloop
  endfacet
  facet normal 0 0 1
    outer loop
      vertex 6.2 5 77.5
      vertex 7.55854 6.08509 77.5
      vertex 7.14327 6.40373 77.5
    endloop
  endfacet
  facet normal 0 0 1
    outer loop
      vertex 8 5.80385 77.5
      vertex 6.2 5 77.5
      vertex 8.8 5 77.5
    endloop
  endfacet
  facet normal 0 0 1
    outer loop
      vertex 6.75736 6.75736 77.5
      vertex 6.2 5 77.5
      vertex 7.14327 6.40373 77.5
    endloop
  endfacet
  facet normal 0 0 1
    outer loop
      vertex 5 6.2 77.5
      vertex 6.75736 6.75736 77.5
      vertex 6.40373 7.14327 77.5
    endloop
  endfacet
  facet normal 0 0 1
    outer loop
      vertex 6.75736 6.75736 77.5
      vertex 6.09541 5.00457 77.5
      vertex 6.2 5 77.5
    endloop
  endfacet
  facet normal 0 0 1
    outer loop
      vertex 5 6.2 77.5
      vertex 6.40373 7.14327 77.5
      vertex 6.08509 7.55854 77.5
    endloop
  endfacet
  facet normal 0 0 1
    outer loop
      vertex 6.75736 6.75736 77.5
      vertex 5 6.2 77.5
      vertex 5.00457 6.09541 77.5
    endloop
  endfacet
  facet normal 0 0 1
    outer loop
      vertex 6.75736 6.75736 77.5
      vertex 5.99162 5.01823 77.5
      vertex 6.09541 5.00457 77.5
    endloop
  endfacet
  facet normal 0 0 1
    outer loop
      vertex 5 6.2 77.5
      vertex 6.08509 7.55854 77.5
      vertex 5.80385 8 77.5
    endloop
  endfacet
  facet normal 0 0 1
    outer loop
      vertex 6.75736 6.75736 77.5
      vertex 5.88942 5.04089 77.5
      vertex 5.99162 5.01823 77.5
    endloop
  endfacet
  facet normal 0 0 1
    outer loop
      vertex 6.75736 6.75736 77.5
      vertex 5.78958 5.07237 77.5
      vertex 5.88942 5.04089 77.5
    endloop
  endfacet
  facet normal 0 0 1
    outer loop
      vertex 6.75736 6.75736 77.5
      vertex 5.69286 5.11243 77.5
      vertex 5.78958 5.07237 77.5
    endloop
  endfacet
  facet normal 0 0 1
    outer loop
      vertex 5 8.8 77.5
      vertex 5.80385 8 77.5
      vertex 5.56215 8.46429 77.5
    endloop
  endfacet
  facet normal 0 0 1
    outer loop
      vertex 6.75736 6.75736 77.5
      vertex 5.6 5.16077 77.5
      vertex 5.69286 5.11243 77.5
    endloop
  endfacet
  facet normal 0 0 1
    outer loop
      vertex 6.75736 6.75736 77.5
      vertex 5.51171 5.21702 77.5
      vertex 5.6 5.16077 77.5
    endloop
  endfacet
  facet normal -0 0 1
    outer loop
      vertex 5 8.8 77.5
      vertex 5.56215 8.46429 77.5
      vertex 5.36184 8.94788 77.5
    endloop
  endfacet
  facet normal 0 0 1
    outer loop
      vertex 6.75736 6.75736 77.5
      vertex 5.42865 5.28075 77.5
      vertex 5.51171 5.21702 77.5
    endloop
  endfacet
  facet normal 0 0 1
    outer loop
      vertex 6.75736 6.75736 77.5
      vertex 5.35147 5.35147 77.5
      vertex 5.42865 5.28075 77.5
    endloop
  endfacet
  facet normal 0 0 1
    outer loop
      vertex 6.75736 6.75736 77.5
      vertex 5.28075 5.42865 77.5
      vertex 5.35147 5.35147 77.5
    endloop
  endfacet
  facet normal -0 0 1
    outer loop
      vertex 5.16077 9.4 77.5
      vertex 5.36184 8.94788 77.5
      vertex 5.20444 9.44709 77.5
    endloop
  endfacet
  facet normal 0 0 1
    outer loop
      vertex 5.16077 9.4 77.5
      vertex 5.20444 9.44709 77.5
      vertex 5.20091 9.46301 77.5
    endloop
  endfacet
  facet normal 0 0 1
    outer loop
      vertex 5.36184 8.94788 77.5
      vertex 5.16077 9.4 77.5
      vertex 5.11243 9.30714 77.5
    endloop
  endfacet
  facet normal 0 0 1
    outer loop
      vertex 5.80385 8 77.5
      vertex 5 8.8 77.5
      vertex 5 6.2 77.5
    endloop
  endfacet
  facet normal 0 0 1
    outer loop
      vertex 5.36184 8.94788 77.5
      vertex 5.11243 9.30714 77.5
      vertex 5.07237 9.21042 77.5
    endloop
  endfacet
  facet normal 0 0 1
    outer loop
      vertex 6.75736 6.75736 77.5
      vertex 5.21702 5.51171 77.5
      vertex 5.28075 5.42865 77.5
    endloop
  endfacet
  facet normal 0 0 1
    outer loop
      vertex 5.36184 8.94788 77.5
      vertex 5.07237 9.21042 77.5
      vertex 5.04089 9.11058 77.5
    endloop
  endfacet
  facet normal 0 0 1
    outer loop
      vertex 6.75736 6.75736 77.5
      vertex 5.16077 5.6 77.5
      vertex 5.21702 5.51171 77.5
    endloop
  endfacet
  facet normal 0 0 1
    outer loop
      vertex 5.36184 8.94788 77.5
      vertex 5.04089 9.11058 77.5
      vertex 5.01823 9.00838 77.5
    endloop
  endfacet
  facet normal 0 0 1
    outer loop
      vertex 6.75736 6.75736 77.5
      vertex 5.11243 5.69286 77.5
      vertex 5.16077 5.6 77.5
    endloop
  endfacet
  facet normal 0 0 1
    outer loop
      vertex 5.00457 8.90459 77.5
      vertex 5.36184 8.94788 77.5
      vertex 5.01823 9.00838 77.5
    endloop
  endfacet
  facet normal 0 0 1
    outer loop
      vertex 6.75736 6.75736 77.5
      vertex 5.07237 5.78958 77.5
      vertex 5.11243 5.69286 77.5
    endloop
  endfacet
  facet normal 0 0 1
    outer loop
      vertex 5.36184 8.94788 77.5
      vertex 5.00457 8.90459 77.5
      vertex 5 8.8 77.5
    endloop
  endfacet
  facet normal 0 0 1
    outer loop
      vertex 6.75736 6.75736 77.5
      vertex 5.04089 5.88942 77.5
      vertex 5.07237 5.78958 77.5
    endloop
  endfacet
  facet normal 0 0 1
    outer loop
      vertex 6.75736 6.75736 77.5
      vertex 5.01823 5.99162 77.5
      vertex 5.04089 5.88942 77.5
    endloop
  endfacet
  facet normal 0 0 1
    outer loop
      vertex 6.75736 6.75736 77.5
      vertex 5.00457 6.09541 77.5
      vertex 5.01823 5.99162 77.5
    endloop
  endfacet
  facet normal -0.793373 -0.608736 -5.06109e-19
    outer loop
      vertex 5.28075 5.42865 73.5
      vertex 5.21702 5.51171 77.5
      vertex 5.21702 5.51171 73.5
    endloop
  endfacet
  facet normal -0.793373 -0.608736 -5.06109e-19
    outer loop
      vertex 5.21702 5.51171 77.5
      vertex 5.28075 5.42865 73.5
      vertex 5.28075 5.42865 77.5
    endloop
  endfacet
  facet normal -0.953715 0.300711 3.39041e-19
    outer loop
      vertex 5.04089 9.11058 73.5
      vertex 5.07237 9.21042 77.5
      vertex 5.07237 9.21042 73.5
    endloop
  endfacet
  facet normal -0.953715 0.300711 3.39041e-19
    outer loop
      vertex 5.07237 9.21042 77.5
      vertex 5.04089 9.11058 73.5
      vertex 5.04089 9.11058 77.5
    endloop
  endfacet
  facet normal -0.923889 0.382661 -1.47475e-20
    outer loop
      vertex 5.07237 9.21042 73.5
      vertex 5.11243 9.30714 77.5
      vertex 5.11243 9.30714 73.5
    endloop
  endfacet
  facet normal -0.923889 0.382661 -1.47475e-20
    outer loop
      vertex 5.11243 9.30714 77.5
      vertex 5.07237 9.21042 73.5
      vertex 5.07237 9.21042 77.5
    endloop
  endfacet
  facet normal -1 0 0
    outer loop
      vertex 5 6.2 73.5
      vertex 5 8.8 77.5
      vertex 5 8.8 73.5
    endloop
  endfacet
  facet normal -1 -0 0
    outer loop
      vertex 5 8.8 77.5
      vertex 5 6.2 73.5
      vertex 5 6.2 77.5
    endloop
  endfacet
  facet normal -0.999047 -0.0436528 -5.53139e-20
    outer loop
      vertex 5.00457 6.09541 73.5
      vertex 5 6.2 77.5
      vertex 5 6.2 73.5
    endloop
  endfacet
  facet normal -0.999047 -0.0436528 -5.53139e-20
    outer loop
      vertex 5 6.2 77.5
      vertex 5.00457 6.09541 73.5
      vertex 5.00457 6.09541 77.5
    endloop
  endfacet
  facet normal 0.130487 -0.99145 0
    outer loop
      vertex 8.90459 5.00457 73.5
      vertex 9.00838 5.01823 77.5
      vertex 8.90459 5.00457 77.5
    endloop
  endfacet
  facet normal 0.130487 -0.99145 0
    outer loop
      vertex 9.00838 5.01823 77.5
      vertex 8.90459 5.00457 73.5
      vertex 9.00838 5.01823 73.5
    endloop
  endfacet
  facet normal -0.675578 -0.737289 0
    outer loop
      vertex 5.35147 5.35147 73.5
      vertex 5.42865 5.28075 77.5
      vertex 5.35147 5.35147 77.5
    endloop
  endfacet
  facet normal -0.675578 -0.737289 -0
    outer loop
      vertex 5.42865 5.28075 77.5
      vertex 5.35147 5.35147 73.5
      vertex 5.42865 5.28075 73.5
    endloop
  endfacet
  facet normal -0.216465 -0.97629 0
    outer loop
      vertex 5.88942 5.04089 73.5
      vertex 5.99162 5.01823 77.5
      vertex 5.88942 5.04089 77.5
    endloop
  endfacet
  facet normal -0.216465 -0.97629 -0
    outer loop
      vertex 5.99162 5.01823 77.5
      vertex 5.88942 5.04089 73.5
      vertex 5.99162 5.01823 73.5
    endloop
  endfacet
  facet normal 0.216465 -0.97629 0
    outer loop
      vertex 9.00838 5.01823 73.5
      vertex 9.11058 5.04089 77.5
      vertex 9.00838 5.01823 77.5
    endloop
  endfacet
  facet normal 0.216465 -0.97629 0
    outer loop
      vertex 9.11058 5.04089 77.5
      vertex 9.00838 5.01823 73.5
      vertex 9.11058 5.04089 73.5
    endloop
  endfacet
  facet normal -0.46175 -0.88701 0
    outer loop
      vertex 5.6 5.16077 73.5
      vertex 5.69286 5.11243 77.5
      vertex 5.6 5.16077 77.5
    endloop
  endfacet
  facet normal -0.46175 -0.88701 -0
    outer loop
      vertex 5.69286 5.11243 77.5
      vertex 5.6 5.16077 73.5
      vertex 5.69286 5.11243 73.5
    endloop
  endfacet
  facet normal -0.88701 -0.46175 4.99119e-19
    outer loop
      vertex 5.16077 5.6 73.5
      vertex 5.11243 5.69286 77.5
      vertex 5.11243 5.69286 73.5
    endloop
  endfacet
  facet normal -0.88701 -0.46175 4.99119e-19
    outer loop
      vertex 5.11243 5.69286 77.5
      vertex 5.16077 5.6 73.5
      vertex 5.16077 5.6 77.5
    endloop
  endfacet
  facet normal -0.53732 -0.843378 0
    outer loop
      vertex 5.51171 5.21702 73.5
      vertex 5.6 5.16077 77.5
      vertex 5.51171 5.21702 77.5
    endloop
  endfacet
  facet normal -0.53732 -0.843378 -0
    outer loop
      vertex 5.6 5.16077 77.5
      vertex 5.51171 5.21702 73.5
      vertex 5.6 5.16077 73.5
    endloop
  endfacet
  facet normal -0.382661 -0.923889 0
    outer loop
      vertex 5.69286 5.11243 73.5
      vertex 5.78958 5.07237 77.5
      vertex 5.69286 5.11243 77.5
    endloop
  endfacet
  facet normal -0.382661 -0.923889 -0
    outer loop
      vertex 5.78958 5.07237 77.5
      vertex 5.69286 5.11243 73.5
      vertex 5.78958 5.07237 73.5
    endloop
  endfacet
  facet normal -0.99145 -0.130487 1.84543e-20
    outer loop
      vertex 5.01823 5.99162 73.5
      vertex 5.00457 6.09541 77.5
      vertex 5.00457 6.09541 73.5
    endloop
  endfacet
  facet normal -0.99145 -0.130487 1.84543e-20
    outer loop
      vertex 5.00457 6.09541 77.5
      vertex 5.01823 5.99162 73.5
      vertex 5.01823 5.99162 77.5
    endloop
  endfacet
  facet normal -0.97629 -0.216465 1.2102e-19
    outer loop
      vertex 5.04089 5.88942 73.5
      vertex 5.01823 5.99162 77.5
      vertex 5.01823 5.99162 73.5
    endloop
  endfacet
  facet normal -0.97629 -0.216465 1.2102e-19
    outer loop
      vertex 5.01823 5.99162 77.5
      vertex 5.04089 5.88942 73.5
      vertex 5.04089 5.88942 77.5
    endloop
  endfacet
  facet normal -0.608736 -0.793373 0
    outer loop
      vertex 5.42865 5.28075 73.5
      vertex 5.51171 5.21702 77.5
      vertex 5.42865 5.28075 77.5
    endloop
  endfacet
  facet normal -0.608736 -0.793373 -0
    outer loop
      vertex 5.51171 5.21702 77.5
      vertex 5.42865 5.28075 73.5
      vertex 5.51171 5.21702 73.5
    endloop
  endfacet
  facet normal -0.219558 0.9756 0
    outer loop
      vertex 5.99162 124.982 73.5
      vertex 5.88942 124.959 77.5
      vertex 5.99162 124.982 77.5
    endloop
  endfacet
  facet normal -0.219558 0.9756 0
    outer loop
      vertex 5.88942 124.959 77.5
      vertex 5.99162 124.982 73.5
      vertex 5.88942 124.959 73.5
    endloop
  endfacet
  facet normal -0.999054 0.0434826 2.05626e-20
    outer loop
      vertex 5 123.8 73.5
      vertex 5.00457 123.905 77.5
      vertex 5.00457 123.905 73.5
    endloop
  endfacet
  facet normal -0.999054 0.0434826 2.05626e-20
    outer loop
      vertex 5.00457 123.905 77.5
      vertex 5 123.8 73.5
      vertex 5 123.8 77.5
    endloop
  endfacet
  facet normal -0.79316 0.609013 8.43245e-19
    outer loop
      vertex 5.21702 124.488 73.5
      vertex 5.28075 124.571 77.5
      vertex 5.28075 124.571 73.5
    endloop
  endfacet
  facet normal -0.79316 0.609013 8.43245e-19
    outer loop
      vertex 5.28075 124.571 77.5
      vertex 5.21702 124.488 73.5
      vertex 5.21702 124.488 77.5
    endloop
  endfacet
  facet normal -0.952981 -0.303029 -1.05444e-19
    outer loop
      vertex 5.07237 120.79 73.5
      vertex 5.04089 120.889 77.5
      vertex 5.04089 120.889 73.5
    endloop
  endfacet
  facet normal -0.952981 -0.303029 -1.05444e-19
    outer loop
      vertex 5.04089 120.889 77.5
      vertex 5.07237 120.79 73.5
      vertex 5.07237 120.79 77.5
    endloop
  endfacet
  facet normal -0.887295 0.461203 -5.11757e-19
    outer loop
      vertex 5.11243 124.307 73.5
      vertex 5.16077 124.4 77.5
      vertex 5.16077 124.4 73.5
    endloop
  endfacet
  facet normal -0.887295 0.461203 -5.11757e-19
    outer loop
      vertex 5.16077 124.4 77.5
      vertex 5.11243 124.307 73.5
      vertex 5.11243 124.307 77.5
    endloop
  endfacet
  facet normal -0.466688 0.884422 0
    outer loop
      vertex 5.69286 124.888 73.5
      vertex 5.6 124.839 77.5
      vertex 5.69286 124.888 77.5
    endloop
  endfacet
  facet normal -0.466688 0.884422 0
    outer loop
      vertex 5.6 124.839 77.5
      vertex 5.69286 124.888 73.5
      vertex 5.6 124.839 73.5
    endloop
  endfacet
  facet normal -0.296532 0.955023 0
    outer loop
      vertex 5.88942 124.959 73.5
      vertex 5.78958 124.928 77.5
      vertex 5.88942 124.959 77.5
    endloop
  endfacet
  facet normal -0.296532 0.955023 0
    outer loop
      vertex 5.78958 124.928 77.5
      vertex 5.88942 124.959 73.5
      vertex 5.78958 124.928 73.5
    endloop
  endfacet
  facet normal 0.382172 0.924091 -0
    outer loop
      vertex 9.30714 124.888 73.5
      vertex 9.21042 124.928 77.5
      vertex 9.30714 124.888 77.5
    endloop
  endfacet
  facet normal 0.382172 0.924091 0
    outer loop
      vertex 9.21042 124.928 77.5
      vertex 9.30714 124.888 73.5
      vertex 9.21042 124.928 73.5
    endloop
  endfacet
  facet normal 0.124282 0.992247 -0
    outer loop
      vertex 9.00838 124.982 73.5
      vertex 8.90459 124.995 77.5
      vertex 9.00838 124.982 77.5
    endloop
  endfacet
  facet normal 0.124282 0.992247 0
    outer loop
      vertex 8.90459 124.995 77.5
      vertex 9.00838 124.982 73.5
      vertex 8.90459 124.995 73.5
    endloop
  endfacet
  facet normal -0.99132 0.13147 2.25951e-19
    outer loop
      vertex 5.00457 123.905 73.5
      vertex 5.01823 124.008 77.5
      vertex 5.01823 124.008 73.5
    endloop
  endfacet
  facet normal -0.99132 0.13147 2.25951e-19
    outer loop
      vertex 5.01823 124.008 77.5
      vertex 5.00457 123.905 73.5
      vertex 5.00457 123.905 77.5
    endloop
  endfacet
  facet normal -0.976644 0.214862 4.41965e-19
    outer loop
      vertex 5.01823 124.008 73.5
      vertex 5.04089 124.111 77.5
      vertex 5.04089 124.111 73.5
    endloop
  endfacet
  facet normal -0.976644 0.214862 4.41965e-19
    outer loop
      vertex 5.04089 124.111 77.5
      vertex 5.01823 124.008 73.5
      vertex 5.01823 124.008 77.5
    endloop
  endfacet
  facet normal 0.296532 0.955023 -0
    outer loop
      vertex 9.21042 124.928 73.5
      vertex 9.11058 124.959 77.5
      vertex 9.21042 124.928 77.5
    endloop
  endfacet
  facet normal 0.296532 0.955023 0
    outer loop
      vertex 9.11058 124.959 77.5
      vertex 9.21042 124.928 73.5
      vertex 9.11058 124.959 73.5
    endloop
  endfacet
  facet normal -0.382172 0.924091 0
    outer loop
      vertex 5.78958 124.928 73.5
      vertex 5.69286 124.888 77.5
      vertex 5.78958 124.928 77.5
    endloop
  endfacet
  facet normal -0.382172 0.924091 0
    outer loop
      vertex 5.69286 124.888 77.5
      vertex 5.78958 124.928 73.5
      vertex 5.69286 124.888 73.5
    endloop
  endfacet
  facet normal 0.0477512 0.998859 -0
    outer loop
      vertex 8.90459 124.995 73.5
      vertex 8.8 125 77.5
      vertex 8.90459 124.995 77.5
    endloop
  endfacet
  facet normal 0.0477512 0.998859 0
    outer loop
      vertex 8.8 125 77.5
      vertex 8.90459 124.995 73.5
      vertex 8.8 125 73.5
    endloop
  endfacet
  facet normal 0 1 -0
    outer loop
      vertex 8.8 125 73.5
      vertex 6.2 125 77.5
      vertex 8.8 125 77.5
    endloop
  endfacet
  facet normal 0 1 0
    outer loop
      vertex 6.2 125 77.5
      vertex 8.8 125 73.5
      vertex 6.2 125 73.5
    endloop
  endfacet
  facet normal -0.887295 -0.461203 5.11757e-19
    outer loop
      vertex 5.16077 120.6 73.5
      vertex 5.11243 120.693 77.5
      vertex 5.11243 120.693 73.5
    endloop
  endfacet
  facet normal -0.887295 -0.461203 5.11757e-19
    outer loop
      vertex 5.11243 120.693 77.5
      vertex 5.16077 120.6 73.5
      vertex 5.16077 120.6 77.5
    endloop
  endfacet
  facet normal -0.671812 0.740721 0
    outer loop
      vertex 5.42865 124.719 73.5
      vertex 5.35147 124.649 77.5
      vertex 5.42865 124.719 77.5
    endloop
  endfacet
  facet normal -0.671812 0.740721 0
    outer loop
      vertex 5.35147 124.649 77.5
      vertex 5.42865 124.719 73.5
      vertex 5.35147 124.649 73.5
    endloop
  endfacet
  facet normal -0.842576 0.538578 6.90955e-19
    outer loop
      vertex 5.16077 124.4 73.5
      vertex 5.21702 124.488 77.5
      vertex 5.21702 124.488 73.5
    endloop
  endfacet
  facet normal -0.842576 0.538578 6.90955e-19
    outer loop
      vertex 5.21702 124.488 77.5
      vertex 5.16077 124.4 73.5
      vertex 5.16077 124.4 77.5
    endloop
  endfacet
  facet normal -0.610356 0.792127 0
    outer loop
      vertex 5.51171 124.783 73.5
      vertex 5.42865 124.719 77.5
      vertex 5.51171 124.783 77.5
    endloop
  endfacet
  facet normal -0.610356 0.792127 0
    outer loop
      vertex 5.42865 124.719 77.5
      vertex 5.51171 124.783 73.5
      vertex 5.42865 124.719 73.5
    endloop
  endfacet
  facet normal -0.924279 -0.381718 4.6473e-19
    outer loop
      vertex 5.11243 120.693 73.5
      vertex 5.07237 120.79 77.5
      vertex 5.07237 120.79 73.5
    endloop
  endfacet
  facet normal -0.924279 -0.381718 4.6473e-19
    outer loop
      vertex 5.07237 120.79 77.5
      vertex 5.11243 120.693 73.5
      vertex 5.11243 120.693 77.5
    endloop
  endfacet
  facet normal -0.535619 0.84446 0
    outer loop
      vertex 5.6 124.839 73.5
      vertex 5.51171 124.783 77.5
      vertex 5.6 124.839 77.5
    endloop
  endfacet
  facet normal -0.535619 0.84446 0
    outer loop
      vertex 5.51171 124.783 77.5
      vertex 5.6 124.839 73.5
      vertex 5.51171 124.783 73.5
    endloop
  endfacet
  facet normal -0.124282 0.992247 0
    outer loop
      vertex 6.09541 124.995 73.5
      vertex 5.99162 124.982 77.5
      vertex 6.09541 124.995 77.5
    endloop
  endfacet
  facet normal -0.124282 0.992247 0
    outer loop
      vertex 5.99162 124.982 77.5
      vertex 6.09541 124.995 73.5
      vertex 5.99162 124.982 73.5
    endloop
  endfacet
  facet normal -0.0477512 0.998859 0
    outer loop
      vertex 6.2 125 73.5
      vertex 6.09541 124.995 77.5
      vertex 6.2 125 77.5
    endloop
  endfacet
  facet normal -0.0477512 0.998859 0
    outer loop
      vertex 6.09541 124.995 77.5
      vertex 6.2 125 73.5
      vertex 6.09541 124.995 73.5
    endloop
  endfacet
  facet normal 0.219558 0.9756 -0
    outer loop
      vertex 9.11058 124.959 73.5
      vertex 9.00838 124.982 77.5
      vertex 9.11058 124.959 77.5
    endloop
  endfacet
  facet normal 0.219558 0.9756 0
    outer loop
      vertex 9.00838 124.982 77.5
      vertex 9.11058 124.959 73.5
      vertex 9.00838 124.982 73.5
    endloop
  endfacet
  facet normal 0 0 1
    outer loop
      vertex 9.4 124.839 77.5
      vertex 9.44709 124.796 77.5
      vertex 9.46301 124.799 77.5
    endloop
  endfacet
  facet normal 0 0 1
    outer loop
      vertex 8.94788 124.638 77.5
      vertex 9.4 124.839 77.5
      vertex 9.30714 124.888 77.5
    endloop
  endfacet
  facet normal 0 0 1
    outer loop
      vertex 8.94788 124.638 77.5
      vertex 9.30714 124.888 77.5
      vertex 9.21042 124.928 77.5
    endloop
  endfacet
  facet normal 0 0 1
    outer loop
      vertex 8.94788 124.638 77.5
      vertex 9.21042 124.928 77.5
      vertex 9.11058 124.959 77.5
    endloop
  endfacet
  facet normal 0 0 1
    outer loop
      vertex 8.94788 124.638 77.5
      vertex 9.11058 124.959 77.5
      vertex 9.00838 124.982 77.5
    endloop
  endfacet
  facet normal 0 0 1
    outer loop
      vertex 9.4 124.839 77.5
      vertex 8.94788 124.638 77.5
      vertex 9.44709 124.796 77.5
    endloop
  endfacet
  facet normal 0 0 1
    outer loop
      vertex 8.90459 124.995 77.5
      vertex 8.94788 124.638 77.5
      vertex 9.00838 124.982 77.5
    endloop
  endfacet
  facet normal 0 0 1
    outer loop
      vertex 8.8 125 77.5
      vertex 8.94788 124.638 77.5
      vertex 8.90459 124.995 77.5
    endloop
  endfacet
  facet normal 0 0 1
    outer loop
      vertex 8.8 125 77.5
      vertex 8.46429 124.438 77.5
      vertex 8.94788 124.638 77.5
    endloop
  endfacet
  facet normal 0 0 1
    outer loop
      vertex 8.8 125 77.5
      vertex 8 124.196 77.5
      vertex 8.46429 124.438 77.5
    endloop
  endfacet
  facet normal -0 0 1
    outer loop
      vertex 6.2 125 77.5
      vertex 8 124.196 77.5
      vertex 8.8 125 77.5
    endloop
  endfacet
  facet normal 0 0 1
    outer loop
      vertex 8 124.196 77.5
      vertex 6.2 125 77.5
      vertex 7.55854 123.915 77.5
    endloop
  endfacet
  facet normal 0 0 1
    outer loop
      vertex 7.55854 123.915 77.5
      vertex 6.2 125 77.5
      vertex 7.14327 123.596 77.5
    endloop
  endfacet
  facet normal 0 0 1
    outer loop
      vertex 6.2 125 77.5
      vertex 6.75736 123.243 77.5
      vertex 7.14327 123.596 77.5
    endloop
  endfacet
  facet normal -0 0 1
    outer loop
      vertex 6.09541 124.995 77.5
      vertex 6.75736 123.243 77.5
      vertex 6.2 125 77.5
    endloop
  endfacet
  facet normal -0 0 1
    outer loop
      vertex 5.99162 124.982 77.5
      vertex 6.75736 123.243 77.5
      vertex 6.09541 124.995 77.5
    endloop
  endfacet
  facet normal -0 0 1
    outer loop
      vertex 5.88942 124.959 77.5
      vertex 6.75736 123.243 77.5
      vertex 5.99162 124.982 77.5
    endloop
  endfacet
  facet normal -0 0 1
    outer loop
      vertex 5.78958 124.928 77.5
      vertex 6.75736 123.243 77.5
      vertex 5.88942 124.959 77.5
    endloop
  endfacet
  facet normal -0 0 1
    outer loop
      vertex 5.69286 124.888 77.5
      vertex 6.75736 123.243 77.5
      vertex 5.78958 124.928 77.5
    endloop
  endfacet
  facet normal 0 0 1
    outer loop
      vertex 6.40373 122.857 77.5
      vertex 5 123.8 77.5
      vertex 6.08509 122.441 77.5
    endloop
  endfacet
  facet normal -0 0 1
    outer loop
      vertex 5.6 124.839 77.5
      vertex 6.75736 123.243 77.5
      vertex 5.69286 124.888 77.5
    endloop
  endfacet
  facet normal -0 0 1
    outer loop
      vertex 5.51171 124.783 77.5
      vertex 6.75736 123.243 77.5
      vertex 5.6 124.839 77.5
    endloop
  endfacet
  facet normal -0 0 1
    outer loop
      vertex 5.42865 124.719 77.5
      vertex 6.75736 123.243 77.5
      vertex 5.51171 124.783 77.5
    endloop
  endfacet
  facet normal 0 0 1
    outer loop
      vertex 6.08509 122.441 77.5
      vertex 5 123.8 77.5
      vertex 5.80385 122 77.5
    endloop
  endfacet
  facet normal -0 0 1
    outer loop
      vertex 5.35147 124.649 77.5
      vertex 6.75736 123.243 77.5
      vertex 5.42865 124.719 77.5
    endloop
  endfacet
  facet normal -0 0 1
    outer loop
      vertex 5.28075 124.571 77.5
      vertex 6.75736 123.243 77.5
      vertex 5.35147 124.649 77.5
    endloop
  endfacet
  facet normal 0 0 1
    outer loop
      vertex 5 121.2 77.5
      vertex 5.80385 122 77.5
      vertex 5 123.8 77.5
    endloop
  endfacet
  facet normal -0 0 1
    outer loop
      vertex 5.21702 124.488 77.5
      vertex 6.75736 123.243 77.5
      vertex 5.28075 124.571 77.5
    endloop
  endfacet
  facet normal -0 0 1
    outer loop
      vertex 5.16077 124.4 77.5
      vertex 6.75736 123.243 77.5
      vertex 5.21702 124.488 77.5
    endloop
  endfacet
  facet normal -0 0 1
    outer loop
      vertex 5.11243 124.307 77.5
      vertex 6.75736 123.243 77.5
      vertex 5.16077 124.4 77.5
    endloop
  endfacet
  facet normal 0 0 1
    outer loop
      vertex 5.80385 122 77.5
      vertex 5 121.2 77.5
      vertex 5.56215 121.536 77.5
    endloop
  endfacet
  facet normal 0 0 1
    outer loop
      vertex 5.56215 121.536 77.5
      vertex 5 121.2 77.5
      vertex 5.36184 121.052 77.5
    endloop
  endfacet
  facet normal -0 0 1
    outer loop
      vertex 5.07237 124.21 77.5
      vertex 6.75736 123.243 77.5
      vertex 5.11243 124.307 77.5
    endloop
  endfacet
  facet normal -0 -0 1
    outer loop
      vertex 5.00457 121.095 77.5
      vertex 5.36184 121.052 77.5
      vertex 5 121.2 77.5
    endloop
  endfacet
  facet normal -0 0 1
    outer loop
      vertex 5.04089 124.111 77.5
      vertex 6.75736 123.243 77.5
      vertex 5.07237 124.21 77.5
    endloop
  endfacet
  facet normal 0 -0 1
    outer loop
      vertex 5.04089 120.889 77.5
      vertex 5.36184 121.052 77.5
      vertex 5.01823 120.992 77.5
    endloop
  endfacet
  facet normal -0 0 1
    outer loop
      vertex 5.01823 124.008 77.5
      vertex 6.75736 123.243 77.5
      vertex 5.04089 124.111 77.5
    endloop
  endfacet
  facet normal 0 0 1
    outer loop
      vertex 5.36184 121.052 77.5
      vertex 5.16077 120.6 77.5
      vertex 5.20444 120.553 77.5
    endloop
  endfacet
  facet normal -0 0 1
    outer loop
      vertex 5.00457 123.905 77.5
      vertex 6.75736 123.243 77.5
      vertex 5.01823 124.008 77.5
    endloop
  endfacet
  facet normal 0 0 1
    outer loop
      vertex 5.20444 120.553 77.5
      vertex 5.16077 120.6 77.5
      vertex 5.20091 120.537 77.5
    endloop
  endfacet
  facet normal -0 0 1
    outer loop
      vertex 5 123.8 77.5
      vertex 6.75736 123.243 77.5
      vertex 5.00457 123.905 77.5
    endloop
  endfacet
  facet normal 0 -0 1
    outer loop
      vertex 5.16077 120.6 77.5
      vertex 5.36184 121.052 77.5
      vertex 5.11243 120.693 77.5
    endloop
  endfacet
  facet normal 0 0 1
    outer loop
      vertex 6.75736 123.243 77.5
      vertex 5 123.8 77.5
      vertex 6.40373 122.857 77.5
    endloop
  endfacet
  facet normal 0 -0 1
    outer loop
      vertex 5.11243 120.693 77.5
      vertex 5.36184 121.052 77.5
      vertex 5.07237 120.79 77.5
    endloop
  endfacet
  facet normal 0 -0 1
    outer loop
      vertex 5.07237 120.79 77.5
      vertex 5.36184 121.052 77.5
      vertex 5.04089 120.889 77.5
    endloop
  endfacet
  facet normal 0 0 1
    outer loop
      vertex 5.36184 121.052 77.5
      vertex 5.00457 121.095 77.5
      vertex 5.01823 120.992 77.5
    endloop
  endfacet
  facet normal -0.952981 0.303029 1.05444e-19
    outer loop
      vertex 5.04089 124.111 73.5
      vertex 5.07237 124.21 77.5
      vertex 5.07237 124.21 73.5
    endloop
  endfacet
  facet normal -0.952981 0.303029 1.05444e-19
    outer loop
      vertex 5.07237 124.21 77.5
      vertex 5.04089 124.111 73.5
      vertex 5.04089 124.111 77.5
    endloop
  endfacet
  facet normal -0.924279 0.381718 -4.6473e-19
    outer loop
      vertex 5.07237 124.21 73.5
      vertex 5.11243 124.307 77.5
      vertex 5.11243 124.307 73.5
    endloop
  endfacet
  facet normal -0.924279 0.381718 -4.6473e-19
    outer loop
      vertex 5.11243 124.307 77.5
      vertex 5.07237 124.21 73.5
      vertex 5.07237 124.21 77.5
    endloop
  endfacet
  facet normal -1 0 0
    outer loop
      vertex 5 121.2 73.5
      vertex 5 123.8 77.5
      vertex 5 123.8 73.5
    endloop
  endfacet
  facet normal -1 -0 0
    outer loop
      vertex 5 123.8 77.5
      vertex 5 121.2 73.5
      vertex 5 121.2 77.5
    endloop
  endfacet
  facet normal -0.999054 -0.0434826 -2.05626e-20
    outer loop
      vertex 5.00457 121.095 73.5
      vertex 5 121.2 77.5
      vertex 5 121.2 73.5
    endloop
  endfacet
  facet normal -0.999054 -0.0434826 -2.05626e-20
    outer loop
      vertex 5 121.2 77.5
      vertex 5.00457 121.095 73.5
      vertex 5.00457 121.095 77.5
    endloop
  endfacet
  facet normal 0.466688 0.884422 -0
    outer loop
      vertex 9.4 124.839 73.5
      vertex 9.30714 124.888 77.5
      vertex 9.4 124.839 77.5
    endloop
  endfacet
  facet normal 0.466688 0.884422 0
    outer loop
      vertex 9.30714 124.888 77.5
      vertex 9.4 124.839 73.5
      vertex 9.30714 124.888 73.5
    endloop
  endfacet
  facet normal -0.843364 -0.537343 6.15182e-19
    outer loop
      vertex 5.20091 120.537 73.5
      vertex 5.16077 120.6 77.5
      vertex 5.16077 120.6 73.5
    endloop
  endfacet
  facet normal -0.843364 -0.537343 6.15182e-19
    outer loop
      vertex 5.16077 120.6 77.5
      vertex 5.20091 120.537 73.5
      vertex 5.20091 120.537 77.5
    endloop
  endfacet
  facet normal 0.535948 0.844251 -0
    outer loop
      vertex 9.46301 124.799 73.5
      vertex 9.4 124.839 77.5
      vertex 9.46301 124.799 77.5
    endloop
  endfacet
  facet normal 0.535948 0.844251 0
    outer loop
      vertex 9.4 124.839 77.5
      vertex 9.46301 124.799 73.5
      vertex 9.4 124.839 73.5
    endloop
  endfacet
  facet normal -0.740833 0.671689 -9.78874e-19
    outer loop
      vertex 5.28075 124.571 73.5
      vertex 5.35147 124.649 77.5
      vertex 5.35147 124.649 73.5
    endloop
  endfacet
  facet normal -0.740833 0.671689 -9.78874e-19
    outer loop
      vertex 5.35147 124.649 77.5
      vertex 5.28075 124.571 73.5
      vertex 5.28075 124.571 77.5
    endloop
  endfacet
  facet normal -0.99132 -0.13147 -2.25951e-19
    outer loop
      vertex 5.01823 120.992 73.5
      vertex 5.00457 121.095 77.5
      vertex 5.00457 121.095 73.5
    endloop
  endfacet
  facet normal -0.99132 -0.13147 -2.25951e-19
    outer loop
      vertex 5.00457 121.095 77.5
      vertex 5.01823 120.992 73.5
      vertex 5.01823 120.992 77.5
    endloop
  endfacet
  facet normal -0.976644 -0.214862 -4.41965e-19
    outer loop
      vertex 5.04089 120.889 73.5
      vertex 5.01823 120.992 77.5
      vertex 5.01823 120.992 73.5
    endloop
  endfacet
  facet normal -0.976644 -0.214862 -4.41965e-19
    outer loop
      vertex 5.01823 120.992 77.5
      vertex 5.04089 120.889 73.5
      vertex 5.04089 120.889 77.5
    endloop
  endfacet
  facet normal -0.0434826 -0.999054 0
    outer loop
      vertex 121.095 5.00457 73.5
      vertex 121.2 5 77.5
      vertex 121.095 5.00457 77.5
    endloop
  endfacet
  facet normal -0.0434826 -0.999054 -0
    outer loop
      vertex 121.2 5 77.5
      vertex 121.095 5.00457 73.5
      vertex 121.2 5 73.5
    endloop
  endfacet
  facet normal 0.992247 0.124282 1.36213e-19
    outer loop
      vertex 124.995 8.90459 77.5
      vertex 124.982 9.00838 73.5
      vertex 124.982 9.00838 77.5
    endloop
  endfacet
  facet normal 0.992247 0.124282 1.36213e-19
    outer loop
      vertex 124.982 9.00838 73.5
      vertex 124.995 8.90459 77.5
      vertex 124.995 8.90459 73.5
    endloop
  endfacet
  facet normal 0.998859 -0.0477512 9.77057e-20
    outer loop
      vertex 124.995 6.09541 77.5
      vertex 125 6.2 73.5
      vertex 125 6.2 77.5
    endloop
  endfacet
  facet normal 0.998859 -0.0477512 9.77057e-20
    outer loop
      vertex 125 6.2 73.5
      vertex 124.995 6.09541 77.5
      vertex 124.995 6.09541 73.5
    endloop
  endfacet
  facet normal 0.9756 0.219558 3.51594e-20
    outer loop
      vertex 124.982 9.00838 77.5
      vertex 124.959 9.11058 73.5
      vertex 124.959 9.11058 77.5
    endloop
  endfacet
  facet normal 0.9756 0.219558 3.51594e-20
    outer loop
      vertex 124.959 9.11058 73.5
      vertex 124.982 9.00838 77.5
      vertex 124.982 9.00838 73.5
    endloop
  endfacet
  facet normal 0.992247 -0.124282 -1.36213e-19
    outer loop
      vertex 124.982 5.99162 77.5
      vertex 124.995 6.09541 73.5
      vertex 124.995 6.09541 77.5
    endloop
  endfacet
  facet normal 0.992247 -0.124282 -1.36213e-19
    outer loop
      vertex 124.995 6.09541 73.5
      vertex 124.982 5.99162 77.5
      vertex 124.982 5.99162 73.5
    endloop
  endfacet
  facet normal 0.461203 -0.887295 0
    outer loop
      vertex 124.307 5.11243 73.5
      vertex 124.4 5.16077 77.5
      vertex 124.307 5.11243 77.5
    endloop
  endfacet
  facet normal 0.461203 -0.887295 0
    outer loop
      vertex 124.4 5.16077 77.5
      vertex 124.307 5.11243 73.5
      vertex 124.4 5.16077 73.5
    endloop
  endfacet
  facet normal 0.538578 -0.842576 0
    outer loop
      vertex 124.4 5.16077 73.5
      vertex 124.488 5.21702 77.5
      vertex 124.4 5.16077 77.5
    endloop
  endfacet
  facet normal 0.538578 -0.842576 0
    outer loop
      vertex 124.488 5.21702 77.5
      vertex 124.4 5.16077 73.5
      vertex 124.488 5.21702 73.5
    endloop
  endfacet
  facet normal 0 -1 0
    outer loop
      vertex 121.2 5 73.5
      vertex 123.8 5 77.5
      vertex 121.2 5 77.5
    endloop
  endfacet
  facet normal 0 -1 -0
    outer loop
      vertex 123.8 5 77.5
      vertex 121.2 5 73.5
      vertex 123.8 5 73.5
    endloop
  endfacet
  facet normal 0.303029 -0.952981 0
    outer loop
      vertex 124.111 5.04089 73.5
      vertex 124.21 5.07237 77.5
      vertex 124.111 5.04089 77.5
    endloop
  endfacet
  facet normal 0.303029 -0.952981 0
    outer loop
      vertex 124.21 5.07237 77.5
      vertex 124.111 5.04089 73.5
      vertex 124.21 5.07237 73.5
    endloop
  endfacet
  facet normal 1 -0 0
    outer loop
      vertex 125 6.2 77.5
      vertex 125 8.8 73.5
      vertex 125 8.8 77.5
    endloop
  endfacet
  facet normal 1 0 0
    outer loop
      vertex 125 8.8 73.5
      vertex 125 6.2 77.5
      vertex 125 6.2 73.5
    endloop
  endfacet
  facet normal -0.303029 -0.952981 0
    outer loop
      vertex 120.79 5.07237 73.5
      vertex 120.889 5.04089 77.5
      vertex 120.79 5.07237 77.5
    endloop
  endfacet
  facet normal -0.303029 -0.952981 -0
    outer loop
      vertex 120.889 5.04089 77.5
      vertex 120.79 5.07237 73.5
      vertex 120.889 5.04089 73.5
    endloop
  endfacet
  facet normal 0.740721 -0.671812 -9.3278e-19
    outer loop
      vertex 124.649 5.35147 77.5
      vertex 124.719 5.42865 73.5
      vertex 124.719 5.42865 77.5
    endloop
  endfacet
  facet normal 0.740721 -0.671812 -9.3278e-19
    outer loop
      vertex 124.719 5.42865 73.5
      vertex 124.649 5.35147 77.5
      vertex 124.649 5.35147 73.5
    endloop
  endfacet
  facet normal -0.13147 -0.99132 0
    outer loop
      vertex 120.992 5.01823 73.5
      vertex 121.095 5.00457 77.5
      vertex 120.992 5.01823 77.5
    endloop
  endfacet
  facet normal -0.13147 -0.99132 -0
    outer loop
      vertex 121.095 5.00457 77.5
      vertex 120.992 5.01823 73.5
      vertex 121.095 5.00457 73.5
    endloop
  endfacet
  facet normal 0.9756 -0.219558 -3.51594e-20
    outer loop
      vertex 124.959 5.88942 77.5
      vertex 124.982 5.99162 73.5
      vertex 124.982 5.99162 77.5
    endloop
  endfacet
  facet normal 0.9756 -0.219558 -3.51594e-20
    outer loop
      vertex 124.982 5.99162 73.5
      vertex 124.959 5.88942 77.5
      vertex 124.959 5.88942 73.5
    endloop
  endfacet
  facet normal 0.381718 -0.924279 0
    outer loop
      vertex 124.21 5.07237 73.5
      vertex 124.307 5.11243 77.5
      vertex 124.21 5.07237 77.5
    endloop
  endfacet
  facet normal 0.381718 -0.924279 0
    outer loop
      vertex 124.307 5.11243 77.5
      vertex 124.21 5.07237 73.5
      vertex 124.307 5.11243 73.5
    endloop
  endfacet
  facet normal 0.0434826 -0.999054 0
    outer loop
      vertex 123.8 5 73.5
      vertex 123.905 5.00457 77.5
      vertex 123.8 5 77.5
    endloop
  endfacet
  facet normal 0.0434826 -0.999054 0
    outer loop
      vertex 123.905 5.00457 77.5
      vertex 123.8 5 73.5
      vertex 123.905 5.00457 73.5
    endloop
  endfacet
  facet normal 0 0 1
    outer loop
      vertex 124.638 8.94788 77.5
      vertex 125 8.8 77.5
      vertex 124.995 8.90459 77.5
    endloop
  endfacet
  facet normal 0 0 1
    outer loop
      vertex 125 8.8 77.5
      vertex 124.196 8 77.5
      vertex 125 6.2 77.5
    endloop
  endfacet
  facet normal -0 0 1
    outer loop
      vertex 124.638 8.94788 77.5
      vertex 124.995 8.90459 77.5
      vertex 124.982 9.00838 77.5
    endloop
  endfacet
  facet normal 0 0 1
    outer loop
      vertex 125 8.8 77.5
      vertex 124.438 8.46429 77.5
      vertex 124.196 8 77.5
    endloop
  endfacet
  facet normal 0 0 1
    outer loop
      vertex 124.638 8.94788 77.5
      vertex 124.982 9.00838 77.5
      vertex 124.959 9.11058 77.5
    endloop
  endfacet
  facet normal -0 0 1
    outer loop
      vertex 123.915 7.55854 77.5
      vertex 125 6.2 77.5
      vertex 124.196 8 77.5
    endloop
  endfacet
  facet normal 0 0 1
    outer loop
      vertex 124.638 8.94788 77.5
      vertex 124.959 9.11058 77.5
      vertex 124.928 9.21042 77.5
    endloop
  endfacet
  facet normal -0 0 1
    outer loop
      vertex 123.596 7.14327 77.5
      vertex 125 6.2 77.5
      vertex 123.915 7.55854 77.5
    endloop
  endfacet
  facet normal 0 0 1
    outer loop
      vertex 124.638 8.94788 77.5
      vertex 124.928 9.21042 77.5
      vertex 124.888 9.30714 77.5
    endloop
  endfacet
  facet normal -0 0 1
    outer loop
      vertex 123.243 6.75736 77.5
      vertex 125 6.2 77.5
      vertex 123.596 7.14327 77.5
    endloop
  endfacet
  facet normal 0 0 1
    outer loop
      vertex 124.638 8.94788 77.5
      vertex 124.888 9.30714 77.5
      vertex 124.839 9.4 77.5
    endloop
  endfacet
  facet normal 0 0 1
    outer loop
      vertex 125 8.8 77.5
      vertex 124.638 8.94788 77.5
      vertex 124.438 8.46429 77.5
    endloop
  endfacet
  facet normal -0 0 1
    outer loop
      vertex 124.796 9.44709 77.5
      vertex 124.839 9.4 77.5
      vertex 124.799 9.46301 77.5
    endloop
  endfacet
  facet normal 0 0 1
    outer loop
      vertex 124.638 8.94788 77.5
      vertex 124.839 9.4 77.5
      vertex 124.796 9.44709 77.5
    endloop
  endfacet
  facet normal 0 0 1
    outer loop
      vertex 125 6.2 77.5
      vertex 123.243 6.75736 77.5
      vertex 124.995 6.09541 77.5
    endloop
  endfacet
  facet normal 0 0 1
    outer loop
      vertex 124.995 6.09541 77.5
      vertex 123.243 6.75736 77.5
      vertex 124.982 5.99162 77.5
    endloop
  endfacet
  facet normal 0 0 1
    outer loop
      vertex 124.982 5.99162 77.5
      vertex 123.243 6.75736 77.5
      vertex 124.959 5.88942 77.5
    endloop
  endfacet
  facet normal 0 0 1
    outer loop
      vertex 124.959 5.88942 77.5
      vertex 123.243 6.75736 77.5
      vertex 124.928 5.78958 77.5
    endloop
  endfacet
  facet normal 0 0 1
    outer loop
      vertex 124.928 5.78958 77.5
      vertex 123.243 6.75736 77.5
      vertex 124.888 5.69286 77.5
    endloop
  endfacet
  facet normal 0 0 1
    outer loop
      vertex 124.888 5.69286 77.5
      vertex 123.243 6.75736 77.5
      vertex 124.839 5.6 77.5
    endloop
  endfacet
  facet normal 0 0 1
    outer loop
      vertex 124.839 5.6 77.5
      vertex 123.243 6.75736 77.5
      vertex 124.783 5.51171 77.5
    endloop
  endfacet
  facet normal 0 0 1
    outer loop
      vertex 124.783 5.51171 77.5
      vertex 123.243 6.75736 77.5
      vertex 124.719 5.42865 77.5
    endloop
  endfacet
  facet normal 0 0 1
    outer loop
      vertex 124.719 5.42865 77.5
      vertex 123.243 6.75736 77.5
      vertex 124.649 5.35147 77.5
    endloop
  endfacet
  facet normal 0 0 1
    outer loop
      vertex 124.649 5.35147 77.5
      vertex 123.243 6.75736 77.5
      vertex 124.571 5.28075 77.5
    endloop
  endfacet
  facet normal 0 0 1
    outer loop
      vertex 124.571 5.28075 77.5
      vertex 123.243 6.75736 77.5
      vertex 124.488 5.21702 77.5
    endloop
  endfacet
  facet normal 0 0 1
    outer loop
      vertex 124.488 5.21702 77.5
      vertex 123.243 6.75736 77.5
      vertex 124.4 5.16077 77.5
    endloop
  endfacet
  facet normal 0 0 1
    outer loop
      vertex 124.4 5.16077 77.5
      vertex 123.243 6.75736 77.5
      vertex 124.307 5.11243 77.5
    endloop
  endfacet
  facet normal 0 0 1
    outer loop
      vertex 124.307 5.11243 77.5
      vertex 123.243 6.75736 77.5
      vertex 124.21 5.07237 77.5
    endloop
  endfacet
  facet normal 0 0 1
    outer loop
      vertex 124.21 5.07237 77.5
      vertex 123.243 6.75736 77.5
      vertex 124.111 5.04089 77.5
    endloop
  endfacet
  facet normal 0 0 1
    outer loop
      vertex 124.111 5.04089 77.5
      vertex 123.243 6.75736 77.5
      vertex 124.008 5.01823 77.5
    endloop
  endfacet
  facet normal 0 0 1
    outer loop
      vertex 124.008 5.01823 77.5
      vertex 123.243 6.75736 77.5
      vertex 123.905 5.00457 77.5
    endloop
  endfacet
  facet normal 0 0 1
    outer loop
      vertex 123.905 5.00457 77.5
      vertex 123.243 6.75736 77.5
      vertex 123.8 5 77.5
    endloop
  endfacet
  facet normal -0 0 1
    outer loop
      vertex 122.857 6.40373 77.5
      vertex 123.8 5 77.5
      vertex 123.243 6.75736 77.5
    endloop
  endfacet
  facet normal -0 0 1
    outer loop
      vertex 122.441 6.08509 77.5
      vertex 123.8 5 77.5
      vertex 122.857 6.40373 77.5
    endloop
  endfacet
  facet normal -0 0 1
    outer loop
      vertex 122 5.80385 77.5
      vertex 123.8 5 77.5
      vertex 122.441 6.08509 77.5
    endloop
  endfacet
  facet normal 0 0 1
    outer loop
      vertex 121.2 5 77.5
      vertex 122 5.80385 77.5
      vertex 121.536 5.56215 77.5
    endloop
  endfacet
  facet normal 0 0 1
    outer loop
      vertex 122 5.80385 77.5
      vertex 121.2 5 77.5
      vertex 123.8 5 77.5
    endloop
  endfacet
  facet normal -0 0 1
    outer loop
      vertex 121.052 5.36184 77.5
      vertex 121.2 5 77.5
      vertex 121.536 5.56215 77.5
    endloop
  endfacet
  facet normal 0 0 1
    outer loop
      vertex 121.2 5 77.5
      vertex 121.052 5.36184 77.5
      vertex 121.095 5.00457 77.5
    endloop
  endfacet
  facet normal 0 0 1
    outer loop
      vertex 121.052 5.36184 77.5
      vertex 120.992 5.01823 77.5
      vertex 121.095 5.00457 77.5
    endloop
  endfacet
  facet normal 0 0 1
    outer loop
      vertex 121.052 5.36184 77.5
      vertex 120.889 5.04089 77.5
      vertex 120.992 5.01823 77.5
    endloop
  endfacet
  facet normal 0 0 1
    outer loop
      vertex 121.052 5.36184 77.5
      vertex 120.79 5.07237 77.5
      vertex 120.889 5.04089 77.5
    endloop
  endfacet
  facet normal 0 0 1
    outer loop
      vertex 121.052 5.36184 77.5
      vertex 120.693 5.11243 77.5
      vertex 120.79 5.07237 77.5
    endloop
  endfacet
  facet normal 0 0 1
    outer loop
      vertex 121.052 5.36184 77.5
      vertex 120.6 5.16077 77.5
      vertex 120.693 5.11243 77.5
    endloop
  endfacet
  facet normal -0 0 1
    outer loop
      vertex 120.553 5.20444 77.5
      vertex 120.6 5.16077 77.5
      vertex 121.052 5.36184 77.5
    endloop
  endfacet
  facet normal 0 0 1
    outer loop
      vertex 120.6 5.16077 77.5
      vertex 120.553 5.20444 77.5
      vertex 120.537 5.20091 77.5
    endloop
  endfacet
  facet normal 0.955023 0.296532 2.51373e-20
    outer loop
      vertex 124.959 9.11058 77.5
      vertex 124.928 9.21042 73.5
      vertex 124.928 9.21042 77.5
    endloop
  endfacet
  facet normal 0.955023 0.296532 2.51373e-20
    outer loop
      vertex 124.928 9.21042 73.5
      vertex 124.959 9.11058 77.5
      vertex 124.959 9.11058 73.5
    endloop
  endfacet
  facet normal 0.609013 -0.79316 0
    outer loop
      vertex 124.488 5.21702 73.5
      vertex 124.571 5.28075 77.5
      vertex 124.488 5.21702 77.5
    endloop
  endfacet
  facet normal 0.609013 -0.79316 0
    outer loop
      vertex 124.571 5.28075 77.5
      vertex 124.488 5.21702 73.5
      vertex 124.571 5.28075 73.5
    endloop
  endfacet
  facet normal 0.998859 0.0477512 -9.77057e-20
    outer loop
      vertex 125 8.8 77.5
      vertex 124.995 8.90459 73.5
      vertex 124.995 8.90459 77.5
    endloop
  endfacet
  facet normal 0.998859 0.0477512 -9.77057e-20
    outer loop
      vertex 124.995 8.90459 73.5
      vertex 125 8.8 77.5
      vertex 125 8.8 73.5
    endloop
  endfacet
  facet normal 0.844251 0.535948 -6.41303e-19
    outer loop
      vertex 124.839 9.4 77.5
      vertex 124.799 9.46301 73.5
      vertex 124.799 9.46301 77.5
    endloop
  endfacet
  facet normal 0.844251 0.535948 -6.41303e-19
    outer loop
      vertex 124.799 9.46301 73.5
      vertex 124.839 9.4 77.5
      vertex 124.839 9.4 73.5
    endloop
  endfacet
  facet normal 0.924091 -0.382172 -3.51927e-19
    outer loop
      vertex 124.888 5.69286 77.5
      vertex 124.928 5.78958 73.5
      vertex 124.928 5.78958 77.5
    endloop
  endfacet
  facet normal 0.924091 -0.382172 -3.51927e-19
    outer loop
      vertex 124.928 5.78958 73.5
      vertex 124.888 5.69286 77.5
      vertex 124.888 5.69286 73.5
    endloop
  endfacet
  facet normal 0.955023 -0.296532 -5.00276e-20
    outer loop
      vertex 124.928 5.78958 77.5
      vertex 124.959 5.88942 73.5
      vertex 124.959 5.88942 77.5
    endloop
  endfacet
  facet normal 0.955023 -0.296532 -5.00276e-20
    outer loop
      vertex 124.959 5.88942 73.5
      vertex 124.928 5.78958 77.5
      vertex 124.928 5.78958 73.5
    endloop
  endfacet
  facet normal 0.13147 -0.99132 0
    outer loop
      vertex 123.905 5.00457 73.5
      vertex 124.008 5.01823 77.5
      vertex 123.905 5.00457 77.5
    endloop
  endfacet
  facet normal 0.13147 -0.99132 0
    outer loop
      vertex 124.008 5.01823 77.5
      vertex 123.905 5.00457 73.5
      vertex 124.008 5.01823 73.5
    endloop
  endfacet
  facet normal 0.84446 -0.535619 5.72468e-19
    outer loop
      vertex 124.783 5.51171 77.5
      vertex 124.839 5.6 73.5
      vertex 124.839 5.6 77.5
    endloop
  endfacet
  facet normal 0.84446 -0.535619 5.72468e-19
    outer loop
      vertex 124.839 5.6 73.5
      vertex 124.783 5.51171 77.5
      vertex 124.783 5.51171 73.5
    endloop
  endfacet
  facet normal -0.214862 -0.976644 0
    outer loop
      vertex 120.889 5.04089 73.5
      vertex 120.992 5.01823 77.5
      vertex 120.889 5.04089 77.5
    endloop
  endfacet
  facet normal -0.214862 -0.976644 -0
    outer loop
      vertex 120.992 5.01823 77.5
      vertex 120.889 5.04089 73.5
      vertex 120.992 5.01823 73.5
    endloop
  endfacet
  facet normal 0.792127 -0.610356 8.24995e-19
    outer loop
      vertex 124.719 5.42865 77.5
      vertex 124.783 5.51171 73.5
      vertex 124.783 5.51171 77.5
    endloop
  endfacet
  facet normal 0.792127 -0.610356 8.24995e-19
    outer loop
      vertex 124.783 5.51171 73.5
      vertex 124.719 5.42865 77.5
      vertex 124.719 5.42865 73.5
    endloop
  endfacet
  facet normal 0.214862 -0.976644 0
    outer loop
      vertex 124.008 5.01823 73.5
      vertex 124.111 5.04089 77.5
      vertex 124.008 5.01823 77.5
    endloop
  endfacet
  facet normal 0.214862 -0.976644 0
    outer loop
      vertex 124.111 5.04089 77.5
      vertex 124.008 5.01823 73.5
      vertex 124.111 5.04089 73.5
    endloop
  endfacet
  facet normal 0.884422 -0.466688 8.13836e-19
    outer loop
      vertex 124.839 5.6 77.5
      vertex 124.888 5.69286 73.5
      vertex 124.888 5.69286 77.5
    endloop
  endfacet
  facet normal 0.884422 -0.466688 8.13836e-19
    outer loop
      vertex 124.888 5.69286 73.5
      vertex 124.839 5.6 77.5
      vertex 124.839 5.6 73.5
    endloop
  endfacet
  facet normal -0.461203 -0.887295 0
    outer loop
      vertex 120.6 5.16077 73.5
      vertex 120.693 5.11243 77.5
      vertex 120.6 5.16077 77.5
    endloop
  endfacet
  facet normal -0.461203 -0.887295 -0
    outer loop
      vertex 120.693 5.11243 77.5
      vertex 120.6 5.16077 73.5
      vertex 120.693 5.11243 73.5
    endloop
  endfacet
  facet normal 0.924091 0.382172 4.34797e-19
    outer loop
      vertex 124.928 9.21042 77.5
      vertex 124.888 9.30714 73.5
      vertex 124.888 9.30714 77.5
    endloop
  endfacet
  facet normal 0.924091 0.382172 4.34797e-19
    outer loop
      vertex 124.888 9.30714 73.5
      vertex 124.928 9.21042 77.5
      vertex 124.928 9.21042 73.5
    endloop
  endfacet
  facet normal 0.884422 0.466688 -8.13836e-19
    outer loop
      vertex 124.888 9.30714 77.5
      vertex 124.839 9.4 73.5
      vertex 124.839 9.4 77.5
    endloop
  endfacet
  facet normal 0.884422 0.466688 -8.13836e-19
    outer loop
      vertex 124.839 9.4 73.5
      vertex 124.888 9.30714 77.5
      vertex 124.888 9.30714 73.5
    endloop
  endfacet
  facet normal 0.671689 -0.740833 0
    outer loop
      vertex 124.571 5.28075 73.5
      vertex 124.649 5.35147 77.5
      vertex 124.571 5.28075 77.5
    endloop
  endfacet
  facet normal 0.671689 -0.740833 0
    outer loop
      vertex 124.649 5.35147 77.5
      vertex 124.571 5.28075 73.5
      vertex 124.649 5.35147 73.5
    endloop
  endfacet
  facet normal -0.537343 -0.843364 0
    outer loop
      vertex 120.537 5.20091 73.5
      vertex 120.6 5.16077 77.5
      vertex 120.537 5.20091 77.5
    endloop
  endfacet
  facet normal -0.537343 -0.843364 -0
    outer loop
      vertex 120.6 5.16077 77.5
      vertex 120.537 5.20091 73.5
      vertex 120.6 5.16077 73.5
    endloop
  endfacet
  facet normal -0.381718 -0.924279 0
    outer loop
      vertex 120.693 5.11243 73.5
      vertex 120.79 5.07237 77.5
      vertex 120.693 5.11243 77.5
    endloop
  endfacet
  facet normal -0.381718 -0.924279 -0
    outer loop
      vertex 120.79 5.07237 77.5
      vertex 120.693 5.11243 73.5
      vertex 120.79 5.07237 73.5
    endloop
  endfacet
  facet normal -0.217934 0.975964 0
    outer loop
      vertex 120.992 124.982 73.5
      vertex 120.889 124.959 77.5
      vertex 120.992 124.982 77.5
    endloop
  endfacet
  facet normal -0.217934 0.975964 0
    outer loop
      vertex 120.889 124.959 77.5
      vertex 120.992 124.982 73.5
      vertex 120.889 124.959 73.5
    endloop
  endfacet
  facet normal 0.66791 0.744242 -0
    outer loop
      vertex 124.649 124.649 73.5
      vertex 124.571 124.719 77.5
      vertex 124.649 124.649 77.5
    endloop
  endfacet
  facet normal 0.66791 0.744242 0
    outer loop
      vertex 124.571 124.719 77.5
      vertex 124.649 124.649 73.5
      vertex 124.571 124.719 73.5
    endloop
  endfacet
  facet normal 0.992129 0.12522 2.56623e-19
    outer loop
      vertex 124.995 123.905 77.5
      vertex 124.982 124.008 73.5
      vertex 124.982 124.008 77.5
    endloop
  endfacet
  facet normal 0.992129 0.12522 2.56623e-19
    outer loop
      vertex 124.982 124.008 73.5
      vertex 124.995 123.905 77.5
      vertex 124.995 123.905 73.5
    endloop
  endfacet
  facet normal -0.466138 0.884712 0
    outer loop
      vertex 120.693 124.888 73.5
      vertex 120.6 124.839 77.5
      vertex 120.693 124.888 77.5
    endloop
  endfacet
  facet normal -0.466138 0.884712 0
    outer loop
      vertex 120.6 124.839 77.5
      vertex 120.693 124.888 73.5
      vertex 120.6 124.839 73.5
    endloop
  endfacet
  facet normal -0.298824 0.954308 0
    outer loop
      vertex 120.889 124.959 73.5
      vertex 120.79 124.928 77.5
      vertex 120.889 124.959 77.5
    endloop
  endfacet
  facet normal -0.298824 0.954308 0
    outer loop
      vertex 120.79 124.928 77.5
      vertex 120.889 124.959 73.5
      vertex 120.79 124.928 73.5
    endloop
  endfacet
  facet normal 0.975964 0.217934 -1.76404e-19
    outer loop
      vertex 124.982 124.008 77.5
      vertex 124.959 124.111 73.5
      vertex 124.959 124.111 77.5
    endloop
  endfacet
  facet normal 0.975964 0.217934 -1.76404e-19
    outer loop
      vertex 124.959 124.111 73.5
      vertex 124.982 124.008 77.5
      vertex 124.982 124.008 73.5
    endloop
  endfacet
  facet normal 0.992129 -0.12522 -2.56623e-19
    outer loop
      vertex 124.982 120.992 77.5
      vertex 124.995 121.095 73.5
      vertex 124.995 121.095 77.5
    endloop
  endfacet
  facet normal 0.992129 -0.12522 -2.56623e-19
    outer loop
      vertex 124.995 121.095 73.5
      vertex 124.982 120.992 77.5
      vertex 124.982 120.992 73.5
    endloop
  endfacet
  facet normal 0.381229 0.924481 -0
    outer loop
      vertex 124.307 124.888 73.5
      vertex 124.21 124.928 77.5
      vertex 124.307 124.888 77.5
    endloop
  endfacet
  facet normal 0.381229 0.924481 0
    outer loop
      vertex 124.21 124.928 77.5
      vertex 124.307 124.888 73.5
      vertex 124.21 124.928 73.5
    endloop
  endfacet
  facet normal 0.12522 0.992129 -0
    outer loop
      vertex 124.008 124.982 73.5
      vertex 123.905 124.995 77.5
      vertex 124.008 124.982 77.5
    endloop
  endfacet
  facet normal 0.12522 0.992129 0
    outer loop
      vertex 123.905 124.995 77.5
      vertex 124.008 124.982 73.5
      vertex 123.905 124.995 73.5
    endloop
  endfacet
  facet normal 0.298824 0.954308 -0
    outer loop
      vertex 124.21 124.928 73.5
      vertex 124.111 124.959 77.5
      vertex 124.21 124.928 77.5
    endloop
  endfacet
  facet normal 0.298824 0.954308 0
    outer loop
      vertex 124.111 124.959 77.5
      vertex 124.21 124.928 73.5
      vertex 124.111 124.959 73.5
    endloop
  endfacet
  facet normal -0.381229 0.924481 0
    outer loop
      vertex 120.79 124.928 73.5
      vertex 120.693 124.888 77.5
      vertex 120.79 124.928 77.5
    endloop
  endfacet
  facet normal -0.381229 0.924481 0
    outer loop
      vertex 120.693 124.888 77.5
      vertex 120.79 124.928 73.5
      vertex 120.693 124.888 73.5
    endloop
  endfacet
  facet normal 0.0475651 0.998868 -0
    outer loop
      vertex 123.905 124.995 73.5
      vertex 123.8 125 77.5
      vertex 123.905 124.995 77.5
    endloop
  endfacet
  facet normal 0.0475651 0.998868 0
    outer loop
      vertex 123.8 125 77.5
      vertex 123.905 124.995 73.5
      vertex 123.8 125 73.5
    endloop
  endfacet
  facet normal 0 1 -0
    outer loop
      vertex 123.8 125 73.5
      vertex 121.2 125 77.5
      vertex 123.8 125 77.5
    endloop
  endfacet
  facet normal 0 1 0
    outer loop
      vertex 121.2 125 77.5
      vertex 123.8 125 73.5
      vertex 121.2 125 73.5
    endloop
  endfacet
  facet normal 0.791914 0.610633 -1.47902e-19
    outer loop
      vertex 124.783 124.488 77.5
      vertex 124.719 124.571 73.5
      vertex 124.719 124.571 77.5
    endloop
  endfacet
  facet normal 0.791914 0.610633 -1.47902e-19
    outer loop
      vertex 124.719 124.571 73.5
      vertex 124.783 124.488 77.5
      vertex 124.783 124.488 73.5
    endloop
  endfacet
  facet normal 1 -0 0
    outer loop
      vertex 125 121.2 77.5
      vertex 125 123.8 73.5
      vertex 125 123.8 77.5
    endloop
  endfacet
  facet normal 1 0 0
    outer loop
      vertex 125 123.8 73.5
      vertex 125 121.2 77.5
      vertex 125 121.2 73.5
    endloop
  endfacet
  facet normal -0.536008 0.844213 0
    outer loop
      vertex 120.6 124.839 73.5
      vertex 120.537 124.799 77.5
      vertex 120.6 124.839 77.5
    endloop
  endfacet
  facet normal -0.536008 0.844213 0
    outer loop
      vertex 120.537 124.799 77.5
      vertex 120.6 124.839 73.5
      vertex 120.537 124.799 73.5
    endloop
  endfacet
  facet normal 0.975964 -0.217934 1.76404e-19
    outer loop
      vertex 124.959 120.889 77.5
      vertex 124.982 120.992 73.5
      vertex 124.982 120.992 77.5
    endloop
  endfacet
  facet normal 0.975964 -0.217934 1.76404e-19
    outer loop
      vertex 124.982 120.992 73.5
      vertex 124.959 120.889 77.5
      vertex 124.959 120.889 73.5
    endloop
  endfacet
  facet normal -0.12522 0.992129 0
    outer loop
      vertex 121.095 124.995 73.5
      vertex 120.992 124.982 77.5
      vertex 121.095 124.995 77.5
    endloop
  endfacet
  facet normal -0.12522 0.992129 0
    outer loop
      vertex 120.992 124.982 77.5
      vertex 121.095 124.995 73.5
      vertex 120.992 124.982 73.5
    endloop
  endfacet
  facet normal -0.0475651 0.998868 0
    outer loop
      vertex 121.2 125 73.5
      vertex 121.095 124.995 77.5
      vertex 121.2 125 77.5
    endloop
  endfacet
  facet normal -0.0475651 0.998868 0
    outer loop
      vertex 121.095 124.995 77.5
      vertex 121.2 125 73.5
      vertex 121.095 124.995 73.5
    endloop
  endfacet
  facet normal 0.744242 0.66791 7.79929e-19
    outer loop
      vertex 124.719 124.571 77.5
      vertex 124.649 124.649 73.5
      vertex 124.649 124.649 77.5
    endloop
  endfacet
  facet normal 0.744242 0.66791 7.79929e-19
    outer loop
      vertex 124.649 124.649 73.5
      vertex 124.719 124.571 77.5
      vertex 124.719 124.571 73.5
    endloop
  endfacet
  facet normal 0.217934 0.975964 -0
    outer loop
      vertex 124.111 124.959 73.5
      vertex 124.008 124.982 77.5
      vertex 124.111 124.959 77.5
    endloop
  endfacet
  facet normal 0.217934 0.975964 0
    outer loop
      vertex 124.008 124.982 77.5
      vertex 124.111 124.959 73.5
      vertex 124.008 124.982 73.5
    endloop
  endfacet
  facet normal 0 0 1
    outer loop
      vertex 123.243 123.243 77.5
      vertex 125 123.8 77.5
      vertex 124.995 123.905 77.5
    endloop
  endfacet
  facet normal 0 0 1
    outer loop
      vertex 125 123.8 77.5
      vertex 124.196 122 77.5
      vertex 125 121.2 77.5
    endloop
  endfacet
  facet normal 0 0 1
    outer loop
      vertex 123.243 123.243 77.5
      vertex 124.995 123.905 77.5
      vertex 124.982 124.008 77.5
    endloop
  endfacet
  facet normal -0 -0 1
    outer loop
      vertex 124.438 121.536 77.5
      vertex 125 121.2 77.5
      vertex 124.196 122 77.5
    endloop
  endfacet
  facet normal 0 0 1
    outer loop
      vertex 123.243 123.243 77.5
      vertex 124.982 124.008 77.5
      vertex 124.959 124.111 77.5
    endloop
  endfacet
  facet normal 0 0 1
    outer loop
      vertex 125 121.2 77.5
      vertex 124.638 121.052 77.5
      vertex 124.995 121.095 77.5
    endloop
  endfacet
  facet normal 0 0 1
    outer loop
      vertex 123.243 123.243 77.5
      vertex 124.959 124.111 77.5
      vertex 124.928 124.21 77.5
    endloop
  endfacet
  facet normal 0 0 1
    outer loop
      vertex 124.995 121.095 77.5
      vertex 124.638 121.052 77.5
      vertex 124.982 120.992 77.5
    endloop
  endfacet
  facet normal 0 0 1
    outer loop
      vertex 123.243 123.243 77.5
      vertex 124.928 124.21 77.5
      vertex 124.888 124.307 77.5
    endloop
  endfacet
  facet normal 0 0 1
    outer loop
      vertex 124.982 120.992 77.5
      vertex 124.638 121.052 77.5
      vertex 124.959 120.889 77.5
    endloop
  endfacet
  facet normal 0 0 1
    outer loop
      vertex 123.243 123.243 77.5
      vertex 124.888 124.307 77.5
      vertex 124.839 124.4 77.5
    endloop
  endfacet
  facet normal 0 0 1
    outer loop
      vertex 124.959 120.889 77.5
      vertex 124.638 121.052 77.5
      vertex 124.928 120.79 77.5
    endloop
  endfacet
  facet normal 0 0 1
    outer loop
      vertex 124.888 120.693 77.5
      vertex 124.638 121.052 77.5
      vertex 124.839 120.6 77.5
    endloop
  endfacet
  facet normal 0 0 1
    outer loop
      vertex 124.839 120.6 77.5
      vertex 124.796 120.553 77.5
      vertex 124.799 120.537 77.5
    endloop
  endfacet
  facet normal 0 0 1
    outer loop
      vertex 123.243 123.243 77.5
      vertex 124.839 124.4 77.5
      vertex 124.783 124.488 77.5
    endloop
  endfacet
  facet normal 0 0 1
    outer loop
      vertex 123.243 123.243 77.5
      vertex 124.783 124.488 77.5
      vertex 124.719 124.571 77.5
    endloop
  endfacet
  facet normal 0 0 1
    outer loop
      vertex 123.243 123.243 77.5
      vertex 124.719 124.571 77.5
      vertex 124.649 124.649 77.5
    endloop
  endfacet
  facet normal 0 0 1
    outer loop
      vertex 124.839 120.6 77.5
      vertex 124.638 121.052 77.5
      vertex 124.796 120.553 77.5
    endloop
  endfacet
  facet normal 0 0 1
    outer loop
      vertex 123.243 123.243 77.5
      vertex 124.649 124.649 77.5
      vertex 124.571 124.719 77.5
    endloop
  endfacet
  facet normal 0 0 1
    outer loop
      vertex 123.243 123.243 77.5
      vertex 124.571 124.719 77.5
      vertex 124.488 124.783 77.5
    endloop
  endfacet
  facet normal 0 0 1
    outer loop
      vertex 124.928 120.79 77.5
      vertex 124.638 121.052 77.5
      vertex 124.888 120.693 77.5
    endloop
  endfacet
  facet normal 0 0 1
    outer loop
      vertex 123.243 123.243 77.5
      vertex 124.488 124.783 77.5
      vertex 124.4 124.839 77.5
    endloop
  endfacet
  facet normal 0 0 1
    outer loop
      vertex 123.243 123.243 77.5
      vertex 124.4 124.839 77.5
      vertex 124.307 124.888 77.5
    endloop
  endfacet
  facet normal 0 0 1
    outer loop
      vertex 123.243 123.243 77.5
      vertex 124.307 124.888 77.5
      vertex 124.21 124.928 77.5
    endloop
  endfacet
  facet normal 0 -0 1
    outer loop
      vertex 124.638 121.052 77.5
      vertex 125 121.2 77.5
      vertex 124.438 121.536 77.5
    endloop
  endfacet
  facet normal 0 0 1
    outer loop
      vertex 123.243 123.243 77.5
      vertex 124.21 124.928 77.5
      vertex 124.111 124.959 77.5
    endloop
  endfacet
  facet normal 0 0 1
    outer loop
      vertex 123.243 123.243 77.5
      vertex 124.111 124.959 77.5
      vertex 124.008 124.982 77.5
    endloop
  endfacet
  facet normal 0 0 1
    outer loop
      vertex 125 123.8 77.5
      vertex 123.915 122.441 77.5
      vertex 124.196 122 77.5
    endloop
  endfacet
  facet normal 0 0 1
    outer loop
      vertex 123.243 123.243 77.5
      vertex 124.008 124.982 77.5
      vertex 123.905 124.995 77.5
    endloop
  endfacet
  facet normal 0 0 1
    outer loop
      vertex 123.243 123.243 77.5
      vertex 123.905 124.995 77.5
      vertex 123.8 125 77.5
    endloop
  endfacet
  facet normal 0 0 1
    outer loop
      vertex 125 123.8 77.5
      vertex 123.596 122.857 77.5
      vertex 123.915 122.441 77.5
    endloop
  endfacet
  facet normal 0 0 1
    outer loop
      vertex 125 123.8 77.5
      vertex 123.243 123.243 77.5
      vertex 123.596 122.857 77.5
    endloop
  endfacet
  facet normal 0 0 1
    outer loop
      vertex 123.8 125 77.5
      vertex 122.857 123.596 77.5
      vertex 123.243 123.243 77.5
    endloop
  endfacet
  facet normal 0 0 1
    outer loop
      vertex 123.8 125 77.5
      vertex 122.441 123.915 77.5
      vertex 122.857 123.596 77.5
    endloop
  endfacet
  facet normal 0 0 1
    outer loop
      vertex 123.8 125 77.5
      vertex 122 124.196 77.5
      vertex 122.441 123.915 77.5
    endloop
  endfacet
  facet normal -0 0 1
    outer loop
      vertex 121.2 125 77.5
      vertex 122 124.196 77.5
      vertex 123.8 125 77.5
    endloop
  endfacet
  facet normal 0 0 1
    outer loop
      vertex 122 124.196 77.5
      vertex 121.2 125 77.5
      vertex 121.536 124.438 77.5
    endloop
  endfacet
  facet normal 0 0 1
    outer loop
      vertex 121.052 124.638 77.5
      vertex 121.2 125 77.5
      vertex 121.095 124.995 77.5
    endloop
  endfacet
  facet normal 0 0 1
    outer loop
      vertex 121.2 125 77.5
      vertex 121.052 124.638 77.5
      vertex 121.536 124.438 77.5
    endloop
  endfacet
  facet normal -0 0 1
    outer loop
      vertex 120.992 124.982 77.5
      vertex 121.052 124.638 77.5
      vertex 121.095 124.995 77.5
    endloop
  endfacet
  facet normal -0 0 1
    outer loop
      vertex 120.889 124.959 77.5
      vertex 121.052 124.638 77.5
      vertex 120.992 124.982 77.5
    endloop
  endfacet
  facet normal -0 0 1
    outer loop
      vertex 120.79 124.928 77.5
      vertex 121.052 124.638 77.5
      vertex 120.889 124.959 77.5
    endloop
  endfacet
  facet normal -0 0 1
    outer loop
      vertex 120.693 124.888 77.5
      vertex 121.052 124.638 77.5
      vertex 120.79 124.928 77.5
    endloop
  endfacet
  facet normal -0 0 1
    outer loop
      vertex 120.6 124.839 77.5
      vertex 121.052 124.638 77.5
      vertex 120.693 124.888 77.5
    endloop
  endfacet
  facet normal 0 0 1
    outer loop
      vertex 120.6 124.839 77.5
      vertex 120.553 124.796 77.5
      vertex 121.052 124.638 77.5
    endloop
  endfacet
  facet normal 0 -0 1
    outer loop
      vertex 120.553 124.796 77.5
      vertex 120.6 124.839 77.5
      vertex 120.537 124.799 77.5
    endloop
  endfacet
  facet normal 0.954308 0.298824 3.95772e-19
    outer loop
      vertex 124.959 124.111 77.5
      vertex 124.928 124.21 73.5
      vertex 124.928 124.21 77.5
    endloop
  endfacet
  facet normal 0.954308 0.298824 3.95772e-19
    outer loop
      vertex 124.928 124.21 73.5
      vertex 124.959 124.111 77.5
      vertex 124.959 124.111 73.5
    endloop
  endfacet
  facet normal 0.998868 0.0475651 5.6521e-20
    outer loop
      vertex 125 123.8 77.5
      vertex 124.995 123.905 73.5
      vertex 124.995 123.905 77.5
    endloop
  endfacet
  facet normal 0.998868 0.0475651 5.6521e-20
    outer loop
      vertex 124.995 123.905 73.5
      vertex 125 123.8 77.5
      vertex 125 123.8 73.5
    endloop
  endfacet
  facet normal 0.843661 0.536875 -5.11966e-19
    outer loop
      vertex 124.839 124.4 77.5
      vertex 124.783 124.488 73.5
      vertex 124.783 124.488 77.5
    endloop
  endfacet
  facet normal 0.843661 0.536875 -5.11966e-19
    outer loop
      vertex 124.783 124.488 73.5
      vertex 124.839 124.4 77.5
      vertex 124.839 124.4 73.5
    endloop
  endfacet
  facet normal 0.924481 -0.381229 -4.93681e-19
    outer loop
      vertex 124.888 120.693 77.5
      vertex 124.928 120.79 73.5
      vertex 124.928 120.79 77.5
    endloop
  endfacet
  facet normal 0.924481 -0.381229 -4.93681e-19
    outer loop
      vertex 124.928 120.79 73.5
      vertex 124.888 120.693 77.5
      vertex 124.888 120.693 73.5
    endloop
  endfacet
  facet normal 0.954308 -0.298824 -3.95772e-19
    outer loop
      vertex 124.928 120.79 77.5
      vertex 124.959 120.889 73.5
      vertex 124.959 120.889 77.5
    endloop
  endfacet
  facet normal 0.954308 -0.298824 -3.95772e-19
    outer loop
      vertex 124.959 120.889 73.5
      vertex 124.928 120.79 77.5
      vertex 124.928 120.79 73.5
    endloop
  endfacet
  facet normal 0.466138 0.884712 -0
    outer loop
      vertex 124.4 124.839 73.5
      vertex 124.307 124.888 77.5
      vertex 124.4 124.839 77.5
    endloop
  endfacet
  facet normal 0.466138 0.884712 0
    outer loop
      vertex 124.307 124.888 77.5
      vertex 124.4 124.839 73.5
      vertex 124.307 124.888 73.5
    endloop
  endfacet
  facet normal 0.536875 0.843661 -0
    outer loop
      vertex 124.488 124.783 73.5
      vertex 124.4 124.839 77.5
      vertex 124.488 124.783 77.5
    endloop
  endfacet
  facet normal 0.536875 0.843661 0
    outer loop
      vertex 124.4 124.839 77.5
      vertex 124.488 124.783 73.5
      vertex 124.4 124.839 73.5
    endloop
  endfacet
  facet normal 0.998868 -0.0475651 -5.6521e-20
    outer loop
      vertex 124.995 121.095 77.5
      vertex 125 121.2 73.5
      vertex 125 121.2 77.5
    endloop
  endfacet
  facet normal 0.998868 -0.0475651 -5.6521e-20
    outer loop
      vertex 125 121.2 73.5
      vertex 124.995 121.095 77.5
      vertex 124.995 121.095 73.5
    endloop
  endfacet
  facet normal 0.844213 -0.536008 2.6872e-19
    outer loop
      vertex 124.799 120.537 77.5
      vertex 124.839 120.6 73.5
      vertex 124.839 120.6 77.5
    endloop
  endfacet
  facet normal 0.844213 -0.536008 2.6872e-19
    outer loop
      vertex 124.839 120.6 73.5
      vertex 124.799 120.537 77.5
      vertex 124.799 120.537 73.5
    endloop
  endfacet
  facet normal 0.884712 -0.466138 -4.73687e-19
    outer loop
      vertex 124.839 120.6 77.5
      vertex 124.888 120.693 73.5
      vertex 124.888 120.693 77.5
    endloop
  endfacet
  facet normal 0.884712 -0.466138 -4.73687e-19
    outer loop
      vertex 124.888 120.693 73.5
      vertex 124.839 120.6 77.5
      vertex 124.839 120.6 73.5
    endloop
  endfacet
  facet normal 0.610633 0.791914 -0
    outer loop
      vertex 124.571 124.719 73.5
      vertex 124.488 124.783 77.5
      vertex 124.571 124.719 77.5
    endloop
  endfacet
  facet normal 0.610633 0.791914 0
    outer loop
      vertex 124.488 124.783 77.5
      vertex 124.571 124.719 73.5
      vertex 124.488 124.783 73.5
    endloop
  endfacet
  facet normal 0.924481 0.381229 4.93681e-19
    outer loop
      vertex 124.928 124.21 77.5
      vertex 124.888 124.307 73.5
      vertex 124.888 124.307 77.5
    endloop
  endfacet
  facet normal 0.924481 0.381229 4.93681e-19
    outer loop
      vertex 124.888 124.307 73.5
      vertex 124.928 124.21 77.5
      vertex 124.928 124.21 73.5
    endloop
  endfacet
  facet normal 0.884712 0.466138 4.73687e-19
    outer loop
      vertex 124.888 124.307 77.5
      vertex 124.839 124.4 73.5
      vertex 124.839 124.4 77.5
    endloop
  endfacet
  facet normal 0.884712 0.466138 4.73687e-19
    outer loop
      vertex 124.839 124.4 73.5
      vertex 124.888 124.307 77.5
      vertex 124.888 124.307 73.5
    endloop
  endfacet
  facet normal 1 -0 0
    outer loop
      vertex 128.5 1.5 50
      vertex 128.5 128.5 0
      vertex 128.5 128.5 50
    endloop
  endfacet
  facet normal 1 0 0
    outer loop
      vertex 128.5 128.5 0
      vertex 128.5 1.5 50
      vertex 128.5 1.5 0
    endloop
  endfacet
  facet normal 0 0 1
    outer loop
      vertex 128.5 128.5 50
      vertex 115 115 50
      vertex 128.5 1.5 50
    endloop
  endfacet
  facet normal 0 0 1
    outer loop
      vertex 128.5 128.5 50
      vertex 15 115 50
      vertex 115 115 50
    endloop
  endfacet
  facet normal 0 0 1
    outer loop
      vertex 15 115 50
      vertex 1.5 128.5 50
      vertex 15 15 50
    endloop
  endfacet
  facet normal -0 0 1
    outer loop
      vertex 1.5 128.5 50
      vertex 15 115 50
      vertex 128.5 128.5 50
    endloop
  endfacet
  facet normal -0 0 1
    outer loop
      vertex 115 15 50
      vertex 128.5 1.5 50
      vertex 115 115 50
    endloop
  endfacet
  facet normal -0 0 1
    outer loop
      vertex 15 15 50
      vertex 128.5 1.5 50
      vertex 115 15 50
    endloop
  endfacet
  facet normal 0 0 1
    outer loop
      vertex 15 15 50
      vertex 1.5 1.5 50
      vertex 128.5 1.5 50
    endloop
  endfacet
  facet normal 0 0 1
    outer loop
      vertex 1.5 1.5 50
      vertex 15 15 50
      vertex 1.5 128.5 50
    endloop
  endfacet
  facet normal 0 0 -1
    outer loop
      vertex 1.5 1.5 0
      vertex 128.5 128.5 0
      vertex 128.5 1.5 0
    endloop
  endfacet
  facet normal -0 0 -1
    outer loop
      vertex 128.5 128.5 0
      vertex 1.5 1.5 0
      vertex 1.5 128.5 0
    endloop
  endfacet
  facet normal -1 0 0
    outer loop
      vertex 1.5 1.5 0
      vertex 1.5 128.5 50
      vertex 1.5 128.5 0
    endloop
  endfacet
  facet normal -1 -0 0
    outer loop
      vertex 1.5 128.5 50
      vertex 1.5 1.5 0
      vertex 1.5 1.5 50
    endloop
  endfacet
  facet normal 0 1 -0
    outer loop
      vertex 128.5 128.5 0
      vertex 1.5 128.5 50
      vertex 128.5 128.5 50
    endloop
  endfacet
  facet normal 0 1 0
    outer loop
      vertex 1.5 128.5 50
      vertex 128.5 128.5 0
      vertex 1.5 128.5 0
    endloop
  endfacet
  facet normal 0 -1 0
    outer loop
      vertex 1.5 1.5 0
      vertex 128.5 1.5 50
      vertex 1.5 1.5 50
    endloop
  endfacet
  facet normal 0 -1 -0
    outer loop
      vertex 128.5 1.5 50
      vertex 1.5 1.5 0
      vertex 128.5 1.5 0
    endloop
  endfacet
  facet normal 1 -0 0
    outer loop
      vertex 115 15 68
      vertex 115 115 50
      vertex 115 115 68
    endloop
  endfacet
  facet normal 1 0 0
    outer loop
      vertex 115 115 50
      vertex 115 15 68
      vertex 115 15 50
    endloop
  endfacet
  facet normal -0 0 1
    outer loop
      vertex 15 115 68
      vertex 115 15 68
      vertex 115 115 68
    endloop
  endfacet
  facet normal 0 0 1
    outer loop
      vertex 115 15 68
      vertex 15 115 68
      vertex 15 15 68
    endloop
  endfacet
  facet normal -1 0 0
    outer loop
      vertex 15 15 50
      vertex 15 115 68
      vertex 15 115 50
    endloop
  endfacet
  facet normal -1 -0 0
    outer loop
      vertex 15 115 68
      vertex 15 15 50
      vertex 15 15 68
    endloop
  endfacet
  facet normal 0 1 -0
    outer loop
      vertex 115 115 50
      vertex 15 115 68
      vertex 115 115 68
    endloop
  endfacet
  facet normal 0 1 0
    outer loop
      vertex 15 115 68
      vertex 115 115 50
      vertex 15 115 50
    endloop
  endfacet
  facet normal 0 -1 0
    outer loop
      vertex 15 15 50
      vertex 115 15 68
      vertex 15 15 68
    endloop
  endfacet
  facet normal 0 -1 -0
    outer loop
      vertex 115 15 68
      vertex 15 15 50
      vertex 115 15 50
    endloop
  endfacet
endsolid OpenSCAD_Model
