solid OpenSCAD_Model
  facet normal 0 0 -1
    outer loop
      vertex 0.5358983848622456 2 0
      vertex 0.37476885185340025 2.309526953037202 0
      vertex 0.2412295168563663 2.6319194266973254 0
    endloop
  endfacet
  facet normal 0 0 -1
    outer loop
      vertex 1.1715728752538097 1.1715728752538097 0
      vertex 0.2412295168563663 2.6319194266973254 0
      vertex 0 4 0
    endloop
  endfacet
  facet normal 0 0 -1
    outer loop
      vertex 1.1715728752538097 1.1715728752538097 0
      vertex 0.7233918228440328 1.7056942545958158 0
      vertex 0.5358983848622456 2 0
    endloop
  endfacet
  facet normal 0 0 -1
    outer loop
      vertex 1.1715728752538097 1.1715728752538097 0
      vertex 0.5358983848622456 2 0
      vertex 0.2412295168563663 2.6319194266973254 0
    endloop
  endfacet
  facet normal 0 0 -1
    outer loop
      vertex 1.1715728752538097 1.1715728752538097 0
      vertex 0.935822227524088 1.428849561253843 0
      vertex 0.7233918228440328 1.7056942545958158 0
    endloop
  endfacet
  facet normal 0 0 -1
    outer loop
      vertex 1.7056942545958158 0.7233918228440328 0
      vertex 1.428849561253843 0.935822227524088 0
      vertex 1.1715728752538097 1.1715728752538097 0
    endloop
  endfacet
  facet normal 0 0 -1
    outer loop
      vertex 2.309526953037202 0.37476885185340025 0
      vertex 1.7056942545958158 0.7233918228440328 0
      vertex 1.1715728752538097 1.1715728752538097 0
    endloop
  endfacet
  facet normal 0 0 -1
    outer loop
      vertex 2.309526953037202 0.37476885185340025 0
      vertex 2 0.5358983848622456 0
      vertex 1.7056942545958158 0.7233918228440328 0
    endloop
  endfacet
  facet normal 0 0 -1
    outer loop
      vertex 2.309526953037202 0.37476885185340025 0
      vertex 1.1715728752538097 1.1715728752538097 0
      vertex 2.6319194266973254 0.2412295168563663 0
    endloop
  endfacet
  facet normal 0 0 -1
    outer loop
      vertex 4 0 0
      vertex 1.1715728752538097 1.1715728752538097 0
      vertex 0 4 0
    endloop
  endfacet
  facet normal 0 0 -1
    outer loop
      vertex 0.2412295168563663 2.6319194266973254 0
      vertex 0.13629669484372675 2.964723819589917 0
      vertex 0.06076898795116792 3.305407289332279 0
    endloop
  endfacet
  facet normal 0 0 -1
    outer loop
      vertex 0.2412295168563663 2.6319194266973254 0
      vertex 0.06076898795116792 3.305407289332279 0
      vertex 0 4 0
    endloop
  endfacet
  facet normal 0 0 -1
    outer loop
      vertex 0.06076898795116792 3.305407289332279 0
      vertex 0.01522120763301782 3.6513770290093674 0
      vertex 0 4 0
    endloop
  endfacet
  facet normal 0 0 -1
    outer loop
      vertex 0 4 0
      vertex 3.181346652052679 5.95 0
      vertex 3.279780706993117 5.795489483662803 0
    endloop
  endfacet
  facet normal 0 0 -1
    outer loop
      vertex 0 4 0
      vertex 3.6501460196582673 5.391306669450146 0
      vertex 3.795489483662803 5.279780706993117 0
    endloop
  endfacet
  facet normal 0 0 -1
    outer loop
      vertex 0 4 0
      vertex 3.391306669450146 5.650146019658267 0
      vertex 3.51507575950825 5.51507575950825 0
    endloop
  endfacet
  facet normal 0 0 -1
    outer loop
      vertex 0 4 0
      vertex 3.279780706993117 5.795489483662803 0
      vertex 3.391306669450146 5.650146019658267 0
    endloop
  endfacet
  facet normal 0 0 -1
    outer loop
      vertex 0 4 0
      vertex 3.51507575950825 5.51507575950825 0
      vertex 3.6501460196582673 5.391306669450146 0
    endloop
  endfacet
  facet normal 0 0 -1
    outer loop
      vertex 2.6319194266973254 0.2412295168563663 0
      vertex 1.1715728752538097 1.1715728752538097 0
      vertex 4 0 0
    endloop
  endfacet
  facet normal 0 0 -1
    outer loop
      vertex 2.964723819589917 0.13629669484372675 0
      vertex 2.6319194266973254 0.2412295168563663 0
      vertex 3.305407289332279 0.06076898795116792 0
    endloop
  endfacet
  facet normal 0 0 -1
    outer loop
      vertex 3.305407289332279 0.06076898795116792 0
      vertex 2.6319194266973254 0.2412295168563663 0
      vertex 4 0 0
    endloop
  endfacet
  facet normal 0 0 -1
    outer loop
      vertex 3.305407289332279 0.06076898795116792 0
      vertex 4 0 0
      vertex 3.6513770290093674 0.01522120763301782 0
    endloop
  endfacet
  facet normal 0 0 -1
    outer loop
      vertex 4 0 0
      vertex 0 4 0
      vertex 10 0 0
    endloop
  endfacet
  facet normal 0 0 -1
    outer loop
      vertex 0 4 0
      vertex 3.795489483662803 5.279780706993117 0
      vertex 3.95 5.181346652052679 0
    endloop
  endfacet
  facet normal 0 0 -1
    outer loop
      vertex 0 4 0
      vertex 4.112501650344531 5.096753647223035 0
      vertex 4.2817576990160955 5.026645496349592 0
    endloop
  endfacet
  facet normal 0 0 -1
    outer loop
      vertex 0 4 0
      vertex 3.95 5.181346652052679 0
      vertex 4.112501650344531 5.096753647223035 0
    endloop
  endfacet
  facet normal 0 0 -1
    outer loop
      vertex 0 4 0
      vertex 4.2817576990160955 5.026645496349592 0
      vertex 4.456480005284707 4.9715557647929565 0
    endloop
  endfacet
  facet normal 0 0 -1
    outer loop
      vertex 0 4 0
      vertex 4.456480005284707 4.9715557647929565 0
      vertex 4.635338826899447 4.931903718674363 0
    endloop
  endfacet
  facet normal 0 0 -1
    outer loop
      vertex 0 4 0
      vertex 4.635338826899447 4.931903718674363 0
      vertex 10 0 0
    endloop
  endfacet
  facet normal 0 0 -1
    outer loop
      vertex 0 4 0
      vertex 3.096753647223035 6.112501650344531 0
      vertex 3.181346652052679 5.95 0
    endloop
  endfacet
  facet normal 0 0 -1
    outer loop
      vertex 0 4 0
      vertex 3.026645496349592 6.2817576990160955 0
      vertex 3.096753647223035 6.112501650344531 0
    endloop
  endfacet
  facet normal 0 0 -1
    outer loop
      vertex 0 4 0
      vertex 2.9715557647929565 6.456480005284707 0
      vertex 3.026645496349592 6.2817576990160955 0
    endloop
  endfacet
  facet normal 0 0 -1
    outer loop
      vertex 0 4 0
      vertex 2.9319037186743633 6.635338826899447 0
      vertex 2.9715557647929565 6.456480005284707 0
    endloop
  endfacet
  facet normal 0 0 -1
    outer loop
      vertex 0 4 0
      vertex 2.907991134007334 6.816972940229918 0
      vertex 2.9319037186743633 6.635338826899447 0
    endloop
  endfacet
  facet normal 0 0 -1
    outer loop
      vertex 0 4 0
      vertex 2.9 7 0
      vertex 2.907991134007334 6.816972940229918 0
    endloop
  endfacet
  facet normal 0 0 -1
    outer loop
      vertex 0 4 0
      vertex 2.907991134007334 7.183027059770082 0
      vertex 2.9 7 0
    endloop
  endfacet
  facet normal 0 0 -1
    outer loop
      vertex 0 4 0
      vertex 2.9319037186743633 7.364661173100553 0
      vertex 2.907991134007334 7.183027059770082 0
    endloop
  endfacet
  facet normal 0 0 -1
    outer loop
      vertex 0 4 0
      vertex 0 10 0
      vertex 0.2412295168563663 11.368080573302676 0
    endloop
  endfacet
  facet normal 0 0 -1
    outer loop
      vertex 0 10 0
      vertex 0.01522120763301782 10.348622970990633 0
      vertex 0.06076898795116792 10.694592710667722 0
    endloop
  endfacet
  facet normal 0 0 -1
    outer loop
      vertex 0 4 0
      vertex 4 14 0
      vertex 2.9319037186743633 7.364661173100553 0
    endloop
  endfacet
  facet normal 0 0 -1
    outer loop
      vertex 0 4 0
      vertex 0.2412295168563663 11.368080573302676 0
      vertex 4 14 0
    endloop
  endfacet
  facet normal 0 0 -1
    outer loop
      vertex 4 14 0
      vertex 2.9715557647929565 7.543519994715293 0
      vertex 2.9319037186743633 7.364661173100553 0
    endloop
  endfacet
  facet normal 0 0 -1
    outer loop
      vertex 4 14 0
      vertex 3.026645496349592 7.7182423009839045 0
      vertex 2.9715557647929565 7.543519994715293 0
    endloop
  endfacet
  facet normal 0 0 -1
    outer loop
      vertex 4 14 0
      vertex 3.096753647223035 7.887498349655469 0
      vertex 3.026645496349592 7.7182423009839045 0
    endloop
  endfacet
  facet normal 0 0 -1
    outer loop
      vertex 4 14 0
      vertex 3.181346652052679 8.05 0
      vertex 3.096753647223035 7.887498349655469 0
    endloop
  endfacet
  facet normal 0 0 -1
    outer loop
      vertex 4 14 0
      vertex 3.279780706993117 8.204510516337196 0
      vertex 3.181346652052679 8.05 0
    endloop
  endfacet
  facet normal 0 0 -1
    outer loop
      vertex 4 14 0
      vertex 3.391306669450146 8.349853980341733 0
      vertex 3.279780706993117 8.204510516337196 0
    endloop
  endfacet
  facet normal 0 0 -1
    outer loop
      vertex 4 14 0
      vertex 3.51507575950825 8.48492424049175 0
      vertex 3.391306669450146 8.349853980341733 0
    endloop
  endfacet
  facet normal 0 0 -1
    outer loop
      vertex 4 14 0
      vertex 3.6501460196582673 8.608693330549855 0
      vertex 3.51507575950825 8.48492424049175 0
    endloop
  endfacet
  facet normal 0 0 -1
    outer loop
      vertex 4 14 0
      vertex 3.795489483662803 8.720219293006883 0
      vertex 3.6501460196582673 8.608693330549855 0
    endloop
  endfacet
  facet normal 0 0 -1
    outer loop
      vertex 10 0 0
      vertex 4.635338826899447 4.931903718674363 0
      vertex 4.816972940229918 4.907991134007334 0
    endloop
  endfacet
  facet normal 0 0 -1
    outer loop
      vertex 10 0 0
      vertex 4.816972940229918 4.907991134007334 0
      vertex 5 4.9 0
    endloop
  endfacet
  facet normal 0 0 -1
    outer loop
      vertex 10 0 0
      vertex 5 4.9 0
      vertex 5.183027059770082 4.907991134007334 0
    endloop
  endfacet
  facet normal 0 0 -1
    outer loop
      vertex 10 0 0
      vertex 5.183027059770082 4.907991134007334 0
      vertex 5.364661173100553 4.931903718674363 0
    endloop
  endfacet
  facet normal 0 0 -1
    outer loop
      vertex 10 0 0
      vertex 5.364661173100553 4.931903718674363 0
      vertex 5.543519994715293 4.9715557647929565 0
    endloop
  endfacet
  facet normal 0 0 -1
    outer loop
      vertex 10 0 0
      vertex 5.543519994715293 4.9715557647929565 0
      vertex 5.7182423009839045 5.026645496349592 0
    endloop
  endfacet
  facet normal 0 0 -1
    outer loop
      vertex 10 0 0
      vertex 5.7182423009839045 5.026645496349592 0
      vertex 5.887498349655469 5.096753647223035 0
    endloop
  endfacet
  facet normal 0 0 -1
    outer loop
      vertex 10 0 0
      vertex 5.887498349655469 5.096753647223035 0
      vertex 6.05 5.181346652052679 0
    endloop
  endfacet
  facet normal 0 0 -1
    outer loop
      vertex 10 0 0
      vertex 6.05 5.181346652052679 0
      vertex 6.204510516337197 5.279780706993117 0
    endloop
  endfacet
  facet normal 0 0 -1
    outer loop
      vertex 10 0 0
      vertex 6.204510516337197 5.279780706993117 0
      vertex 6.349853980341733 5.391306669450146 0
    endloop
  endfacet
  facet normal 0 0 -1
    outer loop
      vertex 10 0 0
      vertex 6.349853980341733 5.391306669450146 0
      vertex 6.48492424049175 5.51507575950825 0
    endloop
  endfacet
  facet normal 0 0 -1
    outer loop
      vertex 10 0 0
      vertex 6.48492424049175 5.51507575950825 0
      vertex 6.608693330549854 5.650146019658267 0
    endloop
  endfacet
  facet normal 0 0 -1
    outer loop
      vertex 10 0 0
      vertex 6.608693330549854 5.650146019658267 0
      vertex 6.720219293006883 5.795489483662803 0
    endloop
  endfacet
  facet normal 0 0 -1
    outer loop
      vertex 10 0 0
      vertex 6.720219293006883 5.795489483662803 0
      vertex 6.818653347947321 5.95 0
    endloop
  endfacet
  facet normal 0 0 -1
    outer loop
      vertex 10 0 0
      vertex 6.818653347947321 5.95 0
      vertex 6.903246352776965 6.112501650344531 0
    endloop
  endfacet
  facet normal 0 0 -1
    outer loop
      vertex 10 0 0
      vertex 6.903246352776965 6.112501650344531 0
      vertex 6.973354503650408 6.2817576990160955 0
    endloop
  endfacet
  facet normal 0 0 -1
    outer loop
      vertex 10 0 0
      vertex 6.973354503650408 6.2817576990160955 0
      vertex 7.0284442352070435 6.456480005284707 0
    endloop
  endfacet
  facet normal 0 0 -1
    outer loop
      vertex 10 0 0
      vertex 7.0284442352070435 6.456480005284707 0
      vertex 7.068096281325637 6.635338826899447 0
    endloop
  endfacet
  facet normal 0 0 -1
    outer loop
      vertex 10 0 0
      vertex 7.068096281325637 6.635338826899447 0
      vertex 7.092008865992666 6.816972940229918 0
    endloop
  endfacet
  facet normal 0 0 -1
    outer loop
      vertex 10 0 0
      vertex 7.092008865992666 6.816972940229918 0
      vertex 7.1 7 0
    endloop
  endfacet
  facet normal 0 0 -1
    outer loop
      vertex 10 0 0
      vertex 7.1 7 0
      vertex 7.092008865992666 7.183027059770082 0
    endloop
  endfacet
  facet normal 0 0 -1
    outer loop
      vertex 10 0 0
      vertex 7.092008865992666 7.183027059770082 0
      vertex 7.068096281325637 7.364661173100553 0
    endloop
  endfacet
  facet normal 0 0 -1
    outer loop
      vertex 10 0 0
      vertex 7.068096281325637 7.364661173100553 0
      vertex 7.0284442352070435 7.543519994715293 0
    endloop
  endfacet
  facet normal 0 0 -1
    outer loop
      vertex 10 0 0
      vertex 7.0284442352070435 7.543519994715293 0
      vertex 6.973354503650408 7.7182423009839045 0
    endloop
  endfacet
  facet normal 0 0 -1
    outer loop
      vertex 10 0 0
      vertex 6.973354503650408 7.7182423009839045 0
      vertex 10 14 0
    endloop
  endfacet
  facet normal 0 0 -1
    outer loop
      vertex 10 14 0
      vertex 6.349853980341733 8.608693330549855 0
      vertex 6.204510516337197 8.720219293006883 0
    endloop
  endfacet
  facet normal 0 0 -1
    outer loop
      vertex 10 14 0
      vertex 6.48492424049175 8.48492424049175 0
      vertex 6.349853980341733 8.608693330549855 0
    endloop
  endfacet
  facet normal 0 0 -1
    outer loop
      vertex 10 14 0
      vertex 6.608693330549854 8.349853980341733 0
      vertex 6.48492424049175 8.48492424049175 0
    endloop
  endfacet
  facet normal 0 0 -1
    outer loop
      vertex 10 14 0
      vertex 6.720219293006883 8.204510516337196 0
      vertex 6.608693330549854 8.349853980341733 0
    endloop
  endfacet
  facet normal 0 0 -1
    outer loop
      vertex 10 14 0
      vertex 6.973354503650408 7.7182423009839045 0
      vertex 6.903246352776965 7.887498349655469 0
    endloop
  endfacet
  facet normal 0 0 -1
    outer loop
      vertex 10 14 0
      vertex 6.903246352776965 7.887498349655469 0
      vertex 6.818653347947321 8.05 0
    endloop
  endfacet
  facet normal 0 0 -1
    outer loop
      vertex 10 14 0
      vertex 6.818653347947321 8.05 0
      vertex 6.720219293006883 8.204510516337196 0
    endloop
  endfacet
  facet normal 0 0 -1
    outer loop
      vertex 0 10 0
      vertex 0.06076898795116792 10.694592710667722 0
      vertex 0.2412295168563663 11.368080573302676 0
    endloop
  endfacet
  facet normal 0 0 -1
    outer loop
      vertex 0.06076898795116792 10.694592710667722 0
      vertex 0.13629669484372675 11.035276180410083 0
      vertex 0.2412295168563663 11.368080573302676 0
    endloop
  endfacet
  facet normal 0 0 -1
    outer loop
      vertex 0.2412295168563663 11.368080573302676 0
      vertex 0.37476885185340025 11.690473046962797 0
      vertex 0.5358983848622456 12 0
    endloop
  endfacet
  facet normal 0 0 -1
    outer loop
      vertex 0.2412295168563663 11.368080573302676 0
      vertex 0.5358983848622456 12 0
      vertex 0.935822227524088 12.571150438746157 0
    endloop
  endfacet
  facet normal 0 0 -1
    outer loop
      vertex 0.5358983848622456 12 0
      vertex 0.7233918228440328 12.294305745404184 0
      vertex 0.935822227524088 12.571150438746157 0
    endloop
  endfacet
  facet normal 0 0 -1
    outer loop
      vertex 0.2412295168563663 11.368080573302676 0
      vertex 0.935822227524088 12.571150438746157 0
      vertex 1.7056942545958158 13.276608177155968 0
    endloop
  endfacet
  facet normal 0 0 -1
    outer loop
      vertex 0.935822227524088 12.571150438746157 0
      vertex 1.1715728752538097 12.82842712474619 0
      vertex 1.7056942545958158 13.276608177155968 0
    endloop
  endfacet
  facet normal 0 0 -1
    outer loop
      vertex 1.1715728752538097 12.82842712474619 0
      vertex 1.428849561253843 13.064177772475912 0
      vertex 1.7056942545958158 13.276608177155968 0
    endloop
  endfacet
  facet normal 0 0 -1
    outer loop
      vertex 0.2412295168563663 11.368080573302676 0
      vertex 1.7056942545958158 13.276608177155968 0
      vertex 4 14 0
    endloop
  endfacet
  facet normal 0 0 -1
    outer loop
      vertex 1.7056942545958158 13.276608177155968 0
      vertex 2 13.464101615137753 0
      vertex 2.309526953037202 13.6252311481466 0
    endloop
  endfacet
  facet normal 0 0 -1
    outer loop
      vertex 1.7056942545958158 13.276608177155968 0
      vertex 2.309526953037202 13.6252311481466 0
      vertex 2.6319194266973254 13.758770483143634 0
    endloop
  endfacet
  facet normal 0 0 -1
    outer loop
      vertex 4 14 0
      vertex 3.95 8.818653347947322 0
      vertex 3.795489483662803 8.720219293006883 0
    endloop
  endfacet
  facet normal 0 0 -1
    outer loop
      vertex 4 14 0
      vertex 4.112501650344531 8.903246352776964 0
      vertex 3.95 8.818653347947322 0
    endloop
  endfacet
  facet normal 0 0 -1
    outer loop
      vertex 4 14 0
      vertex 4.2817576990160955 8.973354503650407 0
      vertex 4.112501650344531 8.903246352776964 0
    endloop
  endfacet
  facet normal 0 0 -1
    outer loop
      vertex 4 14 0
      vertex 4.456480005284707 9.028444235207044 0
      vertex 4.2817576990160955 8.973354503650407 0
    endloop
  endfacet
  facet normal 0 0 -1
    outer loop
      vertex 4 14 0
      vertex 4.635338826899447 9.068096281325637 0
      vertex 4.456480005284707 9.028444235207044 0
    endloop
  endfacet
  facet normal 0 0 -1
    outer loop
      vertex 4 14 0
      vertex 4.816972940229918 9.092008865992666 0
      vertex 4.635338826899447 9.068096281325637 0
    endloop
  endfacet
  facet normal 0 0 -1
    outer loop
      vertex 4 14 0
      vertex 5 9.1 0
      vertex 4.816972940229918 9.092008865992666 0
    endloop
  endfacet
  facet normal 0 0 -1
    outer loop
      vertex 1.7056942545958158 13.276608177155968 0
      vertex 2.6319194266973254 13.758770483143634 0
      vertex 4 14 0
    endloop
  endfacet
  facet normal 0 0 -1
    outer loop
      vertex 2.6319194266973254 13.758770483143634 0
      vertex 2.964723819589917 13.863703305156273 0
      vertex 3.305407289332279 13.939231012048833 0
    endloop
  endfacet
  facet normal 0 0 -1
    outer loop
      vertex 2.6319194266973254 13.758770483143634 0
      vertex 3.305407289332279 13.939231012048833 0
      vertex 4 14 0
    endloop
  endfacet
  facet normal 0 0 -1
    outer loop
      vertex 3.305407289332279 13.939231012048833 0
      vertex 3.6513770290093674 13.984778792366981 0
      vertex 4 14 0
    endloop
  endfacet
  facet normal 0 0 -1
    outer loop
      vertex 10 14 0
      vertex 5.183027059770082 9.092008865992666 0
      vertex 5 9.1 0
    endloop
  endfacet
  facet normal 0 0 -1
    outer loop
      vertex 10 14 0
      vertex 5.364661173100553 9.068096281325637 0
      vertex 5.183027059770082 9.092008865992666 0
    endloop
  endfacet
  facet normal 0 0 -1
    outer loop
      vertex 10 14 0
      vertex 5.543519994715293 9.028444235207044 0
      vertex 5.364661173100553 9.068096281325637 0
    endloop
  endfacet
  facet normal 0 0 -1
    outer loop
      vertex 10 14 0
      vertex 5.7182423009839045 8.973354503650407 0
      vertex 5.543519994715293 9.028444235207044 0
    endloop
  endfacet
  facet normal 0 0 -1
    outer loop
      vertex 10 14 0
      vertex 5.887498349655469 8.903246352776964 0
      vertex 5.7182423009839045 8.973354503650407 0
    endloop
  endfacet
  facet normal 0 0 -1
    outer loop
      vertex 10 14 0
      vertex 6.05 8.818653347947322 0
      vertex 5.887498349655469 8.903246352776964 0
    endloop
  endfacet
  facet normal 0 0 -1
    outer loop
      vertex 10 14 0
      vertex 6.204510516337197 8.720219293006883 0
      vertex 6.05 8.818653347947322 0
    endloop
  endfacet
  facet normal 0 0 -1
    outer loop
      vertex 4 14 0
      vertex 10 14 0
      vertex 5 9.1 0
    endloop
  endfacet
  facet normal -0.7372773368101251 -0.6755902076156591 0
    outer loop
      vertex 1.1715728752538097 1.1715728752538097 0
      vertex 1.1715728752538097 1.1715728752538097 5
      vertex 0.935822227524088 1.428849561253843 0
    endloop
  endfacet
  facet normal -0.8433914458128858 -0.5372996083468236 8.074747549866219e-19
    outer loop
      vertex 0.7233918228440328 1.7056942545958158 0
      vertex 0.5358983848622456 2 5
      vertex 0.5358983848622456 2 0
    endloop
  endfacet
  facet normal -0.9238795325112867 -0.3826834323650899 -9.371980000046172e-19
    outer loop
      vertex 0.37476885185340025 2.309526953037202 0
      vertex 0.2412295168563663 2.6319194266973254 5
      vertex 0.2412295168563663 2.6319194266973254 0
    endloop
  endfacet
  facet normal -0.8870108331782214 -0.4617486132350344 0
    outer loop
      vertex 0.5358983848622456 2 0
      vertex 0.5358983848622456 2 5
      vertex 0.37476885185340025 2.309526953037202 0
    endloop
  endfacet
  facet normal -0.7933533402912348 -0.608761429008721 -1.7242203799759148e-18
    outer loop
      vertex 0.935822227524088 1.428849561253843 0
      vertex 0.7233918228440328 1.7056942545958158 5
      vertex 0.7233918228440328 1.7056942545958158 0
    endloop
  endfacet
  facet normal -0.608761429008721 -0.7933533402912348 -1.7242203799759148e-18
    outer loop
      vertex 1.7056942545958158 0.7233918228440328 0
      vertex 1.428849561253843 0.935822227524088 5
      vertex 1.428849561253843 0.935822227524088 0
    endloop
  endfacet
  facet normal -0.6755902076156591 -0.7372773368101251 1.93990310521835e-18
    outer loop
      vertex 1.1715728752538097 1.1715728752538097 0
      vertex 1.428849561253843 0.935822227524088 0
      vertex 1.428849561253843 0.935822227524088 5
    endloop
  endfacet
  facet normal -0.5372996083468236 -0.8433914458128858 0
    outer loop
      vertex 2 0.5358983848622456 0
      vertex 2 0.5358983848622456 5
      vertex 1.7056942545958158 0.7233918228440328 0
    endloop
  endfacet
  facet normal -0.4617486132350344 -0.8870108331782214 -7.655775504823743e-19
    outer loop
      vertex 2.309526953037202 0.37476885185340025 0
      vertex 2 0.5358983848622456 5
      vertex 2 0.5358983848622456 0
    endloop
  endfacet
  facet normal -0.3826834323650899 -0.9238795325112867 0
    outer loop
      vertex 2.309526953037202 0.37476885185340025 0
      vertex 2.6319194266973254 0.2412295168563663 0
      vertex 2.309526953037202 0.37476885185340025 5
    endloop
  endfacet
  facet normal -0.9537169507482269 -0.3007057995042731 0
    outer loop
      vertex 0.2412295168563663 2.6319194266973254 0
      vertex 0.2412295168563663 2.6319194266973254 5
      vertex 0.13629669484372675 2.964723819589917 0
    endloop
  endfacet
  facet normal -0.9762960071199335 -0.21643961393810213 6.480671589174959e-19
    outer loop
      vertex 0.13629669484372675 2.964723819589917 0
      vertex 0.06076898795116792 3.305407289332279 5
      vertex 0.06076898795116792 3.305407289332279 0
    endloop
  endfacet
  facet normal -0.9914448613738105 -0.1305261922200522 0
    outer loop
      vertex 0.06076898795116792 3.305407289332279 0
      vertex 0.06076898795116792 3.305407289332279 5
      vertex 0.01522120763301782 3.6513770290093674 0
    endloop
  endfacet
  facet normal -0.9990482215818578 -0.04361938736533587 1.7045803192575133e-19
    outer loop
      vertex 0.01522120763301782 3.6513770290093674 0
      vertex 0 4 5
      vertex 0 4 0
    endloop
  endfacet
  facet normal -0.3007057995042731 -0.9537169507482269 0
    outer loop
      vertex 2.964723819589917 0.13629669484372675 0
      vertex 2.964723819589917 0.13629669484372675 5
      vertex 2.6319194266973254 0.2412295168563663 0
    endloop
  endfacet
  facet normal -0.21643961393810213 -0.9762960071199335 0
    outer loop
      vertex 2.964723819589917 0.13629669484372675 0
      vertex 3.305407289332279 0.06076898795116792 0
      vertex 2.964723819589917 0.13629669484372675 5
    endloop
  endfacet
  facet normal -0.1305261922200522 -0.9914448613738105 9.605055148830433e-19
    outer loop
      vertex 3.305407289332279 0.06076898795116792 0
      vertex 3.6513770290093674 0.01522120763301782 0
      vertex 3.6513770290093674 0.01522120763301782 5
    endloop
  endfacet
  facet normal -0.04361938736533587 -0.9990482215818578 1.7045803192575133e-19
    outer loop
      vertex 3.6513770290093674 0.01522120763301782 0
      vertex 4 0 0
      vertex 4 0 5
    endloop
  endfacet
  facet normal -1 0 0
    outer loop
      vertex 0 4 0
      vertex 0 4 5
      vertex 0 10 0
    endloop
  endfacet
  facet normal -0.9990482215818578 0.04361938736533587 0
    outer loop
      vertex 0 10 0
      vertex 0 10 5
      vertex 0.01522120763301782 10.348622970990633 0
    endloop
  endfacet
  facet normal 0 -1 0
    outer loop
      vertex 4 0 0
      vertex 10 0 0
      vertex 10 0 5
    endloop
  endfacet
  facet normal -0.9914448613738104 0.13052619222005185 3.5235053989594867e-19
    outer loop
      vertex 0.01522120763301782 10.348622970990633 0
      vertex 0.06076898795116792 10.694592710667722 5
      vertex 0.06076898795116792 10.694592710667722 0
    endloop
  endfacet
  facet normal -0.9762960071199335 0.21643961393810268 0
    outer loop
      vertex 0.06076898795116792 10.694592710667722 0
      vertex 0.06076898795116792 10.694592710667722 5
      vertex 0.13629669484372675 11.035276180410083 0
    endloop
  endfacet
  facet normal -0.9537169507482272 0.3007057995042724 -3.6050726459397923e-19
    outer loop
      vertex 0.13629669484372675 11.035276180410083 0
      vertex 0.2412295168563663 11.368080573302676 5
      vertex 0.2412295168563663 11.368080573302676 0
    endloop
  endfacet
  facet normal -0.923879532511286 0.3826834323650917 0
    outer loop
      vertex 0.2412295168563663 11.368080573302676 0
      vertex 0.2412295168563663 11.368080573302676 5
      vertex 0.37476885185340025 11.690473046962797 0
    endloop
  endfacet
  facet normal -0.887010833178222 0.4617486132350334 -7.274500598197191e-19
    outer loop
      vertex 0.37476885185340025 11.690473046962797 0
      vertex 0.5358983848622456 12 5
      vertex 0.5358983848622456 12 0
    endloop
  endfacet
  facet normal -0.8433914458128858 0.5372996083468236 0
    outer loop
      vertex 0.5358983848622456 12 0
      vertex 0.5358983848622456 12 5
      vertex 0.7233918228440328 12.294305745404184 0
    endloop
  endfacet
  facet normal -0.7933533402912348 0.608761429008721 1.7242203799759148e-18
    outer loop
      vertex 0.7233918228440328 12.294305745404184 0
      vertex 0.935822227524088 12.571150438746157 5
      vertex 0.935822227524088 12.571150438746157 0
    endloop
  endfacet
  facet normal -0.7372773368101245 0.6755902076156597 0
    outer loop
      vertex 0.935822227524088 12.571150438746157 0
      vertex 0.935822227524088 12.571150438746157 5
      vertex 1.1715728752538097 12.82842712474619 0
    endloop
  endfacet
  facet normal -0.6755902076156591 0.7372773368101251 -1.93990310521835e-18
    outer loop
      vertex 1.1715728752538097 12.82842712474619 0
      vertex 1.428849561253843 13.064177772475912 5
      vertex 1.428849561253843 13.064177772475912 0
    endloop
  endfacet
  facet normal -0.6087614290087227 0.7933533402912337 0
    outer loop
      vertex 1.428849561253843 13.064177772475912 0
      vertex 1.428849561253843 13.064177772475912 5
      vertex 1.7056942545958158 13.276608177155968 0
    endloop
  endfacet
  facet normal -0.5372996083468209 0.8433914458128875 1.1543448261835149e-18
    outer loop
      vertex 1.7056942545958158 13.276608177155968 0
      vertex 2 13.464101615137753 5
      vertex 2 13.464101615137753 0
    endloop
  endfacet
  facet normal -0.46174861323503746 0.8870108331782199 0
    outer loop
      vertex 2 13.464101615137753 0
      vertex 2 13.464101615137753 5
      vertex 2.309526953037202 13.6252311481466 0
    endloop
  endfacet
  facet normal -0.38268343236508884 0.9238795325112872 0
    outer loop
      vertex 2.309526953037202 13.6252311481466 0
      vertex 2.309526953037202 13.6252311481466 5
      vertex 2.6319194266973254 13.758770483143634 0
    endloop
  endfacet
  facet normal -0.30070579950427195 0.9537169507482273 0
    outer loop
      vertex 2.6319194266973254 13.758770483143634 0
      vertex 2.6319194266973254 13.758770483143634 5
      vertex 2.964723819589917 13.863703305156273 0
    endloop
  endfacet
  facet normal -0.21643961393810454 0.976296007119933 0
    outer loop
      vertex 2.964723819589917 13.863703305156273 0
      vertex 2.964723819589917 13.863703305156273 5
      vertex 3.305407289332279 13.939231012048833 0
    endloop
  endfacet
  facet normal -0.13052619222004844 0.9914448613738108 -6.669665262158086e-19
    outer loop
      vertex 3.305407289332279 13.939231012048833 0
      vertex 3.6513770290093674 13.984778792366981 5
      vertex 3.6513770290093674 13.984778792366981 0
    endloop
  endfacet
  facet normal -0.04361938736533841 0.9990482215818577 0
    outer loop
      vertex 3.6513770290093674 13.984778792366981 0
      vertex 3.6513770290093674 13.984778792366981 5
      vertex 4 14 0
    endloop
  endfacet
  facet normal 0 1 0
    outer loop
      vertex 4 14 0
      vertex 4 14 5
      vertex 10 14 0
    endloop
  endfacet
  facet normal -0.8870108331782214 -0.4617486132350344 0
    outer loop
      vertex 0.37476885185340025 2.309526953037202 0
      vertex 0.5358983848622456 2 5
      vertex 0.37476885185340025 2.309526953037202 5
    endloop
  endfacet
  facet normal -0.9238795325112867 -0.3826834323650899 0
    outer loop
      vertex 0.37476885185340025 2.309526953037202 0
      vertex 0.37476885185340025 2.309526953037202 5
      vertex 0.2412295168563663 2.6319194266973254 5
    endloop
  endfacet
  facet normal -0.7933533402912348 -0.608761429008721 0
    outer loop
      vertex 0.935822227524088 1.428849561253843 0
      vertex 0.935822227524088 1.428849561253843 5
      vertex 0.7233918228440328 1.7056942545958158 5
    endloop
  endfacet
  facet normal -0.8433914458128858 -0.5372996083468236 0
    outer loop
      vertex 0.7233918228440328 1.7056942545958158 0
      vertex 0.7233918228440328 1.7056942545958158 5
      vertex 0.5358983848622456 2 5
    endloop
  endfacet
  facet normal -0.7372773368101251 -0.6755902076156591 0
    outer loop
      vertex 0.935822227524088 1.428849561253843 0
      vertex 1.1715728752538097 1.1715728752538097 5
      vertex 0.935822227524088 1.428849561253843 5
    endloop
  endfacet
  facet normal -0.6755902076156591 -0.7372773368101251 0
    outer loop
      vertex 1.1715728752538097 1.1715728752538097 0
      vertex 1.428849561253843 0.935822227524088 5
      vertex 1.1715728752538097 1.1715728752538097 5
    endloop
  endfacet
  facet normal -0.608761429008721 -0.7933533402912348 0
    outer loop
      vertex 1.7056942545958158 0.7233918228440328 0
      vertex 1.7056942545958158 0.7233918228440328 5
      vertex 1.428849561253843 0.935822227524088 5
    endloop
  endfacet
  facet normal -0.5372996083468236 -0.8433914458128858 0
    outer loop
      vertex 1.7056942545958158 0.7233918228440328 0
      vertex 2 0.5358983848622456 5
      vertex 1.7056942545958158 0.7233918228440328 5
    endloop
  endfacet
  facet normal -0.4617486132350344 -0.8870108331782214 0
    outer loop
      vertex 2.309526953037202 0.37476885185340025 0
      vertex 2.309526953037202 0.37476885185340025 5
      vertex 2 0.5358983848622456 5
    endloop
  endfacet
  facet normal -0.9537169507482269 -0.3007057995042731 0
    outer loop
      vertex 0.13629669484372675 2.964723819589917 0
      vertex 0.2412295168563663 2.6319194266973254 5
      vertex 0.13629669484372675 2.964723819589917 5
    endloop
  endfacet
  facet normal -0.9762960071199335 -0.21643961393810213 0
    outer loop
      vertex 0.13629669484372675 2.964723819589917 0
      vertex 0.13629669484372675 2.964723819589917 5
      vertex 0.06076898795116792 3.305407289332279 5
    endloop
  endfacet
  facet normal -0.9914448613738105 -0.1305261922200522 0
    outer loop
      vertex 0.01522120763301782 3.6513770290093674 0
      vertex 0.06076898795116792 3.305407289332279 5
      vertex 0.01522120763301782 3.6513770290093674 5
    endloop
  endfacet
  facet normal -0.9990482215818578 -0.04361938736533587 0
    outer loop
      vertex 0.01522120763301782 3.6513770290093674 0
      vertex 0.01522120763301782 3.6513770290093674 5
      vertex 0 4 5
    endloop
  endfacet
  facet normal -0.3826834323650899 -0.9238795325112867 0
    outer loop
      vertex 2.6319194266973254 0.2412295168563663 0
      vertex 2.6319194266973254 0.2412295168563663 5
      vertex 2.309526953037202 0.37476885185340025 5
    endloop
  endfacet
  facet normal -0.3007057995042731 -0.9537169507482269 0
    outer loop
      vertex 2.6319194266973254 0.2412295168563663 0
      vertex 2.964723819589917 0.13629669484372675 5
      vertex 2.6319194266973254 0.2412295168563663 5
    endloop
  endfacet
  facet normal -0.21643961393810213 -0.9762960071199335 0
    outer loop
      vertex 3.305407289332279 0.06076898795116792 0
      vertex 3.305407289332279 0.06076898795116792 5
      vertex 2.964723819589917 0.13629669484372675 5
    endloop
  endfacet
  facet normal -0.1305261922200522 -0.9914448613738105 0
    outer loop
      vertex 3.305407289332279 0.06076898795116792 0
      vertex 3.6513770290093674 0.01522120763301782 5
      vertex 3.305407289332279 0.06076898795116792 5
    endloop
  endfacet
  facet normal -0.04361938736533587 -0.9990482215818578 0
    outer loop
      vertex 3.6513770290093674 0.01522120763301782 0
      vertex 4 0 5
      vertex 3.6513770290093674 0.01522120763301782 5
    endloop
  endfacet
  facet normal -1 0 0
    outer loop
      vertex 0 4 5
      vertex 0 10 5
      vertex 0 10 0
    endloop
  endfacet
  facet normal -0.9990482215818578 0.04361938736533587 0
    outer loop
      vertex 0.01522120763301782 10.348622970990633 0
      vertex 0 10 5
      vertex 0.01522120763301782 10.348622970990633 5
    endloop
  endfacet
  facet normal -0.9914448613738104 0.13052619222005185 0
    outer loop
      vertex 0.01522120763301782 10.348622970990633 0
      vertex 0.01522120763301782 10.348622970990633 5
      vertex 0.06076898795116792 10.694592710667722 5
    endloop
  endfacet
  facet normal 0 -1 0
    outer loop
      vertex 4 0 0
      vertex 10 0 5
      vertex 4 0 5
    endloop
  endfacet
  facet normal -0.9762960071199335 0.21643961393810268 0
    outer loop
      vertex 0.13629669484372675 11.035276180410083 0
      vertex 0.06076898795116792 10.694592710667722 5
      vertex 0.13629669484372675 11.035276180410083 5
    endloop
  endfacet
  facet normal -0.9537169507482272 0.3007057995042724 0
    outer loop
      vertex 0.13629669484372675 11.035276180410083 0
      vertex 0.13629669484372675 11.035276180410083 5
      vertex 0.2412295168563663 11.368080573302676 5
    endloop
  endfacet
  facet normal -0.923879532511286 0.3826834323650917 0
    outer loop
      vertex 0.37476885185340025 11.690473046962797 0
      vertex 0.2412295168563663 11.368080573302676 5
      vertex 0.37476885185340025 11.690473046962797 5
    endloop
  endfacet
  facet normal -0.887010833178222 0.4617486132350334 0
    outer loop
      vertex 0.37476885185340025 11.690473046962797 0
      vertex 0.37476885185340025 11.690473046962797 5
      vertex 0.5358983848622456 12 5
    endloop
  endfacet
  facet normal -0.8433914458128858 0.5372996083468236 0
    outer loop
      vertex 0.7233918228440328 12.294305745404184 0
      vertex 0.5358983848622456 12 5
      vertex 0.7233918228440328 12.294305745404184 5
    endloop
  endfacet
  facet normal -0.7933533402912348 0.608761429008721 0
    outer loop
      vertex 0.7233918228440328 12.294305745404184 0
      vertex 0.7233918228440328 12.294305745404184 5
      vertex 0.935822227524088 12.571150438746157 5
    endloop
  endfacet
  facet normal -0.7372773368101245 0.6755902076156597 0
    outer loop
      vertex 1.1715728752538097 12.82842712474619 0
      vertex 0.935822227524088 12.571150438746157 5
      vertex 1.1715728752538097 12.82842712474619 5
    endloop
  endfacet
  facet normal -0.6755902076156591 0.7372773368101251 0
    outer loop
      vertex 1.1715728752538097 12.82842712474619 0
      vertex 1.1715728752538097 12.82842712474619 5
      vertex 1.428849561253843 13.064177772475912 5
    endloop
  endfacet
  facet normal -0.6087614290087227 0.7933533402912337 0
    outer loop
      vertex 1.7056942545958158 13.276608177155968 0
      vertex 1.428849561253843 13.064177772475912 5
      vertex 1.7056942545958158 13.276608177155968 5
    endloop
  endfacet
  facet normal -0.5372996083468209 0.8433914458128875 0
    outer loop
      vertex 1.7056942545958158 13.276608177155968 0
      vertex 1.7056942545958158 13.276608177155968 5
      vertex 2 13.464101615137753 5
    endloop
  endfacet
  facet normal -0.46174861323503746 0.8870108331782199 0
    outer loop
      vertex 2.309526953037202 13.6252311481466 0
      vertex 2 13.464101615137753 5
      vertex 2.309526953037202 13.6252311481466 5
    endloop
  endfacet
  facet normal -0.38268343236508884 0.9238795325112872 0
    outer loop
      vertex 2.6319194266973254 13.758770483143634 0
      vertex 2.309526953037202 13.6252311481466 5
      vertex 2.6319194266973254 13.758770483143634 5
    endloop
  endfacet
  facet normal -0.30070579950427195 0.9537169507482273 0
    outer loop
      vertex 2.964723819589917 13.863703305156273 0
      vertex 2.6319194266973254 13.758770483143634 5
      vertex 2.964723819589917 13.863703305156273 5
    endloop
  endfacet
  facet normal -0.21643961393810454 0.976296007119933 0
    outer loop
      vertex 3.305407289332279 13.939231012048833 0
      vertex 2.964723819589917 13.863703305156273 5
      vertex 3.305407289332279 13.939231012048833 5
    endloop
  endfacet
  facet normal -0.13052619222004844 0.9914448613738108 0
    outer loop
      vertex 3.305407289332279 13.939231012048833 0
      vertex 3.305407289332279 13.939231012048833 5
      vertex 3.6513770290093674 13.984778792366981 5
    endloop
  endfacet
  facet normal -0.04361938736533841 0.9990482215818577 0
    outer loop
      vertex 4 14 0
      vertex 3.6513770290093674 13.984778792366981 5
      vertex 4 14 5
    endloop
  endfacet
  facet normal 0 1 0
    outer loop
      vertex 4 14 5
      vertex 10 14 5
      vertex 10 14 0
    endloop
  endfacet
  facet normal 0 0 1
    outer loop
      vertex 0.5358983848622456 2 5
      vertex 0.2412295168563663 2.6319194266973254 5
      vertex 0.37476885185340025 2.309526953037202 5
    endloop
  endfacet
  facet normal 0 0 1
    outer loop
      vertex 1.1715728752538097 1.1715728752538097 5
      vertex 0 4 5
      vertex 0.2412295168563663 2.6319194266973254 5
    endloop
  endfacet
  facet normal 0 0 1
    outer loop
      vertex 1.1715728752538097 1.1715728752538097 5
      vertex 0.5358983848622456 2 5
      vertex 0.7233918228440328 1.7056942545958158 5
    endloop
  endfacet
  facet normal 0 0 1
    outer loop
      vertex 1.1715728752538097 1.1715728752538097 5
      vertex 0.2412295168563663 2.6319194266973254 5
      vertex 0.5358983848622456 2 5
    endloop
  endfacet
  facet normal 0 0 1
    outer loop
      vertex 1.1715728752538097 1.1715728752538097 5
      vertex 0.7233918228440328 1.7056942545958158 5
      vertex 0.935822227524088 1.428849561253843 5
    endloop
  endfacet
  facet normal 0 0 1
    outer loop
      vertex 1.7056942545958158 0.7233918228440328 5
      vertex 1.1715728752538097 1.1715728752538097 5
      vertex 1.428849561253843 0.935822227524088 5
    endloop
  endfacet
  facet normal 0 0 1
    outer loop
      vertex 2.309526953037202 0.37476885185340025 5
      vertex 1.1715728752538097 1.1715728752538097 5
      vertex 1.7056942545958158 0.7233918228440328 5
    endloop
  endfacet
  facet normal 0 0 1
    outer loop
      vertex 2.309526953037202 0.37476885185340025 5
      vertex 1.7056942545958158 0.7233918228440328 5
      vertex 2 0.5358983848622456 5
    endloop
  endfacet
  facet normal 0 0 1
    outer loop
      vertex 2.309526953037202 0.37476885185340025 5
      vertex 4 0 5
      vertex 1.1715728752538097 1.1715728752538097 5
    endloop
  endfacet
  facet normal 0 0 1
    outer loop
      vertex 4 0 5
      vertex 0 4 5
      vertex 1.1715728752538097 1.1715728752538097 5
    endloop
  endfacet
  facet normal 0 0 1
    outer loop
      vertex 0.2412295168563663 2.6319194266973254 5
      vertex 0.06076898795116792 3.305407289332279 5
      vertex 0.13629669484372675 2.964723819589917 5
    endloop
  endfacet
  facet normal 0 0 1
    outer loop
      vertex 0.2412295168563663 2.6319194266973254 5
      vertex 0 4 5
      vertex 0.06076898795116792 3.305407289332279 5
    endloop
  endfacet
  facet normal 0 0 1
    outer loop
      vertex 0.06076898795116792 3.305407289332279 5
      vertex 0 4 5
      vertex 0.01522120763301782 3.6513770290093674 5
    endloop
  endfacet
  facet normal 0 0 1
    outer loop
      vertex 0 4 5
      vertex 3.279780706993117 5.795489483662803 5
      vertex 3.181346652052679 5.95 5
    endloop
  endfacet
  facet normal 0 0 1
    outer loop
      vertex 0 4 5
      vertex 3.795489483662803 5.279780706993117 5
      vertex 3.6501460196582673 5.391306669450146 5
    endloop
  endfacet
  facet normal 0 0 1
    outer loop
      vertex 0 4 5
      vertex 3.51507575950825 5.51507575950825 5
      vertex 3.391306669450146 5.650146019658267 5
    endloop
  endfacet
  facet normal 0 0 1
    outer loop
      vertex 0 4 5
      vertex 3.391306669450146 5.650146019658267 5
      vertex 3.279780706993117 5.795489483662803 5
    endloop
  endfacet
  facet normal 0 0 1
    outer loop
      vertex 0 4 5
      vertex 3.6501460196582673 5.391306669450146 5
      vertex 3.51507575950825 5.51507575950825 5
    endloop
  endfacet
  facet normal 0 0 1
    outer loop
      vertex 2.309526953037202 0.37476885185340025 5
      vertex 2.6319194266973254 0.2412295168563663 5
      vertex 2.964723819589917 0.13629669484372675 5
    endloop
  endfacet
  facet normal 0 0 1
    outer loop
      vertex 2.309526953037202 0.37476885185340025 5
      vertex 2.964723819589917 0.13629669484372675 5
      vertex 4 0 5
    endloop
  endfacet
  facet normal 0 0 1
    outer loop
      vertex 2.964723819589917 0.13629669484372675 5
      vertex 3.305407289332279 0.06076898795116792 5
      vertex 4 0 5
    endloop
  endfacet
  facet normal 0 0 1
    outer loop
      vertex 3.305407289332279 0.06076898795116792 5
      vertex 3.6513770290093674 0.01522120763301782 5
      vertex 4 0 5
    endloop
  endfacet
  facet normal 0 0 1
    outer loop
      vertex 4 0 5
      vertex 3.95 5.181346652052679 5
      vertex 0 4 5
    endloop
  endfacet
  facet normal 0 0 1
    outer loop
      vertex 0 4 5
      vertex 3.95 5.181346652052679 5
      vertex 3.795489483662803 5.279780706993117 5
    endloop
  endfacet
  facet normal 0 0 1
    outer loop
      vertex 4 0 5
      vertex 4.112501650344531 5.096753647223035 5
      vertex 3.95 5.181346652052679 5
    endloop
  endfacet
  facet normal 0 0 1
    outer loop
      vertex 4 0 5
      vertex 4.2817576990160955 5.026645496349592 5
      vertex 4.112501650344531 5.096753647223035 5
    endloop
  endfacet
  facet normal 0 0 1
    outer loop
      vertex 4 0 5
      vertex 4.456480005284707 4.9715557647929565 5
      vertex 4.2817576990160955 5.026645496349592 5
    endloop
  endfacet
  facet normal 0 0 1
    outer loop
      vertex 4 0 5
      vertex 4.635338826899447 4.931903718674363 5
      vertex 4.456480005284707 4.9715557647929565 5
    endloop
  endfacet
  facet normal 0 0 1
    outer loop
      vertex 4 0 5
      vertex 4.816972940229918 4.907991134007334 5
      vertex 4.635338826899447 4.931903718674363 5
    endloop
  endfacet
  facet normal 0 0 1
    outer loop
      vertex 4 0 5
      vertex 5 4.9 5
      vertex 4.816972940229918 4.907991134007334 5
    endloop
  endfacet
  facet normal 0 0 1
    outer loop
      vertex 0 4 5
      vertex 3.181346652052679 5.95 5
      vertex 3.096753647223035 6.112501650344531 5
    endloop
  endfacet
  facet normal 0 0 1
    outer loop
      vertex 0 4 5
      vertex 3.096753647223035 6.112501650344531 5
      vertex 3.026645496349592 6.2817576990160955 5
    endloop
  endfacet
  facet normal 0 0 1
    outer loop
      vertex 0 4 5
      vertex 3.026645496349592 6.2817576990160955 5
      vertex 2.9715557647929565 6.456480005284707 5
    endloop
  endfacet
  facet normal 0 0 1
    outer loop
      vertex 0 4 5
      vertex 2.9715557647929565 6.456480005284707 5
      vertex 2.9319037186743633 6.635338826899447 5
    endloop
  endfacet
  facet normal 0 0 1
    outer loop
      vertex 0 4 5
      vertex 2.9319037186743633 6.635338826899447 5
      vertex 2.907991134007334 6.816972940229918 5
    endloop
  endfacet
  facet normal 0 0 1
    outer loop
      vertex 0 4 5
      vertex 2.907991134007334 6.816972940229918 5
      vertex 2.9 7 5
    endloop
  endfacet
  facet normal 0 0 1
    outer loop
      vertex 0 4 5
      vertex 2.9 7 5
      vertex 2.907991134007334 7.183027059770082 5
    endloop
  endfacet
  facet normal 0 0 1
    outer loop
      vertex 0 4 5
      vertex 2.907991134007334 7.183027059770082 5
      vertex 2.9319037186743633 7.364661173100553 5
    endloop
  endfacet
  facet normal 0 0 1
    outer loop
      vertex 0 4 5
      vertex 2.9319037186743633 7.364661173100553 5
      vertex 2.9715557647929565 7.543519994715293 5
    endloop
  endfacet
  facet normal 0 0 1
    outer loop
      vertex 0 4 5
      vertex 2.9715557647929565 7.543519994715293 5
      vertex 3.026645496349592 7.7182423009839045 5
    endloop
  endfacet
  facet normal 0 0 1
    outer loop
      vertex 0 4 5
      vertex 3.026645496349592 7.7182423009839045 5
      vertex 3.096753647223035 7.887498349655469 5
    endloop
  endfacet
  facet normal 0 0 1
    outer loop
      vertex 0 4 5
      vertex 3.096753647223035 7.887498349655469 5
      vertex 3.181346652052679 8.05 5
    endloop
  endfacet
  facet normal 0 0 1
    outer loop
      vertex 0 4 5
      vertex 3.181346652052679 8.05 5
      vertex 3.279780706993117 8.204510516337196 5
    endloop
  endfacet
  facet normal 0 0 1
    outer loop
      vertex 0 4 5
      vertex 3.279780706993117 8.204510516337196 5
      vertex 3.391306669450146 8.349853980341733 5
    endloop
  endfacet
  facet normal 0 0 1
    outer loop
      vertex 0 4 5
      vertex 0.2412295168563663 11.368080573302676 5
      vertex 0 10 5
    endloop
  endfacet
  facet normal 0 0 1
    outer loop
      vertex 0 10 5
      vertex 0.06076898795116792 10.694592710667722 5
      vertex 0.01522120763301782 10.348622970990633 5
    endloop
  endfacet
  facet normal 0 0 1
    outer loop
      vertex 0 4 5
      vertex 3.391306669450146 8.349853980341733 5
      vertex 4 14 5
    endloop
  endfacet
  facet normal 0 0 1
    outer loop
      vertex 0 4 5
      vertex 4 14 5
      vertex 0.2412295168563663 11.368080573302676 5
    endloop
  endfacet
  facet normal 0 0 1
    outer loop
      vertex 4 14 5
      vertex 3.391306669450146 8.349853980341733 5
      vertex 3.51507575950825 8.48492424049175 5
    endloop
  endfacet
  facet normal 0 0 1
    outer loop
      vertex 4 14 5
      vertex 3.51507575950825 8.48492424049175 5
      vertex 3.6501460196582673 8.608693330549855 5
    endloop
  endfacet
  facet normal 0 0 1
    outer loop
      vertex 4 14 5
      vertex 3.6501460196582673 8.608693330549855 5
      vertex 3.795489483662803 8.720219293006883 5
    endloop
  endfacet
  facet normal 0 0 1
    outer loop
      vertex 4 0 5
      vertex 10 0 5
      vertex 5 4.9 5
    endloop
  endfacet
  facet normal 0 0 1
    outer loop
      vertex 10 0 5
      vertex 5.183027059770082 4.907991134007334 5
      vertex 5 4.9 5
    endloop
  endfacet
  facet normal 0 0 1
    outer loop
      vertex 10 0 5
      vertex 5.364661173100553 4.931903718674363 5
      vertex 5.183027059770082 4.907991134007334 5
    endloop
  endfacet
  facet normal 0 0 1
    outer loop
      vertex 10 0 5
      vertex 5.543519994715293 4.9715557647929565 5
      vertex 5.364661173100553 4.931903718674363 5
    endloop
  endfacet
  facet normal 0 0 1
    outer loop
      vertex 10 0 5
      vertex 5.7182423009839045 5.026645496349592 5
      vertex 5.543519994715293 4.9715557647929565 5
    endloop
  endfacet
  facet normal 0 0 1
    outer loop
      vertex 10 0 5
      vertex 5.887498349655469 5.096753647223035 5
      vertex 5.7182423009839045 5.026645496349592 5
    endloop
  endfacet
  facet normal 0 0 1
    outer loop
      vertex 10 0 5
      vertex 6.05 5.181346652052679 5
      vertex 5.887498349655469 5.096753647223035 5
    endloop
  endfacet
  facet normal 0 0 1
    outer loop
      vertex 10 0 5
      vertex 6.204510516337197 5.279780706993117 5
      vertex 6.05 5.181346652052679 5
    endloop
  endfacet
  facet normal 0 0 1
    outer loop
      vertex 10 0 5
      vertex 6.349853980341733 5.391306669450146 5
      vertex 6.204510516337197 5.279780706993117 5
    endloop
  endfacet
  facet normal 0 0 1
    outer loop
      vertex 10 0 5
      vertex 6.48492424049175 5.51507575950825 5
      vertex 6.349853980341733 5.391306669450146 5
    endloop
  endfacet
  facet normal 0 0 1
    outer loop
      vertex 10 0 5
      vertex 6.608693330549854 5.650146019658267 5
      vertex 6.48492424049175 5.51507575950825 5
    endloop
  endfacet
  facet normal 0 0 1
    outer loop
      vertex 10 0 5
      vertex 6.720219293006883 5.795489483662803 5
      vertex 6.608693330549854 5.650146019658267 5
    endloop
  endfacet
  facet normal 0 0 1
    outer loop
      vertex 10 0 5
      vertex 6.818653347947321 5.95 5
      vertex 6.720219293006883 5.795489483662803 5
    endloop
  endfacet
  facet normal 0 0 1
    outer loop
      vertex 10 0 5
      vertex 6.903246352776965 6.112501650344531 5
      vertex 6.818653347947321 5.95 5
    endloop
  endfacet
  facet normal 0 0 1
    outer loop
      vertex 10 0 5
      vertex 6.973354503650408 6.2817576990160955 5
      vertex 6.903246352776965 6.112501650344531 5
    endloop
  endfacet
  facet normal 0 0 1
    outer loop
      vertex 10 0 5
      vertex 7.0284442352070435 6.456480005284707 5
      vertex 6.973354503650408 6.2817576990160955 5
    endloop
  endfacet
  facet normal 0 0 1
    outer loop
      vertex 10 0 5
      vertex 7.068096281325637 6.635338826899447 5
      vertex 7.0284442352070435 6.456480005284707 5
    endloop
  endfacet
  facet normal 0 0 1
    outer loop
      vertex 10 0 5
      vertex 7.092008865992666 6.816972940229918 5
      vertex 7.068096281325637 6.635338826899447 5
    endloop
  endfacet
  facet normal 0 0 1
    outer loop
      vertex 10 0 5
      vertex 7.1 7 5
      vertex 7.092008865992666 6.816972940229918 5
    endloop
  endfacet
  facet normal 0 0 1
    outer loop
      vertex 10 0 5
      vertex 7.092008865992666 7.183027059770082 5
      vertex 7.1 7 5
    endloop
  endfacet
  facet normal 0 0 1
    outer loop
      vertex 10 0 5
      vertex 7.068096281325637 7.364661173100553 5
      vertex 7.092008865992666 7.183027059770082 5
    endloop
  endfacet
  facet normal 0 0 1
    outer loop
      vertex 10 0 5
      vertex 7.0284442352070435 7.543519994715293 5
      vertex 7.068096281325637 7.364661173100553 5
    endloop
  endfacet
  facet normal 0 0 1
    outer loop
      vertex 10 0 5
      vertex 6.973354503650408 7.7182423009839045 5
      vertex 7.0284442352070435 7.543519994715293 5
    endloop
  endfacet
  facet normal 0 0 1
    outer loop
      vertex 10 0 5
      vertex 10 14 5
      vertex 6.973354503650408 7.7182423009839045 5
    endloop
  endfacet
  facet normal 0 0 1
    outer loop
      vertex 6.204510516337197 8.720219293006883 5
      vertex 6.349853980341733 8.608693330549855 5
      vertex 10 14 5
    endloop
  endfacet
  facet normal 0 0 1
    outer loop
      vertex 6.349853980341733 8.608693330549855 5
      vertex 6.48492424049175 8.48492424049175 5
      vertex 10 14 5
    endloop
  endfacet
  facet normal 0 0 1
    outer loop
      vertex 6.608693330549854 8.349853980341733 5
      vertex 10 14 5
      vertex 6.48492424049175 8.48492424049175 5
    endloop
  endfacet
  facet normal 0 0 1
    outer loop
      vertex 6.720219293006883 8.204510516337196 5
      vertex 10 14 5
      vertex 6.608693330549854 8.349853980341733 5
    endloop
  endfacet
  facet normal 0 0 1
    outer loop
      vertex 6.973354503650408 7.7182423009839045 5
      vertex 10 14 5
      vertex 6.903246352776965 7.887498349655469 5
    endloop
  endfacet
  facet normal 0 0 1
    outer loop
      vertex 6.903246352776965 7.887498349655469 5
      vertex 10 14 5
      vertex 6.818653347947321 8.05 5
    endloop
  endfacet
  facet normal 0 0 1
    outer loop
      vertex 6.818653347947321 8.05 5
      vertex 10 14 5
      vertex 6.720219293006883 8.204510516337196 5
    endloop
  endfacet
  facet normal 0 0 1
    outer loop
      vertex 0 10 5
      vertex 0.2412295168563663 11.368080573302676 5
      vertex 0.06076898795116792 10.694592710667722 5
    endloop
  endfacet
  facet normal 0 0 1
    outer loop
      vertex 0.06076898795116792 10.694592710667722 5
      vertex 0.2412295168563663 11.368080573302676 5
      vertex 0.13629669484372675 11.035276180410083 5
    endloop
  endfacet
  facet normal 0 0 1
    outer loop
      vertex 0.2412295168563663 11.368080573302676 5
      vertex 0.5358983848622456 12 5
      vertex 0.37476885185340025 11.690473046962797 5
    endloop
  endfacet
  facet normal 0 0 1
    outer loop
      vertex 0.2412295168563663 11.368080573302676 5
      vertex 0.935822227524088 12.571150438746157 5
      vertex 0.5358983848622456 12 5
    endloop
  endfacet
  facet normal 0 0 1
    outer loop
      vertex 0.5358983848622456 12 5
      vertex 0.935822227524088 12.571150438746157 5
      vertex 0.7233918228440328 12.294305745404184 5
    endloop
  endfacet
  facet normal 0 0 1
    outer loop
      vertex 0.2412295168563663 11.368080573302676 5
      vertex 1.7056942545958158 13.276608177155968 5
      vertex 0.935822227524088 12.571150438746157 5
    endloop
  endfacet
  facet normal 0 0 1
    outer loop
      vertex 0.935822227524088 12.571150438746157 5
      vertex 1.428849561253843 13.064177772475912 5
      vertex 1.1715728752538097 12.82842712474619 5
    endloop
  endfacet
  facet normal 0 0 1
    outer loop
      vertex 0.935822227524088 12.571150438746157 5
      vertex 1.7056942545958158 13.276608177155968 5
      vertex 1.428849561253843 13.064177772475912 5
    endloop
  endfacet
  facet normal 0 0 1
    outer loop
      vertex 0.2412295168563663 11.368080573302676 5
      vertex 4 14 5
      vertex 1.7056942545958158 13.276608177155968 5
    endloop
  endfacet
  facet normal 0 0 1
    outer loop
      vertex 1.7056942545958158 13.276608177155968 5
      vertex 2.309526953037202 13.6252311481466 5
      vertex 2 13.464101615137753 5
    endloop
  endfacet
  facet normal 0 0 1
    outer loop
      vertex 1.7056942545958158 13.276608177155968 5
      vertex 2.964723819589917 13.863703305156273 5
      vertex 2.309526953037202 13.6252311481466 5
    endloop
  endfacet
  facet normal 0 0 1
    outer loop
      vertex 4 14 5
      vertex 3.795489483662803 8.720219293006883 5
      vertex 3.95 8.818653347947322 5
    endloop
  endfacet
  facet normal 0 0 1
    outer loop
      vertex 4 14 5
      vertex 3.95 8.818653347947322 5
      vertex 4.112501650344531 8.903246352776964 5
    endloop
  endfacet
  facet normal 0 0 1
    outer loop
      vertex 4 14 5
      vertex 4.112501650344531 8.903246352776964 5
      vertex 4.2817576990160955 8.973354503650407 5
    endloop
  endfacet
  facet normal 0 0 1
    outer loop
      vertex 4 14 5
      vertex 4.2817576990160955 8.973354503650407 5
      vertex 4.456480005284707 9.028444235207044 5
    endloop
  endfacet
  facet normal 0 0 1
    outer loop
      vertex 4 14 5
      vertex 4.456480005284707 9.028444235207044 5
      vertex 4.635338826899447 9.068096281325637 5
    endloop
  endfacet
  facet normal 0 0 1
    outer loop
      vertex 4 14 5
      vertex 4.635338826899447 9.068096281325637 5
      vertex 4.816972940229918 9.092008865992666 5
    endloop
  endfacet
  facet normal 0 0 1
    outer loop
      vertex 4 14 5
      vertex 4.816972940229918 9.092008865992666 5
      vertex 5 9.1 5
    endloop
  endfacet
  facet normal 0 0 1
    outer loop
      vertex 4 14 5
      vertex 5 9.1 5
      vertex 5.183027059770082 9.092008865992666 5
    endloop
  endfacet
  facet normal 0 0 1
    outer loop
      vertex 2.309526953037202 13.6252311481466 5
      vertex 2.964723819589917 13.863703305156273 5
      vertex 2.6319194266973254 13.758770483143634 5
    endloop
  endfacet
  facet normal 0 0 1
    outer loop
      vertex 1.7056942545958158 13.276608177155968 5
      vertex 4 14 5
      vertex 2.964723819589917 13.863703305156273 5
    endloop
  endfacet
  facet normal 0 0 1
    outer loop
      vertex 2.964723819589917 13.863703305156273 5
      vertex 4 14 5
      vertex 3.305407289332279 13.939231012048833 5
    endloop
  endfacet
  facet normal 0 0 1
    outer loop
      vertex 3.305407289332279 13.939231012048833 5
      vertex 4 14 5
      vertex 3.6513770290093674 13.984778792366981 5
    endloop
  endfacet
  facet normal 0 0 1
    outer loop
      vertex 5.183027059770082 9.092008865992666 5
      vertex 5.364661173100553 9.068096281325637 5
      vertex 10 14 5
    endloop
  endfacet
  facet normal 0 0 1
    outer loop
      vertex 5.364661173100553 9.068096281325637 5
      vertex 5.543519994715293 9.028444235207044 5
      vertex 10 14 5
    endloop
  endfacet
  facet normal 0 0 1
    outer loop
      vertex 5.543519994715293 9.028444235207044 5
      vertex 5.7182423009839045 8.973354503650407 5
      vertex 10 14 5
    endloop
  endfacet
  facet normal 0 0 1
    outer loop
      vertex 5.7182423009839045 8.973354503650407 5
      vertex 5.887498349655469 8.903246352776964 5
      vertex 10 14 5
    endloop
  endfacet
  facet normal 0 0 1
    outer loop
      vertex 5.887498349655469 8.903246352776964 5
      vertex 6.05 8.818653347947322 5
      vertex 10 14 5
    endloop
  endfacet
  facet normal 0 0 1
    outer loop
      vertex 6.05 8.818653347947322 5
      vertex 6.204510516337197 8.720219293006883 5
      vertex 10 14 5
    endloop
  endfacet
  facet normal 0 0 1
    outer loop
      vertex 4 14 5
      vertex 5.183027059770082 9.092008865992666 5
      vertex 10 14 5
    endloop
  endfacet
  facet normal 0 0 -1
    outer loop
      vertex 70 0 0
      vertex 73.18134665205268 5.95 0
      vertex 73.27978070699312 5.795489483662803 0
    endloop
  endfacet
  facet normal 0 0 -1
    outer loop
      vertex 70 0 0
      vertex 73.65014601965827 5.391306669450146 0
      vertex 73.7954894836628 5.279780706993117 0
    endloop
  endfacet
  facet normal 0 0 -1
    outer loop
      vertex 70 0 0
      vertex 73.39130666945015 5.650146019658267 0
      vertex 73.51507575950825 5.51507575950825 0
    endloop
  endfacet
  facet normal 0 0 -1
    outer loop
      vertex 70 0 0
      vertex 73.27978070699312 5.795489483662803 0
      vertex 73.39130666945015 5.650146019658267 0
    endloop
  endfacet
  facet normal 0 0 -1
    outer loop
      vertex 70 0 0
      vertex 73.51507575950825 5.51507575950825 0
      vertex 73.65014601965827 5.391306669450146 0
    endloop
  endfacet
  facet normal 0 0 -1
    outer loop
      vertex 70 0 0
      vertex 72.97155576479295 6.456480005284707 0
      vertex 73.02664549634959 6.2817576990160955 0
    endloop
  endfacet
  facet normal 0 0 -1
    outer loop
      vertex 70 0 0
      vertex 73.09675364722304 6.112501650344531 0
      vertex 73.18134665205268 5.95 0
    endloop
  endfacet
  facet normal 0 0 -1
    outer loop
      vertex 70 0 0
      vertex 73.02664549634959 6.2817576990160955 0
      vertex 73.09675364722304 6.112501650344531 0
    endloop
  endfacet
  facet normal 0 0 -1
    outer loop
      vertex 70 0 0
      vertex 72.93190371867436 6.635338826899447 0
      vertex 72.97155576479295 6.456480005284707 0
    endloop
  endfacet
  facet normal 0 0 -1
    outer loop
      vertex 70 0 0
      vertex 72.90799113400733 6.816972940229918 0
      vertex 72.93190371867436 6.635338826899447 0
    endloop
  endfacet
  facet normal 0 0 -1
    outer loop
      vertex 70 0 0
      vertex 72.9 7 0
      vertex 72.90799113400733 6.816972940229918 0
    endloop
  endfacet
  facet normal 0 0 -1
    outer loop
      vertex 76 0 0
      vertex 70 0 0
      vertex 76.34862297099063 0.01522120763301782 0
    endloop
  endfacet
  facet normal 0 0 -1
    outer loop
      vertex 70 0 0
      vertex 73.7954894836628 5.279780706993117 0
      vertex 73.95 5.181346652052679 0
    endloop
  endfacet
  facet normal 0 0 -1
    outer loop
      vertex 70 0 0
      vertex 73.95 5.181346652052679 0
      vertex 74.11250165034453 5.096753647223035 0
    endloop
  endfacet
  facet normal 0 0 -1
    outer loop
      vertex 70 0 0
      vertex 74.11250165034453 5.096753647223035 0
      vertex 74.2817576990161 5.026645496349592 0
    endloop
  endfacet
  facet normal 0 0 -1
    outer loop
      vertex 70 0 0
      vertex 74.2817576990161 5.026645496349592 0
      vertex 74.4564800052847 4.9715557647929565 0
    endloop
  endfacet
  facet normal 0 0 -1
    outer loop
      vertex 70 0 0
      vertex 74.4564800052847 4.9715557647929565 0
      vertex 74.63533882689944 4.931903718674363 0
    endloop
  endfacet
  facet normal 0 0 -1
    outer loop
      vertex 80 4 0
      vertex 70 0 0
      vertex 74.63533882689944 4.931903718674363 0
    endloop
  endfacet
  facet normal 0 0 -1
    outer loop
      vertex 70 0 0
      vertex 70 14 0
      vertex 72.9 7 0
    endloop
  endfacet
  facet normal 0 0 -1
    outer loop
      vertex 72.9 7 0
      vertex 70 14 0
      vertex 72.90799113400733 7.183027059770082 0
    endloop
  endfacet
  facet normal 0 0 -1
    outer loop
      vertex 72.90799113400733 7.183027059770082 0
      vertex 70 14 0
      vertex 72.93190371867436 7.364661173100553 0
    endloop
  endfacet
  facet normal 0 0 -1
    outer loop
      vertex 72.93190371867436 7.364661173100553 0
      vertex 70 14 0
      vertex 72.97155576479295 7.543519994715293 0
    endloop
  endfacet
  facet normal 0 0 -1
    outer loop
      vertex 72.97155576479295 7.543519994715293 0
      vertex 70 14 0
      vertex 73.02664549634959 7.7182423009839045 0
    endloop
  endfacet
  facet normal 0 0 -1
    outer loop
      vertex 73.02664549634959 7.7182423009839045 0
      vertex 70 14 0
      vertex 73.09675364722304 7.887498349655469 0
    endloop
  endfacet
  facet normal 0 0 -1
    outer loop
      vertex 73.09675364722304 7.887498349655469 0
      vertex 70 14 0
      vertex 73.18134665205268 8.05 0
    endloop
  endfacet
  facet normal 0 0 -1
    outer loop
      vertex 73.18134665205268 8.05 0
      vertex 70 14 0
      vertex 73.27978070699312 8.204510516337196 0
    endloop
  endfacet
  facet normal 0 0 -1
    outer loop
      vertex 73.27978070699312 8.204510516337196 0
      vertex 70 14 0
      vertex 73.39130666945015 8.349853980341733 0
    endloop
  endfacet
  facet normal 0 0 -1
    outer loop
      vertex 73.39130666945015 8.349853980341733 0
      vertex 70 14 0
      vertex 73.51507575950825 8.48492424049175 0
    endloop
  endfacet
  facet normal 0 0 -1
    outer loop
      vertex 73.65014601965827 8.608693330549855 0
      vertex 73.51507575950825 8.48492424049175 0
      vertex 70 14 0
    endloop
  endfacet
  facet normal 0 0 -1
    outer loop
      vertex 73.7954894836628 8.720219293006883 0
      vertex 73.65014601965827 8.608693330549855 0
      vertex 70 14 0
    endloop
  endfacet
  facet normal 0 0 -1
    outer loop
      vertex 76.34862297099063 0.01522120763301782 0
      vertex 70 0 0
      vertex 80 4 0
    endloop
  endfacet
  facet normal 0 0 -1
    outer loop
      vertex 76.34862297099063 0.01522120763301782 0
      vertex 77.03527618041008 0.13629669484372675 0
      vertex 76.69459271066772 0.06076898795116792 0
    endloop
  endfacet
  facet normal 0 0 -1
    outer loop
      vertex 76.34862297099063 0.01522120763301782 0
      vertex 77.6904730469628 0.37476885185340025 0
      vertex 77.03527618041008 0.13629669484372675 0
    endloop
  endfacet
  facet normal 0 0 -1
    outer loop
      vertex 77.03527618041008 0.13629669484372675 0
      vertex 77.6904730469628 0.37476885185340025 0
      vertex 77.36808057330268 0.2412295168563663 0
    endloop
  endfacet
  facet normal 0 0 -1
    outer loop
      vertex 80 4 0
      vertex 74.63533882689944 4.931903718674363 0
      vertex 74.81697294022992 4.907991134007334 0
    endloop
  endfacet
  facet normal 0 0 -1
    outer loop
      vertex 80 4 0
      vertex 74.81697294022992 4.907991134007334 0
      vertex 75 4.9 0
    endloop
  endfacet
  facet normal 0 0 -1
    outer loop
      vertex 80 4 0
      vertex 75 4.9 0
      vertex 75.18302705977008 4.907991134007334 0
    endloop
  endfacet
  facet normal 0 0 -1
    outer loop
      vertex 80 4 0
      vertex 75.18302705977008 4.907991134007334 0
      vertex 75.36466117310056 4.931903718674363 0
    endloop
  endfacet
  facet normal 0 0 -1
    outer loop
      vertex 80 4 0
      vertex 75.36466117310056 4.931903718674363 0
      vertex 75.5435199947153 4.9715557647929565 0
    endloop
  endfacet
  facet normal 0 0 -1
    outer loop
      vertex 80 4 0
      vertex 75.5435199947153 4.9715557647929565 0
      vertex 75.7182423009839 5.026645496349592 0
    endloop
  endfacet
  facet normal 0 0 -1
    outer loop
      vertex 80 4 0
      vertex 75.7182423009839 5.026645496349592 0
      vertex 75.88749834965547 5.096753647223035 0
    endloop
  endfacet
  facet normal 0 0 -1
    outer loop
      vertex 80 4 0
      vertex 75.88749834965547 5.096753647223035 0
      vertex 76.05 5.181346652052679 0
    endloop
  endfacet
  facet normal 0 0 -1
    outer loop
      vertex 80 4 0
      vertex 76.05 5.181346652052679 0
      vertex 76.2045105163372 5.279780706993117 0
    endloop
  endfacet
  facet normal 0 0 -1
    outer loop
      vertex 76.34862297099063 0.01522120763301782 0
      vertex 79.06417777247592 1.428849561253843 0
      vertex 77.6904730469628 0.37476885185340025 0
    endloop
  endfacet
  facet normal 0 0 -1
    outer loop
      vertex 77.6904730469628 0.37476885185340025 0
      vertex 78.29430574540419 0.7233918228440328 0
      vertex 78 0.5358983848622456 0
    endloop
  endfacet
  facet normal 0 0 -1
    outer loop
      vertex 77.6904730469628 0.37476885185340025 0
      vertex 79.06417777247592 1.428849561253843 0
      vertex 78.29430574540419 0.7233918228440328 0
    endloop
  endfacet
  facet normal 0 0 -1
    outer loop
      vertex 78.29430574540419 0.7233918228440328 0
      vertex 79.06417777247592 1.428849561253843 0
      vertex 78.57115043874616 0.935822227524088 0
    endloop
  endfacet
  facet normal 0 0 -1
    outer loop
      vertex 76.34862297099063 0.01522120763301782 0
      vertex 80 4 0
      vertex 79.06417777247592 1.428849561253843 0
    endloop
  endfacet
  facet normal 0 0 -1
    outer loop
      vertex 78.57115043874616 0.935822227524088 0
      vertex 79.06417777247592 1.428849561253843 0
      vertex 78.82842712474618 1.1715728752538097 0
    endloop
  endfacet
  facet normal 0 0 -1
    outer loop
      vertex 79.06417777247592 1.428849561253843 0
      vertex 79.46410161513775 2 0
      vertex 79.27660817715596 1.7056942545958158 0
    endloop
  endfacet
  facet normal 0 0 -1
    outer loop
      vertex 79.06417777247592 1.428849561253843 0
      vertex 79.75877048314364 2.6319194266973254 0
      vertex 79.46410161513775 2 0
    endloop
  endfacet
  facet normal 0 0 -1
    outer loop
      vertex 79.46410161513775 2 0
      vertex 79.75877048314364 2.6319194266973254 0
      vertex 79.6252311481466 2.309526953037202 0
    endloop
  endfacet
  facet normal 0 0 -1
    outer loop
      vertex 80 4 0
      vertex 76.2045105163372 5.279780706993117 0
      vertex 76.34985398034173 5.391306669450146 0
    endloop
  endfacet
  facet normal 0 0 -1
    outer loop
      vertex 80 4 0
      vertex 76.34985398034173 5.391306669450146 0
      vertex 76.48492424049175 5.51507575950825 0
    endloop
  endfacet
  facet normal 0 0 -1
    outer loop
      vertex 80 4 0
      vertex 76.48492424049175 5.51507575950825 0
      vertex 76.60869333054985 5.650146019658267 0
    endloop
  endfacet
  facet normal 0 0 -1
    outer loop
      vertex 80 4 0
      vertex 76.60869333054985 5.650146019658267 0
      vertex 76.72021929300688 5.795489483662803 0
    endloop
  endfacet
  facet normal 0 0 -1
    outer loop
      vertex 80 4 0
      vertex 76.72021929300688 5.795489483662803 0
      vertex 76.81865334794732 5.95 0
    endloop
  endfacet
  facet normal 0 0 -1
    outer loop
      vertex 79.06417777247592 1.428849561253843 0
      vertex 80 4 0
      vertex 79.75877048314364 2.6319194266973254 0
    endloop
  endfacet
  facet normal 0 0 -1
    outer loop
      vertex 79.75877048314364 2.6319194266973254 0
      vertex 79.93923101204884 3.305407289332279 0
      vertex 79.86370330515628 2.964723819589917 0
    endloop
  endfacet
  facet normal 0 0 -1
    outer loop
      vertex 79.75877048314364 2.6319194266973254 0
      vertex 80 4 0
      vertex 79.93923101204884 3.305407289332279 0
    endloop
  endfacet
  facet normal 0 0 -1
    outer loop
      vertex 79.93923101204884 3.305407289332279 0
      vertex 80 4 0
      vertex 79.98477879236698 3.6513770290093674 0
    endloop
  endfacet
  facet normal 0 0 -1
    outer loop
      vertex 76.34862297099063 13.984778792366981 0
      vertex 76.34985398034173 8.608693330549855 0
      vertex 76.2045105163372 8.720219293006883 0
    endloop
  endfacet
  facet normal 0 0 -1
    outer loop
      vertex 76.34862297099063 13.984778792366981 0
      vertex 76.48492424049175 8.48492424049175 0
      vertex 76.34985398034173 8.608693330549855 0
    endloop
  endfacet
  facet normal 0 0 -1
    outer loop
      vertex 76.34862297099063 13.984778792366981 0
      vertex 76.60869333054985 8.349853980341733 0
      vertex 76.48492424049175 8.48492424049175 0
    endloop
  endfacet
  facet normal 0 0 -1
    outer loop
      vertex 80 4 0
      vertex 76.81865334794732 5.95 0
      vertex 76.90324635277696 6.112501650344531 0
    endloop
  endfacet
  facet normal 0 0 -1
    outer loop
      vertex 80 4 0
      vertex 76.90324635277696 6.112501650344531 0
      vertex 76.97335450365041 6.2817576990160955 0
    endloop
  endfacet
  facet normal 0 0 -1
    outer loop
      vertex 80 4 0
      vertex 76.97335450365041 6.2817576990160955 0
      vertex 77.02844423520705 6.456480005284707 0
    endloop
  endfacet
  facet normal 0 0 -1
    outer loop
      vertex 80 4 0
      vertex 77.02844423520705 6.456480005284707 0
      vertex 77.06809628132564 6.635338826899447 0
    endloop
  endfacet
  facet normal 0 0 -1
    outer loop
      vertex 80 4 0
      vertex 77.06809628132564 6.635338826899447 0
      vertex 77.09200886599267 6.816972940229918 0
    endloop
  endfacet
  facet normal 0 0 -1
    outer loop
      vertex 80 4 0
      vertex 77.09200886599267 6.816972940229918 0
      vertex 77.1 7 0
    endloop
  endfacet
  facet normal 0 0 -1
    outer loop
      vertex 80 4 0
      vertex 77.1 7 0
      vertex 77.09200886599267 7.183027059770082 0
    endloop
  endfacet
  facet normal 0 0 -1
    outer loop
      vertex 80 4 0
      vertex 77.09200886599267 7.183027059770082 0
      vertex 77.06809628132564 7.364661173100553 0
    endloop
  endfacet
  facet normal 0 0 -1
    outer loop
      vertex 80 4 0
      vertex 76.97335450365041 7.7182423009839045 0
      vertex 76.90324635277696 7.887498349655469 0
    endloop
  endfacet
  facet normal 0 0 -1
    outer loop
      vertex 80 4 0
      vertex 77.06809628132564 7.364661173100553 0
      vertex 77.02844423520705 7.543519994715293 0
    endloop
  endfacet
  facet normal 0 0 -1
    outer loop
      vertex 80 4 0
      vertex 77.02844423520705 7.543519994715293 0
      vertex 76.97335450365041 7.7182423009839045 0
    endloop
  endfacet
  facet normal 0 0 -1
    outer loop
      vertex 80 4 0
      vertex 76.72021929300688 8.204510516337196 0
      vertex 76.60869333054985 8.349853980341733 0
    endloop
  endfacet
  facet normal 0 0 -1
    outer loop
      vertex 80 4 0
      vertex 76.90324635277696 7.887498349655469 0
      vertex 76.81865334794732 8.05 0
    endloop
  endfacet
  facet normal 0 0 -1
    outer loop
      vertex 80 4 0
      vertex 76.81865334794732 8.05 0
      vertex 76.72021929300688 8.204510516337196 0
    endloop
  endfacet
  facet normal 0 0 -1
    outer loop
      vertex 80 4 0
      vertex 76.60869333054985 8.349853980341733 0
      vertex 76.34862297099063 13.984778792366981 0
    endloop
  endfacet
  facet normal 0 0 -1
    outer loop
      vertex 80 4 0
      vertex 76.34862297099063 13.984778792366981 0
      vertex 79.75877048314364 11.368080573302676 0
    endloop
  endfacet
  facet normal 0 0 -1
    outer loop
      vertex 80 4 0
      vertex 79.75877048314364 11.368080573302676 0
      vertex 80 10 0
    endloop
  endfacet
  facet normal 0 0 -1
    outer loop
      vertex 80 10 0
      vertex 79.93923101204884 10.694592710667722 0
      vertex 79.98477879236698 10.348622970990633 0
    endloop
  endfacet
  facet normal 0 0 -1
    outer loop
      vertex 73.95 8.818653347947322 0
      vertex 73.7954894836628 8.720219293006883 0
      vertex 70 14 0
    endloop
  endfacet
  facet normal 0 0 -1
    outer loop
      vertex 76.34862297099063 13.984778792366981 0
      vertex 73.95 8.818653347947322 0
      vertex 70 14 0
    endloop
  endfacet
  facet normal 0 0 -1
    outer loop
      vertex 76.34862297099063 13.984778792366981 0
      vertex 74.11250165034453 8.903246352776964 0
      vertex 73.95 8.818653347947322 0
    endloop
  endfacet
  facet normal 0 0 -1
    outer loop
      vertex 76.34862297099063 13.984778792366981 0
      vertex 74.2817576990161 8.973354503650407 0
      vertex 74.11250165034453 8.903246352776964 0
    endloop
  endfacet
  facet normal 0 0 -1
    outer loop
      vertex 76 14 0
      vertex 76.34862297099063 13.984778792366981 0
      vertex 70 14 0
    endloop
  endfacet
  facet normal 0 0 -1
    outer loop
      vertex 76.34862297099063 13.984778792366981 0
      vertex 74.4564800052847 9.028444235207044 0
      vertex 74.2817576990161 8.973354503650407 0
    endloop
  endfacet
  facet normal 0 0 -1
    outer loop
      vertex 76.34862297099063 13.984778792366981 0
      vertex 74.63533882689944 9.068096281325637 0
      vertex 74.4564800052847 9.028444235207044 0
    endloop
  endfacet
  facet normal 0 0 -1
    outer loop
      vertex 76.34862297099063 13.984778792366981 0
      vertex 74.81697294022992 9.092008865992666 0
      vertex 74.63533882689944 9.068096281325637 0
    endloop
  endfacet
  facet normal 0 0 -1
    outer loop
      vertex 76.34862297099063 13.984778792366981 0
      vertex 75 9.1 0
      vertex 74.81697294022992 9.092008865992666 0
    endloop
  endfacet
  facet normal 0 0 -1
    outer loop
      vertex 76.34862297099063 13.984778792366981 0
      vertex 75.18302705977008 9.092008865992666 0
      vertex 75 9.1 0
    endloop
  endfacet
  facet normal 0 0 -1
    outer loop
      vertex 76.34862297099063 13.984778792366981 0
      vertex 75.36466117310056 9.068096281325637 0
      vertex 75.18302705977008 9.092008865992666 0
    endloop
  endfacet
  facet normal 0 0 -1
    outer loop
      vertex 76.34862297099063 13.984778792366981 0
      vertex 75.5435199947153 9.028444235207044 0
      vertex 75.36466117310056 9.068096281325637 0
    endloop
  endfacet
  facet normal 0 0 -1
    outer loop
      vertex 76.34862297099063 13.984778792366981 0
      vertex 75.7182423009839 8.973354503650407 0
      vertex 75.5435199947153 9.028444235207044 0
    endloop
  endfacet
  facet normal 0 0 -1
    outer loop
      vertex 76.34862297099063 13.984778792366981 0
      vertex 75.88749834965547 8.903246352776964 0
      vertex 75.7182423009839 8.973354503650407 0
    endloop
  endfacet
  facet normal 0 0 -1
    outer loop
      vertex 76.34862297099063 13.984778792366981 0
      vertex 76.05 8.818653347947322 0
      vertex 75.88749834965547 8.903246352776964 0
    endloop
  endfacet
  facet normal 0 0 -1
    outer loop
      vertex 76.34862297099063 13.984778792366981 0
      vertex 76.2045105163372 8.720219293006883 0
      vertex 76.05 8.818653347947322 0
    endloop
  endfacet
  facet normal 0 0 -1
    outer loop
      vertex 76.34862297099063 13.984778792366981 0
      vertex 76.69459271066772 13.939231012048833 0
      vertex 77.03527618041008 13.863703305156273 0
    endloop
  endfacet
  facet normal 0 0 -1
    outer loop
      vertex 77.36808057330268 13.758770483143634 0
      vertex 78.29430574540419 13.276608177155968 0
      vertex 76.34862297099063 13.984778792366981 0
    endloop
  endfacet
  facet normal 0 0 -1
    outer loop
      vertex 77.36808057330268 13.758770483143634 0
      vertex 76.34862297099063 13.984778792366981 0
      vertex 77.03527618041008 13.863703305156273 0
    endloop
  endfacet
  facet normal 0 0 -1
    outer loop
      vertex 79.75877048314364 11.368080573302676 0
      vertex 76.34862297099063 13.984778792366981 0
      vertex 78.29430574540419 13.276608177155968 0
    endloop
  endfacet
  facet normal 0 0 -1
    outer loop
      vertex 78.57115043874616 13.064177772475912 0
      vertex 78.82842712474618 12.82842712474619 0
      vertex 78.29430574540419 13.276608177155968 0
    endloop
  endfacet
  facet normal 0 0 -1
    outer loop
      vertex 80 10 0
      vertex 79.75877048314364 11.368080573302676 0
      vertex 79.93923101204884 10.694592710667722 0
    endloop
  endfacet
  facet normal 0 0 -1
    outer loop
      vertex 79.93923101204884 10.694592710667722 0
      vertex 79.75877048314364 11.368080573302676 0
      vertex 79.86370330515628 11.035276180410083 0
    endloop
  endfacet
  facet normal 0 0 -1
    outer loop
      vertex 79.75877048314364 11.368080573302676 0
      vertex 79.27660817715596 12.294305745404184 0
      vertex 79.6252311481466 11.690473046962797 0
    endloop
  endfacet
  facet normal 0 0 -1
    outer loop
      vertex 79.75877048314364 11.368080573302676 0
      vertex 78.29430574540419 13.276608177155968 0
      vertex 79.27660817715596 12.294305745404184 0
    endloop
  endfacet
  facet normal 0 0 -1
    outer loop
      vertex 79.27660817715596 12.294305745404184 0
      vertex 78.82842712474618 12.82842712474619 0
      vertex 79.06417777247592 12.571150438746157 0
    endloop
  endfacet
  facet normal 0 0 -1
    outer loop
      vertex 79.27660817715596 12.294305745404184 0
      vertex 78.29430574540419 13.276608177155968 0
      vertex 78.82842712474618 12.82842712474619 0
    endloop
  endfacet
  facet normal 0 0 -1
    outer loop
      vertex 79.6252311481466 11.690473046962797 0
      vertex 79.27660817715596 12.294305745404184 0
      vertex 79.46410161513775 12 0
    endloop
  endfacet
  facet normal 0 0 -1
    outer loop
      vertex 77.36808057330268 13.758770483143634 0
      vertex 77.6904730469628 13.6252311481466 0
      vertex 78 13.464101615137753 0
    endloop
  endfacet
  facet normal 0 0 -1
    outer loop
      vertex 77.36808057330268 13.758770483143634 0
      vertex 78 13.464101615137753 0
      vertex 78.29430574540419 13.276608177155968 0
    endloop
  endfacet
  facet normal 0 -1 0
    outer loop
      vertex 76 0 0
      vertex 76 0 5
      vertex 70 0 0
    endloop
  endfacet
  facet normal 0.04361938736533587 -0.9990482215818578 -1.7045803192575133e-19
    outer loop
      vertex 76 0 0
      vertex 76.34862297099063 0.01522120763301782 0
      vertex 76.34862297099063 0.01522120763301782 5
    endloop
  endfacet
  facet normal 0.13052619222005252 -0.9914448613738103 0
    outer loop
      vertex 76.34862297099063 0.01522120763301782 0
      vertex 76.69459271066772 0.06076898795116792 0
      vertex 76.34862297099063 0.01522120763301782 5
    endloop
  endfacet
  facet normal 0.21643961393810374 -0.9762960071199333 -6.58564120256309e-19
    outer loop
      vertex 76.69459271066772 0.06076898795116792 0
      vertex 77.03527618041008 0.13629669484372675 0
      vertex 77.03527618041008 0.13629669484372675 5
    endloop
  endfacet
  facet normal 0.300705799504268 -0.9537169507482286 0
    outer loop
      vertex 77.03527618041008 0.13629669484372675 0
      vertex 77.36808057330268 0.2412295168563663 0
      vertex 77.03527618041008 0.13629669484372675 5
    endloop
  endfacet
  facet normal 0.38268343236509705 -0.9238795325112836 1.954188803118481e-18
    outer loop
      vertex 77.36808057330268 0.2412295168563663 0
      vertex 77.6904730469628 0.37476885185340025 0
      vertex 77.6904730469628 0.37476885185340025 5
    endloop
  endfacet
  facet normal 0.4617486132350292 -0.8870108331782242 0
    outer loop
      vertex 77.6904730469628 0.37476885185340025 0
      vertex 78 0.5358983848622456 0
      vertex 77.6904730469628 0.37476885185340025 5
    endloop
  endfacet
  facet normal 0.537299608346819 -0.8433914458128888 -8.208363433039391e-19
    outer loop
      vertex 78 0.5358983848622456 0
      vertex 78.29430574540419 0.7233918228440328 0
      vertex 78.29430574540419 0.7233918228440328 5
    endloop
  endfacet
  facet normal 0.6087614290087234 -0.793353340291233 0
    outer loop
      vertex 78.29430574540419 0.7233918228440328 0
      vertex 78.57115043874616 0.935822227524088 0
      vertex 78.29430574540419 0.7233918228440328 5
    endloop
  endfacet
  facet normal 0.6755902076156699 -0.7372773368101152 6.167961535814218e-20
    outer loop
      vertex 78.57115043874616 0.935822227524088 0
      vertex 78.82842712474618 1.1715728752538097 0
      vertex 78.82842712474618 1.1715728752538097 5
    endloop
  endfacet
  facet normal 0.7372773368101124 -0.675590207615673 -6.905105081760584e-19
    outer loop
      vertex 78.82842712474618 1.1715728752538097 0
      vertex 79.06417777247592 1.428849561253843 0
      vertex 79.06417777247592 1.428849561253843 5
    endloop
  endfacet
  facet normal 0.7933533402912435 -0.6087614290087098 0
    outer loop
      vertex 79.06417777247592 1.428849561253843 0
      vertex 79.27660817715596 1.7056942545958158 0
      vertex 79.06417777247592 1.428849561253843 5
    endloop
  endfacet
  facet normal 0.8433914458128875 -0.5372996083468209 0
    outer loop
      vertex 79.27660817715596 1.7056942545958158 0
      vertex 79.46410161513775 2 0
      vertex 79.27660817715596 1.7056942545958158 5
    endloop
  endfacet
  facet normal 0.8870108331782199 -0.46174861323503746 0
    outer loop
      vertex 79.46410161513775 2 0
      vertex 79.6252311481466 2.309526953037202 0
      vertex 79.46410161513775 2 5
    endloop
  endfacet
  facet normal 0.9238795325112817 -0.3826834323651019 7.952264941798177e-19
    outer loop
      vertex 79.6252311481466 2.309526953037202 0
      vertex 79.75877048314364 2.6319194266973254 0
      vertex 79.75877048314364 2.6319194266973254 5
    endloop
  endfacet
  facet normal 0.9537169507482244 -0.3007057995042812 0
    outer loop
      vertex 79.75877048314364 2.6319194266973254 0
      vertex 79.86370330515628 2.964723819589917 0
      vertex 79.75877048314364 2.6319194266973254 5
    endloop
  endfacet
  facet normal 0.976296007119934 -0.21643961393809968 9.12950866954762e-19
    outer loop
      vertex 79.86370330515628 2.964723819589917 0
      vertex 79.93923101204884 3.305407289332279 0
      vertex 79.93923101204884 3.305407289332279 5
    endloop
  endfacet
  facet normal 0.9914448613738123 -0.13052619222003845 0
    outer loop
      vertex 79.93923101204884 3.305407289332279 0
      vertex 79.98477879236698 3.6513770290093674 0
      vertex 79.93923101204884 3.305407289332279 5
    endloop
  endfacet
  facet normal 0.9990482215818577 -0.04361938736533841 -1.7546785483100718e-19
    outer loop
      vertex 79.98477879236698 3.6513770290093674 0
      vertex 80 4 0
      vertex 80 4 5
    endloop
  endfacet
  facet normal 1 0 0
    outer loop
      vertex 80 4 0
      vertex 80 10 0
      vertex 80 10 5
    endloop
  endfacet
  facet normal 0.9990482215818577 0.04361938736533841 1.7546785483100718e-19
    outer loop
      vertex 80 10 0
      vertex 79.98477879236698 10.348622970990633 0
      vertex 79.98477879236698 10.348622970990633 5
    endloop
  endfacet
  facet normal 0.9914448613738123 0.1305261922200381 0
    outer loop
      vertex 79.98477879236698 10.348622970990633 0
      vertex 79.93923101204884 10.694592710667722 0
      vertex 79.98477879236698 10.348622970990633 5
    endloop
  endfacet
  facet normal 0 1 0
    outer loop
      vertex 76 14 0
      vertex 70 14 0
      vertex 70 14 5
    endloop
  endfacet
  facet normal 0.04361938736533841 0.9990482215818577 0
    outer loop
      vertex 76 14 0
      vertex 76 14 5
      vertex 76.34862297099063 13.984778792366981 0
    endloop
  endfacet
  facet normal 0.13052619222004874 0.9914448613738107 0
    outer loop
      vertex 76.34862297099063 13.984778792366981 0
      vertex 76.34862297099063 13.984778792366981 5
      vertex 76.69459271066772 13.939231012048833 0
    endloop
  endfacet
  facet normal 0.21643961393810615 0.9762960071199326 0
    outer loop
      vertex 76.69459271066772 13.939231012048833 0
      vertex 76.69459271066772 13.939231012048833 5
      vertex 77.03527618041008 13.863703305156273 0
    endloop
  endfacet
  facet normal 0.30070579950426685 0.9537169507482288 0
    outer loop
      vertex 77.36808057330268 13.758770483143634 0
      vertex 77.03527618041008 13.863703305156273 0
      vertex 77.36808057330268 13.758770483143634 5
    endloop
  endfacet
  facet normal 0.6755902076156699 0.7372773368101152 -6.167961535814218e-20
    outer loop
      vertex 78.57115043874616 13.064177772475912 0
      vertex 78.82842712474618 12.82842712474619 5
      vertex 78.82842712474618 12.82842712474619 0
    endloop
  endfacet
  facet normal 0.9537169507482245 0.30070579950428045 0
    outer loop
      vertex 79.86370330515628 11.035276180410083 0
      vertex 79.75877048314364 11.368080573302676 0
      vertex 79.86370330515628 11.035276180410083 5
    endloop
  endfacet
  facet normal 0.9762960071199339 0.21643961393810024 -2.4662602007509195e-19
    outer loop
      vertex 79.93923101204884 10.694592710667722 0
      vertex 79.86370330515628 11.035276180410083 0
      vertex 79.86370330515628 11.035276180410083 5
    endloop
  endfacet
  facet normal 0.923879532511281 0.38268343236510366 -5.523540530252742e-20
    outer loop
      vertex 79.75877048314364 11.368080573302676 0
      vertex 79.6252311481466 11.690473046962797 0
      vertex 79.6252311481466 11.690473046962797 5
    endloop
  endfacet
  facet normal 0.7933533402912435 0.6087614290087098 0
    outer loop
      vertex 79.27660817715596 12.294305745404184 0
      vertex 79.06417777247592 12.571150438746157 0
      vertex 79.27660817715596 12.294305745404184 5
    endloop
  endfacet
  facet normal 0.7372773368101118 0.6755902076156736 1.0406474256271223e-18
    outer loop
      vertex 79.06417777247592 12.571150438746157 0
      vertex 78.82842712474618 12.82842712474619 0
      vertex 78.82842712474618 12.82842712474619 5
    endloop
  endfacet
  facet normal 0.8870108331782204 0.4617486132350364 -9.793596033340655e-19
    outer loop
      vertex 79.6252311481466 11.690473046962797 0
      vertex 79.46410161513775 12 0
      vertex 79.46410161513775 12 5
    endloop
  endfacet
  facet normal 0.8433914458128875 0.5372996083468209 0
    outer loop
      vertex 79.46410161513775 12 0
      vertex 79.27660817715596 12.294305745404184 0
      vertex 79.46410161513775 12 5
    endloop
  endfacet
  facet normal 0.382683432365096 0.9238795325112841 5.636943427340294e-19
    outer loop
      vertex 77.36808057330268 13.758770483143634 0
      vertex 77.6904730469628 13.6252311481466 5
      vertex 77.6904730469628 13.6252311481466 0
    endloop
  endfacet
  facet normal 0.4617486132350322 0.8870108331782226 1.0157956792684642e-18
    outer loop
      vertex 78 13.464101615137753 0
      vertex 77.6904730469628 13.6252311481466 0
      vertex 77.6904730469628 13.6252311481466 5
    endloop
  endfacet
  facet normal 0.5372996083468162 0.8433914458128905 -1.1409832378634682e-18
    outer loop
      vertex 78.29430574540419 13.276608177155968 0
      vertex 78 13.464101615137753 0
      vertex 78 13.464101615137753 5
    endloop
  endfacet
  facet normal 0.6087614290087251 0.7933533402912318 0
    outer loop
      vertex 78.57115043874616 13.064177772475912 0
      vertex 78.29430574540419 13.276608177155968 0
      vertex 78.57115043874616 13.064177772475912 5
    endloop
  endfacet
  facet normal 0 -1 0
    outer loop
      vertex 76 0 5
      vertex 70 0 5
      vertex 70 0 0
    endloop
  endfacet
  facet normal 0.04361938736533587 -0.9990482215818578 0
    outer loop
      vertex 76 0 0
      vertex 76.34862297099063 0.01522120763301782 5
      vertex 76 0 5
    endloop
  endfacet
  facet normal 0.13052619222005252 -0.9914448613738103 0
    outer loop
      vertex 76.69459271066772 0.06076898795116792 0
      vertex 76.69459271066772 0.06076898795116792 5
      vertex 76.34862297099063 0.01522120763301782 5
    endloop
  endfacet
  facet normal 0.21643961393810374 -0.9762960071199333 0
    outer loop
      vertex 76.69459271066772 0.06076898795116792 0
      vertex 77.03527618041008 0.13629669484372675 5
      vertex 76.69459271066772 0.06076898795116792 5
    endloop
  endfacet
  facet normal 0.300705799504268 -0.9537169507482286 0
    outer loop
      vertex 77.36808057330268 0.2412295168563663 0
      vertex 77.36808057330268 0.2412295168563663 5
      vertex 77.03527618041008 0.13629669484372675 5
    endloop
  endfacet
  facet normal 0.38268343236509705 -0.9238795325112836 0
    outer loop
      vertex 77.36808057330268 0.2412295168563663 0
      vertex 77.6904730469628 0.37476885185340025 5
      vertex 77.36808057330268 0.2412295168563663 5
    endloop
  endfacet
  facet normal 0.4617486132350292 -0.8870108331782242 0
    outer loop
      vertex 78 0.5358983848622456 0
      vertex 78 0.5358983848622456 5
      vertex 77.6904730469628 0.37476885185340025 5
    endloop
  endfacet
  facet normal 0.537299608346819 -0.8433914458128888 0
    outer loop
      vertex 78 0.5358983848622456 0
      vertex 78.29430574540419 0.7233918228440328 5
      vertex 78 0.5358983848622456 5
    endloop
  endfacet
  facet normal 0.6087614290087234 -0.793353340291233 0
    outer loop
      vertex 78.57115043874616 0.935822227524088 0
      vertex 78.57115043874616 0.935822227524088 5
      vertex 78.29430574540419 0.7233918228440328 5
    endloop
  endfacet
  facet normal 0.6755902076156699 -0.7372773368101152 0
    outer loop
      vertex 78.57115043874616 0.935822227524088 0
      vertex 78.82842712474618 1.1715728752538097 5
      vertex 78.57115043874616 0.935822227524088 5
    endloop
  endfacet
  facet normal 0.7372773368101124 -0.675590207615673 0
    outer loop
      vertex 78.82842712474618 1.1715728752538097 0
      vertex 79.06417777247592 1.428849561253843 5
      vertex 78.82842712474618 1.1715728752538097 5
    endloop
  endfacet
  facet normal 0.7933533402912435 -0.6087614290087098 0
    outer loop
      vertex 79.27660817715596 1.7056942545958158 0
      vertex 79.27660817715596 1.7056942545958158 5
      vertex 79.06417777247592 1.428849561253843 5
    endloop
  endfacet
  facet normal 0.8433914458128875 -0.5372996083468209 0
    outer loop
      vertex 79.46410161513775 2 0
      vertex 79.46410161513775 2 5
      vertex 79.27660817715596 1.7056942545958158 5
    endloop
  endfacet
  facet normal 0.8870108331782199 -0.46174861323503746 0
    outer loop
      vertex 79.6252311481466 2.309526953037202 0
      vertex 79.6252311481466 2.309526953037202 5
      vertex 79.46410161513775 2 5
    endloop
  endfacet
  facet normal 0.9238795325112817 -0.3826834323651019 0
    outer loop
      vertex 79.6252311481466 2.309526953037202 0
      vertex 79.75877048314364 2.6319194266973254 5
      vertex 79.6252311481466 2.309526953037202 5
    endloop
  endfacet
  facet normal 0.9537169507482244 -0.3007057995042812 0
    outer loop
      vertex 79.86370330515628 2.964723819589917 0
      vertex 79.86370330515628 2.964723819589917 5
      vertex 79.75877048314364 2.6319194266973254 5
    endloop
  endfacet
  facet normal 0.976296007119934 -0.21643961393809968 0
    outer loop
      vertex 79.86370330515628 2.964723819589917 0
      vertex 79.93923101204884 3.305407289332279 5
      vertex 79.86370330515628 2.964723819589917 5
    endloop
  endfacet
  facet normal 0.9914448613738123 -0.13052619222003845 0
    outer loop
      vertex 79.98477879236698 3.6513770290093674 0
      vertex 79.98477879236698 3.6513770290093674 5
      vertex 79.93923101204884 3.305407289332279 5
    endloop
  endfacet
  facet normal 0.9990482215818577 -0.04361938736533841 0
    outer loop
      vertex 79.98477879236698 3.6513770290093674 0
      vertex 80 4 5
      vertex 79.98477879236698 3.6513770290093674 5
    endloop
  endfacet
  facet normal 1 0 0
    outer loop
      vertex 80 4 0
      vertex 80 10 5
      vertex 80 4 5
    endloop
  endfacet
  facet normal 0.9990482215818577 0.04361938736533841 0
    outer loop
      vertex 80 10 0
      vertex 79.98477879236698 10.348622970990633 5
      vertex 80 10 5
    endloop
  endfacet
  facet normal 0 1 0
    outer loop
      vertex 76 14 0
      vertex 70 14 5
      vertex 76 14 5
    endloop
  endfacet
  facet normal 0.04361938736533841 0.9990482215818577 0
    outer loop
      vertex 76.34862297099063 13.984778792366981 0
      vertex 76 14 5
      vertex 76.34862297099063 13.984778792366981 5
    endloop
  endfacet
  facet normal 0.13052619222004874 0.9914448613738107 0
    outer loop
      vertex 76.69459271066772 13.939231012048833 0
      vertex 76.34862297099063 13.984778792366981 5
      vertex 76.69459271066772 13.939231012048833 5
    endloop
  endfacet
  facet normal 0.382683432365096 0.9238795325112841 0
    outer loop
      vertex 77.36808057330268 13.758770483143634 0
      vertex 77.36808057330268 13.758770483143634 5
      vertex 77.6904730469628 13.6252311481466 5
    endloop
  endfacet
  facet normal 0.21643961393810615 0.9762960071199326 0
    outer loop
      vertex 77.03527618041008 13.863703305156273 0
      vertex 76.69459271066772 13.939231012048833 5
      vertex 77.03527618041008 13.863703305156273 5
    endloop
  endfacet
  facet normal 0.30070579950426685 0.9537169507482288 0
    outer loop
      vertex 77.03527618041008 13.863703305156273 0
      vertex 77.03527618041008 13.863703305156273 5
      vertex 77.36808057330268 13.758770483143634 5
    endloop
  endfacet
  facet normal 0.6755902076156699 0.7372773368101152 0
    outer loop
      vertex 78.57115043874616 13.064177772475912 0
      vertex 78.57115043874616 13.064177772475912 5
      vertex 78.82842712474618 12.82842712474619 5
    endloop
  endfacet
  facet normal 0.9914448613738123 0.1305261922200381 0
    outer loop
      vertex 79.93923101204884 10.694592710667722 0
      vertex 79.93923101204884 10.694592710667722 5
      vertex 79.98477879236698 10.348622970990633 5
    endloop
  endfacet
  facet normal 0.9762960071199339 0.21643961393810024 0
    outer loop
      vertex 79.93923101204884 10.694592710667722 0
      vertex 79.86370330515628 11.035276180410083 5
      vertex 79.93923101204884 10.694592710667722 5
    endloop
  endfacet
  facet normal 0.8870108331782204 0.4617486132350364 0
    outer loop
      vertex 79.6252311481466 11.690473046962797 0
      vertex 79.46410161513775 12 5
      vertex 79.6252311481466 11.690473046962797 5
    endloop
  endfacet
  facet normal 0.9537169507482245 0.30070579950428045 0
    outer loop
      vertex 79.75877048314364 11.368080573302676 0
      vertex 79.75877048314364 11.368080573302676 5
      vertex 79.86370330515628 11.035276180410083 5
    endloop
  endfacet
  facet normal 0.923879532511281 0.38268343236510366 0
    outer loop
      vertex 79.75877048314364 11.368080573302676 0
      vertex 79.6252311481466 11.690473046962797 5
      vertex 79.75877048314364 11.368080573302676 5
    endloop
  endfacet
  facet normal 0.8433914458128875 0.5372996083468209 0
    outer loop
      vertex 79.27660817715596 12.294305745404184 0
      vertex 79.27660817715596 12.294305745404184 5
      vertex 79.46410161513775 12 5
    endloop
  endfacet
  facet normal 0.7372773368101118 0.6755902076156736 0
    outer loop
      vertex 79.06417777247592 12.571150438746157 0
      vertex 78.82842712474618 12.82842712474619 5
      vertex 79.06417777247592 12.571150438746157 5
    endloop
  endfacet
  facet normal 0.7933533402912435 0.6087614290087098 0
    outer loop
      vertex 79.06417777247592 12.571150438746157 0
      vertex 79.06417777247592 12.571150438746157 5
      vertex 79.27660817715596 12.294305745404184 5
    endloop
  endfacet
  facet normal 0.4617486132350322 0.8870108331782226 0
    outer loop
      vertex 78 13.464101615137753 0
      vertex 77.6904730469628 13.6252311481466 5
      vertex 78 13.464101615137753 5
    endloop
  endfacet
  facet normal 0.5372996083468162 0.8433914458128905 0
    outer loop
      vertex 78.29430574540419 13.276608177155968 0
      vertex 78 13.464101615137753 5
      vertex 78.29430574540419 13.276608177155968 5
    endloop
  endfacet
  facet normal 0.6087614290087251 0.7933533402912318 0
    outer loop
      vertex 78.29430574540419 13.276608177155968 0
      vertex 78.29430574540419 13.276608177155968 5
      vertex 78.57115043874616 13.064177772475912 5
    endloop
  endfacet
  facet normal 0 0 1
    outer loop
      vertex 76.34862297099063 0.01522120763301782 5
      vertex 70 3.473684210526316 5
      vertex 70 0 5
    endloop
  endfacet
  facet normal 0 0 1
    outer loop
      vertex 70 3.473684210526316 5
      vertex 73.27978070699312 5.795489483662803 5
      vertex 73.18134665205268 5.95 5
    endloop
  endfacet
  facet normal 0 0 1
    outer loop
      vertex 70 3.473684210526316 5
      vertex 73.18134665205268 5.95 5
      vertex 73.09675364722304 6.112501650344531 5
    endloop
  endfacet
  facet normal 0 0 1
    outer loop
      vertex 70 3.473684210526316 5
      vertex 73.51507575950825 5.51507575950825 5
      vertex 73.39130666945015 5.650146019658267 5
    endloop
  endfacet
  facet normal 0 0 1
    outer loop
      vertex 70 3.473684210526316 5
      vertex 73.7954894836628 5.279780706993117 5
      vertex 73.65014601965827 5.391306669450146 5
    endloop
  endfacet
  facet normal 0 0 1
    outer loop
      vertex 70 3.473684210526316 5
      vertex 73.65014601965827 5.391306669450146 5
      vertex 73.51507575950825 5.51507575950825 5
    endloop
  endfacet
  facet normal 0 0 1
    outer loop
      vertex 70 3.473684210526316 5
      vertex 73.39130666945015 5.650146019658267 5
      vertex 73.27978070699312 5.795489483662803 5
    endloop
  endfacet
  facet normal 0 0 1
    outer loop
      vertex 76 0 5
      vertex 76.34862297099063 0.01522120763301782 5
      vertex 70 0 5
    endloop
  endfacet
  facet normal 0 0 1
    outer loop
      vertex 70 3.473684210526316 5
      vertex 74.11250165034453 5.096753647223035 5
      vertex 73.95 5.181346652052679 5
    endloop
  endfacet
  facet normal 0 0 1
    outer loop
      vertex 70 3.473684210526316 5
      vertex 74.2817576990161 5.026645496349592 5
      vertex 74.11250165034453 5.096753647223035 5
    endloop
  endfacet
  facet normal 0 0 1
    outer loop
      vertex 70 3.473684210526316 5
      vertex 74.4564800052847 4.9715557647929565 5
      vertex 74.2817576990161 5.026645496349592 5
    endloop
  endfacet
  facet normal 0 0 1
    outer loop
      vertex 70 3.473684210526316 5
      vertex 74.63533882689944 4.931903718674363 5
      vertex 74.4564800052847 4.9715557647929565 5
    endloop
  endfacet
  facet normal 0 0 1
    outer loop
      vertex 70 3.473684210526316 5
      vertex 73.95 5.181346652052679 5
      vertex 73.7954894836628 5.279780706993117 5
    endloop
  endfacet
  facet normal 0 0 1
    outer loop
      vertex 80 4 5
      vertex 74.63533882689944 4.931903718674363 5
      vertex 70 3.473684210526316 5
    endloop
  endfacet
  facet normal 0 0 1
    outer loop
      vertex 70 3.473684210526316 5
      vertex 73.02664549634959 6.2817576990160955 5
      vertex 72.97155576479295 6.456480005284707 5
    endloop
  endfacet
  facet normal 0 0 1
    outer loop
      vertex 70 3.473684210526316 5
      vertex 72.97155576479295 6.456480005284707 5
      vertex 72.93190371867436 6.635338826899447 5
    endloop
  endfacet
  facet normal 0 0 1
    outer loop
      vertex 70 3.473684210526316 5
      vertex 73.09675364722304 6.112501650344531 5
      vertex 73.02664549634959 6.2817576990160955 5
    endloop
  endfacet
  facet normal 0 0 1
    outer loop
      vertex 70 3.473684210526316 5
      vertex 72.93190371867436 6.635338826899447 5
      vertex 72.90799113400733 6.816972940229918 5
    endloop
  endfacet
  facet normal 0 0 1
    outer loop
      vertex 70 3.473684210526316 5
      vertex 72.90799113400733 6.816972940229918 5
      vertex 72.9 7 5
    endloop
  endfacet
  facet normal 0 0 1
    outer loop
      vertex 70 3.473684210526316 5
      vertex 72.9 7 5
      vertex 72.90799113400733 7.183027059770082 5
    endloop
  endfacet
  facet normal 0 0 1
    outer loop
      vertex 70 3.473684210526316 5
      vertex 72.90799113400733 7.183027059770082 5
      vertex 72.93190371867436 7.364661173100553 5
    endloop
  endfacet
  facet normal 0 0 1
    outer loop
      vertex 70 3.473684210526316 5
      vertex 72.93190371867436 7.364661173100553 5
      vertex 72.97155576479295 7.543519994715293 5
    endloop
  endfacet
  facet normal 0 0 1
    outer loop
      vertex 70 3.473684210526316 5
      vertex 72.97155576479295 7.543519994715293 5
      vertex 73.02664549634959 7.7182423009839045 5
    endloop
  endfacet
  facet normal 0 0 1
    outer loop
      vertex 70 3.473684210526316 5
      vertex 73.02664549634959 7.7182423009839045 5
      vertex 73.09675364722304 7.887498349655469 5
    endloop
  endfacet
  facet normal 0 0 1
    outer loop
      vertex 70 3.473684210526316 5
      vertex 73.09675364722304 7.887498349655469 5
      vertex 70 14 5
    endloop
  endfacet
  facet normal 0 0 1
    outer loop
      vertex 70 14 5
      vertex 73.09675364722304 7.887498349655469 5
      vertex 73.18134665205268 8.05 5
    endloop
  endfacet
  facet normal 0 0 1
    outer loop
      vertex 70 14 5
      vertex 73.18134665205268 8.05 5
      vertex 73.27978070699312 8.204510516337196 5
    endloop
  endfacet
  facet normal 0 0 1
    outer loop
      vertex 70 14 5
      vertex 73.27978070699312 8.204510516337196 5
      vertex 73.39130666945015 8.349853980341733 5
    endloop
  endfacet
  facet normal 0 0 1
    outer loop
      vertex 70 14 5
      vertex 73.39130666945015 8.349853980341733 5
      vertex 73.51507575950825 8.48492424049175 5
    endloop
  endfacet
  facet normal 0 0 1
    outer loop
      vertex 70 14 5
      vertex 73.51507575950825 8.48492424049175 5
      vertex 73.65014601965827 8.608693330549855 5
    endloop
  endfacet
  facet normal 0 0 1
    outer loop
      vertex 70 14 5
      vertex 73.65014601965827 8.608693330549855 5
      vertex 73.7954894836628 8.720219293006883 5
    endloop
  endfacet
  facet normal 0 0 1
    outer loop
      vertex 76.34862297099063 0.01522120763301782 5
      vertex 80 4 5
      vertex 70 3.473684210526316 5
    endloop
  endfacet
  facet normal 0 0 1
    outer loop
      vertex 76.34862297099063 0.01522120763301782 5
      vertex 76.69459271066772 0.06076898795116792 5
      vertex 77.03527618041008 0.13629669484372675 5
    endloop
  endfacet
  facet normal 0 0 1
    outer loop
      vertex 76.34862297099063 0.01522120763301782 5
      vertex 77.03527618041008 0.13629669484372675 5
      vertex 77.6904730469628 0.37476885185340025 5
    endloop
  endfacet
  facet normal 0 0 1
    outer loop
      vertex 77.03527618041008 0.13629669484372675 5
      vertex 77.36808057330268 0.2412295168563663 5
      vertex 77.6904730469628 0.37476885185340025 5
    endloop
  endfacet
  facet normal 0 0 1
    outer loop
      vertex 80 4 5
      vertex 74.81697294022992 4.907991134007334 5
      vertex 74.63533882689944 4.931903718674363 5
    endloop
  endfacet
  facet normal 0 0 1
    outer loop
      vertex 80 4 5
      vertex 75 4.9 5
      vertex 74.81697294022992 4.907991134007334 5
    endloop
  endfacet
  facet normal 0 0 1
    outer loop
      vertex 80 4 5
      vertex 75.18302705977008 4.907991134007334 5
      vertex 75 4.9 5
    endloop
  endfacet
  facet normal 0 0 1
    outer loop
      vertex 80 4 5
      vertex 75.36466117310056 4.931903718674363 5
      vertex 75.18302705977008 4.907991134007334 5
    endloop
  endfacet
  facet normal 0 0 1
    outer loop
      vertex 80 4 5
      vertex 75.5435199947153 4.9715557647929565 5
      vertex 75.36466117310056 4.931903718674363 5
    endloop
  endfacet
  facet normal 0 0 1
    outer loop
      vertex 80 4 5
      vertex 75.7182423009839 5.026645496349592 5
      vertex 75.5435199947153 4.9715557647929565 5
    endloop
  endfacet
  facet normal 0 0 1
    outer loop
      vertex 80 4 5
      vertex 75.88749834965547 5.096753647223035 5
      vertex 75.7182423009839 5.026645496349592 5
    endloop
  endfacet
  facet normal 0 0 1
    outer loop
      vertex 80 4 5
      vertex 76.05 5.181346652052679 5
      vertex 75.88749834965547 5.096753647223035 5
    endloop
  endfacet
  facet normal 0 0 1
    outer loop
      vertex 80 4 5
      vertex 76.2045105163372 5.279780706993117 5
      vertex 76.05 5.181346652052679 5
    endloop
  endfacet
  facet normal 0 0 1
    outer loop
      vertex 76.34862297099063 0.01522120763301782 5
      vertex 77.6904730469628 0.37476885185340025 5
      vertex 79.06417777247592 1.428849561253843 5
    endloop
  endfacet
  facet normal 0 0 1
    outer loop
      vertex 77.6904730469628 0.37476885185340025 5
      vertex 78 0.5358983848622456 5
      vertex 78.29430574540419 0.7233918228440328 5
    endloop
  endfacet
  facet normal 0 0 1
    outer loop
      vertex 77.6904730469628 0.37476885185340025 5
      vertex 78.29430574540419 0.7233918228440328 5
      vertex 79.06417777247592 1.428849561253843 5
    endloop
  endfacet
  facet normal 0 0 1
    outer loop
      vertex 78.29430574540419 0.7233918228440328 5
      vertex 78.57115043874616 0.935822227524088 5
      vertex 79.06417777247592 1.428849561253843 5
    endloop
  endfacet
  facet normal 0 0 1
    outer loop
      vertex 76.34862297099063 0.01522120763301782 5
      vertex 79.06417777247592 1.428849561253843 5
      vertex 80 4 5
    endloop
  endfacet
  facet normal 0 0 1
    outer loop
      vertex 78.57115043874616 0.935822227524088 5
      vertex 78.82842712474618 1.1715728752538097 5
      vertex 79.06417777247592 1.428849561253843 5
    endloop
  endfacet
  facet normal 0 0 1
    outer loop
      vertex 79.06417777247592 1.428849561253843 5
      vertex 79.27660817715596 1.7056942545958158 5
      vertex 79.46410161513775 2 5
    endloop
  endfacet
  facet normal 0 0 1
    outer loop
      vertex 79.06417777247592 1.428849561253843 5
      vertex 79.46410161513775 2 5
      vertex 79.75877048314364 2.6319194266973254 5
    endloop
  endfacet
  facet normal 0 0 1
    outer loop
      vertex 79.46410161513775 2 5
      vertex 79.6252311481466 2.309526953037202 5
      vertex 79.75877048314364 2.6319194266973254 5
    endloop
  endfacet
  facet normal 0 0 1
    outer loop
      vertex 80 4 5
      vertex 76.34985398034173 5.391306669450146 5
      vertex 76.2045105163372 5.279780706993117 5
    endloop
  endfacet
  facet normal 0 0 1
    outer loop
      vertex 80 4 5
      vertex 76.48492424049175 5.51507575950825 5
      vertex 76.34985398034173 5.391306669450146 5
    endloop
  endfacet
  facet normal 0 0 1
    outer loop
      vertex 80 4 5
      vertex 76.60869333054985 5.650146019658267 5
      vertex 76.48492424049175 5.51507575950825 5
    endloop
  endfacet
  facet normal 0 0 1
    outer loop
      vertex 80 4 5
      vertex 76.72021929300688 5.795489483662803 5
      vertex 76.60869333054985 5.650146019658267 5
    endloop
  endfacet
  facet normal 0 0 1
    outer loop
      vertex 80 4 5
      vertex 76.81865334794732 5.95 5
      vertex 76.72021929300688 5.795489483662803 5
    endloop
  endfacet
  facet normal 0 0 1
    outer loop
      vertex 79.06417777247592 1.428849561253843 5
      vertex 79.75877048314364 2.6319194266973254 5
      vertex 80 4 5
    endloop
  endfacet
  facet normal 0 0 1
    outer loop
      vertex 79.75877048314364 2.6319194266973254 5
      vertex 79.86370330515628 2.964723819589917 5
      vertex 79.93923101204884 3.305407289332279 5
    endloop
  endfacet
  facet normal 0 0 1
    outer loop
      vertex 79.75877048314364 2.6319194266973254 5
      vertex 79.93923101204884 3.305407289332279 5
      vertex 80 4 5
    endloop
  endfacet
  facet normal 0 0 1
    outer loop
      vertex 79.93923101204884 3.305407289332279 5
      vertex 79.98477879236698 3.6513770290093674 5
      vertex 80 4 5
    endloop
  endfacet
  facet normal 0 0 1
    outer loop
      vertex 76.34862297099063 13.984778792366981 5
      vertex 77.06809628132564 7.364661173100553 5
      vertex 77.09200886599267 7.183027059770082 5
    endloop
  endfacet
  facet normal 0 0 1
    outer loop
      vertex 76.34862297099063 13.984778792366981 5
      vertex 77.02844423520705 7.543519994715293 5
      vertex 77.06809628132564 7.364661173100553 5
    endloop
  endfacet
  facet normal 0 0 1
    outer loop
      vertex 76.34862297099063 13.984778792366981 5
      vertex 76.97335450365041 7.7182423009839045 5
      vertex 77.02844423520705 7.543519994715293 5
    endloop
  endfacet
  facet normal 0 0 1
    outer loop
      vertex 76.34862297099063 13.984778792366981 5
      vertex 76.2045105163372 8.720219293006883 5
      vertex 76.34985398034173 8.608693330549855 5
    endloop
  endfacet
  facet normal 0 0 1
    outer loop
      vertex 76.34862297099063 13.984778792366981 5
      vertex 76.34985398034173 8.608693330549855 5
      vertex 76.48492424049175 8.48492424049175 5
    endloop
  endfacet
  facet normal 0 0 1
    outer loop
      vertex 76.34862297099063 13.984778792366981 5
      vertex 76.48492424049175 8.48492424049175 5
      vertex 76.60869333054985 8.349853980341733 5
    endloop
  endfacet
  facet normal 0 0 1
    outer loop
      vertex 76.34862297099063 13.984778792366981 5
      vertex 76.60869333054985 8.349853980341733 5
      vertex 76.72021929300688 8.204510516337196 5
    endloop
  endfacet
  facet normal 0 0 1
    outer loop
      vertex 76.34862297099063 13.984778792366981 5
      vertex 76.81865334794732 8.05 5
      vertex 76.90324635277696 7.887498349655469 5
    endloop
  endfacet
  facet normal 0 0 1
    outer loop
      vertex 76.34862297099063 13.984778792366981 5
      vertex 76.72021929300688 8.204510516337196 5
      vertex 76.81865334794732 8.05 5
    endloop
  endfacet
  facet normal 0 0 1
    outer loop
      vertex 76.34862297099063 13.984778792366981 5
      vertex 76.90324635277696 7.887498349655469 5
      vertex 76.97335450365041 7.7182423009839045 5
    endloop
  endfacet
  facet normal 0 0 1
    outer loop
      vertex 80 4 5
      vertex 76.90324635277696 6.112501650344531 5
      vertex 76.81865334794732 5.95 5
    endloop
  endfacet
  facet normal 0 0 1
    outer loop
      vertex 80 4 5
      vertex 76.97335450365041 6.2817576990160955 5
      vertex 76.90324635277696 6.112501650344531 5
    endloop
  endfacet
  facet normal 0 0 1
    outer loop
      vertex 80 4 5
      vertex 77.02844423520705 6.456480005284707 5
      vertex 76.97335450365041 6.2817576990160955 5
    endloop
  endfacet
  facet normal 0 0 1
    outer loop
      vertex 80 4 5
      vertex 77.06809628132564 6.635338826899447 5
      vertex 77.02844423520705 6.456480005284707 5
    endloop
  endfacet
  facet normal 0 0 1
    outer loop
      vertex 80 4 5
      vertex 77.09200886599267 6.816972940229918 5
      vertex 77.06809628132564 6.635338826899447 5
    endloop
  endfacet
  facet normal 0 0 1
    outer loop
      vertex 80 4 5
      vertex 77.1 7 5
      vertex 77.09200886599267 6.816972940229918 5
    endloop
  endfacet
  facet normal 0 0 1
    outer loop
      vertex 80 4 5
      vertex 77.09200886599267 7.183027059770082 5
      vertex 77.1 7 5
    endloop
  endfacet
  facet normal 0 0 1
    outer loop
      vertex 80 4 5
      vertex 76.34862297099063 13.984778792366981 5
      vertex 77.09200886599267 7.183027059770082 5
    endloop
  endfacet
  facet normal 0 0 1
    outer loop
      vertex 80 4 5
      vertex 79.75877048314364 11.368080573302676 5
      vertex 76.34862297099063 13.984778792366981 5
    endloop
  endfacet
  facet normal 0 0 1
    outer loop
      vertex 80 4 5
      vertex 80 10 5
      vertex 79.75877048314364 11.368080573302676 5
    endloop
  endfacet
  facet normal 0 0 1
    outer loop
      vertex 80 10 5
      vertex 79.98477879236698 10.348622970990633 5
      vertex 79.93923101204884 10.694592710667722 5
    endloop
  endfacet
  facet normal 0 0 1
    outer loop
      vertex 70 14 5
      vertex 73.7954894836628 8.720219293006883 5
      vertex 73.95 8.818653347947322 5
    endloop
  endfacet
  facet normal 0 0 1
    outer loop
      vertex 70 14 5
      vertex 73.95 8.818653347947322 5
      vertex 74.11250165034453 8.903246352776964 5
    endloop
  endfacet
  facet normal 0 0 1
    outer loop
      vertex 70 14 5
      vertex 74.11250165034453 8.903246352776964 5
      vertex 74.2817576990161 8.973354503650407 5
    endloop
  endfacet
  facet normal 0 0 1
    outer loop
      vertex 70 14 5
      vertex 74.2817576990161 8.973354503650407 5
      vertex 74.4564800052847 9.028444235207044 5
    endloop
  endfacet
  facet normal 0 0 1
    outer loop
      vertex 70 14 5
      vertex 74.4564800052847 9.028444235207044 5
      vertex 74.63533882689944 9.068096281325637 5
    endloop
  endfacet
  facet normal 0 0 1
    outer loop
      vertex 70 14 5
      vertex 74.63533882689944 9.068096281325637 5
      vertex 74.81697294022992 9.092008865992666 5
    endloop
  endfacet
  facet normal 0 0 1
    outer loop
      vertex 70 14 5
      vertex 74.81697294022992 9.092008865992666 5
      vertex 75 9.1 5
    endloop
  endfacet
  facet normal 0 0 1
    outer loop
      vertex 76.34862297099063 13.984778792366981 5
      vertex 70 14 5
      vertex 75 9.1 5
    endloop
  endfacet
  facet normal 0 0 1
    outer loop
      vertex 76 14 5
      vertex 70 14 5
      vertex 76.34862297099063 13.984778792366981 5
    endloop
  endfacet
  facet normal 0 0 1
    outer loop
      vertex 76.34862297099063 13.984778792366981 5
      vertex 75 9.1 5
      vertex 75.18302705977008 9.092008865992666 5
    endloop
  endfacet
  facet normal 0 0 1
    outer loop
      vertex 76.34862297099063 13.984778792366981 5
      vertex 75.18302705977008 9.092008865992666 5
      vertex 75.36466117310056 9.068096281325637 5
    endloop
  endfacet
  facet normal 0 0 1
    outer loop
      vertex 76.34862297099063 13.984778792366981 5
      vertex 75.36466117310056 9.068096281325637 5
      vertex 75.5435199947153 9.028444235207044 5
    endloop
  endfacet
  facet normal 0 0 1
    outer loop
      vertex 76.34862297099063 13.984778792366981 5
      vertex 75.5435199947153 9.028444235207044 5
      vertex 75.7182423009839 8.973354503650407 5
    endloop
  endfacet
  facet normal 0 0 1
    outer loop
      vertex 76.34862297099063 13.984778792366981 5
      vertex 75.7182423009839 8.973354503650407 5
      vertex 75.88749834965547 8.903246352776964 5
    endloop
  endfacet
  facet normal 0 0 1
    outer loop
      vertex 76.34862297099063 13.984778792366981 5
      vertex 75.88749834965547 8.903246352776964 5
      vertex 76.05 8.818653347947322 5
    endloop
  endfacet
  facet normal 0 0 1
    outer loop
      vertex 76.34862297099063 13.984778792366981 5
      vertex 76.05 8.818653347947322 5
      vertex 76.2045105163372 8.720219293006883 5
    endloop
  endfacet
  facet normal 0 0 1
    outer loop
      vertex 77.36808057330268 13.758770483143634 5
      vertex 76.69459271066772 13.939231012048833 5
      vertex 76.34862297099063 13.984778792366981 5
    endloop
  endfacet
  facet normal 0 0 1
    outer loop
      vertex 78.57115043874616 13.064177772475912 5
      vertex 77.36808057330268 13.758770483143634 5
      vertex 76.34862297099063 13.984778792366981 5
    endloop
  endfacet
  facet normal 0 0 1
    outer loop
      vertex 77.36808057330268 13.758770483143634 5
      vertex 77.03527618041008 13.863703305156273 5
      vertex 76.69459271066772 13.939231012048833 5
    endloop
  endfacet
  facet normal 0 0 1
    outer loop
      vertex 79.75877048314364 11.368080573302676 5
      vertex 78.57115043874616 13.064177772475912 5
      vertex 76.34862297099063 13.984778792366981 5
    endloop
  endfacet
  facet normal 0 0 1
    outer loop
      vertex 80 10 5
      vertex 79.93923101204884 10.694592710667722 5
      vertex 79.75877048314364 11.368080573302676 5
    endloop
  endfacet
  facet normal 0 0 1
    outer loop
      vertex 79.93923101204884 10.694592710667722 5
      vertex 79.86370330515628 11.035276180410083 5
      vertex 79.75877048314364 11.368080573302676 5
    endloop
  endfacet
  facet normal 0 0 1
    outer loop
      vertex 79.75877048314364 11.368080573302676 5
      vertex 79.6252311481466 11.690473046962797 5
      vertex 79.27660817715596 12.294305745404184 5
    endloop
  endfacet
  facet normal 0 0 1
    outer loop
      vertex 79.75877048314364 11.368080573302676 5
      vertex 79.27660817715596 12.294305745404184 5
      vertex 78.57115043874616 13.064177772475912 5
    endloop
  endfacet
  facet normal 0 0 1
    outer loop
      vertex 79.27660817715596 12.294305745404184 5
      vertex 78.82842712474618 12.82842712474619 5
      vertex 78.57115043874616 13.064177772475912 5
    endloop
  endfacet
  facet normal 0 0 1
    outer loop
      vertex 79.27660817715596 12.294305745404184 5
      vertex 79.06417777247592 12.571150438746157 5
      vertex 78.82842712474618 12.82842712474619 5
    endloop
  endfacet
  facet normal 0 0 1
    outer loop
      vertex 79.6252311481466 11.690473046962797 5
      vertex 79.46410161513775 12 5
      vertex 79.27660817715596 12.294305745404184 5
    endloop
  endfacet
  facet normal 0 0 1
    outer loop
      vertex 77.36808057330268 13.758770483143634 5
      vertex 78 13.464101615137753 5
      vertex 77.6904730469628 13.6252311481466 5
    endloop
  endfacet
  facet normal 0 0 1
    outer loop
      vertex 78.57115043874616 13.064177772475912 5
      vertex 78 13.464101615137753 5
      vertex 77.36808057330268 13.758770483143634 5
    endloop
  endfacet
  facet normal 0 0 1
    outer loop
      vertex 78.57115043874616 13.064177772475912 5
      vertex 78.29430574540419 13.276608177155968 5
      vertex 78 13.464101615137753 5
    endloop
  endfacet
  facet normal 0 0 -1
    outer loop
      vertex 2.309526953037202 70.3747688518534 0
      vertex 1.7056942545958158 70.72339182284404 0
      vertex 1.1715728752538097 71.17157287525382 0
    endloop
  endfacet
  facet normal 0 0 -1
    outer loop
      vertex 2.309526953037202 70.3747688518534 0
      vertex 2 70.53589838486225 0
      vertex 1.7056942545958158 70.72339182284404 0
    endloop
  endfacet
  facet normal 0 0 -1
    outer loop
      vertex 2.309526953037202 70.3747688518534 0
      vertex 1.1715728752538097 71.17157287525382 0
      vertex 2.6319194266973254 70.24122951685636 0
    endloop
  endfacet
  facet normal 0 0 -1
    outer loop
      vertex 1.1715728752538097 71.17157287525382 0
      vertex 0.935822227524088 71.42884956125384 0
      vertex 0.7233918228440328 71.70569425459581 0
    endloop
  endfacet
  facet normal 0 0 -1
    outer loop
      vertex 1.1715728752538097 71.17157287525382 0
      vertex 0.7233918228440328 71.70569425459581 0
      vertex 0.5358983848622456 72 0
    endloop
  endfacet
  facet normal 0 0 -1
    outer loop
      vertex 1.1715728752538097 71.17157287525382 0
      vertex 0.5358983848622456 72 0
      vertex 0.2412295168563663 72.63191942669732 0
    endloop
  endfacet
  facet normal 0 0 -1
    outer loop
      vertex 0.5358983848622456 72 0
      vertex 0.37476885185340025 72.3095269530372 0
      vertex 0.2412295168563663 72.63191942669732 0
    endloop
  endfacet
  facet normal 0 0 -1
    outer loop
      vertex 1.1715728752538097 71.17157287525382 0
      vertex 0.2412295168563663 72.63191942669732 0
      vertex 0 74 0
    endloop
  endfacet
  facet normal 0 0 -1
    outer loop
      vertex 0.2412295168563663 72.63191942669732 0
      vertex 0.13629669484372675 72.96472381958992 0
      vertex 0.06076898795116792 73.30540728933228 0
    endloop
  endfacet
  facet normal 0 0 -1
    outer loop
      vertex 0.2412295168563663 72.63191942669732 0
      vertex 0.06076898795116792 73.30540728933228 0
      vertex 0 74 0
    endloop
  endfacet
  facet normal 0 0 -1
    outer loop
      vertex 1.7056942545958158 70.72339182284404 0
      vertex 1.428849561253843 70.93582222752408 0
      vertex 1.1715728752538097 71.17157287525382 0
    endloop
  endfacet
  facet normal 0 0 -1
    outer loop
      vertex 4 70 0
      vertex 1.1715728752538097 71.17157287525382 0
      vertex 0 74 0
    endloop
  endfacet
  facet normal 0 0 -1
    outer loop
      vertex 2.964723819589917 70.13629669484372 0
      vertex 2.6319194266973254 70.24122951685636 0
      vertex 3.305407289332279 70.06076898795116 0
    endloop
  endfacet
  facet normal 0 0 -1
    outer loop
      vertex 2.6319194266973254 70.24122951685636 0
      vertex 1.1715728752538097 71.17157287525382 0
      vertex 4 70 0
    endloop
  endfacet
  facet normal 0 0 -1
    outer loop
      vertex 3.305407289332279 70.06076898795116 0
      vertex 2.6319194266973254 70.24122951685636 0
      vertex 4 70 0
    endloop
  endfacet
  facet normal 0 0 -1
    outer loop
      vertex 3.305407289332279 70.06076898795116 0
      vertex 4 70 0
      vertex 3.6513770290093674 70.01522120763302 0
    endloop
  endfacet
  facet normal 0 0 -1
    outer loop
      vertex 4 70 0
      vertex 0 74 0
      vertex 10 70 0
    endloop
  endfacet
  facet normal 0 0 -1
    outer loop
      vertex 0 74 0
      vertex 4.635338826899447 74.93190371867436 0
      vertex 10 70 0
    endloop
  endfacet
  facet normal 0 0 -1
    outer loop
      vertex 10 70 0
      vertex 4.635338826899447 74.93190371867436 0
      vertex 4.816972940229918 74.90799113400733 0
    endloop
  endfacet
  facet normal 0 0 -1
    outer loop
      vertex 10 70 0
      vertex 4.816972940229918 74.90799113400733 0
      vertex 5 74.9 0
    endloop
  endfacet
  facet normal 0 0 -1
    outer loop
      vertex 10 70 0
      vertex 5 74.9 0
      vertex 5.183027059770082 74.90799113400733 0
    endloop
  endfacet
  facet normal 0 0 -1
    outer loop
      vertex 10 70 0
      vertex 5.183027059770082 74.90799113400733 0
      vertex 5.364661173100553 74.93190371867436 0
    endloop
  endfacet
  facet normal 0 0 -1
    outer loop
      vertex 10 70 0
      vertex 5.364661173100553 74.93190371867436 0
      vertex 5.543519994715293 74.97155576479295 0
    endloop
  endfacet
  facet normal 0 0 -1
    outer loop
      vertex 10 70 0
      vertex 5.543519994715293 74.97155576479295 0
      vertex 5.7182423009839045 75.02664549634959 0
    endloop
  endfacet
  facet normal 0 0 -1
    outer loop
      vertex 10 70 0
      vertex 5.7182423009839045 75.02664549634959 0
      vertex 5.887498349655469 75.09675364722304 0
    endloop
  endfacet
  facet normal 0 0 -1
    outer loop
      vertex 10 70 0
      vertex 5.887498349655469 75.09675364722304 0
      vertex 6.05 75.18134665205268 0
    endloop
  endfacet
  facet normal 0 0 -1
    outer loop
      vertex 10 70 0
      vertex 6.05 75.18134665205268 0
      vertex 6.204510516337197 75.27978070699312 0
    endloop
  endfacet
  facet normal 0 0 -1
    outer loop
      vertex 0.06076898795116792 73.30540728933228 0
      vertex 0.01522120763301782 73.65137702900937 0
      vertex 0 74 0
    endloop
  endfacet
  facet normal 0 0 -1
    outer loop
      vertex 0 74 0
      vertex 3.181346652052679 75.95 0
      vertex 3.279780706993117 75.7954894836628 0
    endloop
  endfacet
  facet normal 0 0 -1
    outer loop
      vertex 0 74 0
      vertex 3.096753647223035 76.11250165034453 0
      vertex 3.181346652052679 75.95 0
    endloop
  endfacet
  facet normal 0 0 -1
    outer loop
      vertex 0 74 0
      vertex 3.026645496349592 76.2817576990161 0
      vertex 3.096753647223035 76.11250165034453 0
    endloop
  endfacet
  facet normal 0 0 -1
    outer loop
      vertex 0 74 0
      vertex 3.391306669450146 75.65014601965827 0
      vertex 3.51507575950825 75.51507575950825 0
    endloop
  endfacet
  facet normal 0 0 -1
    outer loop
      vertex 0 74 0
      vertex 3.51507575950825 75.51507575950825 0
      vertex 3.6501460196582673 75.39130666945015 0
    endloop
  endfacet
  facet normal 0 0 -1
    outer loop
      vertex 0 74 0
      vertex 3.6501460196582673 75.39130666945015 0
      vertex 3.795489483662803 75.27978070699312 0
    endloop
  endfacet
  facet normal 0 0 -1
    outer loop
      vertex 0 74 0
      vertex 3.279780706993117 75.7954894836628 0
      vertex 3.391306669450146 75.65014601965827 0
    endloop
  endfacet
  facet normal 0 0 -1
    outer loop
      vertex 0 74 0
      vertex 2.9715557647929565 76.4564800052847 0
      vertex 3.026645496349592 76.2817576990161 0
    endloop
  endfacet
  facet normal 0 0 -1
    outer loop
      vertex 0 74 0
      vertex 2.9319037186743633 76.63533882689944 0
      vertex 2.9715557647929565 76.4564800052847 0
    endloop
  endfacet
  facet normal 0 0 -1
    outer loop
      vertex 0 74 0
      vertex 2.907991134007334 76.81697294022992 0
      vertex 2.9319037186743633 76.63533882689944 0
    endloop
  endfacet
  facet normal 0 0 -1
    outer loop
      vertex 0 74 0
      vertex 2.9 77 0
      vertex 2.907991134007334 76.81697294022992 0
    endloop
  endfacet
  facet normal 0 0 -1
    outer loop
      vertex 0 74 0
      vertex 2.907991134007334 77.18302705977008 0
      vertex 2.9 77 0
    endloop
  endfacet
  facet normal 0 0 -1
    outer loop
      vertex 0 74 0
      vertex 0 80 0
      vertex 0.2412295168563663 81.36808057330268 0
    endloop
  endfacet
  facet normal 0 0 -1
    outer loop
      vertex 0 74 0
      vertex 2.9319037186743633 77.36466117310056 0
      vertex 2.907991134007334 77.18302705977008 0
    endloop
  endfacet
  facet normal 0 0 -1
    outer loop
      vertex 0 74 0
      vertex 4 84 0
      vertex 2.9319037186743633 77.36466117310056 0
    endloop
  endfacet
  facet normal 0 0 -1
    outer loop
      vertex 0 74 0
      vertex 3.95 75.18134665205268 0
      vertex 4.112501650344531 75.09675364722304 0
    endloop
  endfacet
  facet normal 0 0 -1
    outer loop
      vertex 0 74 0
      vertex 4.112501650344531 75.09675364722304 0
      vertex 4.2817576990160955 75.02664549634959 0
    endloop
  endfacet
  facet normal 0 0 -1
    outer loop
      vertex 0 74 0
      vertex 4.2817576990160955 75.02664549634959 0
      vertex 4.456480005284707 74.97155576479295 0
    endloop
  endfacet
  facet normal 0 0 -1
    outer loop
      vertex 0 74 0
      vertex 4.456480005284707 74.97155576479295 0
      vertex 4.635338826899447 74.93190371867436 0
    endloop
  endfacet
  facet normal 0 0 -1
    outer loop
      vertex 0 74 0
      vertex 3.795489483662803 75.27978070699312 0
      vertex 3.95 75.18134665205268 0
    endloop
  endfacet
  facet normal 0 0 -1
    outer loop
      vertex 0 80 0
      vertex 0.01522120763301782 80.34862297099063 0
      vertex 0.06076898795116792 80.69459271066772 0
    endloop
  endfacet
  facet normal 0 0 -1
    outer loop
      vertex 0 80 0
      vertex 0.06076898795116792 80.69459271066772 0
      vertex 0.2412295168563663 81.36808057330268 0
    endloop
  endfacet
  facet normal 0 0 -1
    outer loop
      vertex 0.06076898795116792 80.69459271066772 0
      vertex 0.13629669484372675 81.03527618041008 0
      vertex 0.2412295168563663 81.36808057330268 0
    endloop
  endfacet
  facet normal 0 0 -1
    outer loop
      vertex 0 74 0
      vertex 0.2412295168563663 81.36808057330268 0
      vertex 4 84 0
    endloop
  endfacet
  facet normal 0 0 -1
    outer loop
      vertex 0.2412295168563663 81.36808057330268 0
      vertex 0.37476885185340025 81.6904730469628 0
      vertex 0.5358983848622456 82 0
    endloop
  endfacet
  facet normal 0 0 -1
    outer loop
      vertex 0.2412295168563663 81.36808057330268 0
      vertex 0.5358983848622456 82 0
      vertex 0.935822227524088 82.57115043874616 0
    endloop
  endfacet
  facet normal 0 0 -1
    outer loop
      vertex 0.5358983848622456 82 0
      vertex 0.7233918228440328 82.29430574540419 0
      vertex 0.935822227524088 82.57115043874616 0
    endloop
  endfacet
  facet normal 0 0 -1
    outer loop
      vertex 0.2412295168563663 81.36808057330268 0
      vertex 0.935822227524088 82.57115043874616 0
      vertex 1.7056942545958158 83.27660817715596 0
    endloop
  endfacet
  facet normal 0 0 -1
    outer loop
      vertex 0.935822227524088 82.57115043874616 0
      vertex 1.1715728752538097 82.82842712474618 0
      vertex 1.7056942545958158 83.27660817715596 0
    endloop
  endfacet
  facet normal 0 0 -1
    outer loop
      vertex 1.1715728752538097 82.82842712474618 0
      vertex 1.428849561253843 83.06417777247592 0
      vertex 1.7056942545958158 83.27660817715596 0
    endloop
  endfacet
  facet normal 0 0 -1
    outer loop
      vertex 0.2412295168563663 81.36808057330268 0
      vertex 1.7056942545958158 83.27660817715596 0
      vertex 4 84 0
    endloop
  endfacet
  facet normal 0 0 -1
    outer loop
      vertex 1.7056942545958158 83.27660817715596 0
      vertex 2 83.46410161513775 0
      vertex 2.309526953037202 83.6252311481466 0
    endloop
  endfacet
  facet normal 0 0 -1
    outer loop
      vertex 1.7056942545958158 83.27660817715596 0
      vertex 2.309526953037202 83.6252311481466 0
      vertex 2.6319194266973254 83.75877048314364 0
    endloop
  endfacet
  facet normal 0 0 -1
    outer loop
      vertex 4 84 0
      vertex 2.9715557647929565 77.5435199947153 0
      vertex 2.9319037186743633 77.36466117310056 0
    endloop
  endfacet
  facet normal 0 0 -1
    outer loop
      vertex 4 84 0
      vertex 3.026645496349592 77.7182423009839 0
      vertex 2.9715557647929565 77.5435199947153 0
    endloop
  endfacet
  facet normal 0 0 -1
    outer loop
      vertex 4 84 0
      vertex 3.096753647223035 77.88749834965547 0
      vertex 3.026645496349592 77.7182423009839 0
    endloop
  endfacet
  facet normal 0 0 -1
    outer loop
      vertex 4 84 0
      vertex 3.181346652052679 78.05 0
      vertex 3.096753647223035 77.88749834965547 0
    endloop
  endfacet
  facet normal 0 0 -1
    outer loop
      vertex 4 84 0
      vertex 3.279780706993117 78.2045105163372 0
      vertex 3.181346652052679 78.05 0
    endloop
  endfacet
  facet normal 0 0 -1
    outer loop
      vertex 4 84 0
      vertex 3.391306669450146 78.34985398034173 0
      vertex 3.279780706993117 78.2045105163372 0
    endloop
  endfacet
  facet normal 0 0 -1
    outer loop
      vertex 4 84 0
      vertex 3.51507575950825 78.48492424049175 0
      vertex 3.391306669450146 78.34985398034173 0
    endloop
  endfacet
  facet normal 0 0 -1
    outer loop
      vertex 4 84 0
      vertex 3.6501460196582673 78.60869333054985 0
      vertex 3.51507575950825 78.48492424049175 0
    endloop
  endfacet
  facet normal 0 0 -1
    outer loop
      vertex 4 84 0
      vertex 3.795489483662803 78.72021929300688 0
      vertex 3.6501460196582673 78.60869333054985 0
    endloop
  endfacet
  facet normal 0 0 -1
    outer loop
      vertex 4 84 0
      vertex 3.95 78.81865334794732 0
      vertex 3.795489483662803 78.72021929300688 0
    endloop
  endfacet
  facet normal 0 0 -1
    outer loop
      vertex 4 84 0
      vertex 4.112501650344531 78.90324635277696 0
      vertex 3.95 78.81865334794732 0
    endloop
  endfacet
  facet normal 0 0 -1
    outer loop
      vertex 4 84 0
      vertex 4.2817576990160955 78.97335450365041 0
      vertex 4.112501650344531 78.90324635277696 0
    endloop
  endfacet
  facet normal 0 0 -1
    outer loop
      vertex 4 84 0
      vertex 4.456480005284707 79.02844423520705 0
      vertex 4.2817576990160955 78.97335450365041 0
    endloop
  endfacet
  facet normal 0 0 -1
    outer loop
      vertex 4 84 0
      vertex 4.635338826899447 79.06809628132564 0
      vertex 4.456480005284707 79.02844423520705 0
    endloop
  endfacet
  facet normal 0 0 -1
    outer loop
      vertex 4 84 0
      vertex 4.816972940229918 79.09200886599267 0
      vertex 4.635338826899447 79.06809628132564 0
    endloop
  endfacet
  facet normal 0 0 -1
    outer loop
      vertex 4 84 0
      vertex 5 79.1 0
      vertex 4.816972940229918 79.09200886599267 0
    endloop
  endfacet
  facet normal 0 0 -1
    outer loop
      vertex 1.7056942545958158 83.27660817715596 0
      vertex 2.6319194266973254 83.75877048314364 0
      vertex 4 84 0
    endloop
  endfacet
  facet normal 0 0 -1
    outer loop
      vertex 2.6319194266973254 83.75877048314364 0
      vertex 2.964723819589917 83.86370330515628 0
      vertex 3.305407289332279 83.93923101204884 0
    endloop
  endfacet
  facet normal 0 0 -1
    outer loop
      vertex 2.6319194266973254 83.75877048314364 0
      vertex 3.305407289332279 83.93923101204884 0
      vertex 4 84 0
    endloop
  endfacet
  facet normal 0 0 -1
    outer loop
      vertex 3.305407289332279 83.93923101204884 0
      vertex 3.6513770290093674 83.98477879236698 0
      vertex 4 84 0
    endloop
  endfacet
  facet normal 0 0 -1
    outer loop
      vertex 10 70 0
      vertex 6.204510516337197 75.27978070699312 0
      vertex 6.349853980341733 75.39130666945015 0
    endloop
  endfacet
  facet normal 0 0 -1
    outer loop
      vertex 10 70 0
      vertex 6.349853980341733 75.39130666945015 0
      vertex 6.48492424049175 75.51507575950825 0
    endloop
  endfacet
  facet normal 0 0 -1
    outer loop
      vertex 10 70 0
      vertex 6.48492424049175 75.51507575950825 0
      vertex 6.608693330549854 75.65014601965827 0
    endloop
  endfacet
  facet normal 0 0 -1
    outer loop
      vertex 10 70 0
      vertex 6.608693330549854 75.65014601965827 0
      vertex 6.720219293006883 75.7954894836628 0
    endloop
  endfacet
  facet normal 0 0 -1
    outer loop
      vertex 10 70 0
      vertex 6.720219293006883 75.7954894836628 0
      vertex 6.818653347947321 75.95 0
    endloop
  endfacet
  facet normal 0 0 -1
    outer loop
      vertex 10 70 0
      vertex 6.818653347947321 75.95 0
      vertex 6.903246352776965 76.11250165034453 0
    endloop
  endfacet
  facet normal 0 0 -1
    outer loop
      vertex 10 70 0
      vertex 6.903246352776965 76.11250165034453 0
      vertex 6.973354503650408 76.2817576990161 0
    endloop
  endfacet
  facet normal 0 0 -1
    outer loop
      vertex 10 70 0
      vertex 6.973354503650408 76.2817576990161 0
      vertex 7.0284442352070435 76.4564800052847 0
    endloop
  endfacet
  facet normal 0 0 -1
    outer loop
      vertex 10 70 0
      vertex 7.0284442352070435 76.4564800052847 0
      vertex 7.068096281325637 76.63533882689944 0
    endloop
  endfacet
  facet normal 0 0 -1
    outer loop
      vertex 10 70 0
      vertex 7.068096281325637 76.63533882689944 0
      vertex 7.092008865992666 76.81697294022992 0
    endloop
  endfacet
  facet normal 0 0 -1
    outer loop
      vertex 10 70 0
      vertex 7.092008865992666 76.81697294022992 0
      vertex 7.1 77 0
    endloop
  endfacet
  facet normal 0 0 -1
    outer loop
      vertex 10 70 0
      vertex 7.1 77 0
      vertex 7.092008865992666 77.18302705977008 0
    endloop
  endfacet
  facet normal 0 0 -1
    outer loop
      vertex 10 70 0
      vertex 7.068096281325637 77.36466117310056 0
      vertex 7.0284442352070435 77.5435199947153 0
    endloop
  endfacet
  facet normal 0 0 -1
    outer loop
      vertex 10 70 0
      vertex 7.092008865992666 77.18302705977008 0
      vertex 7.068096281325637 77.36466117310056 0
    endloop
  endfacet
  facet normal 0 0 -1
    outer loop
      vertex 10 70 0
      vertex 7.0284442352070435 77.5435199947153 0
      vertex 6.973354503650408 77.7182423009839 0
    endloop
  endfacet
  facet normal 0 0 -1
    outer loop
      vertex 10 70 0
      vertex 6.973354503650408 77.7182423009839 0
      vertex 10 84 0
    endloop
  endfacet
  facet normal 0 0 -1
    outer loop
      vertex 10 84 0
      vertex 5.183027059770082 79.09200886599267 0
      vertex 5 79.1 0
    endloop
  endfacet
  facet normal 0 0 -1
    outer loop
      vertex 10 84 0
      vertex 5.364661173100553 79.06809628132564 0
      vertex 5.183027059770082 79.09200886599267 0
    endloop
  endfacet
  facet normal 0 0 -1
    outer loop
      vertex 10 84 0
      vertex 5.543519994715293 79.02844423520705 0
      vertex 5.364661173100553 79.06809628132564 0
    endloop
  endfacet
  facet normal 0 0 -1
    outer loop
      vertex 10 84 0
      vertex 5.7182423009839045 78.97335450365041 0
      vertex 5.543519994715293 79.02844423520705 0
    endloop
  endfacet
  facet normal 0 0 -1
    outer loop
      vertex 10 84 0
      vertex 5.887498349655469 78.90324635277696 0
      vertex 5.7182423009839045 78.97335450365041 0
    endloop
  endfacet
  facet normal 0 0 -1
    outer loop
      vertex 10 84 0
      vertex 6.05 78.81865334794732 0
      vertex 5.887498349655469 78.90324635277696 0
    endloop
  endfacet
  facet normal 0 0 -1
    outer loop
      vertex 10 84 0
      vertex 6.204510516337197 78.72021929300688 0
      vertex 6.05 78.81865334794732 0
    endloop
  endfacet
  facet normal 0 0 -1
    outer loop
      vertex 4 84 0
      vertex 10 84 0
      vertex 5 79.1 0
    endloop
  endfacet
  facet normal 0 0 -1
    outer loop
      vertex 10 84 0
      vertex 6.973354503650408 77.7182423009839 0
      vertex 6.903246352776965 77.88749834965547 0
    endloop
  endfacet
  facet normal 0 0 -1
    outer loop
      vertex 10 84 0
      vertex 6.903246352776965 77.88749834965547 0
      vertex 6.818653347947321 78.05 0
    endloop
  endfacet
  facet normal 0 0 -1
    outer loop
      vertex 10 84 0
      vertex 6.48492424049175 78.48492424049175 0
      vertex 6.349853980341733 78.60869333054985 0
    endloop
  endfacet
  facet normal 0 0 -1
    outer loop
      vertex 10 84 0
      vertex 6.720219293006883 78.2045105163372 0
      vertex 6.608693330549854 78.34985398034173 0
    endloop
  endfacet
  facet normal 0 0 -1
    outer loop
      vertex 10 84 0
      vertex 6.608693330549854 78.34985398034173 0
      vertex 6.48492424049175 78.48492424049175 0
    endloop
  endfacet
  facet normal 0 0 -1
    outer loop
      vertex 10 84 0
      vertex 6.349853980341733 78.60869333054985 0
      vertex 6.204510516337197 78.72021929300688 0
    endloop
  endfacet
  facet normal 0 0 -1
    outer loop
      vertex 10 84 0
      vertex 6.818653347947321 78.05 0
      vertex 6.720219293006883 78.2045105163372 0
    endloop
  endfacet
  facet normal -0.6087614290087098 -0.7933533402912435 -1.5140572523908708e-18
    outer loop
      vertex 1.7056942545958158 70.72339182284404 0
      vertex 1.428849561253843 70.93582222752408 5
      vertex 1.428849561253843 70.93582222752408 0
    endloop
  endfacet
  facet normal -0.46174861323503746 -0.8870108331782199 1.5045679449676318e-18
    outer loop
      vertex 2.309526953037202 70.3747688518534 0
      vertex 2 70.53589838486225 5
      vertex 2 70.53589838486225 0
    endloop
  endfacet
  facet normal -0.5372996083468209 -0.8433914458128875 0
    outer loop
      vertex 2 70.53589838486225 0
      vertex 2 70.53589838486225 5
      vertex 1.7056942545958158 70.72339182284404 0
    endloop
  endfacet
  facet normal -0.3826834323651019 -0.9238795325112817 0
    outer loop
      vertex 2.309526953037202 70.3747688518534 0
      vertex 2.6319194266973254 70.24122951685636 0
      vertex 2.309526953037202 70.3747688518534 5
    endloop
  endfacet
  facet normal -0.8433914458128888 -0.537299608346819 8.208363433039391e-19
    outer loop
      vertex 0.7233918228440328 71.70569425459581 0
      vertex 0.5358983848622456 72 5
      vertex 0.5358983848622456 72 0
    endloop
  endfacet
  facet normal -0.8870108331782242 -0.4617486132350292 0
    outer loop
      vertex 0.5358983848622456 72 0
      vertex 0.5358983848622456 72 5
      vertex 0.37476885185340025 72.3095269530372 0
    endloop
  endfacet
  facet normal -0.7372773368101152 -0.6755902076156699 0
    outer loop
      vertex 1.1715728752538097 71.17157287525382 0
      vertex 1.1715728752538097 71.17157287525382 5
      vertex 0.935822227524088 71.42884956125384 0
    endloop
  endfacet
  facet normal -0.793353340291233 -0.6087614290087234 -2.0429334800201993e-19
    outer loop
      vertex 0.935822227524088 71.42884956125384 0
      vertex 0.7233918228440328 71.70569425459581 5
      vertex 0.7233918228440328 71.70569425459581 0
    endloop
  endfacet
  facet normal -0.9238795325112836 -0.38268343236509705 -1.954188803118481e-18
    outer loop
      vertex 0.37476885185340025 72.3095269530372 0
      vertex 0.2412295168563663 72.63191942669732 5
      vertex 0.2412295168563663 72.63191942669732 0
    endloop
  endfacet
  facet normal -0.9537169507482286 -0.300705799504268 0
    outer loop
      vertex 0.2412295168563663 72.63191942669732 0
      vertex 0.2412295168563663 72.63191942669732 5
      vertex 0.13629669484372675 72.96472381958992 0
    endloop
  endfacet
  facet normal -0.9762960071199333 -0.21643961393810374 6.58564120256309e-19
    outer loop
      vertex 0.13629669484372675 72.96472381958992 0
      vertex 0.06076898795116792 73.30540728933228 5
      vertex 0.06076898795116792 73.30540728933228 0
    endloop
  endfacet
  facet normal -0.9914448613738103 -0.13052619222005252 0
    outer loop
      vertex 0.06076898795116792 73.30540728933228 0
      vertex 0.06076898795116792 73.30540728933228 5
      vertex 0.01522120763301782 73.65137702900937 0
    endloop
  endfacet
  facet normal -0.675590207615673 -0.7372773368101124 6.905105081760584e-19
    outer loop
      vertex 1.1715728752538097 71.17157287525382 0
      vertex 1.428849561253843 70.93582222752408 0
      vertex 1.428849561253843 70.93582222752408 5
    endloop
  endfacet
  facet normal -0.3007057995042812 -0.9537169507482244 0
    outer loop
      vertex 2.964723819589917 70.13629669484372 0
      vertex 2.964723819589917 70.13629669484372 5
      vertex 2.6319194266973254 70.24122951685636 0
    endloop
  endfacet
  facet normal -0.21643961393809968 -0.976296007119934 0
    outer loop
      vertex 2.964723819589917 70.13629669484372 0
      vertex 3.305407289332279 70.06076898795116 0
      vertex 2.964723819589917 70.13629669484372 5
    endloop
  endfacet
  facet normal -0.13052619222003845 -0.9914448613738123 -7.7862996999734e-19
    outer loop
      vertex 3.305407289332279 70.06076898795116 0
      vertex 3.6513770290093674 70.01522120763302 0
      vertex 3.6513770290093674 70.01522120763302 5
    endloop
  endfacet
  facet normal -0.04361938736533841 -0.9990482215818577 1.7546785483100718e-19
    outer loop
      vertex 3.6513770290093674 70.01522120763302 0
      vertex 4 70 0
      vertex 4 70 5
    endloop
  endfacet
  facet normal 0 -1 0
    outer loop
      vertex 4 70 0
      vertex 10 70 0
      vertex 10 70 5
    endloop
  endfacet
  facet normal -0.9990482215818578 -0.04361938736533587 1.7045803192575133e-19
    outer loop
      vertex 0.01522120763301782 73.65137702900937 0
      vertex 0 74 5
      vertex 0 74 0
    endloop
  endfacet
  facet normal -1 0 0
    outer loop
      vertex 0 74 0
      vertex 0 74 5
      vertex 0 80 0
    endloop
  endfacet
  facet normal -0.9990482215818578 0.04361938736533587 0
    outer loop
      vertex 0 80 0
      vertex 0 80 5
      vertex 0.01522120763301782 80.34862297099063 0
    endloop
  endfacet
  facet normal -0.9914448613738103 0.13052619222005252 -2.848839903604773e-19
    outer loop
      vertex 0.01522120763301782 80.34862297099063 0
      vertex 0.06076898795116792 80.69459271066772 5
      vertex 0.06076898795116792 80.69459271066772 0
    endloop
  endfacet
  facet normal -0.9762960071199333 0.21643961393810374 0
    outer loop
      vertex 0.06076898795116792 80.69459271066772 0
      vertex 0.06076898795116792 80.69459271066772 5
      vertex 0.13629669484372675 81.03527618041008 0
    endloop
  endfacet
  facet normal -0.9537169507482286 0.300705799504268 1.9795622051978584e-18
    outer loop
      vertex 0.13629669484372675 81.03527618041008 0
      vertex 0.2412295168563663 81.36808057330268 5
      vertex 0.2412295168563663 81.36808057330268 0
    endloop
  endfacet
  facet normal -0.9238795325112836 0.38268343236509705 0
    outer loop
      vertex 0.2412295168563663 81.36808057330268 0
      vertex 0.2412295168563663 81.36808057330268 5
      vertex 0.37476885185340025 81.6904730469628 0
    endloop
  endfacet
  facet normal -0.8870108331782242 0.4617486132350292 1.2543498161781264e-18
    outer loop
      vertex 0.37476885185340025 81.6904730469628 0
      vertex 0.5358983848622456 82 5
      vertex 0.5358983848622456 82 0
    endloop
  endfacet
  facet normal -0.8433914458128888 0.537299608346819 0
    outer loop
      vertex 0.5358983848622456 82 0
      vertex 0.5358983848622456 82 5
      vertex 0.7233918228440328 82.29430574540419 0
    endloop
  endfacet
  facet normal -0.793353340291233 0.6087614290087234 2.0429334800201993e-19
    outer loop
      vertex 0.7233918228440328 82.29430574540419 0
      vertex 0.935822227524088 82.57115043874616 5
      vertex 0.935822227524088 82.57115043874616 0
    endloop
  endfacet
  facet normal -0.7372773368101152 0.6755902076156699 0
    outer loop
      vertex 0.935822227524088 82.57115043874616 0
      vertex 0.935822227524088 82.57115043874616 5
      vertex 1.1715728752538097 82.82842712474618 0
    endloop
  endfacet
  facet normal -0.675590207615673 0.7372773368101124 -6.905105081760584e-19
    outer loop
      vertex 1.1715728752538097 82.82842712474618 0
      vertex 1.428849561253843 83.06417777247592 5
      vertex 1.428849561253843 83.06417777247592 0
    endloop
  endfacet
  facet normal -0.6087614290087098 0.7933533402912435 0
    outer loop
      vertex 1.428849561253843 83.06417777247592 0
      vertex 1.428849561253843 83.06417777247592 5
      vertex 1.7056942545958158 83.27660817715596 0
    endloop
  endfacet
  facet normal -0.5372996083468209 0.8433914458128875 1.1543448261835149e-18
    outer loop
      vertex 1.7056942545958158 83.27660817715596 0
      vertex 2 83.46410161513775 5
      vertex 2 83.46410161513775 0
    endloop
  endfacet
  facet normal -0.46174861323503746 0.8870108331782199 0
    outer loop
      vertex 2 83.46410161513775 0
      vertex 2 83.46410161513775 5
      vertex 2.309526953037202 83.6252311481466 0
    endloop
  endfacet
  facet normal -0.3826834323651019 0.9238795325112817 0
    outer loop
      vertex 2.309526953037202 83.6252311481466 0
      vertex 2.309526953037202 83.6252311481466 5
      vertex 2.6319194266973254 83.75877048314364 0
    endloop
  endfacet
  facet normal -0.3007057995042812 0.9537169507482244 0
    outer loop
      vertex 2.6319194266973254 83.75877048314364 0
      vertex 2.6319194266973254 83.75877048314364 5
      vertex 2.964723819589917 83.86370330515628 0
    endloop
  endfacet
  facet normal -0.21643961393809968 0.976296007119934 0
    outer loop
      vertex 2.964723819589917 83.86370330515628 0
      vertex 2.964723819589917 83.86370330515628 5
      vertex 3.305407289332279 83.93923101204884 0
    endloop
  endfacet
  facet normal -0.13052619222003845 0.9914448613738123 7.7862996999734e-19
    outer loop
      vertex 3.305407289332279 83.93923101204884 0
      vertex 3.6513770290093674 83.98477879236698 5
      vertex 3.6513770290093674 83.98477879236698 0
    endloop
  endfacet
  facet normal -0.04361938736533841 0.9990482215818577 0
    outer loop
      vertex 3.6513770290093674 83.98477879236698 0
      vertex 3.6513770290093674 83.98477879236698 5
      vertex 4 84 0
    endloop
  endfacet
  facet normal 0 1 0
    outer loop
      vertex 4 84 0
      vertex 4 84 5
      vertex 10 84 0
    endloop
  endfacet
  facet normal -0.6087614290087098 -0.7933533402912435 0
    outer loop
      vertex 1.7056942545958158 70.72339182284404 0
      vertex 1.7056942545958158 70.72339182284404 5
      vertex 1.428849561253843 70.93582222752408 5
    endloop
  endfacet
  facet normal -0.5372996083468209 -0.8433914458128875 0
    outer loop
      vertex 1.7056942545958158 70.72339182284404 0
      vertex 2 70.53589838486225 5
      vertex 1.7056942545958158 70.72339182284404 5
    endloop
  endfacet
  facet normal -0.46174861323503746 -0.8870108331782199 0
    outer loop
      vertex 2.309526953037202 70.3747688518534 0
      vertex 2.309526953037202 70.3747688518534 5
      vertex 2 70.53589838486225 5
    endloop
  endfacet
  facet normal -0.793353340291233 -0.6087614290087234 0
    outer loop
      vertex 0.935822227524088 71.42884956125384 0
      vertex 0.935822227524088 71.42884956125384 5
      vertex 0.7233918228440328 71.70569425459581 5
    endloop
  endfacet
  facet normal -0.7372773368101152 -0.6755902076156699 0
    outer loop
      vertex 0.935822227524088 71.42884956125384 0
      vertex 1.1715728752538097 71.17157287525382 5
      vertex 0.935822227524088 71.42884956125384 5
    endloop
  endfacet
  facet normal -0.8433914458128888 -0.537299608346819 0
    outer loop
      vertex 0.7233918228440328 71.70569425459581 0
      vertex 0.7233918228440328 71.70569425459581 5
      vertex 0.5358983848622456 72 5
    endloop
  endfacet
  facet normal -0.8870108331782242 -0.4617486132350292 0
    outer loop
      vertex 0.37476885185340025 72.3095269530372 0
      vertex 0.5358983848622456 72 5
      vertex 0.37476885185340025 72.3095269530372 5
    endloop
  endfacet
  facet normal -0.9238795325112836 -0.38268343236509705 0
    outer loop
      vertex 0.37476885185340025 72.3095269530372 0
      vertex 0.37476885185340025 72.3095269530372 5
      vertex 0.2412295168563663 72.63191942669732 5
    endloop
  endfacet
  facet normal -0.9762960071199333 -0.21643961393810374 0
    outer loop
      vertex 0.13629669484372675 72.96472381958992 0
      vertex 0.13629669484372675 72.96472381958992 5
      vertex 0.06076898795116792 73.30540728933228 5
    endloop
  endfacet
  facet normal -0.9537169507482286 -0.300705799504268 0
    outer loop
      vertex 0.13629669484372675 72.96472381958992 0
      vertex 0.2412295168563663 72.63191942669732 5
      vertex 0.13629669484372675 72.96472381958992 5
    endloop
  endfacet
  facet normal -0.675590207615673 -0.7372773368101124 0
    outer loop
      vertex 1.1715728752538097 71.17157287525382 0
      vertex 1.428849561253843 70.93582222752408 5
      vertex 1.1715728752538097 71.17157287525382 5
    endloop
  endfacet
  facet normal -0.3007057995042812 -0.9537169507482244 0
    outer loop
      vertex 2.6319194266973254 70.24122951685636 0
      vertex 2.964723819589917 70.13629669484372 5
      vertex 2.6319194266973254 70.24122951685636 5
    endloop
  endfacet
  facet normal -0.3826834323651019 -0.9238795325112817 0
    outer loop
      vertex 2.6319194266973254 70.24122951685636 0
      vertex 2.6319194266973254 70.24122951685636 5
      vertex 2.309526953037202 70.3747688518534 5
    endloop
  endfacet
  facet normal -0.21643961393809968 -0.976296007119934 0
    outer loop
      vertex 3.305407289332279 70.06076898795116 0
      vertex 3.305407289332279 70.06076898795116 5
      vertex 2.964723819589917 70.13629669484372 5
    endloop
  endfacet
  facet normal -0.13052619222003845 -0.9914448613738123 0
    outer loop
      vertex 3.305407289332279 70.06076898795116 0
      vertex 3.6513770290093674 70.01522120763302 5
      vertex 3.305407289332279 70.06076898795116 5
    endloop
  endfacet
  facet normal -0.04361938736533841 -0.9990482215818577 0
    outer loop
      vertex 3.6513770290093674 70.01522120763302 0
      vertex 4 70 5
      vertex 3.6513770290093674 70.01522120763302 5
    endloop
  endfacet
  facet normal 0 -1 0
    outer loop
      vertex 4 70 0
      vertex 10 70 5
      vertex 4 70 5
    endloop
  endfacet
  facet normal -0.9914448613738103 -0.13052619222005252 0
    outer loop
      vertex 0.01522120763301782 73.65137702900937 0
      vertex 0.06076898795116792 73.30540728933228 5
      vertex 0.01522120763301782 73.65137702900937 5
    endloop
  endfacet
  facet normal -0.9990482215818578 -0.04361938736533587 0
    outer loop
      vertex 0.01522120763301782 73.65137702900937 0
      vertex 0.01522120763301782 73.65137702900937 5
      vertex 0 74 5
    endloop
  endfacet
  facet normal -1 0 0
    outer loop
      vertex 0 74 5
      vertex 0 80 5
      vertex 0 80 0
    endloop
  endfacet
  facet normal -0.9990482215818578 0.04361938736533587 0
    outer loop
      vertex 0.01522120763301782 80.34862297099063 0
      vertex 0 80 5
      vertex 0.01522120763301782 80.34862297099063 5
    endloop
  endfacet
  facet normal -0.9914448613738103 0.13052619222005252 0
    outer loop
      vertex 0.01522120763301782 80.34862297099063 0
      vertex 0.01522120763301782 80.34862297099063 5
      vertex 0.06076898795116792 80.69459271066772 5
    endloop
  endfacet
  facet normal -0.9762960071199333 0.21643961393810374 0
    outer loop
      vertex 0.13629669484372675 81.03527618041008 0
      vertex 0.06076898795116792 80.69459271066772 5
      vertex 0.13629669484372675 81.03527618041008 5
    endloop
  endfacet
  facet normal -0.9537169507482286 0.300705799504268 0
    outer loop
      vertex 0.13629669484372675 81.03527618041008 0
      vertex 0.13629669484372675 81.03527618041008 5
      vertex 0.2412295168563663 81.36808057330268 5
    endloop
  endfacet
  facet normal -0.9238795325112836 0.38268343236509705 0
    outer loop
      vertex 0.37476885185340025 81.6904730469628 0
      vertex 0.2412295168563663 81.36808057330268 5
      vertex 0.37476885185340025 81.6904730469628 5
    endloop
  endfacet
  facet normal -0.8870108331782242 0.4617486132350292 0
    outer loop
      vertex 0.37476885185340025 81.6904730469628 0
      vertex 0.37476885185340025 81.6904730469628 5
      vertex 0.5358983848622456 82 5
    endloop
  endfacet
  facet normal -0.8433914458128888 0.537299608346819 0
    outer loop
      vertex 0.7233918228440328 82.29430574540419 0
      vertex 0.5358983848622456 82 5
      vertex 0.7233918228440328 82.29430574540419 5
    endloop
  endfacet
  facet normal -0.793353340291233 0.6087614290087234 0
    outer loop
      vertex 0.7233918228440328 82.29430574540419 0
      vertex 0.7233918228440328 82.29430574540419 5
      vertex 0.935822227524088 82.57115043874616 5
    endloop
  endfacet
  facet normal -0.7372773368101152 0.6755902076156699 0
    outer loop
      vertex 1.1715728752538097 82.82842712474618 0
      vertex 0.935822227524088 82.57115043874616 5
      vertex 1.1715728752538097 82.82842712474618 5
    endloop
  endfacet
  facet normal -0.675590207615673 0.7372773368101124 0
    outer loop
      vertex 1.1715728752538097 82.82842712474618 0
      vertex 1.1715728752538097 82.82842712474618 5
      vertex 1.428849561253843 83.06417777247592 5
    endloop
  endfacet
  facet normal -0.6087614290087098 0.7933533402912435 0
    outer loop
      vertex 1.7056942545958158 83.27660817715596 0
      vertex 1.428849561253843 83.06417777247592 5
      vertex 1.7056942545958158 83.27660817715596 5
    endloop
  endfacet
  facet normal -0.5372996083468209 0.8433914458128875 0
    outer loop
      vertex 1.7056942545958158 83.27660817715596 0
      vertex 1.7056942545958158 83.27660817715596 5
      vertex 2 83.46410161513775 5
    endloop
  endfacet
  facet normal -0.46174861323503746 0.8870108331782199 0
    outer loop
      vertex 2.309526953037202 83.6252311481466 0
      vertex 2 83.46410161513775 5
      vertex 2.309526953037202 83.6252311481466 5
    endloop
  endfacet
  facet normal -0.3826834323651019 0.9238795325112817 0
    outer loop
      vertex 2.6319194266973254 83.75877048314364 0
      vertex 2.309526953037202 83.6252311481466 5
      vertex 2.6319194266973254 83.75877048314364 5
    endloop
  endfacet
  facet normal -0.3007057995042812 0.9537169507482244 0
    outer loop
      vertex 2.964723819589917 83.86370330515628 0
      vertex 2.6319194266973254 83.75877048314364 5
      vertex 2.964723819589917 83.86370330515628 5
    endloop
  endfacet
  facet normal -0.21643961393809968 0.976296007119934 0
    outer loop
      vertex 3.305407289332279 83.93923101204884 0
      vertex 2.964723819589917 83.86370330515628 5
      vertex 3.305407289332279 83.93923101204884 5
    endloop
  endfacet
  facet normal -0.13052619222003845 0.9914448613738123 0
    outer loop
      vertex 3.305407289332279 83.93923101204884 0
      vertex 3.305407289332279 83.93923101204884 5
      vertex 3.6513770290093674 83.98477879236698 5
    endloop
  endfacet
  facet normal -0.04361938736533841 0.9990482215818577 0
    outer loop
      vertex 4 84 0
      vertex 3.6513770290093674 83.98477879236698 5
      vertex 4 84 5
    endloop
  endfacet
  facet normal 0 1 0
    outer loop
      vertex 4 84 5
      vertex 10 84 5
      vertex 10 84 0
    endloop
  endfacet
  facet normal 0 0 1
    outer loop
      vertex 2.309526953037202 70.3747688518534 5
      vertex 1.1715728752538097 71.17157287525382 5
      vertex 1.7056942545958158 70.72339182284404 5
    endloop
  endfacet
  facet normal 0 0 1
    outer loop
      vertex 2.309526953037202 70.3747688518534 5
      vertex 1.7056942545958158 70.72339182284404 5
      vertex 2 70.53589838486225 5
    endloop
  endfacet
  facet normal 0 0 1
    outer loop
      vertex 2.309526953037202 70.3747688518534 5
      vertex 4 70 5
      vertex 1.1715728752538097 71.17157287525382 5
    endloop
  endfacet
  facet normal 0 0 1
    outer loop
      vertex 1.1715728752538097 71.17157287525382 5
      vertex 0.7233918228440328 71.70569425459581 5
      vertex 0.935822227524088 71.42884956125384 5
    endloop
  endfacet
  facet normal 0 0 1
    outer loop
      vertex 1.1715728752538097 71.17157287525382 5
      vertex 0.5358983848622456 72 5
      vertex 0.7233918228440328 71.70569425459581 5
    endloop
  endfacet
  facet normal 0 0 1
    outer loop
      vertex 1.1715728752538097 71.17157287525382 5
      vertex 0.2412295168563663 72.63191942669732 5
      vertex 0.5358983848622456 72 5
    endloop
  endfacet
  facet normal 0 0 1
    outer loop
      vertex 0.5358983848622456 72 5
      vertex 0.2412295168563663 72.63191942669732 5
      vertex 0.37476885185340025 72.3095269530372 5
    endloop
  endfacet
  facet normal 0 0 1
    outer loop
      vertex 1.1715728752538097 71.17157287525382 5
      vertex 0 74 5
      vertex 0.2412295168563663 72.63191942669732 5
    endloop
  endfacet
  facet normal 0 0 1
    outer loop
      vertex 0.2412295168563663 72.63191942669732 5
      vertex 0.06076898795116792 73.30540728933228 5
      vertex 0.13629669484372675 72.96472381958992 5
    endloop
  endfacet
  facet normal 0 0 1
    outer loop
      vertex 0.2412295168563663 72.63191942669732 5
      vertex 0 74 5
      vertex 0.06076898795116792 73.30540728933228 5
    endloop
  endfacet
  facet normal 0 0 1
    outer loop
      vertex 1.7056942545958158 70.72339182284404 5
      vertex 1.1715728752538097 71.17157287525382 5
      vertex 1.428849561253843 70.93582222752408 5
    endloop
  endfacet
  facet normal 0 0 1
    outer loop
      vertex 4 70 5
      vertex 0 74 5
      vertex 1.1715728752538097 71.17157287525382 5
    endloop
  endfacet
  facet normal 0 0 1
    outer loop
      vertex 2.309526953037202 70.3747688518534 5
      vertex 2.964723819589917 70.13629669484372 5
      vertex 4 70 5
    endloop
  endfacet
  facet normal 0 0 1
    outer loop
      vertex 2.309526953037202 70.3747688518534 5
      vertex 2.6319194266973254 70.24122951685636 5
      vertex 2.964723819589917 70.13629669484372 5
    endloop
  endfacet
  facet normal 0 0 1
    outer loop
      vertex 2.964723819589917 70.13629669484372 5
      vertex 3.305407289332279 70.06076898795116 5
      vertex 4 70 5
    endloop
  endfacet
  facet normal 0 0 1
    outer loop
      vertex 3.305407289332279 70.06076898795116 5
      vertex 3.6513770290093674 70.01522120763302 5
      vertex 4 70 5
    endloop
  endfacet
  facet normal 0 0 1
    outer loop
      vertex 4 70 5
      vertex 3.95 75.18134665205268 5
      vertex 0 74 5
    endloop
  endfacet
  facet normal 0 0 1
    outer loop
      vertex 4 70 5
      vertex 4.112501650344531 75.09675364722304 5
      vertex 3.95 75.18134665205268 5
    endloop
  endfacet
  facet normal 0 0 1
    outer loop
      vertex 4 70 5
      vertex 4.2817576990160955 75.02664549634959 5
      vertex 4.112501650344531 75.09675364722304 5
    endloop
  endfacet
  facet normal 0 0 1
    outer loop
      vertex 4 70 5
      vertex 4.456480005284707 74.97155576479295 5
      vertex 4.2817576990160955 75.02664549634959 5
    endloop
  endfacet
  facet normal 0 0 1
    outer loop
      vertex 4 70 5
      vertex 4.635338826899447 74.93190371867436 5
      vertex 4.456480005284707 74.97155576479295 5
    endloop
  endfacet
  facet normal 0 0 1
    outer loop
      vertex 4 70 5
      vertex 4.816972940229918 74.90799113400733 5
      vertex 4.635338826899447 74.93190371867436 5
    endloop
  endfacet
  facet normal 0 0 1
    outer loop
      vertex 4 70 5
      vertex 5 74.9 5
      vertex 4.816972940229918 74.90799113400733 5
    endloop
  endfacet
  facet normal 0 0 1
    outer loop
      vertex 4 70 5
      vertex 10 70 5
      vertex 5 74.9 5
    endloop
  endfacet
  facet normal 0 0 1
    outer loop
      vertex 10 70 5
      vertex 5.183027059770082 74.90799113400733 5
      vertex 5 74.9 5
    endloop
  endfacet
  facet normal 0 0 1
    outer loop
      vertex 10 70 5
      vertex 5.364661173100553 74.93190371867436 5
      vertex 5.183027059770082 74.90799113400733 5
    endloop
  endfacet
  facet normal 0 0 1
    outer loop
      vertex 10 70 5
      vertex 5.543519994715293 74.97155576479295 5
      vertex 5.364661173100553 74.93190371867436 5
    endloop
  endfacet
  facet normal 0 0 1
    outer loop
      vertex 10 70 5
      vertex 5.7182423009839045 75.02664549634959 5
      vertex 5.543519994715293 74.97155576479295 5
    endloop
  endfacet
  facet normal 0 0 1
    outer loop
      vertex 10 70 5
      vertex 5.887498349655469 75.09675364722304 5
      vertex 5.7182423009839045 75.02664549634959 5
    endloop
  endfacet
  facet normal 0 0 1
    outer loop
      vertex 10 70 5
      vertex 6.05 75.18134665205268 5
      vertex 5.887498349655469 75.09675364722304 5
    endloop
  endfacet
  facet normal 0 0 1
    outer loop
      vertex 10 70 5
      vertex 6.204510516337197 75.27978070699312 5
      vertex 6.05 75.18134665205268 5
    endloop
  endfacet
  facet normal 0 0 1
    outer loop
      vertex 0.06076898795116792 73.30540728933228 5
      vertex 0 74 5
      vertex 0.01522120763301782 73.65137702900937 5
    endloop
  endfacet
  facet normal 0 0 1
    outer loop
      vertex 0 74 5
      vertex 3.279780706993117 75.7954894836628 5
      vertex 3.181346652052679 75.95 5
    endloop
  endfacet
  facet normal 0 0 1
    outer loop
      vertex 0 74 5
      vertex 3.181346652052679 75.95 5
      vertex 3.096753647223035 76.11250165034453 5
    endloop
  endfacet
  facet normal 0 0 1
    outer loop
      vertex 0 74 5
      vertex 3.096753647223035 76.11250165034453 5
      vertex 3.026645496349592 76.2817576990161 5
    endloop
  endfacet
  facet normal 0 0 1
    outer loop
      vertex 0 74 5
      vertex 3.51507575950825 75.51507575950825 5
      vertex 3.391306669450146 75.65014601965827 5
    endloop
  endfacet
  facet normal 0 0 1
    outer loop
      vertex 0 74 5
      vertex 3.6501460196582673 75.39130666945015 5
      vertex 3.51507575950825 75.51507575950825 5
    endloop
  endfacet
  facet normal 0 0 1
    outer loop
      vertex 0 74 5
      vertex 3.795489483662803 75.27978070699312 5
      vertex 3.6501460196582673 75.39130666945015 5
    endloop
  endfacet
  facet normal 0 0 1
    outer loop
      vertex 0 74 5
      vertex 3.391306669450146 75.65014601965827 5
      vertex 3.279780706993117 75.7954894836628 5
    endloop
  endfacet
  facet normal 0 0 1
    outer loop
      vertex 0 74 5
      vertex 3.026645496349592 76.2817576990161 5
      vertex 2.9715557647929565 76.4564800052847 5
    endloop
  endfacet
  facet normal 0 0 1
    outer loop
      vertex 0 74 5
      vertex 2.9715557647929565 76.4564800052847 5
      vertex 2.9319037186743633 76.63533882689944 5
    endloop
  endfacet
  facet normal 0 0 1
    outer loop
      vertex 0 74 5
      vertex 2.9319037186743633 76.63533882689944 5
      vertex 2.907991134007334 76.81697294022992 5
    endloop
  endfacet
  facet normal 0 0 1
    outer loop
      vertex 0 74 5
      vertex 2.907991134007334 76.81697294022992 5
      vertex 2.9 77 5
    endloop
  endfacet
  facet normal 0 0 1
    outer loop
      vertex 0 74 5
      vertex 2.9 77 5
      vertex 2.907991134007334 77.18302705977008 5
    endloop
  endfacet
  facet normal 0 0 1
    outer loop
      vertex 0 74 5
      vertex 0.2412295168563663 81.36808057330268 5
      vertex 0 80 5
    endloop
  endfacet
  facet normal 0 0 1
    outer loop
      vertex 0 74 5
      vertex 2.907991134007334 77.18302705977008 5
      vertex 2.9319037186743633 77.36466117310056 5
    endloop
  endfacet
  facet normal 0 0 1
    outer loop
      vertex 0 74 5
      vertex 2.9319037186743633 77.36466117310056 5
      vertex 2.9715557647929565 77.5435199947153 5
    endloop
  endfacet
  facet normal 0 0 1
    outer loop
      vertex 0 74 5
      vertex 2.9715557647929565 77.5435199947153 5
      vertex 3.026645496349592 77.7182423009839 5
    endloop
  endfacet
  facet normal 0 0 1
    outer loop
      vertex 0 74 5
      vertex 3.026645496349592 77.7182423009839 5
      vertex 3.096753647223035 77.88749834965547 5
    endloop
  endfacet
  facet normal 0 0 1
    outer loop
      vertex 0 74 5
      vertex 3.096753647223035 77.88749834965547 5
      vertex 3.181346652052679 78.05 5
    endloop
  endfacet
  facet normal 0 0 1
    outer loop
      vertex 0 74 5
      vertex 3.181346652052679 78.05 5
      vertex 3.279780706993117 78.2045105163372 5
    endloop
  endfacet
  facet normal 0 0 1
    outer loop
      vertex 0 74 5
      vertex 3.279780706993117 78.2045105163372 5
      vertex 3.391306669450146 78.34985398034173 5
    endloop
  endfacet
  facet normal 0 0 1
    outer loop
      vertex 0 74 5
      vertex 3.95 75.18134665205268 5
      vertex 3.795489483662803 75.27978070699312 5
    endloop
  endfacet
  facet normal 0 0 1
    outer loop
      vertex 0 80 5
      vertex 0.06076898795116792 80.69459271066772 5
      vertex 0.01522120763301782 80.34862297099063 5
    endloop
  endfacet
  facet normal 0 0 1
    outer loop
      vertex 0 80 5
      vertex 0.2412295168563663 81.36808057330268 5
      vertex 0.06076898795116792 80.69459271066772 5
    endloop
  endfacet
  facet normal 0 0 1
    outer loop
      vertex 0.06076898795116792 80.69459271066772 5
      vertex 0.2412295168563663 81.36808057330268 5
      vertex 0.13629669484372675 81.03527618041008 5
    endloop
  endfacet
  facet normal 0 0 1
    outer loop
      vertex 0 74 5
      vertex 4 84 5
      vertex 0.2412295168563663 81.36808057330268 5
    endloop
  endfacet
  facet normal 0 0 1
    outer loop
      vertex 0 74 5
      vertex 3.391306669450146 78.34985398034173 5
      vertex 4 84 5
    endloop
  endfacet
  facet normal 0 0 1
    outer loop
      vertex 0.2412295168563663 81.36808057330268 5
      vertex 0.5358983848622456 82 5
      vertex 0.37476885185340025 81.6904730469628 5
    endloop
  endfacet
  facet normal 0 0 1
    outer loop
      vertex 0.2412295168563663 81.36808057330268 5
      vertex 0.935822227524088 82.57115043874616 5
      vertex 0.5358983848622456 82 5
    endloop
  endfacet
  facet normal 0 0 1
    outer loop
      vertex 0.5358983848622456 82 5
      vertex 0.935822227524088 82.57115043874616 5
      vertex 0.7233918228440328 82.29430574540419 5
    endloop
  endfacet
  facet normal 0 0 1
    outer loop
      vertex 0.2412295168563663 81.36808057330268 5
      vertex 1.7056942545958158 83.27660817715596 5
      vertex 0.935822227524088 82.57115043874616 5
    endloop
  endfacet
  facet normal 0 0 1
    outer loop
      vertex 0.935822227524088 82.57115043874616 5
      vertex 1.428849561253843 83.06417777247592 5
      vertex 1.1715728752538097 82.82842712474618 5
    endloop
  endfacet
  facet normal 0 0 1
    outer loop
      vertex 0.935822227524088 82.57115043874616 5
      vertex 1.7056942545958158 83.27660817715596 5
      vertex 1.428849561253843 83.06417777247592 5
    endloop
  endfacet
  facet normal 0 0 1
    outer loop
      vertex 0.2412295168563663 81.36808057330268 5
      vertex 4 84 5
      vertex 1.7056942545958158 83.27660817715596 5
    endloop
  endfacet
  facet normal 0 0 1
    outer loop
      vertex 1.7056942545958158 83.27660817715596 5
      vertex 2.309526953037202 83.6252311481466 5
      vertex 2 83.46410161513775 5
    endloop
  endfacet
  facet normal 0 0 1
    outer loop
      vertex 1.7056942545958158 83.27660817715596 5
      vertex 2.964723819589917 83.86370330515628 5
      vertex 2.309526953037202 83.6252311481466 5
    endloop
  endfacet
  facet normal 0 0 1
    outer loop
      vertex 4 84 5
      vertex 3.391306669450146 78.34985398034173 5
      vertex 3.51507575950825 78.48492424049175 5
    endloop
  endfacet
  facet normal 0 0 1
    outer loop
      vertex 4 84 5
      vertex 3.51507575950825 78.48492424049175 5
      vertex 3.6501460196582673 78.60869333054985 5
    endloop
  endfacet
  facet normal 0 0 1
    outer loop
      vertex 4 84 5
      vertex 3.6501460196582673 78.60869333054985 5
      vertex 3.795489483662803 78.72021929300688 5
    endloop
  endfacet
  facet normal 0 0 1
    outer loop
      vertex 4 84 5
      vertex 3.795489483662803 78.72021929300688 5
      vertex 3.95 78.81865334794732 5
    endloop
  endfacet
  facet normal 0 0 1
    outer loop
      vertex 4 84 5
      vertex 3.95 78.81865334794732 5
      vertex 4.112501650344531 78.90324635277696 5
    endloop
  endfacet
  facet normal 0 0 1
    outer loop
      vertex 4 84 5
      vertex 4.112501650344531 78.90324635277696 5
      vertex 4.2817576990160955 78.97335450365041 5
    endloop
  endfacet
  facet normal 0 0 1
    outer loop
      vertex 4 84 5
      vertex 4.2817576990160955 78.97335450365041 5
      vertex 4.456480005284707 79.02844423520705 5
    endloop
  endfacet
  facet normal 0 0 1
    outer loop
      vertex 4 84 5
      vertex 4.456480005284707 79.02844423520705 5
      vertex 4.635338826899447 79.06809628132564 5
    endloop
  endfacet
  facet normal 0 0 1
    outer loop
      vertex 4 84 5
      vertex 4.635338826899447 79.06809628132564 5
      vertex 4.816972940229918 79.09200886599267 5
    endloop
  endfacet
  facet normal 0 0 1
    outer loop
      vertex 4 84 5
      vertex 4.816972940229918 79.09200886599267 5
      vertex 5 79.1 5
    endloop
  endfacet
  facet normal 0 0 1
    outer loop
      vertex 4 84 5
      vertex 5 79.1 5
      vertex 5.183027059770082 79.09200886599267 5
    endloop
  endfacet
  facet normal 0 0 1
    outer loop
      vertex 2.309526953037202 83.6252311481466 5
      vertex 2.964723819589917 83.86370330515628 5
      vertex 2.6319194266973254 83.75877048314364 5
    endloop
  endfacet
  facet normal 0 0 1
    outer loop
      vertex 1.7056942545958158 83.27660817715596 5
      vertex 4 84 5
      vertex 2.964723819589917 83.86370330515628 5
    endloop
  endfacet
  facet normal 0 0 1
    outer loop
      vertex 2.964723819589917 83.86370330515628 5
      vertex 4 84 5
      vertex 3.305407289332279 83.93923101204884 5
    endloop
  endfacet
  facet normal 0 0 1
    outer loop
      vertex 3.305407289332279 83.93923101204884 5
      vertex 4 84 5
      vertex 3.6513770290093674 83.98477879236698 5
    endloop
  endfacet
  facet normal 0 0 1
    outer loop
      vertex 10 70 5
      vertex 6.349853980341733 75.39130666945015 5
      vertex 6.204510516337197 75.27978070699312 5
    endloop
  endfacet
  facet normal 0 0 1
    outer loop
      vertex 10 70 5
      vertex 6.48492424049175 75.51507575950825 5
      vertex 6.349853980341733 75.39130666945015 5
    endloop
  endfacet
  facet normal 0 0 1
    outer loop
      vertex 10 70 5
      vertex 6.608693330549854 75.65014601965827 5
      vertex 6.48492424049175 75.51507575950825 5
    endloop
  endfacet
  facet normal 0 0 1
    outer loop
      vertex 10 70 5
      vertex 6.720219293006883 75.7954894836628 5
      vertex 6.608693330549854 75.65014601965827 5
    endloop
  endfacet
  facet normal 0 0 1
    outer loop
      vertex 10 70 5
      vertex 6.818653347947321 75.95 5
      vertex 6.720219293006883 75.7954894836628 5
    endloop
  endfacet
  facet normal 0 0 1
    outer loop
      vertex 10 70 5
      vertex 6.903246352776965 76.11250165034453 5
      vertex 6.818653347947321 75.95 5
    endloop
  endfacet
  facet normal 0 0 1
    outer loop
      vertex 10 70 5
      vertex 6.973354503650408 76.2817576990161 5
      vertex 6.903246352776965 76.11250165034453 5
    endloop
  endfacet
  facet normal 0 0 1
    outer loop
      vertex 10 70 5
      vertex 7.0284442352070435 76.4564800052847 5
      vertex 6.973354503650408 76.2817576990161 5
    endloop
  endfacet
  facet normal 0 0 1
    outer loop
      vertex 10 70 5
      vertex 7.068096281325637 76.63533882689944 5
      vertex 7.0284442352070435 76.4564800052847 5
    endloop
  endfacet
  facet normal 0 0 1
    outer loop
      vertex 10 70 5
      vertex 7.092008865992666 76.81697294022992 5
      vertex 7.068096281325637 76.63533882689944 5
    endloop
  endfacet
  facet normal 0 0 1
    outer loop
      vertex 10 70 5
      vertex 7.1 77 5
      vertex 7.092008865992666 76.81697294022992 5
    endloop
  endfacet
  facet normal 0 0 1
    outer loop
      vertex 10 70 5
      vertex 7.092008865992666 77.18302705977008 5
      vertex 7.1 77 5
    endloop
  endfacet
  facet normal 0 0 1
    outer loop
      vertex 10 70 5
      vertex 7.0284442352070435 77.5435199947153 5
      vertex 7.068096281325637 77.36466117310056 5
    endloop
  endfacet
  facet normal 0 0 1
    outer loop
      vertex 10 70 5
      vertex 7.068096281325637 77.36466117310056 5
      vertex 7.092008865992666 77.18302705977008 5
    endloop
  endfacet
  facet normal 0 0 1
    outer loop
      vertex 10 70 5
      vertex 6.973354503650408 77.7182423009839 5
      vertex 7.0284442352070435 77.5435199947153 5
    endloop
  endfacet
  facet normal 0 0 1
    outer loop
      vertex 10 70 5
      vertex 10 84 5
      vertex 6.973354503650408 77.7182423009839 5
    endloop
  endfacet
  facet normal 0 0 1
    outer loop
      vertex 5.183027059770082 79.09200886599267 5
      vertex 5.364661173100553 79.06809628132564 5
      vertex 10 84 5
    endloop
  endfacet
  facet normal 0 0 1
    outer loop
      vertex 5.364661173100553 79.06809628132564 5
      vertex 5.543519994715293 79.02844423520705 5
      vertex 10 84 5
    endloop
  endfacet
  facet normal 0 0 1
    outer loop
      vertex 5.543519994715293 79.02844423520705 5
      vertex 5.7182423009839045 78.97335450365041 5
      vertex 10 84 5
    endloop
  endfacet
  facet normal 0 0 1
    outer loop
      vertex 5.7182423009839045 78.97335450365041 5
      vertex 5.887498349655469 78.90324635277696 5
      vertex 10 84 5
    endloop
  endfacet
  facet normal 0 0 1
    outer loop
      vertex 5.887498349655469 78.90324635277696 5
      vertex 6.05 78.81865334794732 5
      vertex 10 84 5
    endloop
  endfacet
  facet normal 0 0 1
    outer loop
      vertex 6.05 78.81865334794732 5
      vertex 6.204510516337197 78.72021929300688 5
      vertex 10 84 5
    endloop
  endfacet
  facet normal 0 0 1
    outer loop
      vertex 4 84 5
      vertex 5.183027059770082 79.09200886599267 5
      vertex 10 84 5
    endloop
  endfacet
  facet normal 0 0 1
    outer loop
      vertex 6.973354503650408 77.7182423009839 5
      vertex 10 84 5
      vertex 6.903246352776965 77.88749834965547 5
    endloop
  endfacet
  facet normal 0 0 1
    outer loop
      vertex 6.903246352776965 77.88749834965547 5
      vertex 10 84 5
      vertex 6.818653347947321 78.05 5
    endloop
  endfacet
  facet normal 0 0 1
    outer loop
      vertex 6.349853980341733 78.60869333054985 5
      vertex 6.48492424049175 78.48492424049175 5
      vertex 10 84 5
    endloop
  endfacet
  facet normal 0 0 1
    outer loop
      vertex 6.720219293006883 78.2045105163372 5
      vertex 10 84 5
      vertex 6.608693330549854 78.34985398034173 5
    endloop
  endfacet
  facet normal 0 0 1
    outer loop
      vertex 6.608693330549854 78.34985398034173 5
      vertex 10 84 5
      vertex 6.48492424049175 78.48492424049175 5
    endloop
  endfacet
  facet normal 0 0 1
    outer loop
      vertex 6.204510516337197 78.72021929300688 5
      vertex 6.349853980341733 78.60869333054985 5
      vertex 10 84 5
    endloop
  endfacet
  facet normal 0 0 1
    outer loop
      vertex 6.818653347947321 78.05 5
      vertex 10 84 5
      vertex 6.720219293006883 78.2045105163372 5
    endloop
  endfacet
  facet normal 0 0 -1
    outer loop
      vertex 76 70 0
      vertex 70 70 0
      vertex 76.34862297099063 70.01522120763302 0
    endloop
  endfacet
  facet normal 0 0 -1
    outer loop
      vertex 70 70 0
      vertex 73.7954894836628 75.27978070699312 0
      vertex 73.95 75.18134665205268 0
    endloop
  endfacet
  facet normal 0 0 -1
    outer loop
      vertex 70 70 0
      vertex 73.95 75.18134665205268 0
      vertex 74.11250165034453 75.09675364722304 0
    endloop
  endfacet
  facet normal 0 0 -1
    outer loop
      vertex 70 70 0
      vertex 74.11250165034453 75.09675364722304 0
      vertex 74.2817576990161 75.02664549634959 0
    endloop
  endfacet
  facet normal 0 0 -1
    outer loop
      vertex 70 70 0
      vertex 74.2817576990161 75.02664549634959 0
      vertex 74.4564800052847 74.97155576479295 0
    endloop
  endfacet
  facet normal 0 0 -1
    outer loop
      vertex 70 70 0
      vertex 74.4564800052847 74.97155576479295 0
      vertex 74.63533882689944 74.93190371867436 0
    endloop
  endfacet
  facet normal 0 0 -1
    outer loop
      vertex 80 74 0
      vertex 70 70 0
      vertex 74.63533882689944 74.93190371867436 0
    endloop
  endfacet
  facet normal 0 0 -1
    outer loop
      vertex 76.34862297099063 70.01522120763302 0
      vertex 77.03527618041008 70.13629669484372 0
      vertex 76.69459271066772 70.06076898795116 0
    endloop
  endfacet
  facet normal 0 0 -1
    outer loop
      vertex 76.34862297099063 70.01522120763302 0
      vertex 77.6904730469628 70.3747688518534 0
      vertex 77.03527618041008 70.13629669484372 0
    endloop
  endfacet
  facet normal 0 0 -1
    outer loop
      vertex 77.03527618041008 70.13629669484372 0
      vertex 77.6904730469628 70.3747688518534 0
      vertex 77.36808057330268 70.24122951685636 0
    endloop
  endfacet
  facet normal 0 0 -1
    outer loop
      vertex 76.34862297099063 70.01522120763302 0
      vertex 70 70 0
      vertex 80 74 0
    endloop
  endfacet
  facet normal 0 0 -1
    outer loop
      vertex 76.34862297099063 70.01522120763302 0
      vertex 79.06417777247592 71.42884956125384 0
      vertex 77.6904730469628 70.3747688518534 0
    endloop
  endfacet
  facet normal 0 0 -1
    outer loop
      vertex 77.6904730469628 70.3747688518534 0
      vertex 78.29430574540419 70.72339182284404 0
      vertex 78 70.53589838486225 0
    endloop
  endfacet
  facet normal 0 0 -1
    outer loop
      vertex 77.6904730469628 70.3747688518534 0
      vertex 79.06417777247592 71.42884956125384 0
      vertex 78.29430574540419 70.72339182284404 0
    endloop
  endfacet
  facet normal 0 0 -1
    outer loop
      vertex 78.29430574540419 70.72339182284404 0
      vertex 79.06417777247592 71.42884956125384 0
      vertex 78.57115043874616 70.93582222752408 0
    endloop
  endfacet
  facet normal 0 0 -1
    outer loop
      vertex 76.34862297099063 70.01522120763302 0
      vertex 80 74 0
      vertex 79.06417777247592 71.42884956125384 0
    endloop
  endfacet
  facet normal 0 0 -1
    outer loop
      vertex 78.57115043874616 70.93582222752408 0
      vertex 79.06417777247592 71.42884956125384 0
      vertex 78.82842712474618 71.17157287525382 0
    endloop
  endfacet
  facet normal 0 0 -1
    outer loop
      vertex 79.06417777247592 71.42884956125384 0
      vertex 79.46410161513775 72 0
      vertex 79.27660817715596 71.70569425459581 0
    endloop
  endfacet
  facet normal 0 0 -1
    outer loop
      vertex 79.06417777247592 71.42884956125384 0
      vertex 79.75877048314364 72.63191942669732 0
      vertex 79.46410161513775 72 0
    endloop
  endfacet
  facet normal 0 0 -1
    outer loop
      vertex 79.46410161513775 72 0
      vertex 79.75877048314364 72.63191942669732 0
      vertex 79.6252311481466 72.3095269530372 0
    endloop
  endfacet
  facet normal 0 0 -1
    outer loop
      vertex 79.06417777247592 71.42884956125384 0
      vertex 80 74 0
      vertex 79.75877048314364 72.63191942669732 0
    endloop
  endfacet
  facet normal 0 0 -1
    outer loop
      vertex 79.75877048314364 72.63191942669732 0
      vertex 79.93923101204884 73.30540728933228 0
      vertex 79.86370330515628 72.96472381958992 0
    endloop
  endfacet
  facet normal 0 0 -1
    outer loop
      vertex 79.75877048314364 72.63191942669732 0
      vertex 80 74 0
      vertex 79.93923101204884 73.30540728933228 0
    endloop
  endfacet
  facet normal 0 0 -1
    outer loop
      vertex 70 70 0
      vertex 73.18134665205268 75.95 0
      vertex 73.27978070699312 75.7954894836628 0
    endloop
  endfacet
  facet normal 0 0 -1
    outer loop
      vertex 70 70 0
      vertex 73.09675364722304 76.11250165034453 0
      vertex 73.18134665205268 75.95 0
    endloop
  endfacet
  facet normal 0 0 -1
    outer loop
      vertex 70 70 0
      vertex 73.02664549634959 76.2817576990161 0
      vertex 73.09675364722304 76.11250165034453 0
    endloop
  endfacet
  facet normal 0 0 -1
    outer loop
      vertex 70 70 0
      vertex 73.27978070699312 75.7954894836628 0
      vertex 73.39130666945015 75.65014601965827 0
    endloop
  endfacet
  facet normal 0 0 -1
    outer loop
      vertex 70 70 0
      vertex 73.39130666945015 75.65014601965827 0
      vertex 73.51507575950825 75.51507575950825 0
    endloop
  endfacet
  facet normal 0 0 -1
    outer loop
      vertex 70 70 0
      vertex 73.51507575950825 75.51507575950825 0
      vertex 73.65014601965827 75.39130666945015 0
    endloop
  endfacet
  facet normal 0 0 -1
    outer loop
      vertex 70 70 0
      vertex 73.65014601965827 75.39130666945015 0
      vertex 73.7954894836628 75.27978070699312 0
    endloop
  endfacet
  facet normal 0 0 -1
    outer loop
      vertex 70 70 0
      vertex 72.97155576479295 76.4564800052847 0
      vertex 73.02664549634959 76.2817576990161 0
    endloop
  endfacet
  facet normal 0 0 -1
    outer loop
      vertex 70 70 0
      vertex 72.90799113400733 76.81697294022992 0
      vertex 72.93190371867436 76.63533882689944 0
    endloop
  endfacet
  facet normal 0 0 -1
    outer loop
      vertex 70 70 0
      vertex 72.93190371867436 76.63533882689944 0
      vertex 72.97155576479295 76.4564800052847 0
    endloop
  endfacet
  facet normal 0 0 -1
    outer loop
      vertex 70 70 0
      vertex 72.9 77 0
      vertex 72.90799113400733 76.81697294022992 0
    endloop
  endfacet
  facet normal 0 0 -1
    outer loop
      vertex 70 70 0
      vertex 70 84 0
      vertex 72.9 77 0
    endloop
  endfacet
  facet normal 0 0 -1
    outer loop
      vertex 72.9 77 0
      vertex 70 84 0
      vertex 72.90799113400733 77.18302705977008 0
    endloop
  endfacet
  facet normal 0 0 -1
    outer loop
      vertex 72.90799113400733 77.18302705977008 0
      vertex 70 84 0
      vertex 72.93190371867436 77.36466117310056 0
    endloop
  endfacet
  facet normal 0 0 -1
    outer loop
      vertex 72.93190371867436 77.36466117310056 0
      vertex 70 84 0
      vertex 72.97155576479295 77.5435199947153 0
    endloop
  endfacet
  facet normal 0 0 -1
    outer loop
      vertex 72.97155576479295 77.5435199947153 0
      vertex 70 84 0
      vertex 73.02664549634959 77.7182423009839 0
    endloop
  endfacet
  facet normal 0 0 -1
    outer loop
      vertex 73.02664549634959 77.7182423009839 0
      vertex 70 84 0
      vertex 73.09675364722304 77.88749834965547 0
    endloop
  endfacet
  facet normal 0 0 -1
    outer loop
      vertex 73.09675364722304 77.88749834965547 0
      vertex 70 84 0
      vertex 73.18134665205268 78.05 0
    endloop
  endfacet
  facet normal 0 0 -1
    outer loop
      vertex 73.18134665205268 78.05 0
      vertex 70 84 0
      vertex 73.27978070699312 78.2045105163372 0
    endloop
  endfacet
  facet normal 0 0 -1
    outer loop
      vertex 73.27978070699312 78.2045105163372 0
      vertex 70 84 0
      vertex 73.39130666945015 78.34985398034173 0
    endloop
  endfacet
  facet normal 0 0 -1
    outer loop
      vertex 73.39130666945015 78.34985398034173 0
      vertex 70 84 0
      vertex 73.51507575950825 78.48492424049175 0
    endloop
  endfacet
  facet normal 0 0 -1
    outer loop
      vertex 73.65014601965827 78.60869333054985 0
      vertex 73.51507575950825 78.48492424049175 0
      vertex 70 84 0
    endloop
  endfacet
  facet normal 0 0 -1
    outer loop
      vertex 73.7954894836628 78.72021929300688 0
      vertex 73.65014601965827 78.60869333054985 0
      vertex 70 84 0
    endloop
  endfacet
  facet normal 0 0 -1
    outer loop
      vertex 73.95 78.81865334794732 0
      vertex 73.7954894836628 78.72021929300688 0
      vertex 70 84 0
    endloop
  endfacet
  facet normal 0 0 -1
    outer loop
      vertex 76.34862297099063 83.98477879236698 0
      vertex 74.11250165034453 78.90324635277696 0
      vertex 73.95 78.81865334794732 0
    endloop
  endfacet
  facet normal 0 0 -1
    outer loop
      vertex 76.34862297099063 83.98477879236698 0
      vertex 74.2817576990161 78.97335450365041 0
      vertex 74.11250165034453 78.90324635277696 0
    endloop
  endfacet
  facet normal 0 0 -1
    outer loop
      vertex 76.34862297099063 83.98477879236698 0
      vertex 73.95 78.81865334794732 0
      vertex 70 84 0
    endloop
  endfacet
  facet normal 0 0 -1
    outer loop
      vertex 76 84 0
      vertex 76.34862297099063 83.98477879236698 0
      vertex 70 84 0
    endloop
  endfacet
  facet normal 0 0 -1
    outer loop
      vertex 80 74 0
      vertex 74.63533882689944 74.93190371867436 0
      vertex 74.81697294022992 74.90799113400733 0
    endloop
  endfacet
  facet normal 0 0 -1
    outer loop
      vertex 80 74 0
      vertex 74.81697294022992 74.90799113400733 0
      vertex 75 74.9 0
    endloop
  endfacet
  facet normal 0 0 -1
    outer loop
      vertex 80 74 0
      vertex 75 74.9 0
      vertex 75.18302705977008 74.90799113400733 0
    endloop
  endfacet
  facet normal 0 0 -1
    outer loop
      vertex 80 74 0
      vertex 75.18302705977008 74.90799113400733 0
      vertex 75.36466117310056 74.93190371867436 0
    endloop
  endfacet
  facet normal 0 0 -1
    outer loop
      vertex 80 74 0
      vertex 75.36466117310056 74.93190371867436 0
      vertex 75.5435199947153 74.97155576479295 0
    endloop
  endfacet
  facet normal 0 0 -1
    outer loop
      vertex 80 74 0
      vertex 75.5435199947153 74.97155576479295 0
      vertex 75.7182423009839 75.02664549634959 0
    endloop
  endfacet
  facet normal 0 0 -1
    outer loop
      vertex 80 74 0
      vertex 75.7182423009839 75.02664549634959 0
      vertex 75.88749834965547 75.09675364722304 0
    endloop
  endfacet
  facet normal 0 0 -1
    outer loop
      vertex 80 74 0
      vertex 75.88749834965547 75.09675364722304 0
      vertex 76.05 75.18134665205268 0
    endloop
  endfacet
  facet normal 0 0 -1
    outer loop
      vertex 80 74 0
      vertex 76.05 75.18134665205268 0
      vertex 76.2045105163372 75.27978070699312 0
    endloop
  endfacet
  facet normal 0 0 -1
    outer loop
      vertex 80 74 0
      vertex 76.2045105163372 75.27978070699312 0
      vertex 76.34985398034173 75.39130666945015 0
    endloop
  endfacet
  facet normal 0 0 -1
    outer loop
      vertex 80 74 0
      vertex 76.34985398034173 75.39130666945015 0
      vertex 76.48492424049175 75.51507575950825 0
    endloop
  endfacet
  facet normal 0 0 -1
    outer loop
      vertex 80 74 0
      vertex 76.48492424049175 75.51507575950825 0
      vertex 76.60869333054985 75.65014601965827 0
    endloop
  endfacet
  facet normal 0 0 -1
    outer loop
      vertex 80 74 0
      vertex 76.60869333054985 75.65014601965827 0
      vertex 76.72021929300688 75.7954894836628 0
    endloop
  endfacet
  facet normal 0 0 -1
    outer loop
      vertex 80 74 0
      vertex 76.72021929300688 75.7954894836628 0
      vertex 76.81865334794732 75.95 0
    endloop
  endfacet
  facet normal 0 0 -1
    outer loop
      vertex 80 74 0
      vertex 76.81865334794732 75.95 0
      vertex 76.90324635277696 76.11250165034453 0
    endloop
  endfacet
  facet normal 0 0 -1
    outer loop
      vertex 80 74 0
      vertex 76.90324635277696 76.11250165034453 0
      vertex 76.97335450365041 76.2817576990161 0
    endloop
  endfacet
  facet normal 0 0 -1
    outer loop
      vertex 80 74 0
      vertex 76.97335450365041 76.2817576990161 0
      vertex 77.02844423520705 76.4564800052847 0
    endloop
  endfacet
  facet normal 0 0 -1
    outer loop
      vertex 80 74 0
      vertex 77.02844423520705 76.4564800052847 0
      vertex 77.06809628132564 76.63533882689944 0
    endloop
  endfacet
  facet normal 0 0 -1
    outer loop
      vertex 80 74 0
      vertex 77.06809628132564 76.63533882689944 0
      vertex 77.09200886599267 76.81697294022992 0
    endloop
  endfacet
  facet normal 0 0 -1
    outer loop
      vertex 80 74 0
      vertex 77.09200886599267 76.81697294022992 0
      vertex 77.1 77 0
    endloop
  endfacet
  facet normal 0 0 -1
    outer loop
      vertex 80 74 0
      vertex 77.1 77 0
      vertex 77.09200886599267 77.18302705977008 0
    endloop
  endfacet
  facet normal 0 0 -1
    outer loop
      vertex 79.93923101204884 73.30540728933228 0
      vertex 80 74 0
      vertex 79.98477879236698 73.65137702900937 0
    endloop
  endfacet
  facet normal 0 0 -1
    outer loop
      vertex 80 74 0
      vertex 77.09200886599267 77.18302705977008 0
      vertex 77.06809628132564 77.36466117310056 0
    endloop
  endfacet
  facet normal 0 0 -1
    outer loop
      vertex 80 74 0
      vertex 77.06809628132564 77.36466117310056 0
      vertex 77.02844423520705 77.5435199947153 0
    endloop
  endfacet
  facet normal 0 0 -1
    outer loop
      vertex 80 74 0
      vertex 77.02844423520705 77.5435199947153 0
      vertex 76.97335450365041 77.7182423009839 0
    endloop
  endfacet
  facet normal 0 0 -1
    outer loop
      vertex 80 74 0
      vertex 76.97335450365041 77.7182423009839 0
      vertex 76.90324635277696 77.88749834965547 0
    endloop
  endfacet
  facet normal 0 0 -1
    outer loop
      vertex 80 74 0
      vertex 76.81865334794732 78.05 0
      vertex 76.72021929300688 78.2045105163372 0
    endloop
  endfacet
  facet normal 0 0 -1
    outer loop
      vertex 80 74 0
      vertex 76.90324635277696 77.88749834965547 0
      vertex 76.81865334794732 78.05 0
    endloop
  endfacet
  facet normal 0 0 -1
    outer loop
      vertex 80 74 0
      vertex 76.72021929300688 78.2045105163372 0
      vertex 76.60869333054985 78.34985398034173 0
    endloop
  endfacet
  facet normal 0 0 -1
    outer loop
      vertex 80 74 0
      vertex 79.75877048314364 81.36808057330268 0
      vertex 80 80 0
    endloop
  endfacet
  facet normal 0 0 -1
    outer loop
      vertex 76.34862297099063 83.98477879236698 0
      vertex 74.4564800052847 79.02844423520705 0
      vertex 74.2817576990161 78.97335450365041 0
    endloop
  endfacet
  facet normal 0 0 -1
    outer loop
      vertex 76.34862297099063 83.98477879236698 0
      vertex 74.63533882689944 79.06809628132564 0
      vertex 74.4564800052847 79.02844423520705 0
    endloop
  endfacet
  facet normal 0 0 -1
    outer loop
      vertex 76.34862297099063 83.98477879236698 0
      vertex 74.81697294022992 79.09200886599267 0
      vertex 74.63533882689944 79.06809628132564 0
    endloop
  endfacet
  facet normal 0 0 -1
    outer loop
      vertex 76.34862297099063 83.98477879236698 0
      vertex 75 79.1 0
      vertex 74.81697294022992 79.09200886599267 0
    endloop
  endfacet
  facet normal 0 0 -1
    outer loop
      vertex 76.34862297099063 83.98477879236698 0
      vertex 75.18302705977008 79.09200886599267 0
      vertex 75 79.1 0
    endloop
  endfacet
  facet normal 0 0 -1
    outer loop
      vertex 76.34862297099063 83.98477879236698 0
      vertex 75.36466117310056 79.06809628132564 0
      vertex 75.18302705977008 79.09200886599267 0
    endloop
  endfacet
  facet normal 0 0 -1
    outer loop
      vertex 76.34862297099063 83.98477879236698 0
      vertex 75.5435199947153 79.02844423520705 0
      vertex 75.36466117310056 79.06809628132564 0
    endloop
  endfacet
  facet normal 0 0 -1
    outer loop
      vertex 76.34862297099063 83.98477879236698 0
      vertex 75.7182423009839 78.97335450365041 0
      vertex 75.5435199947153 79.02844423520705 0
    endloop
  endfacet
  facet normal 0 0 -1
    outer loop
      vertex 76.34862297099063 83.98477879236698 0
      vertex 75.88749834965547 78.90324635277696 0
      vertex 75.7182423009839 78.97335450365041 0
    endloop
  endfacet
  facet normal 0 0 -1
    outer loop
      vertex 76.34862297099063 83.98477879236698 0
      vertex 76.2045105163372 78.72021929300688 0
      vertex 76.05 78.81865334794732 0
    endloop
  endfacet
  facet normal 0 0 -1
    outer loop
      vertex 76.34862297099063 83.98477879236698 0
      vertex 76.05 78.81865334794732 0
      vertex 75.88749834965547 78.90324635277696 0
    endloop
  endfacet
  facet normal 0 0 -1
    outer loop
      vertex 76.34862297099063 83.98477879236698 0
      vertex 76.48492424049175 78.48492424049175 0
      vertex 76.34985398034173 78.60869333054985 0
    endloop
  endfacet
  facet normal 0 0 -1
    outer loop
      vertex 76.34862297099063 83.98477879236698 0
      vertex 76.60869333054985 78.34985398034173 0
      vertex 76.48492424049175 78.48492424049175 0
    endloop
  endfacet
  facet normal 0 0 -1
    outer loop
      vertex 76.34862297099063 83.98477879236698 0
      vertex 76.34985398034173 78.60869333054985 0
      vertex 76.2045105163372 78.72021929300688 0
    endloop
  endfacet
  facet normal 0 0 -1
    outer loop
      vertex 76.34862297099063 83.98477879236698 0
      vertex 76.69459271066772 83.93923101204884 0
      vertex 77.03527618041008 83.86370330515628 0
    endloop
  endfacet
  facet normal 0 0 -1
    outer loop
      vertex 77.36808057330268 83.75877048314364 0
      vertex 76.34862297099063 83.98477879236698 0
      vertex 77.03527618041008 83.86370330515628 0
    endloop
  endfacet
  facet normal 0 0 -1
    outer loop
      vertex 77.36808057330268 83.75877048314364 0
      vertex 78.29430574540419 83.27660817715596 0
      vertex 76.34862297099063 83.98477879236698 0
    endloop
  endfacet
  facet normal 0 0 -1
    outer loop
      vertex 80 74 0
      vertex 76.60869333054985 78.34985398034173 0
      vertex 76.34862297099063 83.98477879236698 0
    endloop
  endfacet
  facet normal 0 0 -1
    outer loop
      vertex 80 74 0
      vertex 76.34862297099063 83.98477879236698 0
      vertex 79.75877048314364 81.36808057330268 0
    endloop
  endfacet
  facet normal 0 0 -1
    outer loop
      vertex 80 80 0
      vertex 79.93923101204884 80.69459271066772 0
      vertex 79.98477879236698 80.34862297099063 0
    endloop
  endfacet
  facet normal 0 0 -1
    outer loop
      vertex 80 80 0
      vertex 79.75877048314364 81.36808057330268 0
      vertex 79.93923101204884 80.69459271066772 0
    endloop
  endfacet
  facet normal 0 0 -1
    outer loop
      vertex 79.93923101204884 80.69459271066772 0
      vertex 79.75877048314364 81.36808057330268 0
      vertex 79.86370330515628 81.03527618041008 0
    endloop
  endfacet
  facet normal 0 0 -1
    outer loop
      vertex 77.36808057330268 83.75877048314364 0
      vertex 77.6904730469628 83.6252311481466 0
      vertex 78 83.46410161513775 0
    endloop
  endfacet
  facet normal 0 0 -1
    outer loop
      vertex 77.36808057330268 83.75877048314364 0
      vertex 78 83.46410161513775 0
      vertex 78.29430574540419 83.27660817715596 0
    endloop
  endfacet
  facet normal 0 0 -1
    outer loop
      vertex 79.75877048314364 81.36808057330268 0
      vertex 76.34862297099063 83.98477879236698 0
      vertex 78.29430574540419 83.27660817715596 0
    endloop
  endfacet
  facet normal 0 0 -1
    outer loop
      vertex 78.57115043874616 83.06417777247592 0
      vertex 78.82842712474618 82.82842712474618 0
      vertex 78.29430574540419 83.27660817715596 0
    endloop
  endfacet
  facet normal 0 0 -1
    outer loop
      vertex 79.27660817715596 82.29430574540419 0
      vertex 78.82842712474618 82.82842712474618 0
      vertex 79.06417777247592 82.57115043874616 0
    endloop
  endfacet
  facet normal 0 0 -1
    outer loop
      vertex 79.75877048314364 81.36808057330268 0
      vertex 78.29430574540419 83.27660817715596 0
      vertex 79.27660817715596 82.29430574540419 0
    endloop
  endfacet
  facet normal 0 0 -1
    outer loop
      vertex 79.6252311481466 81.6904730469628 0
      vertex 79.27660817715596 82.29430574540419 0
      vertex 79.46410161513775 82 0
    endloop
  endfacet
  facet normal 0 0 -1
    outer loop
      vertex 79.75877048314364 81.36808057330268 0
      vertex 79.27660817715596 82.29430574540419 0
      vertex 79.6252311481466 81.6904730469628 0
    endloop
  endfacet
  facet normal 0 0 -1
    outer loop
      vertex 79.27660817715596 82.29430574540419 0
      vertex 78.29430574540419 83.27660817715596 0
      vertex 78.82842712474618 82.82842712474618 0
    endloop
  endfacet
  facet normal 0 -1 0
    outer loop
      vertex 76 70 0
      vertex 76 70 5
      vertex 70 70 0
    endloop
  endfacet
  facet normal 0.04361938736533841 -0.9990482215818577 -1.7546785483100718e-19
    outer loop
      vertex 76 70 0
      vertex 76.34862297099063 70.01522120763302 0
      vertex 76.34862297099063 70.01522120763302 5
    endloop
  endfacet
  facet normal 0.13052619222003875 -0.991444861373812 0
    outer loop
      vertex 76.34862297099063 70.01522120763302 0
      vertex 76.69459271066772 70.06076898795116 0
      vertex 76.34862297099063 70.01522120763302 5
    endloop
  endfacet
  facet normal 0.21643961393810132 -0.9762960071199337 9.02453905617317e-19
    outer loop
      vertex 76.69459271066772 70.06076898795116 0
      vertex 77.03527618041008 70.13629669484372 0
      vertex 77.03527618041008 70.13629669484372 5
    endloop
  endfacet
  facet normal 0.30070579950427606 -0.9537169507482259 0
    outer loop
      vertex 77.03527618041008 70.13629669484372 0
      vertex 77.36808057330268 70.24122951685636 0
      vertex 77.03527618041008 70.13629669484372 5
    endloop
  endfacet
  facet normal 0.38268343236510904 -0.9238795325112787 1.81221729727378e-18
    outer loop
      vertex 77.36808057330268 70.24122951685636 0
      vertex 77.6904730469628 70.3747688518534 0
      vertex 77.6904730469628 70.3747688518534 5
    endloop
  endfacet
  facet normal 0.4617486132350322 -0.8870108331782226 0
    outer loop
      vertex 77.6904730469628 70.3747688518534 0
      vertex 78 70.53589838486225 0
      vertex 77.6904730469628 70.3747688518534 5
    endloop
  endfacet
  facet normal 0.5372996083468162 -0.8433914458128905 1.1409832378634682e-18
    outer loop
      vertex 78 70.53589838486225 0
      vertex 78.29430574540419 70.72339182284404 0
      vertex 78.29430574540419 70.72339182284404 5
    endloop
  endfacet
  facet normal 0.6087614290087122 -0.7933533402912416 0
    outer loop
      vertex 78.29430574540419 70.72339182284404 0
      vertex 78.57115043874616 70.93582222752408 0
      vertex 78.29430574540419 70.72339182284404 5
    endloop
  endfacet
  facet normal 0.6755902076156837 -0.7372773368101025 1.3110722123619884e-18
    outer loop
      vertex 78.57115043874616 70.93582222752408 0
      vertex 78.82842712474618 71.17157287525382 0
      vertex 78.82842712474618 71.17157287525382 5
    endloop
  endfacet
  facet normal 0.7372773368101025 -0.6755902076156837 1.3110722123619884e-18
    outer loop
      vertex 78.82842712474618 71.17157287525382 0
      vertex 79.06417777247592 71.42884956125384 0
      vertex 79.06417777247592 71.42884956125384 5
    endloop
  endfacet
  facet normal 0.7933533402912416 -0.6087614290087122 0
    outer loop
      vertex 79.06417777247592 71.42884956125384 0
      vertex 79.27660817715596 71.70569425459581 0
      vertex 79.06417777247592 71.42884956125384 5
    endloop
  endfacet
  facet normal 0.8433914458128905 -0.5372996083468162 0
    outer loop
      vertex 79.27660817715596 71.70569425459581 0
      vertex 79.46410161513775 72 0
      vertex 79.27660817715596 71.70569425459581 5
    endloop
  endfacet
  facet normal 0.8870108331782226 -0.4617486132350322 0
    outer loop
      vertex 79.46410161513775 72 0
      vertex 79.6252311481466 72.3095269530372 0
      vertex 79.46410161513775 72 5
    endloop
  endfacet
  facet normal 0.9238795325112787 -0.38268343236510904 1.81221729727378e-18
    outer loop
      vertex 79.6252311481466 72.3095269530372 0
      vertex 79.75877048314364 72.63191942669732 0
      vertex 79.75877048314364 72.63191942669732 5
    endloop
  endfacet
  facet normal 0.9537169507482259 -0.30070579950427606 0
    outer loop
      vertex 79.75877048314364 72.63191942669732 0
      vertex 79.86370330515628 72.96472381958992 0
      vertex 79.75877048314364 72.63191942669732 5
    endloop
  endfacet
  facet normal 0.9762960071199337 -0.21643961393810132 9.02453905617317e-19
    outer loop
      vertex 79.86370330515628 72.96472381958992 0
      vertex 79.93923101204884 73.30540728933228 0
      vertex 79.93923101204884 73.30540728933228 5
    endloop
  endfacet
  facet normal 0.991444861373812 -0.13052619222003875 0
    outer loop
      vertex 79.93923101204884 73.30540728933228 0
      vertex 79.98477879236698 73.65137702900937 0
      vertex 79.93923101204884 73.30540728933228 5
    endloop
  endfacet
  facet normal 0 1 0
    outer loop
      vertex 76 84 0
      vertex 70 84 0
      vertex 70 84 5
    endloop
  endfacet
  facet normal 0.9990482215818577 -0.04361938736533841 -1.7546785483100718e-19
    outer loop
      vertex 79.98477879236698 73.65137702900937 0
      vertex 80 74 0
      vertex 80 74 5
    endloop
  endfacet
  facet normal 1 0 0
    outer loop
      vertex 80 74 0
      vertex 80 80 0
      vertex 80 80 5
    endloop
  endfacet
  facet normal 0.04361938736533841 0.9990482215818577 0
    outer loop
      vertex 76 84 0
      vertex 76 84 5
      vertex 76.34862297099063 83.98477879236698 0
    endloop
  endfacet
  facet normal 0.13052619222003875 0.991444861373812 0
    outer loop
      vertex 76.34862297099063 83.98477879236698 0
      vertex 76.34862297099063 83.98477879236698 5
      vertex 76.69459271066772 83.93923101204884 0
    endloop
  endfacet
  facet normal 0.21643961393810132 0.9762960071199337 0
    outer loop
      vertex 76.69459271066772 83.93923101204884 0
      vertex 76.69459271066772 83.93923101204884 5
      vertex 77.03527618041008 83.86370330515628 0
    endloop
  endfacet
  facet normal 0.30070579950427606 0.9537169507482259 0
    outer loop
      vertex 77.36808057330268 83.75877048314364 0
      vertex 77.03527618041008 83.86370330515628 0
      vertex 77.36808057330268 83.75877048314364 5
    endloop
  endfacet
  facet normal 0.9990482215818577 0.04361938736533841 1.7546785483100718e-19
    outer loop
      vertex 80 80 0
      vertex 79.98477879236698 80.34862297099063 0
      vertex 79.98477879236698 80.34862297099063 5
    endloop
  endfacet
  facet normal 0.991444861373812 0.13052619222003875 0
    outer loop
      vertex 79.98477879236698 80.34862297099063 0
      vertex 79.93923101204884 80.69459271066772 0
      vertex 79.98477879236698 80.34862297099063 5
    endloop
  endfacet
  facet normal 0.9762960071199337 0.21643961393810132 -9.02453905617317e-19
    outer loop
      vertex 79.93923101204884 80.69459271066772 0
      vertex 79.86370330515628 81.03527618041008 0
      vertex 79.86370330515628 81.03527618041008 5
    endloop
  endfacet
  facet normal 0.9537169507482259 0.30070579950427606 0
    outer loop
      vertex 79.86370330515628 81.03527618041008 0
      vertex 79.75877048314364 81.36808057330268 0
      vertex 79.86370330515628 81.03527618041008 5
    endloop
  endfacet
  facet normal 0.38268343236510904 0.9238795325112787 -1.81221729727378e-18
    outer loop
      vertex 77.36808057330268 83.75877048314364 0
      vertex 77.6904730469628 83.6252311481466 5
      vertex 77.6904730469628 83.6252311481466 0
    endloop
  endfacet
  facet normal 0.4617486132350322 0.8870108331782226 1.0157956792684642e-18
    outer loop
      vertex 78 83.46410161513775 0
      vertex 77.6904730469628 83.6252311481466 0
      vertex 77.6904730469628 83.6252311481466 5
    endloop
  endfacet
  facet normal 0.5372996083468162 0.8433914458128905 -1.1409832378634682e-18
    outer loop
      vertex 78.29430574540419 83.27660817715596 0
      vertex 78 83.46410161513775 0
      vertex 78 83.46410161513775 5
    endloop
  endfacet
  facet normal 0.6755902076156837 0.7372773368101025 -1.3110722123619884e-18
    outer loop
      vertex 78.57115043874616 83.06417777247592 0
      vertex 78.82842712474618 82.82842712474618 5
      vertex 78.82842712474618 82.82842712474618 0
    endloop
  endfacet
  facet normal 0.6087614290087122 0.7933533402912416 0
    outer loop
      vertex 78.57115043874616 83.06417777247592 0
      vertex 78.29430574540419 83.27660817715596 0
      vertex 78.57115043874616 83.06417777247592 5
    endloop
  endfacet
  facet normal 0.7933533402912416 0.6087614290087122 0
    outer loop
      vertex 79.27660817715596 82.29430574540419 0
      vertex 79.06417777247592 82.57115043874616 0
      vertex 79.27660817715596 82.29430574540419 5
    endloop
  endfacet
  facet normal 0.9238795325112787 0.38268343236510904 -1.81221729727378e-18
    outer loop
      vertex 79.75877048314364 81.36808057330268 0
      vertex 79.6252311481466 81.6904730469628 0
      vertex 79.6252311481466 81.6904730469628 5
    endloop
  endfacet
  facet normal 0.8870108331782226 0.4617486132350322 1.0157956792684642e-18
    outer loop
      vertex 79.6252311481466 81.6904730469628 0
      vertex 79.46410161513775 82 0
      vertex 79.46410161513775 82 5
    endloop
  endfacet
  facet normal 0.8433914458128905 0.5372996083468162 0
    outer loop
      vertex 79.46410161513775 82 0
      vertex 79.27660817715596 82.29430574540419 0
      vertex 79.46410161513775 82 5
    endloop
  endfacet
  facet normal 0.7372773368101025 0.6755902076156837 -1.3110722123619884e-18
    outer loop
      vertex 79.06417777247592 82.57115043874616 0
      vertex 78.82842712474618 82.82842712474618 0
      vertex 78.82842712474618 82.82842712474618 5
    endloop
  endfacet
  facet normal 0 -1 0
    outer loop
      vertex 76 70 5
      vertex 70 70 5
      vertex 70 70 0
    endloop
  endfacet
  facet normal 0.04361938736533841 -0.9990482215818577 0
    outer loop
      vertex 76 70 0
      vertex 76.34862297099063 70.01522120763302 5
      vertex 76 70 5
    endloop
  endfacet
  facet normal 0.13052619222003875 -0.991444861373812 0
    outer loop
      vertex 76.69459271066772 70.06076898795116 0
      vertex 76.69459271066772 70.06076898795116 5
      vertex 76.34862297099063 70.01522120763302 5
    endloop
  endfacet
  facet normal 0.21643961393810132 -0.9762960071199337 0
    outer loop
      vertex 76.69459271066772 70.06076898795116 0
      vertex 77.03527618041008 70.13629669484372 5
      vertex 76.69459271066772 70.06076898795116 5
    endloop
  endfacet
  facet normal 0.30070579950427606 -0.9537169507482259 0
    outer loop
      vertex 77.36808057330268 70.24122951685636 0
      vertex 77.36808057330268 70.24122951685636 5
      vertex 77.03527618041008 70.13629669484372 5
    endloop
  endfacet
  facet normal 0.38268343236510904 -0.9238795325112787 0
    outer loop
      vertex 77.36808057330268 70.24122951685636 0
      vertex 77.6904730469628 70.3747688518534 5
      vertex 77.36808057330268 70.24122951685636 5
    endloop
  endfacet
  facet normal 0.4617486132350322 -0.8870108331782226 0
    outer loop
      vertex 78 70.53589838486225 0
      vertex 78 70.53589838486225 5
      vertex 77.6904730469628 70.3747688518534 5
    endloop
  endfacet
  facet normal 0.5372996083468162 -0.8433914458128905 0
    outer loop
      vertex 78 70.53589838486225 0
      vertex 78.29430574540419 70.72339182284404 5
      vertex 78 70.53589838486225 5
    endloop
  endfacet
  facet normal 0.6087614290087122 -0.7933533402912416 0
    outer loop
      vertex 78.57115043874616 70.93582222752408 0
      vertex 78.57115043874616 70.93582222752408 5
      vertex 78.29430574540419 70.72339182284404 5
    endloop
  endfacet
  facet normal 0.6755902076156837 -0.7372773368101025 0
    outer loop
      vertex 78.57115043874616 70.93582222752408 0
      vertex 78.82842712474618 71.17157287525382 5
      vertex 78.57115043874616 70.93582222752408 5
    endloop
  endfacet
  facet normal 0.7372773368101025 -0.6755902076156837 0
    outer loop
      vertex 78.82842712474618 71.17157287525382 0
      vertex 79.06417777247592 71.42884956125384 5
      vertex 78.82842712474618 71.17157287525382 5
    endloop
  endfacet
  facet normal 0.7933533402912416 -0.6087614290087122 0
    outer loop
      vertex 79.27660817715596 71.70569425459581 0
      vertex 79.27660817715596 71.70569425459581 5
      vertex 79.06417777247592 71.42884956125384 5
    endloop
  endfacet
  facet normal 0.8433914458128905 -0.5372996083468162 0
    outer loop
      vertex 79.46410161513775 72 0
      vertex 79.46410161513775 72 5
      vertex 79.27660817715596 71.70569425459581 5
    endloop
  endfacet
  facet normal 0.8870108331782226 -0.4617486132350322 0
    outer loop
      vertex 79.6252311481466 72.3095269530372 0
      vertex 79.6252311481466 72.3095269530372 5
      vertex 79.46410161513775 72 5
    endloop
  endfacet
  facet normal 0.9238795325112787 -0.38268343236510904 0
    outer loop
      vertex 79.6252311481466 72.3095269530372 0
      vertex 79.75877048314364 72.63191942669732 5
      vertex 79.6252311481466 72.3095269530372 5
    endloop
  endfacet
  facet normal 0.9537169507482259 -0.30070579950427606 0
    outer loop
      vertex 79.86370330515628 72.96472381958992 0
      vertex 79.86370330515628 72.96472381958992 5
      vertex 79.75877048314364 72.63191942669732 5
    endloop
  endfacet
  facet normal 0.9762960071199337 -0.21643961393810132 0
    outer loop
      vertex 79.86370330515628 72.96472381958992 0
      vertex 79.93923101204884 73.30540728933228 5
      vertex 79.86370330515628 72.96472381958992 5
    endloop
  endfacet
  facet normal 0 1 0
    outer loop
      vertex 76 84 0
      vertex 70 84 5
      vertex 76 84 5
    endloop
  endfacet
  facet normal 0.991444861373812 -0.13052619222003875 0
    outer loop
      vertex 79.98477879236698 73.65137702900937 0
      vertex 79.98477879236698 73.65137702900937 5
      vertex 79.93923101204884 73.30540728933228 5
    endloop
  endfacet
  facet normal 0.9990482215818577 -0.04361938736533841 0
    outer loop
      vertex 79.98477879236698 73.65137702900937 0
      vertex 80 74 5
      vertex 79.98477879236698 73.65137702900937 5
    endloop
  endfacet
  facet normal 1 0 0
    outer loop
      vertex 80 74 0
      vertex 80 80 5
      vertex 80 74 5
    endloop
  endfacet
  facet normal 0.04361938736533841 0.9990482215818577 0
    outer loop
      vertex 76.34862297099063 83.98477879236698 0
      vertex 76 84 5
      vertex 76.34862297099063 83.98477879236698 5
    endloop
  endfacet
  facet normal 0.13052619222003875 0.991444861373812 0
    outer loop
      vertex 76.69459271066772 83.93923101204884 0
      vertex 76.34862297099063 83.98477879236698 5
      vertex 76.69459271066772 83.93923101204884 5
    endloop
  endfacet
  facet normal 0.21643961393810132 0.9762960071199337 0
    outer loop
      vertex 77.03527618041008 83.86370330515628 0
      vertex 76.69459271066772 83.93923101204884 5
      vertex 77.03527618041008 83.86370330515628 5
    endloop
  endfacet
  facet normal 0.30070579950427606 0.9537169507482259 0
    outer loop
      vertex 77.03527618041008 83.86370330515628 0
      vertex 77.03527618041008 83.86370330515628 5
      vertex 77.36808057330268 83.75877048314364 5
    endloop
  endfacet
  facet normal 0.38268343236510904 0.9238795325112787 0
    outer loop
      vertex 77.36808057330268 83.75877048314364 0
      vertex 77.36808057330268 83.75877048314364 5
      vertex 77.6904730469628 83.6252311481466 5
    endloop
  endfacet
  facet normal 0.9990482215818577 0.04361938736533841 0
    outer loop
      vertex 80 80 0
      vertex 79.98477879236698 80.34862297099063 5
      vertex 80 80 5
    endloop
  endfacet
  facet normal 0.991444861373812 0.13052619222003875 0
    outer loop
      vertex 79.93923101204884 80.69459271066772 0
      vertex 79.93923101204884 80.69459271066772 5
      vertex 79.98477879236698 80.34862297099063 5
    endloop
  endfacet
  facet normal 0.9762960071199337 0.21643961393810132 0
    outer loop
      vertex 79.93923101204884 80.69459271066772 0
      vertex 79.86370330515628 81.03527618041008 5
      vertex 79.93923101204884 80.69459271066772 5
    endloop
  endfacet
  facet normal 0.9537169507482259 0.30070579950427606 0
    outer loop
      vertex 79.75877048314364 81.36808057330268 0
      vertex 79.75877048314364 81.36808057330268 5
      vertex 79.86370330515628 81.03527618041008 5
    endloop
  endfacet
  facet normal 0.4617486132350322 0.8870108331782226 0
    outer loop
      vertex 78 83.46410161513775 0
      vertex 77.6904730469628 83.6252311481466 5
      vertex 78 83.46410161513775 5
    endloop
  endfacet
  facet normal 0.5372996083468162 0.8433914458128905 0
    outer loop
      vertex 78.29430574540419 83.27660817715596 0
      vertex 78 83.46410161513775 5
      vertex 78.29430574540419 83.27660817715596 5
    endloop
  endfacet
  facet normal 0.6087614290087122 0.7933533402912416 0
    outer loop
      vertex 78.29430574540419 83.27660817715596 0
      vertex 78.29430574540419 83.27660817715596 5
      vertex 78.57115043874616 83.06417777247592 5
    endloop
  endfacet
  facet normal 0.6755902076156837 0.7372773368101025 0
    outer loop
      vertex 78.57115043874616 83.06417777247592 0
      vertex 78.57115043874616 83.06417777247592 5
      vertex 78.82842712474618 82.82842712474618 5
    endloop
  endfacet
  facet normal 0.7372773368101025 0.6755902076156837 0
    outer loop
      vertex 79.06417777247592 82.57115043874616 0
      vertex 78.82842712474618 82.82842712474618 5
      vertex 79.06417777247592 82.57115043874616 5
    endloop
  endfacet
  facet normal 0.8433914458128905 0.5372996083468162 0
    outer loop
      vertex 79.27660817715596 82.29430574540419 0
      vertex 79.27660817715596 82.29430574540419 5
      vertex 79.46410161513775 82 5
    endloop
  endfacet
  facet normal 0.7933533402912416 0.6087614290087122 0
    outer loop
      vertex 79.06417777247592 82.57115043874616 0
      vertex 79.06417777247592 82.57115043874616 5
      vertex 79.27660817715596 82.29430574540419 5
    endloop
  endfacet
  facet normal 0.8870108331782226 0.4617486132350322 0
    outer loop
      vertex 79.6252311481466 81.6904730469628 0
      vertex 79.46410161513775 82 5
      vertex 79.6252311481466 81.6904730469628 5
    endloop
  endfacet
  facet normal 0.9238795325112787 0.38268343236510904 0
    outer loop
      vertex 79.75877048314364 81.36808057330268 0
      vertex 79.6252311481466 81.6904730469628 5
      vertex 79.75877048314364 81.36808057330268 5
    endloop
  endfacet
  facet normal 0 0 1
    outer loop
      vertex 76.34862297099063 70.01522120763302 5
      vertex 70 73.47368421052632 5
      vertex 70 70 5
    endloop
  endfacet
  facet normal 0 0 1
    outer loop
      vertex 76 70 5
      vertex 76.34862297099063 70.01522120763302 5
      vertex 70 70 5
    endloop
  endfacet
  facet normal 0 0 1
    outer loop
      vertex 76.34862297099063 70.01522120763302 5
      vertex 76.69459271066772 70.06076898795116 5
      vertex 77.03527618041008 70.13629669484372 5
    endloop
  endfacet
  facet normal 0 0 1
    outer loop
      vertex 76.34862297099063 70.01522120763302 5
      vertex 77.03527618041008 70.13629669484372 5
      vertex 77.6904730469628 70.3747688518534 5
    endloop
  endfacet
  facet normal 0 0 1
    outer loop
      vertex 77.03527618041008 70.13629669484372 5
      vertex 77.36808057330268 70.24122951685636 5
      vertex 77.6904730469628 70.3747688518534 5
    endloop
  endfacet
  facet normal 0 0 1
    outer loop
      vertex 76.34862297099063 70.01522120763302 5
      vertex 80 74 5
      vertex 70 73.47368421052632 5
    endloop
  endfacet
  facet normal 0 0 1
    outer loop
      vertex 76.34862297099063 70.01522120763302 5
      vertex 77.6904730469628 70.3747688518534 5
      vertex 79.06417777247592 71.42884956125384 5
    endloop
  endfacet
  facet normal 0 0 1
    outer loop
      vertex 77.6904730469628 70.3747688518534 5
      vertex 78 70.53589838486225 5
      vertex 78.29430574540419 70.72339182284404 5
    endloop
  endfacet
  facet normal 0 0 1
    outer loop
      vertex 77.6904730469628 70.3747688518534 5
      vertex 78.29430574540419 70.72339182284404 5
      vertex 79.06417777247592 71.42884956125384 5
    endloop
  endfacet
  facet normal 0 0 1
    outer loop
      vertex 78.29430574540419 70.72339182284404 5
      vertex 78.57115043874616 70.93582222752408 5
      vertex 79.06417777247592 71.42884956125384 5
    endloop
  endfacet
  facet normal 0 0 1
    outer loop
      vertex 76.34862297099063 70.01522120763302 5
      vertex 79.06417777247592 71.42884956125384 5
      vertex 80 74 5
    endloop
  endfacet
  facet normal 0 0 1
    outer loop
      vertex 78.57115043874616 70.93582222752408 5
      vertex 78.82842712474618 71.17157287525382 5
      vertex 79.06417777247592 71.42884956125384 5
    endloop
  endfacet
  facet normal 0 0 1
    outer loop
      vertex 79.06417777247592 71.42884956125384 5
      vertex 79.27660817715596 71.70569425459581 5
      vertex 79.46410161513775 72 5
    endloop
  endfacet
  facet normal 0 0 1
    outer loop
      vertex 79.06417777247592 71.42884956125384 5
      vertex 79.46410161513775 72 5
      vertex 79.75877048314364 72.63191942669732 5
    endloop
  endfacet
  facet normal 0 0 1
    outer loop
      vertex 79.46410161513775 72 5
      vertex 79.6252311481466 72.3095269530372 5
      vertex 79.75877048314364 72.63191942669732 5
    endloop
  endfacet
  facet normal 0 0 1
    outer loop
      vertex 79.06417777247592 71.42884956125384 5
      vertex 79.75877048314364 72.63191942669732 5
      vertex 80 74 5
    endloop
  endfacet
  facet normal 0 0 1
    outer loop
      vertex 79.75877048314364 72.63191942669732 5
      vertex 79.86370330515628 72.96472381958992 5
      vertex 79.93923101204884 73.30540728933228 5
    endloop
  endfacet
  facet normal 0 0 1
    outer loop
      vertex 79.75877048314364 72.63191942669732 5
      vertex 79.93923101204884 73.30540728933228 5
      vertex 80 74 5
    endloop
  endfacet
  facet normal 0 0 1
    outer loop
      vertex 70 73.47368421052632 5
      vertex 73.65014601965827 75.39130666945015 5
      vertex 73.51507575950825 75.51507575950825 5
    endloop
  endfacet
  facet normal 0 0 1
    outer loop
      vertex 70 73.47368421052632 5
      vertex 73.7954894836628 75.27978070699312 5
      vertex 73.65014601965827 75.39130666945015 5
    endloop
  endfacet
  facet normal 0 0 1
    outer loop
      vertex 70 73.47368421052632 5
      vertex 73.27978070699312 75.7954894836628 5
      vertex 73.18134665205268 75.95 5
    endloop
  endfacet
  facet normal 0 0 1
    outer loop
      vertex 70 73.47368421052632 5
      vertex 73.02664549634959 76.2817576990161 5
      vertex 72.97155576479295 76.4564800052847 5
    endloop
  endfacet
  facet normal 0 0 1
    outer loop
      vertex 70 73.47368421052632 5
      vertex 73.18134665205268 75.95 5
      vertex 73.09675364722304 76.11250165034453 5
    endloop
  endfacet
  facet normal 0 0 1
    outer loop
      vertex 70 73.47368421052632 5
      vertex 73.09675364722304 76.11250165034453 5
      vertex 73.02664549634959 76.2817576990161 5
    endloop
  endfacet
  facet normal 0 0 1
    outer loop
      vertex 70 73.47368421052632 5
      vertex 73.39130666945015 75.65014601965827 5
      vertex 73.27978070699312 75.7954894836628 5
    endloop
  endfacet
  facet normal 0 0 1
    outer loop
      vertex 70 73.47368421052632 5
      vertex 73.51507575950825 75.51507575950825 5
      vertex 73.39130666945015 75.65014601965827 5
    endloop
  endfacet
  facet normal 0 0 1
    outer loop
      vertex 70 73.47368421052632 5
      vertex 72.97155576479295 76.4564800052847 5
      vertex 72.93190371867436 76.63533882689944 5
    endloop
  endfacet
  facet normal 0 0 1
    outer loop
      vertex 70 73.47368421052632 5
      vertex 72.93190371867436 76.63533882689944 5
      vertex 72.90799113400733 76.81697294022992 5
    endloop
  endfacet
  facet normal 0 0 1
    outer loop
      vertex 70 73.47368421052632 5
      vertex 72.90799113400733 76.81697294022992 5
      vertex 72.9 77 5
    endloop
  endfacet
  facet normal 0 0 1
    outer loop
      vertex 70 73.47368421052632 5
      vertex 72.9 77 5
      vertex 72.90799113400733 77.18302705977008 5
    endloop
  endfacet
  facet normal 0 0 1
    outer loop
      vertex 70 73.47368421052632 5
      vertex 72.90799113400733 77.18302705977008 5
      vertex 72.93190371867436 77.36466117310056 5
    endloop
  endfacet
  facet normal 0 0 1
    outer loop
      vertex 70 73.47368421052632 5
      vertex 73.09675364722304 77.88749834965547 5
      vertex 70 84 5
    endloop
  endfacet
  facet normal 0 0 1
    outer loop
      vertex 70 73.47368421052632 5
      vertex 72.93190371867436 77.36466117310056 5
      vertex 72.97155576479295 77.5435199947153 5
    endloop
  endfacet
  facet normal 0 0 1
    outer loop
      vertex 70 73.47368421052632 5
      vertex 72.97155576479295 77.5435199947153 5
      vertex 73.02664549634959 77.7182423009839 5
    endloop
  endfacet
  facet normal 0 0 1
    outer loop
      vertex 70 73.47368421052632 5
      vertex 73.02664549634959 77.7182423009839 5
      vertex 73.09675364722304 77.88749834965547 5
    endloop
  endfacet
  facet normal 0 0 1
    outer loop
      vertex 70 73.47368421052632 5
      vertex 73.95 75.18134665205268 5
      vertex 73.7954894836628 75.27978070699312 5
    endloop
  endfacet
  facet normal 0 0 1
    outer loop
      vertex 70 73.47368421052632 5
      vertex 74.11250165034453 75.09675364722304 5
      vertex 73.95 75.18134665205268 5
    endloop
  endfacet
  facet normal 0 0 1
    outer loop
      vertex 70 73.47368421052632 5
      vertex 74.2817576990161 75.02664549634959 5
      vertex 74.11250165034453 75.09675364722304 5
    endloop
  endfacet
  facet normal 0 0 1
    outer loop
      vertex 70 73.47368421052632 5
      vertex 74.63533882689944 74.93190371867436 5
      vertex 74.4564800052847 74.97155576479295 5
    endloop
  endfacet
  facet normal 0 0 1
    outer loop
      vertex 70 73.47368421052632 5
      vertex 74.4564800052847 74.97155576479295 5
      vertex 74.2817576990161 75.02664549634959 5
    endloop
  endfacet
  facet normal 0 0 1
    outer loop
      vertex 80 74 5
      vertex 74.63533882689944 74.93190371867436 5
      vertex 70 73.47368421052632 5
    endloop
  endfacet
  facet normal 0 0 1
    outer loop
      vertex 70 84 5
      vertex 73.09675364722304 77.88749834965547 5
      vertex 73.18134665205268 78.05 5
    endloop
  endfacet
  facet normal 0 0 1
    outer loop
      vertex 70 84 5
      vertex 73.18134665205268 78.05 5
      vertex 73.27978070699312 78.2045105163372 5
    endloop
  endfacet
  facet normal 0 0 1
    outer loop
      vertex 70 84 5
      vertex 73.27978070699312 78.2045105163372 5
      vertex 73.39130666945015 78.34985398034173 5
    endloop
  endfacet
  facet normal 0 0 1
    outer loop
      vertex 70 84 5
      vertex 73.39130666945015 78.34985398034173 5
      vertex 73.51507575950825 78.48492424049175 5
    endloop
  endfacet
  facet normal 0 0 1
    outer loop
      vertex 70 84 5
      vertex 73.51507575950825 78.48492424049175 5
      vertex 73.65014601965827 78.60869333054985 5
    endloop
  endfacet
  facet normal 0 0 1
    outer loop
      vertex 70 84 5
      vertex 73.65014601965827 78.60869333054985 5
      vertex 73.7954894836628 78.72021929300688 5
    endloop
  endfacet
  facet normal 0 0 1
    outer loop
      vertex 70 84 5
      vertex 73.7954894836628 78.72021929300688 5
      vertex 73.95 78.81865334794732 5
    endloop
  endfacet
  facet normal 0 0 1
    outer loop
      vertex 70 84 5
      vertex 73.95 78.81865334794732 5
      vertex 74.11250165034453 78.90324635277696 5
    endloop
  endfacet
  facet normal 0 0 1
    outer loop
      vertex 70 84 5
      vertex 74.11250165034453 78.90324635277696 5
      vertex 74.2817576990161 78.97335450365041 5
    endloop
  endfacet
  facet normal 0 0 1
    outer loop
      vertex 70 84 5
      vertex 74.2817576990161 78.97335450365041 5
      vertex 74.4564800052847 79.02844423520705 5
    endloop
  endfacet
  facet normal 0 0 1
    outer loop
      vertex 70 84 5
      vertex 74.4564800052847 79.02844423520705 5
      vertex 74.63533882689944 79.06809628132564 5
    endloop
  endfacet
  facet normal 0 0 1
    outer loop
      vertex 70 84 5
      vertex 74.63533882689944 79.06809628132564 5
      vertex 74.81697294022992 79.09200886599267 5
    endloop
  endfacet
  facet normal 0 0 1
    outer loop
      vertex 70 84 5
      vertex 74.81697294022992 79.09200886599267 5
      vertex 75 79.1 5
    endloop
  endfacet
  facet normal 0 0 1
    outer loop
      vertex 76.34862297099063 83.98477879236698 5
      vertex 70 84 5
      vertex 75 79.1 5
    endloop
  endfacet
  facet normal 0 0 1
    outer loop
      vertex 76 84 5
      vertex 70 84 5
      vertex 76.34862297099063 83.98477879236698 5
    endloop
  endfacet
  facet normal 0 0 1
    outer loop
      vertex 80 74 5
      vertex 74.81697294022992 74.90799113400733 5
      vertex 74.63533882689944 74.93190371867436 5
    endloop
  endfacet
  facet normal 0 0 1
    outer loop
      vertex 80 74 5
      vertex 75 74.9 5
      vertex 74.81697294022992 74.90799113400733 5
    endloop
  endfacet
  facet normal 0 0 1
    outer loop
      vertex 80 74 5
      vertex 75.18302705977008 74.90799113400733 5
      vertex 75 74.9 5
    endloop
  endfacet
  facet normal 0 0 1
    outer loop
      vertex 80 74 5
      vertex 75.36466117310056 74.93190371867436 5
      vertex 75.18302705977008 74.90799113400733 5
    endloop
  endfacet
  facet normal 0 0 1
    outer loop
      vertex 80 74 5
      vertex 75.5435199947153 74.97155576479295 5
      vertex 75.36466117310056 74.93190371867436 5
    endloop
  endfacet
  facet normal 0 0 1
    outer loop
      vertex 80 74 5
      vertex 75.7182423009839 75.02664549634959 5
      vertex 75.5435199947153 74.97155576479295 5
    endloop
  endfacet
  facet normal 0 0 1
    outer loop
      vertex 80 74 5
      vertex 75.88749834965547 75.09675364722304 5
      vertex 75.7182423009839 75.02664549634959 5
    endloop
  endfacet
  facet normal 0 0 1
    outer loop
      vertex 80 74 5
      vertex 76.05 75.18134665205268 5
      vertex 75.88749834965547 75.09675364722304 5
    endloop
  endfacet
  facet normal 0 0 1
    outer loop
      vertex 80 74 5
      vertex 76.2045105163372 75.27978070699312 5
      vertex 76.05 75.18134665205268 5
    endloop
  endfacet
  facet normal 0 0 1
    outer loop
      vertex 80 74 5
      vertex 76.34985398034173 75.39130666945015 5
      vertex 76.2045105163372 75.27978070699312 5
    endloop
  endfacet
  facet normal 0 0 1
    outer loop
      vertex 80 74 5
      vertex 76.48492424049175 75.51507575950825 5
      vertex 76.34985398034173 75.39130666945015 5
    endloop
  endfacet
  facet normal 0 0 1
    outer loop
      vertex 80 74 5
      vertex 76.60869333054985 75.65014601965827 5
      vertex 76.48492424049175 75.51507575950825 5
    endloop
  endfacet
  facet normal 0 0 1
    outer loop
      vertex 80 74 5
      vertex 76.72021929300688 75.7954894836628 5
      vertex 76.60869333054985 75.65014601965827 5
    endloop
  endfacet
  facet normal 0 0 1
    outer loop
      vertex 80 74 5
      vertex 76.81865334794732 75.95 5
      vertex 76.72021929300688 75.7954894836628 5
    endloop
  endfacet
  facet normal 0 0 1
    outer loop
      vertex 80 74 5
      vertex 76.90324635277696 76.11250165034453 5
      vertex 76.81865334794732 75.95 5
    endloop
  endfacet
  facet normal 0 0 1
    outer loop
      vertex 80 74 5
      vertex 76.97335450365041 76.2817576990161 5
      vertex 76.90324635277696 76.11250165034453 5
    endloop
  endfacet
  facet normal 0 0 1
    outer loop
      vertex 80 74 5
      vertex 77.02844423520705 76.4564800052847 5
      vertex 76.97335450365041 76.2817576990161 5
    endloop
  endfacet
  facet normal 0 0 1
    outer loop
      vertex 80 74 5
      vertex 77.06809628132564 76.63533882689944 5
      vertex 77.02844423520705 76.4564800052847 5
    endloop
  endfacet
  facet normal 0 0 1
    outer loop
      vertex 80 74 5
      vertex 77.09200886599267 76.81697294022992 5
      vertex 77.06809628132564 76.63533882689944 5
    endloop
  endfacet
  facet normal 0 0 1
    outer loop
      vertex 80 74 5
      vertex 77.1 77 5
      vertex 77.09200886599267 76.81697294022992 5
    endloop
  endfacet
  facet normal 0 0 1
    outer loop
      vertex 80 74 5
      vertex 77.09200886599267 77.18302705977008 5
      vertex 77.1 77 5
    endloop
  endfacet
  facet normal 0 0 1
    outer loop
      vertex 79.93923101204884 73.30540728933228 5
      vertex 79.98477879236698 73.65137702900937 5
      vertex 80 74 5
    endloop
  endfacet
  facet normal 0 0 1
    outer loop
      vertex 80 74 5
      vertex 76.34862297099063 83.98477879236698 5
      vertex 77.09200886599267 77.18302705977008 5
    endloop
  endfacet
  facet normal 0 0 1
    outer loop
      vertex 80 74 5
      vertex 80 80 5
      vertex 79.75877048314364 81.36808057330268 5
    endloop
  endfacet
  facet normal 0 0 1
    outer loop
      vertex 76.34862297099063 83.98477879236698 5
      vertex 75 79.1 5
      vertex 75.18302705977008 79.09200886599267 5
    endloop
  endfacet
  facet normal 0 0 1
    outer loop
      vertex 76.34862297099063 83.98477879236698 5
      vertex 75.18302705977008 79.09200886599267 5
      vertex 75.36466117310056 79.06809628132564 5
    endloop
  endfacet
  facet normal 0 0 1
    outer loop
      vertex 76.34862297099063 83.98477879236698 5
      vertex 75.36466117310056 79.06809628132564 5
      vertex 75.5435199947153 79.02844423520705 5
    endloop
  endfacet
  facet normal 0 0 1
    outer loop
      vertex 76.34862297099063 83.98477879236698 5
      vertex 75.5435199947153 79.02844423520705 5
      vertex 75.7182423009839 78.97335450365041 5
    endloop
  endfacet
  facet normal 0 0 1
    outer loop
      vertex 76.34862297099063 83.98477879236698 5
      vertex 75.7182423009839 78.97335450365041 5
      vertex 75.88749834965547 78.90324635277696 5
    endloop
  endfacet
  facet normal 0 0 1
    outer loop
      vertex 76.34862297099063 83.98477879236698 5
      vertex 76.05 78.81865334794732 5
      vertex 76.2045105163372 78.72021929300688 5
    endloop
  endfacet
  facet normal 0 0 1
    outer loop
      vertex 76.34862297099063 83.98477879236698 5
      vertex 75.88749834965547 78.90324635277696 5
      vertex 76.05 78.81865334794732 5
    endloop
  endfacet
  facet normal 0 0 1
    outer loop
      vertex 76.34862297099063 83.98477879236698 5
      vertex 77.06809628132564 77.36466117310056 5
      vertex 77.09200886599267 77.18302705977008 5
    endloop
  endfacet
  facet normal 0 0 1
    outer loop
      vertex 76.34862297099063 83.98477879236698 5
      vertex 77.02844423520705 77.5435199947153 5
      vertex 77.06809628132564 77.36466117310056 5
    endloop
  endfacet
  facet normal 0 0 1
    outer loop
      vertex 76.34862297099063 83.98477879236698 5
      vertex 76.81865334794732 78.05 5
      vertex 76.90324635277696 77.88749834965547 5
    endloop
  endfacet
  facet normal 0 0 1
    outer loop
      vertex 76.34862297099063 83.98477879236698 5
      vertex 76.97335450365041 77.7182423009839 5
      vertex 77.02844423520705 77.5435199947153 5
    endloop
  endfacet
  facet normal 0 0 1
    outer loop
      vertex 76.34862297099063 83.98477879236698 5
      vertex 76.90324635277696 77.88749834965547 5
      vertex 76.97335450365041 77.7182423009839 5
    endloop
  endfacet
  facet normal 0 0 1
    outer loop
      vertex 76.34862297099063 83.98477879236698 5
      vertex 76.34985398034173 78.60869333054985 5
      vertex 76.48492424049175 78.48492424049175 5
    endloop
  endfacet
  facet normal 0 0 1
    outer loop
      vertex 76.34862297099063 83.98477879236698 5
      vertex 76.60869333054985 78.34985398034173 5
      vertex 76.72021929300688 78.2045105163372 5
    endloop
  endfacet
  facet normal 0 0 1
    outer loop
      vertex 76.34862297099063 83.98477879236698 5
      vertex 76.48492424049175 78.48492424049175 5
      vertex 76.60869333054985 78.34985398034173 5
    endloop
  endfacet
  facet normal 0 0 1
    outer loop
      vertex 76.34862297099063 83.98477879236698 5
      vertex 76.2045105163372 78.72021929300688 5
      vertex 76.34985398034173 78.60869333054985 5
    endloop
  endfacet
  facet normal 0 0 1
    outer loop
      vertex 76.34862297099063 83.98477879236698 5
      vertex 76.72021929300688 78.2045105163372 5
      vertex 76.81865334794732 78.05 5
    endloop
  endfacet
  facet normal 0 0 1
    outer loop
      vertex 77.36808057330268 83.75877048314364 5
      vertex 76.69459271066772 83.93923101204884 5
      vertex 76.34862297099063 83.98477879236698 5
    endloop
  endfacet
  facet normal 0 0 1
    outer loop
      vertex 77.36808057330268 83.75877048314364 5
      vertex 77.03527618041008 83.86370330515628 5
      vertex 76.69459271066772 83.93923101204884 5
    endloop
  endfacet
  facet normal 0 0 1
    outer loop
      vertex 78.57115043874616 83.06417777247592 5
      vertex 77.36808057330268 83.75877048314364 5
      vertex 76.34862297099063 83.98477879236698 5
    endloop
  endfacet
  facet normal 0 0 1
    outer loop
      vertex 80 74 5
      vertex 79.75877048314364 81.36808057330268 5
      vertex 76.34862297099063 83.98477879236698 5
    endloop
  endfacet
  facet normal 0 0 1
    outer loop
      vertex 80 80 5
      vertex 79.98477879236698 80.34862297099063 5
      vertex 79.93923101204884 80.69459271066772 5
    endloop
  endfacet
  facet normal 0 0 1
    outer loop
      vertex 80 80 5
      vertex 79.93923101204884 80.69459271066772 5
      vertex 79.75877048314364 81.36808057330268 5
    endloop
  endfacet
  facet normal 0 0 1
    outer loop
      vertex 79.93923101204884 80.69459271066772 5
      vertex 79.86370330515628 81.03527618041008 5
      vertex 79.75877048314364 81.36808057330268 5
    endloop
  endfacet
  facet normal 0 0 1
    outer loop
      vertex 77.36808057330268 83.75877048314364 5
      vertex 78 83.46410161513775 5
      vertex 77.6904730469628 83.6252311481466 5
    endloop
  endfacet
  facet normal 0 0 1
    outer loop
      vertex 78.57115043874616 83.06417777247592 5
      vertex 78 83.46410161513775 5
      vertex 77.36808057330268 83.75877048314364 5
    endloop
  endfacet
  facet normal 0 0 1
    outer loop
      vertex 79.75877048314364 81.36808057330268 5
      vertex 78.57115043874616 83.06417777247592 5
      vertex 76.34862297099063 83.98477879236698 5
    endloop
  endfacet
  facet normal 0 0 1
    outer loop
      vertex 78.57115043874616 83.06417777247592 5
      vertex 78.29430574540419 83.27660817715596 5
      vertex 78 83.46410161513775 5
    endloop
  endfacet
  facet normal 0 0 1
    outer loop
      vertex 79.27660817715596 82.29430574540419 5
      vertex 79.06417777247592 82.57115043874616 5
      vertex 78.82842712474618 82.82842712474618 5
    endloop
  endfacet
  facet normal 0 0 1
    outer loop
      vertex 79.75877048314364 81.36808057330268 5
      vertex 79.27660817715596 82.29430574540419 5
      vertex 78.57115043874616 83.06417777247592 5
    endloop
  endfacet
  facet normal 0 0 1
    outer loop
      vertex 79.6252311481466 81.6904730469628 5
      vertex 79.46410161513775 82 5
      vertex 79.27660817715596 82.29430574540419 5
    endloop
  endfacet
  facet normal 0 0 1
    outer loop
      vertex 79.75877048314364 81.36808057330268 5
      vertex 79.6252311481466 81.6904730469628 5
      vertex 79.27660817715596 82.29430574540419 5
    endloop
  endfacet
  facet normal 0 0 1
    outer loop
      vertex 79.27660817715596 82.29430574540419 5
      vertex 78.82842712474618 82.82842712474618 5
      vertex 78.57115043874616 83.06417777247592 5
    endloop
  endfacet
  facet normal 1 0 0
    outer loop
      vertex 10 0 0
      vertex 10 14 0
      vertex 10 14 5
    endloop
  endfacet
  facet normal 1 0 0
    outer loop
      vertex 10 0 5
      vertex 10 0 0
      vertex 10 14 5
    endloop
  endfacet
  facet normal -1 0 0
    outer loop
      vertex 70 0 0
      vertex 70 0 5
      vertex 70 14 0
    endloop
  endfacet
  facet normal -1 0 0
    outer loop
      vertex 70 3.473684210526316 5
      vertex 70 14 0
      vertex 70 0 5
    endloop
  endfacet
  facet normal -1 0 0
    outer loop
      vertex 70 14 5
      vertex 70 14 0
      vertex 70 3.473684210526316 5
    endloop
  endfacet
  facet normal 1 0 0
    outer loop
      vertex 10 70 0
      vertex 10 84 0
      vertex 10 84 5
    endloop
  endfacet
  facet normal 1 0 0
    outer loop
      vertex 10 70 5
      vertex 10 70 0
      vertex 10 84 5
    endloop
  endfacet
  facet normal -1 0 0
    outer loop
      vertex 70 70 0
      vertex 70 70 5
      vertex 70 84 0
    endloop
  endfacet
  facet normal -1 0 0
    outer loop
      vertex 70 73.47368421052632 5
      vertex 70 84 0
      vertex 70 70 5
    endloop
  endfacet
  facet normal -1 0 0
    outer loop
      vertex 70 84 5
      vertex 70 84 0
      vertex 70 73.47368421052632 5
    endloop
  endfacet
  facet normal 0.5372996083468219 0.8433914458128869 0
    outer loop
      vertex 3.795489483662803 5.279780706993117 5
      vertex 3.95 5.181346652052679 0
      vertex 3.795489483662803 5.279780706993117 0
    endloop
  endfacet
  facet normal 0.4617486132350362 0.8870108331782204 0
    outer loop
      vertex 3.95 5.181346652052679 5
      vertex 4.112501650344531 5.096753647223035 0
      vertex 3.95 5.181346652052679 0
    endloop
  endfacet
  facet normal 0.38268343236509095 0.9238795325112862 0
    outer loop
      vertex 4.112501650344531 5.096753647223035 5
      vertex 4.2817576990160955 5.026645496349592 0
      vertex 4.112501650344531 5.096753647223035 0
    endloop
  endfacet
  facet normal 0.3007057995042703 0.9537169507482278 0
    outer loop
      vertex 4.2817576990160955 5.026645496349592 5
      vertex 4.456480005284707 4.9715557647929565 0
      vertex 4.2817576990160955 5.026645496349592 0
    endloop
  endfacet
  facet normal 0.21643961393810357 0.9762960071199331 0
    outer loop
      vertex 4.456480005284707 4.9715557647929565 5
      vertex 4.635338826899447 4.931903718674363 0
      vertex 4.456480005284707 4.9715557647929565 0
    endloop
  endfacet
  facet normal 0.04361938736533256 0.9990482215818579 0
    outer loop
      vertex 4.816972940229918 4.907991134007334 5
      vertex 5 4.9 0
      vertex 4.816972940229918 4.907991134007334 0
    endloop
  endfacet
  facet normal 0.1305261922200521 0.9914448613738103 0
    outer loop
      vertex 4.635338826899447 4.931903718674363 5
      vertex 4.816972940229918 4.907991134007334 0
      vertex 4.635338826899447 4.931903718674363 0
    endloop
  endfacet
  facet normal 0.8870108331782204 0.4617486132350362 0
    outer loop
      vertex 3.096753647223035 6.112501650344531 5
      vertex 3.181346652052679 5.95 0
      vertex 3.096753647223035 6.112501650344531 0
    endloop
  endfacet
  facet normal 0.9238795325112862 0.38268343236509095 0
    outer loop
      vertex 3.026645496349592 6.2817576990160955 5
      vertex 3.096753647223035 6.112501650344531 0
      vertex 3.026645496349592 6.2817576990160955 0
    endloop
  endfacet
  facet normal 0.9537169507482278 0.3007057995042703 0
    outer loop
      vertex 2.9715557647929565 6.456480005284707 5
      vertex 3.026645496349592 6.2817576990160955 0
      vertex 2.9715557647929565 6.456480005284707 0
    endloop
  endfacet
  facet normal 0.8433914458128869 0.5372996083468219 0
    outer loop
      vertex 3.181346652052679 5.95 5
      vertex 3.279780706993117 5.795489483662803 0
      vertex 3.181346652052679 5.95 0
    endloop
  endfacet
  facet normal 0.737277336810126 0.6755902076156581 0
    outer loop
      vertex 3.391306669450146 5.650146019658267 5
      vertex 3.51507575950825 5.51507575950825 0
      vertex 3.391306669450146 5.650146019658267 0
    endloop
  endfacet
  facet normal 0.7933533402912345 0.6087614290087214 0
    outer loop
      vertex 3.279780706993117 5.795489483662803 5
      vertex 3.391306669450146 5.650146019658267 0
      vertex 3.279780706993117 5.795489483662803 0
    endloop
  endfacet
  facet normal 0.675590207615658 0.737277336810126 -6.038199054897663e-19
    outer loop
      vertex 3.6501460196582673 5.391306669450146 0
      vertex 3.51507575950825 5.51507575950825 0
      vertex 3.51507575950825 5.51507575950825 5
    endloop
  endfacet
  facet normal 0.6087614290087214 0.7933533402912345 0
    outer loop
      vertex 3.6501460196582673 5.391306669450146 5
      vertex 3.795489483662803 5.279780706993117 0
      vertex 3.6501460196582673 5.391306669450146 0
    endloop
  endfacet
  facet normal 0.9762960071199338 0.21643961393810127 0
    outer loop
      vertex 2.9319037186743633 6.635338826899447 5
      vertex 2.9715557647929565 6.456480005284707 0
      vertex 2.9319037186743633 6.635338826899447 0
    endloop
  endfacet
  facet normal 0.99144486137381 0.1305261922200545 0
    outer loop
      vertex 2.907991134007334 6.816972940229918 5
      vertex 2.9319037186743633 6.635338826899447 0
      vertex 2.907991134007334 6.816972940229918 0
    endloop
  endfacet
  facet normal 0.9990482215818579 0.04361938736533499 0
    outer loop
      vertex 2.9 7 5
      vertex 2.907991134007334 6.816972940229918 0
      vertex 2.9 7 0
    endloop
  endfacet
  facet normal 0.9990482215818579 -0.04361938736533499 0
    outer loop
      vertex 2.907991134007334 7.183027059770082 5
      vertex 2.9 7 0
      vertex 2.907991134007334 7.183027059770082 0
    endloop
  endfacet
  facet normal 0.99144486137381 -0.1305261922200545 0
    outer loop
      vertex 2.9319037186743633 7.364661173100553 5
      vertex 2.907991134007334 7.183027059770082 0
      vertex 2.9319037186743633 7.364661173100553 0
    endloop
  endfacet
  facet normal 0.9762960071199338 -0.21643961393810127 0
    outer loop
      vertex 2.9715557647929565 7.543519994715293 5
      vertex 2.9319037186743633 7.364661173100553 0
      vertex 2.9715557647929565 7.543519994715293 0
    endloop
  endfacet
  facet normal 0.9537169507482278 -0.3007057995042703 0
    outer loop
      vertex 3.026645496349592 7.7182423009839045 5
      vertex 2.9715557647929565 7.543519994715293 0
      vertex 3.026645496349592 7.7182423009839045 0
    endloop
  endfacet
  facet normal 0.9238795325112862 -0.38268343236509095 0
    outer loop
      vertex 3.096753647223035 7.887498349655469 5
      vertex 3.026645496349592 7.7182423009839045 0
      vertex 3.096753647223035 7.887498349655469 0
    endloop
  endfacet
  facet normal 0.8870108331782215 -0.46174861323503424 0
    outer loop
      vertex 3.181346652052679 8.05 5
      vertex 3.096753647223035 7.887498349655469 0
      vertex 3.181346652052679 8.05 0
    endloop
  endfacet
  facet normal 0.8433914458128842 -0.5372996083468262 0
    outer loop
      vertex 3.279780706993117 8.204510516337196 5
      vertex 3.181346652052679 8.05 0
      vertex 3.279780706993117 8.204510516337196 0
    endloop
  endfacet
  facet normal 0.7933533402912363 -0.6087614290087192 0
    outer loop
      vertex 3.391306669450146 8.349853980341733 5
      vertex 3.279780706993117 8.204510516337196 0
      vertex 3.391306669450146 8.349853980341733 0
    endloop
  endfacet
  facet normal 0.737277336810126 -0.6755902076156581 0
    outer loop
      vertex 3.51507575950825 8.48492424049175 5
      vertex 3.391306669450146 8.349853980341733 0
      vertex 3.51507575950825 8.48492424049175 0
    endloop
  endfacet
  facet normal 0.6755902076156607 -0.7372773368101236 0
    outer loop
      vertex 3.6501460196582673 8.608693330549855 5
      vertex 3.51507575950825 8.48492424049175 0
      vertex 3.6501460196582673 8.608693330549855 0
    endloop
  endfacet
  facet normal 0.6087614290087184 -0.7933533402912368 0
    outer loop
      vertex 3.795489483662803 8.720219293006883 5
      vertex 3.6501460196582673 8.608693330549855 0
      vertex 3.795489483662803 8.720219293006883 0
    endloop
  endfacet
  facet normal 0.5372996083468253 -0.8433914458128847 0
    outer loop
      vertex 3.95 8.818653347947322 5
      vertex 3.795489483662803 8.720219293006883 0
      vertex 3.95 8.818653347947322 0
    endloop
  endfacet
  facet normal 0.4617486132350286 -0.8870108331782244 0
    outer loop
      vertex 4.112501650344531 8.903246352776964 5
      vertex 3.95 8.818653347947322 0
      vertex 4.112501650344531 8.903246352776964 0
    endloop
  endfacet
  facet normal 0.38268343236509095 -0.9238795325112862 0
    outer loop
      vertex 4.2817576990160955 8.973354503650407 5
      vertex 4.112501650344531 8.903246352776964 0
      vertex 4.2817576990160955 8.973354503650407 0
    endloop
  endfacet
  facet normal 0.3007057995042747 -0.9537169507482264 0
    outer loop
      vertex 4.456480005284707 9.028444235207044 5
      vertex 4.2817576990160955 8.973354503650407 0
      vertex 4.456480005284707 9.028444235207044 0
    endloop
  endfacet
  facet normal 0.21643961393810357 -0.9762960071199331 0
    outer loop
      vertex 4.635338826899447 9.068096281325637 5
      vertex 4.456480005284707 9.028444235207044 0
      vertex 4.635338826899447 9.068096281325637 0
    endloop
  endfacet
  facet normal 0.1305261922200521 -0.9914448613738103 0
    outer loop
      vertex 4.816972940229918 9.092008865992666 5
      vertex 4.635338826899447 9.068096281325637 0
      vertex 4.816972940229918 9.092008865992666 0
    endloop
  endfacet
  facet normal 0.04361938736533256 -0.9990482215818579 0
    outer loop
      vertex 5 9.1 5
      vertex 4.816972940229918 9.092008865992666 0
      vertex 5 9.1 0
    endloop
  endfacet
  facet normal -0.04361938736533256 0.9990482215818579 0
    outer loop
      vertex 5 4.9 5
      vertex 5.183027059770082 4.907991134007334 0
      vertex 5 4.9 0
    endloop
  endfacet
  facet normal -0.1305261922200521 0.9914448613738103 0
    outer loop
      vertex 5.183027059770082 4.907991134007334 5
      vertex 5.364661173100553 4.931903718674363 0
      vertex 5.183027059770082 4.907991134007334 0
    endloop
  endfacet
  facet normal -0.21643961393810357 0.9762960071199331 0
    outer loop
      vertex 5.364661173100553 4.931903718674363 5
      vertex 5.543519994715293 4.9715557647929565 0
      vertex 5.364661173100553 4.931903718674363 0
    endloop
  endfacet
  facet normal -0.3007057995042703 0.9537169507482278 0
    outer loop
      vertex 5.543519994715293 4.9715557647929565 5
      vertex 5.7182423009839045 5.026645496349592 0
      vertex 5.543519994715293 4.9715557647929565 0
    endloop
  endfacet
  facet normal -0.38268343236509095 0.9238795325112862 0
    outer loop
      vertex 5.7182423009839045 5.026645496349592 5
      vertex 5.887498349655469 5.096753647223035 0
      vertex 5.7182423009839045 5.026645496349592 0
    endloop
  endfacet
  facet normal -0.4617486132350362 0.8870108331782204 0
    outer loop
      vertex 5.887498349655469 5.096753647223035 5
      vertex 6.05 5.181346652052679 0
      vertex 5.887498349655469 5.096753647223035 0
    endloop
  endfacet
  facet normal -0.5372996083468219 0.8433914458128869 0
    outer loop
      vertex 6.05 5.181346652052679 5
      vertex 6.204510516337197 5.279780706993117 0
      vertex 6.05 5.181346652052679 0
    endloop
  endfacet
  facet normal -0.6087614290087214 0.7933533402912345 0
    outer loop
      vertex 6.204510516337197 5.279780706993117 5
      vertex 6.349853980341733 5.391306669450146 0
      vertex 6.204510516337197 5.279780706993117 0
    endloop
  endfacet
  facet normal -0.6755902076156569 0.7372773368101272 0
    outer loop
      vertex 6.349853980341733 5.391306669450146 5
      vertex 6.48492424049175 5.51507575950825 0
      vertex 6.349853980341733 5.391306669450146 0
    endloop
  endfacet
  facet normal -0.7372773368101272 0.6755902076156569 0
    outer loop
      vertex 6.48492424049175 5.51507575950825 0
      vertex 6.48492424049175 5.51507575950825 5
      vertex 6.608693330549854 5.650146019658267 0
    endloop
  endfacet
  facet normal -0.7933533402912345 0.6087614290087214 0
    outer loop
      vertex 6.608693330549854 5.650146019658267 5
      vertex 6.720219293006883 5.795489483662803 0
      vertex 6.608693330549854 5.650146019658267 0
    endloop
  endfacet
  facet normal -0.8433914458128869 0.5372996083468219 0
    outer loop
      vertex 6.720219293006883 5.795489483662803 5
      vertex 6.818653347947321 5.95 0
      vertex 6.720219293006883 5.795489483662803 0
    endloop
  endfacet
  facet normal -0.8870108331782204 0.4617486132350362 0
    outer loop
      vertex 6.818653347947321 5.95 5
      vertex 6.903246352776965 6.112501650344531 0
      vertex 6.818653347947321 5.95 0
    endloop
  endfacet
  facet normal -0.9238795325112862 0.38268343236509095 0
    outer loop
      vertex 6.903246352776965 6.112501650344531 5
      vertex 6.973354503650408 6.2817576990160955 0
      vertex 6.903246352776965 6.112501650344531 0
    endloop
  endfacet
  facet normal -0.9537169507482278 0.3007057995042703 0
    outer loop
      vertex 6.973354503650408 6.2817576990160955 5
      vertex 7.0284442352070435 6.456480005284707 0
      vertex 6.973354503650408 6.2817576990160955 0
    endloop
  endfacet
  facet normal -0.9762960071199331 0.21643961393810357 0
    outer loop
      vertex 7.0284442352070435 6.456480005284707 5
      vertex 7.068096281325637 6.635338826899447 0
      vertex 7.0284442352070435 6.456480005284707 0
    endloop
  endfacet
  facet normal -0.9914448613738103 0.1305261922200521 0
    outer loop
      vertex 7.068096281325637 6.635338826899447 5
      vertex 7.092008865992666 6.816972940229918 0
      vertex 7.068096281325637 6.635338826899447 0
    endloop
  endfacet
  facet normal -0.9990482215818579 0.04361938736533256 0
    outer loop
      vertex 7.092008865992666 6.816972940229918 0
      vertex 7.092008865992666 6.816972940229918 5
      vertex 7.1 7 0
    endloop
  endfacet
  facet normal -0.9990482215818579 -0.04361938736533256 0
    outer loop
      vertex 7.1 7 0
      vertex 7.1 7 5
      vertex 7.092008865992666 7.183027059770082 0
    endloop
  endfacet
  facet normal -0.9914448613738103 -0.1305261922200521 0
    outer loop
      vertex 7.092008865992666 7.183027059770082 5
      vertex 7.068096281325637 7.364661173100553 0
      vertex 7.092008865992666 7.183027059770082 0
    endloop
  endfacet
  facet normal -0.9762960071199331 -0.21643961393810357 0
    outer loop
      vertex 7.068096281325637 7.364661173100553 5
      vertex 7.0284442352070435 7.543519994715293 0
      vertex 7.068096281325637 7.364661173100553 0
    endloop
  endfacet
  facet normal -0.9537169507482278 -0.3007057995042703 0
    outer loop
      vertex 7.0284442352070435 7.543519994715293 5
      vertex 6.973354503650408 7.7182423009839045 0
      vertex 7.0284442352070435 7.543519994715293 0
    endloop
  endfacet
  facet normal -0.9238795325112862 -0.38268343236509095 0
    outer loop
      vertex 6.973354503650408 7.7182423009839045 5
      vertex 6.903246352776965 7.887498349655469 0
      vertex 6.973354503650408 7.7182423009839045 0
    endloop
  endfacet
  facet normal -0.04361938736533256 -0.9990482215818579 0
    outer loop
      vertex 5.183027059770082 9.092008865992666 5
      vertex 5 9.1 0
      vertex 5.183027059770082 9.092008865992666 0
    endloop
  endfacet
  facet normal -0.1305261922200521 -0.9914448613738103 0
    outer loop
      vertex 5.364661173100553 9.068096281325637 5
      vertex 5.183027059770082 9.092008865992666 0
      vertex 5.364661173100553 9.068096281325637 0
    endloop
  endfacet
  facet normal -0.21643961393810357 -0.9762960071199331 0
    outer loop
      vertex 5.543519994715293 9.028444235207044 5
      vertex 5.364661173100553 9.068096281325637 0
      vertex 5.543519994715293 9.028444235207044 0
    endloop
  endfacet
  facet normal -0.3007057995042747 -0.9537169507482264 0
    outer loop
      vertex 5.7182423009839045 8.973354503650407 5
      vertex 5.543519994715293 9.028444235207044 0
      vertex 5.7182423009839045 8.973354503650407 0
    endloop
  endfacet
  facet normal -0.38268343236509095 -0.9238795325112862 0
    outer loop
      vertex 5.887498349655469 8.903246352776964 5
      vertex 5.7182423009839045 8.973354503650407 0
      vertex 5.887498349655469 8.903246352776964 0
    endloop
  endfacet
  facet normal -0.4617486132350286 -0.8870108331782244 0
    outer loop
      vertex 6.05 8.818653347947322 5
      vertex 5.887498349655469 8.903246352776964 0
      vertex 6.05 8.818653347947322 0
    endloop
  endfacet
  facet normal -0.5372996083468253 -0.8433914458128847 0
    outer loop
      vertex 6.204510516337197 8.720219293006883 5
      vertex 6.05 8.818653347947322 0
      vertex 6.204510516337197 8.720219293006883 0
    endloop
  endfacet
  facet normal -0.6755902076156595 -0.7372773368101248 0
    outer loop
      vertex 6.48492424049175 8.48492424049175 5
      vertex 6.349853980341733 8.608693330549855 0
      vertex 6.48492424049175 8.48492424049175 0
    endloop
  endfacet
  facet normal -0.8433914458128842 -0.5372996083468262 0
    outer loop
      vertex 6.818653347947321 8.05 5
      vertex 6.720219293006883 8.204510516337196 0
      vertex 6.818653347947321 8.05 0
    endloop
  endfacet
  facet normal -0.7933533402912363 -0.6087614290087192 0
    outer loop
      vertex 6.720219293006883 8.204510516337196 5
      vertex 6.608693330549854 8.349853980341733 0
      vertex 6.720219293006883 8.204510516337196 0
    endloop
  endfacet
  facet normal -0.7372773368101272 -0.6755902076156569 0
    outer loop
      vertex 6.608693330549854 8.349853980341733 5
      vertex 6.48492424049175 8.48492424049175 0
      vertex 6.608693330549854 8.349853980341733 0
    endloop
  endfacet
  facet normal -0.6087614290087184 -0.7933533402912368 0
    outer loop
      vertex 6.349853980341733 8.608693330549855 5
      vertex 6.204510516337197 8.720219293006883 0
      vertex 6.349853980341733 8.608693330549855 0
    endloop
  endfacet
  facet normal -0.8870108331782215 -0.46174861323503424 0
    outer loop
      vertex 6.903246352776965 7.887498349655469 5
      vertex 6.818653347947321 8.05 0
      vertex 6.903246352776965 7.887498349655469 0
    endloop
  endfacet
  facet normal 0.5372996083468219 0.8433914458128869 0
    outer loop
      vertex 3.95 5.181346652052679 5
      vertex 3.95 5.181346652052679 0
      vertex 3.795489483662803 5.279780706993117 5
    endloop
  endfacet
  facet normal 0.4617486132350362 0.8870108331782204 0
    outer loop
      vertex 4.112501650344531 5.096753647223035 5
      vertex 4.112501650344531 5.096753647223035 0
      vertex 3.95 5.181346652052679 5
    endloop
  endfacet
  facet normal 0.38268343236509095 0.9238795325112862 0
    outer loop
      vertex 4.2817576990160955 5.026645496349592 5
      vertex 4.2817576990160955 5.026645496349592 0
      vertex 4.112501650344531 5.096753647223035 5
    endloop
  endfacet
  facet normal 0.3007057995042703 0.9537169507482278 0
    outer loop
      vertex 4.456480005284707 4.9715557647929565 5
      vertex 4.456480005284707 4.9715557647929565 0
      vertex 4.2817576990160955 5.026645496349592 5
    endloop
  endfacet
  facet normal 0.21643961393810357 0.9762960071199331 0
    outer loop
      vertex 4.635338826899447 4.931903718674363 5
      vertex 4.635338826899447 4.931903718674363 0
      vertex 4.456480005284707 4.9715557647929565 5
    endloop
  endfacet
  facet normal 0.1305261922200521 0.9914448613738103 0
    outer loop
      vertex 4.816972940229918 4.907991134007334 5
      vertex 4.816972940229918 4.907991134007334 0
      vertex 4.635338826899447 4.931903718674363 5
    endloop
  endfacet
  facet normal 0.04361938736533256 0.9990482215818579 0
    outer loop
      vertex 5 4.9 5
      vertex 5 4.9 0
      vertex 4.816972940229918 4.907991134007334 5
    endloop
  endfacet
  facet normal 0.9238795325112862 0.38268343236509095 -6.947053446411674e-19
    outer loop
      vertex 3.026645496349592 6.2817576990160955 5
      vertex 3.096753647223035 6.112501650344531 5
      vertex 3.096753647223035 6.112501650344531 0
    endloop
  endfacet
  facet normal 0.9762960071199338 0.21643961393810127 -3.3469269888807354e-19
    outer loop
      vertex 2.9319037186743633 6.635338826899447 5
      vertex 2.9715557647929565 6.456480005284707 5
      vertex 2.9715557647929565 6.456480005284707 0
    endloop
  endfacet
  facet normal 0.9537169507482278 0.3007057995042703 3.0077284264368155e-19
    outer loop
      vertex 2.9715557647929565 6.456480005284707 5
      vertex 3.026645496349592 6.2817576990160955 5
      vertex 3.026645496349592 6.2817576990160955 0
    endloop
  endfacet
  facet normal 0.8433914458128869 0.5372996083468219 -8.70685437512225e-19
    outer loop
      vertex 3.181346652052679 5.95 5
      vertex 3.279780706993117 5.795489483662803 5
      vertex 3.279780706993117 5.795489483662803 0
    endloop
  endfacet
  facet normal 0.7933533402912345 0.6087614290087214 9.186593846908105e-19
    outer loop
      vertex 3.279780706993117 5.795489483662803 5
      vertex 3.391306669450146 5.650146019658267 5
      vertex 3.391306669450146 5.650146019658267 0
    endloop
  endfacet
  facet normal 0.737277336810126 0.6755902076156581 -1.1016469204749471e-18
    outer loop
      vertex 3.391306669450146 5.650146019658267 5
      vertex 3.51507575950825 5.51507575950825 5
      vertex 3.51507575950825 5.51507575950825 0
    endloop
  endfacet
  facet normal 0.6087614290087214 0.7933533402912345 0
    outer loop
      vertex 3.795489483662803 5.279780706993117 5
      vertex 3.795489483662803 5.279780706993117 0
      vertex 3.6501460196582673 5.391306669450146 5
    endloop
  endfacet
  facet normal 0.675590207615658 0.737277336810126 0
    outer loop
      vertex 3.6501460196582673 5.391306669450146 5
      vertex 3.6501460196582673 5.391306669450146 0
      vertex 3.51507575950825 5.51507575950825 5
    endloop
  endfacet
  facet normal 0.8870108331782204 0.4617486132350362 -5.880765989209179e-19
    outer loop
      vertex 3.096753647223035 6.112501650344531 5
      vertex 3.181346652052679 5.95 5
      vertex 3.181346652052679 5.95 0
    endloop
  endfacet
  facet normal 0.99144486137381 0.1305261922200545 -3.8992830910208472e-19
    outer loop
      vertex 2.907991134007334 6.816972940229918 5
      vertex 2.9319037186743633 6.635338826899447 5
      vertex 2.9319037186743633 6.635338826899447 0
    endloop
  endfacet
  facet normal 0.9990482215818579 0.04361938736533499 8.888906222452745e-20
    outer loop
      vertex 2.9 7 5
      vertex 2.907991134007334 6.816972940229918 5
      vertex 2.907991134007334 6.816972940229918 0
    endloop
  endfacet
  facet normal 0.9990482215818579 -0.04361938736533499 -8.888906222452745e-20
    outer loop
      vertex 2.907991134007334 7.183027059770082 5
      vertex 2.9 7 5
      vertex 2.9 7 0
    endloop
  endfacet
  facet normal 0.99144486137381 -0.1305261922200545 3.8992830910208472e-19
    outer loop
      vertex 2.9319037186743633 7.364661173100553 5
      vertex 2.907991134007334 7.183027059770082 5
      vertex 2.907991134007334 7.183027059770082 0
    endloop
  endfacet
  facet normal 0.9762960071199338 -0.21643961393810127 3.3469269888807354e-19
    outer loop
      vertex 2.9715557647929565 7.543519994715293 5
      vertex 2.9319037186743633 7.364661173100553 5
      vertex 2.9319037186743633 7.364661173100553 0
    endloop
  endfacet
  facet normal 0.9537169507482278 -0.3007057995042703 -3.0077284264368155e-19
    outer loop
      vertex 3.026645496349592 7.7182423009839045 5
      vertex 2.9715557647929565 7.543519994715293 5
      vertex 2.9715557647929565 7.543519994715293 0
    endloop
  endfacet
  facet normal 0.9238795325112862 -0.38268343236509095 6.947053446411674e-19
    outer loop
      vertex 3.096753647223035 7.887498349655469 5
      vertex 3.026645496349592 7.7182423009839045 5
      vertex 3.026645496349592 7.7182423009839045 0
    endloop
  endfacet
  facet normal 0.8870108331782215 -0.46174861323503424 -7.15572194304501e-19
    outer loop
      vertex 3.181346652052679 8.05 5
      vertex 3.096753647223035 7.887498349655469 5
      vertex 3.096753647223035 7.887498349655469 0
    endloop
  endfacet
  facet normal 0.8433914458128842 -0.5372996083468262 -6.37664304939506e-19
    outer loop
      vertex 3.279780706993117 8.204510516337196 5
      vertex 3.181346652052679 8.05 5
      vertex 3.181346652052679 8.05 0
    endloop
  endfacet
  facet normal 0.7933533402912363 -0.6087614290087192 1.166955850830613e-18
    outer loop
      vertex 3.391306669450146 8.349853980341733 5
      vertex 3.279780706993117 8.204510516337196 5
      vertex 3.279780706993117 8.204510516337196 0
    endloop
  endfacet
  facet normal 0.737277336810126 -0.6755902076156581 1.1016469204749471e-18
    outer loop
      vertex 3.51507575950825 8.48492424049175 5
      vertex 3.391306669450146 8.349853980341733 5
      vertex 3.391306669450146 8.349853980341733 0
    endloop
  endfacet
  facet normal 0.6755902076156607 -0.7372773368101236 0
    outer loop
      vertex 3.51507575950825 8.48492424049175 5
      vertex 3.51507575950825 8.48492424049175 0
      vertex 3.6501460196582673 8.608693330549855 5
    endloop
  endfacet
  facet normal 0.6087614290087184 -0.7933533402912368 0
    outer loop
      vertex 3.6501460196582673 8.608693330549855 5
      vertex 3.6501460196582673 8.608693330549855 0
      vertex 3.795489483662803 8.720219293006883 5
    endloop
  endfacet
  facet normal 0.5372996083468253 -0.8433914458128847 0
    outer loop
      vertex 3.795489483662803 8.720219293006883 5
      vertex 3.795489483662803 8.720219293006883 0
      vertex 3.95 8.818653347947322 5
    endloop
  endfacet
  facet normal 0.4617486132350286 -0.8870108331782244 0
    outer loop
      vertex 3.95 8.818653347947322 5
      vertex 3.95 8.818653347947322 0
      vertex 4.112501650344531 8.903246352776964 5
    endloop
  endfacet
  facet normal 0.38268343236509095 -0.9238795325112862 0
    outer loop
      vertex 4.112501650344531 8.903246352776964 5
      vertex 4.112501650344531 8.903246352776964 0
      vertex 4.2817576990160955 8.973354503650407 5
    endloop
  endfacet
  facet normal 0.3007057995042747 -0.9537169507482264 0
    outer loop
      vertex 4.2817576990160955 8.973354503650407 5
      vertex 4.2817576990160955 8.973354503650407 0
      vertex 4.456480005284707 9.028444235207044 5
    endloop
  endfacet
  facet normal 0.21643961393810357 -0.9762960071199331 0
    outer loop
      vertex 4.456480005284707 9.028444235207044 5
      vertex 4.456480005284707 9.028444235207044 0
      vertex 4.635338826899447 9.068096281325637 5
    endloop
  endfacet
  facet normal 0.1305261922200521 -0.9914448613738103 0
    outer loop
      vertex 4.635338826899447 9.068096281325637 5
      vertex 4.635338826899447 9.068096281325637 0
      vertex 4.816972940229918 9.092008865992666 5
    endloop
  endfacet
  facet normal 0.04361938736533256 -0.9990482215818579 0
    outer loop
      vertex 4.816972940229918 9.092008865992666 5
      vertex 4.816972940229918 9.092008865992666 0
      vertex 5 9.1 5
    endloop
  endfacet
  facet normal -0.04361938736533256 0.9990482215818579 0
    outer loop
      vertex 5.183027059770082 4.907991134007334 5
      vertex 5.183027059770082 4.907991134007334 0
      vertex 5 4.9 5
    endloop
  endfacet
  facet normal -0.1305261922200521 0.9914448613738103 0
    outer loop
      vertex 5.364661173100553 4.931903718674363 5
      vertex 5.364661173100553 4.931903718674363 0
      vertex 5.183027059770082 4.907991134007334 5
    endloop
  endfacet
  facet normal -0.21643961393810357 0.9762960071199331 0
    outer loop
      vertex 5.543519994715293 4.9715557647929565 5
      vertex 5.543519994715293 4.9715557647929565 0
      vertex 5.364661173100553 4.931903718674363 5
    endloop
  endfacet
  facet normal -0.3007057995042703 0.9537169507482278 0
    outer loop
      vertex 5.7182423009839045 5.026645496349592 5
      vertex 5.7182423009839045 5.026645496349592 0
      vertex 5.543519994715293 4.9715557647929565 5
    endloop
  endfacet
  facet normal -0.38268343236509095 0.9238795325112862 0
    outer loop
      vertex 5.887498349655469 5.096753647223035 5
      vertex 5.887498349655469 5.096753647223035 0
      vertex 5.7182423009839045 5.026645496349592 5
    endloop
  endfacet
  facet normal -0.4617486132350362 0.8870108331782204 0
    outer loop
      vertex 6.05 5.181346652052679 5
      vertex 6.05 5.181346652052679 0
      vertex 5.887498349655469 5.096753647223035 5
    endloop
  endfacet
  facet normal -0.5372996083468219 0.8433914458128869 0
    outer loop
      vertex 6.204510516337197 5.279780706993117 5
      vertex 6.204510516337197 5.279780706993117 0
      vertex 6.05 5.181346652052679 5
    endloop
  endfacet
  facet normal -0.6087614290087214 0.7933533402912345 0
    outer loop
      vertex 6.349853980341733 5.391306669450146 5
      vertex 6.349853980341733 5.391306669450146 0
      vertex 6.204510516337197 5.279780706993117 5
    endloop
  endfacet
  facet normal -0.6755902076156569 0.7372773368101272 0
    outer loop
      vertex 6.48492424049175 5.51507575950825 5
      vertex 6.48492424049175 5.51507575950825 0
      vertex 6.349853980341733 5.391306669450146 5
    endloop
  endfacet
  facet normal -0.7372773368101272 0.6755902076156569 7.062737556641906e-21
    outer loop
      vertex 6.48492424049175 5.51507575950825 5
      vertex 6.608693330549854 5.650146019658267 5
      vertex 6.608693330549854 5.650146019658267 0
    endloop
  endfacet
  facet normal -0.7933533402912345 0.6087614290087214 -9.186593846908105e-19
    outer loop
      vertex 6.608693330549854 5.650146019658267 5
      vertex 6.720219293006883 5.795489483662803 5
      vertex 6.720219293006883 5.795489483662803 0
    endloop
  endfacet
  facet normal -0.8433914458128869 0.5372996083468219 8.70685437512225e-19
    outer loop
      vertex 6.720219293006883 5.795489483662803 5
      vertex 6.818653347947321 5.95 5
      vertex 6.818653347947321 5.95 0
    endloop
  endfacet
  facet normal -0.8870108331782204 0.4617486132350362 5.880765989209179e-19
    outer loop
      vertex 6.818653347947321 5.95 5
      vertex 6.903246352776965 6.112501650344531 5
      vertex 6.903246352776965 6.112501650344531 0
    endloop
  endfacet
  facet normal -0.9238795325112862 0.38268343236509095 6.947053446411674e-19
    outer loop
      vertex 6.903246352776965 6.112501650344531 5
      vertex 6.973354503650408 6.2817576990160955 5
      vertex 6.973354503650408 6.2817576990160955 0
    endloop
  endfacet
  facet normal -0.9537169507482278 0.3007057995042703 -3.0077284264368155e-19
    outer loop
      vertex 6.973354503650408 6.2817576990160955 5
      vertex 7.0284442352070435 6.456480005284707 5
      vertex 7.0284442352070435 6.456480005284707 0
    endloop
  endfacet
  facet normal -0.9762960071199331 0.21643961393810357 -6.705867989545302e-20
    outer loop
      vertex 7.0284442352070435 6.456480005284707 5
      vertex 7.068096281325637 6.635338826899447 5
      vertex 7.068096281325637 6.635338826899447 0
    endloop
  endfacet
  facet normal -0.9914448613738103 0.1305261922200521 3.9308523011988646e-19
    outer loop
      vertex 7.068096281325637 6.635338826899447 5
      vertex 7.092008865992666 6.816972940229918 5
      vertex 7.092008865992666 6.816972940229918 0
    endloop
  endfacet
  facet normal -0.9990482215818579 0.04361938736533256 -5.087562257017209e-20
    outer loop
      vertex 7.092008865992666 6.816972940229918 5
      vertex 7.1 7 5
      vertex 7.1 7 0
    endloop
  endfacet
  facet normal -0.9990482215818579 -0.04361938736533256 5.087562257017209e-20
    outer loop
      vertex 7.1 7 5
      vertex 7.092008865992666 7.183027059770082 5
      vertex 7.092008865992666 7.183027059770082 0
    endloop
  endfacet
  facet normal -0.9914448613738103 -0.1305261922200521 -3.9308523011988646e-19
    outer loop
      vertex 7.092008865992666 7.183027059770082 5
      vertex 7.068096281325637 7.364661173100553 5
      vertex 7.068096281325637 7.364661173100553 0
    endloop
  endfacet
  facet normal -0.9762960071199331 -0.21643961393810357 6.705867989545302e-20
    outer loop
      vertex 7.068096281325637 7.364661173100553 5
      vertex 7.0284442352070435 7.543519994715293 5
      vertex 7.0284442352070435 7.543519994715293 0
    endloop
  endfacet
  facet normal -0.9537169507482278 -0.3007057995042703 3.0077284264368155e-19
    outer loop
      vertex 7.0284442352070435 7.543519994715293 5
      vertex 6.973354503650408 7.7182423009839045 5
      vertex 6.973354503650408 7.7182423009839045 0
    endloop
  endfacet
  facet normal -0.9238795325112862 -0.38268343236509095 -6.947053446411674e-19
    outer loop
      vertex 6.973354503650408 7.7182423009839045 5
      vertex 6.903246352776965 7.887498349655469 5
      vertex 6.903246352776965 7.887498349655469 0
    endloop
  endfacet
  facet normal -0.04361938736533256 -0.9990482215818579 0
    outer loop
      vertex 5 9.1 5
      vertex 5 9.1 0
      vertex 5.183027059770082 9.092008865992666 5
    endloop
  endfacet
  facet normal -0.1305261922200521 -0.9914448613738103 0
    outer loop
      vertex 5.183027059770082 9.092008865992666 5
      vertex 5.183027059770082 9.092008865992666 0
      vertex 5.364661173100553 9.068096281325637 5
    endloop
  endfacet
  facet normal -0.21643961393810357 -0.9762960071199331 0
    outer loop
      vertex 5.364661173100553 9.068096281325637 5
      vertex 5.364661173100553 9.068096281325637 0
      vertex 5.543519994715293 9.028444235207044 5
    endloop
  endfacet
  facet normal -0.3007057995042747 -0.9537169507482264 0
    outer loop
      vertex 5.543519994715293 9.028444235207044 5
      vertex 5.543519994715293 9.028444235207044 0
      vertex 5.7182423009839045 8.973354503650407 5
    endloop
  endfacet
  facet normal -0.38268343236509095 -0.9238795325112862 0
    outer loop
      vertex 5.7182423009839045 8.973354503650407 5
      vertex 5.7182423009839045 8.973354503650407 0
      vertex 5.887498349655469 8.903246352776964 5
    endloop
  endfacet
  facet normal -0.5372996083468253 -0.8433914458128847 0
    outer loop
      vertex 6.05 8.818653347947322 5
      vertex 6.05 8.818653347947322 0
      vertex 6.204510516337197 8.720219293006883 5
    endloop
  endfacet
  facet normal -0.4617486132350286 -0.8870108331782244 0
    outer loop
      vertex 5.887498349655469 8.903246352776964 5
      vertex 5.887498349655469 8.903246352776964 0
      vertex 6.05 8.818653347947322 5
    endloop
  endfacet
  facet normal -0.7372773368101272 -0.6755902076156569 -7.062737556641906e-21
    outer loop
      vertex 6.608693330549854 8.349853980341733 5
      vertex 6.48492424049175 8.48492424049175 5
      vertex 6.48492424049175 8.48492424049175 0
    endloop
  endfacet
  facet normal -0.8870108331782215 -0.46174861323503424 7.15572194304501e-19
    outer loop
      vertex 6.903246352776965 7.887498349655469 5
      vertex 6.818653347947321 8.05 5
      vertex 6.818653347947321 8.05 0
    endloop
  endfacet
  facet normal -0.8433914458128842 -0.5372996083468262 6.37664304939506e-19
    outer loop
      vertex 6.818653347947321 8.05 5
      vertex 6.720219293006883 8.204510516337196 5
      vertex 6.720219293006883 8.204510516337196 0
    endloop
  endfacet
  facet normal -0.7933533402912363 -0.6087614290087192 -1.166955850830613e-18
    outer loop
      vertex 6.720219293006883 8.204510516337196 5
      vertex 6.608693330549854 8.349853980341733 5
      vertex 6.608693330549854 8.349853980341733 0
    endloop
  endfacet
  facet normal -0.6087614290087184 -0.7933533402912368 0
    outer loop
      vertex 6.204510516337197 8.720219293006883 5
      vertex 6.204510516337197 8.720219293006883 0
      vertex 6.349853980341733 8.608693330549855 5
    endloop
  endfacet
  facet normal -0.6755902076156595 -0.7372773368101248 0
    outer loop
      vertex 6.349853980341733 8.608693330549855 5
      vertex 6.349853980341733 8.608693330549855 0
      vertex 6.48492424049175 8.48492424049175 5
    endloop
  endfacet
  facet normal 0.8870108331782122 0.4617486132350521 0
    outer loop
      vertex 3.096753647223035 76.11250165034453 5
      vertex 3.181346652052679 75.95 0
      vertex 3.096753647223035 76.11250165034453 0
    endloop
  endfacet
  facet normal 0.6087614290087001 0.7933533402912509 0
    outer loop
      vertex 3.6501460196582673 75.39130666945015 5
      vertex 3.795489483662803 75.27978070699312 0
      vertex 3.6501460196582673 75.39130666945015 0
    endloop
  endfacet
  facet normal 0.7372773368101215 0.675590207615663 0
    outer loop
      vertex 3.391306669450146 75.65014601965827 5
      vertex 3.51507575950825 75.51507575950825 0
      vertex 3.391306669450146 75.65014601965827 0
    endloop
  endfacet
  facet normal 0.7933533402912435 0.6087614290087098 0
    outer loop
      vertex 3.279780706993117 75.7954894836628 5
      vertex 3.391306669450146 75.65014601965827 0
      vertex 3.279780706993117 75.7954894836628 0
    endloop
  endfacet
  facet normal 0.8433914458128869 0.5372996083468219 0
    outer loop
      vertex 3.181346652052679 75.95 5
      vertex 3.279780706993117 75.7954894836628 0
      vertex 3.181346652052679 75.95 0
    endloop
  endfacet
  facet normal 0.6755902076156607 0.7372773368101236 9.945880702008302e-19
    outer loop
      vertex 3.6501460196582673 75.39130666945015 0
      vertex 3.51507575950825 75.51507575950825 0
      vertex 3.51507575950825 75.51507575950825 5
    endloop
  endfacet
  facet normal 0.5372996083468322 0.8433914458128804 0
    outer loop
      vertex 3.795489483662803 75.27978070699312 5
      vertex 3.95 75.18134665205268 0
      vertex 3.795489483662803 75.27978070699312 0
    endloop
  endfacet
  facet normal 0.4617486132350286 0.8870108331782244 0
    outer loop
      vertex 3.95 75.18134665205268 5
      vertex 4.112501650344531 75.09675364722304 0
      vertex 3.95 75.18134665205268 0
    endloop
  endfacet
  facet normal 0.38268343236513236 0.9238795325112692 0
    outer loop
      vertex 4.112501650344531 75.09675364722304 5
      vertex 4.2817576990160955 75.02664549634959 0
      vertex 4.112501650344531 75.09675364722304 0
    endloop
  endfacet
  facet normal 0.3007057995042659 0.9537169507482292 0
    outer loop
      vertex 4.2817576990160955 75.02664549634959 5
      vertex 4.456480005284707 74.97155576479295 0
      vertex 4.2817576990160955 75.02664549634959 0
    endloop
  endfacet
  facet normal 0.21643961393808508 0.9762960071199372 0
    outer loop
      vertex 4.456480005284707 74.97155576479295 5
      vertex 4.635338826899447 74.93190371867436 0
      vertex 4.456480005284707 74.97155576479295 0
    endloop
  endfacet
  facet normal 0.13052619222006165 0.991444861373809 0
    outer loop
      vertex 4.635338826899447 74.93190371867436 5
      vertex 4.816972940229918 74.90799113400733 0
      vertex 4.635338826899447 74.93190371867436 0
    endloop
  endfacet
  facet normal 0.043619387365293846 0.9990482215818596 0
    outer loop
      vertex 4.816972940229918 74.90799113400733 5
      vertex 5 74.9 0
      vertex 4.816972940229918 74.90799113400733 0
    endloop
  endfacet
  facet normal 0.9238795325112912 0.38268343236507896 0
    outer loop
      vertex 3.026645496349592 76.2817576990161 5
      vertex 3.096753647223035 76.11250165034453 0
      vertex 3.026645496349592 76.2817576990161 0
    endloop
  endfacet
  facet normal 0.9537169507482252 0.3007057995042786 0
    outer loop
      vertex 2.9715557647929565 76.4564800052847 5
      vertex 3.026645496349592 76.2817576990161 0
      vertex 2.9715557647929565 76.4564800052847 0
    endloop
  endfacet
  facet normal 0.9762960071199335 0.2164396139381023 0
    outer loop
      vertex 2.9319037186743633 76.63533882689944 5
      vertex 2.9715557647929565 76.4564800052847 0
      vertex 2.9319037186743633 76.63533882689944 0
    endloop
  endfacet
  facet normal 0.9914448613738104 0.130526192220052 0
    outer loop
      vertex 2.907991134007334 76.81697294022992 5
      vertex 2.9319037186743633 76.63533882689944 0
      vertex 2.907991134007334 76.81697294022992 0
    endloop
  endfacet
  facet normal 0.9990482215818579 0.04361938736533477 0
    outer loop
      vertex 2.9 77 5
      vertex 2.907991134007334 76.81697294022992 0
      vertex 2.9 77 0
    endloop
  endfacet
  facet normal 0.9990482215818579 -0.04361938736533477 0
    outer loop
      vertex 2.907991134007334 77.18302705977008 5
      vertex 2.9 77 0
      vertex 2.907991134007334 77.18302705977008 0
    endloop
  endfacet
  facet normal 0.9914448613738104 -0.130526192220052 0
    outer loop
      vertex 2.9319037186743633 77.36466117310056 5
      vertex 2.907991134007334 77.18302705977008 0
      vertex 2.9319037186743633 77.36466117310056 0
    endloop
  endfacet
  facet normal 0.9762960071199335 -0.2164396139381023 0
    outer loop
      vertex 2.9715557647929565 77.5435199947153 5
      vertex 2.9319037186743633 77.36466117310056 0
      vertex 2.9715557647929565 77.5435199947153 0
    endloop
  endfacet
  facet normal 0.9537169507482252 -0.3007057995042786 0
    outer loop
      vertex 3.026645496349592 77.7182423009839 5
      vertex 2.9715557647929565 77.5435199947153 0
      vertex 3.026645496349592 77.7182423009839 0
    endloop
  endfacet
  facet normal 0.9238795325112912 -0.38268343236507896 0
    outer loop
      vertex 3.096753647223035 77.88749834965547 5
      vertex 3.026645496349592 77.7182423009839 0
      vertex 3.096753647223035 77.88749834965547 0
    endloop
  endfacet
  facet normal 0.8870108331782122 -0.4617486132350521 0
    outer loop
      vertex 3.181346652052679 78.05 5
      vertex 3.096753647223035 77.88749834965547 0
      vertex 3.181346652052679 78.05 0
    endloop
  endfacet
  facet normal 0.8433914458128869 -0.5372996083468219 0
    outer loop
      vertex 3.279780706993117 78.2045105163372 5
      vertex 3.181346652052679 78.05 0
      vertex 3.279780706993117 78.2045105163372 0
    endloop
  endfacet
  facet normal 0.7933533402912435 -0.6087614290087098 0
    outer loop
      vertex 3.391306669450146 78.34985398034173 5
      vertex 3.279780706993117 78.2045105163372 0
      vertex 3.391306669450146 78.34985398034173 0
    endloop
  endfacet
  facet normal 0.7372773368101215 -0.675590207615663 0
    outer loop
      vertex 3.51507575950825 78.48492424049175 5
      vertex 3.391306669450146 78.34985398034173 0
      vertex 3.51507575950825 78.48492424049175 0
    endloop
  endfacet
  facet normal 0.6755902076156607 -0.7372773368101236 0
    outer loop
      vertex 3.6501460196582673 78.60869333054985 5
      vertex 3.51507575950825 78.48492424049175 0
      vertex 3.6501460196582673 78.60869333054985 0
    endloop
  endfacet
  facet normal 0.6087614290087001 -0.7933533402912509 0
    outer loop
      vertex 3.795489483662803 78.72021929300688 5
      vertex 3.6501460196582673 78.60869333054985 0
      vertex 3.795489483662803 78.72021929300688 0
    endloop
  endfacet
  facet normal 0.5372996083468322 -0.8433914458128804 0
    outer loop
      vertex 3.95 78.81865334794732 5
      vertex 3.795489483662803 78.72021929300688 0
      vertex 3.95 78.81865334794732 0
    endloop
  endfacet
  facet normal 0.4617486132350286 -0.8870108331782244 0
    outer loop
      vertex 4.112501650344531 78.90324635277696 5
      vertex 3.95 78.81865334794732 0
      vertex 4.112501650344531 78.90324635277696 0
    endloop
  endfacet
  facet normal 0.38268343236513236 -0.9238795325112692 0
    outer loop
      vertex 4.2817576990160955 78.97335450365041 5
      vertex 4.112501650344531 78.90324635277696 0
      vertex 4.2817576990160955 78.97335450365041 0
    endloop
  endfacet
  facet normal 0.3007057995042659 -0.9537169507482292 0
    outer loop
      vertex 4.456480005284707 79.02844423520705 5
      vertex 4.2817576990160955 78.97335450365041 0
      vertex 4.456480005284707 79.02844423520705 0
    endloop
  endfacet
  facet normal 0.21643961393808508 -0.9762960071199372 0
    outer loop
      vertex 4.635338826899447 79.06809628132564 5
      vertex 4.456480005284707 79.02844423520705 0
      vertex 4.635338826899447 79.06809628132564 0
    endloop
  endfacet
  facet normal 0.13052619222006165 -0.991444861373809 0
    outer loop
      vertex 4.816972940229918 79.09200886599267 5
      vertex 4.635338826899447 79.06809628132564 0
      vertex 4.816972940229918 79.09200886599267 0
    endloop
  endfacet
  facet normal 0.043619387365293846 -0.9990482215818596 0
    outer loop
      vertex 5 79.1 5
      vertex 4.816972940229918 79.09200886599267 0
      vertex 5 79.1 0
    endloop
  endfacet
  facet normal -0.043619387365293846 0.9990482215818596 0
    outer loop
      vertex 5 74.9 5
      vertex 5.183027059770082 74.90799113400733 0
      vertex 5 74.9 0
    endloop
  endfacet
  facet normal -0.13052619222006165 0.991444861373809 0
    outer loop
      vertex 5.183027059770082 74.90799113400733 5
      vertex 5.364661173100553 74.93190371867436 0
      vertex 5.183027059770082 74.90799113400733 0
    endloop
  endfacet
  facet normal -0.21643961393808508 0.9762960071199372 0
    outer loop
      vertex 5.364661173100553 74.93190371867436 5
      vertex 5.543519994715293 74.97155576479295 0
      vertex 5.364661173100553 74.93190371867436 0
    endloop
  endfacet
  facet normal -0.3007057995042659 0.9537169507482292 0
    outer loop
      vertex 5.543519994715293 74.97155576479295 5
      vertex 5.7182423009839045 75.02664549634959 0
      vertex 5.543519994715293 74.97155576479295 0
    endloop
  endfacet
  facet normal -0.38268343236513236 0.9238795325112692 0
    outer loop
      vertex 5.7182423009839045 75.02664549634959 5
      vertex 5.887498349655469 75.09675364722304 0
      vertex 5.7182423009839045 75.02664549634959 0
    endloop
  endfacet
  facet normal -0.4617486132350286 0.8870108331782244 0
    outer loop
      vertex 5.887498349655469 75.09675364722304 5
      vertex 6.05 75.18134665205268 0
      vertex 5.887498349655469 75.09675364722304 0
    endloop
  endfacet
  facet normal -0.5372996083468322 0.8433914458128804 0
    outer loop
      vertex 6.05 75.18134665205268 5
      vertex 6.204510516337197 75.27978070699312 0
      vertex 6.05 75.18134665205268 0
    endloop
  endfacet
  facet normal -0.6087614290087001 0.7933533402912509 0
    outer loop
      vertex 6.204510516337197 75.27978070699312 5
      vertex 6.349853980341733 75.39130666945015 0
      vertex 6.204510516337197 75.27978070699312 0
    endloop
  endfacet
  facet normal -0.6755902076156595 0.7372773368101248 0
    outer loop
      vertex 6.349853980341733 75.39130666945015 5
      vertex 6.48492424049175 75.51507575950825 0
      vertex 6.349853980341733 75.39130666945015 0
    endloop
  endfacet
  facet normal -0.7372773368101228 0.6755902076156617 0
    outer loop
      vertex 6.48492424049175 75.51507575950825 0
      vertex 6.48492424049175 75.51507575950825 5
      vertex 6.608693330549854 75.65014601965827 0
    endloop
  endfacet
  facet normal -0.7933533402912435 0.6087614290087098 0
    outer loop
      vertex 6.608693330549854 75.65014601965827 5
      vertex 6.720219293006883 75.7954894836628 0
      vertex 6.608693330549854 75.65014601965827 0
    endloop
  endfacet
  facet normal -0.8433914458128869 0.5372996083468219 0
    outer loop
      vertex 6.720219293006883 75.7954894836628 5
      vertex 6.818653347947321 75.95 0
      vertex 6.720219293006883 75.7954894836628 0
    endloop
  endfacet
  facet normal -0.8870108331782122 0.4617486132350521 0
    outer loop
      vertex 6.818653347947321 75.95 5
      vertex 6.903246352776965 76.11250165034453 0
      vertex 6.818653347947321 75.95 0
    endloop
  endfacet
  facet normal -0.9238795325112912 0.38268343236507896 0
    outer loop
      vertex 6.903246352776965 76.11250165034453 5
      vertex 6.973354503650408 76.2817576990161 0
      vertex 6.903246352776965 76.11250165034453 0
    endloop
  endfacet
  facet normal -0.9537169507482252 0.3007057995042786 0
    outer loop
      vertex 6.973354503650408 76.2817576990161 5
      vertex 7.0284442352070435 76.4564800052847 0
      vertex 6.973354503650408 76.2817576990161 0
    endloop
  endfacet
  facet normal -0.976296007119933 0.2164396139381046 0
    outer loop
      vertex 7.0284442352070435 76.4564800052847 5
      vertex 7.068096281325637 76.63533882689944 0
      vertex 7.0284442352070435 76.4564800052847 0
    endloop
  endfacet
  facet normal -0.9914448613738107 0.1305261922200496 0
    outer loop
      vertex 7.068096281325637 76.63533882689944 5
      vertex 7.092008865992666 76.81697294022992 0
      vertex 7.068096281325637 76.63533882689944 0
    endloop
  endfacet
  facet normal -0.9990482215818579 0.04361938736533235 0
    outer loop
      vertex 7.092008865992666 76.81697294022992 0
      vertex 7.092008865992666 76.81697294022992 5
      vertex 7.1 77 0
    endloop
  endfacet
  facet normal -0.9990482215818579 -0.04361938736533235 0
    outer loop
      vertex 7.1 77 0
      vertex 7.1 77 5
      vertex 7.092008865992666 77.18302705977008 0
    endloop
  endfacet
  facet normal -0.9914448613738107 -0.1305261922200496 0
    outer loop
      vertex 7.092008865992666 77.18302705977008 5
      vertex 7.068096281325637 77.36466117310056 0
      vertex 7.092008865992666 77.18302705977008 0
    endloop
  endfacet
  facet normal -0.976296007119933 -0.2164396139381046 0
    outer loop
      vertex 7.068096281325637 77.36466117310056 5
      vertex 7.0284442352070435 77.5435199947153 0
      vertex 7.068096281325637 77.36466117310056 0
    endloop
  endfacet
  facet normal -0.6087614290087001 -0.7933533402912509 0
    outer loop
      vertex 6.349853980341733 78.60869333054985 5
      vertex 6.204510516337197 78.72021929300688 0
      vertex 6.349853980341733 78.60869333054985 0
    endloop
  endfacet
  facet normal -0.6755902076156595 -0.7372773368101248 0
    outer loop
      vertex 6.48492424049175 78.48492424049175 5
      vertex 6.349853980341733 78.60869333054985 0
      vertex 6.48492424049175 78.48492424049175 0
    endloop
  endfacet
  facet normal -0.7933533402912435 -0.6087614290087098 0
    outer loop
      vertex 6.720219293006883 78.2045105163372 5
      vertex 6.608693330549854 78.34985398034173 0
      vertex 6.720219293006883 78.2045105163372 0
    endloop
  endfacet
  facet normal -0.7372773368101228 -0.6755902076156617 0
    outer loop
      vertex 6.608693330549854 78.34985398034173 5
      vertex 6.48492424049175 78.48492424049175 0
      vertex 6.608693330549854 78.34985398034173 0
    endloop
  endfacet
  facet normal -0.8433914458128869 -0.5372996083468219 0
    outer loop
      vertex 6.818653347947321 78.05 5
      vertex 6.720219293006883 78.2045105163372 0
      vertex 6.818653347947321 78.05 0
    endloop
  endfacet
  facet normal -0.9537169507482252 -0.3007057995042786 0
    outer loop
      vertex 7.0284442352070435 77.5435199947153 5
      vertex 6.973354503650408 77.7182423009839 0
      vertex 7.0284442352070435 77.5435199947153 0
    endloop
  endfacet
  facet normal -0.9238795325112912 -0.38268343236507896 0
    outer loop
      vertex 6.973354503650408 77.7182423009839 5
      vertex 6.903246352776965 77.88749834965547 0
      vertex 6.973354503650408 77.7182423009839 0
    endloop
  endfacet
  facet normal -0.8870108331782122 -0.4617486132350521 0
    outer loop
      vertex 6.903246352776965 77.88749834965547 5
      vertex 6.818653347947321 78.05 0
      vertex 6.903246352776965 77.88749834965547 0
    endloop
  endfacet
  facet normal -0.13052619222006165 -0.991444861373809 0
    outer loop
      vertex 5.364661173100553 79.06809628132564 5
      vertex 5.183027059770082 79.09200886599267 0
      vertex 5.364661173100553 79.06809628132564 0
    endloop
  endfacet
  facet normal -0.043619387365293846 -0.9990482215818596 0
    outer loop
      vertex 5.183027059770082 79.09200886599267 5
      vertex 5 79.1 0
      vertex 5.183027059770082 79.09200886599267 0
    endloop
  endfacet
  facet normal -0.21643961393808508 -0.9762960071199372 0
    outer loop
      vertex 5.543519994715293 79.02844423520705 5
      vertex 5.364661173100553 79.06809628132564 0
      vertex 5.543519994715293 79.02844423520705 0
    endloop
  endfacet
  facet normal -0.3007057995042659 -0.9537169507482292 0
    outer loop
      vertex 5.7182423009839045 78.97335450365041 5
      vertex 5.543519994715293 79.02844423520705 0
      vertex 5.7182423009839045 78.97335450365041 0
    endloop
  endfacet
  facet normal -0.38268343236513236 -0.9238795325112692 0
    outer loop
      vertex 5.887498349655469 78.90324635277696 5
      vertex 5.7182423009839045 78.97335450365041 0
      vertex 5.887498349655469 78.90324635277696 0
    endloop
  endfacet
  facet normal -0.4617486132350286 -0.8870108331782244 0
    outer loop
      vertex 6.05 78.81865334794732 5
      vertex 5.887498349655469 78.90324635277696 0
      vertex 6.05 78.81865334794732 0
    endloop
  endfacet
  facet normal -0.5372996083468322 -0.8433914458128804 0
    outer loop
      vertex 6.204510516337197 78.72021929300688 5
      vertex 6.05 78.81865334794732 0
      vertex 6.204510516337197 78.72021929300688 0
    endloop
  endfacet
  facet normal 0.6755902076156607 0.7372773368101236 0
    outer loop
      vertex 3.6501460196582673 75.39130666945015 5
      vertex 3.6501460196582673 75.39130666945015 0
      vertex 3.51507575950825 75.51507575950825 5
    endloop
  endfacet
  facet normal 0.6087614290087001 0.7933533402912509 0
    outer loop
      vertex 3.795489483662803 75.27978070699312 5
      vertex 3.795489483662803 75.27978070699312 0
      vertex 3.6501460196582673 75.39130666945015 5
    endloop
  endfacet
  facet normal 0.7933533402912435 0.6087614290087098 1.8533122316639727e-18
    outer loop
      vertex 3.279780706993117 75.7954894836628 5
      vertex 3.391306669450146 75.65014601965827 5
      vertex 3.391306669450146 75.65014601965827 0
    endloop
  endfacet
  facet normal 0.8433914458128869 0.5372996083468219 -8.70685437512225e-19
    outer loop
      vertex 3.181346652052679 75.95 5
      vertex 3.279780706993117 75.7954894836628 5
      vertex 3.279780706993117 75.7954894836628 0
    endloop
  endfacet
  facet normal 0.8870108331782122 0.4617486132350521 3.454620798560605e-19
    outer loop
      vertex 3.096753647223035 76.11250165034453 5
      vertex 3.181346652052679 75.95 5
      vertex 3.181346652052679 75.95 0
    endloop
  endfacet
  facet normal 0.7372773368101215 0.675590207615663 2.9890074932020106e-19
    outer loop
      vertex 3.391306669450146 75.65014601965827 5
      vertex 3.51507575950825 75.51507575950825 5
      vertex 3.51507575950825 75.51507575950825 0
    endloop
  endfacet
  facet normal 0.4617486132350286 0.8870108331782244 0
    outer loop
      vertex 4.112501650344531 75.09675364722304 5
      vertex 4.112501650344531 75.09675364722304 0
      vertex 3.95 75.18134665205268 5
    endloop
  endfacet
  facet normal 0.5372996083468322 0.8433914458128804 0
    outer loop
      vertex 3.95 75.18134665205268 5
      vertex 3.95 75.18134665205268 0
      vertex 3.795489483662803 75.27978070699312 5
    endloop
  endfacet
  facet normal 0.38268343236513236 0.9238795325112692 0
    outer loop
      vertex 4.2817576990160955 75.02664549634959 5
      vertex 4.2817576990160955 75.02664549634959 0
      vertex 4.112501650344531 75.09675364722304 5
    endloop
  endfacet
  facet normal 0.3007057995042659 0.9537169507482292 0
    outer loop
      vertex 4.456480005284707 74.97155576479295 5
      vertex 4.456480005284707 74.97155576479295 0
      vertex 4.2817576990160955 75.02664549634959 5
    endloop
  endfacet
  facet normal 0.21643961393808508 0.9762960071199372 0
    outer loop
      vertex 4.635338826899447 74.93190371867436 5
      vertex 4.635338826899447 74.93190371867436 0
      vertex 4.456480005284707 74.97155576479295 5
    endloop
  endfacet
  facet normal 0.13052619222006165 0.991444861373809 0
    outer loop
      vertex 4.816972940229918 74.90799113400733 5
      vertex 4.816972940229918 74.90799113400733 0
      vertex 4.635338826899447 74.93190371867436 5
    endloop
  endfacet
  facet normal 0.043619387365293846 0.9990482215818596 0
    outer loop
      vertex 5 74.9 5
      vertex 5 74.9 0
      vertex 4.816972940229918 74.90799113400733 5
    endloop
  endfacet
  facet normal 0.9238795325112912 0.38268343236507896 6.922810029082736e-19
    outer loop
      vertex 3.026645496349592 76.2817576990161 5
      vertex 3.096753647223035 76.11250165034453 5
      vertex 3.096753647223035 76.11250165034453 0
    endloop
  endfacet
  facet normal 0.9537169507482252 0.3007057995042786 7.470541416703086e-19
    outer loop
      vertex 2.9715557647929565 76.4564800052847 5
      vertex 3.026645496349592 76.2817576990161 5
      vertex 3.026645496349592 76.2817576990161 0
    endloop
  endfacet
  facet normal 0.9762960071199335 0.2164396139381023 2.369427394536874e-19
    outer loop
      vertex 2.9319037186743633 76.63533882689944 5
      vertex 2.9715557647929565 76.4564800052847 5
      vertex 2.9715557647929565 76.4564800052847 0
    endloop
  endfacet
  facet normal 0.9914448613738104 0.130526192220052 -3.387456500819784e-19
    outer loop
      vertex 2.907991134007334 76.81697294022992 5
      vertex 2.9319037186743633 76.63533882689944 5
      vertex 2.9319037186743633 76.63533882689944 0
    endloop
  endfacet
  facet normal 0.9990482215818579 0.04361938736533477 -8.431796240808286e-20
    outer loop
      vertex 2.9 77 5
      vertex 2.907991134007334 76.81697294022992 5
      vertex 2.907991134007334 76.81697294022992 0
    endloop
  endfacet
  facet normal 0.9990482215818579 -0.04361938736533477 8.431796240808286e-20
    outer loop
      vertex 2.907991134007334 77.18302705977008 5
      vertex 2.9 77 5
      vertex 2.9 77 0
    endloop
  endfacet
  facet normal 0.9914448613738104 -0.130526192220052 3.387456500819784e-19
    outer loop
      vertex 2.9319037186743633 77.36466117310056 5
      vertex 2.907991134007334 77.18302705977008 5
      vertex 2.907991134007334 77.18302705977008 0
    endloop
  endfacet
  facet normal 0.9762960071199335 -0.2164396139381023 -2.369427394536874e-19
    outer loop
      vertex 2.9715557647929565 77.5435199947153 5
      vertex 2.9319037186743633 77.36466117310056 5
      vertex 2.9319037186743633 77.36466117310056 0
    endloop
  endfacet
  facet normal 0.9537169507482252 -0.3007057995042786 -7.470541416703086e-19
    outer loop
      vertex 3.026645496349592 77.7182423009839 5
      vertex 2.9715557647929565 77.5435199947153 5
      vertex 2.9715557647929565 77.5435199947153 0
    endloop
  endfacet
  facet normal 0.9238795325112912 -0.38268343236507896 -6.922810029082736e-19
    outer loop
      vertex 3.096753647223035 77.88749834965547 5
      vertex 3.026645496349592 77.7182423009839 5
      vertex 3.026645496349592 77.7182423009839 0
    endloop
  endfacet
  facet normal 0.8870108331782122 -0.4617486132350521 -3.454620798560605e-19
    outer loop
      vertex 3.181346652052679 78.05 5
      vertex 3.096753647223035 77.88749834965547 5
      vertex 3.096753647223035 77.88749834965547 0
    endloop
  endfacet
  facet normal 0.8433914458128869 -0.5372996083468219 8.70685437512225e-19
    outer loop
      vertex 3.279780706993117 78.2045105163372 5
      vertex 3.181346652052679 78.05 5
      vertex 3.181346652052679 78.05 0
    endloop
  endfacet
  facet normal 0.7933533402912435 -0.6087614290087098 -1.8533122316639727e-18
    outer loop
      vertex 3.391306669450146 78.34985398034173 5
      vertex 3.279780706993117 78.2045105163372 5
      vertex 3.279780706993117 78.2045105163372 0
    endloop
  endfacet
  facet normal 0.7372773368101215 -0.675590207615663 -2.9890074932020106e-19
    outer loop
      vertex 3.51507575950825 78.48492424049175 5
      vertex 3.391306669450146 78.34985398034173 5
      vertex 3.391306669450146 78.34985398034173 0
    endloop
  endfacet
  facet normal 0.6755902076156607 -0.7372773368101236 0
    outer loop
      vertex 3.51507575950825 78.48492424049175 5
      vertex 3.51507575950825 78.48492424049175 0
      vertex 3.6501460196582673 78.60869333054985 5
    endloop
  endfacet
  facet normal 0.6087614290087001 -0.7933533402912509 0
    outer loop
      vertex 3.6501460196582673 78.60869333054985 5
      vertex 3.6501460196582673 78.60869333054985 0
      vertex 3.795489483662803 78.72021929300688 5
    endloop
  endfacet
  facet normal 0.5372996083468322 -0.8433914458128804 0
    outer loop
      vertex 3.795489483662803 78.72021929300688 5
      vertex 3.795489483662803 78.72021929300688 0
      vertex 3.95 78.81865334794732 5
    endloop
  endfacet
  facet normal 0.4617486132350286 -0.8870108331782244 0
    outer loop
      vertex 3.95 78.81865334794732 5
      vertex 3.95 78.81865334794732 0
      vertex 4.112501650344531 78.90324635277696 5
    endloop
  endfacet
  facet normal 0.38268343236513236 -0.9238795325112692 0
    outer loop
      vertex 4.112501650344531 78.90324635277696 5
      vertex 4.112501650344531 78.90324635277696 0
      vertex 4.2817576990160955 78.97335450365041 5
    endloop
  endfacet
  facet normal 0.3007057995042659 -0.9537169507482292 0
    outer loop
      vertex 4.2817576990160955 78.97335450365041 5
      vertex 4.2817576990160955 78.97335450365041 0
      vertex 4.456480005284707 79.02844423520705 5
    endloop
  endfacet
  facet normal 0.21643961393808508 -0.9762960071199372 0
    outer loop
      vertex 4.456480005284707 79.02844423520705 5
      vertex 4.456480005284707 79.02844423520705 0
      vertex 4.635338826899447 79.06809628132564 5
    endloop
  endfacet
  facet normal 0.13052619222006165 -0.991444861373809 0
    outer loop
      vertex 4.635338826899447 79.06809628132564 5
      vertex 4.635338826899447 79.06809628132564 0
      vertex 4.816972940229918 79.09200886599267 5
    endloop
  endfacet
  facet normal 0.043619387365293846 -0.9990482215818596 0
    outer loop
      vertex 4.816972940229918 79.09200886599267 5
      vertex 4.816972940229918 79.09200886599267 0
      vertex 5 79.1 5
    endloop
  endfacet
  facet normal -0.043619387365293846 0.9990482215818596 0
    outer loop
      vertex 5.183027059770082 74.90799113400733 5
      vertex 5.183027059770082 74.90799113400733 0
      vertex 5 74.9 5
    endloop
  endfacet
  facet normal -0.13052619222006165 0.991444861373809 0
    outer loop
      vertex 5.364661173100553 74.93190371867436 5
      vertex 5.364661173100553 74.93190371867436 0
      vertex 5.183027059770082 74.90799113400733 5
    endloop
  endfacet
  facet normal -0.21643961393808508 0.9762960071199372 0
    outer loop
      vertex 5.543519994715293 74.97155576479295 5
      vertex 5.543519994715293 74.97155576479295 0
      vertex 5.364661173100553 74.93190371867436 5
    endloop
  endfacet
  facet normal -0.3007057995042659 0.9537169507482292 0
    outer loop
      vertex 5.7182423009839045 75.02664549634959 5
      vertex 5.7182423009839045 75.02664549634959 0
      vertex 5.543519994715293 74.97155576479295 5
    endloop
  endfacet
  facet normal -0.38268343236513236 0.9238795325112692 0
    outer loop
      vertex 5.887498349655469 75.09675364722304 5
      vertex 5.887498349655469 75.09675364722304 0
      vertex 5.7182423009839045 75.02664549634959 5
    endloop
  endfacet
  facet normal -0.4617486132350286 0.8870108331782244 0
    outer loop
      vertex 6.05 75.18134665205268 5
      vertex 6.05 75.18134665205268 0
      vertex 5.887498349655469 75.09675364722304 5
    endloop
  endfacet
  facet normal -0.5372996083468322 0.8433914458128804 0
    outer loop
      vertex 6.204510516337197 75.27978070699312 5
      vertex 6.204510516337197 75.27978070699312 0
      vertex 6.05 75.18134665205268 5
    endloop
  endfacet
  facet normal -0.6087614290087001 0.7933533402912509 0
    outer loop
      vertex 6.349853980341733 75.39130666945015 5
      vertex 6.349853980341733 75.39130666945015 0
      vertex 6.204510516337197 75.27978070699312 5
    endloop
  endfacet
  facet normal -0.6755902076156595 0.7372773368101248 0
    outer loop
      vertex 6.48492424049175 75.51507575950825 5
      vertex 6.48492424049175 75.51507575950825 0
      vertex 6.349853980341733 75.39130666945015 5
    endloop
  endfacet
  facet normal -0.7372773368101228 0.6755902076156617 -1.3934849322376552e-18
    outer loop
      vertex 6.48492424049175 75.51507575950825 5
      vertex 6.608693330549854 75.65014601965827 5
      vertex 6.608693330549854 75.65014601965827 0
    endloop
  endfacet
  facet normal -0.7933533402912435 0.6087614290087098 -1.8533122316639727e-18
    outer loop
      vertex 6.608693330549854 75.65014601965827 5
      vertex 6.720219293006883 75.7954894836628 5
      vertex 6.720219293006883 75.7954894836628 0
    endloop
  endfacet
  facet normal -0.8433914458128869 0.5372996083468219 8.70685437512225e-19
    outer loop
      vertex 6.720219293006883 75.7954894836628 5
      vertex 6.818653347947321 75.95 5
      vertex 6.818653347947321 75.95 0
    endloop
  endfacet
  facet normal -0.8870108331782122 0.4617486132350521 -3.454620798560605e-19
    outer loop
      vertex 6.818653347947321 75.95 5
      vertex 6.903246352776965 76.11250165034453 5
      vertex 6.903246352776965 76.11250165034453 0
    endloop
  endfacet
  facet normal -0.9238795325112912 0.38268343236507896 -6.922810029082736e-19
    outer loop
      vertex 6.903246352776965 76.11250165034453 5
      vertex 6.973354503650408 76.2817576990161 5
      vertex 6.973354503650408 76.2817576990161 0
    endloop
  endfacet
  facet normal -0.9537169507482252 0.3007057995042786 -7.470541416703086e-19
    outer loop
      vertex 6.973354503650408 76.2817576990161 5
      vertex 7.0284442352070435 76.4564800052847 5
      vertex 7.0284442352070435 76.4564800052847 0
    endloop
  endfacet
  facet normal -0.976296007119933 0.2164396139381046 3.0819996714405377e-19
    outer loop
      vertex 7.0284442352070435 76.4564800052847 5
      vertex 7.068096281325637 76.63533882689944 5
      vertex 7.068096281325637 76.63533882689944 0
    endloop
  endfacet
  facet normal -0.9914448613738107 0.1305261922200496 3.419025710980577e-19
    outer loop
      vertex 7.068096281325637 76.63533882689944 5
      vertex 7.092008865992666 76.81697294022992 5
      vertex 7.092008865992666 76.81697294022992 0
    endloop
  endfacet
  facet normal -0.9990482215818579 0.04361938736533235 -1.1439211928341505e-19
    outer loop
      vertex 7.092008865992666 76.81697294022992 5
      vertex 7.1 77 5
      vertex 7.1 77 0
    endloop
  endfacet
  facet normal -0.9990482215818579 -0.04361938736533235 1.1439211928341505e-19
    outer loop
      vertex 7.1 77 5
      vertex 7.092008865992666 77.18302705977008 5
      vertex 7.092008865992666 77.18302705977008 0
    endloop
  endfacet
  facet normal -0.9914448613738107 -0.1305261922200496 -3.419025710980577e-19
    outer loop
      vertex 7.092008865992666 77.18302705977008 5
      vertex 7.068096281325637 77.36466117310056 5
      vertex 7.068096281325637 77.36466117310056 0
    endloop
  endfacet
  facet normal -0.8870108331782122 -0.4617486132350521 3.454620798560605e-19
    outer loop
      vertex 6.903246352776965 77.88749834965547 5
      vertex 6.818653347947321 78.05 5
      vertex 6.818653347947321 78.05 0
    endloop
  endfacet
  facet normal -0.6755902076156595 -0.7372773368101248 0
    outer loop
      vertex 6.349853980341733 78.60869333054985 5
      vertex 6.349853980341733 78.60869333054985 0
      vertex 6.48492424049175 78.48492424049175 5
    endloop
  endfacet
  facet normal -0.6087614290087001 -0.7933533402912509 0
    outer loop
      vertex 6.204510516337197 78.72021929300688 5
      vertex 6.204510516337197 78.72021929300688 0
      vertex 6.349853980341733 78.60869333054985 5
    endloop
  endfacet
  facet normal -0.7372773368101228 -0.6755902076156617 1.3934849322376552e-18
    outer loop
      vertex 6.608693330549854 78.34985398034173 5
      vertex 6.48492424049175 78.48492424049175 5
      vertex 6.48492424049175 78.48492424049175 0
    endloop
  endfacet
  facet normal -0.7933533402912435 -0.6087614290087098 1.8533122316639727e-18
    outer loop
      vertex 6.720219293006883 78.2045105163372 5
      vertex 6.608693330549854 78.34985398034173 5
      vertex 6.608693330549854 78.34985398034173 0
    endloop
  endfacet
  facet normal -0.8433914458128869 -0.5372996083468219 -8.70685437512225e-19
    outer loop
      vertex 6.818653347947321 78.05 5
      vertex 6.720219293006883 78.2045105163372 5
      vertex 6.720219293006883 78.2045105163372 0
    endloop
  endfacet
  facet normal -0.9537169507482252 -0.3007057995042786 7.470541416703086e-19
    outer loop
      vertex 7.0284442352070435 77.5435199947153 5
      vertex 6.973354503650408 77.7182423009839 5
      vertex 6.973354503650408 77.7182423009839 0
    endloop
  endfacet
  facet normal -0.976296007119933 -0.2164396139381046 -3.0819996714405377e-19
    outer loop
      vertex 7.068096281325637 77.36466117310056 5
      vertex 7.0284442352070435 77.5435199947153 5
      vertex 7.0284442352070435 77.5435199947153 0
    endloop
  endfacet
  facet normal -0.9238795325112912 -0.38268343236507896 6.922810029082736e-19
    outer loop
      vertex 6.973354503650408 77.7182423009839 5
      vertex 6.903246352776965 77.88749834965547 5
      vertex 6.903246352776965 77.88749834965547 0
    endloop
  endfacet
  facet normal -0.043619387365293846 -0.9990482215818596 0
    outer loop
      vertex 5 79.1 5
      vertex 5 79.1 0
      vertex 5.183027059770082 79.09200886599267 5
    endloop
  endfacet
  facet normal -0.13052619222006165 -0.991444861373809 0
    outer loop
      vertex 5.183027059770082 79.09200886599267 5
      vertex 5.183027059770082 79.09200886599267 0
      vertex 5.364661173100553 79.06809628132564 5
    endloop
  endfacet
  facet normal -0.21643961393808508 -0.9762960071199372 0
    outer loop
      vertex 5.364661173100553 79.06809628132564 5
      vertex 5.364661173100553 79.06809628132564 0
      vertex 5.543519994715293 79.02844423520705 5
    endloop
  endfacet
  facet normal -0.3007057995042659 -0.9537169507482292 0
    outer loop
      vertex 5.543519994715293 79.02844423520705 5
      vertex 5.543519994715293 79.02844423520705 0
      vertex 5.7182423009839045 78.97335450365041 5
    endloop
  endfacet
  facet normal -0.38268343236513236 -0.9238795325112692 0
    outer loop
      vertex 5.7182423009839045 78.97335450365041 5
      vertex 5.7182423009839045 78.97335450365041 0
      vertex 5.887498349655469 78.90324635277696 5
    endloop
  endfacet
  facet normal -0.4617486132350286 -0.8870108331782244 0
    outer loop
      vertex 5.887498349655469 78.90324635277696 5
      vertex 5.887498349655469 78.90324635277696 0
      vertex 6.05 78.81865334794732 5
    endloop
  endfacet
  facet normal -0.5372996083468322 -0.8433914458128804 0
    outer loop
      vertex 6.05 78.81865334794732 5
      vertex 6.05 78.81865334794732 0
      vertex 6.204510516337197 78.72021929300688 5
    endloop
  endfacet
  facet normal 0.5372996083468219 0.8433914458128869 0
    outer loop
      vertex 73.7954894836628 5.279780706993117 0
      vertex 73.7954894836628 5.279780706993117 5
      vertex 73.95 5.181346652052679 0
    endloop
  endfacet
  facet normal 0.4617486132350521 0.8870108331782122 0
    outer loop
      vertex 73.95 5.181346652052679 0
      vertex 73.95 5.181346652052679 5
      vertex 74.11250165034453 5.096753647223035 0
    endloop
  endfacet
  facet normal 0.38268343236507896 0.9238795325112912 0
    outer loop
      vertex 74.11250165034453 5.096753647223035 0
      vertex 74.11250165034453 5.096753647223035 5
      vertex 74.2817576990161 5.026645496349592 0
    endloop
  endfacet
  facet normal 0.3007057995042786 0.9537169507482252 0
    outer loop
      vertex 74.2817576990161 5.026645496349592 0
      vertex 74.2817576990161 5.026645496349592 5
      vertex 74.4564800052847 4.9715557647929565 0
    endloop
  endfacet
  facet normal 0.2164396139381046 0.976296007119933 0
    outer loop
      vertex 74.4564800052847 4.9715557647929565 0
      vertex 74.4564800052847 4.9715557647929565 5
      vertex 74.63533882689944 4.931903718674363 0
    endloop
  endfacet
  facet normal 0.04361938736533235 0.9990482215818579 0
    outer loop
      vertex 74.81697294022992 4.907991134007334 0
      vertex 74.81697294022992 4.907991134007334 5
      vertex 75 4.9 0
    endloop
  endfacet
  facet normal 0.1305261922200496 0.9914448613738107 0
    outer loop
      vertex 74.63533882689944 4.931903718674363 0
      vertex 74.63533882689944 4.931903718674363 5
      vertex 74.81697294022992 4.907991134007334 0
    endloop
  endfacet
  facet normal 0.8870108331782244 0.4617486132350286 1.726390820055513e-19
    outer loop
      vertex 73.18134665205268 5.95 0
      vertex 73.09675364722304 6.112501650344531 0
      vertex 73.09675364722304 6.112501650344531 5
    endloop
  endfacet
  facet normal 0.9238795325112692 0.38268343236513236 7.991234888828285e-20
    outer loop
      vertex 73.09675364722304 6.112501650344531 0
      vertex 73.02664549634959 6.2817576990160955 0
      vertex 73.02664549634959 6.2817576990160955 5
    endloop
  endfacet
  facet normal 0.9537169507482292 0.3007057995042659 -7.259996947042928e-19
    outer loop
      vertex 73.02664549634959 6.2817576990160955 0
      vertex 72.97155576479295 6.456480005284707 0
      vertex 72.97155576479295 6.456480005284707 5
    endloop
  endfacet
  facet normal 0.8433914458128804 0.5372996083468322 4.0165028575799914e-19
    outer loop
      vertex 73.27978070699312 5.795489483662803 0
      vertex 73.18134665205268 5.95 0
      vertex 73.18134665205268 5.95 5
    endloop
  endfacet
  facet normal 0.7372773368101248 0.6755902076156595 1.5913452381335192e-18
    outer loop
      vertex 73.51507575950825 5.51507575950825 0
      vertex 73.39130666945015 5.650146019658267 0
      vertex 73.39130666945015 5.650146019658267 5
    endloop
  endfacet
  facet normal 0.7933533402912509 0.6087614290087001 -1.1437232926405219e-18
    outer loop
      vertex 73.39130666945015 5.650146019658267 0
      vertex 73.27978070699312 5.795489483662803 0
      vertex 73.27978070699312 5.795489483662803 5
    endloop
  endfacet
  facet normal 0.6755902076156617 0.7372773368101228 1.3934849322376552e-18
    outer loop
      vertex 73.65014601965827 5.391306669450146 0
      vertex 73.51507575950825 5.51507575950825 0
      vertex 73.51507575950825 5.51507575950825 5
    endloop
  endfacet
  facet normal 0.6087614290087098 0.7933533402912435 0
    outer loop
      vertex 73.65014601965827 5.391306669450146 0
      vertex 73.65014601965827 5.391306669450146 5
      vertex 73.7954894836628 5.279780706993117 0
    endloop
  endfacet
  facet normal 0.9762960071199372 0.21643961393808508 -3.062700942276729e-19
    outer loop
      vertex 72.97155576479295 6.456480005284707 0
      vertex 72.93190371867436 6.635338826899447 0
      vertex 72.93190371867436 6.635338826899447 5
    endloop
  endfacet
  facet normal 0.991444861373809 0.13052619222006165 -3.804575460486796e-19
    outer loop
      vertex 72.93190371867436 6.635338826899447 0
      vertex 72.90799113400733 6.816972940229918 0
      vertex 72.90799113400733 6.816972940229918 5
    endloop
  endfacet
  facet normal 0.9990482215818596 0.043619387365293846 -8.389236920866647e-20
    outer loop
      vertex 72.90799113400733 6.816972940229918 0
      vertex 72.9 7 0
      vertex 72.9 7 5
    endloop
  endfacet
  facet normal 0.9990482215818596 -0.043619387365293846 8.389236920866647e-20
    outer loop
      vertex 72.9 7 0
      vertex 72.90799113400733 7.183027059770082 0
      vertex 72.90799113400733 7.183027059770082 5
    endloop
  endfacet
  facet normal 0.991444861373809 -0.13052619222006165 3.804575460486796e-19
    outer loop
      vertex 72.90799113400733 7.183027059770082 0
      vertex 72.93190371867436 7.364661173100553 0
      vertex 72.93190371867436 7.364661173100553 5
    endloop
  endfacet
  facet normal 0.9762960071199372 -0.21643961393808508 3.062700942276729e-19
    outer loop
      vertex 72.93190371867436 7.364661173100553 0
      vertex 72.97155576479295 7.543519994715293 0
      vertex 72.97155576479295 7.543519994715293 5
    endloop
  endfacet
  facet normal 0.9537169507482292 -0.3007057995042659 7.259996947042928e-19
    outer loop
      vertex 72.97155576479295 7.543519994715293 0
      vertex 73.02664549634959 7.7182423009839045 0
      vertex 73.02664549634959 7.7182423009839045 5
    endloop
  endfacet
  facet normal 0.9238795325112692 -0.38268343236513236 -7.991234888828285e-20
    outer loop
      vertex 73.02664549634959 7.7182423009839045 0
      vertex 73.09675364722304 7.887498349655469 0
      vertex 73.09675364722304 7.887498349655469 5
    endloop
  endfacet
  facet normal 0.8870108331782255 -0.46174861323502664 4.175002955306956e-19
    outer loop
      vertex 73.09675364722304 7.887498349655469 0
      vertex 73.18134665205268 8.05 0
      vertex 73.18134665205268 8.05 5
    endloop
  endfacet
  facet normal 0.8433914458128776 -0.5372996083468367 -1.6211857451506663e-20
    outer loop
      vertex 73.18134665205268 8.05 0
      vertex 73.27978070699312 8.204510516337196 0
      vertex 73.27978070699312 8.204510516337196 5
    endloop
  endfacet
  facet normal 0.7933533402912527 -0.6087614290086979 -5.582378133708908e-19
    outer loop
      vertex 73.27978070699312 8.204510516337196 0
      vertex 73.39130666945015 8.349853980341733 0
      vertex 73.39130666945015 8.349853980341733 5
    endloop
  endfacet
  facet normal 0.7372773368101248 -0.6755902076156595 -1.5913452381335192e-18
    outer loop
      vertex 73.39130666945015 8.349853980341733 0
      vertex 73.51507575950825 8.48492424049175 0
      vertex 73.51507575950825 8.48492424049175 5
    endloop
  endfacet
  facet normal 0.6755902076156644 -0.7372773368101203 0
    outer loop
      vertex 73.65014601965827 8.608693330549855 0
      vertex 73.65014601965827 8.608693330549855 5
      vertex 73.51507575950825 8.48492424049175 0
    endloop
  endfacet
  facet normal 0.6087614290087068 -0.7933533402912458 0
    outer loop
      vertex 73.7954894836628 8.720219293006883 0
      vertex 73.7954894836628 8.720219293006883 5
      vertex 73.65014601965827 8.608693330549855 0
    endloop
  endfacet
  facet normal 0.5372996083468253 -0.8433914458128847 0
    outer loop
      vertex 73.95 8.818653347947322 0
      vertex 73.95 8.818653347947322 5
      vertex 73.7954894836628 8.720219293006883 0
    endloop
  endfacet
  facet normal 0.46174861323504446 -0.8870108331782162 0
    outer loop
      vertex 74.11250165034453 8.903246352776964 0
      vertex 74.11250165034453 8.903246352776964 5
      vertex 73.95 8.818653347947322 0
    endloop
  endfacet
  facet normal 0.38268343236507896 -0.9238795325112912 0
    outer loop
      vertex 74.2817576990161 8.973354503650407 0
      vertex 74.2817576990161 8.973354503650407 5
      vertex 74.11250165034453 8.903246352776964 0
    endloop
  endfacet
  facet normal 0.30070579950428306 -0.9537169507482238 0
    outer loop
      vertex 74.4564800052847 9.028444235207044 0
      vertex 74.4564800052847 9.028444235207044 5
      vertex 74.2817576990161 8.973354503650407 0
    endloop
  endfacet
  facet normal 0.2164396139381046 -0.976296007119933 0
    outer loop
      vertex 74.63533882689944 9.068096281325637 0
      vertex 74.63533882689944 9.068096281325637 5
      vertex 74.4564800052847 9.028444235207044 0
    endloop
  endfacet
  facet normal 0.1305261922200496 -0.9914448613738107 0
    outer loop
      vertex 74.81697294022992 9.092008865992666 0
      vertex 74.81697294022992 9.092008865992666 5
      vertex 74.63533882689944 9.068096281325637 0
    endloop
  endfacet
  facet normal 0.04361938736533235 -0.9990482215818579 0
    outer loop
      vertex 75 9.1 0
      vertex 75 9.1 5
      vertex 74.81697294022992 9.092008865992666 0
    endloop
  endfacet
  facet normal -0.04361938736533235 0.9990482215818579 0
    outer loop
      vertex 75 4.9 0
      vertex 75 4.9 5
      vertex 75.18302705977008 4.907991134007334 0
    endloop
  endfacet
  facet normal -0.1305261922200496 0.9914448613738107 0
    outer loop
      vertex 75.18302705977008 4.907991134007334 0
      vertex 75.18302705977008 4.907991134007334 5
      vertex 75.36466117310056 4.931903718674363 0
    endloop
  endfacet
  facet normal -0.2164396139381046 0.976296007119933 0
    outer loop
      vertex 75.36466117310056 4.931903718674363 0
      vertex 75.36466117310056 4.931903718674363 5
      vertex 75.5435199947153 4.9715557647929565 0
    endloop
  endfacet
  facet normal -0.3007057995042786 0.9537169507482252 0
    outer loop
      vertex 75.5435199947153 4.9715557647929565 0
      vertex 75.5435199947153 4.9715557647929565 5
      vertex 75.7182423009839 5.026645496349592 0
    endloop
  endfacet
  facet normal -0.38268343236507896 0.9238795325112912 0
    outer loop
      vertex 75.7182423009839 5.026645496349592 0
      vertex 75.7182423009839 5.026645496349592 5
      vertex 75.88749834965547 5.096753647223035 0
    endloop
  endfacet
  facet normal -0.4617486132350521 0.8870108331782122 0
    outer loop
      vertex 75.88749834965547 5.096753647223035 0
      vertex 75.88749834965547 5.096753647223035 5
      vertex 76.05 5.181346652052679 0
    endloop
  endfacet
  facet normal -0.5372996083468219 0.8433914458128869 0
    outer loop
      vertex 76.05 5.181346652052679 0
      vertex 76.05 5.181346652052679 5
      vertex 76.2045105163372 5.279780706993117 0
    endloop
  endfacet
  facet normal -0.6087614290087098 0.7933533402912435 0
    outer loop
      vertex 76.2045105163372 5.279780706993117 0
      vertex 76.2045105163372 5.279780706993117 5
      vertex 76.34985398034173 5.391306669450146 0
    endloop
  endfacet
  facet normal -0.6755902076156617 0.7372773368101228 0
    outer loop
      vertex 76.34985398034173 5.391306669450146 0
      vertex 76.34985398034173 5.391306669450146 5
      vertex 76.48492424049175 5.51507575950825 0
    endloop
  endfacet
  facet normal -0.7372773368101248 0.6755902076156595 0
    outer loop
      vertex 76.48492424049175 5.51507575950825 0
      vertex 76.48492424049175 5.51507575950825 5
      vertex 76.60869333054985 5.650146019658267 0
    endloop
  endfacet
  facet normal -0.7933533402912509 0.6087614290087001 1.1437232926405219e-18
    outer loop
      vertex 76.72021929300688 5.795489483662803 0
      vertex 76.60869333054985 5.650146019658267 0
      vertex 76.60869333054985 5.650146019658267 5
    endloop
  endfacet
  facet normal -0.8433914458128804 0.5372996083468322 -4.0165028575799914e-19
    outer loop
      vertex 76.81865334794732 5.95 0
      vertex 76.72021929300688 5.795489483662803 0
      vertex 76.72021929300688 5.795489483662803 5
    endloop
  endfacet
  facet normal -0.8870108331782244 0.4617486132350286 -1.726390820055513e-19
    outer loop
      vertex 76.90324635277696 6.112501650344531 0
      vertex 76.81865334794732 5.95 0
      vertex 76.81865334794732 5.95 5
    endloop
  endfacet
  facet normal -0.9238795325112692 0.38268343236513236 -7.991234888828285e-20
    outer loop
      vertex 76.97335450365041 6.2817576990160955 0
      vertex 76.90324635277696 6.112501650344531 0
      vertex 76.90324635277696 6.112501650344531 5
    endloop
  endfacet
  facet normal -0.9537169507482292 0.3007057995042659 7.259996947042928e-19
    outer loop
      vertex 77.02844423520705 6.456480005284707 0
      vertex 76.97335450365041 6.2817576990160955 0
      vertex 76.97335450365041 6.2817576990160955 5
    endloop
  endfacet
  facet normal -0.9762960071199372 0.21643961393808508 3.062700942276729e-19
    outer loop
      vertex 77.06809628132564 6.635338826899447 0
      vertex 77.02844423520705 6.456480005284707 0
      vertex 77.02844423520705 6.456480005284707 5
    endloop
  endfacet
  facet normal -0.991444861373809 0.13052619222006165 3.804575460486796e-19
    outer loop
      vertex 77.09200886599267 6.816972940229918 0
      vertex 77.06809628132564 6.635338826899447 0
      vertex 77.06809628132564 6.635338826899447 5
    endloop
  endfacet
  facet normal -0.9990482215818596 0.043619387365293846 0
    outer loop
      vertex 77.09200886599267 6.816972940229918 0
      vertex 77.09200886599267 6.816972940229918 5
      vertex 77.1 7 0
    endloop
  endfacet
  facet normal -0.9990482215818596 -0.043619387365293846 0
    outer loop
      vertex 77.1 7 0
      vertex 77.1 7 5
      vertex 77.09200886599267 7.183027059770082 0
    endloop
  endfacet
  facet normal -0.991444861373809 -0.13052619222006165 -3.804575460486796e-19
    outer loop
      vertex 77.06809628132564 7.364661173100553 0
      vertex 77.09200886599267 7.183027059770082 0
      vertex 77.09200886599267 7.183027059770082 5
    endloop
  endfacet
  facet normal -0.9762960071199372 -0.21643961393808508 -3.062700942276729e-19
    outer loop
      vertex 77.02844423520705 7.543519994715293 0
      vertex 77.06809628132564 7.364661173100553 0
      vertex 77.06809628132564 7.364661173100553 5
    endloop
  endfacet
  facet normal -0.9537169507482292 -0.3007057995042659 -7.259996947042928e-19
    outer loop
      vertex 76.97335450365041 7.7182423009839045 0
      vertex 77.02844423520705 7.543519994715293 0
      vertex 77.02844423520705 7.543519994715293 5
    endloop
  endfacet
  facet normal -0.9238795325112692 -0.38268343236513236 7.991234888828285e-20
    outer loop
      vertex 76.90324635277696 7.887498349655469 0
      vertex 76.97335450365041 7.7182423009839045 0
      vertex 76.97335450365041 7.7182423009839045 5
    endloop
  endfacet
  facet normal -0.04361938736533235 -0.9990482215818579 0
    outer loop
      vertex 75.18302705977008 9.092008865992666 0
      vertex 75.18302705977008 9.092008865992666 5
      vertex 75 9.1 0
    endloop
  endfacet
  facet normal -0.1305261922200496 -0.9914448613738107 0
    outer loop
      vertex 75.36466117310056 9.068096281325637 0
      vertex 75.36466117310056 9.068096281325637 5
      vertex 75.18302705977008 9.092008865992666 0
    endloop
  endfacet
  facet normal -0.2164396139381046 -0.976296007119933 0
    outer loop
      vertex 75.5435199947153 9.028444235207044 0
      vertex 75.5435199947153 9.028444235207044 5
      vertex 75.36466117310056 9.068096281325637 0
    endloop
  endfacet
  facet normal -0.30070579950428306 -0.9537169507482238 0
    outer loop
      vertex 75.7182423009839 8.973354503650407 0
      vertex 75.7182423009839 8.973354503650407 5
      vertex 75.5435199947153 9.028444235207044 0
    endloop
  endfacet
  facet normal -0.38268343236507896 -0.9238795325112912 0
    outer loop
      vertex 75.88749834965547 8.903246352776964 0
      vertex 75.88749834965547 8.903246352776964 5
      vertex 75.7182423009839 8.973354503650407 0
    endloop
  endfacet
  facet normal -0.46174861323504446 -0.8870108331782162 0
    outer loop
      vertex 76.05 8.818653347947322 0
      vertex 76.05 8.818653347947322 5
      vertex 75.88749834965547 8.903246352776964 0
    endloop
  endfacet
  facet normal -0.5372996083468253 -0.8433914458128847 0
    outer loop
      vertex 76.2045105163372 8.720219293006883 0
      vertex 76.2045105163372 8.720219293006883 5
      vertex 76.05 8.818653347947322 0
    endloop
  endfacet
  facet normal -0.6755902076156644 -0.7372773368101203 0
    outer loop
      vertex 76.48492424049175 8.48492424049175 0
      vertex 76.48492424049175 8.48492424049175 5
      vertex 76.34985398034173 8.608693330549855 0
    endloop
  endfacet
  facet normal -0.8433914458128776 -0.5372996083468367 1.6211857451506663e-20
    outer loop
      vertex 76.72021929300688 8.204510516337196 0
      vertex 76.81865334794732 8.05 0
      vertex 76.81865334794732 8.05 5
    endloop
  endfacet
  facet normal -0.7933533402912527 -0.6087614290086979 5.582378133708908e-19
    outer loop
      vertex 76.60869333054985 8.349853980341733 0
      vertex 76.72021929300688 8.204510516337196 0
      vertex 76.72021929300688 8.204510516337196 5
    endloop
  endfacet
  facet normal -0.7372773368101248 -0.6755902076156595 1.5913452381335192e-18
    outer loop
      vertex 76.48492424049175 8.48492424049175 0
      vertex 76.60869333054985 8.349853980341733 0
      vertex 76.60869333054985 8.349853980341733 5
    endloop
  endfacet
  facet normal -0.6087614290087068 -0.7933533402912458 0
    outer loop
      vertex 76.34985398034173 8.608693330549855 0
      vertex 76.34985398034173 8.608693330549855 5
      vertex 76.2045105163372 8.720219293006883 0
    endloop
  endfacet
  facet normal -0.8870108331782255 -0.46174861323502664 -4.175002955306956e-19
    outer loop
      vertex 76.81865334794732 8.05 0
      vertex 76.90324635277696 7.887498349655469 0
      vertex 76.90324635277696 7.887498349655469 5
    endloop
  endfacet
  facet normal 0.5372996083468219 0.8433914458128869 0
    outer loop
      vertex 73.95 5.181346652052679 0
      vertex 73.7954894836628 5.279780706993117 5
      vertex 73.95 5.181346652052679 5
    endloop
  endfacet
  facet normal 0.4617486132350521 0.8870108331782122 0
    outer loop
      vertex 74.11250165034453 5.096753647223035 0
      vertex 73.95 5.181346652052679 5
      vertex 74.11250165034453 5.096753647223035 5
    endloop
  endfacet
  facet normal 0.38268343236507896 0.9238795325112912 0
    outer loop
      vertex 74.2817576990161 5.026645496349592 0
      vertex 74.11250165034453 5.096753647223035 5
      vertex 74.2817576990161 5.026645496349592 5
    endloop
  endfacet
  facet normal 0.3007057995042786 0.9537169507482252 0
    outer loop
      vertex 74.4564800052847 4.9715557647929565 0
      vertex 74.2817576990161 5.026645496349592 5
      vertex 74.4564800052847 4.9715557647929565 5
    endloop
  endfacet
  facet normal 0.2164396139381046 0.976296007119933 0
    outer loop
      vertex 74.63533882689944 4.931903718674363 0
      vertex 74.4564800052847 4.9715557647929565 5
      vertex 74.63533882689944 4.931903718674363 5
    endloop
  endfacet
  facet normal 0.1305261922200496 0.9914448613738107 0
    outer loop
      vertex 74.81697294022992 4.907991134007334 0
      vertex 74.63533882689944 4.931903718674363 5
      vertex 74.81697294022992 4.907991134007334 5
    endloop
  endfacet
  facet normal 0.04361938736533235 0.9990482215818579 0
    outer loop
      vertex 75 4.9 0
      vertex 74.81697294022992 4.907991134007334 5
      vertex 75 4.9 5
    endloop
  endfacet
  facet normal 0.9238795325112692 0.38268343236513236 0
    outer loop
      vertex 73.09675364722304 6.112501650344531 0
      vertex 73.02664549634959 6.2817576990160955 5
      vertex 73.09675364722304 6.112501650344531 5
    endloop
  endfacet
  facet normal 0.9762960071199372 0.21643961393808508 0
    outer loop
      vertex 72.97155576479295 6.456480005284707 0
      vertex 72.93190371867436 6.635338826899447 5
      vertex 72.97155576479295 6.456480005284707 5
    endloop
  endfacet
  facet normal 0.9537169507482292 0.3007057995042659 0
    outer loop
      vertex 73.02664549634959 6.2817576990160955 0
      vertex 72.97155576479295 6.456480005284707 5
      vertex 73.02664549634959 6.2817576990160955 5
    endloop
  endfacet
  facet normal 0.8433914458128804 0.5372996083468322 0
    outer loop
      vertex 73.27978070699312 5.795489483662803 0
      vertex 73.18134665205268 5.95 5
      vertex 73.27978070699312 5.795489483662803 5
    endloop
  endfacet
  facet normal 0.7933533402912509 0.6087614290087001 0
    outer loop
      vertex 73.39130666945015 5.650146019658267 0
      vertex 73.27978070699312 5.795489483662803 5
      vertex 73.39130666945015 5.650146019658267 5
    endloop
  endfacet
  facet normal 0.7372773368101248 0.6755902076156595 0
    outer loop
      vertex 73.51507575950825 5.51507575950825 0
      vertex 73.39130666945015 5.650146019658267 5
      vertex 73.51507575950825 5.51507575950825 5
    endloop
  endfacet
  facet normal 0.6087614290087098 0.7933533402912435 0
    outer loop
      vertex 73.7954894836628 5.279780706993117 0
      vertex 73.65014601965827 5.391306669450146 5
      vertex 73.7954894836628 5.279780706993117 5
    endloop
  endfacet
  facet normal 0.6755902076156617 0.7372773368101228 0
    outer loop
      vertex 73.65014601965827 5.391306669450146 0
      vertex 73.51507575950825 5.51507575950825 5
      vertex 73.65014601965827 5.391306669450146 5
    endloop
  endfacet
  facet normal 0.8870108331782244 0.4617486132350286 0
    outer loop
      vertex 73.18134665205268 5.95 0
      vertex 73.09675364722304 6.112501650344531 5
      vertex 73.18134665205268 5.95 5
    endloop
  endfacet
  facet normal 0.991444861373809 0.13052619222006165 0
    outer loop
      vertex 72.93190371867436 6.635338826899447 0
      vertex 72.90799113400733 6.816972940229918 5
      vertex 72.93190371867436 6.635338826899447 5
    endloop
  endfacet
  facet normal 0.9990482215818596 0.043619387365293846 0
    outer loop
      vertex 72.90799113400733 6.816972940229918 0
      vertex 72.9 7 5
      vertex 72.90799113400733 6.816972940229918 5
    endloop
  endfacet
  facet normal 0.9990482215818596 -0.043619387365293846 0
    outer loop
      vertex 72.9 7 0
      vertex 72.90799113400733 7.183027059770082 5
      vertex 72.9 7 5
    endloop
  endfacet
  facet normal 0.991444861373809 -0.13052619222006165 0
    outer loop
      vertex 72.90799113400733 7.183027059770082 0
      vertex 72.93190371867436 7.364661173100553 5
      vertex 72.90799113400733 7.183027059770082 5
    endloop
  endfacet
  facet normal 0.9762960071199372 -0.21643961393808508 0
    outer loop
      vertex 72.93190371867436 7.364661173100553 0
      vertex 72.97155576479295 7.543519994715293 5
      vertex 72.93190371867436 7.364661173100553 5
    endloop
  endfacet
  facet normal 0.9537169507482292 -0.3007057995042659 0
    outer loop
      vertex 72.97155576479295 7.543519994715293 0
      vertex 73.02664549634959 7.7182423009839045 5
      vertex 72.97155576479295 7.543519994715293 5
    endloop
  endfacet
  facet normal 0.9238795325112692 -0.38268343236513236 0
    outer loop
      vertex 73.02664549634959 7.7182423009839045 0
      vertex 73.09675364722304 7.887498349655469 5
      vertex 73.02664549634959 7.7182423009839045 5
    endloop
  endfacet
  facet normal 0.8870108331782255 -0.46174861323502664 0
    outer loop
      vertex 73.09675364722304 7.887498349655469 0
      vertex 73.18134665205268 8.05 5
      vertex 73.09675364722304 7.887498349655469 5
    endloop
  endfacet
  facet normal 0.8433914458128776 -0.5372996083468367 0
    outer loop
      vertex 73.18134665205268 8.05 0
      vertex 73.27978070699312 8.204510516337196 5
      vertex 73.18134665205268 8.05 5
    endloop
  endfacet
  facet normal 0.7933533402912527 -0.6087614290086979 0
    outer loop
      vertex 73.27978070699312 8.204510516337196 0
      vertex 73.39130666945015 8.349853980341733 5
      vertex 73.27978070699312 8.204510516337196 5
    endloop
  endfacet
  facet normal 0.7372773368101248 -0.6755902076156595 0
    outer loop
      vertex 73.39130666945015 8.349853980341733 0
      vertex 73.51507575950825 8.48492424049175 5
      vertex 73.39130666945015 8.349853980341733 5
    endloop
  endfacet
  facet normal 0.6755902076156644 -0.7372773368101203 0
    outer loop
      vertex 73.51507575950825 8.48492424049175 0
      vertex 73.65014601965827 8.608693330549855 5
      vertex 73.51507575950825 8.48492424049175 5
    endloop
  endfacet
  facet normal 0.6087614290087068 -0.7933533402912458 0
    outer loop
      vertex 73.65014601965827 8.608693330549855 0
      vertex 73.7954894836628 8.720219293006883 5
      vertex 73.65014601965827 8.608693330549855 5
    endloop
  endfacet
  facet normal 0.5372996083468253 -0.8433914458128847 0
    outer loop
      vertex 73.7954894836628 8.720219293006883 0
      vertex 73.95 8.818653347947322 5
      vertex 73.7954894836628 8.720219293006883 5
    endloop
  endfacet
  facet normal 0.46174861323504446 -0.8870108331782162 0
    outer loop
      vertex 73.95 8.818653347947322 0
      vertex 74.11250165034453 8.903246352776964 5
      vertex 73.95 8.818653347947322 5
    endloop
  endfacet
  facet normal 0.38268343236507896 -0.9238795325112912 0
    outer loop
      vertex 74.11250165034453 8.903246352776964 0
      vertex 74.2817576990161 8.973354503650407 5
      vertex 74.11250165034453 8.903246352776964 5
    endloop
  endfacet
  facet normal 0.30070579950428306 -0.9537169507482238 0
    outer loop
      vertex 74.2817576990161 8.973354503650407 0
      vertex 74.4564800052847 9.028444235207044 5
      vertex 74.2817576990161 8.973354503650407 5
    endloop
  endfacet
  facet normal 0.2164396139381046 -0.976296007119933 0
    outer loop
      vertex 74.4564800052847 9.028444235207044 0
      vertex 74.63533882689944 9.068096281325637 5
      vertex 74.4564800052847 9.028444235207044 5
    endloop
  endfacet
  facet normal 0.1305261922200496 -0.9914448613738107 0
    outer loop
      vertex 74.63533882689944 9.068096281325637 0
      vertex 74.81697294022992 9.092008865992666 5
      vertex 74.63533882689944 9.068096281325637 5
    endloop
  endfacet
  facet normal 0.04361938736533235 -0.9990482215818579 0
    outer loop
      vertex 74.81697294022992 9.092008865992666 0
      vertex 75 9.1 5
      vertex 74.81697294022992 9.092008865992666 5
    endloop
  endfacet
  facet normal -0.04361938736533235 0.9990482215818579 0
    outer loop
      vertex 75.18302705977008 4.907991134007334 0
      vertex 75 4.9 5
      vertex 75.18302705977008 4.907991134007334 5
    endloop
  endfacet
  facet normal -0.1305261922200496 0.9914448613738107 0
    outer loop
      vertex 75.36466117310056 4.931903718674363 0
      vertex 75.18302705977008 4.907991134007334 5
      vertex 75.36466117310056 4.931903718674363 5
    endloop
  endfacet
  facet normal -0.2164396139381046 0.976296007119933 0
    outer loop
      vertex 75.5435199947153 4.9715557647929565 0
      vertex 75.36466117310056 4.931903718674363 5
      vertex 75.5435199947153 4.9715557647929565 5
    endloop
  endfacet
  facet normal -0.3007057995042786 0.9537169507482252 0
    outer loop
      vertex 75.7182423009839 5.026645496349592 0
      vertex 75.5435199947153 4.9715557647929565 5
      vertex 75.7182423009839 5.026645496349592 5
    endloop
  endfacet
  facet normal -0.38268343236507896 0.9238795325112912 0
    outer loop
      vertex 75.88749834965547 5.096753647223035 0
      vertex 75.7182423009839 5.026645496349592 5
      vertex 75.88749834965547 5.096753647223035 5
    endloop
  endfacet
  facet normal -0.4617486132350521 0.8870108331782122 0
    outer loop
      vertex 76.05 5.181346652052679 0
      vertex 75.88749834965547 5.096753647223035 5
      vertex 76.05 5.181346652052679 5
    endloop
  endfacet
  facet normal -0.5372996083468219 0.8433914458128869 0
    outer loop
      vertex 76.2045105163372 5.279780706993117 0
      vertex 76.05 5.181346652052679 5
      vertex 76.2045105163372 5.279780706993117 5
    endloop
  endfacet
  facet normal -0.6087614290087098 0.7933533402912435 0
    outer loop
      vertex 76.34985398034173 5.391306669450146 0
      vertex 76.2045105163372 5.279780706993117 5
      vertex 76.34985398034173 5.391306669450146 5
    endloop
  endfacet
  facet normal -0.6755902076156617 0.7372773368101228 0
    outer loop
      vertex 76.48492424049175 5.51507575950825 0
      vertex 76.34985398034173 5.391306669450146 5
      vertex 76.48492424049175 5.51507575950825 5
    endloop
  endfacet
  facet normal -0.7372773368101248 0.6755902076156595 0
    outer loop
      vertex 76.60869333054985 5.650146019658267 0
      vertex 76.48492424049175 5.51507575950825 5
      vertex 76.60869333054985 5.650146019658267 5
    endloop
  endfacet
  facet normal -0.7933533402912509 0.6087614290087001 0
    outer loop
      vertex 76.72021929300688 5.795489483662803 0
      vertex 76.60869333054985 5.650146019658267 5
      vertex 76.72021929300688 5.795489483662803 5
    endloop
  endfacet
  facet normal -0.8433914458128804 0.5372996083468322 0
    outer loop
      vertex 76.81865334794732 5.95 0
      vertex 76.72021929300688 5.795489483662803 5
      vertex 76.81865334794732 5.95 5
    endloop
  endfacet
  facet normal -0.8870108331782244 0.4617486132350286 0
    outer loop
      vertex 76.90324635277696 6.112501650344531 0
      vertex 76.81865334794732 5.95 5
      vertex 76.90324635277696 6.112501650344531 5
    endloop
  endfacet
  facet normal -0.9238795325112692 0.38268343236513236 0
    outer loop
      vertex 76.97335450365041 6.2817576990160955 0
      vertex 76.90324635277696 6.112501650344531 5
      vertex 76.97335450365041 6.2817576990160955 5
    endloop
  endfacet
  facet normal -0.9537169507482292 0.3007057995042659 0
    outer loop
      vertex 77.02844423520705 6.456480005284707 0
      vertex 76.97335450365041 6.2817576990160955 5
      vertex 77.02844423520705 6.456480005284707 5
    endloop
  endfacet
  facet normal -0.9762960071199372 0.21643961393808508 0
    outer loop
      vertex 77.06809628132564 6.635338826899447 0
      vertex 77.02844423520705 6.456480005284707 5
      vertex 77.06809628132564 6.635338826899447 5
    endloop
  endfacet
  facet normal -0.991444861373809 0.13052619222006165 0
    outer loop
      vertex 77.09200886599267 6.816972940229918 0
      vertex 77.06809628132564 6.635338826899447 5
      vertex 77.09200886599267 6.816972940229918 5
    endloop
  endfacet
  facet normal -0.9990482215818596 0.043619387365293846 0
    outer loop
      vertex 77.1 7 0
      vertex 77.09200886599267 6.816972940229918 5
      vertex 77.1 7 5
    endloop
  endfacet
  facet normal -0.9990482215818596 -0.043619387365293846 0
    outer loop
      vertex 77.09200886599267 7.183027059770082 0
      vertex 77.1 7 5
      vertex 77.09200886599267 7.183027059770082 5
    endloop
  endfacet
  facet normal -0.991444861373809 -0.13052619222006165 0
    outer loop
      vertex 77.06809628132564 7.364661173100553 0
      vertex 77.09200886599267 7.183027059770082 5
      vertex 77.06809628132564 7.364661173100553 5
    endloop
  endfacet
  facet normal -0.9762960071199372 -0.21643961393808508 0
    outer loop
      vertex 77.02844423520705 7.543519994715293 0
      vertex 77.06809628132564 7.364661173100553 5
      vertex 77.02844423520705 7.543519994715293 5
    endloop
  endfacet
  facet normal -0.9537169507482292 -0.3007057995042659 0
    outer loop
      vertex 76.97335450365041 7.7182423009839045 0
      vertex 77.02844423520705 7.543519994715293 5
      vertex 76.97335450365041 7.7182423009839045 5
    endloop
  endfacet
  facet normal -0.9238795325112692 -0.38268343236513236 0
    outer loop
      vertex 76.90324635277696 7.887498349655469 0
      vertex 76.97335450365041 7.7182423009839045 5
      vertex 76.90324635277696 7.887498349655469 5
    endloop
  endfacet
  facet normal -0.04361938736533235 -0.9990482215818579 0
    outer loop
      vertex 75 9.1 0
      vertex 75.18302705977008 9.092008865992666 5
      vertex 75 9.1 5
    endloop
  endfacet
  facet normal -0.1305261922200496 -0.9914448613738107 0
    outer loop
      vertex 75.18302705977008 9.092008865992666 0
      vertex 75.36466117310056 9.068096281325637 5
      vertex 75.18302705977008 9.092008865992666 5
    endloop
  endfacet
  facet normal -0.2164396139381046 -0.976296007119933 0
    outer loop
      vertex 75.36466117310056 9.068096281325637 0
      vertex 75.5435199947153 9.028444235207044 5
      vertex 75.36466117310056 9.068096281325637 5
    endloop
  endfacet
  facet normal -0.30070579950428306 -0.9537169507482238 0
    outer loop
      vertex 75.5435199947153 9.028444235207044 0
      vertex 75.7182423009839 8.973354503650407 5
      vertex 75.5435199947153 9.028444235207044 5
    endloop
  endfacet
  facet normal -0.38268343236507896 -0.9238795325112912 0
    outer loop
      vertex 75.7182423009839 8.973354503650407 0
      vertex 75.88749834965547 8.903246352776964 5
      vertex 75.7182423009839 8.973354503650407 5
    endloop
  endfacet
  facet normal -0.5372996083468253 -0.8433914458128847 0
    outer loop
      vertex 76.05 8.818653347947322 0
      vertex 76.2045105163372 8.720219293006883 5
      vertex 76.05 8.818653347947322 5
    endloop
  endfacet
  facet normal -0.46174861323504446 -0.8870108331782162 0
    outer loop
      vertex 75.88749834965547 8.903246352776964 0
      vertex 76.05 8.818653347947322 5
      vertex 75.88749834965547 8.903246352776964 5
    endloop
  endfacet
  facet normal -0.7372773368101248 -0.6755902076156595 0
    outer loop
      vertex 76.48492424049175 8.48492424049175 0
      vertex 76.60869333054985 8.349853980341733 5
      vertex 76.48492424049175 8.48492424049175 5
    endloop
  endfacet
  facet normal -0.8870108331782255 -0.46174861323502664 0
    outer loop
      vertex 76.81865334794732 8.05 0
      vertex 76.90324635277696 7.887498349655469 5
      vertex 76.81865334794732 8.05 5
    endloop
  endfacet
  facet normal -0.8433914458128776 -0.5372996083468367 0
    outer loop
      vertex 76.72021929300688 8.204510516337196 0
      vertex 76.81865334794732 8.05 5
      vertex 76.72021929300688 8.204510516337196 5
    endloop
  endfacet
  facet normal -0.7933533402912527 -0.6087614290086979 0
    outer loop
      vertex 76.60869333054985 8.349853980341733 0
      vertex 76.72021929300688 8.204510516337196 5
      vertex 76.60869333054985 8.349853980341733 5
    endloop
  endfacet
  facet normal -0.6087614290087068 -0.7933533402912458 0
    outer loop
      vertex 76.2045105163372 8.720219293006883 0
      vertex 76.34985398034173 8.608693330549855 5
      vertex 76.2045105163372 8.720219293006883 5
    endloop
  endfacet
  facet normal -0.6755902076156644 -0.7372773368101203 0
    outer loop
      vertex 76.34985398034173 8.608693330549855 0
      vertex 76.48492424049175 8.48492424049175 5
      vertex 76.34985398034173 8.608693330549855 5
    endloop
  endfacet
  facet normal 0.8870108331782162 0.46174861323504446 -7.876104099946832e-19
    outer loop
      vertex 73.18134665205268 75.95 0
      vertex 73.09675364722304 76.11250165034453 0
      vertex 73.09675364722304 76.11250165034453 5
    endloop
  endfacet
  facet normal 0.6087614290086885 0.7933533402912598 0
    outer loop
      vertex 73.65014601965827 75.39130666945015 0
      vertex 73.65014601965827 75.39130666945015 5
      vertex 73.7954894836628 75.27978070699312 0
    endloop
  endfacet
  facet normal 0.7372773368101203 0.6755902076156644 -7.956834335972495e-19
    outer loop
      vertex 73.51507575950825 75.51507575950825 0
      vertex 73.39130666945015 75.65014601965827 0
      vertex 73.39130666945015 75.65014601965827 5
    endloop
  endfacet
  facet normal 0.7933533402912598 0.6087614290086885 -2.090704456371591e-19
    outer loop
      vertex 73.39130666945015 75.65014601965827 0
      vertex 73.27978070699312 75.7954894836628 0
      vertex 73.27978070699312 75.7954894836628 5
    endloop
  endfacet
  facet normal 0.8433914458128804 0.5372996083468322 4.0165028575799914e-19
    outer loop
      vertex 73.27978070699312 75.7954894836628 0
      vertex 73.18134665205268 75.95 0
      vertex 73.18134665205268 75.95 5
    endloop
  endfacet
  facet normal 0.6755902076156644 0.7372773368101203 -7.956834335972495e-19
    outer loop
      vertex 73.65014601965827 75.39130666945015 0
      vertex 73.51507575950825 75.51507575950825 0
      vertex 73.51507575950825 75.51507575950825 5
    endloop
  endfacet
  facet normal 0.5372996083468322 0.8433914458128804 0
    outer loop
      vertex 73.7954894836628 75.27978070699312 0
      vertex 73.7954894836628 75.27978070699312 5
      vertex 73.95 75.18134665205268 0
    endloop
  endfacet
  facet normal 0.46174861323504446 0.8870108331782162 0
    outer loop
      vertex 73.95 75.18134665205268 0
      vertex 73.95 75.18134665205268 5
      vertex 74.11250165034453 75.09675364722304 0
    endloop
  endfacet
  facet normal 0.3826834323651203 0.9238795325112741 0
    outer loop
      vertex 74.11250165034453 75.09675364722304 0
      vertex 74.11250165034453 75.09675364722304 5
      vertex 74.2817576990161 75.02664549634959 0
    endloop
  endfacet
  facet normal 0.30070579950427423 0.9537169507482266 0
    outer loop
      vertex 74.2817576990161 75.02664549634959 0
      vertex 74.2817576990161 75.02664549634959 5
      vertex 74.4564800052847 74.97155576479295 0
    endloop
  endfacet
  facet normal 0.2164396139380861 0.976296007119937 0
    outer loop
      vertex 74.4564800052847 74.97155576479295 0
      vertex 74.4564800052847 74.97155576479295 5
      vertex 74.63533882689944 74.93190371867436 0
    endloop
  endfacet
  facet normal 0.13052619222005912 0.9914448613738094 0
    outer loop
      vertex 74.63533882689944 74.93190371867436 0
      vertex 74.63533882689944 74.93190371867436 5
      vertex 74.81697294022992 74.90799113400733 0
    endloop
  endfacet
  facet normal 0.043619387365293645 0.9990482215818597 0
    outer loop
      vertex 74.81697294022992 74.90799113400733 0
      vertex 74.81697294022992 74.90799113400733 5
      vertex 75 74.9 0
    endloop
  endfacet
  facet normal 0.9238795325112741 0.3826834323651203 -4.2688947438590494e-19
    outer loop
      vertex 73.09675364722304 76.11250165034453 0
      vertex 73.02664549634959 76.2817576990161 0
      vertex 73.02664549634959 76.2817576990161 5
    endloop
  endfacet
  facet normal 0.9537169507482266 0.30070579950427423 -2.7971839568286084e-19
    outer loop
      vertex 73.02664549634959 76.2817576990161 0
      vertex 72.97155576479295 76.4564800052847 0
      vertex 72.97155576479295 76.4564800052847 5
    endloop
  endfacet
  facet normal 0.976296007119937 0.2164396139380861 2.65365344111076e-19
    outer loop
      vertex 72.97155576479295 76.4564800052847 0
      vertex 72.93190371867436 76.63533882689944 0
      vertex 72.93190371867436 76.63533882689944 5
    endloop
  endfacet
  facet normal 0.9914448613738094 0.13052619222005912 -3.292748870337407e-19
    outer loop
      vertex 72.93190371867436 76.63533882689944 0
      vertex 72.90799113400733 76.81697294022992 0
      vertex 72.90799113400733 76.81697294022992 5
    endloop
  endfacet
  facet normal 0.9990482215818597 0.043619387365293645 -2.0375872488533182e-20
    outer loop
      vertex 72.90799113400733 76.81697294022992 0
      vertex 72.9 77 0
      vertex 72.9 77 5
    endloop
  endfacet
  facet normal 0.9990482215818597 -0.043619387365293645 2.0375872488533182e-20
    outer loop
      vertex 72.9 77 0
      vertex 72.90799113400733 77.18302705977008 0
      vertex 72.90799113400733 77.18302705977008 5
    endloop
  endfacet
  facet normal 0.9914448613738094 -0.13052619222005912 3.292748870337407e-19
    outer loop
      vertex 72.90799113400733 77.18302705977008 0
      vertex 72.93190371867436 77.36466117310056 0
      vertex 72.93190371867436 77.36466117310056 5
    endloop
  endfacet
  facet normal 0.976296007119937 -0.2164396139380861 -2.65365344111076e-19
    outer loop
      vertex 72.93190371867436 77.36466117310056 0
      vertex 72.97155576479295 77.5435199947153 0
      vertex 72.97155576479295 77.5435199947153 5
    endloop
  endfacet
  facet normal 0.9537169507482266 -0.30070579950427423 2.7971839568286084e-19
    outer loop
      vertex 72.97155576479295 77.5435199947153 0
      vertex 73.02664549634959 77.7182423009839 0
      vertex 73.02664549634959 77.7182423009839 5
    endloop
  endfacet
  facet normal 0.9238795325112741 -0.3826834323651203 4.2688947438590494e-19
    outer loop
      vertex 73.02664549634959 77.7182423009839 0
      vertex 73.09675364722304 77.88749834965547 0
      vertex 73.09675364722304 77.88749834965547 5
    endloop
  endfacet
  facet normal 0.8870108331782162 -0.46174861323504446 7.876104099946832e-19
    outer loop
      vertex 73.09675364722304 77.88749834965547 0
      vertex 73.18134665205268 78.05 0
      vertex 73.18134665205268 78.05 5
    endloop
  endfacet
  facet normal 0.8433914458128804 -0.5372996083468322 -4.0165028575799914e-19
    outer loop
      vertex 73.18134665205268 78.05 0
      vertex 73.27978070699312 78.2045105163372 0
      vertex 73.27978070699312 78.2045105163372 5
    endloop
  endfacet
  facet normal 0.7933533402912598 -0.6087614290086885 2.090704456371591e-19
    outer loop
      vertex 73.27978070699312 78.2045105163372 0
      vertex 73.39130666945015 78.34985398034173 0
      vertex 73.39130666945015 78.34985398034173 5
    endloop
  endfacet
  facet normal 0.7372773368101203 -0.6755902076156644 7.956834335972495e-19
    outer loop
      vertex 73.39130666945015 78.34985398034173 0
      vertex 73.51507575950825 78.48492424049175 0
      vertex 73.51507575950825 78.48492424049175 5
    endloop
  endfacet
  facet normal 0.6755902076156644 -0.7372773368101203 0
    outer loop
      vertex 73.65014601965827 78.60869333054985 0
      vertex 73.65014601965827 78.60869333054985 5
      vertex 73.51507575950825 78.48492424049175 0
    endloop
  endfacet
  facet normal 0.6087614290086885 -0.7933533402912598 0
    outer loop
      vertex 73.7954894836628 78.72021929300688 0
      vertex 73.7954894836628 78.72021929300688 5
      vertex 73.65014601965827 78.60869333054985 0
    endloop
  endfacet
  facet normal 0.5372996083468322 -0.8433914458128804 0
    outer loop
      vertex 73.95 78.81865334794732 0
      vertex 73.95 78.81865334794732 5
      vertex 73.7954894836628 78.72021929300688 0
    endloop
  endfacet
  facet normal 0.46174861323504446 -0.8870108331782162 0
    outer loop
      vertex 74.11250165034453 78.90324635277696 0
      vertex 74.11250165034453 78.90324635277696 5
      vertex 73.95 78.81865334794732 0
    endloop
  endfacet
  facet normal 0.3826834323651203 -0.9238795325112741 0
    outer loop
      vertex 74.2817576990161 78.97335450365041 0
      vertex 74.2817576990161 78.97335450365041 5
      vertex 74.11250165034453 78.90324635277696 0
    endloop
  endfacet
  facet normal 0.30070579950427423 -0.9537169507482266 0
    outer loop
      vertex 74.4564800052847 79.02844423520705 0
      vertex 74.4564800052847 79.02844423520705 5
      vertex 74.2817576990161 78.97335450365041 0
    endloop
  endfacet
  facet normal 0.2164396139380861 -0.976296007119937 0
    outer loop
      vertex 74.63533882689944 79.06809628132564 0
      vertex 74.63533882689944 79.06809628132564 5
      vertex 74.4564800052847 79.02844423520705 0
    endloop
  endfacet
  facet normal 0.13052619222005912 -0.9914448613738094 0
    outer loop
      vertex 74.81697294022992 79.09200886599267 0
      vertex 74.81697294022992 79.09200886599267 5
      vertex 74.63533882689944 79.06809628132564 0
    endloop
  endfacet
  facet normal 0.043619387365293645 -0.9990482215818597 0
    outer loop
      vertex 75 79.1 0
      vertex 75 79.1 5
      vertex 74.81697294022992 79.09200886599267 0
    endloop
  endfacet
  facet normal -0.043619387365293645 0.9990482215818597 0
    outer loop
      vertex 75 74.9 0
      vertex 75 74.9 5
      vertex 75.18302705977008 74.90799113400733 0
    endloop
  endfacet
  facet normal -0.13052619222005912 0.9914448613738094 0
    outer loop
      vertex 75.18302705977008 74.90799113400733 0
      vertex 75.18302705977008 74.90799113400733 5
      vertex 75.36466117310056 74.93190371867436 0
    endloop
  endfacet
  facet normal -0.2164396139380861 0.976296007119937 0
    outer loop
      vertex 75.36466117310056 74.93190371867436 0
      vertex 75.36466117310056 74.93190371867436 5
      vertex 75.5435199947153 74.97155576479295 0
    endloop
  endfacet
  facet normal -0.30070579950427423 0.9537169507482266 0
    outer loop
      vertex 75.5435199947153 74.97155576479295 0
      vertex 75.5435199947153 74.97155576479295 5
      vertex 75.7182423009839 75.02664549634959 0
    endloop
  endfacet
  facet normal -0.3826834323651203 0.9238795325112741 0
    outer loop
      vertex 75.7182423009839 75.02664549634959 0
      vertex 75.7182423009839 75.02664549634959 5
      vertex 75.88749834965547 75.09675364722304 0
    endloop
  endfacet
  facet normal -0.46174861323504446 0.8870108331782162 0
    outer loop
      vertex 75.88749834965547 75.09675364722304 0
      vertex 75.88749834965547 75.09675364722304 5
      vertex 76.05 75.18134665205268 0
    endloop
  endfacet
  facet normal -0.5372996083468322 0.8433914458128804 0
    outer loop
      vertex 76.05 75.18134665205268 0
      vertex 76.05 75.18134665205268 5
      vertex 76.2045105163372 75.27978070699312 0
    endloop
  endfacet
  facet normal -0.6087614290086885 0.7933533402912598 0
    outer loop
      vertex 76.2045105163372 75.27978070699312 0
      vertex 76.2045105163372 75.27978070699312 5
      vertex 76.34985398034173 75.39130666945015 0
    endloop
  endfacet
  facet normal -0.6755902076156644 0.7372773368101203 0
    outer loop
      vertex 76.34985398034173 75.39130666945015 0
      vertex 76.34985398034173 75.39130666945015 5
      vertex 76.48492424049175 75.51507575950825 0
    endloop
  endfacet
  facet normal -0.7372773368101203 0.6755902076156644 0
    outer loop
      vertex 76.48492424049175 75.51507575950825 0
      vertex 76.48492424049175 75.51507575950825 5
      vertex 76.60869333054985 75.65014601965827 0
    endloop
  endfacet
  facet normal -0.7933533402912598 0.6087614290086885 2.090704456371591e-19
    outer loop
      vertex 76.72021929300688 75.7954894836628 0
      vertex 76.60869333054985 75.65014601965827 0
      vertex 76.60869333054985 75.65014601965827 5
    endloop
  endfacet
  facet normal -0.8433914458128804 0.5372996083468322 -4.0165028575799914e-19
    outer loop
      vertex 76.81865334794732 75.95 0
      vertex 76.72021929300688 75.7954894836628 0
      vertex 76.72021929300688 75.7954894836628 5
    endloop
  endfacet
  facet normal -0.8870108331782162 0.46174861323504446 7.876104099946832e-19
    outer loop
      vertex 76.90324635277696 76.11250165034453 0
      vertex 76.81865334794732 75.95 0
      vertex 76.81865334794732 75.95 5
    endloop
  endfacet
  facet normal -0.9238795325112741 0.3826834323651203 4.2688947438590494e-19
    outer loop
      vertex 76.97335450365041 76.2817576990161 0
      vertex 76.90324635277696 76.11250165034453 0
      vertex 76.90324635277696 76.11250165034453 5
    endloop
  endfacet
  facet normal -0.9537169507482266 0.30070579950427423 2.7971839568286084e-19
    outer loop
      vertex 77.02844423520705 76.4564800052847 0
      vertex 76.97335450365041 76.2817576990161 0
      vertex 76.97335450365041 76.2817576990161 5
    endloop
  endfacet
  facet normal -0.976296007119937 0.2164396139380861 -2.65365344111076e-19
    outer loop
      vertex 77.06809628132564 76.63533882689944 0
      vertex 77.02844423520705 76.4564800052847 0
      vertex 77.02844423520705 76.4564800052847 5
    endloop
  endfacet
  facet normal -0.9914448613738094 0.13052619222005912 3.292748870337407e-19
    outer loop
      vertex 77.09200886599267 76.81697294022992 0
      vertex 77.06809628132564 76.63533882689944 0
      vertex 77.06809628132564 76.63533882689944 5
    endloop
  endfacet
  facet normal -0.9990482215818597 0.043619387365293645 0
    outer loop
      vertex 77.09200886599267 76.81697294022992 0
      vertex 77.09200886599267 76.81697294022992 5
      vertex 77.1 77 0
    endloop
  endfacet
  facet normal -0.9990482215818597 -0.043619387365293645 0
    outer loop
      vertex 77.1 77 0
      vertex 77.1 77 5
      vertex 77.09200886599267 77.18302705977008 0
    endloop
  endfacet
  facet normal -0.9914448613738094 -0.13052619222005912 -3.292748870337407e-19
    outer loop
      vertex 77.06809628132564 77.36466117310056 0
      vertex 77.09200886599267 77.18302705977008 0
      vertex 77.09200886599267 77.18302705977008 5
    endloop
  endfacet
  facet normal -0.976296007119937 -0.2164396139380861 2.65365344111076e-19
    outer loop
      vertex 77.02844423520705 77.5435199947153 0
      vertex 77.06809628132564 77.36466117310056 0
      vertex 77.06809628132564 77.36466117310056 5
    endloop
  endfacet
  facet normal -0.6087614290086885 -0.7933533402912598 0
    outer loop
      vertex 76.34985398034173 78.60869333054985 0
      vertex 76.34985398034173 78.60869333054985 5
      vertex 76.2045105163372 78.72021929300688 0
    endloop
  endfacet
  facet normal -0.6755902076156644 -0.7372773368101203 0
    outer loop
      vertex 76.48492424049175 78.48492424049175 0
      vertex 76.48492424049175 78.48492424049175 5
      vertex 76.34985398034173 78.60869333054985 0
    endloop
  endfacet
  facet normal -0.7933533402912598 -0.6087614290086885 -2.090704456371591e-19
    outer loop
      vertex 76.60869333054985 78.34985398034173 0
      vertex 76.72021929300688 78.2045105163372 0
      vertex 76.72021929300688 78.2045105163372 5
    endloop
  endfacet
  facet normal -0.7372773368101203 -0.6755902076156644 -7.956834335972495e-19
    outer loop
      vertex 76.48492424049175 78.48492424049175 0
      vertex 76.60869333054985 78.34985398034173 0
      vertex 76.60869333054985 78.34985398034173 5
    endloop
  endfacet
  facet normal -0.8433914458128804 -0.5372996083468322 4.0165028575799914e-19
    outer loop
      vertex 76.72021929300688 78.2045105163372 0
      vertex 76.81865334794732 78.05 0
      vertex 76.81865334794732 78.05 5
    endloop
  endfacet
  facet normal -0.9537169507482266 -0.30070579950427423 -2.7971839568286084e-19
    outer loop
      vertex 76.97335450365041 77.7182423009839 0
      vertex 77.02844423520705 77.5435199947153 0
      vertex 77.02844423520705 77.5435199947153 5
    endloop
  endfacet
  facet normal -0.9238795325112741 -0.3826834323651203 -4.2688947438590494e-19
    outer loop
      vertex 76.90324635277696 77.88749834965547 0
      vertex 76.97335450365041 77.7182423009839 0
      vertex 76.97335450365041 77.7182423009839 5
    endloop
  endfacet
  facet normal -0.8870108331782162 -0.46174861323504446 -7.876104099946832e-19
    outer loop
      vertex 76.81865334794732 78.05 0
      vertex 76.90324635277696 77.88749834965547 0
      vertex 76.90324635277696 77.88749834965547 5
    endloop
  endfacet
  facet normal -0.13052619222005912 -0.9914448613738094 0
    outer loop
      vertex 75.36466117310056 79.06809628132564 0
      vertex 75.36466117310056 79.06809628132564 5
      vertex 75.18302705977008 79.09200886599267 0
    endloop
  endfacet
  facet normal -0.043619387365293645 -0.9990482215818597 0
    outer loop
      vertex 75.18302705977008 79.09200886599267 0
      vertex 75.18302705977008 79.09200886599267 5
      vertex 75 79.1 0
    endloop
  endfacet
  facet normal -0.2164396139380861 -0.976296007119937 0
    outer loop
      vertex 75.5435199947153 79.02844423520705 0
      vertex 75.5435199947153 79.02844423520705 5
      vertex 75.36466117310056 79.06809628132564 0
    endloop
  endfacet
  facet normal -0.30070579950427423 -0.9537169507482266 0
    outer loop
      vertex 75.7182423009839 78.97335450365041 0
      vertex 75.7182423009839 78.97335450365041 5
      vertex 75.5435199947153 79.02844423520705 0
    endloop
  endfacet
  facet normal -0.3826834323651203 -0.9238795325112741 0
    outer loop
      vertex 75.88749834965547 78.90324635277696 0
      vertex 75.88749834965547 78.90324635277696 5
      vertex 75.7182423009839 78.97335450365041 0
    endloop
  endfacet
  facet normal -0.46174861323504446 -0.8870108331782162 0
    outer loop
      vertex 76.05 78.81865334794732 0
      vertex 76.05 78.81865334794732 5
      vertex 75.88749834965547 78.90324635277696 0
    endloop
  endfacet
  facet normal -0.5372996083468322 -0.8433914458128804 0
    outer loop
      vertex 76.2045105163372 78.72021929300688 0
      vertex 76.2045105163372 78.72021929300688 5
      vertex 76.05 78.81865334794732 0
    endloop
  endfacet
  facet normal 0.6755902076156644 0.7372773368101203 0
    outer loop
      vertex 73.65014601965827 75.39130666945015 0
      vertex 73.51507575950825 75.51507575950825 5
      vertex 73.65014601965827 75.39130666945015 5
    endloop
  endfacet
  facet normal 0.6087614290086885 0.7933533402912598 0
    outer loop
      vertex 73.7954894836628 75.27978070699312 0
      vertex 73.65014601965827 75.39130666945015 5
      vertex 73.7954894836628 75.27978070699312 5
    endloop
  endfacet
  facet normal 0.7933533402912598 0.6087614290086885 0
    outer loop
      vertex 73.39130666945015 75.65014601965827 0
      vertex 73.27978070699312 75.7954894836628 5
      vertex 73.39130666945015 75.65014601965827 5
    endloop
  endfacet
  facet normal 0.8433914458128804 0.5372996083468322 0
    outer loop
      vertex 73.27978070699312 75.7954894836628 0
      vertex 73.18134665205268 75.95 5
      vertex 73.27978070699312 75.7954894836628 5
    endloop
  endfacet
  facet normal 0.8870108331782162 0.46174861323504446 0
    outer loop
      vertex 73.18134665205268 75.95 0
      vertex 73.09675364722304 76.11250165034453 5
      vertex 73.18134665205268 75.95 5
    endloop
  endfacet
  facet normal 0.7372773368101203 0.6755902076156644 0
    outer loop
      vertex 73.51507575950825 75.51507575950825 0
      vertex 73.39130666945015 75.65014601965827 5
      vertex 73.51507575950825 75.51507575950825 5
    endloop
  endfacet
  facet normal 0.46174861323504446 0.8870108331782162 0
    outer loop
      vertex 74.11250165034453 75.09675364722304 0
      vertex 73.95 75.18134665205268 5
      vertex 74.11250165034453 75.09675364722304 5
    endloop
  endfacet
  facet normal 0.5372996083468322 0.8433914458128804 0
    outer loop
      vertex 73.95 75.18134665205268 0
      vertex 73.7954894836628 75.27978070699312 5
      vertex 73.95 75.18134665205268 5
    endloop
  endfacet
  facet normal 0.3826834323651203 0.9238795325112741 0
    outer loop
      vertex 74.2817576990161 75.02664549634959 0
      vertex 74.11250165034453 75.09675364722304 5
      vertex 74.2817576990161 75.02664549634959 5
    endloop
  endfacet
  facet normal 0.30070579950427423 0.9537169507482266 0
    outer loop
      vertex 74.4564800052847 74.97155576479295 0
      vertex 74.2817576990161 75.02664549634959 5
      vertex 74.4564800052847 74.97155576479295 5
    endloop
  endfacet
  facet normal 0.2164396139380861 0.976296007119937 0
    outer loop
      vertex 74.63533882689944 74.93190371867436 0
      vertex 74.4564800052847 74.97155576479295 5
      vertex 74.63533882689944 74.93190371867436 5
    endloop
  endfacet
  facet normal 0.13052619222005912 0.9914448613738094 0
    outer loop
      vertex 74.81697294022992 74.90799113400733 0
      vertex 74.63533882689944 74.93190371867436 5
      vertex 74.81697294022992 74.90799113400733 5
    endloop
  endfacet
  facet normal 0.043619387365293645 0.9990482215818597 0
    outer loop
      vertex 75 74.9 0
      vertex 74.81697294022992 74.90799113400733 5
      vertex 75 74.9 5
    endloop
  endfacet
  facet normal 0.9238795325112741 0.3826834323651203 0
    outer loop
      vertex 73.09675364722304 76.11250165034453 0
      vertex 73.02664549634959 76.2817576990161 5
      vertex 73.09675364722304 76.11250165034453 5
    endloop
  endfacet
  facet normal 0.9537169507482266 0.30070579950427423 0
    outer loop
      vertex 73.02664549634959 76.2817576990161 0
      vertex 72.97155576479295 76.4564800052847 5
      vertex 73.02664549634959 76.2817576990161 5
    endloop
  endfacet
  facet normal 0.976296007119937 0.2164396139380861 0
    outer loop
      vertex 72.97155576479295 76.4564800052847 0
      vertex 72.93190371867436 76.63533882689944 5
      vertex 72.97155576479295 76.4564800052847 5
    endloop
  endfacet
  facet normal 0.9914448613738094 0.13052619222005912 0
    outer loop
      vertex 72.93190371867436 76.63533882689944 0
      vertex 72.90799113400733 76.81697294022992 5
      vertex 72.93190371867436 76.63533882689944 5
    endloop
  endfacet
  facet normal 0.9990482215818597 0.043619387365293645 0
    outer loop
      vertex 72.90799113400733 76.81697294022992 0
      vertex 72.9 77 5
      vertex 72.90799113400733 76.81697294022992 5
    endloop
  endfacet
  facet normal 0.9990482215818597 -0.043619387365293645 0
    outer loop
      vertex 72.9 77 0
      vertex 72.90799113400733 77.18302705977008 5
      vertex 72.9 77 5
    endloop
  endfacet
  facet normal 0.9914448613738094 -0.13052619222005912 0
    outer loop
      vertex 72.90799113400733 77.18302705977008 0
      vertex 72.93190371867436 77.36466117310056 5
      vertex 72.90799113400733 77.18302705977008 5
    endloop
  endfacet
  facet normal 0.976296007119937 -0.2164396139380861 0
    outer loop
      vertex 72.93190371867436 77.36466117310056 0
      vertex 72.97155576479295 77.5435199947153 5
      vertex 72.93190371867436 77.36466117310056 5
    endloop
  endfacet
  facet normal 0.9537169507482266 -0.30070579950427423 0
    outer loop
      vertex 72.97155576479295 77.5435199947153 0
      vertex 73.02664549634959 77.7182423009839 5
      vertex 72.97155576479295 77.5435199947153 5
    endloop
  endfacet
  facet normal 0.9238795325112741 -0.3826834323651203 0
    outer loop
      vertex 73.02664549634959 77.7182423009839 0
      vertex 73.09675364722304 77.88749834965547 5
      vertex 73.02664549634959 77.7182423009839 5
    endloop
  endfacet
  facet normal 0.8870108331782162 -0.46174861323504446 0
    outer loop
      vertex 73.09675364722304 77.88749834965547 0
      vertex 73.18134665205268 78.05 5
      vertex 73.09675364722304 77.88749834965547 5
    endloop
  endfacet
  facet normal 0.8433914458128804 -0.5372996083468322 0
    outer loop
      vertex 73.18134665205268 78.05 0
      vertex 73.27978070699312 78.2045105163372 5
      vertex 73.18134665205268 78.05 5
    endloop
  endfacet
  facet normal 0.7933533402912598 -0.6087614290086885 0
    outer loop
      vertex 73.27978070699312 78.2045105163372 0
      vertex 73.39130666945015 78.34985398034173 5
      vertex 73.27978070699312 78.2045105163372 5
    endloop
  endfacet
  facet normal 0.7372773368101203 -0.6755902076156644 0
    outer loop
      vertex 73.39130666945015 78.34985398034173 0
      vertex 73.51507575950825 78.48492424049175 5
      vertex 73.39130666945015 78.34985398034173 5
    endloop
  endfacet
  facet normal 0.6755902076156644 -0.7372773368101203 0
    outer loop
      vertex 73.51507575950825 78.48492424049175 0
      vertex 73.65014601965827 78.60869333054985 5
      vertex 73.51507575950825 78.48492424049175 5
    endloop
  endfacet
  facet normal 0.6087614290086885 -0.7933533402912598 0
    outer loop
      vertex 73.65014601965827 78.60869333054985 0
      vertex 73.7954894836628 78.72021929300688 5
      vertex 73.65014601965827 78.60869333054985 5
    endloop
  endfacet
  facet normal 0.5372996083468322 -0.8433914458128804 0
    outer loop
      vertex 73.7954894836628 78.72021929300688 0
      vertex 73.95 78.81865334794732 5
      vertex 73.7954894836628 78.72021929300688 5
    endloop
  endfacet
  facet normal 0.46174861323504446 -0.8870108331782162 0
    outer loop
      vertex 73.95 78.81865334794732 0
      vertex 74.11250165034453 78.90324635277696 5
      vertex 73.95 78.81865334794732 5
    endloop
  endfacet
  facet normal 0.3826834323651203 -0.9238795325112741 0
    outer loop
      vertex 74.11250165034453 78.90324635277696 0
      vertex 74.2817576990161 78.97335450365041 5
      vertex 74.11250165034453 78.90324635277696 5
    endloop
  endfacet
  facet normal 0.30070579950427423 -0.9537169507482266 0
    outer loop
      vertex 74.2817576990161 78.97335450365041 0
      vertex 74.4564800052847 79.02844423520705 5
      vertex 74.2817576990161 78.97335450365041 5
    endloop
  endfacet
  facet normal 0.2164396139380861 -0.976296007119937 0
    outer loop
      vertex 74.4564800052847 79.02844423520705 0
      vertex 74.63533882689944 79.06809628132564 5
      vertex 74.4564800052847 79.02844423520705 5
    endloop
  endfacet
  facet normal 0.13052619222005912 -0.9914448613738094 0
    outer loop
      vertex 74.63533882689944 79.06809628132564 0
      vertex 74.81697294022992 79.09200886599267 5
      vertex 74.63533882689944 79.06809628132564 5
    endloop
  endfacet
  facet normal 0.043619387365293645 -0.9990482215818597 0
    outer loop
      vertex 74.81697294022992 79.09200886599267 0
      vertex 75 79.1 5
      vertex 74.81697294022992 79.09200886599267 5
    endloop
  endfacet
  facet normal -0.043619387365293645 0.9990482215818597 0
    outer loop
      vertex 75.18302705977008 74.90799113400733 0
      vertex 75 74.9 5
      vertex 75.18302705977008 74.90799113400733 5
    endloop
  endfacet
  facet normal -0.13052619222005912 0.9914448613738094 0
    outer loop
      vertex 75.36466117310056 74.93190371867436 0
      vertex 75.18302705977008 74.90799113400733 5
      vertex 75.36466117310056 74.93190371867436 5
    endloop
  endfacet
  facet normal -0.2164396139380861 0.976296007119937 0
    outer loop
      vertex 75.5435199947153 74.97155576479295 0
      vertex 75.36466117310056 74.93190371867436 5
      vertex 75.5435199947153 74.97155576479295 5
    endloop
  endfacet
  facet normal -0.30070579950427423 0.9537169507482266 0
    outer loop
      vertex 75.7182423009839 75.02664549634959 0
      vertex 75.5435199947153 74.97155576479295 5
      vertex 75.7182423009839 75.02664549634959 5
    endloop
  endfacet
  facet normal -0.3826834323651203 0.9238795325112741 0
    outer loop
      vertex 75.88749834965547 75.09675364722304 0
      vertex 75.7182423009839 75.02664549634959 5
      vertex 75.88749834965547 75.09675364722304 5
    endloop
  endfacet
  facet normal -0.46174861323504446 0.8870108331782162 0
    outer loop
      vertex 76.05 75.18134665205268 0
      vertex 75.88749834965547 75.09675364722304 5
      vertex 76.05 75.18134665205268 5
    endloop
  endfacet
  facet normal -0.5372996083468322 0.8433914458128804 0
    outer loop
      vertex 76.2045105163372 75.27978070699312 0
      vertex 76.05 75.18134665205268 5
      vertex 76.2045105163372 75.27978070699312 5
    endloop
  endfacet
  facet normal -0.6087614290086885 0.7933533402912598 0
    outer loop
      vertex 76.34985398034173 75.39130666945015 0
      vertex 76.2045105163372 75.27978070699312 5
      vertex 76.34985398034173 75.39130666945015 5
    endloop
  endfacet
  facet normal -0.6755902076156644 0.7372773368101203 0
    outer loop
      vertex 76.48492424049175 75.51507575950825 0
      vertex 76.34985398034173 75.39130666945015 5
      vertex 76.48492424049175 75.51507575950825 5
    endloop
  endfacet
  facet normal -0.7372773368101203 0.6755902076156644 0
    outer loop
      vertex 76.60869333054985 75.65014601965827 0
      vertex 76.48492424049175 75.51507575950825 5
      vertex 76.60869333054985 75.65014601965827 5
    endloop
  endfacet
  facet normal -0.7933533402912598 0.6087614290086885 0
    outer loop
      vertex 76.72021929300688 75.7954894836628 0
      vertex 76.60869333054985 75.65014601965827 5
      vertex 76.72021929300688 75.7954894836628 5
    endloop
  endfacet
  facet normal -0.8433914458128804 0.5372996083468322 0
    outer loop
      vertex 76.81865334794732 75.95 0
      vertex 76.72021929300688 75.7954894836628 5
      vertex 76.81865334794732 75.95 5
    endloop
  endfacet
  facet normal -0.8870108331782162 0.46174861323504446 0
    outer loop
      vertex 76.90324635277696 76.11250165034453 0
      vertex 76.81865334794732 75.95 5
      vertex 76.90324635277696 76.11250165034453 5
    endloop
  endfacet
  facet normal -0.9238795325112741 0.3826834323651203 0
    outer loop
      vertex 76.97335450365041 76.2817576990161 0
      vertex 76.90324635277696 76.11250165034453 5
      vertex 76.97335450365041 76.2817576990161 5
    endloop
  endfacet
  facet normal -0.9537169507482266 0.30070579950427423 0
    outer loop
      vertex 77.02844423520705 76.4564800052847 0
      vertex 76.97335450365041 76.2817576990161 5
      vertex 77.02844423520705 76.4564800052847 5
    endloop
  endfacet
  facet normal -0.976296007119937 0.2164396139380861 0
    outer loop
      vertex 77.06809628132564 76.63533882689944 0
      vertex 77.02844423520705 76.4564800052847 5
      vertex 77.06809628132564 76.63533882689944 5
    endloop
  endfacet
  facet normal -0.9914448613738094 0.13052619222005912 0
    outer loop
      vertex 77.09200886599267 76.81697294022992 0
      vertex 77.06809628132564 76.63533882689944 5
      vertex 77.09200886599267 76.81697294022992 5
    endloop
  endfacet
  facet normal -0.9990482215818597 0.043619387365293645 0
    outer loop
      vertex 77.1 77 0
      vertex 77.09200886599267 76.81697294022992 5
      vertex 77.1 77 5
    endloop
  endfacet
  facet normal -0.9990482215818597 -0.043619387365293645 0
    outer loop
      vertex 77.09200886599267 77.18302705977008 0
      vertex 77.1 77 5
      vertex 77.09200886599267 77.18302705977008 5
    endloop
  endfacet
  facet normal -0.9914448613738094 -0.13052619222005912 0
    outer loop
      vertex 77.06809628132564 77.36466117310056 0
      vertex 77.09200886599267 77.18302705977008 5
      vertex 77.06809628132564 77.36466117310056 5
    endloop
  endfacet
  facet normal -0.8870108331782162 -0.46174861323504446 0
    outer loop
      vertex 76.81865334794732 78.05 0
      vertex 76.90324635277696 77.88749834965547 5
      vertex 76.81865334794732 78.05 5
    endloop
  endfacet
  facet normal -0.6755902076156644 -0.7372773368101203 0
    outer loop
      vertex 76.34985398034173 78.60869333054985 0
      vertex 76.48492424049175 78.48492424049175 5
      vertex 76.34985398034173 78.60869333054985 5
    endloop
  endfacet
  facet normal -0.6087614290086885 -0.7933533402912598 0
    outer loop
      vertex 76.2045105163372 78.72021929300688 0
      vertex 76.34985398034173 78.60869333054985 5
      vertex 76.2045105163372 78.72021929300688 5
    endloop
  endfacet
  facet normal -0.7372773368101203 -0.6755902076156644 0
    outer loop
      vertex 76.48492424049175 78.48492424049175 0
      vertex 76.60869333054985 78.34985398034173 5
      vertex 76.48492424049175 78.48492424049175 5
    endloop
  endfacet
  facet normal -0.7933533402912598 -0.6087614290086885 0
    outer loop
      vertex 76.60869333054985 78.34985398034173 0
      vertex 76.72021929300688 78.2045105163372 5
      vertex 76.60869333054985 78.34985398034173 5
    endloop
  endfacet
  facet normal -0.8433914458128804 -0.5372996083468322 0
    outer loop
      vertex 76.72021929300688 78.2045105163372 0
      vertex 76.81865334794732 78.05 5
      vertex 76.72021929300688 78.2045105163372 5
    endloop
  endfacet
  facet normal -0.9537169507482266 -0.30070579950427423 0
    outer loop
      vertex 76.97335450365041 77.7182423009839 0
      vertex 77.02844423520705 77.5435199947153 5
      vertex 76.97335450365041 77.7182423009839 5
    endloop
  endfacet
  facet normal -0.976296007119937 -0.2164396139380861 0
    outer loop
      vertex 77.02844423520705 77.5435199947153 0
      vertex 77.06809628132564 77.36466117310056 5
      vertex 77.02844423520705 77.5435199947153 5
    endloop
  endfacet
  facet normal -0.9238795325112741 -0.3826834323651203 0
    outer loop
      vertex 76.90324635277696 77.88749834965547 0
      vertex 76.97335450365041 77.7182423009839 5
      vertex 76.90324635277696 77.88749834965547 5
    endloop
  endfacet
  facet normal -0.043619387365293645 -0.9990482215818597 0
    outer loop
      vertex 75 79.1 0
      vertex 75.18302705977008 79.09200886599267 5
      vertex 75 79.1 5
    endloop
  endfacet
  facet normal -0.13052619222005912 -0.9914448613738094 0
    outer loop
      vertex 75.18302705977008 79.09200886599267 0
      vertex 75.36466117310056 79.06809628132564 5
      vertex 75.18302705977008 79.09200886599267 5
    endloop
  endfacet
  facet normal -0.2164396139380861 -0.976296007119937 0
    outer loop
      vertex 75.36466117310056 79.06809628132564 0
      vertex 75.5435199947153 79.02844423520705 5
      vertex 75.36466117310056 79.06809628132564 5
    endloop
  endfacet
  facet normal -0.30070579950427423 -0.9537169507482266 0
    outer loop
      vertex 75.5435199947153 79.02844423520705 0
      vertex 75.7182423009839 78.97335450365041 5
      vertex 75.5435199947153 79.02844423520705 5
    endloop
  endfacet
  facet normal -0.3826834323651203 -0.9238795325112741 0
    outer loop
      vertex 75.7182423009839 78.97335450365041 0
      vertex 75.88749834965547 78.90324635277696 5
      vertex 75.7182423009839 78.97335450365041 5
    endloop
  endfacet
  facet normal -0.46174861323504446 -0.8870108331782162 0
    outer loop
      vertex 75.88749834965547 78.90324635277696 0
      vertex 76.05 78.81865334794732 5
      vertex 75.88749834965547 78.90324635277696 5
    endloop
  endfacet
  facet normal -0.5372996083468322 -0.8433914458128804 0
    outer loop
      vertex 76.05 78.81865334794732 0
      vertex 76.2045105163372 78.72021929300688 5
      vertex 76.05 78.81865334794732 5
    endloop
  endfacet
endsolid OpenSCAD_Model
