solid OpenSCAD_Model
  facet normal -0.953757 -0.300577 4.71143e-21
    outer loop
      vertex 0.150768 19.6449 0
      vertex 0.0851851 19.853 84
      vertex 0.0851851 19.853 0
    endloop
  endfacet
  facet normal -0.953757 -0.300577 4.71143e-21
    outer loop
      vertex 0.0851851 19.853 84
      vertex 0.150768 19.6449 0
      vertex 0.150768 19.6449 84
    endloop
  endfacet
  facet normal -0.991443 0.130544 -1.90937e-20
    outer loop
      vertex 0.0095129 21.7179 0
      vertex 0.0379801 21.9341 84
      vertex 0.0379801 21.9341 0
    endloop
  endfacet
  facet normal -0.991443 0.130544 -1.90937e-20
    outer loop
      vertex 0.0379801 21.9341 84
      vertex 0.0095129 21.7179 0
      vertex 0.0095129 21.7179 84
    endloop
  endfacet
  facet normal -0.608846 -0.793288 0
    outer loop
      vertex 0.89303 18.5849 0
      vertex 1.06606 18.4521 84
      vertex 0.89303 18.5849 84
    endloop
  endfacet
  facet normal -0.608846 -0.793288 -0
    outer loop
      vertex 1.06606 18.4521 84
      vertex 0.89303 18.5849 0
      vertex 1.06606 18.4521 0
    endloop
  endfacet
  facet normal -0.30078 0.953693 0
    outer loop
      vertex 1.85295 23.9148 0
      vertex 1.64495 23.8492 84
      vertex 1.85295 23.9148 84
    endloop
  endfacet
  facet normal -0.30078 0.953693 0
    outer loop
      vertex 1.64495 23.8492 84
      vertex 1.85295 23.9148 0
      vertex 1.64495 23.8492 0
    endloop
  endfacet
  facet normal -0.216416 0.976301 0
    outer loop
      vertex 2.06588 23.962 50
      vertex 1.85295 23.9148 84
      vertex 2.06588 23.962 84
    endloop
  endfacet
  facet normal -0.216366 0.976312 3.30389e-07
    outer loop
      vertex 2 23.9474 50
      vertex 1.85295 23.9148 84
      vertex 2.06588 23.962 50
    endloop
  endfacet
  facet normal -0.216438 0.976296 3.91863e-20
    outer loop
      vertex 1.85295 23.9148 0
      vertex 2 23.9474 50
      vertex 2 23.9474 0
    endloop
  endfacet
  facet normal -0.216438 0.976296 2.33252e-20
    outer loop
      vertex 2 23.9474 50
      vertex 1.85295 23.9148 0
      vertex 1.85295 23.9148 84
    endloop
  endfacet
  facet normal 0.843344 -0.537374 -1.23109e-19
    outer loop
      vertex 5.54788 19.0661 76
      vertex 5.66506 19.25 50
      vertex 5.66506 19.25 76
    endloop
  endfacet
  facet normal 0.843344 -0.537374 -1.23109e-19
    outer loop
      vertex 5.66506 19.25 50
      vertex 5.54788 19.0661 76
      vertex 5.54788 19.0661 50
    endloop
  endfacet
  facet normal 0 -1 0
    outer loop
      vertex 2.5 18 84
      vertex 3.5 18 76
      vertex 11.5 18 84
    endloop
  endfacet
  facet normal 0 -1 0
    outer loop
      vertex 2.5 18 50
      vertex 3.5 18 76
      vertex 2.5 18 84
    endloop
  endfacet
  facet normal 0 -1 -0
    outer loop
      vertex 3.5 18 76
      vertex 2.5 18 50
      vertex 3.5 18 50
    endloop
  endfacet
  facet normal 0 -1 -0
    outer loop
      vertex 11.5 18 84
      vertex 3.5 18 76
      vertex 11.5 18 76
    endloop
  endfacet
  facet normal 0 -1 0
    outer loop
      vertex 127.5 18 76
      vertex 119.5 18 84
      vertex 119.5 18 76
    endloop
  endfacet
  facet normal 0 -1 0
    outer loop
      vertex 119.5 18 84
      vertex 127.5 18 76
      vertex 128.5 18 84
    endloop
  endfacet
  facet normal 0 -1 0
    outer loop
      vertex 128.5 18 50
      vertex 127.5 18 76
      vertex 127.5 18 50
    endloop
  endfacet
  facet normal 0 -1 0
    outer loop
      vertex 127.5 18 76
      vertex 128.5 18 50
      vertex 128.5 18 84
    endloop
  endfacet
  facet normal -0.843336 -0.537387 -9.46104e-20
    outer loop
      vertex 0.45212 19.0661 0
      vertex 0.334936 19.25 84
      vertex 0.334936 19.25 0
    endloop
  endfacet
  facet normal -0.843336 -0.537387 -9.46104e-20
    outer loop
      vertex 0.334936 19.25 84
      vertex 0.45212 19.0661 0
      vertex 0.45212 19.0661 84
    endloop
  endfacet
  facet normal -0 0 1
    outer loop
      vertex 2.5 24 84
      vertex 11.5 18 84
      vertex 11.5 24 84
    endloop
  endfacet
  facet normal 0 0 1
    outer loop
      vertex 2.5 24 84
      vertex 2.5 18 84
      vertex 11.5 18 84
    endloop
  endfacet
  facet normal 0 0 1
    outer loop
      vertex 0 21.5 84
      vertex 2.5 24 84
      vertex 2.28211 23.9905 84
    endloop
  endfacet
  facet normal 0 0 1
    outer loop
      vertex 2.5 24 84
      vertex 0 21.5 84
      vertex 2.5 18 84
    endloop
  endfacet
  facet normal 0 0 1
    outer loop
      vertex 0 21.5 84
      vertex 2.28211 23.9905 84
      vertex 2.06588 23.962 84
    endloop
  endfacet
  facet normal -0 0 1
    outer loop
      vertex 0 20.5 84
      vertex 2.5 18 84
      vertex 0 21.5 84
    endloop
  endfacet
  facet normal 0 0 1
    outer loop
      vertex 0 21.5 84
      vertex 2.06588 23.962 84
      vertex 1.85295 23.9148 84
    endloop
  endfacet
  facet normal 0 0 1
    outer loop
      vertex 2.5 18 84
      vertex 0 20.5 84
      vertex 2.28211 18.0095 84
    endloop
  endfacet
  facet normal 0 0 1
    outer loop
      vertex 0 21.5 84
      vertex 1.85295 23.9148 84
      vertex 1.64495 23.8492 84
    endloop
  endfacet
  facet normal 0 0 1
    outer loop
      vertex 2.28211 18.0095 84
      vertex 0 20.5 84
      vertex 2.06588 18.038 84
    endloop
  endfacet
  facet normal 0 0 1
    outer loop
      vertex 0 21.5 84
      vertex 1.64495 23.8492 84
      vertex 1.44345 23.7658 84
    endloop
  endfacet
  facet normal 0 0 1
    outer loop
      vertex 2.06588 18.038 84
      vertex 0 20.5 84
      vertex 1.85295 18.0852 84
    endloop
  endfacet
  facet normal 0 0 1
    outer loop
      vertex 0 21.5 84
      vertex 1.44345 23.7658 84
      vertex 1.25 23.6651 84
    endloop
  endfacet
  facet normal 0 0 1
    outer loop
      vertex 1.85295 18.0852 84
      vertex 0 20.5 84
      vertex 1.64495 18.1508 84
    endloop
  endfacet
  facet normal 0 0 1
    outer loop
      vertex 0 21.5 84
      vertex 1.25 23.6651 84
      vertex 1.06606 23.5479 84
    endloop
  endfacet
  facet normal 0 0 1
    outer loop
      vertex 1.64495 18.1508 84
      vertex 0 20.5 84
      vertex 1.44345 18.2342 84
    endloop
  endfacet
  facet normal 0 0 1
    outer loop
      vertex 0 21.5 84
      vertex 1.06606 23.5479 84
      vertex 0.89303 23.4151 84
    endloop
  endfacet
  facet normal 0 0 1
    outer loop
      vertex 1.44345 18.2342 84
      vertex 0 20.5 84
      vertex 1.25 18.3349 84
    endloop
  endfacet
  facet normal 0 0 1
    outer loop
      vertex 0 21.5 84
      vertex 0.89303 23.4151 84
      vertex 0.732232 23.2678 84
    endloop
  endfacet
  facet normal 0 0 1
    outer loop
      vertex 1.25 18.3349 84
      vertex 0 20.5 84
      vertex 1.06606 18.4521 84
    endloop
  endfacet
  facet normal 0 0 1
    outer loop
      vertex 0 21.5 84
      vertex 0.732232 23.2678 84
      vertex 0.584888 23.107 84
    endloop
  endfacet
  facet normal 0 0 1
    outer loop
      vertex 1.06606 18.4521 84
      vertex 0 20.5 84
      vertex 0.89303 18.5849 84
    endloop
  endfacet
  facet normal 0 0 1
    outer loop
      vertex 0 21.5 84
      vertex 0.584888 23.107 84
      vertex 0.45212 22.9339 84
    endloop
  endfacet
  facet normal 0 0 1
    outer loop
      vertex 0.89303 18.5849 84
      vertex 0 20.5 84
      vertex 0.732232 18.7322 84
    endloop
  endfacet
  facet normal 0 0 1
    outer loop
      vertex 0 21.5 84
      vertex 0.45212 22.9339 84
      vertex 0.334936 22.75 84
    endloop
  endfacet
  facet normal 0 0 1
    outer loop
      vertex 0.732232 18.7322 84
      vertex 0 20.5 84
      vertex 0.584888 18.893 84
    endloop
  endfacet
  facet normal 0 0 1
    outer loop
      vertex 0 21.5 84
      vertex 0.334936 22.75 84
      vertex 0.23423 22.5565 84
    endloop
  endfacet
  facet normal 0 0 1
    outer loop
      vertex 0.584888 18.893 84
      vertex 0 20.5 84
      vertex 0.45212 19.0661 84
    endloop
  endfacet
  facet normal 0 0 1
    outer loop
      vertex 0 21.5 84
      vertex 0.23423 22.5565 84
      vertex 0.150768 22.355 84
    endloop
  endfacet
  facet normal 0 0 1
    outer loop
      vertex 0.45212 19.0661 84
      vertex 0 20.5 84
      vertex 0.334936 19.25 84
    endloop
  endfacet
  facet normal 0 0 1
    outer loop
      vertex 0 21.5 84
      vertex 0.150768 22.355 84
      vertex 0.0851851 22.147 84
    endloop
  endfacet
  facet normal 0 0 1
    outer loop
      vertex 0.334936 19.25 84
      vertex 0 20.5 84
      vertex 0.23423 19.4435 84
    endloop
  endfacet
  facet normal 0 0 1
    outer loop
      vertex 0 21.5 84
      vertex 0.0851851 22.147 84
      vertex 0.0379801 21.9341 84
    endloop
  endfacet
  facet normal 0 0 1
    outer loop
      vertex 0.23423 19.4435 84
      vertex 0 20.5 84
      vertex 0.150768 19.6449 84
    endloop
  endfacet
  facet normal 0 0 1
    outer loop
      vertex 0 21.5 84
      vertex 0.0379801 21.9341 84
      vertex 0.0095129 21.7179 84
    endloop
  endfacet
  facet normal 0 0 1
    outer loop
      vertex 0.150768 19.6449 84
      vertex 0 20.5 84
      vertex 0.0851851 19.853 84
    endloop
  endfacet
  facet normal 0 0 1
    outer loop
      vertex 0.0851851 19.853 84
      vertex 0 20.5 84
      vertex 0.0379801 20.0659 84
    endloop
  endfacet
  facet normal 0 0 1
    outer loop
      vertex 0.0379801 20.0659 84
      vertex 0 20.5 84
      vertex 0.0095129 20.2821 84
    endloop
  endfacet
  facet normal -0 0 1
    outer loop
      vertex 2.5 113 84
      vertex 11.5 107 84
      vertex 11.5 113 84
    endloop
  endfacet
  facet normal 0 0 1
    outer loop
      vertex 2.5 113 84
      vertex 2.5 107 84
      vertex 11.5 107 84
    endloop
  endfacet
  facet normal 0 0 1
    outer loop
      vertex 0 110.5 84
      vertex 2.5 113 84
      vertex 2.28211 112.99 84
    endloop
  endfacet
  facet normal 0 0 1
    outer loop
      vertex 2.5 113 84
      vertex 0 110.5 84
      vertex 2.5 107 84
    endloop
  endfacet
  facet normal 0 0 1
    outer loop
      vertex 0 110.5 84
      vertex 2.28211 112.99 84
      vertex 2.06588 112.962 84
    endloop
  endfacet
  facet normal -0 0 1
    outer loop
      vertex 0 109.5 84
      vertex 2.5 107 84
      vertex 0 110.5 84
    endloop
  endfacet
  facet normal 0 0 1
    outer loop
      vertex 0 110.5 84
      vertex 2.06588 112.962 84
      vertex 1.85295 112.915 84
    endloop
  endfacet
  facet normal 0 0 1
    outer loop
      vertex 2.5 107 84
      vertex 0 109.5 84
      vertex 2.28211 107.01 84
    endloop
  endfacet
  facet normal 0 0 1
    outer loop
      vertex 0 110.5 84
      vertex 1.85295 112.915 84
      vertex 1.64495 112.849 84
    endloop
  endfacet
  facet normal 0 0 1
    outer loop
      vertex 2.28211 107.01 84
      vertex 0 109.5 84
      vertex 2.06588 107.038 84
    endloop
  endfacet
  facet normal 0 0 1
    outer loop
      vertex 0 110.5 84
      vertex 1.64495 112.849 84
      vertex 1.44345 112.766 84
    endloop
  endfacet
  facet normal 0 0 1
    outer loop
      vertex 2.06588 107.038 84
      vertex 0 109.5 84
      vertex 1.85295 107.085 84
    endloop
  endfacet
  facet normal 0 0 1
    outer loop
      vertex 0 110.5 84
      vertex 1.44345 112.766 84
      vertex 1.25 112.665 84
    endloop
  endfacet
  facet normal 0 0 1
    outer loop
      vertex 1.85295 107.085 84
      vertex 0 109.5 84
      vertex 1.64495 107.151 84
    endloop
  endfacet
  facet normal 0 0 1
    outer loop
      vertex 0 110.5 84
      vertex 1.25 112.665 84
      vertex 1.06606 112.548 84
    endloop
  endfacet
  facet normal 0 0 1
    outer loop
      vertex 1.64495 107.151 84
      vertex 0 109.5 84
      vertex 1.44345 107.234 84
    endloop
  endfacet
  facet normal 0 0 1
    outer loop
      vertex 0 110.5 84
      vertex 1.06606 112.548 84
      vertex 0.89303 112.415 84
    endloop
  endfacet
  facet normal 0 0 1
    outer loop
      vertex 1.44345 107.234 84
      vertex 0 109.5 84
      vertex 1.25 107.335 84
    endloop
  endfacet
  facet normal 0 0 1
    outer loop
      vertex 0 110.5 84
      vertex 0.89303 112.415 84
      vertex 0.732232 112.268 84
    endloop
  endfacet
  facet normal 0 0 1
    outer loop
      vertex 1.25 107.335 84
      vertex 0 109.5 84
      vertex 1.06606 107.452 84
    endloop
  endfacet
  facet normal 0 0 1
    outer loop
      vertex 0 110.5 84
      vertex 0.732232 112.268 84
      vertex 0.584888 112.107 84
    endloop
  endfacet
  facet normal 0 0 1
    outer loop
      vertex 1.06606 107.452 84
      vertex 0 109.5 84
      vertex 0.89303 107.585 84
    endloop
  endfacet
  facet normal 0 0 1
    outer loop
      vertex 0 110.5 84
      vertex 0.584888 112.107 84
      vertex 0.45212 111.934 84
    endloop
  endfacet
  facet normal 0 0 1
    outer loop
      vertex 0.89303 107.585 84
      vertex 0 109.5 84
      vertex 0.732232 107.732 84
    endloop
  endfacet
  facet normal 0 0 1
    outer loop
      vertex 0 110.5 84
      vertex 0.45212 111.934 84
      vertex 0.334936 111.75 84
    endloop
  endfacet
  facet normal 0 0 1
    outer loop
      vertex 0.732232 107.732 84
      vertex 0 109.5 84
      vertex 0.584888 107.893 84
    endloop
  endfacet
  facet normal 0 0 1
    outer loop
      vertex 0 110.5 84
      vertex 0.334936 111.75 84
      vertex 0.23423 111.557 84
    endloop
  endfacet
  facet normal 0 0 1
    outer loop
      vertex 0.584888 107.893 84
      vertex 0 109.5 84
      vertex 0.45212 108.066 84
    endloop
  endfacet
  facet normal 0 0 1
    outer loop
      vertex 0 110.5 84
      vertex 0.23423 111.557 84
      vertex 0.150768 111.355 84
    endloop
  endfacet
  facet normal 0 0 1
    outer loop
      vertex 0.45212 108.066 84
      vertex 0 109.5 84
      vertex 0.334936 108.25 84
    endloop
  endfacet
  facet normal 0 0 1
    outer loop
      vertex 0 110.5 84
      vertex 0.150768 111.355 84
      vertex 0.0851851 111.147 84
    endloop
  endfacet
  facet normal 0 0 1
    outer loop
      vertex 0.334936 108.25 84
      vertex 0 109.5 84
      vertex 0.23423 108.443 84
    endloop
  endfacet
  facet normal 0 0 1
    outer loop
      vertex 0 110.5 84
      vertex 0.0851851 111.147 84
      vertex 0.0379801 110.934 84
    endloop
  endfacet
  facet normal 0 0 1
    outer loop
      vertex 0.23423 108.443 84
      vertex 0 109.5 84
      vertex 0.150768 108.645 84
    endloop
  endfacet
  facet normal 0 0 1
    outer loop
      vertex 0 110.5 84
      vertex 0.0379801 110.934 84
      vertex 0.0095129 110.718 84
    endloop
  endfacet
  facet normal 0 0 1
    outer loop
      vertex 0.150768 108.645 84
      vertex 0 109.5 84
      vertex 0.0851851 108.853 84
    endloop
  endfacet
  facet normal 0 0 1
    outer loop
      vertex 0.0851851 108.853 84
      vertex 0 109.5 84
      vertex 0.0379801 109.066 84
    endloop
  endfacet
  facet normal 0 0 1
    outer loop
      vertex 0.0379801 109.066 84
      vertex 0 109.5 84
      vertex 0.0095129 109.282 84
    endloop
  endfacet
  facet normal 0 0 1
    outer loop
      vertex 11.5 24 84
      vertex 21.5 52.2223 84
      vertex 21.0674 53.5943 84
    endloop
  endfacet
  facet normal 0 0 1
    outer loop
      vertex 114.5 119.5 84
      vertex 119.5 113 84
      vertex 119.5 114.5 84
    endloop
  endfacet
  facet normal 0 0 1
    outer loop
      vertex 119.5 113 84
      vertex 109.5 109.5 84
      vertex 119.5 107 84
    endloop
  endfacet
  facet normal 0 0 1
    outer loop
      vertex 119.5 107 84
      vertex 111.5 65.5 84
      vertex 119.5 24 84
    endloop
  endfacet
  facet normal -0 0 1
    outer loop
      vertex 111.325 61.4908 84
      vertex 119.5 24 84
      vertex 111.5 65.5 84
    endloop
  endfacet
  facet normal 0 0 1
    outer loop
      vertex 114.5 119.5 84
      vertex 119.5 114.5 84
      vertex 119.481 114.936 84
    endloop
  endfacet
  facet normal -0 0 1
    outer loop
      vertex 110.801 57.5122 84
      vertex 119.5 24 84
      vertex 111.325 61.4908 84
    endloop
  endfacet
  facet normal 0 0 1
    outer loop
      vertex 114.5 119.5 84
      vertex 119.481 114.936 84
      vertex 119.424 115.368 84
    endloop
  endfacet
  facet normal -0 0 1
    outer loop
      vertex 109.933 53.5943 84
      vertex 119.5 24 84
      vertex 110.801 57.5122 84
    endloop
  endfacet
  facet normal 0 0 1
    outer loop
      vertex 114.5 119.5 84
      vertex 119.424 115.368 84
      vertex 119.33 115.794 84
    endloop
  endfacet
  facet normal -0 0 1
    outer loop
      vertex 109.5 52.2223 84
      vertex 119.5 24 84
      vertex 109.933 53.5943 84
    endloop
  endfacet
  facet normal 0 0 1
    outer loop
      vertex 114.5 119.5 84
      vertex 119.33 115.794 84
      vertex 119.198 116.21 84
    endloop
  endfacet
  facet normal 0 0 1
    outer loop
      vertex 109.5 21.5 84
      vertex 119.5 24 84
      vertex 109.5 52.2223 84
    endloop
  endfacet
  facet normal 0 0 1
    outer loop
      vertex 114.5 119.5 84
      vertex 119.198 116.21 84
      vertex 119.032 116.613 84
    endloop
  endfacet
  facet normal 0 0 1
    outer loop
      vertex 119.5 24 84
      vertex 109.5 21.5 84
      vertex 119.5 18 84
    endloop
  endfacet
  facet normal 0 0 1
    outer loop
      vertex 114.5 119.5 84
      vertex 119.032 116.613 84
      vertex 118.83 117 84
    endloop
  endfacet
  facet normal 0 -0 1
    outer loop
      vertex 114.5 11.5 84
      vertex 119.5 18 84
      vertex 109.5 21.5 84
    endloop
  endfacet
  facet normal 0 0 1
    outer loop
      vertex 114.5 119.5 84
      vertex 118.83 117 84
      vertex 118.596 117.368 84
    endloop
  endfacet
  facet normal 0 0 1
    outer loop
      vertex 119.5 18 84
      vertex 114.5 11.5 84
      vertex 119.5 16.5 84
    endloop
  endfacet
  facet normal 0 0 1
    outer loop
      vertex 114.5 119.5 84
      vertex 118.596 117.368 84
      vertex 118.33 117.714 84
    endloop
  endfacet
  facet normal 0 0 1
    outer loop
      vertex 119.5 16.5 84
      vertex 114.5 11.5 84
      vertex 119.481 16.0642 84
    endloop
  endfacet
  facet normal 0 0 1
    outer loop
      vertex 114.5 119.5 84
      vertex 118.33 117.714 84
      vertex 118.036 118.036 84
    endloop
  endfacet
  facet normal 0 0 1
    outer loop
      vertex 119.481 16.0642 84
      vertex 114.5 11.5 84
      vertex 119.424 15.6318 84
    endloop
  endfacet
  facet normal 0 0 1
    outer loop
      vertex 114.5 119.5 84
      vertex 118.036 118.036 84
      vertex 117.714 118.33 84
    endloop
  endfacet
  facet normal 0 0 1
    outer loop
      vertex 119.424 15.6318 84
      vertex 114.5 11.5 84
      vertex 119.33 15.2059 84
    endloop
  endfacet
  facet normal 0 0 1
    outer loop
      vertex 114.5 119.5 84
      vertex 117.714 118.33 84
      vertex 117.368 118.596 84
    endloop
  endfacet
  facet normal 0 0 1
    outer loop
      vertex 119.33 15.2059 84
      vertex 114.5 11.5 84
      vertex 119.198 14.7899 84
    endloop
  endfacet
  facet normal 0 0 1
    outer loop
      vertex 114.5 119.5 84
      vertex 117.368 118.596 84
      vertex 117 118.83 84
    endloop
  endfacet
  facet normal 0 0 1
    outer loop
      vertex 119.198 14.7899 84
      vertex 114.5 11.5 84
      vertex 119.032 14.3869 84
    endloop
  endfacet
  facet normal 0 0 1
    outer loop
      vertex 114.5 119.5 84
      vertex 117 118.83 84
      vertex 116.613 119.032 84
    endloop
  endfacet
  facet normal 0 0 1
    outer loop
      vertex 119.032 14.3869 84
      vertex 114.5 11.5 84
      vertex 118.83 14 84
    endloop
  endfacet
  facet normal 0 0 1
    outer loop
      vertex 114.5 119.5 84
      vertex 116.613 119.032 84
      vertex 116.21 119.198 84
    endloop
  endfacet
  facet normal 0 0 1
    outer loop
      vertex 118.83 14 84
      vertex 114.5 11.5 84
      vertex 118.596 13.6321 84
    endloop
  endfacet
  facet normal 0 0 1
    outer loop
      vertex 114.5 119.5 84
      vertex 116.21 119.198 84
      vertex 115.794 119.33 84
    endloop
  endfacet
  facet normal 0 0 1
    outer loop
      vertex 118.596 13.6321 84
      vertex 114.5 11.5 84
      vertex 118.33 13.2861 84
    endloop
  endfacet
  facet normal 0 0 1
    outer loop
      vertex 114.5 119.5 84
      vertex 115.794 119.33 84
      vertex 115.368 119.424 84
    endloop
  endfacet
  facet normal 0 0 1
    outer loop
      vertex 118.33 13.2861 84
      vertex 114.5 11.5 84
      vertex 118.036 12.9645 84
    endloop
  endfacet
  facet normal 0 0 1
    outer loop
      vertex 114.5 119.5 84
      vertex 115.368 119.424 84
      vertex 114.936 119.481 84
    endloop
  endfacet
  facet normal 0 0 1
    outer loop
      vertex 118.036 12.9645 84
      vertex 114.5 11.5 84
      vertex 117.714 12.6698 84
    endloop
  endfacet
  facet normal 0 0 1
    outer loop
      vertex 119.5 113 84
      vertex 114.5 119.5 84
      vertex 109.5 109.5 84
    endloop
  endfacet
  facet normal 0 0 1
    outer loop
      vertex 117.714 12.6698 84
      vertex 114.5 11.5 84
      vertex 117.368 12.4042 84
    endloop
  endfacet
  facet normal 0 0 1
    outer loop
      vertex 117.368 12.4042 84
      vertex 114.5 11.5 84
      vertex 117 12.1699 84
    endloop
  endfacet
  facet normal 0 0 1
    outer loop
      vertex 119.5 107 84
      vertex 111.325 69.5092 84
      vertex 111.5 65.5 84
    endloop
  endfacet
  facet normal 0 0 1
    outer loop
      vertex 119.5 107 84
      vertex 110.801 73.4878 84
      vertex 111.325 69.5092 84
    endloop
  endfacet
  facet normal 0 0 1
    outer loop
      vertex 119.5 107 84
      vertex 109.933 77.4057 84
      vertex 110.801 73.4878 84
    endloop
  endfacet
  facet normal 0 0 1
    outer loop
      vertex 119.5 107 84
      vertex 109.5 109.5 84
      vertex 109.5 78.7777 84
    endloop
  endfacet
  facet normal 0 0 1
    outer loop
      vertex 114.5 119.5 84
      vertex 78.7777 109.5 84
      vertex 109.5 109.5 84
    endloop
  endfacet
  facet normal 0 0 1
    outer loop
      vertex 114.5 119.5 84
      vertex 77.4057 109.933 84
      vertex 78.7777 109.5 84
    endloop
  endfacet
  facet normal 0 0 1
    outer loop
      vertex 114.5 119.5 84
      vertex 73.4878 110.801 84
      vertex 77.4057 109.933 84
    endloop
  endfacet
  facet normal 0 0 1
    outer loop
      vertex 114.5 119.5 84
      vertex 69.5092 111.325 84
      vertex 73.4878 110.801 84
    endloop
  endfacet
  facet normal 0 0 1
    outer loop
      vertex 114.5 119.5 84
      vertex 65.5 111.5 84
      vertex 69.5092 111.325 84
    endloop
  endfacet
  facet normal -0 0 1
    outer loop
      vertex 16.5 119.5 84
      vertex 65.5 111.5 84
      vertex 114.5 119.5 84
    endloop
  endfacet
  facet normal 0 0 1
    outer loop
      vertex 65.5 111.5 84
      vertex 16.5 119.5 84
      vertex 61.4908 111.325 84
    endloop
  endfacet
  facet normal 0 0 1
    outer loop
      vertex 16.5 119.5 84
      vertex 52.2223 109.5 84
      vertex 53.5943 109.933 84
    endloop
  endfacet
  facet normal 0 0 1
    outer loop
      vertex 16.5 119.5 84
      vertex 53.5943 109.933 84
      vertex 57.5122 110.801 84
    endloop
  endfacet
  facet normal 0 0 1
    outer loop
      vertex 61.4908 111.325 84
      vertex 16.5 119.5 84
      vertex 57.5122 110.801 84
    endloop
  endfacet
  facet normal -0 0 1
    outer loop
      vertex 11.5 107 84
      vertex 21.5 78.7777 84
      vertex 21.5 109.5 84
    endloop
  endfacet
  facet normal 0 0 1
    outer loop
      vertex 21.5 78.7777 84
      vertex 11.5 107 84
      vertex 21.0674 77.4057 84
    endloop
  endfacet
  facet normal 0 0 1
    outer loop
      vertex 21.0674 77.4057 84
      vertex 11.5 107 84
      vertex 20.1988 73.4878 84
    endloop
  endfacet
  facet normal 0 0 1
    outer loop
      vertex 20.1988 73.4878 84
      vertex 11.5 107 84
      vertex 19.675 69.5092 84
    endloop
  endfacet
  facet normal 0 0 1
    outer loop
      vertex 11.5 107 84
      vertex 21.5 109.5 84
      vertex 16.5 119.5 84
    endloop
  endfacet
  facet normal 0 0 1
    outer loop
      vertex 52.2223 109.5 84
      vertex 16.5 119.5 84
      vertex 21.5 109.5 84
    endloop
  endfacet
  facet normal 0 0 1
    outer loop
      vertex 128.5 113 84
      vertex 131 110.5 84
      vertex 130.99 110.718 84
    endloop
  endfacet
  facet normal 0 0 1
    outer loop
      vertex 131 110.5 84
      vertex 128.5 113 84
      vertex 131 109.5 84
    endloop
  endfacet
  facet normal 0 0 1
    outer loop
      vertex 128.5 113 84
      vertex 130.99 110.718 84
      vertex 130.962 110.934 84
    endloop
  endfacet
  facet normal 0 0 1
    outer loop
      vertex 128.5 107 84
      vertex 131 109.5 84
      vertex 128.5 113 84
    endloop
  endfacet
  facet normal 0 0 1
    outer loop
      vertex 128.5 113 84
      vertex 130.962 110.934 84
      vertex 130.915 111.147 84
    endloop
  endfacet
  facet normal 0 0 1
    outer loop
      vertex 131 109.5 84
      vertex 128.5 107 84
      vertex 130.99 109.282 84
    endloop
  endfacet
  facet normal 0 0 1
    outer loop
      vertex 128.5 113 84
      vertex 130.915 111.147 84
      vertex 130.849 111.355 84
    endloop
  endfacet
  facet normal 0 0 1
    outer loop
      vertex 130.99 109.282 84
      vertex 128.5 107 84
      vertex 130.962 109.066 84
    endloop
  endfacet
  facet normal 0 0 1
    outer loop
      vertex 128.5 113 84
      vertex 130.849 111.355 84
      vertex 130.766 111.557 84
    endloop
  endfacet
  facet normal 0 0 1
    outer loop
      vertex 130.962 109.066 84
      vertex 128.5 107 84
      vertex 130.915 108.853 84
    endloop
  endfacet
  facet normal 0 0 1
    outer loop
      vertex 128.5 113 84
      vertex 130.766 111.557 84
      vertex 130.665 111.75 84
    endloop
  endfacet
  facet normal 0 0 1
    outer loop
      vertex 130.915 108.853 84
      vertex 128.5 107 84
      vertex 130.849 108.645 84
    endloop
  endfacet
  facet normal 0 0 1
    outer loop
      vertex 128.5 113 84
      vertex 130.665 111.75 84
      vertex 130.548 111.934 84
    endloop
  endfacet
  facet normal 0 0 1
    outer loop
      vertex 130.849 108.645 84
      vertex 128.5 107 84
      vertex 130.766 108.443 84
    endloop
  endfacet
  facet normal 0 0 1
    outer loop
      vertex 128.5 113 84
      vertex 130.548 111.934 84
      vertex 130.415 112.107 84
    endloop
  endfacet
  facet normal 0 0 1
    outer loop
      vertex 130.766 108.443 84
      vertex 128.5 107 84
      vertex 130.665 108.25 84
    endloop
  endfacet
  facet normal 0 0 1
    outer loop
      vertex 128.5 113 84
      vertex 130.415 112.107 84
      vertex 130.268 112.268 84
    endloop
  endfacet
  facet normal 0 0 1
    outer loop
      vertex 130.665 108.25 84
      vertex 128.5 107 84
      vertex 130.548 108.066 84
    endloop
  endfacet
  facet normal 0 0 1
    outer loop
      vertex 128.5 113 84
      vertex 130.268 112.268 84
      vertex 130.107 112.415 84
    endloop
  endfacet
  facet normal 0 0 1
    outer loop
      vertex 130.548 108.066 84
      vertex 128.5 107 84
      vertex 130.415 107.893 84
    endloop
  endfacet
  facet normal 0 0 1
    outer loop
      vertex 128.5 113 84
      vertex 130.107 112.415 84
      vertex 129.934 112.548 84
    endloop
  endfacet
  facet normal 0 0 1
    outer loop
      vertex 130.415 107.893 84
      vertex 128.5 107 84
      vertex 130.268 107.732 84
    endloop
  endfacet
  facet normal 0 0 1
    outer loop
      vertex 128.5 113 84
      vertex 129.934 112.548 84
      vertex 129.75 112.665 84
    endloop
  endfacet
  facet normal 0 0 1
    outer loop
      vertex 130.268 107.732 84
      vertex 128.5 107 84
      vertex 130.107 107.585 84
    endloop
  endfacet
  facet normal 0 0 1
    outer loop
      vertex 128.5 113 84
      vertex 129.75 112.665 84
      vertex 129.557 112.766 84
    endloop
  endfacet
  facet normal 0 0 1
    outer loop
      vertex 130.107 107.585 84
      vertex 128.5 107 84
      vertex 129.934 107.452 84
    endloop
  endfacet
  facet normal 0 0 1
    outer loop
      vertex 128.5 113 84
      vertex 129.557 112.766 84
      vertex 129.355 112.849 84
    endloop
  endfacet
  facet normal 0 0 1
    outer loop
      vertex 129.934 107.452 84
      vertex 128.5 107 84
      vertex 129.75 107.335 84
    endloop
  endfacet
  facet normal 0 0 1
    outer loop
      vertex 128.5 113 84
      vertex 129.355 112.849 84
      vertex 129.147 112.915 84
    endloop
  endfacet
  facet normal 0 0 1
    outer loop
      vertex 129.75 107.335 84
      vertex 128.5 107 84
      vertex 129.557 107.234 84
    endloop
  endfacet
  facet normal 0 0 1
    outer loop
      vertex 128.5 113 84
      vertex 129.147 112.915 84
      vertex 128.934 112.962 84
    endloop
  endfacet
  facet normal 0 0 1
    outer loop
      vertex 129.557 107.234 84
      vertex 128.5 107 84
      vertex 129.355 107.151 84
    endloop
  endfacet
  facet normal 0 0 1
    outer loop
      vertex 128.5 113 84
      vertex 128.934 112.962 84
      vertex 128.718 112.99 84
    endloop
  endfacet
  facet normal 0 0 1
    outer loop
      vertex 129.355 107.151 84
      vertex 128.5 107 84
      vertex 129.147 107.085 84
    endloop
  endfacet
  facet normal 0 0 1
    outer loop
      vertex 129.147 107.085 84
      vertex 128.5 107 84
      vertex 128.934 107.038 84
    endloop
  endfacet
  facet normal 0 0 1
    outer loop
      vertex 128.934 107.038 84
      vertex 128.5 107 84
      vertex 128.718 107.01 84
    endloop
  endfacet
  facet normal -0 0 1
    outer loop
      vertex 119.5 113 84
      vertex 128.5 107 84
      vertex 128.5 113 84
    endloop
  endfacet
  facet normal 0 0 1
    outer loop
      vertex 128.5 107 84
      vertex 119.5 113 84
      vertex 119.5 107 84
    endloop
  endfacet
  facet normal 0 0 1
    outer loop
      vertex 128.5 24 84
      vertex 131 21.5 84
      vertex 130.99 21.7179 84
    endloop
  endfacet
  facet normal 0 0 1
    outer loop
      vertex 131 21.5 84
      vertex 128.5 24 84
      vertex 131 20.5 84
    endloop
  endfacet
  facet normal 0 0 1
    outer loop
      vertex 128.5 24 84
      vertex 130.99 21.7179 84
      vertex 130.962 21.9341 84
    endloop
  endfacet
  facet normal 0 0 1
    outer loop
      vertex 128.5 18 84
      vertex 131 20.5 84
      vertex 128.5 24 84
    endloop
  endfacet
  facet normal 0 0 1
    outer loop
      vertex 128.5 24 84
      vertex 130.962 21.9341 84
      vertex 130.915 22.147 84
    endloop
  endfacet
  facet normal 0 0 1
    outer loop
      vertex 131 20.5 84
      vertex 128.5 18 84
      vertex 130.99 20.2821 84
    endloop
  endfacet
  facet normal 0 0 1
    outer loop
      vertex 128.5 24 84
      vertex 130.915 22.147 84
      vertex 130.849 22.355 84
    endloop
  endfacet
  facet normal 0 0 1
    outer loop
      vertex 130.99 20.2821 84
      vertex 128.5 18 84
      vertex 130.962 20.0659 84
    endloop
  endfacet
  facet normal 0 0 1
    outer loop
      vertex 128.5 24 84
      vertex 130.849 22.355 84
      vertex 130.766 22.5565 84
    endloop
  endfacet
  facet normal 0 0 1
    outer loop
      vertex 130.962 20.0659 84
      vertex 128.5 18 84
      vertex 130.915 19.853 84
    endloop
  endfacet
  facet normal 0 0 1
    outer loop
      vertex 128.5 24 84
      vertex 130.766 22.5565 84
      vertex 130.665 22.75 84
    endloop
  endfacet
  facet normal 0 0 1
    outer loop
      vertex 130.915 19.853 84
      vertex 128.5 18 84
      vertex 130.849 19.6449 84
    endloop
  endfacet
  facet normal 0 0 1
    outer loop
      vertex 128.5 24 84
      vertex 130.665 22.75 84
      vertex 130.548 22.9339 84
    endloop
  endfacet
  facet normal 0 0 1
    outer loop
      vertex 130.849 19.6449 84
      vertex 128.5 18 84
      vertex 130.766 19.4435 84
    endloop
  endfacet
  facet normal 0 0 1
    outer loop
      vertex 128.5 24 84
      vertex 130.548 22.9339 84
      vertex 130.415 23.107 84
    endloop
  endfacet
  facet normal 0 0 1
    outer loop
      vertex 130.766 19.4435 84
      vertex 128.5 18 84
      vertex 130.665 19.25 84
    endloop
  endfacet
  facet normal 0 0 1
    outer loop
      vertex 128.5 24 84
      vertex 130.415 23.107 84
      vertex 130.268 23.2678 84
    endloop
  endfacet
  facet normal 0 0 1
    outer loop
      vertex 130.665 19.25 84
      vertex 128.5 18 84
      vertex 130.548 19.0661 84
    endloop
  endfacet
  facet normal 0 0 1
    outer loop
      vertex 128.5 24 84
      vertex 130.268 23.2678 84
      vertex 130.107 23.4151 84
    endloop
  endfacet
  facet normal 0 0 1
    outer loop
      vertex 130.548 19.0661 84
      vertex 128.5 18 84
      vertex 130.415 18.893 84
    endloop
  endfacet
  facet normal 0 0 1
    outer loop
      vertex 128.5 24 84
      vertex 130.107 23.4151 84
      vertex 129.934 23.5479 84
    endloop
  endfacet
  facet normal 0 0 1
    outer loop
      vertex 130.415 18.893 84
      vertex 128.5 18 84
      vertex 130.268 18.7322 84
    endloop
  endfacet
  facet normal 0 0 1
    outer loop
      vertex 128.5 24 84
      vertex 129.934 23.5479 84
      vertex 129.75 23.6651 84
    endloop
  endfacet
  facet normal 0 0 1
    outer loop
      vertex 130.268 18.7322 84
      vertex 128.5 18 84
      vertex 130.107 18.5849 84
    endloop
  endfacet
  facet normal 0 0 1
    outer loop
      vertex 128.5 24 84
      vertex 129.75 23.6651 84
      vertex 129.557 23.7658 84
    endloop
  endfacet
  facet normal 0 0 1
    outer loop
      vertex 130.107 18.5849 84
      vertex 128.5 18 84
      vertex 129.934 18.4521 84
    endloop
  endfacet
  facet normal 0 0 1
    outer loop
      vertex 128.5 24 84
      vertex 129.557 23.7658 84
      vertex 129.355 23.8492 84
    endloop
  endfacet
  facet normal 0 0 1
    outer loop
      vertex 129.934 18.4521 84
      vertex 128.5 18 84
      vertex 129.75 18.3349 84
    endloop
  endfacet
  facet normal 0 0 1
    outer loop
      vertex 128.5 24 84
      vertex 129.355 23.8492 84
      vertex 129.147 23.9148 84
    endloop
  endfacet
  facet normal 0 0 1
    outer loop
      vertex 129.75 18.3349 84
      vertex 128.5 18 84
      vertex 129.557 18.2342 84
    endloop
  endfacet
  facet normal 0 0 1
    outer loop
      vertex 128.5 24 84
      vertex 129.147 23.9148 84
      vertex 128.934 23.962 84
    endloop
  endfacet
  facet normal 0 0 1
    outer loop
      vertex 129.557 18.2342 84
      vertex 128.5 18 84
      vertex 129.355 18.1508 84
    endloop
  endfacet
  facet normal 0 0 1
    outer loop
      vertex 128.5 24 84
      vertex 128.934 23.962 84
      vertex 128.718 23.9905 84
    endloop
  endfacet
  facet normal 0 0 1
    outer loop
      vertex 129.355 18.1508 84
      vertex 128.5 18 84
      vertex 129.147 18.0852 84
    endloop
  endfacet
  facet normal 0 0 1
    outer loop
      vertex 129.147 18.0852 84
      vertex 128.5 18 84
      vertex 128.934 18.038 84
    endloop
  endfacet
  facet normal 0 0 1
    outer loop
      vertex 128.934 18.038 84
      vertex 128.5 18 84
      vertex 128.718 18.0095 84
    endloop
  endfacet
  facet normal -0 0 1
    outer loop
      vertex 119.5 24 84
      vertex 128.5 18 84
      vertex 128.5 24 84
    endloop
  endfacet
  facet normal 0 0 1
    outer loop
      vertex 128.5 18 84
      vertex 119.5 24 84
      vertex 119.5 18 84
    endloop
  endfacet
  facet normal 0 0 1
    outer loop
      vertex 117 12.1699 84
      vertex 114.5 11.5 84
      vertex 116.613 11.9685 84
    endloop
  endfacet
  facet normal 0 0 1
    outer loop
      vertex 116.613 11.9685 84
      vertex 114.5 11.5 84
      vertex 116.21 11.8015 84
    endloop
  endfacet
  facet normal 0 0 1
    outer loop
      vertex 116.21 11.8015 84
      vertex 114.5 11.5 84
      vertex 115.794 11.6704 84
    endloop
  endfacet
  facet normal 0 0 1
    outer loop
      vertex 115.794 11.6704 84
      vertex 114.5 11.5 84
      vertex 115.368 11.576 84
    endloop
  endfacet
  facet normal 0 0 1
    outer loop
      vertex 115.368 11.576 84
      vertex 114.5 11.5 84
      vertex 114.936 11.519 84
    endloop
  endfacet
  facet normal -0 0 1
    outer loop
      vertex 78.7777 21.5 84
      vertex 114.5 11.5 84
      vertex 109.5 21.5 84
    endloop
  endfacet
  facet normal -0 0 1
    outer loop
      vertex 77.4057 21.0674 84
      vertex 114.5 11.5 84
      vertex 78.7777 21.5 84
    endloop
  endfacet
  facet normal -0 0 1
    outer loop
      vertex 73.4878 20.1988 84
      vertex 114.5 11.5 84
      vertex 77.4057 21.0674 84
    endloop
  endfacet
  facet normal -0 0 1
    outer loop
      vertex 69.5092 19.675 84
      vertex 114.5 11.5 84
      vertex 73.4878 20.1988 84
    endloop
  endfacet
  facet normal -0 0 1
    outer loop
      vertex 65.5 19.5 84
      vertex 114.5 11.5 84
      vertex 69.5092 19.675 84
    endloop
  endfacet
  facet normal 0 0 1
    outer loop
      vertex 16.5 11.5 84
      vertex 65.5 19.5 84
      vertex 61.4908 19.675 84
    endloop
  endfacet
  facet normal 0 0 1
    outer loop
      vertex 16.5 11.5 84
      vertex 61.4908 19.675 84
      vertex 57.5122 20.1988 84
    endloop
  endfacet
  facet normal 0 0 1
    outer loop
      vertex 16.5 11.5 84
      vertex 52.2223 21.5 84
      vertex 21.5 21.5 84
    endloop
  endfacet
  facet normal 0 0 1
    outer loop
      vertex 52.2223 21.5 84
      vertex 16.5 11.5 84
      vertex 53.5943 21.0674 84
    endloop
  endfacet
  facet normal 0 0 1
    outer loop
      vertex 53.5943 21.0674 84
      vertex 16.5 11.5 84
      vertex 57.5122 20.1988 84
    endloop
  endfacet
  facet normal 0 0 1
    outer loop
      vertex 11.5 24 84
      vertex 21.0674 53.5943 84
      vertex 20.1988 57.5122 84
    endloop
  endfacet
  facet normal 0 0 1
    outer loop
      vertex 11.5 24 84
      vertex 20.1988 57.5122 84
      vertex 19.675 61.4908 84
    endloop
  endfacet
  facet normal 0 0 1
    outer loop
      vertex 19.675 69.5092 84
      vertex 11.5 107 84
      vertex 19.5 65.5 84
    endloop
  endfacet
  facet normal 0 0 1
    outer loop
      vertex 11.5 24 84
      vertex 19.5 65.5 84
      vertex 11.5 107 84
    endloop
  endfacet
  facet normal 0 0 1
    outer loop
      vertex 65.5 19.5 84
      vertex 16.5 11.5 84
      vertex 114.5 11.5 84
    endloop
  endfacet
  facet normal 0 0 1
    outer loop
      vertex 19.5 65.5 84
      vertex 11.5 24 84
      vertex 19.675 61.4908 84
    endloop
  endfacet
  facet normal 0 0 1
    outer loop
      vertex 11.5 114.5 84
      vertex 16.5 119.5 84
      vertex 16.0642 119.481 84
    endloop
  endfacet
  facet normal 0 0 1
    outer loop
      vertex 21.5 52.2223 84
      vertex 11.5 24 84
      vertex 21.5 21.5 84
    endloop
  endfacet
  facet normal 0 0 1
    outer loop
      vertex 11.5 114.5 84
      vertex 16.0642 119.481 84
      vertex 15.6318 119.424 84
    endloop
  endfacet
  facet normal 0 0 1
    outer loop
      vertex 11.5 18 84
      vertex 21.5 21.5 84
      vertex 11.5 24 84
    endloop
  endfacet
  facet normal 0 0 1
    outer loop
      vertex 11.5 114.5 84
      vertex 15.6318 119.424 84
      vertex 15.2059 119.33 84
    endloop
  endfacet
  facet normal 0 0 1
    outer loop
      vertex 21.5 21.5 84
      vertex 11.5 18 84
      vertex 16.5 11.5 84
    endloop
  endfacet
  facet normal 0 0 1
    outer loop
      vertex 11.5 114.5 84
      vertex 15.2059 119.33 84
      vertex 14.7899 119.198 84
    endloop
  endfacet
  facet normal -0 0 1
    outer loop
      vertex 11.5 16.5 84
      vertex 16.5 11.5 84
      vertex 11.5 18 84
    endloop
  endfacet
  facet normal 0 0 1
    outer loop
      vertex 11.5 114.5 84
      vertex 14.7899 119.198 84
      vertex 14.3869 119.032 84
    endloop
  endfacet
  facet normal 0 0 1
    outer loop
      vertex 16.5 11.5 84
      vertex 11.5 16.5 84
      vertex 16.0642 11.519 84
    endloop
  endfacet
  facet normal 0 0 1
    outer loop
      vertex 11.5 114.5 84
      vertex 14.3869 119.032 84
      vertex 14 118.83 84
    endloop
  endfacet
  facet normal 0 0 1
    outer loop
      vertex 16.0642 11.519 84
      vertex 11.5 16.5 84
      vertex 15.6318 11.576 84
    endloop
  endfacet
  facet normal 0 0 1
    outer loop
      vertex 11.5 114.5 84
      vertex 14 118.83 84
      vertex 13.6321 118.596 84
    endloop
  endfacet
  facet normal 0 0 1
    outer loop
      vertex 15.6318 11.576 84
      vertex 11.5 16.5 84
      vertex 15.2059 11.6704 84
    endloop
  endfacet
  facet normal 0 0 1
    outer loop
      vertex 11.5 114.5 84
      vertex 13.6321 118.596 84
      vertex 13.2861 118.33 84
    endloop
  endfacet
  facet normal 0 0 1
    outer loop
      vertex 15.2059 11.6704 84
      vertex 11.5 16.5 84
      vertex 14.7899 11.8015 84
    endloop
  endfacet
  facet normal 0 0 1
    outer loop
      vertex 11.5 114.5 84
      vertex 13.2861 118.33 84
      vertex 12.9645 118.036 84
    endloop
  endfacet
  facet normal 0 0 1
    outer loop
      vertex 14.7899 11.8015 84
      vertex 11.5 16.5 84
      vertex 14.3869 11.9685 84
    endloop
  endfacet
  facet normal 0 0 1
    outer loop
      vertex 11.5 114.5 84
      vertex 12.9645 118.036 84
      vertex 12.6698 117.714 84
    endloop
  endfacet
  facet normal 0 0 1
    outer loop
      vertex 14.3869 11.9685 84
      vertex 11.5 16.5 84
      vertex 14 12.1699 84
    endloop
  endfacet
  facet normal 0 0 1
    outer loop
      vertex 11.5 114.5 84
      vertex 12.6698 117.714 84
      vertex 12.4042 117.368 84
    endloop
  endfacet
  facet normal 0 0 1
    outer loop
      vertex 14 12.1699 84
      vertex 11.5 16.5 84
      vertex 13.6321 12.4042 84
    endloop
  endfacet
  facet normal 0 0 1
    outer loop
      vertex 11.5 114.5 84
      vertex 12.4042 117.368 84
      vertex 12.1699 117 84
    endloop
  endfacet
  facet normal 0 0 1
    outer loop
      vertex 13.6321 12.4042 84
      vertex 11.5 16.5 84
      vertex 13.2861 12.6698 84
    endloop
  endfacet
  facet normal 0 0 1
    outer loop
      vertex 11.5 114.5 84
      vertex 12.1699 117 84
      vertex 11.9685 116.613 84
    endloop
  endfacet
  facet normal 0 0 1
    outer loop
      vertex 13.2861 12.6698 84
      vertex 11.5 16.5 84
      vertex 12.9645 12.9645 84
    endloop
  endfacet
  facet normal 0 0 1
    outer loop
      vertex 11.5 114.5 84
      vertex 11.9685 116.613 84
      vertex 11.8015 116.21 84
    endloop
  endfacet
  facet normal 0 0 1
    outer loop
      vertex 12.9645 12.9645 84
      vertex 11.5 16.5 84
      vertex 12.6698 13.2861 84
    endloop
  endfacet
  facet normal 0 0 1
    outer loop
      vertex 11.5 114.5 84
      vertex 11.8015 116.21 84
      vertex 11.6704 115.794 84
    endloop
  endfacet
  facet normal 0 0 1
    outer loop
      vertex 12.6698 13.2861 84
      vertex 11.5 16.5 84
      vertex 12.4042 13.6321 84
    endloop
  endfacet
  facet normal 0 0 1
    outer loop
      vertex 11.5 114.5 84
      vertex 11.6704 115.794 84
      vertex 11.576 115.368 84
    endloop
  endfacet
  facet normal 0 0 1
    outer loop
      vertex 12.4042 13.6321 84
      vertex 11.5 16.5 84
      vertex 12.1699 14 84
    endloop
  endfacet
  facet normal 0 0 1
    outer loop
      vertex 11.5 114.5 84
      vertex 11.576 115.368 84
      vertex 11.519 114.936 84
    endloop
  endfacet
  facet normal 0 0 1
    outer loop
      vertex 16.5 119.5 84
      vertex 11.5 113 84
      vertex 11.5 107 84
    endloop
  endfacet
  facet normal 0 0 1
    outer loop
      vertex 16.5 119.5 84
      vertex 11.5 114.5 84
      vertex 11.5 113 84
    endloop
  endfacet
  facet normal 0 0 1
    outer loop
      vertex 12.1699 14 84
      vertex 11.5 16.5 84
      vertex 11.9685 14.3869 84
    endloop
  endfacet
  facet normal 0 0 1
    outer loop
      vertex 11.9685 14.3869 84
      vertex 11.5 16.5 84
      vertex 11.8015 14.7899 84
    endloop
  endfacet
  facet normal 0 0 1
    outer loop
      vertex 11.8015 14.7899 84
      vertex 11.5 16.5 84
      vertex 11.6704 15.2059 84
    endloop
  endfacet
  facet normal 0 0 1
    outer loop
      vertex 11.6704 15.2059 84
      vertex 11.5 16.5 84
      vertex 11.576 15.6318 84
    endloop
  endfacet
  facet normal 0 0 1
    outer loop
      vertex 11.576 15.6318 84
      vertex 11.5 16.5 84
      vertex 11.519 16.0642 84
    endloop
  endfacet
  facet normal 0 0 1
    outer loop
      vertex 119.5 107 84
      vertex 109.5 78.7777 84
      vertex 109.933 77.4057 84
    endloop
  endfacet
  facet normal -0.537356 -0.843356 0
    outer loop
      vertex 1.06606 18.4521 0
      vertex 1.25 18.3349 84
      vertex 1.06606 18.4521 84
    endloop
  endfacet
  facet normal -0.537356 -0.843356 -0
    outer loop
      vertex 1.25 18.3349 84
      vertex 1.06606 18.4521 0
      vertex 1.25 18.3349 0
    endloop
  endfacet
  facet normal 0.461735 0.887018 -0
    outer loop
      vertex 4.75 23.6651 50
      vertex 4.55655 23.7658 76
      vertex 4.75 23.6651 76
    endloop
  endfacet
  facet normal 0.461735 0.887018 0
    outer loop
      vertex 4.55655 23.7658 76
      vertex 4.75 23.6651 50
      vertex 4.55655 23.7658 50
    endloop
  endfacet
  facet normal 0.843344 0.537374 1.23109e-19
    outer loop
      vertex 5.66506 22.75 76
      vertex 5.54788 22.9339 50
      vertex 5.54788 22.9339 76
    endloop
  endfacet
  facet normal 0.843344 0.537374 1.23109e-19
    outer loop
      vertex 5.54788 22.9339 50
      vertex 5.66506 22.75 76
      vertex 5.66506 22.75 50
    endloop
  endfacet
  facet normal 0.608846 -0.793288 0
    outer loop
      vertex 4.93394 18.4521 50
      vertex 5.10697 18.5849 76
      vertex 4.93394 18.4521 76
    endloop
  endfacet
  facet normal 0.608846 -0.793288 0
    outer loop
      vertex 5.10697 18.5849 76
      vertex 4.93394 18.4521 50
      vertex 5.10697 18.5849 50
    endloop
  endfacet
  facet normal 0.0435586 0.999051 -0
    outer loop
      vertex 3.71789 23.9905 50
      vertex 3.5 24 76
      vertex 3.71789 23.9905 76
    endloop
  endfacet
  facet normal 0.0435586 0.999051 0
    outer loop
      vertex 3.5 24 76
      vertex 3.71789 23.9905 50
      vertex 3.5 24 50
    endloop
  endfacet
  facet normal -0.67548 -0.737378 0
    outer loop
      vertex 0.732232 18.7322 0
      vertex 0.89303 18.5849 84
      vertex 0.732232 18.7322 84
    endloop
  endfacet
  facet normal -0.67548 -0.737378 -0
    outer loop
      vertex 0.89303 18.5849 84
      vertex 0.732232 18.7322 0
      vertex 0.89303 18.5849 0
    endloop
  endfacet
  facet normal -0.130674 0.991425 0
    outer loop
      vertex 2.28211 23.9905 50
      vertex 2.06588 23.962 84
      vertex 2.28211 23.9905 84
    endloop
  endfacet
  facet normal -0.130674 0.991425 0
    outer loop
      vertex 2.06588 23.962 84
      vertex 2.28211 23.9905 50
      vertex 2.06588 23.962 50
    endloop
  endfacet
  facet normal -0.0435586 0.999051 0
    outer loop
      vertex 2.5 24 50
      vertex 2.28211 23.9905 84
      vertex 2.5 24 84
    endloop
  endfacet
  facet normal -0.0435586 0.999051 0
    outer loop
      vertex 2.28211 23.9905 84
      vertex 2.5 24 50
      vertex 2.28211 23.9905 50
    endloop
  endfacet
  facet normal -0.216416 -0.976301 1.0222e-07
    outer loop
      vertex 1.85295 18.0852 84
      vertex 2 18.0526 50
      vertex 2.06588 18.038 84
    endloop
  endfacet
  facet normal -0.216438 -0.976296 0
    outer loop
      vertex 1.85295 18.0852 0
      vertex 2 18.0526 50
      vertex 1.85295 18.0852 84
    endloop
  endfacet
  facet normal -0.216438 -0.976296 -0
    outer loop
      vertex 2 18.0526 50
      vertex 1.85295 18.0852 0
      vertex 2 18.0526 0
    endloop
  endfacet
  facet normal -0.216366 -0.976312 -0
    outer loop
      vertex 2.06588 18.038 84
      vertex 2 18.0526 50
      vertex 2.06588 18.038 50
    endloop
  endfacet
  facet normal -0.382433 -0.923983 0
    outer loop
      vertex 1.44345 18.2342 0
      vertex 1.64495 18.1508 84
      vertex 1.44345 18.2342 84
    endloop
  endfacet
  facet normal -0.382433 -0.923983 -0
    outer loop
      vertex 1.64495 18.1508 84
      vertex 1.44345 18.2342 0
      vertex 1.64495 18.1508 0
    endloop
  endfacet
  facet normal -0.461735 -0.887018 0
    outer loop
      vertex 1.25 18.3349 0
      vertex 1.44345 18.2342 84
      vertex 1.25 18.3349 84
    endloop
  endfacet
  facet normal -0.461735 -0.887018 -0
    outer loop
      vertex 1.44345 18.2342 84
      vertex 1.25 18.3349 0
      vertex 1.44345 18.2342 0
    endloop
  endfacet
  facet normal -0.737282 -0.675585 3.16814e-20
    outer loop
      vertex 0.732232 18.7322 0
      vertex 0.584888 18.893 84
      vertex 0.584888 18.893 0
    endloop
  endfacet
  facet normal -0.737282 -0.675585 3.16814e-20
    outer loop
      vertex 0.584888 18.893 84
      vertex 0.732232 18.7322 0
      vertex 0.732232 18.7322 84
    endloop
  endfacet
  facet normal 1 -0 0
    outer loop
      vertex 6 20.5 76
      vertex 6 21.5 50
      vertex 6 21.5 76
    endloop
  endfacet
  facet normal 1 0 0
    outer loop
      vertex 6 21.5 50
      vertex 6 20.5 76
      vertex 6 20.5 50
    endloop
  endfacet
  facet normal 0.953761 -0.300565 -8.92501e-20
    outer loop
      vertex 5.84923 19.6449 76
      vertex 5.91481 19.853 50
      vertex 5.91481 19.853 76
    endloop
  endfacet
  facet normal 0.953761 -0.300565 -8.92501e-20
    outer loop
      vertex 5.91481 19.853 50
      vertex 5.84923 19.6449 76
      vertex 5.84923 19.6449 50
    endloop
  endfacet
  facet normal -0.999048 0.0436156 6.10597e-21
    outer loop
      vertex 0 21.5 0
      vertex 0.0095129 21.7179 84
      vertex 0.0095129 21.7179 0
    endloop
  endfacet
  facet normal -0.999048 0.0436156 6.10597e-21
    outer loop
      vertex 0.0095129 21.7179 84
      vertex 0 21.5 0
      vertex 0 21.5 84
    endloop
  endfacet
  facet normal 0.130674 0.991425 -0
    outer loop
      vertex 3.93412 23.962 50
      vertex 3.71789 23.9905 76
      vertex 3.93412 23.962 76
    endloop
  endfacet
  facet normal 0.130674 0.991425 0
    outer loop
      vertex 3.71789 23.9905 76
      vertex 3.93412 23.962 50
      vertex 3.71789 23.9905 50
    endloop
  endfacet
  facet normal -0.887055 0.461663 6.20798e-20
    outer loop
      vertex 0.23423 22.5565 0
      vertex 0.334936 22.75 84
      vertex 0.334936 22.75 0
    endloop
  endfacet
  facet normal -0.887055 0.461663 6.20798e-20
    outer loop
      vertex 0.334936 22.75 84
      vertex 0.23423 22.5565 0
      vertex 0.23423 22.5565 84
    endloop
  endfacet
  facet normal -0.887055 -0.461663 -6.20798e-20
    outer loop
      vertex 0.334936 19.25 0
      vertex 0.23423 19.4435 84
      vertex 0.23423 19.4435 0
    endloop
  endfacet
  facet normal -0.887055 -0.461663 -6.20798e-20
    outer loop
      vertex 0.23423 19.4435 84
      vertex 0.334936 19.25 0
      vertex 0.334936 19.25 84
    endloop
  endfacet
  facet normal 0.737291 0.675575 1.60427e-19
    outer loop
      vertex 5.41511 23.107 76
      vertex 5.26777 23.2678 50
      vertex 5.26777 23.2678 76
    endloop
  endfacet
  facet normal 0.737291 0.675575 1.60427e-19
    outer loop
      vertex 5.26777 23.2678 50
      vertex 5.41511 23.107 76
      vertex 5.41511 23.107 50
    endloop
  endfacet
  facet normal -0.97629 0.216467 -1.86065e-20
    outer loop
      vertex 0.0379801 21.9341 0
      vertex 0.0851851 22.147 84
      vertex 0.0851851 22.147 0
    endloop
  endfacet
  facet normal -0.97629 0.216467 -1.86065e-20
    outer loop
      vertex 0.0851851 22.147 84
      vertex 0.0379801 21.9341 0
      vertex 0.0379801 21.9341 84
    endloop
  endfacet
  facet normal 0.999049 0.0436024 -1.59821e-20
    outer loop
      vertex 6 21.5 76
      vertex 5.99049 21.7179 50
      vertex 5.99049 21.7179 76
    endloop
  endfacet
  facet normal 0.999049 0.0436024 -1.59821e-20
    outer loop
      vertex 5.99049 21.7179 50
      vertex 6 21.5 76
      vertex 6 21.5 50
    endloop
  endfacet
  facet normal -0.923883 0.382675 -9.1956e-20
    outer loop
      vertex 0.150768 22.355 0
      vertex 0.23423 22.5565 84
      vertex 0.23423 22.5565 0
    endloop
  endfacet
  facet normal -0.923883 0.382675 -9.1956e-20
    outer loop
      vertex 0.23423 22.5565 84
      vertex 0.150768 22.355 0
      vertex 0.150768 22.355 84
    endloop
  endfacet
  facet normal -0.0435586 -0.999051 0
    outer loop
      vertex 2.28211 18.0095 50
      vertex 2.5 18 84
      vertex 2.28211 18.0095 84
    endloop
  endfacet
  facet normal -0.0435586 -0.999051 -0
    outer loop
      vertex 2.5 18 84
      vertex 2.28211 18.0095 50
      vertex 2.5 18 50
    endloop
  endfacet
  facet normal -1 0 0
    outer loop
      vertex 0 20.5 0
      vertex 0 21.5 84
      vertex 0 21.5 0
    endloop
  endfacet
  facet normal -1 -0 0
    outer loop
      vertex 0 21.5 84
      vertex 0 20.5 0
      vertex 0 20.5 84
    endloop
  endfacet
  facet normal -0.737282 0.675585 -3.16814e-20
    outer loop
      vertex 0.584888 23.107 0
      vertex 0.732232 23.2678 84
      vertex 0.732232 23.2678 0
    endloop
  endfacet
  facet normal -0.737282 0.675585 -3.16814e-20
    outer loop
      vertex 0.732232 23.2678 84
      vertex 0.584888 23.107 0
      vertex 0.584888 23.107 84
    endloop
  endfacet
  facet normal -0.97629 -0.216467 1.86065e-20
    outer loop
      vertex 0.0851851 19.853 0
      vertex 0.0379801 20.0659 84
      vertex 0.0379801 20.0659 0
    endloop
  endfacet
  facet normal -0.97629 -0.216467 1.86065e-20
    outer loop
      vertex 0.0379801 20.0659 84
      vertex 0.0851851 19.853 0
      vertex 0.0851851 19.853 84
    endloop
  endfacet
  facet normal 0.130674 -0.991425 0
    outer loop
      vertex 3.71789 18.0095 50
      vertex 3.93412 18.038 76
      vertex 3.71789 18.0095 76
    endloop
  endfacet
  facet normal 0.130674 -0.991425 0
    outer loop
      vertex 3.93412 18.038 76
      vertex 3.71789 18.0095 50
      vertex 3.93412 18.038 50
    endloop
  endfacet
  facet normal 0.608846 0.793288 -0
    outer loop
      vertex 5.10697 23.4151 50
      vertex 4.93394 23.5479 76
      vertex 5.10697 23.4151 76
    endloop
  endfacet
  facet normal 0.608846 0.793288 0
    outer loop
      vertex 4.93394 23.5479 76
      vertex 5.10697 23.4151 50
      vertex 4.93394 23.5479 50
    endloop
  endfacet
  facet normal -0.843336 0.537387 9.46104e-20
    outer loop
      vertex 0.334936 22.75 0
      vertex 0.45212 22.9339 84
      vertex 0.45212 22.9339 0
    endloop
  endfacet
  facet normal -0.843336 0.537387 9.46104e-20
    outer loop
      vertex 0.45212 22.9339 84
      vertex 0.334936 22.75 0
      vertex 0.334936 22.75 84
    endloop
  endfacet
  facet normal 0.675475 0.737383 -0
    outer loop
      vertex 5.26777 23.2678 50
      vertex 5.10697 23.4151 76
      vertex 5.26777 23.2678 76
    endloop
  endfacet
  facet normal 0.675475 0.737383 0
    outer loop
      vertex 5.10697 23.4151 76
      vertex 5.26777 23.2678 50
      vertex 5.10697 23.4151 50
    endloop
  endfacet
  facet normal -0.30078 -0.953693 0
    outer loop
      vertex 1.64495 18.1508 0
      vertex 1.85295 18.0852 84
      vertex 1.64495 18.1508 84
    endloop
  endfacet
  facet normal -0.30078 -0.953693 -0
    outer loop
      vertex 1.85295 18.0852 84
      vertex 1.64495 18.1508 0
      vertex 1.85295 18.0852 0
    endloop
  endfacet
  facet normal 0.887048 -0.461677 -4.88578e-20
    outer loop
      vertex 5.66506 19.25 76
      vertex 5.76577 19.4435 50
      vertex 5.76577 19.4435 76
    endloop
  endfacet
  facet normal 0.887048 -0.461677 -4.88578e-20
    outer loop
      vertex 5.76577 19.4435 50
      vertex 5.66506 19.25 76
      vertex 5.66506 19.25 50
    endloop
  endfacet
  facet normal 0.675475 -0.737383 0
    outer loop
      vertex 5.10697 18.5849 50
      vertex 5.26777 18.7322 76
      vertex 5.10697 18.5849 76
    endloop
  endfacet
  facet normal 0.675475 -0.737383 0
    outer loop
      vertex 5.26777 18.7322 76
      vertex 5.10697 18.5849 50
      vertex 5.26777 18.7322 50
    endloop
  endfacet
  facet normal 0.793474 -0.608605 -2.65167e-19
    outer loop
      vertex 5.41511 18.893 76
      vertex 5.54788 19.0661 50
      vertex 5.54788 19.0661 76
    endloop
  endfacet
  facet normal 0.793474 -0.608605 -2.65167e-19
    outer loop
      vertex 5.54788 19.0661 50
      vertex 5.41511 18.893 76
      vertex 5.41511 18.893 50
    endloop
  endfacet
  facet normal 0.976285 -0.216489 -7.73637e-20
    outer loop
      vertex 5.91481 19.853 76
      vertex 5.96202 20.0659 50
      vertex 5.96202 20.0659 76
    endloop
  endfacet
  facet normal 0.976285 -0.216489 -7.73637e-20
    outer loop
      vertex 5.96202 20.0659 50
      vertex 5.91481 19.853 76
      vertex 5.91481 19.853 50
    endloop
  endfacet
  facet normal 0.537356 0.843356 -0
    outer loop
      vertex 4.93394 23.5479 50
      vertex 4.75 23.6651 76
      vertex 4.93394 23.5479 76
    endloop
  endfacet
  facet normal 0.537356 0.843356 0
    outer loop
      vertex 4.75 23.6651 76
      vertex 4.93394 23.5479 50
      vertex 4.75 23.6651 50
    endloop
  endfacet
  facet normal -0.999048 -0.0436156 -6.10597e-21
    outer loop
      vertex 0.0095129 20.2821 0
      vertex 0 20.5 84
      vertex 0 20.5 0
    endloop
  endfacet
  facet normal -0.999048 -0.0436156 -6.10597e-21
    outer loop
      vertex 0 20.5 84
      vertex 0.0095129 20.2821 0
      vertex 0.0095129 20.2821 84
    endloop
  endfacet
  facet normal 0.923886 0.382668 -3.05181e-19
    outer loop
      vertex 5.84923 22.355 76
      vertex 5.76577 22.5565 50
      vertex 5.76577 22.5565 76
    endloop
  endfacet
  facet normal 0.923886 0.382668 -3.05181e-19
    outer loop
      vertex 5.76577 22.5565 50
      vertex 5.84923 22.355 76
      vertex 5.84923 22.355 50
    endloop
  endfacet
  facet normal 0.216416 0.976301 -0
    outer loop
      vertex 4.14705 23.9148 50
      vertex 3.93412 23.962 76
      vertex 4.14705 23.9148 76
    endloop
  endfacet
  facet normal 0.216416 0.976301 0
    outer loop
      vertex 3.93412 23.962 76
      vertex 4.14705 23.9148 50
      vertex 3.93412 23.962 50
    endloop
  endfacet
  facet normal -0.923816 -0.382838 5.59019e-20
    outer loop
      vertex 0.23423 19.4435 0
      vertex 0.150768 19.6449 84
      vertex 0.150768 19.6449 0
    endloop
  endfacet
  facet normal -0.923816 -0.382838 5.59019e-20
    outer loop
      vertex 0.150768 19.6449 84
      vertex 0.23423 19.4435 0
      vertex 0.23423 19.4435 84
    endloop
  endfacet
  facet normal 0.999049 -0.0436024 1.59821e-20
    outer loop
      vertex 5.99049 20.2821 76
      vertex 6 20.5 50
      vertex 6 20.5 76
    endloop
  endfacet
  facet normal 0.999049 -0.0436024 1.59821e-20
    outer loop
      vertex 6 20.5 50
      vertex 5.99049 20.2821 76
      vertex 5.99049 20.2821 50
    endloop
  endfacet
  facet normal -0.130674 -0.991425 0
    outer loop
      vertex 2.06588 18.038 50
      vertex 2.28211 18.0095 84
      vertex 2.06588 18.038 84
    endloop
  endfacet
  facet normal -0.130674 -0.991425 -0
    outer loop
      vertex 2.28211 18.0095 84
      vertex 2.06588 18.038 50
      vertex 2.28211 18.0095 50
    endloop
  endfacet
  facet normal 0.382433 0.923983 -0
    outer loop
      vertex 4.55655 23.7658 50
      vertex 4.35505 23.8492 76
      vertex 4.55655 23.7658 76
    endloop
  endfacet
  facet normal 0.382433 0.923983 0
    outer loop
      vertex 4.35505 23.8492 76
      vertex 4.55655 23.7658 50
      vertex 4.35505 23.8492 50
    endloop
  endfacet
  facet normal 0.95372 0.300697 9.73061e-20
    outer loop
      vertex 5.91481 22.147 76
      vertex 5.84923 22.355 50
      vertex 5.84923 22.355 76
    endloop
  endfacet
  facet normal 0.95372 0.300697 9.73061e-20
    outer loop
      vertex 5.84923 22.355 50
      vertex 5.91481 22.147 76
      vertex 5.91481 22.147 50
    endloop
  endfacet
  facet normal 0.216416 -0.976301 0
    outer loop
      vertex 3.93412 18.038 50
      vertex 4.14705 18.0852 76
      vertex 3.93412 18.038 76
    endloop
  endfacet
  facet normal 0.216416 -0.976301 0
    outer loop
      vertex 4.14705 18.0852 76
      vertex 3.93412 18.038 50
      vertex 4.14705 18.0852 50
    endloop
  endfacet
  facet normal 0.461735 -0.887018 0
    outer loop
      vertex 4.55655 18.2342 50
      vertex 4.75 18.3349 76
      vertex 4.55655 18.2342 76
    endloop
  endfacet
  facet normal 0.461735 -0.887018 0
    outer loop
      vertex 4.75 18.3349 76
      vertex 4.55655 18.2342 50
      vertex 4.75 18.3349 50
    endloop
  endfacet
  facet normal 0 1 0
    outer loop
      vertex 3.5 24 76
      vertex 11.5 24 84
      vertex 11.5 24 76
    endloop
  endfacet
  facet normal 0 1 0
    outer loop
      vertex 11.5 24 84
      vertex 3.5 24 76
      vertex 2.5 24 84
    endloop
  endfacet
  facet normal 0 1 0
    outer loop
      vertex 2.5 24 50
      vertex 3.5 24 76
      vertex 3.5 24 50
    endloop
  endfacet
  facet normal 0 1 0
    outer loop
      vertex 3.5 24 76
      vertex 2.5 24 50
      vertex 2.5 24 84
    endloop
  endfacet
  facet normal 0 1 0
    outer loop
      vertex 128.5 24 84
      vertex 127.5 24 76
      vertex 119.5 24 84
    endloop
  endfacet
  facet normal 0 1 -0
    outer loop
      vertex 128.5 24 50
      vertex 127.5 24 76
      vertex 128.5 24 84
    endloop
  endfacet
  facet normal 0 1 0
    outer loop
      vertex 127.5 24 76
      vertex 128.5 24 50
      vertex 127.5 24 50
    endloop
  endfacet
  facet normal 0 1 0
    outer loop
      vertex 119.5 24 84
      vertex 127.5 24 76
      vertex 119.5 24 76
    endloop
  endfacet
  facet normal 0.0435586 -0.999051 0
    outer loop
      vertex 3.5 18 50
      vertex 3.71789 18.0095 76
      vertex 3.5 18 76
    endloop
  endfacet
  facet normal 0.0435586 -0.999051 0
    outer loop
      vertex 3.71789 18.0095 76
      vertex 3.5 18 50
      vertex 3.71789 18.0095 50
    endloop
  endfacet
  facet normal 0.537356 -0.843356 0
    outer loop
      vertex 4.75 18.3349 50
      vertex 4.93394 18.4521 76
      vertex 4.75 18.3349 76
    endloop
  endfacet
  facet normal 0.537356 -0.843356 0
    outer loop
      vertex 4.93394 18.4521 76
      vertex 4.75 18.3349 50
      vertex 4.93394 18.4521 50
    endloop
  endfacet
  facet normal 0.30078 0.953693 -0
    outer loop
      vertex 4.35505 23.8492 50
      vertex 4.14705 23.9148 76
      vertex 4.35505 23.8492 76
    endloop
  endfacet
  facet normal 0.30078 0.953693 0
    outer loop
      vertex 4.14705 23.9148 76
      vertex 4.35505 23.8492 50
      vertex 4.14705 23.9148 50
    endloop
  endfacet
  facet normal 0.737291 -0.675575 -1.60427e-19
    outer loop
      vertex 5.26777 18.7322 76
      vertex 5.41511 18.893 50
      vertex 5.41511 18.893 76
    endloop
  endfacet
  facet normal 0.737291 -0.675575 -1.60427e-19
    outer loop
      vertex 5.41511 18.893 50
      vertex 5.26777 18.7322 76
      vertex 5.26777 18.7322 50
    endloop
  endfacet
  facet normal 0.887048 0.461677 4.88578e-20
    outer loop
      vertex 5.76577 22.5565 76
      vertex 5.66506 22.75 50
      vertex 5.66506 22.75 76
    endloop
  endfacet
  facet normal 0.887048 0.461677 4.88578e-20
    outer loop
      vertex 5.66506 22.75 50
      vertex 5.76577 22.5565 76
      vertex 5.76577 22.5565 50
    endloop
  endfacet
  facet normal 0.793474 0.608605 2.65167e-19
    outer loop
      vertex 5.54788 22.9339 76
      vertex 5.41511 23.107 50
      vertex 5.41511 23.107 76
    endloop
  endfacet
  facet normal 0.793474 0.608605 2.65167e-19
    outer loop
      vertex 5.41511 23.107 50
      vertex 5.54788 22.9339 76
      vertex 5.54788 22.9339 50
    endloop
  endfacet
  facet normal -0.793478 -0.608599 -5.38504e-20
    outer loop
      vertex 0.584888 18.893 0
      vertex 0.45212 19.0661 84
      vertex 0.45212 19.0661 0
    endloop
  endfacet
  facet normal -0.793478 -0.608599 -5.38504e-20
    outer loop
      vertex 0.45212 19.0661 84
      vertex 0.584888 18.893 0
      vertex 0.584888 18.893 84
    endloop
  endfacet
  facet normal -0.67548 0.737378 0
    outer loop
      vertex 0.89303 23.4151 0
      vertex 0.732232 23.2678 84
      vertex 0.89303 23.4151 84
    endloop
  endfacet
  facet normal -0.67548 0.737378 0
    outer loop
      vertex 0.732232 23.2678 84
      vertex 0.89303 23.4151 0
      vertex 0.732232 23.2678 0
    endloop
  endfacet
  facet normal -0.953716 0.300709 -2.45053e-20
    outer loop
      vertex 0.0851851 22.147 0
      vertex 0.150768 22.355 84
      vertex 0.150768 22.355 0
    endloop
  endfacet
  facet normal -0.953716 0.300709 -2.45053e-20
    outer loop
      vertex 0.150768 22.355 84
      vertex 0.0851851 22.147 0
      vertex 0.0851851 22.147 84
    endloop
  endfacet
  facet normal 0.991441 -0.130557 -4.91456e-20
    outer loop
      vertex 5.96202 20.0659 76
      vertex 5.99049 20.2821 50
      vertex 5.99049 20.2821 76
    endloop
  endfacet
  facet normal 0.991441 -0.130557 -4.91456e-20
    outer loop
      vertex 5.99049 20.2821 50
      vertex 5.96202 20.0659 76
      vertex 5.96202 20.0659 50
    endloop
  endfacet
  facet normal -0.608846 0.793288 0
    outer loop
      vertex 1.06606 23.5479 0
      vertex 0.89303 23.4151 84
      vertex 1.06606 23.5479 84
    endloop
  endfacet
  facet normal -0.608846 0.793288 0
    outer loop
      vertex 0.89303 23.4151 84
      vertex 1.06606 23.5479 0
      vertex 0.89303 23.4151 0
    endloop
  endfacet
  facet normal 0.382433 -0.923983 0
    outer loop
      vertex 4.35505 18.1508 50
      vertex 4.55655 18.2342 76
      vertex 4.35505 18.1508 76
    endloop
  endfacet
  facet normal 0.382433 -0.923983 0
    outer loop
      vertex 4.55655 18.2342 76
      vertex 4.35505 18.1508 50
      vertex 4.55655 18.2342 50
    endloop
  endfacet
  facet normal 0.991441 0.130557 4.91456e-20
    outer loop
      vertex 5.99049 21.7179 76
      vertex 5.96202 21.9341 50
      vertex 5.96202 21.9341 76
    endloop
  endfacet
  facet normal 0.991441 0.130557 4.91456e-20
    outer loop
      vertex 5.96202 21.9341 50
      vertex 5.99049 21.7179 76
      vertex 5.99049 21.7179 50
    endloop
  endfacet
  facet normal 0 0 -1
    outer loop
      vertex 1.64495 18.1508 0
      vertex 2 18.0526 0
      vertex 1.85295 18.0852 0
    endloop
  endfacet
  facet normal 0 0 -1
    outer loop
      vertex 2 18.0526 0
      vertex 0 20.5 0
      vertex 2 23.9474 0
    endloop
  endfacet
  facet normal 0 0 -1
    outer loop
      vertex 2 18.0526 0
      vertex 1.64495 18.1508 0
      vertex 0 20.5 0
    endloop
  endfacet
  facet normal 0 0 -1
    outer loop
      vertex 0 21.5 0
      vertex 2 23.9474 0
      vertex 0 20.5 0
    endloop
  endfacet
  facet normal 0 0 -1
    outer loop
      vertex 0 20.5 0
      vertex 1.64495 18.1508 0
      vertex 1.44345 18.2342 0
    endloop
  endfacet
  facet normal 0 -0 -1
    outer loop
      vertex 1.64495 23.8492 0
      vertex 2 23.9474 0
      vertex 0 21.5 0
    endloop
  endfacet
  facet normal 0 0 -1
    outer loop
      vertex 0 20.5 0
      vertex 1.44345 18.2342 0
      vertex 1.25 18.3349 0
    endloop
  endfacet
  facet normal 0 0 -1
    outer loop
      vertex 2 23.9474 0
      vertex 1.64495 23.8492 0
      vertex 1.85295 23.9148 0
    endloop
  endfacet
  facet normal 0 0 -1
    outer loop
      vertex 0 20.5 0
      vertex 1.25 18.3349 0
      vertex 1.06606 18.4521 0
    endloop
  endfacet
  facet normal 0 0 -1
    outer loop
      vertex 1.64495 23.8492 0
      vertex 0 21.5 0
      vertex 1.44345 23.7658 0
    endloop
  endfacet
  facet normal 0 0 -1
    outer loop
      vertex 0 20.5 0
      vertex 1.06606 18.4521 0
      vertex 0.89303 18.5849 0
    endloop
  endfacet
  facet normal 0 0 -1
    outer loop
      vertex 1.44345 23.7658 0
      vertex 0 21.5 0
      vertex 1.25 23.6651 0
    endloop
  endfacet
  facet normal 0 0 -1
    outer loop
      vertex 0 20.5 0
      vertex 0.89303 18.5849 0
      vertex 0.732232 18.7322 0
    endloop
  endfacet
  facet normal 0 0 -1
    outer loop
      vertex 1.25 23.6651 0
      vertex 0 21.5 0
      vertex 1.06606 23.5479 0
    endloop
  endfacet
  facet normal 0 0 -1
    outer loop
      vertex 0 20.5 0
      vertex 0.732232 18.7322 0
      vertex 0.584888 18.893 0
    endloop
  endfacet
  facet normal 0 0 -1
    outer loop
      vertex 1.06606 23.5479 0
      vertex 0 21.5 0
      vertex 0.89303 23.4151 0
    endloop
  endfacet
  facet normal 0 0 -1
    outer loop
      vertex 0 20.5 0
      vertex 0.584888 18.893 0
      vertex 0.45212 19.0661 0
    endloop
  endfacet
  facet normal 0 0 -1
    outer loop
      vertex 0.89303 23.4151 0
      vertex 0 21.5 0
      vertex 0.732232 23.2678 0
    endloop
  endfacet
  facet normal 0 0 -1
    outer loop
      vertex 0 20.5 0
      vertex 0.45212 19.0661 0
      vertex 0.334936 19.25 0
    endloop
  endfacet
  facet normal 0 0 -1
    outer loop
      vertex 0.732232 23.2678 0
      vertex 0 21.5 0
      vertex 0.584888 23.107 0
    endloop
  endfacet
  facet normal 0 0 -1
    outer loop
      vertex 0 20.5 0
      vertex 0.334936 19.25 0
      vertex 0.23423 19.4435 0
    endloop
  endfacet
  facet normal 0 0 -1
    outer loop
      vertex 0.584888 23.107 0
      vertex 0 21.5 0
      vertex 0.45212 22.9339 0
    endloop
  endfacet
  facet normal 0 0 -1
    outer loop
      vertex 0 20.5 0
      vertex 0.23423 19.4435 0
      vertex 0.150768 19.6449 0
    endloop
  endfacet
  facet normal 0 0 -1
    outer loop
      vertex 0.45212 22.9339 0
      vertex 0 21.5 0
      vertex 0.334936 22.75 0
    endloop
  endfacet
  facet normal 0 0 -1
    outer loop
      vertex 0 20.5 0
      vertex 0.150768 19.6449 0
      vertex 0.0851851 19.853 0
    endloop
  endfacet
  facet normal 0 0 -1
    outer loop
      vertex 0.334936 22.75 0
      vertex 0 21.5 0
      vertex 0.23423 22.5565 0
    endloop
  endfacet
  facet normal 0 0 -1
    outer loop
      vertex 0 20.5 0
      vertex 0.0851851 19.853 0
      vertex 0.0379801 20.0659 0
    endloop
  endfacet
  facet normal 0 0 -1
    outer loop
      vertex 0.23423 22.5565 0
      vertex 0 21.5 0
      vertex 0.150768 22.355 0
    endloop
  endfacet
  facet normal 0 0 -1
    outer loop
      vertex 0 20.5 0
      vertex 0.0379801 20.0659 0
      vertex 0.0095129 20.2821 0
    endloop
  endfacet
  facet normal 0 0 -1
    outer loop
      vertex 0.150768 22.355 0
      vertex 0 21.5 0
      vertex 0.0851851 22.147 0
    endloop
  endfacet
  facet normal 0 0 -1
    outer loop
      vertex 0.0851851 22.147 0
      vertex 0 21.5 0
      vertex 0.0379801 21.9341 0
    endloop
  endfacet
  facet normal 0 0 -1
    outer loop
      vertex 0.0379801 21.9341 0
      vertex 0 21.5 0
      vertex 0.0095129 21.7179 0
    endloop
  endfacet
  facet normal 0.30078 -0.953693 0
    outer loop
      vertex 4.14705 18.0852 50
      vertex 4.35505 18.1508 76
      vertex 4.14705 18.0852 76
    endloop
  endfacet
  facet normal 0.30078 -0.953693 0
    outer loop
      vertex 4.35505 18.1508 76
      vertex 4.14705 18.0852 50
      vertex 4.35505 18.1508 50
    endloop
  endfacet
  facet normal -0.382433 0.923983 0
    outer loop
      vertex 1.64495 23.8492 0
      vertex 1.44345 23.7658 84
      vertex 1.64495 23.8492 84
    endloop
  endfacet
  facet normal -0.382433 0.923983 0
    outer loop
      vertex 1.44345 23.7658 84
      vertex 1.64495 23.8492 0
      vertex 1.44345 23.7658 0
    endloop
  endfacet
  facet normal -0.793478 0.608599 5.38504e-20
    outer loop
      vertex 0.45212 22.9339 0
      vertex 0.584888 23.107 84
      vertex 0.584888 23.107 0
    endloop
  endfacet
  facet normal -0.793478 0.608599 5.38504e-20
    outer loop
      vertex 0.584888 23.107 84
      vertex 0.45212 22.9339 0
      vertex 0.45212 22.9339 84
    endloop
  endfacet
  facet normal -0.991443 -0.130544 1.90937e-20
    outer loop
      vertex 0.0379801 20.0659 0
      vertex 0.0095129 20.2821 84
      vertex 0.0095129 20.2821 0
    endloop
  endfacet
  facet normal -0.991443 -0.130544 1.90937e-20
    outer loop
      vertex 0.0095129 20.2821 84
      vertex 0.0379801 20.0659 0
      vertex 0.0379801 20.0659 84
    endloop
  endfacet
  facet normal -0.461735 0.887018 0
    outer loop
      vertex 1.44345 23.7658 0
      vertex 1.25 23.6651 84
      vertex 1.44345 23.7658 84
    endloop
  endfacet
  facet normal -0.461735 0.887018 0
    outer loop
      vertex 1.25 23.6651 84
      vertex 1.44345 23.7658 0
      vertex 1.25 23.6651 0
    endloop
  endfacet
  facet normal 0.923819 -0.38283 -5.902e-20
    outer loop
      vertex 5.76577 19.4435 76
      vertex 5.84923 19.6449 50
      vertex 5.84923 19.6449 76
    endloop
  endfacet
  facet normal 0.923819 -0.38283 -5.902e-20
    outer loop
      vertex 5.84923 19.6449 50
      vertex 5.76577 19.4435 76
      vertex 5.76577 19.4435 50
    endloop
  endfacet
  facet normal 0.976285 0.216489 7.73637e-20
    outer loop
      vertex 5.96202 21.9341 76
      vertex 5.91481 22.147 50
      vertex 5.91481 22.147 76
    endloop
  endfacet
  facet normal 0.976285 0.216489 7.73637e-20
    outer loop
      vertex 5.91481 22.147 50
      vertex 5.96202 21.9341 76
      vertex 5.96202 21.9341 50
    endloop
  endfacet
  facet normal -0.537356 0.843356 0
    outer loop
      vertex 1.25 23.6651 0
      vertex 1.06606 23.5479 84
      vertex 1.25 23.6651 84
    endloop
  endfacet
  facet normal -0.537356 0.843356 0
    outer loop
      vertex 1.06606 23.5479 84
      vertex 1.25 23.6651 0
      vertex 1.06606 23.5479 0
    endloop
  endfacet
  facet normal 0.536703 0.843771 -0
    outer loop
      vertex 4.93394 112.548 50
      vertex 4.75 112.665 76
      vertex 4.93394 112.548 76
    endloop
  endfacet
  facet normal 0.536703 0.843771 0
    outer loop
      vertex 4.75 112.665 76
      vertex 4.93394 112.548 50
      vertex 4.75 112.665 50
    endloop
  endfacet
  facet normal -0.215541 -0.976495 -1.31631e-05
    outer loop
      vertex 1.85295 107.085 84
      vertex 2 107.053 50
      vertex 2.06588 107.038 84
    endloop
  endfacet
  facet normal -0.212637 -0.977131 0
    outer loop
      vertex 1.85295 107.085 0
      vertex 2 107.053 50
      vertex 1.85295 107.085 84
    endloop
  endfacet
  facet normal -0.212637 -0.977131 -0
    outer loop
      vertex 2 107.053 50
      vertex 1.85295 107.085 0
      vertex 2 107.053 0
    endloop
  endfacet
  facet normal -0.222005 -0.975046 -0
    outer loop
      vertex 2.06588 107.038 84
      vertex 2 107.053 50
      vertex 2.06588 107.038 50
    endloop
  endfacet
  facet normal 0.886558 0.462618 -1.58611e-19
    outer loop
      vertex 5.76577 111.557 76
      vertex 5.66506 111.75 50
      vertex 5.66506 111.75 76
    endloop
  endfacet
  facet normal 0.886558 0.462618 -1.58611e-19
    outer loop
      vertex 5.66506 111.75 50
      vertex 5.76577 111.557 76
      vertex 5.76577 111.557 50
    endloop
  endfacet
  facet normal -0.976311 -0.21637 1.89782e-20
    outer loop
      vertex 0.0851851 108.853 0
      vertex 0.0379801 109.066 84
      vertex 0.0379801 109.066 0
    endloop
  endfacet
  facet normal -0.976311 -0.21637 1.89782e-20
    outer loop
      vertex 0.0379801 109.066 84
      vertex 0.0851851 108.853 0
      vertex 0.0851851 108.853 84
    endloop
  endfacet
  facet normal 0.0458465 0.998948 -0
    outer loop
      vertex 3.71789 112.99 50
      vertex 3.5 113 76
      vertex 3.71789 112.99 76
    endloop
  endfacet
  facet normal 0.0458465 0.998948 0
    outer loop
      vertex 3.5 113 76
      vertex 3.71789 112.99 50
      vertex 3.5 113 50
    endloop
  endfacet
  facet normal -0.924217 0.381867 -8.27946e-20
    outer loop
      vertex 0.150768 111.355 0
      vertex 0.23423 111.557 84
      vertex 0.23423 111.557 0
    endloop
  endfacet
  facet normal -0.924217 0.381867 -8.27946e-20
    outer loop
      vertex 0.23423 111.557 84
      vertex 0.150768 111.355 0
      vertex 0.150768 111.355 84
    endloop
  endfacet
  facet normal -0.302447 -0.953166 0
    outer loop
      vertex 1.64495 107.151 0
      vertex 1.85295 107.085 84
      vertex 1.64495 107.151 84
    endloop
  endfacet
  facet normal -0.302447 -0.953166 -0
    outer loop
      vertex 1.85295 107.085 84
      vertex 1.64495 107.151 0
      vertex 1.85295 107.085 0
    endloop
  endfacet
  facet normal -0.793308 -0.60882 -2.13394e-20
    outer loop
      vertex 0.584888 107.893 0
      vertex 0.45212 108.066 84
      vertex 0.45212 108.066 0
    endloop
  endfacet
  facet normal -0.793308 -0.60882 -2.13394e-20
    outer loop
      vertex 0.45212 108.066 84
      vertex 0.584888 107.893 0
      vertex 0.584888 107.893 84
    endloop
  endfacet
  facet normal 0 1 0
    outer loop
      vertex 3.5 113 76
      vertex 11.5 113 84
      vertex 11.5 113 76
    endloop
  endfacet
  facet normal 0 1 0
    outer loop
      vertex 11.5 113 84
      vertex 3.5 113 76
      vertex 2.5 113 84
    endloop
  endfacet
  facet normal 0 1 0
    outer loop
      vertex 2.5 113 50
      vertex 3.5 113 76
      vertex 3.5 113 50
    endloop
  endfacet
  facet normal 0 1 0
    outer loop
      vertex 3.5 113 76
      vertex 2.5 113 50
      vertex 2.5 113 84
    endloop
  endfacet
  facet normal 0 1 0
    outer loop
      vertex 128.5 113 84
      vertex 127.5 113 76
      vertex 119.5 113 84
    endloop
  endfacet
  facet normal 0 1 -0
    outer loop
      vertex 128.5 113 50
      vertex 127.5 113 76
      vertex 128.5 113 84
    endloop
  endfacet
  facet normal 0 1 0
    outer loop
      vertex 127.5 113 76
      vertex 128.5 113 50
      vertex 127.5 113 50
    endloop
  endfacet
  facet normal 0 1 0
    outer loop
      vertex 119.5 113 84
      vertex 127.5 113 76
      vertex 119.5 113 76
    endloop
  endfacet
  facet normal -1 0 0
    outer loop
      vertex 0 109.5 0
      vertex 0 110.5 84
      vertex 0 110.5 0
    endloop
  endfacet
  facet normal -1 -0 0
    outer loop
      vertex 0 110.5 84
      vertex 0 109.5 0
      vertex 0 109.5 84
    endloop
  endfacet
  facet normal 0.95372 -0.300697 1.14443e-19
    outer loop
      vertex 5.84923 108.645 76
      vertex 5.91481 108.853 50
      vertex 5.91481 108.853 76
    endloop
  endfacet
  facet normal 0.95372 -0.300697 1.14443e-19
    outer loop
      vertex 5.91481 108.853 50
      vertex 5.84923 108.645 76
      vertex 5.84923 108.645 50
    endloop
  endfacet
  facet normal 0.462817 -0.886454 0
    outer loop
      vertex 4.55655 107.234 50
      vertex 4.75 107.335 76
      vertex 4.55655 107.234 76
    endloop
  endfacet
  facet normal 0.462817 -0.886454 0
    outer loop
      vertex 4.75 107.335 76
      vertex 4.55655 107.234 50
      vertex 4.75 107.335 50
    endloop
  endfacet
  facet normal 0.793304 0.608826 -1.0385e-19
    outer loop
      vertex 5.54788 111.934 76
      vertex 5.41511 112.107 50
      vertex 5.41511 112.107 76
    endloop
  endfacet
  facet normal 0.793304 0.608826 -1.0385e-19
    outer loop
      vertex 5.41511 112.107 50
      vertex 5.54788 111.934 76
      vertex 5.54788 111.934 50
    endloop
  endfacet
  facet normal 0.462817 0.886454 -0
    outer loop
      vertex 4.75 112.665 50
      vertex 4.55655 112.766 76
      vertex 4.75 112.665 76
    endloop
  endfacet
  facet normal 0.462817 0.886454 0
    outer loop
      vertex 4.55655 112.766 76
      vertex 4.75 112.665 50
      vertex 4.55655 112.766 50
    endloop
  endfacet
  facet normal -0.0458465 0.998948 0
    outer loop
      vertex 2.5 113 50
      vertex 2.28211 112.99 84
      vertex 2.5 113 84
    endloop
  endfacet
  facet normal -0.0458465 0.998948 0
    outer loop
      vertex 2.28211 112.99 84
      vertex 2.5 113 50
      vertex 2.28211 112.99 50
    endloop
  endfacet
  facet normal 0.737709 -0.675119 -2.29625e-19
    outer loop
      vertex 5.26777 107.732 76
      vertex 5.41511 107.893 50
      vertex 5.41511 107.893 76
    endloop
  endfacet
  facet normal 0.737709 -0.675119 -2.29625e-19
    outer loop
      vertex 5.41511 107.893 50
      vertex 5.26777 107.732 76
      vertex 5.26777 107.732 50
    endloop
  endfacet
  facet normal -0.380865 -0.924631 0
    outer loop
      vertex 1.44345 107.234 0
      vertex 1.64495 107.151 84
      vertex 1.44345 107.234 84
    endloop
  endfacet
  facet normal -0.380865 -0.924631 -0
    outer loop
      vertex 1.64495 107.151 84
      vertex 1.44345 107.234 0
      vertex 1.64495 107.151 0
    endloop
  endfacet
  facet normal 0.924221 0.381859 -2.89958e-19
    outer loop
      vertex 5.84923 111.355 76
      vertex 5.76577 111.557 50
      vertex 5.76577 111.557 76
    endloop
  endfacet
  facet normal 0.924221 0.381859 -2.89958e-19
    outer loop
      vertex 5.76577 111.557 50
      vertex 5.84923 111.355 76
      vertex 5.84923 111.355 50
    endloop
  endfacet
  facet normal -0.843468 0.537179 -2.83013e-20
    outer loop
      vertex 0.334936 111.75 0
      vertex 0.45212 111.934 84
      vertex 0.45212 111.934 0
    endloop
  endfacet
  facet normal -0.843468 0.537179 -2.83013e-20
    outer loop
      vertex 0.45212 111.934 84
      vertex 0.334936 111.75 0
      vertex 0.334936 111.75 84
    endloop
  endfacet
  facet normal -0.953716 0.300709 4.04733e-20
    outer loop
      vertex 0.0851851 111.147 0
      vertex 0.150768 111.355 84
      vertex 0.150768 111.355 0
    endloop
  endfacet
  facet normal -0.953716 0.300709 4.04733e-20
    outer loop
      vertex 0.150768 111.355 84
      vertex 0.0851851 111.147 0
      vertex 0.0851851 111.147 84
    endloop
  endfacet
  facet normal -0.953716 -0.300709 -4.04733e-20
    outer loop
      vertex 0.150768 108.645 0
      vertex 0.0851851 108.853 84
      vertex 0.0851851 108.853 0
    endloop
  endfacet
  facet normal -0.953716 -0.300709 -4.04733e-20
    outer loop
      vertex 0.0851851 108.853 84
      vertex 0.150768 108.645 0
      vertex 0.150768 108.645 84
    endloop
  endfacet
  facet normal -0.843468 -0.537179 2.83013e-20
    outer loop
      vertex 0.45212 108.066 0
      vertex 0.334936 108.25 84
      vertex 0.334936 108.25 0
    endloop
  endfacet
  facet normal -0.843468 -0.537179 2.83013e-20
    outer loop
      vertex 0.334936 108.25 84
      vertex 0.45212 108.066 0
      vertex 0.45212 108.066 84
    endloop
  endfacet
  facet normal -0.609423 -0.792845 0
    outer loop
      vertex 0.89303 107.585 0
      vertex 1.06606 107.452 84
      vertex 0.89303 107.585 84
    endloop
  endfacet
  facet normal -0.609423 -0.792845 -0
    outer loop
      vertex 1.06606 107.452 84
      vertex 0.89303 107.585 0
      vertex 1.06606 107.452 0
    endloop
  endfacet
  facet normal 0.12842 -0.99172 0
    outer loop
      vertex 3.71789 107.01 50
      vertex 3.93412 107.038 76
      vertex 3.71789 107.01 76
    endloop
  endfacet
  facet normal 0.12842 -0.99172 0
    outer loop
      vertex 3.93412 107.038 76
      vertex 3.71789 107.01 50
      vertex 3.93412 107.038 50
    endloop
  endfacet
  facet normal -0.999049 0.0435957 -7.04147e-22
    outer loop
      vertex 0 110.5 0
      vertex 0.0095129 110.718 84
      vertex 0.0095129 110.718 0
    endloop
  endfacet
  facet normal -0.999049 0.0435957 -7.04147e-22
    outer loop
      vertex 0.0095129 110.718 84
      vertex 0 110.5 0
      vertex 0 110.5 84
    endloop
  endfacet
  facet normal 0.99905 0.0435824 -1.18234e-20
    outer loop
      vertex 6 110.5 76
      vertex 5.99049 110.718 50
      vertex 5.99049 110.718 76
    endloop
  endfacet
  facet normal 0.99905 0.0435824 -1.18234e-20
    outer loop
      vertex 5.99049 110.718 50
      vertex 6 110.5 76
      vertex 6 110.5 50
    endloop
  endfacet
  facet normal 0.976307 -0.216392 -2.7287e-20
    outer loop
      vertex 5.91481 108.853 76
      vertex 5.96202 109.066 50
      vertex 5.96202 109.066 76
    endloop
  endfacet
  facet normal 0.976307 -0.216392 -2.7287e-20
    outer loop
      vertex 5.96202 109.066 50
      vertex 5.91481 108.853 76
      vertex 5.91481 108.853 50
    endloop
  endfacet
  facet normal 0.843476 -0.537166 -1.82651e-19
    outer loop
      vertex 5.54788 108.066 76
      vertex 5.66506 108.25 50
      vertex 5.66506 108.25 76
    endloop
  endfacet
  facet normal 0.843476 -0.537166 -1.82651e-19
    outer loop
      vertex 5.66506 108.25 50
      vertex 5.54788 108.066 76
      vertex 5.54788 108.066 50
    endloop
  endfacet
  facet normal 0.380865 0.924631 -0
    outer loop
      vertex 4.55655 112.766 50
      vertex 4.35505 112.849 76
      vertex 4.55655 112.766 76
    endloop
  endfacet
  facet normal 0.380865 0.924631 0
    outer loop
      vertex 4.35505 112.849 76
      vertex 4.55655 112.766 50
      vertex 4.35505 112.849 50
    endloop
  endfacet
  facet normal 0.12842 0.99172 -0
    outer loop
      vertex 3.93412 112.962 50
      vertex 3.71789 112.99 76
      vertex 3.93412 112.962 76
    endloop
  endfacet
  facet normal 0.12842 0.99172 0
    outer loop
      vertex 3.71789 112.99 76
      vertex 3.93412 112.962 50
      vertex 3.71789 112.99 50
    endloop
  endfacet
  facet normal -0.536703 0.843771 0
    outer loop
      vertex 1.25 112.665 0
      vertex 1.06606 112.548 84
      vertex 1.25 112.665 84
    endloop
  endfacet
  facet normal -0.536703 0.843771 0
    outer loop
      vertex 1.06606 112.548 84
      vertex 1.25 112.665 0
      vertex 1.06606 112.548 0
    endloop
  endfacet
  facet normal -0.462817 0.886454 0
    outer loop
      vertex 1.44345 112.766 0
      vertex 1.25 112.665 84
      vertex 1.44345 112.766 84
    endloop
  endfacet
  facet normal -0.462817 0.886454 0
    outer loop
      vertex 1.25 112.665 84
      vertex 1.44345 112.766 0
      vertex 1.25 112.665 0
    endloop
  endfacet
  facet normal -0.12842 0.99172 0
    outer loop
      vertex 2.28211 112.99 50
      vertex 2.06588 112.962 84
      vertex 2.28211 112.99 84
    endloop
  endfacet
  facet normal -0.12842 0.99172 0
    outer loop
      vertex 2.06588 112.962 84
      vertex 2.28211 112.99 50
      vertex 2.06588 112.962 50
    endloop
  endfacet
  facet normal -0.886565 0.462603 -2.17714e-20
    outer loop
      vertex 0.23423 111.557 0
      vertex 0.334936 111.75 84
      vertex 0.334936 111.75 0
    endloop
  endfacet
  facet normal -0.886565 0.462603 -2.17714e-20
    outer loop
      vertex 0.334936 111.75 84
      vertex 0.23423 111.557 0
      vertex 0.23423 111.557 84
    endloop
  endfacet
  facet normal 0.886558 -0.462618 1.58611e-19
    outer loop
      vertex 5.66506 108.25 76
      vertex 5.76577 108.443 50
      vertex 5.76577 108.443 76
    endloop
  endfacet
  facet normal 0.886558 -0.462618 1.58611e-19
    outer loop
      vertex 5.76577 108.443 50
      vertex 5.66506 108.25 76
      vertex 5.66506 108.25 50
    endloop
  endfacet
  facet normal -0.886565 -0.462603 2.17714e-20
    outer loop
      vertex 0.334936 108.25 0
      vertex 0.23423 108.443 84
      vertex 0.23423 108.443 0
    endloop
  endfacet
  facet normal -0.886565 -0.462603 2.17714e-20
    outer loop
      vertex 0.23423 108.443 84
      vertex 0.334936 108.25 0
      vertex 0.334936 108.25 84
    endloop
  endfacet
  facet normal -0.674731 -0.738064 0
    outer loop
      vertex 0.732232 107.732 0
      vertex 0.89303 107.585 84
      vertex 0.732232 107.732 84
    endloop
  endfacet
  facet normal -0.674731 -0.738064 -0
    outer loop
      vertex 0.89303 107.585 84
      vertex 0.732232 107.732 0
      vertex 0.89303 107.585 0
    endloop
  endfacet
  facet normal 0.609423 0.792845 -0
    outer loop
      vertex 5.10697 112.415 50
      vertex 4.93394 112.548 76
      vertex 5.10697 112.415 76
    endloop
  endfacet
  facet normal 0.609423 0.792845 0
    outer loop
      vertex 4.93394 112.548 76
      vertex 5.10697 112.415 50
      vertex 4.93394 112.548 50
    endloop
  endfacet
  facet normal 0.674726 0.738068 -0
    outer loop
      vertex 5.26777 112.268 50
      vertex 5.10697 112.415 76
      vertex 5.26777 112.268 76
    endloop
  endfacet
  facet normal 0.674726 0.738068 0
    outer loop
      vertex 5.10697 112.415 76
      vertex 5.26777 112.268 50
      vertex 5.10697 112.415 50
    endloop
  endfacet
  facet normal 0.302447 0.953166 -0
    outer loop
      vertex 4.35505 112.849 50
      vertex 4.14705 112.915 76
      vertex 4.35505 112.849 76
    endloop
  endfacet
  facet normal 0.302447 0.953166 0
    outer loop
      vertex 4.14705 112.915 76
      vertex 4.35505 112.849 50
      vertex 4.14705 112.915 50
    endloop
  endfacet
  facet normal 0.793304 -0.608826 1.0385e-19
    outer loop
      vertex 5.41511 107.893 76
      vertex 5.54788 108.066 50
      vertex 5.54788 108.066 76
    endloop
  endfacet
  facet normal 0.793304 -0.608826 1.0385e-19
    outer loop
      vertex 5.54788 108.066 50
      vertex 5.41511 107.893 76
      vertex 5.41511 107.893 50
    endloop
  endfacet
  facet normal -0.991427 0.130663 -5.51674e-21
    outer loop
      vertex 0.0095129 110.718 0
      vertex 0.0379801 110.934 84
      vertex 0.0379801 110.934 0
    endloop
  endfacet
  facet normal -0.991427 0.130663 -5.51674e-21
    outer loop
      vertex 0.0379801 110.934 84
      vertex 0.0095129 110.718 0
      vertex 0.0095129 110.718 84
    endloop
  endfacet
  facet normal -0.976311 0.21637 -1.89782e-20
    outer loop
      vertex 0.0379801 110.934 0
      vertex 0.0851851 111.147 84
      vertex 0.0851851 111.147 0
    endloop
  endfacet
  facet normal -0.976311 0.21637 -1.89782e-20
    outer loop
      vertex 0.0851851 111.147 84
      vertex 0.0379801 110.934 0
      vertex 0.0379801 110.934 84
    endloop
  endfacet
  facet normal 0.0458465 -0.998948 0
    outer loop
      vertex 3.5 107 50
      vertex 3.71789 107.01 76
      vertex 3.5 107 76
    endloop
  endfacet
  facet normal 0.0458465 -0.998948 0
    outer loop
      vertex 3.71789 107.01 76
      vertex 3.5 107 50
      vertex 3.71789 107.01 50
    endloop
  endfacet
  facet normal 0.609423 -0.792845 0
    outer loop
      vertex 4.93394 107.452 50
      vertex 5.10697 107.585 76
      vertex 4.93394 107.452 76
    endloop
  endfacet
  facet normal 0.609423 -0.792845 0
    outer loop
      vertex 5.10697 107.585 76
      vertex 4.93394 107.452 50
      vertex 5.10697 107.585 50
    endloop
  endfacet
  facet normal 0.843476 0.537166 1.82651e-19
    outer loop
      vertex 5.66506 111.75 76
      vertex 5.54788 111.934 50
      vertex 5.54788 111.934 76
    endloop
  endfacet
  facet normal 0.843476 0.537166 1.82651e-19
    outer loop
      vertex 5.54788 111.934 50
      vertex 5.66506 111.75 76
      vertex 5.66506 111.75 50
    endloop
  endfacet
  facet normal 0.737709 0.675119 2.29625e-19
    outer loop
      vertex 5.41511 112.107 76
      vertex 5.26777 112.268 50
      vertex 5.26777 112.268 76
    endloop
  endfacet
  facet normal 0.737709 0.675119 2.29625e-19
    outer loop
      vertex 5.26777 112.268 50
      vertex 5.41511 112.107 76
      vertex 5.41511 112.107 50
    endloop
  endfacet
  facet normal -0.609423 0.792845 0
    outer loop
      vertex 1.06606 112.548 0
      vertex 0.89303 112.415 84
      vertex 1.06606 112.548 84
    endloop
  endfacet
  facet normal -0.609423 0.792845 0
    outer loop
      vertex 0.89303 112.415 84
      vertex 1.06606 112.548 0
      vertex 0.89303 112.415 0
    endloop
  endfacet
  facet normal 0.215541 0.976495 -0
    outer loop
      vertex 4.14705 112.915 50
      vertex 3.93412 112.962 76
      vertex 4.14705 112.915 76
    endloop
  endfacet
  facet normal 0.215541 0.976495 0
    outer loop
      vertex 3.93412 112.962 76
      vertex 4.14705 112.915 50
      vertex 3.93412 112.962 50
    endloop
  endfacet
  facet normal 1 -0 0
    outer loop
      vertex 6 109.5 76
      vertex 6 110.5 50
      vertex 6 110.5 76
    endloop
  endfacet
  facet normal 1 0 0
    outer loop
      vertex 6 110.5 50
      vertex 6 109.5 76
      vertex 6 109.5 50
    endloop
  endfacet
  facet normal 0.380865 -0.924631 0
    outer loop
      vertex 4.35505 107.151 50
      vertex 4.55655 107.234 76
      vertex 4.35505 107.151 76
    endloop
  endfacet
  facet normal 0.380865 -0.924631 0
    outer loop
      vertex 4.55655 107.234 76
      vertex 4.35505 107.151 50
      vertex 4.55655 107.234 50
    endloop
  endfacet
  facet normal -0.674731 0.738064 0
    outer loop
      vertex 0.89303 112.415 0
      vertex 0.732232 112.268 84
      vertex 0.89303 112.415 84
    endloop
  endfacet
  facet normal -0.674731 0.738064 0
    outer loop
      vertex 0.732232 112.268 84
      vertex 0.89303 112.415 0
      vertex 0.732232 112.268 0
    endloop
  endfacet
  facet normal -0.924217 -0.381867 8.27946e-20
    outer loop
      vertex 0.23423 108.443 0
      vertex 0.150768 108.645 84
      vertex 0.150768 108.645 0
    endloop
  endfacet
  facet normal -0.924217 -0.381867 8.27946e-20
    outer loop
      vertex 0.150768 108.645 84
      vertex 0.23423 108.443 0
      vertex 0.23423 108.443 84
    endloop
  endfacet
  facet normal 0.95372 0.300697 -1.14443e-19
    outer loop
      vertex 5.91481 111.147 76
      vertex 5.84923 111.355 50
      vertex 5.84923 111.355 76
    endloop
  endfacet
  facet normal 0.95372 0.300697 -1.14443e-19
    outer loop
      vertex 5.84923 111.355 50
      vertex 5.91481 111.147 76
      vertex 5.91481 111.147 50
    endloop
  endfacet
  facet normal 0.99905 -0.0435824 1.18234e-20
    outer loop
      vertex 5.99049 109.282 76
      vertex 6 109.5 50
      vertex 6 109.5 76
    endloop
  endfacet
  facet normal 0.99905 -0.0435824 1.18234e-20
    outer loop
      vertex 6 109.5 50
      vertex 5.99049 109.282 76
      vertex 5.99049 109.282 50
    endloop
  endfacet
  facet normal -0.0458465 -0.998948 0
    outer loop
      vertex 2.28211 107.01 50
      vertex 2.5 107 84
      vertex 2.28211 107.01 84
    endloop
  endfacet
  facet normal -0.0458465 -0.998948 -0
    outer loop
      vertex 2.5 107 84
      vertex 2.28211 107.01 50
      vertex 2.5 107 50
    endloop
  endfacet
  facet normal -0.793308 0.60882 2.13394e-20
    outer loop
      vertex 0.45212 111.934 0
      vertex 0.584888 112.107 84
      vertex 0.584888 112.107 0
    endloop
  endfacet
  facet normal -0.793308 0.60882 2.13394e-20
    outer loop
      vertex 0.584888 112.107 84
      vertex 0.45212 111.934 0
      vertex 0.45212 111.934 84
    endloop
  endfacet
  facet normal 0 -1 0
    outer loop
      vertex 2.5 107 84
      vertex 3.5 107 76
      vertex 11.5 107 84
    endloop
  endfacet
  facet normal 0 -1 0
    outer loop
      vertex 2.5 107 50
      vertex 3.5 107 76
      vertex 2.5 107 84
    endloop
  endfacet
  facet normal 0 -1 -0
    outer loop
      vertex 3.5 107 76
      vertex 2.5 107 50
      vertex 3.5 107 50
    endloop
  endfacet
  facet normal 0 -1 -0
    outer loop
      vertex 11.5 107 84
      vertex 3.5 107 76
      vertex 11.5 107 76
    endloop
  endfacet
  facet normal 0 -1 0
    outer loop
      vertex 127.5 107 76
      vertex 119.5 107 84
      vertex 119.5 107 76
    endloop
  endfacet
  facet normal 0 -1 0
    outer loop
      vertex 119.5 107 84
      vertex 127.5 107 76
      vertex 128.5 107 84
    endloop
  endfacet
  facet normal 0 -1 0
    outer loop
      vertex 128.5 107 50
      vertex 127.5 107 76
      vertex 127.5 107 50
    endloop
  endfacet
  facet normal 0 -1 0
    outer loop
      vertex 127.5 107 76
      vertex 128.5 107 50
      vertex 128.5 107 84
    endloop
  endfacet
  facet normal -0.12842 -0.99172 0
    outer loop
      vertex 2.06588 107.038 50
      vertex 2.28211 107.01 84
      vertex 2.06588 107.038 84
    endloop
  endfacet
  facet normal -0.12842 -0.99172 -0
    outer loop
      vertex 2.28211 107.01 84
      vertex 2.06588 107.038 50
      vertex 2.28211 107.01 50
    endloop
  endfacet
  facet normal 0.302447 -0.953166 0
    outer loop
      vertex 4.14705 107.085 50
      vertex 4.35505 107.151 76
      vertex 4.14705 107.085 76
    endloop
  endfacet
  facet normal 0.302447 -0.953166 0
    outer loop
      vertex 4.35505 107.151 76
      vertex 4.14705 107.085 50
      vertex 4.35505 107.151 50
    endloop
  endfacet
  facet normal -0.999049 -0.0435957 7.04147e-22
    outer loop
      vertex 0.0095129 109.282 0
      vertex 0 109.5 84
      vertex 0 109.5 0
    endloop
  endfacet
  facet normal -0.999049 -0.0435957 7.04147e-22
    outer loop
      vertex 0 109.5 84
      vertex 0.0095129 109.282 0
      vertex 0.0095129 109.282 84
    endloop
  endfacet
  facet normal 0 0 -1
    outer loop
      vertex 1.64495 107.151 0
      vertex 2 107.053 0
      vertex 1.85295 107.085 0
    endloop
  endfacet
  facet normal 0 0 -1
    outer loop
      vertex 2 107.053 0
      vertex 0 109.5 0
      vertex 2 112.947 0
    endloop
  endfacet
  facet normal 0 0 -1
    outer loop
      vertex 2 107.053 0
      vertex 1.64495 107.151 0
      vertex 0 109.5 0
    endloop
  endfacet
  facet normal 0 0 -1
    outer loop
      vertex 0 110.5 0
      vertex 2 112.947 0
      vertex 0 109.5 0
    endloop
  endfacet
  facet normal 0 0 -1
    outer loop
      vertex 0 109.5 0
      vertex 1.64495 107.151 0
      vertex 1.44345 107.234 0
    endloop
  endfacet
  facet normal 0 -0 -1
    outer loop
      vertex 1.64495 112.849 0
      vertex 2 112.947 0
      vertex 0 110.5 0
    endloop
  endfacet
  facet normal 0 0 -1
    outer loop
      vertex 0 109.5 0
      vertex 1.44345 107.234 0
      vertex 1.25 107.335 0
    endloop
  endfacet
  facet normal 0 0 -1
    outer loop
      vertex 2 112.947 0
      vertex 1.64495 112.849 0
      vertex 1.85295 112.915 0
    endloop
  endfacet
  facet normal 0 0 -1
    outer loop
      vertex 0 109.5 0
      vertex 1.25 107.335 0
      vertex 1.06606 107.452 0
    endloop
  endfacet
  facet normal 0 0 -1
    outer loop
      vertex 1.64495 112.849 0
      vertex 0 110.5 0
      vertex 1.44345 112.766 0
    endloop
  endfacet
  facet normal 0 0 -1
    outer loop
      vertex 0 109.5 0
      vertex 1.06606 107.452 0
      vertex 0.89303 107.585 0
    endloop
  endfacet
  facet normal 0 0 -1
    outer loop
      vertex 1.44345 112.766 0
      vertex 0 110.5 0
      vertex 1.25 112.665 0
    endloop
  endfacet
  facet normal 0 0 -1
    outer loop
      vertex 0 109.5 0
      vertex 0.89303 107.585 0
      vertex 0.732232 107.732 0
    endloop
  endfacet
  facet normal 0 0 -1
    outer loop
      vertex 1.25 112.665 0
      vertex 0 110.5 0
      vertex 1.06606 112.548 0
    endloop
  endfacet
  facet normal 0 0 -1
    outer loop
      vertex 0 109.5 0
      vertex 0.732232 107.732 0
      vertex 0.584888 107.893 0
    endloop
  endfacet
  facet normal 0 0 -1
    outer loop
      vertex 1.06606 112.548 0
      vertex 0 110.5 0
      vertex 0.89303 112.415 0
    endloop
  endfacet
  facet normal 0 0 -1
    outer loop
      vertex 0 109.5 0
      vertex 0.584888 107.893 0
      vertex 0.45212 108.066 0
    endloop
  endfacet
  facet normal 0 0 -1
    outer loop
      vertex 0.89303 112.415 0
      vertex 0 110.5 0
      vertex 0.732232 112.268 0
    endloop
  endfacet
  facet normal 0 0 -1
    outer loop
      vertex 0 109.5 0
      vertex 0.45212 108.066 0
      vertex 0.334936 108.25 0
    endloop
  endfacet
  facet normal 0 0 -1
    outer loop
      vertex 0.732232 112.268 0
      vertex 0 110.5 0
      vertex 0.584888 112.107 0
    endloop
  endfacet
  facet normal 0 0 -1
    outer loop
      vertex 0 109.5 0
      vertex 0.334936 108.25 0
      vertex 0.23423 108.443 0
    endloop
  endfacet
  facet normal 0 0 -1
    outer loop
      vertex 0.584888 112.107 0
      vertex 0 110.5 0
      vertex 0.45212 111.934 0
    endloop
  endfacet
  facet normal 0 0 -1
    outer loop
      vertex 0 109.5 0
      vertex 0.23423 108.443 0
      vertex 0.150768 108.645 0
    endloop
  endfacet
  facet normal 0 0 -1
    outer loop
      vertex 0.45212 111.934 0
      vertex 0 110.5 0
      vertex 0.334936 111.75 0
    endloop
  endfacet
  facet normal 0 0 -1
    outer loop
      vertex 0 109.5 0
      vertex 0.150768 108.645 0
      vertex 0.0851851 108.853 0
    endloop
  endfacet
  facet normal 0 0 -1
    outer loop
      vertex 0.334936 111.75 0
      vertex 0 110.5 0
      vertex 0.23423 111.557 0
    endloop
  endfacet
  facet normal 0 0 -1
    outer loop
      vertex 0 109.5 0
      vertex 0.0851851 108.853 0
      vertex 0.0379801 109.066 0
    endloop
  endfacet
  facet normal 0 0 -1
    outer loop
      vertex 0.23423 111.557 0
      vertex 0 110.5 0
      vertex 0.150768 111.355 0
    endloop
  endfacet
  facet normal 0 0 -1
    outer loop
      vertex 0 109.5 0
      vertex 0.0379801 109.066 0
      vertex 0.0095129 109.282 0
    endloop
  endfacet
  facet normal 0 0 -1
    outer loop
      vertex 0.150768 111.355 0
      vertex 0 110.5 0
      vertex 0.0851851 111.147 0
    endloop
  endfacet
  facet normal 0 0 -1
    outer loop
      vertex 0.0851851 111.147 0
      vertex 0 110.5 0
      vertex 0.0379801 110.934 0
    endloop
  endfacet
  facet normal 0 0 -1
    outer loop
      vertex 0.0379801 110.934 0
      vertex 0 110.5 0
      vertex 0.0095129 110.718 0
    endloop
  endfacet
  facet normal -0.7377 0.675129 -7.53179e-20
    outer loop
      vertex 0.584888 112.107 0
      vertex 0.732232 112.268 84
      vertex 0.732232 112.268 0
    endloop
  endfacet
  facet normal -0.7377 0.675129 -7.53179e-20
    outer loop
      vertex 0.732232 112.268 84
      vertex 0.584888 112.107 0
      vertex 0.584888 112.107 84
    endloop
  endfacet
  facet normal -0.536703 -0.843771 0
    outer loop
      vertex 1.06606 107.452 0
      vertex 1.25 107.335 84
      vertex 1.06606 107.452 84
    endloop
  endfacet
  facet normal -0.536703 -0.843771 -0
    outer loop
      vertex 1.25 107.335 84
      vertex 1.06606 107.452 0
      vertex 1.25 107.335 0
    endloop
  endfacet
  facet normal -0.380865 0.924631 0
    outer loop
      vertex 1.64495 112.849 0
      vertex 1.44345 112.766 84
      vertex 1.64495 112.849 84
    endloop
  endfacet
  facet normal -0.380865 0.924631 0
    outer loop
      vertex 1.44345 112.766 84
      vertex 1.64495 112.849 0
      vertex 1.44345 112.766 0
    endloop
  endfacet
  facet normal 0.674726 -0.738068 0
    outer loop
      vertex 5.10697 107.585 50
      vertex 5.26777 107.732 76
      vertex 5.10697 107.585 76
    endloop
  endfacet
  facet normal 0.674726 -0.738068 0
    outer loop
      vertex 5.26777 107.732 76
      vertex 5.10697 107.585 50
      vertex 5.26777 107.732 50
    endloop
  endfacet
  facet normal -0.462817 -0.886454 0
    outer loop
      vertex 1.25 107.335 0
      vertex 1.44345 107.234 84
      vertex 1.25 107.335 84
    endloop
  endfacet
  facet normal -0.462817 -0.886454 -0
    outer loop
      vertex 1.44345 107.234 84
      vertex 1.25 107.335 0
      vertex 1.44345 107.234 0
    endloop
  endfacet
  facet normal -0.7377 -0.675129 7.53179e-20
    outer loop
      vertex 0.732232 107.732 0
      vertex 0.584888 107.893 84
      vertex 0.584888 107.893 0
    endloop
  endfacet
  facet normal -0.7377 -0.675129 7.53179e-20
    outer loop
      vertex 0.584888 107.893 84
      vertex 0.732232 107.732 0
      vertex 0.732232 107.732 84
    endloop
  endfacet
  facet normal 0.991425 -0.130675 4.04465e-20
    outer loop
      vertex 5.96202 109.066 76
      vertex 5.99049 109.282 50
      vertex 5.99049 109.282 76
    endloop
  endfacet
  facet normal 0.991425 -0.130675 4.04465e-20
    outer loop
      vertex 5.99049 109.282 50
      vertex 5.96202 109.066 76
      vertex 5.96202 109.066 50
    endloop
  endfacet
  facet normal 0.991425 0.130675 -4.04465e-20
    outer loop
      vertex 5.99049 110.718 76
      vertex 5.96202 110.934 50
      vertex 5.96202 110.934 76
    endloop
  endfacet
  facet normal 0.991425 0.130675 -4.04465e-20
    outer loop
      vertex 5.96202 110.934 50
      vertex 5.99049 110.718 76
      vertex 5.99049 110.718 50
    endloop
  endfacet
  facet normal 0.924221 -0.381859 2.89958e-19
    outer loop
      vertex 5.76577 108.443 76
      vertex 5.84923 108.645 50
      vertex 5.84923 108.645 76
    endloop
  endfacet
  facet normal 0.924221 -0.381859 2.89958e-19
    outer loop
      vertex 5.84923 108.645 50
      vertex 5.76577 108.443 76
      vertex 5.76577 108.443 50
    endloop
  endfacet
  facet normal 0.215541 -0.976495 0
    outer loop
      vertex 3.93412 107.038 50
      vertex 4.14705 107.085 76
      vertex 3.93412 107.038 76
    endloop
  endfacet
  facet normal 0.215541 -0.976495 0
    outer loop
      vertex 4.14705 107.085 76
      vertex 3.93412 107.038 50
      vertex 4.14705 107.085 50
    endloop
  endfacet
  facet normal 0.536703 -0.843771 0
    outer loop
      vertex 4.75 107.335 50
      vertex 4.93394 107.452 76
      vertex 4.75 107.335 76
    endloop
  endfacet
  facet normal 0.536703 -0.843771 0
    outer loop
      vertex 4.93394 107.452 76
      vertex 4.75 107.335 50
      vertex 4.93394 107.452 50
    endloop
  endfacet
  facet normal 0.976307 0.216392 2.7287e-20
    outer loop
      vertex 5.96202 110.934 76
      vertex 5.91481 111.147 50
      vertex 5.91481 111.147 76
    endloop
  endfacet
  facet normal 0.976307 0.216392 2.7287e-20
    outer loop
      vertex 5.91481 111.147 50
      vertex 5.96202 110.934 76
      vertex 5.96202 110.934 50
    endloop
  endfacet
  facet normal -0.302447 0.953166 0
    outer loop
      vertex 1.85295 112.915 0
      vertex 1.64495 112.849 84
      vertex 1.85295 112.915 84
    endloop
  endfacet
  facet normal -0.302447 0.953166 0
    outer loop
      vertex 1.64495 112.849 84
      vertex 1.85295 112.915 0
      vertex 1.64495 112.849 0
    endloop
  endfacet
  facet normal -0.215541 0.976495 0
    outer loop
      vertex 2.06588 112.962 50
      vertex 1.85295 112.915 84
      vertex 2.06588 112.962 84
    endloop
  endfacet
  facet normal -0.222005 0.975046 -4.24813e-05
    outer loop
      vertex 2 112.947 50
      vertex 1.85295 112.915 84
      vertex 2.06588 112.962 50
    endloop
  endfacet
  facet normal -0.212637 0.977131 6.19399e-21
    outer loop
      vertex 1.85295 112.915 0
      vertex 2 112.947 50
      vertex 2 112.947 0
    endloop
  endfacet
  facet normal -0.212637 0.977131 3.6869e-21
    outer loop
      vertex 2 112.947 50
      vertex 1.85295 112.915 0
      vertex 1.85295 112.915 84
    endloop
  endfacet
  facet normal -0.991427 -0.130663 5.51674e-21
    outer loop
      vertex 0.0379801 109.066 0
      vertex 0.0095129 109.282 84
      vertex 0.0095129 109.282 0
    endloop
  endfacet
  facet normal -0.991427 -0.130663 5.51674e-21
    outer loop
      vertex 0.0095129 109.282 84
      vertex 0.0379801 109.066 0
      vertex 0.0379801 109.066 84
    endloop
  endfacet
  facet normal -0.953208 -0.302315 -6.39197e-21
    outer loop
      vertex 125.151 19.6449 50
      vertex 125.085 19.853 76
      vertex 125.085 19.853 50
    endloop
  endfacet
  facet normal -0.953208 -0.302315 -6.39197e-21
    outer loop
      vertex 125.085 19.853 76
      vertex 125.151 19.6449 50
      vertex 125.151 19.6449 76
    endloop
  endfacet
  facet normal -0.991718 0.128437 -4.93829e-20
    outer loop
      vertex 125.01 21.7179 50
      vertex 125.038 21.9341 76
      vertex 125.038 21.9341 50
    endloop
  endfacet
  facet normal -0.991718 0.128437 -4.93829e-20
    outer loop
      vertex 125.038 21.9341 76
      vertex 125.01 21.7179 50
      vertex 125.01 21.7179 76
    endloop
  endfacet
  facet normal -0.608913 -0.793237 0
    outer loop
      vertex 125.893 18.5849 50
      vertex 126.066 18.4521 76
      vertex 125.893 18.5849 76
    endloop
  endfacet
  facet normal -0.608913 -0.793237 -0
    outer loop
      vertex 126.066 18.4521 76
      vertex 125.893 18.5849 50
      vertex 126.066 18.4521 50
    endloop
  endfacet
  facet normal -0.216348 0.976316 0
    outer loop
      vertex 127.066 23.962 50
      vertex 126.853 23.9148 76
      vertex 127.066 23.962 76
    endloop
  endfacet
  facet normal -0.216348 0.976316 0
    outer loop
      vertex 126.853 23.9148 76
      vertex 127.066 23.962 50
      vertex 126.853 23.9148 50
    endloop
  endfacet
  facet normal 0.843718 -0.536786 9.11417e-20
    outer loop
      vertex 130.548 19.0661 84
      vertex 130.665 19.25 0
      vertex 130.665 19.25 84
    endloop
  endfacet
  facet normal 0.843718 -0.536786 9.11417e-20
    outer loop
      vertex 130.665 19.25 0
      vertex 130.548 19.0661 84
      vertex 130.548 19.0661 0
    endloop
  endfacet
  facet normal -0.843718 -0.536786 1.62008e-19
    outer loop
      vertex 125.452 19.0661 50
      vertex 125.335 19.25 76
      vertex 125.335 19.25 50
    endloop
  endfacet
  facet normal -0.843718 -0.536786 1.62008e-19
    outer loop
      vertex 125.335 19.25 76
      vertex 125.452 19.0661 50
      vertex 125.452 19.0661 76
    endloop
  endfacet
  facet normal -0.537231 -0.843435 0
    outer loop
      vertex 126.066 18.4521 50
      vertex 126.25 18.3349 76
      vertex 126.066 18.4521 76
    endloop
  endfacet
  facet normal -0.537231 -0.843435 -0
    outer loop
      vertex 126.25 18.3349 76
      vertex 126.066 18.4521 50
      vertex 126.25 18.3349 50
    endloop
  endfacet
  facet normal 0.462582 0.886577 -0
    outer loop
      vertex 129.75 23.6651 0
      vertex 129.557 23.7658 84
      vertex 129.75 23.6651 84
    endloop
  endfacet
  facet normal 0.462582 0.886577 0
    outer loop
      vertex 129.557 23.7658 84
      vertex 129.75 23.6651 0
      vertex 129.557 23.7658 0
    endloop
  endfacet
  facet normal 0.843718 0.536786 -9.11417e-20
    outer loop
      vertex 130.665 22.75 84
      vertex 130.548 22.9339 0
      vertex 130.548 22.9339 84
    endloop
  endfacet
  facet normal 0.843718 0.536786 -9.11417e-20
    outer loop
      vertex 130.548 22.9339 0
      vertex 130.665 22.75 84
      vertex 130.665 22.75 0
    endloop
  endfacet
  facet normal 0.608913 -0.793237 0
    outer loop
      vertex 129.934 18.4521 0
      vertex 130.107 18.5849 84
      vertex 129.934 18.4521 84
    endloop
  endfacet
  facet normal 0.608913 -0.793237 0
    outer loop
      vertex 130.107 18.5849 84
      vertex 129.934 18.4521 0
      vertex 130.107 18.5849 0
    endloop
  endfacet
  facet normal 0.0435367 0.999052 -0
    outer loop
      vertex 128.718 23.9905 50
      vertex 128.5 24 84
      vertex 128.718 23.9905 84
    endloop
  endfacet
  facet normal 0.0435367 0.999052 0
    outer loop
      vertex 128.5 24 84
      vertex 128.718 23.9905 50
      vertex 128.5 24 50
    endloop
  endfacet
  facet normal -0.675019 -0.737801 0
    outer loop
      vertex 125.732 18.7322 50
      vertex 125.893 18.5849 76
      vertex 125.732 18.7322 76
    endloop
  endfacet
  facet normal -0.675019 -0.737801 -0
    outer loop
      vertex 125.893 18.5849 76
      vertex 125.732 18.7322 50
      vertex 125.893 18.5849 50
    endloop
  endfacet
  facet normal -0.130811 0.991407 0
    outer loop
      vertex 127.282 23.9905 50
      vertex 127.066 23.962 76
      vertex 127.282 23.9905 76
    endloop
  endfacet
  facet normal -0.130811 0.991407 0
    outer loop
      vertex 127.066 23.962 76
      vertex 127.282 23.9905 50
      vertex 127.066 23.962 50
    endloop
  endfacet
  facet normal -0.0435367 0.999052 0
    outer loop
      vertex 127.5 24 50
      vertex 127.282 23.9905 76
      vertex 127.5 24 76
    endloop
  endfacet
  facet normal -0.0435367 0.999052 0
    outer loop
      vertex 127.282 23.9905 76
      vertex 127.5 24 50
      vertex 127.282 23.9905 50
    endloop
  endfacet
  facet normal -0.216348 -0.976316 0
    outer loop
      vertex 126.853 18.0852 50
      vertex 127.066 18.038 76
      vertex 126.853 18.0852 76
    endloop
  endfacet
  facet normal -0.216348 -0.976316 -0
    outer loop
      vertex 127.066 18.038 76
      vertex 126.853 18.0852 50
      vertex 127.066 18.038 50
    endloop
  endfacet
  facet normal -0.381624 -0.924318 0
    outer loop
      vertex 126.443 18.2342 50
      vertex 126.645 18.1508 76
      vertex 126.443 18.2342 76
    endloop
  endfacet
  facet normal -0.381624 -0.924318 -0
    outer loop
      vertex 126.645 18.1508 76
      vertex 126.443 18.2342 50
      vertex 126.645 18.1508 50
    endloop
  endfacet
  facet normal -0.462582 -0.886577 0
    outer loop
      vertex 126.25 18.3349 50
      vertex 126.443 18.2342 76
      vertex 126.25 18.3349 76
    endloop
  endfacet
  facet normal -0.462582 -0.886577 -0
    outer loop
      vertex 126.443 18.2342 76
      vertex 126.25 18.3349 50
      vertex 126.443 18.2342 50
    endloop
  endfacet
  facet normal -0.738068 -0.674726 -1.57792e-19
    outer loop
      vertex 125.732 18.7322 50
      vertex 125.585 18.893 76
      vertex 125.585 18.893 50
    endloop
  endfacet
  facet normal -0.738068 -0.674726 -1.57792e-19
    outer loop
      vertex 125.585 18.893 76
      vertex 125.732 18.7322 50
      vertex 125.732 18.7322 76
    endloop
  endfacet
  facet normal 1 -0 0
    outer loop
      vertex 131 20.5 84
      vertex 131 21.5 0
      vertex 131 21.5 84
    endloop
  endfacet
  facet normal 1 0 0
    outer loop
      vertex 131 21.5 0
      vertex 131 20.5 84
      vertex 131 20.5 0
    endloop
  endfacet
  facet normal 0.953208 -0.302315 1.97847e-21
    outer loop
      vertex 130.849 19.6449 84
      vertex 130.915 19.853 0
      vertex 130.915 19.853 84
    endloop
  endfacet
  facet normal 0.953208 -0.302315 1.97847e-21
    outer loop
      vertex 130.915 19.853 0
      vertex 130.849 19.6449 84
      vertex 130.849 19.6449 0
    endloop
  endfacet
  facet normal -0.998949 0.0458444 2.24047e-20
    outer loop
      vertex 125 21.5 50
      vertex 125.01 21.7179 76
      vertex 125.01 21.7179 50
    endloop
  endfacet
  facet normal -0.998949 0.0458444 2.24047e-20
    outer loop
      vertex 125.01 21.7179 76
      vertex 125 21.5 50
      vertex 125 21.5 76
    endloop
  endfacet
  facet normal 0.130811 0.991407 -0
    outer loop
      vertex 128.934 23.962 50
      vertex 128.718 23.9905 84
      vertex 128.934 23.962 84
    endloop
  endfacet
  facet normal 0.130811 0.991407 0
    outer loop
      vertex 128.718 23.9905 84
      vertex 128.934 23.962 50
      vertex 128.718 23.9905 50
    endloop
  endfacet
  facet normal -0.886503 0.462723 2.22001e-19
    outer loop
      vertex 125.234 22.5565 50
      vertex 125.335 22.75 76
      vertex 125.335 22.75 50
    endloop
  endfacet
  facet normal -0.886503 0.462723 2.22001e-19
    outer loop
      vertex 125.335 22.75 76
      vertex 125.234 22.5565 50
      vertex 125.234 22.5565 76
    endloop
  endfacet
  facet normal -0.886503 -0.462723 -2.22001e-19
    outer loop
      vertex 125.335 19.25 50
      vertex 125.234 19.4435 76
      vertex 125.234 19.4435 50
    endloop
  endfacet
  facet normal -0.886503 -0.462723 -2.22001e-19
    outer loop
      vertex 125.234 19.4435 76
      vertex 125.335 19.25 50
      vertex 125.335 19.25 76
    endloop
  endfacet
  facet normal 0.738068 0.674726 7.18837e-20
    outer loop
      vertex 130.415 23.107 84
      vertex 130.268 23.2678 0
      vertex 130.268 23.2678 84
    endloop
  endfacet
  facet normal 0.738068 0.674726 7.18837e-20
    outer loop
      vertex 130.268 23.2678 0
      vertex 130.415 23.107 84
      vertex 130.415 23.107 0
    endloop
  endfacet
  facet normal -0.976488 0.21557 -2.44737e-20
    outer loop
      vertex 125.038 21.9341 50
      vertex 125.085 22.147 76
      vertex 125.085 22.147 50
    endloop
  endfacet
  facet normal -0.976488 0.21557 -2.44737e-20
    outer loop
      vertex 125.085 22.147 76
      vertex 125.038 21.9341 50
      vertex 125.038 21.9341 76
    endloop
  endfacet
  facet normal 0.998949 0.0458444 -3.45073e-21
    outer loop
      vertex 131 21.5 84
      vertex 130.99 21.7179 0
      vertex 130.99 21.7179 84
    endloop
  endfacet
  facet normal 0.998949 0.0458444 -3.45073e-21
    outer loop
      vertex 130.99 21.7179 0
      vertex 131 21.5 84
      vertex 131 21.5 0
    endloop
  endfacet
  facet normal -0.924631 0.380865 -8.89582e-21
    outer loop
      vertex 125.151 22.355 50
      vertex 125.234 22.5565 76
      vertex 125.234 22.5565 50
    endloop
  endfacet
  facet normal -0.924631 0.380865 -8.89582e-21
    outer loop
      vertex 125.234 22.5565 76
      vertex 125.151 22.355 50
      vertex 125.151 22.355 76
    endloop
  endfacet
  facet normal -0.0435367 -0.999052 0
    outer loop
      vertex 127.282 18.0095 50
      vertex 127.5 18 76
      vertex 127.282 18.0095 76
    endloop
  endfacet
  facet normal -0.0435367 -0.999052 -0
    outer loop
      vertex 127.5 18 76
      vertex 127.282 18.0095 50
      vertex 127.5 18 50
    endloop
  endfacet
  facet normal -1 0 0
    outer loop
      vertex 125 20.5 50
      vertex 125 21.5 76
      vertex 125 21.5 50
    endloop
  endfacet
  facet normal -1 -0 0
    outer loop
      vertex 125 21.5 76
      vertex 125 20.5 50
      vertex 125 20.5 76
    endloop
  endfacet
  facet normal -0.738068 0.674726 1.57792e-19
    outer loop
      vertex 125.585 23.107 50
      vertex 125.732 23.2678 76
      vertex 125.732 23.2678 50
    endloop
  endfacet
  facet normal -0.738068 0.674726 1.57792e-19
    outer loop
      vertex 125.732 23.2678 76
      vertex 125.585 23.107 50
      vertex 125.585 23.107 76
    endloop
  endfacet
  facet normal -0.976488 -0.21557 2.44737e-20
    outer loop
      vertex 125.085 19.853 50
      vertex 125.038 20.0659 76
      vertex 125.038 20.0659 50
    endloop
  endfacet
  facet normal -0.976488 -0.21557 2.44737e-20
    outer loop
      vertex 125.038 20.0659 76
      vertex 125.085 19.853 50
      vertex 125.085 19.853 76
    endloop
  endfacet
  facet normal 0.130811 -0.991407 0
    outer loop
      vertex 128.718 18.0095 50
      vertex 128.934 18.038 84
      vertex 128.718 18.0095 84
    endloop
  endfacet
  facet normal 0.130811 -0.991407 0
    outer loop
      vertex 128.934 18.038 84
      vertex 128.718 18.0095 50
      vertex 128.934 18.038 50
    endloop
  endfacet
  facet normal 0.608913 0.793237 -0
    outer loop
      vertex 130.107 23.4151 0
      vertex 129.934 23.5479 84
      vertex 130.107 23.4151 84
    endloop
  endfacet
  facet normal 0.608913 0.793237 0
    outer loop
      vertex 129.934 23.5479 84
      vertex 130.107 23.4151 0
      vertex 129.934 23.5479 0
    endloop
  endfacet
  facet normal -0.843718 0.536786 -1.62008e-19
    outer loop
      vertex 125.335 22.75 50
      vertex 125.452 22.9339 76
      vertex 125.452 22.9339 50
    endloop
  endfacet
  facet normal -0.843718 0.536786 -1.62008e-19
    outer loop
      vertex 125.452 22.9339 76
      vertex 125.335 22.75 50
      vertex 125.335 22.75 76
    endloop
  endfacet
  facet normal 0.675019 0.737801 -0
    outer loop
      vertex 130.268 23.2678 0
      vertex 130.107 23.4151 84
      vertex 130.268 23.2678 84
    endloop
  endfacet
  facet normal 0.675019 0.737801 0
    outer loop
      vertex 130.107 23.4151 84
      vertex 130.268 23.2678 0
      vertex 130.107 23.4151 0
    endloop
  endfacet
  facet normal -0.30078 -0.953693 0
    outer loop
      vertex 126.645 18.1508 50
      vertex 126.853 18.0852 76
      vertex 126.645 18.1508 76
    endloop
  endfacet
  facet normal -0.30078 -0.953693 -0
    outer loop
      vertex 126.853 18.0852 76
      vertex 126.645 18.1508 50
      vertex 126.853 18.0852 50
    endloop
  endfacet
  facet normal 0.886503 -0.462723 6.87147e-20
    outer loop
      vertex 130.665 19.25 84
      vertex 130.766 19.4435 0
      vertex 130.766 19.4435 84
    endloop
  endfacet
  facet normal 0.886503 -0.462723 6.87147e-20
    outer loop
      vertex 130.766 19.4435 0
      vertex 130.665 19.25 84
      vertex 130.665 19.25 0
    endloop
  endfacet
  facet normal 0.675019 -0.737801 0
    outer loop
      vertex 130.107 18.5849 0
      vertex 130.268 18.7322 84
      vertex 130.107 18.5849 84
    endloop
  endfacet
  facet normal 0.675019 -0.737801 0
    outer loop
      vertex 130.268 18.7322 84
      vertex 130.107 18.5849 0
      vertex 130.268 18.7322 0
    endloop
  endfacet
  facet normal 0.792964 -0.609268 -5.82552e-20
    outer loop
      vertex 130.415 18.893 84
      vertex 130.548 19.0661 0
      vertex 130.548 19.0661 84
    endloop
  endfacet
  facet normal 0.792964 -0.609268 -5.82552e-20
    outer loop
      vertex 130.548 19.0661 0
      vertex 130.415 18.893 84
      vertex 130.415 18.893 0
    endloop
  endfacet
  facet normal 0.976488 -0.21557 -7.57519e-21
    outer loop
      vertex 130.915 19.853 84
      vertex 130.962 20.0659 0
      vertex 130.962 20.0659 84
    endloop
  endfacet
  facet normal 0.976488 -0.21557 -7.57519e-21
    outer loop
      vertex 130.962 20.0659 0
      vertex 130.915 19.853 84
      vertex 130.915 19.853 0
    endloop
  endfacet
  facet normal -0.30078 0.953693 0
    outer loop
      vertex 126.853 23.9148 50
      vertex 126.645 23.8492 76
      vertex 126.853 23.9148 76
    endloop
  endfacet
  facet normal -0.30078 0.953693 0
    outer loop
      vertex 126.645 23.8492 76
      vertex 126.853 23.9148 50
      vertex 126.645 23.8492 50
    endloop
  endfacet
  facet normal 0.537231 0.843435 -0
    outer loop
      vertex 129.934 23.5479 0
      vertex 129.75 23.6651 84
      vertex 129.934 23.5479 84
    endloop
  endfacet
  facet normal 0.537231 0.843435 0
    outer loop
      vertex 129.75 23.6651 84
      vertex 129.934 23.5479 0
      vertex 129.75 23.6651 0
    endloop
  endfacet
  facet normal -0.998949 -0.0458444 -2.24047e-20
    outer loop
      vertex 125.01 20.2821 50
      vertex 125 20.5 76
      vertex 125 20.5 50
    endloop
  endfacet
  facet normal -0.998949 -0.0458444 -2.24047e-20
    outer loop
      vertex 125 20.5 76
      vertex 125.01 20.2821 50
      vertex 125.01 20.2821 76
    endloop
  endfacet
  facet normal 0.924631 0.380865 2.75347e-21
    outer loop
      vertex 130.849 22.355 84
      vertex 130.766 22.5565 0
      vertex 130.766 22.5565 84
    endloop
  endfacet
  facet normal 0.924631 0.380865 2.75347e-21
    outer loop
      vertex 130.766 22.5565 0
      vertex 130.849 22.355 84
      vertex 130.849 22.355 0
    endloop
  endfacet
  facet normal 0.216348 0.976316 7.27991e-07
    outer loop
      vertex 129.147 23.9148 84
      vertex 129 23.9474 50
      vertex 128.934 23.962 84
    endloop
  endfacet
  facet normal 0.216509 0.976281 -0
    outer loop
      vertex 129.147 23.9148 0
      vertex 129 23.9474 50
      vertex 129.147 23.9148 84
    endloop
  endfacet
  facet normal 0.216509 0.976281 0
    outer loop
      vertex 129 23.9474 50
      vertex 129.147 23.9148 0
      vertex 129 23.9474 0
    endloop
  endfacet
  facet normal 0.215991 0.976395 0
    outer loop
      vertex 128.934 23.962 84
      vertex 129 23.9474 50
      vertex 128.934 23.962 50
    endloop
  endfacet
  facet normal -0.924564 -0.381027 -2.44633e-19
    outer loop
      vertex 125.234 19.4435 50
      vertex 125.151 19.6449 76
      vertex 125.151 19.6449 50
    endloop
  endfacet
  facet normal -0.924564 -0.381027 -2.44633e-19
    outer loop
      vertex 125.151 19.6449 76
      vertex 125.234 19.4435 50
      vertex 125.234 19.4435 76
    endloop
  endfacet
  facet normal 0.998949 -0.0458444 3.45073e-21
    outer loop
      vertex 130.99 20.2821 84
      vertex 131 20.5 0
      vertex 131 20.5 84
    endloop
  endfacet
  facet normal 0.998949 -0.0458444 3.45073e-21
    outer loop
      vertex 131 20.5 0
      vertex 130.99 20.2821 84
      vertex 130.99 20.2821 0
    endloop
  endfacet
  facet normal -0.130811 -0.991407 0
    outer loop
      vertex 127.066 18.038 50
      vertex 127.282 18.0095 76
      vertex 127.066 18.038 76
    endloop
  endfacet
  facet normal -0.130811 -0.991407 -0
    outer loop
      vertex 127.282 18.0095 76
      vertex 127.066 18.038 50
      vertex 127.282 18.0095 50
    endloop
  endfacet
  facet normal 0.381624 0.924318 -0
    outer loop
      vertex 129.557 23.7658 0
      vertex 129.355 23.8492 84
      vertex 129.557 23.7658 84
    endloop
  endfacet
  facet normal 0.381624 0.924318 0
    outer loop
      vertex 129.355 23.8492 84
      vertex 129.557 23.7658 0
      vertex 129.355 23.8492 0
    endloop
  endfacet
  facet normal 0.953166 0.302447 -1.40758e-20
    outer loop
      vertex 130.915 22.147 84
      vertex 130.849 22.355 0
      vertex 130.849 22.355 84
    endloop
  endfacet
  facet normal 0.953166 0.302447 -1.40758e-20
    outer loop
      vertex 130.849 22.355 0
      vertex 130.915 22.147 84
      vertex 130.915 22.147 0
    endloop
  endfacet
  facet normal 0.216348 -0.976316 0
    outer loop
      vertex 128.934 18.038 50
      vertex 129.147 18.0852 84
      vertex 128.934 18.038 84
    endloop
  endfacet
  facet normal 0.215991 -0.976395 2.34961e-06
    outer loop
      vertex 129 18.0526 50
      vertex 129.147 18.0852 84
      vertex 128.934 18.038 50
    endloop
  endfacet
  facet normal 0.216509 -0.976281 1.8435e-20
    outer loop
      vertex 129.147 18.0852 0
      vertex 129 18.0526 50
      vertex 129 18.0526 0
    endloop
  endfacet
  facet normal 0.216509 -0.976281 1.09732e-20
    outer loop
      vertex 129 18.0526 50
      vertex 129.147 18.0852 0
      vertex 129.147 18.0852 84
    endloop
  endfacet
  facet normal 0.462582 -0.886577 0
    outer loop
      vertex 129.557 18.2342 0
      vertex 129.75 18.3349 84
      vertex 129.557 18.2342 84
    endloop
  endfacet
  facet normal 0.462582 -0.886577 0
    outer loop
      vertex 129.75 18.3349 84
      vertex 129.557 18.2342 0
      vertex 129.75 18.3349 0
    endloop
  endfacet
  facet normal 0.0435367 -0.999052 0
    outer loop
      vertex 128.5 18 50
      vertex 128.718 18.0095 84
      vertex 128.5 18 84
    endloop
  endfacet
  facet normal 0.0435367 -0.999052 0
    outer loop
      vertex 128.718 18.0095 84
      vertex 128.5 18 50
      vertex 128.718 18.0095 50
    endloop
  endfacet
  facet normal 0.537231 -0.843435 0
    outer loop
      vertex 129.75 18.3349 0
      vertex 129.934 18.4521 84
      vertex 129.75 18.3349 84
    endloop
  endfacet
  facet normal 0.537231 -0.843435 0
    outer loop
      vertex 129.934 18.4521 84
      vertex 129.75 18.3349 0
      vertex 129.934 18.4521 0
    endloop
  endfacet
  facet normal 0.30078 0.953693 -0
    outer loop
      vertex 129.355 23.8492 0
      vertex 129.147 23.9148 84
      vertex 129.355 23.8492 84
    endloop
  endfacet
  facet normal 0.30078 0.953693 0
    outer loop
      vertex 129.147 23.9148 84
      vertex 129.355 23.8492 0
      vertex 129.147 23.9148 0
    endloop
  endfacet
  facet normal 0.738068 -0.674726 -7.18837e-20
    outer loop
      vertex 130.268 18.7322 84
      vertex 130.415 18.893 0
      vertex 130.415 18.893 84
    endloop
  endfacet
  facet normal 0.738068 -0.674726 -7.18837e-20
    outer loop
      vertex 130.415 18.893 0
      vertex 130.268 18.7322 84
      vertex 130.268 18.7322 0
    endloop
  endfacet
  facet normal 0.886503 0.462723 -6.87147e-20
    outer loop
      vertex 130.766 22.5565 84
      vertex 130.665 22.75 0
      vertex 130.665 22.75 84
    endloop
  endfacet
  facet normal 0.886503 0.462723 -6.87147e-20
    outer loop
      vertex 130.665 22.75 0
      vertex 130.766 22.5565 84
      vertex 130.766 22.5565 0
    endloop
  endfacet
  facet normal 0.792964 0.609268 5.82552e-20
    outer loop
      vertex 130.548 22.9339 84
      vertex 130.415 23.107 0
      vertex 130.415 23.107 84
    endloop
  endfacet
  facet normal 0.792964 0.609268 5.82552e-20
    outer loop
      vertex 130.415 23.107 0
      vertex 130.548 22.9339 84
      vertex 130.548 22.9339 0
    endloop
  endfacet
  facet normal -0.792964 -0.609268 1.98968e-19
    outer loop
      vertex 125.585 18.893 50
      vertex 125.452 19.0661 76
      vertex 125.452 19.0661 50
    endloop
  endfacet
  facet normal -0.792964 -0.609268 1.98968e-19
    outer loop
      vertex 125.452 19.0661 76
      vertex 125.585 18.893 50
      vertex 125.585 18.893 76
    endloop
  endfacet
  facet normal -0.675019 0.737801 0
    outer loop
      vertex 125.893 23.4151 50
      vertex 125.732 23.2678 76
      vertex 125.893 23.4151 76
    endloop
  endfacet
  facet normal -0.675019 0.737801 0
    outer loop
      vertex 125.732 23.2678 76
      vertex 125.893 23.4151 50
      vertex 125.732 23.2678 50
    endloop
  endfacet
  facet normal -0.953166 0.302447 4.54756e-20
    outer loop
      vertex 125.085 22.147 50
      vertex 125.151 22.355 76
      vertex 125.151 22.355 50
    endloop
  endfacet
  facet normal -0.953166 0.302447 4.54756e-20
    outer loop
      vertex 125.151 22.355 76
      vertex 125.085 22.147 50
      vertex 125.085 22.147 76
    endloop
  endfacet
  facet normal 0.991718 -0.128437 5.631e-21
    outer loop
      vertex 130.962 20.0659 84
      vertex 130.99 20.2821 0
      vertex 130.99 20.2821 84
    endloop
  endfacet
  facet normal 0.991718 -0.128437 5.631e-21
    outer loop
      vertex 130.99 20.2821 0
      vertex 130.962 20.0659 84
      vertex 130.962 20.0659 0
    endloop
  endfacet
  facet normal -0.608913 0.793237 0
    outer loop
      vertex 126.066 23.5479 50
      vertex 125.893 23.4151 76
      vertex 126.066 23.5479 76
    endloop
  endfacet
  facet normal -0.608913 0.793237 0
    outer loop
      vertex 125.893 23.4151 76
      vertex 126.066 23.5479 50
      vertex 125.893 23.4151 50
    endloop
  endfacet
  facet normal 0.381624 -0.924318 0
    outer loop
      vertex 129.355 18.1508 0
      vertex 129.557 18.2342 84
      vertex 129.355 18.1508 84
    endloop
  endfacet
  facet normal 0.381624 -0.924318 0
    outer loop
      vertex 129.557 18.2342 84
      vertex 129.355 18.1508 0
      vertex 129.557 18.2342 0
    endloop
  endfacet
  facet normal 0.991718 0.128437 -5.631e-21
    outer loop
      vertex 130.99 21.7179 84
      vertex 130.962 21.9341 0
      vertex 130.962 21.9341 84
    endloop
  endfacet
  facet normal 0.991718 0.128437 -5.631e-21
    outer loop
      vertex 130.962 21.9341 0
      vertex 130.99 21.7179 84
      vertex 130.99 21.7179 0
    endloop
  endfacet
  facet normal 0 0 -1
    outer loop
      vertex 129 18.0526 0
      vertex 131 20.5 0
      vertex 130.99 20.2821 0
    endloop
  endfacet
  facet normal -0 0 -1
    outer loop
      vertex 131 20.5 0
      vertex 129 18.0526 0
      vertex 131 21.5 0
    endloop
  endfacet
  facet normal 0 0 -1
    outer loop
      vertex 129 18.0526 0
      vertex 130.99 20.2821 0
      vertex 130.962 20.0659 0
    endloop
  endfacet
  facet normal 0 0 -1
    outer loop
      vertex 129 23.9474 0
      vertex 131 21.5 0
      vertex 129 18.0526 0
    endloop
  endfacet
  facet normal 0 0 -1
    outer loop
      vertex 129 18.0526 0
      vertex 130.962 20.0659 0
      vertex 130.915 19.853 0
    endloop
  endfacet
  facet normal 0 0 -1
    outer loop
      vertex 131 21.5 0
      vertex 129 23.9474 0
      vertex 130.99 21.7179 0
    endloop
  endfacet
  facet normal 0 0 -1
    outer loop
      vertex 129 18.0526 0
      vertex 130.915 19.853 0
      vertex 130.849 19.6449 0
    endloop
  endfacet
  facet normal 0 0 -1
    outer loop
      vertex 130.99 21.7179 0
      vertex 129 23.9474 0
      vertex 130.962 21.9341 0
    endloop
  endfacet
  facet normal 0 0 -1
    outer loop
      vertex 129 18.0526 0
      vertex 130.849 19.6449 0
      vertex 130.766 19.4435 0
    endloop
  endfacet
  facet normal 0 0 -1
    outer loop
      vertex 130.962 21.9341 0
      vertex 129 23.9474 0
      vertex 130.915 22.147 0
    endloop
  endfacet
  facet normal 0 0 -1
    outer loop
      vertex 129 18.0526 0
      vertex 130.766 19.4435 0
      vertex 130.665 19.25 0
    endloop
  endfacet
  facet normal 0 0 -1
    outer loop
      vertex 130.915 22.147 0
      vertex 129 23.9474 0
      vertex 130.849 22.355 0
    endloop
  endfacet
  facet normal 0 0 -1
    outer loop
      vertex 129 18.0526 0
      vertex 130.665 19.25 0
      vertex 130.548 19.0661 0
    endloop
  endfacet
  facet normal 0 0 -1
    outer loop
      vertex 130.849 22.355 0
      vertex 129 23.9474 0
      vertex 130.766 22.5565 0
    endloop
  endfacet
  facet normal 0 0 -1
    outer loop
      vertex 129 18.0526 0
      vertex 130.548 19.0661 0
      vertex 130.415 18.893 0
    endloop
  endfacet
  facet normal 0 0 -1
    outer loop
      vertex 130.766 22.5565 0
      vertex 129 23.9474 0
      vertex 130.665 22.75 0
    endloop
  endfacet
  facet normal 0 0 -1
    outer loop
      vertex 129 18.0526 0
      vertex 130.415 18.893 0
      vertex 130.268 18.7322 0
    endloop
  endfacet
  facet normal 0 0 -1
    outer loop
      vertex 130.665 22.75 0
      vertex 129 23.9474 0
      vertex 130.548 22.9339 0
    endloop
  endfacet
  facet normal 0 0 -1
    outer loop
      vertex 129 18.0526 0
      vertex 130.268 18.7322 0
      vertex 130.107 18.5849 0
    endloop
  endfacet
  facet normal 0 0 -1
    outer loop
      vertex 130.548 22.9339 0
      vertex 129 23.9474 0
      vertex 130.415 23.107 0
    endloop
  endfacet
  facet normal 0 0 -1
    outer loop
      vertex 129 18.0526 0
      vertex 130.107 18.5849 0
      vertex 129.934 18.4521 0
    endloop
  endfacet
  facet normal 0 0 -1
    outer loop
      vertex 130.415 23.107 0
      vertex 129 23.9474 0
      vertex 130.268 23.2678 0
    endloop
  endfacet
  facet normal 0 0 -1
    outer loop
      vertex 129 18.0526 0
      vertex 129.934 18.4521 0
      vertex 129.75 18.3349 0
    endloop
  endfacet
  facet normal 0 0 -1
    outer loop
      vertex 130.268 23.2678 0
      vertex 129 23.9474 0
      vertex 130.107 23.4151 0
    endloop
  endfacet
  facet normal 0 0 -1
    outer loop
      vertex 129 18.0526 0
      vertex 129.75 18.3349 0
      vertex 129.557 18.2342 0
    endloop
  endfacet
  facet normal 0 0 -1
    outer loop
      vertex 130.107 23.4151 0
      vertex 129 23.9474 0
      vertex 129.934 23.5479 0
    endloop
  endfacet
  facet normal 0 0 -1
    outer loop
      vertex 129 18.0526 0
      vertex 129.557 18.2342 0
      vertex 129.355 18.1508 0
    endloop
  endfacet
  facet normal 0 0 -1
    outer loop
      vertex 129.934 23.5479 0
      vertex 129 23.9474 0
      vertex 129.75 23.6651 0
    endloop
  endfacet
  facet normal 0 0 -1
    outer loop
      vertex 129 18.0526 0
      vertex 129.355 18.1508 0
      vertex 129.147 18.0852 0
    endloop
  endfacet
  facet normal 0 0 -1
    outer loop
      vertex 129.75 23.6651 0
      vertex 129 23.9474 0
      vertex 129.557 23.7658 0
    endloop
  endfacet
  facet normal 0 0 -1
    outer loop
      vertex 129.557 23.7658 0
      vertex 129 23.9474 0
      vertex 129.355 23.8492 0
    endloop
  endfacet
  facet normal 0 0 -1
    outer loop
      vertex 129.355 23.8492 0
      vertex 129 23.9474 0
      vertex 129.147 23.9148 0
    endloop
  endfacet
  facet normal 0.30078 -0.953693 0
    outer loop
      vertex 129.147 18.0852 0
      vertex 129.355 18.1508 84
      vertex 129.147 18.0852 84
    endloop
  endfacet
  facet normal 0.30078 -0.953693 0
    outer loop
      vertex 129.355 18.1508 84
      vertex 129.147 18.0852 0
      vertex 129.355 18.1508 0
    endloop
  endfacet
  facet normal -0.381624 0.924318 0
    outer loop
      vertex 126.645 23.8492 50
      vertex 126.443 23.7658 76
      vertex 126.645 23.8492 76
    endloop
  endfacet
  facet normal -0.381624 0.924318 0
    outer loop
      vertex 126.443 23.7658 76
      vertex 126.645 23.8492 50
      vertex 126.443 23.7658 50
    endloop
  endfacet
  facet normal -0.792964 0.609268 -1.98968e-19
    outer loop
      vertex 125.452 22.9339 50
      vertex 125.585 23.107 76
      vertex 125.585 23.107 50
    endloop
  endfacet
  facet normal -0.792964 0.609268 -1.98968e-19
    outer loop
      vertex 125.585 23.107 76
      vertex 125.452 22.9339 50
      vertex 125.452 22.9339 76
    endloop
  endfacet
  facet normal -0.991718 -0.128437 4.93829e-20
    outer loop
      vertex 125.038 20.0659 50
      vertex 125.01 20.2821 76
      vertex 125.01 20.2821 50
    endloop
  endfacet
  facet normal -0.991718 -0.128437 4.93829e-20
    outer loop
      vertex 125.01 20.2821 76
      vertex 125.038 20.0659 50
      vertex 125.038 20.0659 76
    endloop
  endfacet
  facet normal -0.462582 0.886577 0
    outer loop
      vertex 126.443 23.7658 50
      vertex 126.25 23.6651 76
      vertex 126.443 23.7658 76
    endloop
  endfacet
  facet normal -0.462582 0.886577 0
    outer loop
      vertex 126.25 23.6651 76
      vertex 126.443 23.7658 50
      vertex 126.25 23.6651 50
    endloop
  endfacet
  facet normal 0.924564 -0.381027 7.57197e-20
    outer loop
      vertex 130.766 19.4435 84
      vertex 130.849 19.6449 0
      vertex 130.849 19.6449 84
    endloop
  endfacet
  facet normal 0.924564 -0.381027 7.57197e-20
    outer loop
      vertex 130.849 19.6449 0
      vertex 130.766 19.4435 84
      vertex 130.766 19.4435 0
    endloop
  endfacet
  facet normal 0.976488 0.21557 7.57519e-21
    outer loop
      vertex 130.962 21.9341 84
      vertex 130.915 22.147 0
      vertex 130.915 22.147 84
    endloop
  endfacet
  facet normal 0.976488 0.21557 7.57519e-21
    outer loop
      vertex 130.915 22.147 0
      vertex 130.962 21.9341 84
      vertex 130.962 21.9341 0
    endloop
  endfacet
  facet normal -0.537231 0.843435 0
    outer loop
      vertex 126.25 23.6651 50
      vertex 126.066 23.5479 76
      vertex 126.25 23.6651 76
    endloop
  endfacet
  facet normal -0.537231 0.843435 0
    outer loop
      vertex 126.066 23.5479 76
      vertex 126.25 23.6651 50
      vertex 126.066 23.5479 50
    endloop
  endfacet
  facet normal -0.953166 -0.302447 5.88991e-21
    outer loop
      vertex 125.151 108.645 50
      vertex 125.085 108.853 76
      vertex 125.085 108.853 50
    endloop
  endfacet
  facet normal -0.953166 -0.302447 5.88991e-21
    outer loop
      vertex 125.085 108.853 76
      vertex 125.151 108.645 50
      vertex 125.151 108.645 76
    endloop
  endfacet
  facet normal -0.991703 0.128554 -8.4007e-21
    outer loop
      vertex 125.01 110.718 50
      vertex 125.038 110.934 76
      vertex 125.038 110.934 50
    endloop
  endfacet
  facet normal -0.991703 0.128554 -8.4007e-21
    outer loop
      vertex 125.038 110.934 76
      vertex 125.01 110.718 50
      vertex 125.01 110.718 76
    endloop
  endfacet
  facet normal -0.609489 -0.792794 0
    outer loop
      vertex 125.893 107.585 50
      vertex 126.066 107.452 76
      vertex 125.893 107.585 76
    endloop
  endfacet
  facet normal -0.609489 -0.792794 -0
    outer loop
      vertex 126.066 107.452 76
      vertex 125.893 107.585 50
      vertex 126.066 107.452 50
    endloop
  endfacet
  facet normal -0.215474 0.97651 0
    outer loop
      vertex 127.066 112.962 50
      vertex 126.853 112.915 76
      vertex 127.066 112.962 76
    endloop
  endfacet
  facet normal -0.215474 0.97651 0
    outer loop
      vertex 126.853 112.915 76
      vertex 127.066 112.962 50
      vertex 126.853 112.915 50
    endloop
  endfacet
  facet normal 0.84385 -0.536579 -8.35029e-20
    outer loop
      vertex 130.548 108.066 84
      vertex 130.665 108.25 0
      vertex 130.665 108.25 84
    endloop
  endfacet
  facet normal 0.84385 -0.536579 -8.35029e-20
    outer loop
      vertex 130.665 108.25 0
      vertex 130.548 108.066 84
      vertex 130.548 108.066 0
    endloop
  endfacet
  facet normal -0.84385 -0.536579 -1.36573e-19
    outer loop
      vertex 125.452 108.066 50
      vertex 125.335 108.25 76
      vertex 125.335 108.25 50
    endloop
  endfacet
  facet normal -0.84385 -0.536579 -1.36573e-19
    outer loop
      vertex 125.335 108.25 76
      vertex 125.452 108.066 50
      vertex 125.452 108.066 76
    endloop
  endfacet
  facet normal -0.536579 -0.84385 0
    outer loop
      vertex 126.066 107.452 50
      vertex 126.25 107.335 76
      vertex 126.066 107.452 76
    endloop
  endfacet
  facet normal -0.536579 -0.84385 -0
    outer loop
      vertex 126.25 107.335 76
      vertex 126.066 107.452 50
      vertex 126.25 107.335 50
    endloop
  endfacet
  facet normal 0.463664 0.886011 -0
    outer loop
      vertex 129.75 112.665 0
      vertex 129.557 112.766 84
      vertex 129.75 112.665 84
    endloop
  endfacet
  facet normal 0.463664 0.886011 0
    outer loop
      vertex 129.557 112.766 84
      vertex 129.75 112.665 0
      vertex 129.557 112.766 0
    endloop
  endfacet
  facet normal 0.84385 0.536579 8.35029e-20
    outer loop
      vertex 130.665 111.75 84
      vertex 130.548 111.934 0
      vertex 130.548 111.934 84
    endloop
  endfacet
  facet normal 0.84385 0.536579 8.35029e-20
    outer loop
      vertex 130.548 111.934 0
      vertex 130.665 111.75 84
      vertex 130.665 111.75 0
    endloop
  endfacet
  facet normal 0.609489 -0.792794 0
    outer loop
      vertex 129.934 107.452 0
      vertex 130.107 107.585 84
      vertex 129.934 107.452 84
    endloop
  endfacet
  facet normal 0.609489 -0.792794 0
    outer loop
      vertex 130.107 107.585 84
      vertex 129.934 107.452 0
      vertex 130.107 107.585 0
    endloop
  endfacet
  facet normal 0.0458234 0.99895 -0
    outer loop
      vertex 128.718 112.99 50
      vertex 128.5 113 84
      vertex 128.718 112.99 84
    endloop
  endfacet
  facet normal 0.0458234 0.99895 0
    outer loop
      vertex 128.5 113 84
      vertex 128.718 112.99 50
      vertex 128.5 113 50
    endloop
  endfacet
  facet normal -0.674269 -0.738485 0
    outer loop
      vertex 125.732 107.732 50
      vertex 125.893 107.585 76
      vertex 125.732 107.732 76
    endloop
  endfacet
  facet normal -0.674269 -0.738485 -0
    outer loop
      vertex 125.893 107.585 76
      vertex 125.732 107.732 50
      vertex 125.893 107.585 50
    endloop
  endfacet
  facet normal -0.128554 0.991703 0
    outer loop
      vertex 127.282 112.99 50
      vertex 127.066 112.962 76
      vertex 127.282 112.99 76
    endloop
  endfacet
  facet normal -0.128554 0.991703 0
    outer loop
      vertex 127.066 112.962 76
      vertex 127.282 112.99 50
      vertex 127.066 112.962 50
    endloop
  endfacet
  facet normal -0.0458234 0.99895 0
    outer loop
      vertex 127.5 113 50
      vertex 127.282 112.99 76
      vertex 127.5 113 76
    endloop
  endfacet
  facet normal -0.0458234 0.99895 0
    outer loop
      vertex 127.282 112.99 76
      vertex 127.5 113 50
      vertex 127.282 112.99 50
    endloop
  endfacet
  facet normal -0.215474 -0.97651 0
    outer loop
      vertex 126.853 107.085 50
      vertex 127.066 107.038 76
      vertex 126.853 107.085 76
    endloop
  endfacet
  facet normal -0.215474 -0.97651 -0
    outer loop
      vertex 127.066 107.038 76
      vertex 126.853 107.085 50
      vertex 127.066 107.038 50
    endloop
  endfacet
  facet normal -0.380059 -0.924962 0
    outer loop
      vertex 126.443 107.234 50
      vertex 126.645 107.151 76
      vertex 126.443 107.234 76
    endloop
  endfacet
  facet normal -0.380059 -0.924962 -0
    outer loop
      vertex 126.645 107.151 76
      vertex 126.443 107.234 50
      vertex 126.645 107.151 50
    endloop
  endfacet
  facet normal -0.463664 -0.886011 0
    outer loop
      vertex 126.25 107.335 50
      vertex 126.443 107.234 76
      vertex 126.25 107.335 76
    endloop
  endfacet
  facet normal -0.463664 -0.886011 -0
    outer loop
      vertex 126.443 107.234 76
      vertex 126.25 107.335 50
      vertex 126.443 107.234 50
    endloop
  endfacet
  facet normal -0.738485 -0.674269 -9.47195e-20
    outer loop
      vertex 125.732 107.732 50
      vertex 125.585 107.893 76
      vertex 125.585 107.893 50
    endloop
  endfacet
  facet normal -0.738485 -0.674269 -9.47195e-20
    outer loop
      vertex 125.585 107.893 76
      vertex 125.732 107.732 50
      vertex 125.732 107.732 76
    endloop
  endfacet
  facet normal 1 -0 0
    outer loop
      vertex 131 109.5 84
      vertex 131 110.5 0
      vertex 131 110.5 84
    endloop
  endfacet
  facet normal 1 0 0
    outer loop
      vertex 131 110.5 0
      vertex 131 109.5 84
      vertex 131 109.5 0
    endloop
  endfacet
  facet normal 0.953166 -0.302447 -1.82307e-21
    outer loop
      vertex 130.849 108.645 84
      vertex 130.915 108.853 0
      vertex 130.915 108.853 84
    endloop
  endfacet
  facet normal 0.953166 -0.302447 -1.82307e-21
    outer loop
      vertex 130.915 108.853 0
      vertex 130.849 108.645 84
      vertex 130.849 108.645 0
    endloop
  endfacet
  facet normal -0.99895 0.0458234 -2.19639e-20
    outer loop
      vertex 125 110.5 50
      vertex 125.01 110.718 76
      vertex 125.01 110.718 50
    endloop
  endfacet
  facet normal -0.99895 0.0458234 -2.19639e-20
    outer loop
      vertex 125.01 110.718 76
      vertex 125 110.5 50
      vertex 125 110.5 76
    endloop
  endfacet
  facet normal 0.128554 0.991703 -0
    outer loop
      vertex 128.934 112.962 50
      vertex 128.718 112.99 84
      vertex 128.934 112.962 84
    endloop
  endfacet
  facet normal 0.128554 0.991703 0
    outer loop
      vertex 128.718 112.99 84
      vertex 128.934 112.962 50
      vertex 128.718 112.99 50
    endloop
  endfacet
  facet normal -0.886011 0.463664 -2.75537e-19
    outer loop
      vertex 125.234 111.557 50
      vertex 125.335 111.75 76
      vertex 125.335 111.75 50
    endloop
  endfacet
  facet normal -0.886011 0.463664 -2.75537e-19
    outer loop
      vertex 125.335 111.75 76
      vertex 125.234 111.557 50
      vertex 125.234 111.557 76
    endloop
  endfacet
  facet normal -0.886011 -0.463664 2.75537e-19
    outer loop
      vertex 125.335 108.25 50
      vertex 125.234 108.443 76
      vertex 125.234 108.443 50
    endloop
  endfacet
  facet normal -0.886011 -0.463664 2.75537e-19
    outer loop
      vertex 125.234 108.443 76
      vertex 125.335 108.25 50
      vertex 125.335 108.25 76
    endloop
  endfacet
  facet normal 0.738485 0.674269 5.70718e-20
    outer loop
      vertex 130.415 112.107 84
      vertex 130.268 112.268 0
      vertex 130.268 112.268 84
    endloop
  endfacet
  facet normal 0.738485 0.674269 5.70718e-20
    outer loop
      vertex 130.268 112.268 0
      vertex 130.415 112.107 84
      vertex 130.415 112.107 0
    endloop
  endfacet
  facet normal -0.97651 0.215474 8.98167e-20
    outer loop
      vertex 125.038 110.934 50
      vertex 125.085 111.147 76
      vertex 125.085 111.147 50
    endloop
  endfacet
  facet normal -0.97651 0.215474 8.98167e-20
    outer loop
      vertex 125.085 111.147 76
      vertex 125.038 110.934 50
      vertex 125.038 110.934 76
    endloop
  endfacet
  facet normal 0.99895 0.0458234 -6.82865e-21
    outer loop
      vertex 131 110.5 84
      vertex 130.99 110.718 0
      vertex 130.99 110.718 84
    endloop
  endfacet
  facet normal 0.99895 0.0458234 -6.82865e-21
    outer loop
      vertex 130.99 110.718 0
      vertex 131 110.5 84
      vertex 131 110.5 0
    endloop
  endfacet
  facet normal -0.0458234 -0.99895 0
    outer loop
      vertex 127.282 107.01 50
      vertex 127.5 107 76
      vertex 127.282 107.01 76
    endloop
  endfacet
  facet normal -0.0458234 -0.99895 -0
    outer loop
      vertex 127.5 107 76
      vertex 127.282 107.01 50
      vertex 127.5 107 50
    endloop
  endfacet
  facet normal -1 0 0
    outer loop
      vertex 125 109.5 50
      vertex 125 110.5 76
      vertex 125 110.5 50
    endloop
  endfacet
  facet normal -1 -0 0
    outer loop
      vertex 125 110.5 76
      vertex 125 109.5 50
      vertex 125 109.5 76
    endloop
  endfacet
  facet normal -0.738485 0.674269 9.47195e-20
    outer loop
      vertex 125.585 112.107 50
      vertex 125.732 112.268 76
      vertex 125.732 112.268 50
    endloop
  endfacet
  facet normal -0.738485 0.674269 9.47195e-20
    outer loop
      vertex 125.732 112.268 76
      vertex 125.585 112.107 50
      vertex 125.585 112.107 76
    endloop
  endfacet
  facet normal -0.97651 -0.215474 -8.98167e-20
    outer loop
      vertex 125.085 108.853 50
      vertex 125.038 109.066 76
      vertex 125.038 109.066 50
    endloop
  endfacet
  facet normal -0.97651 -0.215474 -8.98167e-20
    outer loop
      vertex 125.038 109.066 76
      vertex 125.085 108.853 50
      vertex 125.085 108.853 76
    endloop
  endfacet
  facet normal 0.128554 -0.991703 0
    outer loop
      vertex 128.718 107.01 50
      vertex 128.934 107.038 84
      vertex 128.718 107.01 84
    endloop
  endfacet
  facet normal 0.128554 -0.991703 0
    outer loop
      vertex 128.934 107.038 84
      vertex 128.718 107.01 50
      vertex 128.934 107.038 50
    endloop
  endfacet
  facet normal 0.609489 0.792794 -0
    outer loop
      vertex 130.107 112.415 0
      vertex 129.934 112.548 84
      vertex 130.107 112.415 84
    endloop
  endfacet
  facet normal 0.609489 0.792794 0
    outer loop
      vertex 129.934 112.548 84
      vertex 130.107 112.415 0
      vertex 129.934 112.548 0
    endloop
  endfacet
  facet normal -0.84385 0.536579 1.36573e-19
    outer loop
      vertex 125.335 111.75 50
      vertex 125.452 111.934 76
      vertex 125.452 111.934 50
    endloop
  endfacet
  facet normal -0.84385 0.536579 1.36573e-19
    outer loop
      vertex 125.452 111.934 76
      vertex 125.335 111.75 50
      vertex 125.335 111.75 76
    endloop
  endfacet
  facet normal 0.674269 0.738485 -0
    outer loop
      vertex 130.268 112.268 0
      vertex 130.107 112.415 84
      vertex 130.268 112.268 84
    endloop
  endfacet
  facet normal 0.674269 0.738485 0
    outer loop
      vertex 130.107 112.415 84
      vertex 130.268 112.268 0
      vertex 130.107 112.415 0
    endloop
  endfacet
  facet normal -0.302447 -0.953166 0
    outer loop
      vertex 126.645 107.151 50
      vertex 126.853 107.085 76
      vertex 126.645 107.151 76
    endloop
  endfacet
  facet normal -0.302447 -0.953166 -0
    outer loop
      vertex 126.853 107.085 76
      vertex 126.645 107.151 50
      vertex 126.853 107.085 50
    endloop
  endfacet
  facet normal 0.886011 -0.463664 -8.52854e-20
    outer loop
      vertex 130.665 108.25 84
      vertex 130.766 108.443 0
      vertex 130.766 108.443 84
    endloop
  endfacet
  facet normal 0.886011 -0.463664 -8.52854e-20
    outer loop
      vertex 130.766 108.443 0
      vertex 130.665 108.25 84
      vertex 130.665 108.25 0
    endloop
  endfacet
  facet normal 0.674269 -0.738485 0
    outer loop
      vertex 130.107 107.585 0
      vertex 130.268 107.732 84
      vertex 130.107 107.585 84
    endloop
  endfacet
  facet normal 0.674269 -0.738485 0
    outer loop
      vertex 130.268 107.732 84
      vertex 130.107 107.585 0
      vertex 130.268 107.732 0
    endloop
  endfacet
  facet normal 0.792794 -0.609489 -4.34759e-20
    outer loop
      vertex 130.415 107.893 84
      vertex 130.548 108.066 0
      vertex 130.548 108.066 84
    endloop
  endfacet
  facet normal 0.792794 -0.609489 -4.34759e-20
    outer loop
      vertex 130.548 108.066 0
      vertex 130.415 107.893 84
      vertex 130.415 107.893 0
    endloop
  endfacet
  facet normal 0.97651 -0.215474 2.78004e-20
    outer loop
      vertex 130.915 108.853 84
      vertex 130.962 109.066 0
      vertex 130.962 109.066 84
    endloop
  endfacet
  facet normal 0.97651 -0.215474 2.78004e-20
    outer loop
      vertex 130.962 109.066 0
      vertex 130.915 108.853 84
      vertex 130.915 108.853 0
    endloop
  endfacet
  facet normal -0.302447 0.953166 0
    outer loop
      vertex 126.853 112.915 50
      vertex 126.645 112.849 76
      vertex 126.853 112.915 76
    endloop
  endfacet
  facet normal -0.302447 0.953166 0
    outer loop
      vertex 126.645 112.849 76
      vertex 126.853 112.915 50
      vertex 126.645 112.849 50
    endloop
  endfacet
  facet normal 0.536579 0.84385 -0
    outer loop
      vertex 129.934 112.548 0
      vertex 129.75 112.665 84
      vertex 129.934 112.548 84
    endloop
  endfacet
  facet normal 0.536579 0.84385 0
    outer loop
      vertex 129.75 112.665 84
      vertex 129.934 112.548 0
      vertex 129.75 112.665 0
    endloop
  endfacet
  facet normal -0.99895 -0.0458234 2.19639e-20
    outer loop
      vertex 125.01 109.282 50
      vertex 125 109.5 76
      vertex 125 109.5 50
    endloop
  endfacet
  facet normal -0.99895 -0.0458234 2.19639e-20
    outer loop
      vertex 125 109.5 76
      vertex 125.01 109.282 50
      vertex 125.01 109.282 76
    endloop
  endfacet
  facet normal 0.924962 0.380059 1.58685e-20
    outer loop
      vertex 130.849 111.355 84
      vertex 130.766 111.557 0
      vertex 130.766 111.557 84
    endloop
  endfacet
  facet normal 0.924962 0.380059 1.58685e-20
    outer loop
      vertex 130.766 111.557 0
      vertex 130.849 111.355 84
      vertex 130.849 111.355 0
    endloop
  endfacet
  facet normal 0.215474 0.97651 -1.25401e-05
    outer loop
      vertex 129.147 112.915 84
      vertex 129 112.947 50
      vertex 128.934 112.962 84
    endloop
  endfacet
  facet normal 0.212706 0.977116 -0
    outer loop
      vertex 129.147 112.915 0
      vertex 129 112.947 50
      vertex 129.147 112.915 84
    endloop
  endfacet
  facet normal 0.212706 0.977116 0
    outer loop
      vertex 129 112.947 50
      vertex 129.147 112.915 0
      vertex 129 112.947 0
    endloop
  endfacet
  facet normal 0.221621 0.975133 0
    outer loop
      vertex 128.934 112.962 84
      vertex 129 112.947 50
      vertex 128.934 112.962 50
    endloop
  endfacet
  facet normal -0.924962 -0.380059 5.12675e-20
    outer loop
      vertex 125.234 108.443 50
      vertex 125.151 108.645 76
      vertex 125.151 108.645 50
    endloop
  endfacet
  facet normal -0.924962 -0.380059 5.12675e-20
    outer loop
      vertex 125.151 108.645 76
      vertex 125.234 108.443 50
      vertex 125.234 108.443 76
    endloop
  endfacet
  facet normal 0.99895 -0.0458234 6.82865e-21
    outer loop
      vertex 130.99 109.282 84
      vertex 131 109.5 0
      vertex 131 109.5 84
    endloop
  endfacet
  facet normal 0.99895 -0.0458234 6.82865e-21
    outer loop
      vertex 131 109.5 0
      vertex 130.99 109.282 84
      vertex 130.99 109.282 0
    endloop
  endfacet
  facet normal -0.128554 -0.991703 0
    outer loop
      vertex 127.066 107.038 50
      vertex 127.282 107.01 76
      vertex 127.066 107.038 76
    endloop
  endfacet
  facet normal -0.128554 -0.991703 -0
    outer loop
      vertex 127.282 107.01 76
      vertex 127.066 107.038 50
      vertex 127.282 107.01 50
    endloop
  endfacet
  facet normal 0.380059 0.924962 -0
    outer loop
      vertex 129.557 112.766 0
      vertex 129.355 112.849 84
      vertex 129.557 112.766 84
    endloop
  endfacet
  facet normal 0.380059 0.924962 0
    outer loop
      vertex 129.355 112.849 84
      vertex 129.557 112.766 0
      vertex 129.355 112.849 0
    endloop
  endfacet
  facet normal 0.953166 0.302447 1.82307e-21
    outer loop
      vertex 130.915 111.147 84
      vertex 130.849 111.355 0
      vertex 130.849 111.355 84
    endloop
  endfacet
  facet normal 0.953166 0.302447 1.82307e-21
    outer loop
      vertex 130.849 111.355 0
      vertex 130.915 111.147 84
      vertex 130.915 111.147 0
    endloop
  endfacet
  facet normal 0.215474 -0.97651 0
    outer loop
      vertex 128.934 107.038 50
      vertex 129.147 107.085 84
      vertex 128.934 107.038 84
    endloop
  endfacet
  facet normal 0.221621 -0.975133 -4.04133e-05
    outer loop
      vertex 129 107.053 50
      vertex 129.147 107.085 84
      vertex 128.934 107.038 50
    endloop
  endfacet
  facet normal 0.212706 -0.977116 1.30178e-20
    outer loop
      vertex 129.147 107.085 0
      vertex 129 107.053 50
      vertex 129 107.053 0
    endloop
  endfacet
  facet normal 0.212706 -0.977116 7.74869e-21
    outer loop
      vertex 129 107.053 50
      vertex 129.147 107.085 0
      vertex 129.147 107.085 84
    endloop
  endfacet
  facet normal 0.463664 -0.886011 0
    outer loop
      vertex 129.557 107.234 0
      vertex 129.75 107.335 84
      vertex 129.557 107.234 84
    endloop
  endfacet
  facet normal 0.463664 -0.886011 0
    outer loop
      vertex 129.75 107.335 84
      vertex 129.557 107.234 0
      vertex 129.75 107.335 0
    endloop
  endfacet
  facet normal 0.0458234 -0.99895 0
    outer loop
      vertex 128.5 107 50
      vertex 128.718 107.01 84
      vertex 128.5 107 84
    endloop
  endfacet
  facet normal 0.0458234 -0.99895 0
    outer loop
      vertex 128.718 107.01 84
      vertex 128.5 107 50
      vertex 128.718 107.01 50
    endloop
  endfacet
  facet normal 0.536579 -0.84385 0
    outer loop
      vertex 129.75 107.335 0
      vertex 129.934 107.452 84
      vertex 129.75 107.335 84
    endloop
  endfacet
  facet normal 0.536579 -0.84385 0
    outer loop
      vertex 129.934 107.452 84
      vertex 129.75 107.335 0
      vertex 129.934 107.452 0
    endloop
  endfacet
  facet normal 0.302447 0.953166 -0
    outer loop
      vertex 129.355 112.849 0
      vertex 129.147 112.915 84
      vertex 129.355 112.849 84
    endloop
  endfacet
  facet normal 0.302447 0.953166 0
    outer loop
      vertex 129.147 112.915 84
      vertex 129.355 112.849 0
      vertex 129.147 112.915 0
    endloop
  endfacet
  facet normal 0.738485 -0.674269 -5.70718e-20
    outer loop
      vertex 130.268 107.732 84
      vertex 130.415 107.893 0
      vertex 130.415 107.893 84
    endloop
  endfacet
  facet normal 0.738485 -0.674269 -5.70718e-20
    outer loop
      vertex 130.415 107.893 0
      vertex 130.268 107.732 84
      vertex 130.268 107.732 0
    endloop
  endfacet
  facet normal 0.886011 0.463664 8.52854e-20
    outer loop
      vertex 130.766 111.557 84
      vertex 130.665 111.75 0
      vertex 130.665 111.75 84
    endloop
  endfacet
  facet normal 0.886011 0.463664 8.52854e-20
    outer loop
      vertex 130.665 111.75 0
      vertex 130.766 111.557 84
      vertex 130.766 111.557 0
    endloop
  endfacet
  facet normal 0.792794 0.609489 4.34759e-20
    outer loop
      vertex 130.548 111.934 84
      vertex 130.415 112.107 0
      vertex 130.415 112.107 84
    endloop
  endfacet
  facet normal 0.792794 0.609489 4.34759e-20
    outer loop
      vertex 130.415 112.107 0
      vertex 130.548 111.934 84
      vertex 130.548 111.934 0
    endloop
  endfacet
  facet normal -0.924962 0.380059 -5.12675e-20
    outer loop
      vertex 125.151 111.355 50
      vertex 125.234 111.557 76
      vertex 125.234 111.557 50
    endloop
  endfacet
  facet normal -0.924962 0.380059 -5.12675e-20
    outer loop
      vertex 125.234 111.557 76
      vertex 125.151 111.355 50
      vertex 125.151 111.355 76
    endloop
  endfacet
  facet normal -0.792794 -0.609489 -9.925e-20
    outer loop
      vertex 125.585 107.893 50
      vertex 125.452 108.066 76
      vertex 125.452 108.066 50
    endloop
  endfacet
  facet normal -0.792794 -0.609489 -9.925e-20
    outer loop
      vertex 125.452 108.066 76
      vertex 125.585 107.893 50
      vertex 125.585 107.893 76
    endloop
  endfacet
  facet normal -0.674269 0.738485 0
    outer loop
      vertex 125.893 112.415 50
      vertex 125.732 112.268 76
      vertex 125.893 112.415 76
    endloop
  endfacet
  facet normal -0.674269 0.738485 0
    outer loop
      vertex 125.732 112.268 76
      vertex 125.893 112.415 50
      vertex 125.732 112.268 50
    endloop
  endfacet
  facet normal -0.953166 0.302447 -5.88991e-21
    outer loop
      vertex 125.085 111.147 50
      vertex 125.151 111.355 76
      vertex 125.151 111.355 50
    endloop
  endfacet
  facet normal -0.953166 0.302447 -5.88991e-21
    outer loop
      vertex 125.151 111.355 76
      vertex 125.085 111.147 50
      vertex 125.085 111.147 76
    endloop
  endfacet
  facet normal 0.991703 -0.128554 -7.90988e-21
    outer loop
      vertex 130.962 109.066 84
      vertex 130.99 109.282 0
      vertex 130.99 109.282 84
    endloop
  endfacet
  facet normal 0.991703 -0.128554 -7.90988e-21
    outer loop
      vertex 130.99 109.282 0
      vertex 130.962 109.066 84
      vertex 130.962 109.066 0
    endloop
  endfacet
  facet normal -0.609489 0.792794 0
    outer loop
      vertex 126.066 112.548 50
      vertex 125.893 112.415 76
      vertex 126.066 112.548 76
    endloop
  endfacet
  facet normal -0.609489 0.792794 0
    outer loop
      vertex 125.893 112.415 76
      vertex 126.066 112.548 50
      vertex 125.893 112.415 50
    endloop
  endfacet
  facet normal 0.380059 -0.924962 0
    outer loop
      vertex 129.355 107.151 0
      vertex 129.557 107.234 84
      vertex 129.355 107.151 84
    endloop
  endfacet
  facet normal 0.380059 -0.924962 0
    outer loop
      vertex 129.557 107.234 84
      vertex 129.355 107.151 0
      vertex 129.557 107.234 0
    endloop
  endfacet
  facet normal 0.991703 0.128554 7.90988e-21
    outer loop
      vertex 130.99 110.718 84
      vertex 130.962 110.934 0
      vertex 130.962 110.934 84
    endloop
  endfacet
  facet normal 0.991703 0.128554 7.90988e-21
    outer loop
      vertex 130.962 110.934 0
      vertex 130.99 110.718 84
      vertex 130.99 110.718 0
    endloop
  endfacet
  facet normal 0 0 -1
    outer loop
      vertex 129 107.053 0
      vertex 131 109.5 0
      vertex 130.99 109.282 0
    endloop
  endfacet
  facet normal -0 0 -1
    outer loop
      vertex 131 109.5 0
      vertex 129 107.053 0
      vertex 131 110.5 0
    endloop
  endfacet
  facet normal 0 0 -1
    outer loop
      vertex 129 107.053 0
      vertex 130.99 109.282 0
      vertex 130.962 109.066 0
    endloop
  endfacet
  facet normal 0 0 -1
    outer loop
      vertex 129 112.947 0
      vertex 131 110.5 0
      vertex 129 107.053 0
    endloop
  endfacet
  facet normal 0 0 -1
    outer loop
      vertex 129 107.053 0
      vertex 130.962 109.066 0
      vertex 130.915 108.853 0
    endloop
  endfacet
  facet normal 0 0 -1
    outer loop
      vertex 131 110.5 0
      vertex 129 112.947 0
      vertex 130.99 110.718 0
    endloop
  endfacet
  facet normal 0 0 -1
    outer loop
      vertex 129 107.053 0
      vertex 130.915 108.853 0
      vertex 130.849 108.645 0
    endloop
  endfacet
  facet normal 0 0 -1
    outer loop
      vertex 130.99 110.718 0
      vertex 129 112.947 0
      vertex 130.962 110.934 0
    endloop
  endfacet
  facet normal 0 0 -1
    outer loop
      vertex 129 107.053 0
      vertex 130.849 108.645 0
      vertex 130.766 108.443 0
    endloop
  endfacet
  facet normal 0 0 -1
    outer loop
      vertex 130.962 110.934 0
      vertex 129 112.947 0
      vertex 130.915 111.147 0
    endloop
  endfacet
  facet normal 0 0 -1
    outer loop
      vertex 129 107.053 0
      vertex 130.766 108.443 0
      vertex 130.665 108.25 0
    endloop
  endfacet
  facet normal 0 0 -1
    outer loop
      vertex 130.915 111.147 0
      vertex 129 112.947 0
      vertex 130.849 111.355 0
    endloop
  endfacet
  facet normal 0 0 -1
    outer loop
      vertex 129 107.053 0
      vertex 130.665 108.25 0
      vertex 130.548 108.066 0
    endloop
  endfacet
  facet normal 0 0 -1
    outer loop
      vertex 130.849 111.355 0
      vertex 129 112.947 0
      vertex 130.766 111.557 0
    endloop
  endfacet
  facet normal 0 0 -1
    outer loop
      vertex 129 107.053 0
      vertex 130.548 108.066 0
      vertex 130.415 107.893 0
    endloop
  endfacet
  facet normal 0 0 -1
    outer loop
      vertex 130.766 111.557 0
      vertex 129 112.947 0
      vertex 130.665 111.75 0
    endloop
  endfacet
  facet normal 0 0 -1
    outer loop
      vertex 129 107.053 0
      vertex 130.415 107.893 0
      vertex 130.268 107.732 0
    endloop
  endfacet
  facet normal 0 0 -1
    outer loop
      vertex 130.665 111.75 0
      vertex 129 112.947 0
      vertex 130.548 111.934 0
    endloop
  endfacet
  facet normal 0 0 -1
    outer loop
      vertex 129 107.053 0
      vertex 130.268 107.732 0
      vertex 130.107 107.585 0
    endloop
  endfacet
  facet normal 0 0 -1
    outer loop
      vertex 130.548 111.934 0
      vertex 129 112.947 0
      vertex 130.415 112.107 0
    endloop
  endfacet
  facet normal 0 0 -1
    outer loop
      vertex 129 107.053 0
      vertex 130.107 107.585 0
      vertex 129.934 107.452 0
    endloop
  endfacet
  facet normal 0 0 -1
    outer loop
      vertex 130.415 112.107 0
      vertex 129 112.947 0
      vertex 130.268 112.268 0
    endloop
  endfacet
  facet normal 0 0 -1
    outer loop
      vertex 129 107.053 0
      vertex 129.934 107.452 0
      vertex 129.75 107.335 0
    endloop
  endfacet
  facet normal 0 0 -1
    outer loop
      vertex 130.268 112.268 0
      vertex 129 112.947 0
      vertex 130.107 112.415 0
    endloop
  endfacet
  facet normal 0 0 -1
    outer loop
      vertex 129 107.053 0
      vertex 129.75 107.335 0
      vertex 129.557 107.234 0
    endloop
  endfacet
  facet normal 0 0 -1
    outer loop
      vertex 130.107 112.415 0
      vertex 129 112.947 0
      vertex 129.934 112.548 0
    endloop
  endfacet
  facet normal 0 0 -1
    outer loop
      vertex 129 107.053 0
      vertex 129.557 107.234 0
      vertex 129.355 107.151 0
    endloop
  endfacet
  facet normal 0 0 -1
    outer loop
      vertex 129.934 112.548 0
      vertex 129 112.947 0
      vertex 129.75 112.665 0
    endloop
  endfacet
  facet normal 0 0 -1
    outer loop
      vertex 129 107.053 0
      vertex 129.355 107.151 0
      vertex 129.147 107.085 0
    endloop
  endfacet
  facet normal 0 0 -1
    outer loop
      vertex 129.75 112.665 0
      vertex 129 112.947 0
      vertex 129.557 112.766 0
    endloop
  endfacet
  facet normal 0 0 -1
    outer loop
      vertex 129.557 112.766 0
      vertex 129 112.947 0
      vertex 129.355 112.849 0
    endloop
  endfacet
  facet normal 0 0 -1
    outer loop
      vertex 129.355 112.849 0
      vertex 129 112.947 0
      vertex 129.147 112.915 0
    endloop
  endfacet
  facet normal 0.302447 -0.953166 0
    outer loop
      vertex 129.147 107.085 0
      vertex 129.355 107.151 84
      vertex 129.147 107.085 84
    endloop
  endfacet
  facet normal 0.302447 -0.953166 0
    outer loop
      vertex 129.355 107.151 84
      vertex 129.147 107.085 0
      vertex 129.355 107.151 0
    endloop
  endfacet
  facet normal -0.380059 0.924962 0
    outer loop
      vertex 126.645 112.849 50
      vertex 126.443 112.766 76
      vertex 126.645 112.849 76
    endloop
  endfacet
  facet normal -0.380059 0.924962 0
    outer loop
      vertex 126.443 112.766 76
      vertex 126.645 112.849 50
      vertex 126.443 112.766 50
    endloop
  endfacet
  facet normal -0.792794 0.609489 9.925e-20
    outer loop
      vertex 125.452 111.934 50
      vertex 125.585 112.107 76
      vertex 125.585 112.107 50
    endloop
  endfacet
  facet normal -0.792794 0.609489 9.925e-20
    outer loop
      vertex 125.585 112.107 76
      vertex 125.452 111.934 50
      vertex 125.452 111.934 76
    endloop
  endfacet
  facet normal -0.991703 -0.128554 8.4007e-21
    outer loop
      vertex 125.038 109.066 50
      vertex 125.01 109.282 76
      vertex 125.01 109.282 50
    endloop
  endfacet
  facet normal -0.991703 -0.128554 8.4007e-21
    outer loop
      vertex 125.01 109.282 76
      vertex 125.038 109.066 50
      vertex 125.038 109.066 76
    endloop
  endfacet
  facet normal -0.463664 0.886011 0
    outer loop
      vertex 126.443 112.766 50
      vertex 126.25 112.665 76
      vertex 126.443 112.766 76
    endloop
  endfacet
  facet normal -0.463664 0.886011 0
    outer loop
      vertex 126.25 112.665 76
      vertex 126.443 112.766 50
      vertex 126.25 112.665 50
    endloop
  endfacet
  facet normal 0.924962 -0.380059 -1.58685e-20
    outer loop
      vertex 130.766 108.443 84
      vertex 130.849 108.645 0
      vertex 130.849 108.645 84
    endloop
  endfacet
  facet normal 0.924962 -0.380059 -1.58685e-20
    outer loop
      vertex 130.849 108.645 0
      vertex 130.766 108.443 84
      vertex 130.766 108.443 0
    endloop
  endfacet
  facet normal 0.97651 0.215474 -2.78004e-20
    outer loop
      vertex 130.962 110.934 84
      vertex 130.915 111.147 0
      vertex 130.915 111.147 84
    endloop
  endfacet
  facet normal 0.97651 0.215474 -2.78004e-20
    outer loop
      vertex 130.915 111.147 0
      vertex 130.962 110.934 84
      vertex 130.962 110.934 0
    endloop
  endfacet
  facet normal -0.536579 0.84385 0
    outer loop
      vertex 126.25 112.665 50
      vertex 126.066 112.548 76
      vertex 126.25 112.665 76
    endloop
  endfacet
  facet normal -0.536579 0.84385 0
    outer loop
      vertex 126.066 112.548 76
      vertex 126.25 112.665 50
      vertex 126.066 112.548 50
    endloop
  endfacet
  facet normal -0.976306 -0.216396 7.03704e-19
    outer loop
      vertex 11.6704 15.2059 76
      vertex 11.576 15.6318 84
      vertex 11.576 15.6318 76
    endloop
  endfacet
  facet normal -0.976306 -0.216396 7.03704e-19
    outer loop
      vertex 11.576 15.6318 84
      vertex 11.6704 15.2059 76
      vertex 11.6704 15.2059 84
    endloop
  endfacet
  facet normal 0.130811 -0.991407 0
    outer loop
      vertex 114.936 11.519 76
      vertex 115.368 11.576 84
      vertex 114.936 11.519 84
    endloop
  endfacet
  facet normal 0.130811 -0.991407 0
    outer loop
      vertex 115.368 11.576 84
      vertex 114.936 11.519 76
      vertex 115.368 11.576 76
    endloop
  endfacet
  facet normal 0.991423 -0.130692 9.78259e-20
    outer loop
      vertex 119.424 15.6318 84
      vertex 119.481 16.0642 76
      vertex 119.481 16.0642 84
    endloop
  endfacet
  facet normal 0.991423 -0.130692 9.78259e-20
    outer loop
      vertex 119.481 16.0642 76
      vertex 119.424 15.6318 84
      vertex 119.424 15.6318 76
    endloop
  endfacet
  facet normal 1 -0 0
    outer loop
      vertex 119.5 113 84
      vertex 119.5 114.5 76
      vertex 119.5 114.5 84
    endloop
  endfacet
  facet normal 1 0 0
    outer loop
      vertex 119.5 114.5 76
      vertex 119.5 113 84
      vertex 119.5 113 76
    endloop
  endfacet
  facet normal 1 -0 0
    outer loop
      vertex 119.5 16.5 84
      vertex 119.5 18 76
      vertex 119.5 18 84
    endloop
  endfacet
  facet normal 1 0 0
    outer loop
      vertex 119.5 18 76
      vertex 119.5 16.5 84
      vertex 119.5 16.5 76
    endloop
  endfacet
  facet normal 1 -0 0
    outer loop
      vertex 119.5 24 84
      vertex 119.5 107 76
      vertex 119.5 107 84
    endloop
  endfacet
  facet normal 1 0 0
    outer loop
      vertex 119.5 107 76
      vertex 119.5 24 84
      vertex 119.5 24 76
    endloop
  endfacet
  facet normal -0.382824 -0.923821 0
    outer loop
      vertex 14.3869 11.9685 76
      vertex 14.7899 11.8015 84
      vertex 14.3869 11.9685 84
    endloop
  endfacet
  facet normal -0.382824 -0.923821 -0
    outer loop
      vertex 14.7899 11.8015 84
      vertex 14.3869 11.9685 76
      vertex 14.7899 11.8015 76
    endloop
  endfacet
  facet normal 0 -1 0
    outer loop
      vertex 16.5 11.5 76
      vertex 114.5 11.5 84
      vertex 16.5 11.5 84
    endloop
  endfacet
  facet normal 0 -1 -0
    outer loop
      vertex 114.5 11.5 84
      vertex 16.5 11.5 76
      vertex 114.5 11.5 76
    endloop
  endfacet
  facet normal 0 1 -0
    outer loop
      vertex 114.5 119.5 76
      vertex 16.5 119.5 84
      vertex 114.5 119.5 84
    endloop
  endfacet
  facet normal 0 1 0
    outer loop
      vertex 16.5 119.5 84
      vertex 114.5 119.5 76
      vertex 16.5 119.5 76
    endloop
  endfacet
  facet normal -0.737268 -0.6756 1.82349e-18
    outer loop
      vertex 12.9645 12.9645 76
      vertex 12.6698 13.2861 84
      vertex 12.6698 13.2861 76
    endloop
  endfacet
  facet normal -0.737268 -0.6756 1.82349e-18
    outer loop
      vertex 12.6698 13.2861 84
      vertex 12.9645 12.9645 76
      vertex 12.9645 12.9645 84
    endloop
  endfacet
  facet normal 0.953166 0.302447 3.82844e-20
    outer loop
      vertex 119.33 115.794 84
      vertex 119.198 116.21 76
      vertex 119.198 116.21 84
    endloop
  endfacet
  facet normal 0.953166 0.302447 3.82844e-20
    outer loop
      vertex 119.198 116.21 76
      vertex 119.33 115.794 84
      vertex 119.33 115.794 76
    endloop
  endfacet
  facet normal -0.462817 0.886454 0
    outer loop
      vertex 14.3869 119.032 76
      vertex 14 118.83 84
      vertex 14.3869 119.032 84
    endloop
  endfacet
  facet normal -0.462817 0.886454 0
    outer loop
      vertex 14 118.83 84
      vertex 14.3869 119.032 76
      vertex 14 118.83 76
    endloop
  endfacet
  facet normal 0.608913 -0.793237 0
    outer loop
      vertex 117.368 12.4042 76
      vertex 117.714 12.6698 84
      vertex 117.368 12.4042 84
    endloop
  endfacet
  facet normal 0.608913 -0.793237 0
    outer loop
      vertex 117.714 12.6698 84
      vertex 117.368 12.4042 76
      vertex 117.714 12.6698 76
    endloop
  endfacet
  facet normal -0.609489 0.792794 0
    outer loop
      vertex 13.6321 118.596 76
      vertex 13.2861 118.33 84
      vertex 13.6321 118.596 84
    endloop
  endfacet
  facet normal -0.609489 0.792794 0
    outer loop
      vertex 13.2861 118.33 84
      vertex 13.6321 118.596 76
      vertex 13.2861 118.33 76
    endloop
  endfacet
  facet normal -0.0435566 -0.999051 0
    outer loop
      vertex 16.0642 11.519 76
      vertex 16.5 11.5 84
      vertex 16.0642 11.519 84
    endloop
  endfacet
  facet normal -0.0435566 -0.999051 -0
    outer loop
      vertex 16.5 11.5 84
      vertex 16.0642 11.519 76
      vertex 16.5 11.5 76
    endloop
  endfacet
  facet normal -0.608913 -0.793237 0
    outer loop
      vertex 13.2861 12.6698 76
      vertex 13.6321 12.4042 84
      vertex 13.2861 12.6698 84
    endloop
  endfacet
  facet normal -0.608913 -0.793237 -0
    outer loop
      vertex 13.6321 12.4042 84
      vertex 13.2861 12.6698 76
      vertex 13.6321 12.4042 76
    endloop
  endfacet
  facet normal 0.924631 -0.380865 -5.78228e-20
    outer loop
      vertex 119.032 14.3869 84
      vertex 119.198 14.7899 76
      vertex 119.198 14.7899 84
    endloop
  endfacet
  facet normal 0.924631 -0.380865 -5.78228e-20
    outer loop
      vertex 119.198 14.7899 76
      vertex 119.032 14.3869 84
      vertex 119.032 14.3869 76
    endloop
  endfacet
  facet normal 0.536579 0.84385 -0
    outer loop
      vertex 117.368 118.596 76
      vertex 117 118.83 84
      vertex 117.368 118.596 84
    endloop
  endfacet
  facet normal 0.536579 0.84385 0
    outer loop
      vertex 117 118.83 84
      vertex 117.368 118.596 76
      vertex 117 118.83 76
    endloop
  endfacet
  facet normal 0.0435367 -0.999052 0
    outer loop
      vertex 114.5 11.5 76
      vertex 114.936 11.519 84
      vertex 114.5 11.5 84
    endloop
  endfacet
  facet normal 0.0435367 -0.999052 0
    outer loop
      vertex 114.936 11.519 84
      vertex 114.5 11.5 76
      vertex 114.936 11.519 76
    endloop
  endfacet
  facet normal 0.130811 0.991407 -0
    outer loop
      vertex 115.368 119.424 76
      vertex 114.936 119.481 84
      vertex 115.368 119.424 84
    endloop
  endfacet
  facet normal 0.130811 0.991407 0
    outer loop
      vertex 114.936 119.481 84
      vertex 115.368 119.424 76
      vertex 114.936 119.481 76
    endloop
  endfacet
  facet normal -0.793237 -0.608913 1.90958e-18
    outer loop
      vertex 12.6698 13.2861 76
      vertex 12.4042 13.6321 84
      vertex 12.4042 13.6321 76
    endloop
  endfacet
  facet normal -0.793237 -0.608913 1.90958e-18
    outer loop
      vertex 12.4042 13.6321 84
      vertex 12.6698 13.2861 76
      vertex 12.6698 13.2861 84
    endloop
  endfacet
  facet normal 0.216348 -0.976316 0
    outer loop
      vertex 115.368 11.576 76
      vertex 115.794 11.6704 84
      vertex 115.368 11.576 84
    endloop
  endfacet
  facet normal 0.216348 -0.976316 0
    outer loop
      vertex 115.794 11.6704 84
      vertex 115.368 11.576 76
      vertex 115.794 11.6704 76
    endloop
  endfacet
  facet normal -0.991407 0.130811 -2.23194e-19
    outer loop
      vertex 11.519 114.936 76
      vertex 11.576 115.368 84
      vertex 11.576 115.368 76
    endloop
  endfacet
  facet normal -0.991407 0.130811 -2.23194e-19
    outer loop
      vertex 11.576 115.368 84
      vertex 11.519 114.936 76
      vertex 11.519 114.936 84
    endloop
  endfacet
  facet normal 0.991407 0.130811 -4.85434e-19
    outer loop
      vertex 119.481 114.936 84
      vertex 119.424 115.368 76
      vertex 119.424 115.368 84
    endloop
  endfacet
  facet normal 0.991407 0.130811 -4.85434e-19
    outer loop
      vertex 119.424 115.368 76
      vertex 119.481 114.936 84
      vertex 119.481 114.936 76
    endloop
  endfacet
  facet normal -0.737686 0.675143 3.98917e-19
    outer loop
      vertex 12.6698 117.714 76
      vertex 12.9645 118.036 84
      vertex 12.9645 118.036 76
    endloop
  endfacet
  facet normal -0.737686 0.675143 3.98917e-19
    outer loop
      vertex 12.9645 118.036 84
      vertex 12.6698 117.714 76
      vertex 12.6698 117.714 84
    endloop
  endfacet
  facet normal 0.999052 0.0435367 4.30249e-20
    outer loop
      vertex 119.5 114.5 84
      vertex 119.481 114.936 76
      vertex 119.481 114.936 84
    endloop
  endfacet
  facet normal 0.999052 0.0435367 4.30249e-20
    outer loop
      vertex 119.481 114.936 76
      vertex 119.5 114.5 84
      vertex 119.5 114.5 76
    endloop
  endfacet
  facet normal -0.953759 0.300572 -5.53599e-19
    outer loop
      vertex 11.6704 115.794 76
      vertex 11.8015 116.21 84
      vertex 11.8015 116.21 76
    endloop
  endfacet
  facet normal -0.953759 0.300572 -5.53599e-19
    outer loop
      vertex 11.8015 116.21 84
      vertex 11.6704 115.794 76
      vertex 11.6704 115.794 84
    endloop
  endfacet
  facet normal -0.461735 -0.887018 0
    outer loop
      vertex 14 12.1699 76
      vertex 14.3869 11.9685 84
      vertex 14 12.1699 84
    endloop
  endfacet
  facet normal -0.461735 -0.887018 -0
    outer loop
      vertex 14.3869 11.9685 84
      vertex 14 12.1699 76
      vertex 14.3869 11.9685 76
    endloop
  endfacet
  facet normal -0.674726 0.738068 0
    outer loop
      vertex 13.2861 118.33 76
      vertex 12.9645 118.036 84
      vertex 13.2861 118.33 84
    endloop
  endfacet
  facet normal -0.674726 0.738068 0
    outer loop
      vertex 12.9645 118.036 84
      vertex 13.2861 118.33 76
      vertex 12.9645 118.036 76
    endloop
  endfacet
  facet normal -1 0 0
    outer loop
      vertex 11.5 113 76
      vertex 11.5 114.5 84
      vertex 11.5 114.5 76
    endloop
  endfacet
  facet normal -1 -0 0
    outer loop
      vertex 11.5 114.5 84
      vertex 11.5 113 76
      vertex 11.5 113 84
    endloop
  endfacet
  facet normal -1 0 0
    outer loop
      vertex 11.5 16.5 76
      vertex 11.5 18 84
      vertex 11.5 18 76
    endloop
  endfacet
  facet normal -1 -0 0
    outer loop
      vertex 11.5 18 84
      vertex 11.5 16.5 76
      vertex 11.5 16.5 84
    endloop
  endfacet
  facet normal -1 0 0
    outer loop
      vertex 11.5 24 76
      vertex 11.5 107 84
      vertex 11.5 107 76
    endloop
  endfacet
  facet normal -1 -0 0
    outer loop
      vertex 11.5 107 84
      vertex 11.5 24 76
      vertex 11.5 24 84
    endloop
  endfacet
  facet normal -0.999051 -0.0435566 1.10026e-19
    outer loop
      vertex 11.519 16.0642 76
      vertex 11.5 16.5 84
      vertex 11.5 16.5 76
    endloop
  endfacet
  facet normal -0.999051 -0.0435566 1.10026e-19
    outer loop
      vertex 11.5 16.5 84
      vertex 11.519 16.0642 76
      vertex 11.519 16.0642 84
    endloop
  endfacet
  facet normal -0.130692 0.991423 0
    outer loop
      vertex 16.0642 119.481 76
      vertex 15.6318 119.424 84
      vertex 16.0642 119.481 84
    endloop
  endfacet
  facet normal -0.130692 0.991423 0
    outer loop
      vertex 15.6318 119.424 84
      vertex 16.0642 119.481 76
      vertex 15.6318 119.424 76
    endloop
  endfacet
  facet normal -0.999052 0.0435367 -2.37797e-19
    outer loop
      vertex 11.5 114.5 76
      vertex 11.519 114.936 84
      vertex 11.519 114.936 76
    endloop
  endfacet
  facet normal -0.999052 0.0435367 -2.37797e-19
    outer loop
      vertex 11.519 114.936 84
      vertex 11.5 114.5 76
      vertex 11.5 114.5 84
    endloop
  endfacet
  facet normal -0.976316 0.216348 -5.4657e-19
    outer loop
      vertex 11.576 115.368 76
      vertex 11.6704 115.794 84
      vertex 11.6704 115.794 76
    endloop
  endfacet
  facet normal -0.976316 0.216348 -5.4657e-19
    outer loop
      vertex 11.6704 115.794 84
      vertex 11.576 115.368 76
      vertex 11.576 115.368 84
    endloop
  endfacet
  facet normal 0.924631 0.380865 8.96636e-20
    outer loop
      vertex 119.198 116.21 84
      vertex 119.032 116.613 76
      vertex 119.032 116.613 84
    endloop
  endfacet
  facet normal 0.924631 0.380865 8.96636e-20
    outer loop
      vertex 119.032 116.613 76
      vertex 119.198 116.21 84
      vertex 119.198 116.21 76
    endloop
  endfacet
  facet normal 0.674269 0.738485 -0
    outer loop
      vertex 118.036 118.036 76
      vertex 117.714 118.33 84
      vertex 118.036 118.036 84
    endloop
  endfacet
  facet normal 0.674269 0.738485 0
    outer loop
      vertex 117.714 118.33 84
      vertex 118.036 118.036 76
      vertex 117.714 118.33 76
    endloop
  endfacet
  facet normal -0.991423 -0.130692 1.79004e-19
    outer loop
      vertex 11.576 15.6318 76
      vertex 11.519 16.0642 84
      vertex 11.519 16.0642 76
    endloop
  endfacet
  facet normal -0.991423 -0.130692 1.79004e-19
    outer loop
      vertex 11.519 16.0642 84
      vertex 11.576 15.6318 76
      vertex 11.576 15.6318 84
    endloop
  endfacet
  facet normal 0.97651 0.215474 -4.56562e-19
    outer loop
      vertex 119.424 115.368 84
      vertex 119.33 115.794 76
      vertex 119.33 115.794 84
    endloop
  endfacet
  facet normal 0.97651 0.215474 -4.56562e-19
    outer loop
      vertex 119.33 115.794 76
      vertex 119.424 115.368 84
      vertex 119.424 115.368 76
    endloop
  endfacet
  facet normal -0.130692 -0.991423 0
    outer loop
      vertex 15.6318 11.576 76
      vertex 16.0642 11.519 84
      vertex 15.6318 11.576 84
    endloop
  endfacet
  facet normal -0.130692 -0.991423 -0
    outer loop
      vertex 16.0642 11.519 84
      vertex 15.6318 11.576 76
      vertex 16.0642 11.519 76
    endloop
  endfacet
  facet normal 0.953166 -0.302447 -8.65024e-19
    outer loop
      vertex 119.198 14.7899 84
      vertex 119.33 15.2059 76
      vertex 119.33 15.2059 84
    endloop
  endfacet
  facet normal 0.953166 -0.302447 -8.65024e-19
    outer loop
      vertex 119.33 15.2059 76
      vertex 119.198 14.7899 84
      vertex 119.198 14.7899 76
    endloop
  endfacet
  facet normal 0.84385 0.536579 -1.55601e-18
    outer loop
      vertex 118.83 117 84
      vertex 118.596 117.368 76
      vertex 118.596 117.368 84
    endloop
  endfacet
  facet normal 0.84385 0.536579 -1.55601e-18
    outer loop
      vertex 118.596 117.368 76
      vertex 118.83 117 84
      vertex 118.83 117 76
    endloop
  endfacet
  facet normal 0.999051 -0.0435566 -2.2058e-19
    outer loop
      vertex 119.481 16.0642 84
      vertex 119.5 16.5 76
      vertex 119.5 16.5 84
    endloop
  endfacet
  facet normal 0.999051 -0.0435566 -2.2058e-19
    outer loop
      vertex 119.5 16.5 76
      vertex 119.481 16.0642 84
      vertex 119.481 16.0642 76
    endloop
  endfacet
  facet normal -0.953759 -0.300572 3.08604e-19
    outer loop
      vertex 11.8015 14.7899 76
      vertex 11.6704 15.2059 84
      vertex 11.6704 15.2059 76
    endloop
  endfacet
  facet normal -0.953759 -0.300572 3.08604e-19
    outer loop
      vertex 11.6704 15.2059 84
      vertex 11.8015 14.7899 76
      vertex 11.8015 14.7899 84
    endloop
  endfacet
  facet normal 0.675143 -0.737686 0
    outer loop
      vertex 117.714 12.6698 76
      vertex 118.036 12.9645 84
      vertex 117.714 12.6698 84
    endloop
  endfacet
  facet normal 0.675143 -0.737686 0
    outer loop
      vertex 118.036 12.9645 84
      vertex 117.714 12.6698 76
      vertex 118.036 12.9645 76
    endloop
  endfacet
  facet normal -0.923821 0.382824 1.69906e-18
    outer loop
      vertex 11.8015 116.21 76
      vertex 11.9685 116.613 84
      vertex 11.9685 116.613 76
    endloop
  endfacet
  facet normal -0.923821 0.382824 1.69906e-18
    outer loop
      vertex 11.9685 116.613 84
      vertex 11.8015 116.21 76
      vertex 11.8015 116.21 84
    endloop
  endfacet
  facet normal 0.843784 -0.536683 -1.18694e-18
    outer loop
      vertex 118.596 13.6321 84
      vertex 118.83 14 76
      vertex 118.83 14 84
    endloop
  endfacet
  facet normal 0.843784 -0.536683 -1.18694e-18
    outer loop
      vertex 118.83 14 76
      vertex 118.596 13.6321 84
      vertex 118.596 13.6321 76
    endloop
  endfacet
  facet normal 0.215474 0.97651 -0
    outer loop
      vertex 115.794 119.33 76
      vertex 115.368 119.424 84
      vertex 115.794 119.33 84
    endloop
  endfacet
  facet normal 0.215474 0.97651 0
    outer loop
      vertex 115.368 119.424 84
      vertex 115.794 119.33 76
      vertex 115.368 119.424 76
    endloop
  endfacet
  facet normal 0.300572 -0.953759 0
    outer loop
      vertex 115.794 11.6704 76
      vertex 116.21 11.8015 84
      vertex 115.794 11.6704 84
    endloop
  endfacet
  facet normal 0.300572 -0.953759 0
    outer loop
      vertex 116.21 11.8015 84
      vertex 115.794 11.6704 76
      vertex 116.21 11.8015 76
    endloop
  endfacet
  facet normal 0.792794 -0.609489 1.47188e-18
    outer loop
      vertex 118.33 13.2861 84
      vertex 118.596 13.6321 76
      vertex 118.596 13.6321 84
    endloop
  endfacet
  facet normal 0.792794 -0.609489 1.47188e-18
    outer loop
      vertex 118.596 13.6321 76
      vertex 118.33 13.2861 84
      vertex 118.33 13.2861 76
    endloop
  endfacet
  facet normal -0.216396 -0.976306 0
    outer loop
      vertex 15.2059 11.6704 76
      vertex 15.6318 11.576 84
      vertex 15.2059 11.6704 84
    endloop
  endfacet
  facet normal -0.216396 -0.976306 -0
    outer loop
      vertex 15.6318 11.576 84
      vertex 15.2059 11.6704 76
      vertex 15.6318 11.576 76
    endloop
  endfacet
  facet normal 0.537068 -0.843539 0
    outer loop
      vertex 117 12.1699 76
      vertex 117.368 12.4042 84
      vertex 117 12.1699 84
    endloop
  endfacet
  facet normal 0.537068 -0.843539 0
    outer loop
      vertex 117.368 12.4042 84
      vertex 117 12.1699 76
      vertex 117.368 12.4042 76
    endloop
  endfacet
  facet normal 0.609489 0.792794 -0
    outer loop
      vertex 117.714 118.33 76
      vertex 117.368 118.596 84
      vertex 117.714 118.33 84
    endloop
  endfacet
  facet normal 0.609489 0.792794 0
    outer loop
      vertex 117.368 118.596 84
      vertex 117.714 118.33 76
      vertex 117.368 118.596 76
    endloop
  endfacet
  facet normal -0.887067 0.461641 1.87471e-18
    outer loop
      vertex 11.9685 116.613 76
      vertex 12.1699 117 84
      vertex 12.1699 117 76
    endloop
  endfacet
  facet normal -0.887067 0.461641 1.87471e-18
    outer loop
      vertex 12.1699 117 84
      vertex 11.9685 116.613 76
      vertex 11.9685 116.613 84
    endloop
  endfacet
  facet normal 0.738485 0.674269 -1.69782e-18
    outer loop
      vertex 118.33 117.714 84
      vertex 118.036 118.036 76
      vertex 118.036 118.036 84
    endloop
  endfacet
  facet normal 0.738485 0.674269 -1.69782e-18
    outer loop
      vertex 118.036 118.036 76
      vertex 118.33 117.714 84
      vertex 118.33 117.714 76
    endloop
  endfacet
  facet normal 0.886503 0.462723 -1.44301e-18
    outer loop
      vertex 119.032 116.613 84
      vertex 118.83 117 76
      vertex 118.83 117 84
    endloop
  endfacet
  facet normal 0.886503 0.462723 -1.44301e-18
    outer loop
      vertex 118.83 117 76
      vertex 119.032 116.613 84
      vertex 119.032 116.613 76
    endloop
  endfacet
  facet normal 0.976499 -0.215522 3.14268e-19
    outer loop
      vertex 119.33 15.2059 84
      vertex 119.424 15.6318 76
      vertex 119.424 15.6318 84
    endloop
  endfacet
  facet normal 0.976499 -0.215522 3.14268e-19
    outer loop
      vertex 119.424 15.6318 76
      vertex 119.33 15.2059 84
      vertex 119.33 15.2059 76
    endloop
  endfacet
  facet normal -0.380865 0.924631 0
    outer loop
      vertex 14.7899 119.198 76
      vertex 14.3869 119.032 84
      vertex 14.7899 119.198 84
    endloop
  endfacet
  facet normal -0.380865 0.924631 0
    outer loop
      vertex 14.3869 119.032 84
      vertex 14.7899 119.198 76
      vertex 14.3869 119.032 76
    endloop
  endfacet
  facet normal -0.887018 -0.461735 4.73024e-20
    outer loop
      vertex 12.1699 14 76
      vertex 11.9685 14.3869 84
      vertex 11.9685 14.3869 76
    endloop
  endfacet
  facet normal -0.887018 -0.461735 4.73024e-20
    outer loop
      vertex 11.9685 14.3869 84
      vertex 12.1699 14 76
      vertex 12.1699 14 84
    endloop
  endfacet
  facet normal -0.793237 0.608913 -1.93503e-18
    outer loop
      vertex 12.4042 117.368 76
      vertex 12.6698 117.714 84
      vertex 12.6698 117.714 76
    endloop
  endfacet
  facet normal -0.793237 0.608913 -1.93503e-18
    outer loop
      vertex 12.6698 117.714 84
      vertex 12.4042 117.368 76
      vertex 12.4042 117.368 84
    endloop
  endfacet
  facet normal 0.380865 0.924631 -0
    outer loop
      vertex 116.613 119.032 76
      vertex 116.21 119.198 84
      vertex 116.613 119.032 84
    endloop
  endfacet
  facet normal 0.380865 0.924631 0
    outer loop
      vertex 116.21 119.198 84
      vertex 116.613 119.032 76
      vertex 116.21 119.198 76
    endloop
  endfacet
  facet normal -0.923821 -0.382824 3.05149e-19
    outer loop
      vertex 11.9685 14.3869 76
      vertex 11.8015 14.7899 84
      vertex 11.8015 14.7899 76
    endloop
  endfacet
  facet normal -0.923821 -0.382824 3.05149e-19
    outer loop
      vertex 11.8015 14.7899 84
      vertex 11.9685 14.3869 76
      vertex 11.9685 14.3869 84
    endloop
  endfacet
  facet normal 0.462723 0.886503 -0
    outer loop
      vertex 117 118.83 76
      vertex 116.613 119.032 84
      vertex 117 118.83 84
    endloop
  endfacet
  facet normal 0.462723 0.886503 0
    outer loop
      vertex 116.613 119.032 84
      vertex 117 118.83 76
      vertex 116.613 119.032 76
    endloop
  endfacet
  facet normal -0.215522 0.976499 0
    outer loop
      vertex 15.6318 119.424 76
      vertex 15.2059 119.33 84
      vertex 15.6318 119.424 84
    endloop
  endfacet
  facet normal -0.215522 0.976499 0
    outer loop
      vertex 15.2059 119.33 84
      vertex 15.6318 119.424 76
      vertex 15.2059 119.33 76
    endloop
  endfacet
  facet normal 0.382824 -0.923821 0
    outer loop
      vertex 116.21 11.8015 76
      vertex 116.613 11.9685 84
      vertex 116.21 11.8015 84
    endloop
  endfacet
  facet normal 0.382824 -0.923821 0
    outer loop
      vertex 116.613 11.9685 84
      vertex 116.21 11.8015 76
      vertex 116.613 11.9685 76
    endloop
  endfacet
  facet normal 0.302447 0.953166 -0
    outer loop
      vertex 116.21 119.198 76
      vertex 115.794 119.33 84
      vertex 116.21 119.198 84
    endloop
  endfacet
  facet normal 0.302447 0.953166 0
    outer loop
      vertex 115.794 119.33 84
      vertex 116.21 119.198 76
      vertex 115.794 119.33 76
    endloop
  endfacet
  facet normal 0.738068 -0.674726 -1.29298e-18
    outer loop
      vertex 118.036 12.9645 84
      vertex 118.33 13.2861 76
      vertex 118.33 13.2861 84
    endloop
  endfacet
  facet normal 0.738068 -0.674726 -1.29298e-18
    outer loop
      vertex 118.33 13.2861 76
      vertex 118.036 12.9645 84
      vertex 118.036 12.9645 76
    endloop
  endfacet
  facet normal -0.0435566 0.999051 0
    outer loop
      vertex 16.5 119.5 76
      vertex 16.0642 119.481 84
      vertex 16.5 119.5 84
    endloop
  endfacet
  facet normal -0.0435566 0.999051 0
    outer loop
      vertex 16.0642 119.481 84
      vertex 16.5 119.5 76
      vertex 16.0642 119.481 76
    endloop
  endfacet
  facet normal 0.461641 -0.887067 0
    outer loop
      vertex 116.613 11.9685 76
      vertex 117 12.1699 84
      vertex 116.613 11.9685 84
    endloop
  endfacet
  facet normal 0.461641 -0.887067 0
    outer loop
      vertex 117 12.1699 84
      vertex 116.613 11.9685 76
      vertex 117 12.1699 76
    endloop
  endfacet
  facet normal -0.300572 -0.953759 0
    outer loop
      vertex 14.7899 11.8015 76
      vertex 15.2059 11.6704 84
      vertex 14.7899 11.8015 84
    endloop
  endfacet
  facet normal -0.300572 -0.953759 -0
    outer loop
      vertex 15.2059 11.6704 84
      vertex 14.7899 11.8015 76
      vertex 15.2059 11.6704 76
    endloop
  endfacet
  facet normal -0.537172 -0.843473 0
    outer loop
      vertex 13.6321 12.4042 76
      vertex 14 12.1699 84
      vertex 13.6321 12.4042 84
    endloop
  endfacet
  facet normal -0.537172 -0.843473 -0
    outer loop
      vertex 14 12.1699 84
      vertex 13.6321 12.4042 76
      vertex 14 12.1699 76
    endloop
  endfacet
  facet normal -0.302447 0.953166 0
    outer loop
      vertex 15.2059 119.33 76
      vertex 14.7899 119.198 84
      vertex 15.2059 119.33 84
    endloop
  endfacet
  facet normal -0.302447 0.953166 0
    outer loop
      vertex 14.7899 119.198 84
      vertex 15.2059 119.33 76
      vertex 14.7899 119.198 76
    endloop
  endfacet
  facet normal -0.536683 0.843784 0
    outer loop
      vertex 14 118.83 76
      vertex 13.6321 118.596 84
      vertex 14 118.83 84
    endloop
  endfacet
  facet normal -0.536683 0.843784 0
    outer loop
      vertex 13.6321 118.596 84
      vertex 14 118.83 76
      vertex 13.6321 118.596 76
    endloop
  endfacet
  facet normal -0.843473 -0.537172 1.75562e-18
    outer loop
      vertex 12.4042 13.6321 76
      vertex 12.1699 14 84
      vertex 12.1699 14 76
    endloop
  endfacet
  facet normal -0.843473 -0.537172 1.75562e-18
    outer loop
      vertex 12.1699 14 84
      vertex 12.4042 13.6321 76
      vertex 12.4042 13.6321 84
    endloop
  endfacet
  facet normal 0.792794 0.609489 -1.85346e-18
    outer loop
      vertex 118.596 117.368 84
      vertex 118.33 117.714 76
      vertex 118.33 117.714 84
    endloop
  endfacet
  facet normal 0.792794 0.609489 -1.85346e-18
    outer loop
      vertex 118.33 117.714 76
      vertex 118.596 117.368 84
      vertex 118.596 117.368 76
    endloop
  endfacet
  facet normal -0.843539 0.537068 1.18907e-18
    outer loop
      vertex 12.1699 117 76
      vertex 12.4042 117.368 84
      vertex 12.4042 117.368 76
    endloop
  endfacet
  facet normal -0.843539 0.537068 1.18907e-18
    outer loop
      vertex 12.4042 117.368 84
      vertex 12.1699 117 76
      vertex 12.1699 117 84
    endloop
  endfacet
  facet normal 0.0435367 0.999052 -0
    outer loop
      vertex 114.936 119.481 76
      vertex 114.5 119.5 84
      vertex 114.936 119.481 84
    endloop
  endfacet
  facet normal 0.0435367 0.999052 0
    outer loop
      vertex 114.5 119.5 84
      vertex 114.936 119.481 76
      vertex 114.5 119.5 76
    endloop
  endfacet
  facet normal -0.6756 -0.737268 0
    outer loop
      vertex 12.9645 12.9645 76
      vertex 13.2861 12.6698 84
      vertex 12.9645 12.9645 84
    endloop
  endfacet
  facet normal -0.6756 -0.737268 -0
    outer loop
      vertex 13.2861 12.6698 84
      vertex 12.9645 12.9645 76
      vertex 13.2861 12.6698 76
    endloop
  endfacet
  facet normal 0.886454 -0.462817 -1.49346e-18
    outer loop
      vertex 118.83 14 84
      vertex 119.032 14.3869 76
      vertex 119.032 14.3869 84
    endloop
  endfacet
  facet normal 0.886454 -0.462817 -1.49346e-18
    outer loop
      vertex 119.032 14.3869 76
      vertex 118.83 14 84
      vertex 118.83 14 76
    endloop
  endfacet
  facet normal -0 0 -1
    outer loop
      vertex 125 109.5 76
      vertex 119.5 107 76
      vertex 125 110.5 76
    endloop
  endfacet
  facet normal -0 0 -1
    outer loop
      vertex 125.01 109.282 76
      vertex 119.5 107 76
      vertex 125 109.5 76
    endloop
  endfacet
  facet normal -0 0 -1
    outer loop
      vertex 125.038 109.066 76
      vertex 119.5 107 76
      vertex 125.01 109.282 76
    endloop
  endfacet
  facet normal -0 0 -1
    outer loop
      vertex 125.085 108.853 76
      vertex 119.5 107 76
      vertex 125.038 109.066 76
    endloop
  endfacet
  facet normal -0 0 -1
    outer loop
      vertex 125.151 108.645 76
      vertex 119.5 107 76
      vertex 125.085 108.853 76
    endloop
  endfacet
  facet normal -0 0 -1
    outer loop
      vertex 125.234 108.443 76
      vertex 119.5 107 76
      vertex 125.151 108.645 76
    endloop
  endfacet
  facet normal -0 0 -1
    outer loop
      vertex 125.335 108.25 76
      vertex 119.5 107 76
      vertex 125.234 108.443 76
    endloop
  endfacet
  facet normal -0 0 -1
    outer loop
      vertex 125.452 108.066 76
      vertex 119.5 107 76
      vertex 125.335 108.25 76
    endloop
  endfacet
  facet normal -0 0 -1
    outer loop
      vertex 125.585 107.893 76
      vertex 119.5 107 76
      vertex 125.452 108.066 76
    endloop
  endfacet
  facet normal -0 0 -1
    outer loop
      vertex 125.732 107.732 76
      vertex 119.5 107 76
      vertex 125.585 107.893 76
    endloop
  endfacet
  facet normal -0 0 -1
    outer loop
      vertex 125.893 107.585 76
      vertex 119.5 107 76
      vertex 125.732 107.732 76
    endloop
  endfacet
  facet normal -0 0 -1
    outer loop
      vertex 126.066 107.452 76
      vertex 119.5 107 76
      vertex 125.893 107.585 76
    endloop
  endfacet
  facet normal -0 0 -1
    outer loop
      vertex 126.25 107.335 76
      vertex 119.5 107 76
      vertex 126.066 107.452 76
    endloop
  endfacet
  facet normal -0 0 -1
    outer loop
      vertex 126.443 107.234 76
      vertex 119.5 107 76
      vertex 126.25 107.335 76
    endloop
  endfacet
  facet normal -0 0 -1
    outer loop
      vertex 126.645 107.151 76
      vertex 119.5 107 76
      vertex 126.443 107.234 76
    endloop
  endfacet
  facet normal -0 0 -1
    outer loop
      vertex 126.853 107.085 76
      vertex 119.5 107 76
      vertex 126.645 107.151 76
    endloop
  endfacet
  facet normal -0 0 -1
    outer loop
      vertex 127.066 107.038 76
      vertex 119.5 107 76
      vertex 126.853 107.085 76
    endloop
  endfacet
  facet normal -0 0 -1
    outer loop
      vertex 127.282 107.01 76
      vertex 119.5 107 76
      vertex 127.066 107.038 76
    endloop
  endfacet
  facet normal 0 0 -1
    outer loop
      vertex 119.5 107 76
      vertex 127.282 107.01 76
      vertex 127.5 107 76
    endloop
  endfacet
  facet normal -0 0 -1
    outer loop
      vertex 125 20.5 76
      vertex 119.5 18 76
      vertex 125 21.5 76
    endloop
  endfacet
  facet normal -0 0 -1
    outer loop
      vertex 125.01 20.2821 76
      vertex 119.5 18 76
      vertex 125 20.5 76
    endloop
  endfacet
  facet normal -0 0 -1
    outer loop
      vertex 125.038 20.0659 76
      vertex 119.5 18 76
      vertex 125.01 20.2821 76
    endloop
  endfacet
  facet normal -0 0 -1
    outer loop
      vertex 125.085 19.853 76
      vertex 119.5 18 76
      vertex 125.038 20.0659 76
    endloop
  endfacet
  facet normal -0 0 -1
    outer loop
      vertex 125.151 19.6449 76
      vertex 119.5 18 76
      vertex 125.085 19.853 76
    endloop
  endfacet
  facet normal -0 0 -1
    outer loop
      vertex 125.234 19.4435 76
      vertex 119.5 18 76
      vertex 125.151 19.6449 76
    endloop
  endfacet
  facet normal -0 0 -1
    outer loop
      vertex 125.335 19.25 76
      vertex 119.5 18 76
      vertex 125.234 19.4435 76
    endloop
  endfacet
  facet normal -0 0 -1
    outer loop
      vertex 125.452 19.0661 76
      vertex 119.5 18 76
      vertex 125.335 19.25 76
    endloop
  endfacet
  facet normal -0 0 -1
    outer loop
      vertex 125.585 18.893 76
      vertex 119.5 18 76
      vertex 125.452 19.0661 76
    endloop
  endfacet
  facet normal -0 0 -1
    outer loop
      vertex 125.732 18.7322 76
      vertex 119.5 18 76
      vertex 125.585 18.893 76
    endloop
  endfacet
  facet normal -0 0 -1
    outer loop
      vertex 125.893 18.5849 76
      vertex 119.5 18 76
      vertex 125.732 18.7322 76
    endloop
  endfacet
  facet normal -0 0 -1
    outer loop
      vertex 126.066 18.4521 76
      vertex 119.5 18 76
      vertex 125.893 18.5849 76
    endloop
  endfacet
  facet normal -0 0 -1
    outer loop
      vertex 126.25 18.3349 76
      vertex 119.5 18 76
      vertex 126.066 18.4521 76
    endloop
  endfacet
  facet normal -0 0 -1
    outer loop
      vertex 126.443 18.2342 76
      vertex 119.5 18 76
      vertex 126.25 18.3349 76
    endloop
  endfacet
  facet normal -0 0 -1
    outer loop
      vertex 126.645 18.1508 76
      vertex 119.5 18 76
      vertex 126.443 18.2342 76
    endloop
  endfacet
  facet normal -0 0 -1
    outer loop
      vertex 126.853 18.0852 76
      vertex 119.5 18 76
      vertex 126.645 18.1508 76
    endloop
  endfacet
  facet normal -0 0 -1
    outer loop
      vertex 127.066 18.038 76
      vertex 119.5 18 76
      vertex 126.853 18.0852 76
    endloop
  endfacet
  facet normal -0 0 -1
    outer loop
      vertex 127.282 18.0095 76
      vertex 119.5 18 76
      vertex 127.066 18.038 76
    endloop
  endfacet
  facet normal 0 0 -1
    outer loop
      vertex 119.5 18 76
      vertex 127.282 18.0095 76
      vertex 127.5 18 76
    endloop
  endfacet
  facet normal 0 0 -1
    outer loop
      vertex 119.5 24 76
      vertex 125 21.5 76
      vertex 119.5 18 76
    endloop
  endfacet
  facet normal 0 0 -1
    outer loop
      vertex 125 21.5 76
      vertex 119.5 24 76
      vertex 125.01 21.7179 76
    endloop
  endfacet
  facet normal 0 0 -1
    outer loop
      vertex 125.01 21.7179 76
      vertex 119.5 24 76
      vertex 125.038 21.9341 76
    endloop
  endfacet
  facet normal 0 0 -1
    outer loop
      vertex 125.038 21.9341 76
      vertex 119.5 24 76
      vertex 125.085 22.147 76
    endloop
  endfacet
  facet normal 0 0 -1
    outer loop
      vertex 125.085 22.147 76
      vertex 119.5 24 76
      vertex 125.151 22.355 76
    endloop
  endfacet
  facet normal 0 0 -1
    outer loop
      vertex 125.151 22.355 76
      vertex 119.5 24 76
      vertex 125.234 22.5565 76
    endloop
  endfacet
  facet normal 0 0 -1
    outer loop
      vertex 125.234 22.5565 76
      vertex 119.5 24 76
      vertex 125.335 22.75 76
    endloop
  endfacet
  facet normal 0 0 -1
    outer loop
      vertex 125.335 22.75 76
      vertex 119.5 24 76
      vertex 125.452 22.9339 76
    endloop
  endfacet
  facet normal 0 0 -1
    outer loop
      vertex 125.452 22.9339 76
      vertex 119.5 24 76
      vertex 125.585 23.107 76
    endloop
  endfacet
  facet normal 0 0 -1
    outer loop
      vertex 125.585 23.107 76
      vertex 119.5 24 76
      vertex 125.732 23.2678 76
    endloop
  endfacet
  facet normal 0 0 -1
    outer loop
      vertex 127.282 23.9905 76
      vertex 119.5 24 76
      vertex 127.5 24 76
    endloop
  endfacet
  facet normal 0 0 -1
    outer loop
      vertex 127.066 23.962 76
      vertex 119.5 24 76
      vertex 127.282 23.9905 76
    endloop
  endfacet
  facet normal 0 0 -1
    outer loop
      vertex 126.853 23.9148 76
      vertex 119.5 24 76
      vertex 127.066 23.962 76
    endloop
  endfacet
  facet normal 0 0 -1
    outer loop
      vertex 126.645 23.8492 76
      vertex 119.5 24 76
      vertex 126.853 23.9148 76
    endloop
  endfacet
  facet normal 0 0 -1
    outer loop
      vertex 126.443 23.7658 76
      vertex 119.5 24 76
      vertex 126.645 23.8492 76
    endloop
  endfacet
  facet normal 0 0 -1
    outer loop
      vertex 126.25 23.6651 76
      vertex 119.5 24 76
      vertex 126.443 23.7658 76
    endloop
  endfacet
  facet normal 0 0 -1
    outer loop
      vertex 126.066 23.5479 76
      vertex 119.5 24 76
      vertex 126.25 23.6651 76
    endloop
  endfacet
  facet normal 0 0 -1
    outer loop
      vertex 125.893 23.4151 76
      vertex 119.5 24 76
      vertex 126.066 23.5479 76
    endloop
  endfacet
  facet normal 0 0 -1
    outer loop
      vertex 125.732 23.2678 76
      vertex 119.5 24 76
      vertex 125.893 23.4151 76
    endloop
  endfacet
  facet normal 0 0 -1
    outer loop
      vertex 119.5 113 76
      vertex 125 110.5 76
      vertex 119.5 107 76
    endloop
  endfacet
  facet normal 0 0 -1
    outer loop
      vertex 125 110.5 76
      vertex 119.5 113 76
      vertex 125.01 110.718 76
    endloop
  endfacet
  facet normal 0 0 -1
    outer loop
      vertex 125.01 110.718 76
      vertex 119.5 113 76
      vertex 125.038 110.934 76
    endloop
  endfacet
  facet normal 0 0 -1
    outer loop
      vertex 125.038 110.934 76
      vertex 119.5 113 76
      vertex 125.085 111.147 76
    endloop
  endfacet
  facet normal 0 0 -1
    outer loop
      vertex 125.085 111.147 76
      vertex 119.5 113 76
      vertex 125.151 111.355 76
    endloop
  endfacet
  facet normal 0 0 -1
    outer loop
      vertex 125.151 111.355 76
      vertex 119.5 113 76
      vertex 125.234 111.557 76
    endloop
  endfacet
  facet normal 0 0 -1
    outer loop
      vertex 125.234 111.557 76
      vertex 119.5 113 76
      vertex 125.335 111.75 76
    endloop
  endfacet
  facet normal 0 0 -1
    outer loop
      vertex 125.335 111.75 76
      vertex 119.5 113 76
      vertex 125.452 111.934 76
    endloop
  endfacet
  facet normal 0 0 -1
    outer loop
      vertex 125.452 111.934 76
      vertex 119.5 113 76
      vertex 125.585 112.107 76
    endloop
  endfacet
  facet normal 0 0 -1
    outer loop
      vertex 125.585 112.107 76
      vertex 119.5 113 76
      vertex 125.732 112.268 76
    endloop
  endfacet
  facet normal 0 0 -1
    outer loop
      vertex 127.282 112.99 76
      vertex 119.5 113 76
      vertex 127.5 113 76
    endloop
  endfacet
  facet normal 0 0 -1
    outer loop
      vertex 127.066 112.962 76
      vertex 119.5 113 76
      vertex 127.282 112.99 76
    endloop
  endfacet
  facet normal 0 0 -1
    outer loop
      vertex 126.853 112.915 76
      vertex 119.5 113 76
      vertex 127.066 112.962 76
    endloop
  endfacet
  facet normal 0 0 -1
    outer loop
      vertex 126.645 112.849 76
      vertex 119.5 113 76
      vertex 126.853 112.915 76
    endloop
  endfacet
  facet normal 0 0 -1
    outer loop
      vertex 126.443 112.766 76
      vertex 119.5 113 76
      vertex 126.645 112.849 76
    endloop
  endfacet
  facet normal 0 0 -1
    outer loop
      vertex 126.25 112.665 76
      vertex 119.5 113 76
      vertex 126.443 112.766 76
    endloop
  endfacet
  facet normal 0 0 -1
    outer loop
      vertex 126.066 112.548 76
      vertex 119.5 113 76
      vertex 126.25 112.665 76
    endloop
  endfacet
  facet normal 0 0 -1
    outer loop
      vertex 125.893 112.415 76
      vertex 119.5 113 76
      vertex 126.066 112.548 76
    endloop
  endfacet
  facet normal 0 0 -1
    outer loop
      vertex 125.732 112.268 76
      vertex 119.5 113 76
      vertex 125.893 112.415 76
    endloop
  endfacet
  facet normal 0 0 -1
    outer loop
      vertex 11.5 107 76
      vertex 6 109.5 76
      vertex 11.5 113 76
    endloop
  endfacet
  facet normal 0 0 -1
    outer loop
      vertex 11.5 107 76
      vertex 5.99049 109.282 76
      vertex 6 109.5 76
    endloop
  endfacet
  facet normal 0 0 -1
    outer loop
      vertex 11.5 107 76
      vertex 5.96202 109.066 76
      vertex 5.99049 109.282 76
    endloop
  endfacet
  facet normal 0 0 -1
    outer loop
      vertex 11.5 107 76
      vertex 5.91481 108.853 76
      vertex 5.96202 109.066 76
    endloop
  endfacet
  facet normal 0 0 -1
    outer loop
      vertex 11.5 107 76
      vertex 5.84923 108.645 76
      vertex 5.91481 108.853 76
    endloop
  endfacet
  facet normal 0 0 -1
    outer loop
      vertex 11.5 107 76
      vertex 5.76577 108.443 76
      vertex 5.84923 108.645 76
    endloop
  endfacet
  facet normal 0 0 -1
    outer loop
      vertex 11.5 107 76
      vertex 5.66506 108.25 76
      vertex 5.76577 108.443 76
    endloop
  endfacet
  facet normal 0 0 -1
    outer loop
      vertex 11.5 107 76
      vertex 5.54788 108.066 76
      vertex 5.66506 108.25 76
    endloop
  endfacet
  facet normal 0 0 -1
    outer loop
      vertex 11.5 107 76
      vertex 5.41511 107.893 76
      vertex 5.54788 108.066 76
    endloop
  endfacet
  facet normal 0 0 -1
    outer loop
      vertex 11.5 107 76
      vertex 5.26777 107.732 76
      vertex 5.41511 107.893 76
    endloop
  endfacet
  facet normal 0 0 -1
    outer loop
      vertex 11.5 107 76
      vertex 5.10697 107.585 76
      vertex 5.26777 107.732 76
    endloop
  endfacet
  facet normal 0 0 -1
    outer loop
      vertex 11.5 107 76
      vertex 4.93394 107.452 76
      vertex 5.10697 107.585 76
    endloop
  endfacet
  facet normal 0 0 -1
    outer loop
      vertex 11.5 107 76
      vertex 4.75 107.335 76
      vertex 4.93394 107.452 76
    endloop
  endfacet
  facet normal 0 0 -1
    outer loop
      vertex 11.5 107 76
      vertex 4.55655 107.234 76
      vertex 4.75 107.335 76
    endloop
  endfacet
  facet normal 0 0 -1
    outer loop
      vertex 11.5 107 76
      vertex 4.35505 107.151 76
      vertex 4.55655 107.234 76
    endloop
  endfacet
  facet normal 0 0 -1
    outer loop
      vertex 11.5 107 76
      vertex 4.14705 107.085 76
      vertex 4.35505 107.151 76
    endloop
  endfacet
  facet normal 0 0 -1
    outer loop
      vertex 11.5 107 76
      vertex 3.93412 107.038 76
      vertex 4.14705 107.085 76
    endloop
  endfacet
  facet normal 0 0 -1
    outer loop
      vertex 11.5 107 76
      vertex 3.71789 107.01 76
      vertex 3.93412 107.038 76
    endloop
  endfacet
  facet normal 0 -0 -1
    outer loop
      vertex 3.71789 107.01 76
      vertex 11.5 107 76
      vertex 3.5 107 76
    endloop
  endfacet
  facet normal 0 0 -1
    outer loop
      vertex 11.5 18 76
      vertex 6 20.5 76
      vertex 11.5 24 76
    endloop
  endfacet
  facet normal 0 0 -1
    outer loop
      vertex 11.5 18 76
      vertex 5.99049 20.2821 76
      vertex 6 20.5 76
    endloop
  endfacet
  facet normal 0 0 -1
    outer loop
      vertex 11.5 18 76
      vertex 5.96202 20.0659 76
      vertex 5.99049 20.2821 76
    endloop
  endfacet
  facet normal 0 0 -1
    outer loop
      vertex 11.5 18 76
      vertex 5.91481 19.853 76
      vertex 5.96202 20.0659 76
    endloop
  endfacet
  facet normal 0 0 -1
    outer loop
      vertex 11.5 18 76
      vertex 5.84923 19.6449 76
      vertex 5.91481 19.853 76
    endloop
  endfacet
  facet normal 0 0 -1
    outer loop
      vertex 11.5 18 76
      vertex 5.76577 19.4435 76
      vertex 5.84923 19.6449 76
    endloop
  endfacet
  facet normal 0 0 -1
    outer loop
      vertex 11.5 18 76
      vertex 5.66506 19.25 76
      vertex 5.76577 19.4435 76
    endloop
  endfacet
  facet normal 0 0 -1
    outer loop
      vertex 11.5 18 76
      vertex 5.54788 19.0661 76
      vertex 5.66506 19.25 76
    endloop
  endfacet
  facet normal 0 0 -1
    outer loop
      vertex 11.5 18 76
      vertex 5.41511 18.893 76
      vertex 5.54788 19.0661 76
    endloop
  endfacet
  facet normal 0 0 -1
    outer loop
      vertex 11.5 18 76
      vertex 5.26777 18.7322 76
      vertex 5.41511 18.893 76
    endloop
  endfacet
  facet normal 0 0 -1
    outer loop
      vertex 11.5 18 76
      vertex 5.10697 18.5849 76
      vertex 5.26777 18.7322 76
    endloop
  endfacet
  facet normal 0 0 -1
    outer loop
      vertex 11.5 18 76
      vertex 4.93394 18.4521 76
      vertex 5.10697 18.5849 76
    endloop
  endfacet
  facet normal 0 0 -1
    outer loop
      vertex 11.5 18 76
      vertex 4.75 18.3349 76
      vertex 4.93394 18.4521 76
    endloop
  endfacet
  facet normal 0 0 -1
    outer loop
      vertex 11.5 18 76
      vertex 4.55655 18.2342 76
      vertex 4.75 18.3349 76
    endloop
  endfacet
  facet normal 0 0 -1
    outer loop
      vertex 11.5 18 76
      vertex 4.35505 18.1508 76
      vertex 4.55655 18.2342 76
    endloop
  endfacet
  facet normal 0 0 -1
    outer loop
      vertex 11.5 18 76
      vertex 4.14705 18.0852 76
      vertex 4.35505 18.1508 76
    endloop
  endfacet
  facet normal 0 0 -1
    outer loop
      vertex 11.5 18 76
      vertex 3.93412 18.038 76
      vertex 4.14705 18.0852 76
    endloop
  endfacet
  facet normal 0 0 -1
    outer loop
      vertex 11.5 18 76
      vertex 3.71789 18.0095 76
      vertex 3.93412 18.038 76
    endloop
  endfacet
  facet normal 0 -0 -1
    outer loop
      vertex 3.71789 18.0095 76
      vertex 11.5 18 76
      vertex 3.5 18 76
    endloop
  endfacet
  facet normal 0 0 -1
    outer loop
      vertex 6 21.5 76
      vertex 11.5 24 76
      vertex 6 20.5 76
    endloop
  endfacet
  facet normal 0 0 -1
    outer loop
      vertex 5.99049 21.7179 76
      vertex 11.5 24 76
      vertex 6 21.5 76
    endloop
  endfacet
  facet normal 0 0 -1
    outer loop
      vertex 5.96202 21.9341 76
      vertex 11.5 24 76
      vertex 5.99049 21.7179 76
    endloop
  endfacet
  facet normal 0 0 -1
    outer loop
      vertex 5.91481 22.147 76
      vertex 11.5 24 76
      vertex 5.96202 21.9341 76
    endloop
  endfacet
  facet normal 0 0 -1
    outer loop
      vertex 5.84923 22.355 76
      vertex 11.5 24 76
      vertex 5.91481 22.147 76
    endloop
  endfacet
  facet normal 0 0 -1
    outer loop
      vertex 5.76577 22.5565 76
      vertex 11.5 24 76
      vertex 5.84923 22.355 76
    endloop
  endfacet
  facet normal 0 0 -1
    outer loop
      vertex 5.66506 22.75 76
      vertex 11.5 24 76
      vertex 5.76577 22.5565 76
    endloop
  endfacet
  facet normal 0 0 -1
    outer loop
      vertex 5.54788 22.9339 76
      vertex 11.5 24 76
      vertex 5.66506 22.75 76
    endloop
  endfacet
  facet normal 0 0 -1
    outer loop
      vertex 5.41511 23.107 76
      vertex 11.5 24 76
      vertex 5.54788 22.9339 76
    endloop
  endfacet
  facet normal 0 0 -1
    outer loop
      vertex 5.26777 23.2678 76
      vertex 11.5 24 76
      vertex 5.41511 23.107 76
    endloop
  endfacet
  facet normal 0 0 -1
    outer loop
      vertex 5.10697 23.4151 76
      vertex 11.5 24 76
      vertex 5.26777 23.2678 76
    endloop
  endfacet
  facet normal 0 0 -1
    outer loop
      vertex 4.93394 23.5479 76
      vertex 11.5 24 76
      vertex 5.10697 23.4151 76
    endloop
  endfacet
  facet normal 0 0 -1
    outer loop
      vertex 4.75 23.6651 76
      vertex 11.5 24 76
      vertex 4.93394 23.5479 76
    endloop
  endfacet
  facet normal 0 0 -1
    outer loop
      vertex 4.55655 23.7658 76
      vertex 11.5 24 76
      vertex 4.75 23.6651 76
    endloop
  endfacet
  facet normal 0 0 -1
    outer loop
      vertex 4.35505 23.8492 76
      vertex 11.5 24 76
      vertex 4.55655 23.7658 76
    endloop
  endfacet
  facet normal 0 0 -1
    outer loop
      vertex 4.14705 23.9148 76
      vertex 11.5 24 76
      vertex 4.35505 23.8492 76
    endloop
  endfacet
  facet normal 0 0 -1
    outer loop
      vertex 3.93412 23.962 76
      vertex 11.5 24 76
      vertex 4.14705 23.9148 76
    endloop
  endfacet
  facet normal 0 0 -1
    outer loop
      vertex 3.71789 23.9905 76
      vertex 11.5 24 76
      vertex 3.93412 23.962 76
    endloop
  endfacet
  facet normal -0 0 -1
    outer loop
      vertex 11.5 24 76
      vertex 3.71789 23.9905 76
      vertex 3.5 24 76
    endloop
  endfacet
  facet normal 0 0 -1
    outer loop
      vertex 6 110.5 76
      vertex 11.5 113 76
      vertex 6 109.5 76
    endloop
  endfacet
  facet normal 0 0 -1
    outer loop
      vertex 5.99049 110.718 76
      vertex 11.5 113 76
      vertex 6 110.5 76
    endloop
  endfacet
  facet normal 0 0 -1
    outer loop
      vertex 5.96202 110.934 76
      vertex 11.5 113 76
      vertex 5.99049 110.718 76
    endloop
  endfacet
  facet normal 0 0 -1
    outer loop
      vertex 5.91481 111.147 76
      vertex 11.5 113 76
      vertex 5.96202 110.934 76
    endloop
  endfacet
  facet normal 0 0 -1
    outer loop
      vertex 5.84923 111.355 76
      vertex 11.5 113 76
      vertex 5.91481 111.147 76
    endloop
  endfacet
  facet normal 0 0 -1
    outer loop
      vertex 5.76577 111.557 76
      vertex 11.5 113 76
      vertex 5.84923 111.355 76
    endloop
  endfacet
  facet normal 0 0 -1
    outer loop
      vertex 5.66506 111.75 76
      vertex 11.5 113 76
      vertex 5.76577 111.557 76
    endloop
  endfacet
  facet normal 0 0 -1
    outer loop
      vertex 5.54788 111.934 76
      vertex 11.5 113 76
      vertex 5.66506 111.75 76
    endloop
  endfacet
  facet normal 0 0 -1
    outer loop
      vertex 5.41511 112.107 76
      vertex 11.5 113 76
      vertex 5.54788 111.934 76
    endloop
  endfacet
  facet normal 0 0 -1
    outer loop
      vertex 5.26777 112.268 76
      vertex 11.5 113 76
      vertex 5.41511 112.107 76
    endloop
  endfacet
  facet normal 0 0 -1
    outer loop
      vertex 5.10697 112.415 76
      vertex 11.5 113 76
      vertex 5.26777 112.268 76
    endloop
  endfacet
  facet normal 0 0 -1
    outer loop
      vertex 4.93394 112.548 76
      vertex 11.5 113 76
      vertex 5.10697 112.415 76
    endloop
  endfacet
  facet normal 0 0 -1
    outer loop
      vertex 4.75 112.665 76
      vertex 11.5 113 76
      vertex 4.93394 112.548 76
    endloop
  endfacet
  facet normal 0 0 -1
    outer loop
      vertex 4.55655 112.766 76
      vertex 11.5 113 76
      vertex 4.75 112.665 76
    endloop
  endfacet
  facet normal 0 0 -1
    outer loop
      vertex 4.35505 112.849 76
      vertex 11.5 113 76
      vertex 4.55655 112.766 76
    endloop
  endfacet
  facet normal 0 0 -1
    outer loop
      vertex 4.14705 112.915 76
      vertex 11.5 113 76
      vertex 4.35505 112.849 76
    endloop
  endfacet
  facet normal 0 0 -1
    outer loop
      vertex 3.93412 112.962 76
      vertex 11.5 113 76
      vertex 4.14705 112.915 76
    endloop
  endfacet
  facet normal 0 0 -1
    outer loop
      vertex 3.71789 112.99 76
      vertex 11.5 113 76
      vertex 3.93412 112.962 76
    endloop
  endfacet
  facet normal -0 0 -1
    outer loop
      vertex 11.5 113 76
      vertex 3.71789 112.99 76
      vertex 3.5 113 76
    endloop
  endfacet
  facet normal 0 0 -1
    outer loop
      vertex 11.5 107 76
      vertex 21.5 78.7777 76
      vertex 21.0674 77.4057 76
    endloop
  endfacet
  facet normal 0 0 -1
    outer loop
      vertex 114.5 11.5 76
      vertex 119.5 18 76
      vertex 119.5 16.5 76
    endloop
  endfacet
  facet normal 0 0 -1
    outer loop
      vertex 119.5 18 76
      vertex 109.5 21.5 76
      vertex 119.5 24 76
    endloop
  endfacet
  facet normal 0 0 -1
    outer loop
      vertex 119.5 24 76
      vertex 111.5 65.5 76
      vertex 119.5 107 76
    endloop
  endfacet
  facet normal 0 0 -1
    outer loop
      vertex 111.325 69.5092 76
      vertex 119.5 107 76
      vertex 111.5 65.5 76
    endloop
  endfacet
  facet normal 0 0 -1
    outer loop
      vertex 114.5 11.5 76
      vertex 119.5 16.5 76
      vertex 119.481 16.0642 76
    endloop
  endfacet
  facet normal 0 0 -1
    outer loop
      vertex 110.801 73.4878 76
      vertex 119.5 107 76
      vertex 111.325 69.5092 76
    endloop
  endfacet
  facet normal 0 0 -1
    outer loop
      vertex 114.5 11.5 76
      vertex 119.481 16.0642 76
      vertex 119.424 15.6318 76
    endloop
  endfacet
  facet normal 0 0 -1
    outer loop
      vertex 109.933 77.4057 76
      vertex 119.5 107 76
      vertex 110.801 73.4878 76
    endloop
  endfacet
  facet normal 0 0 -1
    outer loop
      vertex 114.5 11.5 76
      vertex 119.424 15.6318 76
      vertex 119.33 15.2059 76
    endloop
  endfacet
  facet normal 0 0 -1
    outer loop
      vertex 109.5 78.7777 76
      vertex 119.5 107 76
      vertex 109.933 77.4057 76
    endloop
  endfacet
  facet normal 0 0 -1
    outer loop
      vertex 114.5 11.5 76
      vertex 119.33 15.2059 76
      vertex 119.198 14.7899 76
    endloop
  endfacet
  facet normal 0 0 -1
    outer loop
      vertex 109.5 109.5 76
      vertex 119.5 107 76
      vertex 109.5 78.7777 76
    endloop
  endfacet
  facet normal 0 0 -1
    outer loop
      vertex 114.5 11.5 76
      vertex 119.198 14.7899 76
      vertex 119.032 14.3869 76
    endloop
  endfacet
  facet normal 0 0 -1
    outer loop
      vertex 119.5 107 76
      vertex 109.5 109.5 76
      vertex 119.5 113 76
    endloop
  endfacet
  facet normal 0 0 -1
    outer loop
      vertex 114.5 11.5 76
      vertex 119.032 14.3869 76
      vertex 118.83 14 76
    endloop
  endfacet
  facet normal 0 -0 -1
    outer loop
      vertex 114.5 119.5 76
      vertex 119.5 113 76
      vertex 109.5 109.5 76
    endloop
  endfacet
  facet normal 0 0 -1
    outer loop
      vertex 114.5 11.5 76
      vertex 118.83 14 76
      vertex 118.596 13.6321 76
    endloop
  endfacet
  facet normal 0 0 -1
    outer loop
      vertex 119.5 113 76
      vertex 114.5 119.5 76
      vertex 119.5 114.5 76
    endloop
  endfacet
  facet normal 0 0 -1
    outer loop
      vertex 114.5 11.5 76
      vertex 118.596 13.6321 76
      vertex 118.33 13.2861 76
    endloop
  endfacet
  facet normal 0 0 -1
    outer loop
      vertex 119.5 114.5 76
      vertex 114.5 119.5 76
      vertex 119.481 114.936 76
    endloop
  endfacet
  facet normal 0 0 -1
    outer loop
      vertex 114.5 11.5 76
      vertex 118.33 13.2861 76
      vertex 118.036 12.9645 76
    endloop
  endfacet
  facet normal 0 0 -1
    outer loop
      vertex 119.481 114.936 76
      vertex 114.5 119.5 76
      vertex 119.424 115.368 76
    endloop
  endfacet
  facet normal 0 0 -1
    outer loop
      vertex 114.5 11.5 76
      vertex 118.036 12.9645 76
      vertex 117.714 12.6698 76
    endloop
  endfacet
  facet normal 0 0 -1
    outer loop
      vertex 119.424 115.368 76
      vertex 114.5 119.5 76
      vertex 119.33 115.794 76
    endloop
  endfacet
  facet normal 0 0 -1
    outer loop
      vertex 114.5 11.5 76
      vertex 117.714 12.6698 76
      vertex 117.368 12.4042 76
    endloop
  endfacet
  facet normal 0 0 -1
    outer loop
      vertex 119.33 115.794 76
      vertex 114.5 119.5 76
      vertex 119.198 116.21 76
    endloop
  endfacet
  facet normal 0 0 -1
    outer loop
      vertex 114.5 11.5 76
      vertex 117.368 12.4042 76
      vertex 117 12.1699 76
    endloop
  endfacet
  facet normal 0 0 -1
    outer loop
      vertex 119.198 116.21 76
      vertex 114.5 119.5 76
      vertex 119.032 116.613 76
    endloop
  endfacet
  facet normal 0 0 -1
    outer loop
      vertex 114.5 11.5 76
      vertex 117 12.1699 76
      vertex 116.613 11.9685 76
    endloop
  endfacet
  facet normal 0 0 -1
    outer loop
      vertex 119.032 116.613 76
      vertex 114.5 119.5 76
      vertex 118.83 117 76
    endloop
  endfacet
  facet normal 0 0 -1
    outer loop
      vertex 114.5 11.5 76
      vertex 116.613 11.9685 76
      vertex 116.21 11.8015 76
    endloop
  endfacet
  facet normal 0 0 -1
    outer loop
      vertex 118.83 117 76
      vertex 114.5 119.5 76
      vertex 118.596 117.368 76
    endloop
  endfacet
  facet normal 0 0 -1
    outer loop
      vertex 114.5 11.5 76
      vertex 116.21 11.8015 76
      vertex 115.794 11.6704 76
    endloop
  endfacet
  facet normal 0 0 -1
    outer loop
      vertex 118.596 117.368 76
      vertex 114.5 119.5 76
      vertex 118.33 117.714 76
    endloop
  endfacet
  facet normal 0 0 -1
    outer loop
      vertex 114.5 11.5 76
      vertex 115.794 11.6704 76
      vertex 115.368 11.576 76
    endloop
  endfacet
  facet normal 0 0 -1
    outer loop
      vertex 118.33 117.714 76
      vertex 114.5 119.5 76
      vertex 118.036 118.036 76
    endloop
  endfacet
  facet normal 0 0 -1
    outer loop
      vertex 114.5 11.5 76
      vertex 115.368 11.576 76
      vertex 114.936 11.519 76
    endloop
  endfacet
  facet normal 0 0 -1
    outer loop
      vertex 118.036 118.036 76
      vertex 114.5 119.5 76
      vertex 117.714 118.33 76
    endloop
  endfacet
  facet normal -0 0 -1
    outer loop
      vertex 119.5 18 76
      vertex 114.5 11.5 76
      vertex 109.5 21.5 76
    endloop
  endfacet
  facet normal 0 0 -1
    outer loop
      vertex 117.714 118.33 76
      vertex 114.5 119.5 76
      vertex 117.368 118.596 76
    endloop
  endfacet
  facet normal 0 0 -1
    outer loop
      vertex 117.368 118.596 76
      vertex 114.5 119.5 76
      vertex 117 118.83 76
    endloop
  endfacet
  facet normal 0 0 -1
    outer loop
      vertex 119.5 24 76
      vertex 111.325 61.4908 76
      vertex 111.5 65.5 76
    endloop
  endfacet
  facet normal 0 0 -1
    outer loop
      vertex 119.5 24 76
      vertex 110.801 57.5122 76
      vertex 111.325 61.4908 76
    endloop
  endfacet
  facet normal 0 0 -1
    outer loop
      vertex 119.5 24 76
      vertex 109.933 53.5943 76
      vertex 110.801 57.5122 76
    endloop
  endfacet
  facet normal -0 0 -1
    outer loop
      vertex 119.5 24 76
      vertex 109.5 21.5 76
      vertex 109.5 52.2223 76
    endloop
  endfacet
  facet normal 0 0 -1
    outer loop
      vertex 114.5 11.5 76
      vertex 78.7777 21.5 76
      vertex 109.5 21.5 76
    endloop
  endfacet
  facet normal 0 0 -1
    outer loop
      vertex 114.5 11.5 76
      vertex 77.4057 21.0674 76
      vertex 78.7777 21.5 76
    endloop
  endfacet
  facet normal 0 0 -1
    outer loop
      vertex 114.5 11.5 76
      vertex 73.4878 20.1988 76
      vertex 77.4057 21.0674 76
    endloop
  endfacet
  facet normal 0 0 -1
    outer loop
      vertex 114.5 11.5 76
      vertex 69.5092 19.675 76
      vertex 73.4878 20.1988 76
    endloop
  endfacet
  facet normal 0 0 -1
    outer loop
      vertex 114.5 11.5 76
      vertex 65.5 19.5 76
      vertex 69.5092 19.675 76
    endloop
  endfacet
  facet normal 0 0 -1
    outer loop
      vertex 16.5 11.5 76
      vertex 65.5 19.5 76
      vertex 114.5 11.5 76
    endloop
  endfacet
  facet normal -0 0 -1
    outer loop
      vertex 65.5 19.5 76
      vertex 16.5 11.5 76
      vertex 61.4908 19.675 76
    endloop
  endfacet
  facet normal 0 0 -1
    outer loop
      vertex 16.5 11.5 76
      vertex 52.2223 21.5 76
      vertex 53.5943 21.0674 76
    endloop
  endfacet
  facet normal 0 0 -1
    outer loop
      vertex 16.5 11.5 76
      vertex 53.5943 21.0674 76
      vertex 57.5122 20.1988 76
    endloop
  endfacet
  facet normal -0 0 -1
    outer loop
      vertex 61.4908 19.675 76
      vertex 16.5 11.5 76
      vertex 57.5122 20.1988 76
    endloop
  endfacet
  facet normal 0 0 -1
    outer loop
      vertex 11.5 24 76
      vertex 21.5 52.2223 76
      vertex 21.5 21.5 76
    endloop
  endfacet
  facet normal -0 0 -1
    outer loop
      vertex 21.5 52.2223 76
      vertex 11.5 24 76
      vertex 21.0674 53.5943 76
    endloop
  endfacet
  facet normal -0 0 -1
    outer loop
      vertex 21.0674 53.5943 76
      vertex 11.5 24 76
      vertex 20.1988 57.5122 76
    endloop
  endfacet
  facet normal -0 0 -1
    outer loop
      vertex 20.1988 57.5122 76
      vertex 11.5 24 76
      vertex 19.675 61.4908 76
    endloop
  endfacet
  facet normal 0 0 -1
    outer loop
      vertex 11.5 24 76
      vertex 21.5 21.5 76
      vertex 16.5 11.5 76
    endloop
  endfacet
  facet normal -0 0 -1
    outer loop
      vertex 52.2223 21.5 76
      vertex 16.5 11.5 76
      vertex 21.5 21.5 76
    endloop
  endfacet
  facet normal 0 0 -1
    outer loop
      vertex 117 118.83 76
      vertex 114.5 119.5 76
      vertex 116.613 119.032 76
    endloop
  endfacet
  facet normal 0 0 -1
    outer loop
      vertex 116.613 119.032 76
      vertex 114.5 119.5 76
      vertex 116.21 119.198 76
    endloop
  endfacet
  facet normal 0 0 -1
    outer loop
      vertex 116.21 119.198 76
      vertex 114.5 119.5 76
      vertex 115.794 119.33 76
    endloop
  endfacet
  facet normal 0 0 -1
    outer loop
      vertex 115.794 119.33 76
      vertex 114.5 119.5 76
      vertex 115.368 119.424 76
    endloop
  endfacet
  facet normal 0 0 -1
    outer loop
      vertex 115.368 119.424 76
      vertex 114.5 119.5 76
      vertex 114.936 119.481 76
    endloop
  endfacet
  facet normal 0 0 -1
    outer loop
      vertex 78.7777 109.5 76
      vertex 114.5 119.5 76
      vertex 109.5 109.5 76
    endloop
  endfacet
  facet normal 0 0 -1
    outer loop
      vertex 77.4057 109.933 76
      vertex 114.5 119.5 76
      vertex 78.7777 109.5 76
    endloop
  endfacet
  facet normal 0 0 -1
    outer loop
      vertex 73.4878 110.801 76
      vertex 114.5 119.5 76
      vertex 77.4057 109.933 76
    endloop
  endfacet
  facet normal 0 0 -1
    outer loop
      vertex 69.5092 111.325 76
      vertex 114.5 119.5 76
      vertex 73.4878 110.801 76
    endloop
  endfacet
  facet normal 0 0 -1
    outer loop
      vertex 65.5 111.5 76
      vertex 114.5 119.5 76
      vertex 69.5092 111.325 76
    endloop
  endfacet
  facet normal 0 0 -1
    outer loop
      vertex 16.5 119.5 76
      vertex 65.5 111.5 76
      vertex 61.4908 111.325 76
    endloop
  endfacet
  facet normal 0 0 -1
    outer loop
      vertex 16.5 119.5 76
      vertex 61.4908 111.325 76
      vertex 57.5122 110.801 76
    endloop
  endfacet
  facet normal 0 0 -1
    outer loop
      vertex 16.5 119.5 76
      vertex 52.2223 109.5 76
      vertex 21.5 109.5 76
    endloop
  endfacet
  facet normal 0 0 -1
    outer loop
      vertex 52.2223 109.5 76
      vertex 16.5 119.5 76
      vertex 53.5943 109.933 76
    endloop
  endfacet
  facet normal 0 0 -1
    outer loop
      vertex 53.5943 109.933 76
      vertex 16.5 119.5 76
      vertex 57.5122 110.801 76
    endloop
  endfacet
  facet normal 0 0 -1
    outer loop
      vertex 11.5 107 76
      vertex 21.0674 77.4057 76
      vertex 20.1988 73.4878 76
    endloop
  endfacet
  facet normal 0 0 -1
    outer loop
      vertex 11.5 107 76
      vertex 20.1988 73.4878 76
      vertex 19.675 69.5092 76
    endloop
  endfacet
  facet normal -0 0 -1
    outer loop
      vertex 19.675 61.4908 76
      vertex 11.5 24 76
      vertex 19.5 65.5 76
    endloop
  endfacet
  facet normal 0 0 -1
    outer loop
      vertex 11.5 107 76
      vertex 19.5 65.5 76
      vertex 11.5 24 76
    endloop
  endfacet
  facet normal 0 0 -1
    outer loop
      vertex 65.5 111.5 76
      vertex 16.5 119.5 76
      vertex 114.5 119.5 76
    endloop
  endfacet
  facet normal 0 0 -1
    outer loop
      vertex 19.5 65.5 76
      vertex 11.5 107 76
      vertex 19.675 69.5092 76
    endloop
  endfacet
  facet normal 0 0 -1
    outer loop
      vertex 11.5 16.5 76
      vertex 16.5 11.5 76
      vertex 16.0642 11.519 76
    endloop
  endfacet
  facet normal 0 0 -1
    outer loop
      vertex 21.5 78.7777 76
      vertex 11.5 107 76
      vertex 21.5 109.5 76
    endloop
  endfacet
  facet normal 0 0 -1
    outer loop
      vertex 11.5 16.5 76
      vertex 16.0642 11.519 76
      vertex 15.6318 11.576 76
    endloop
  endfacet
  facet normal 0 0 -1
    outer loop
      vertex 11.5 113 76
      vertex 21.5 109.5 76
      vertex 11.5 107 76
    endloop
  endfacet
  facet normal 0 0 -1
    outer loop
      vertex 11.5 16.5 76
      vertex 15.6318 11.576 76
      vertex 15.2059 11.6704 76
    endloop
  endfacet
  facet normal 0 0 -1
    outer loop
      vertex 21.5 109.5 76
      vertex 11.5 113 76
      vertex 16.5 119.5 76
    endloop
  endfacet
  facet normal 0 0 -1
    outer loop
      vertex 11.5 16.5 76
      vertex 15.2059 11.6704 76
      vertex 14.7899 11.8015 76
    endloop
  endfacet
  facet normal 0 0 -1
    outer loop
      vertex 11.5 114.5 76
      vertex 16.5 119.5 76
      vertex 11.5 113 76
    endloop
  endfacet
  facet normal 0 0 -1
    outer loop
      vertex 11.5 16.5 76
      vertex 14.7899 11.8015 76
      vertex 14.3869 11.9685 76
    endloop
  endfacet
  facet normal 0 0 -1
    outer loop
      vertex 16.5 119.5 76
      vertex 11.5 114.5 76
      vertex 16.0642 119.481 76
    endloop
  endfacet
  facet normal 0 0 -1
    outer loop
      vertex 11.5 16.5 76
      vertex 14.3869 11.9685 76
      vertex 14 12.1699 76
    endloop
  endfacet
  facet normal 0 0 -1
    outer loop
      vertex 16.0642 119.481 76
      vertex 11.5 114.5 76
      vertex 15.6318 119.424 76
    endloop
  endfacet
  facet normal 0 0 -1
    outer loop
      vertex 11.5 16.5 76
      vertex 14 12.1699 76
      vertex 13.6321 12.4042 76
    endloop
  endfacet
  facet normal 0 0 -1
    outer loop
      vertex 15.6318 119.424 76
      vertex 11.5 114.5 76
      vertex 15.2059 119.33 76
    endloop
  endfacet
  facet normal 0 0 -1
    outer loop
      vertex 11.5 16.5 76
      vertex 13.6321 12.4042 76
      vertex 13.2861 12.6698 76
    endloop
  endfacet
  facet normal 0 0 -1
    outer loop
      vertex 15.2059 119.33 76
      vertex 11.5 114.5 76
      vertex 14.7899 119.198 76
    endloop
  endfacet
  facet normal 0 0 -1
    outer loop
      vertex 11.5 16.5 76
      vertex 13.2861 12.6698 76
      vertex 12.9645 12.9645 76
    endloop
  endfacet
  facet normal 0 0 -1
    outer loop
      vertex 14.7899 119.198 76
      vertex 11.5 114.5 76
      vertex 14.3869 119.032 76
    endloop
  endfacet
  facet normal 0 0 -1
    outer loop
      vertex 11.5 16.5 76
      vertex 12.9645 12.9645 76
      vertex 12.6698 13.2861 76
    endloop
  endfacet
  facet normal 0 0 -1
    outer loop
      vertex 14.3869 119.032 76
      vertex 11.5 114.5 76
      vertex 14 118.83 76
    endloop
  endfacet
  facet normal 0 0 -1
    outer loop
      vertex 11.5 16.5 76
      vertex 12.6698 13.2861 76
      vertex 12.4042 13.6321 76
    endloop
  endfacet
  facet normal 0 0 -1
    outer loop
      vertex 14 118.83 76
      vertex 11.5 114.5 76
      vertex 13.6321 118.596 76
    endloop
  endfacet
  facet normal 0 0 -1
    outer loop
      vertex 11.5 16.5 76
      vertex 12.4042 13.6321 76
      vertex 12.1699 14 76
    endloop
  endfacet
  facet normal 0 0 -1
    outer loop
      vertex 13.6321 118.596 76
      vertex 11.5 114.5 76
      vertex 13.2861 118.33 76
    endloop
  endfacet
  facet normal 0 0 -1
    outer loop
      vertex 11.5 16.5 76
      vertex 12.1699 14 76
      vertex 11.9685 14.3869 76
    endloop
  endfacet
  facet normal 0 0 -1
    outer loop
      vertex 13.2861 118.33 76
      vertex 11.5 114.5 76
      vertex 12.9645 118.036 76
    endloop
  endfacet
  facet normal 0 0 -1
    outer loop
      vertex 11.5 16.5 76
      vertex 11.9685 14.3869 76
      vertex 11.8015 14.7899 76
    endloop
  endfacet
  facet normal 0 0 -1
    outer loop
      vertex 12.9645 118.036 76
      vertex 11.5 114.5 76
      vertex 12.6698 117.714 76
    endloop
  endfacet
  facet normal 0 0 -1
    outer loop
      vertex 11.5 16.5 76
      vertex 11.8015 14.7899 76
      vertex 11.6704 15.2059 76
    endloop
  endfacet
  facet normal 0 0 -1
    outer loop
      vertex 12.6698 117.714 76
      vertex 11.5 114.5 76
      vertex 12.4042 117.368 76
    endloop
  endfacet
  facet normal 0 0 -1
    outer loop
      vertex 11.5 16.5 76
      vertex 11.6704 15.2059 76
      vertex 11.576 15.6318 76
    endloop
  endfacet
  facet normal 0 0 -1
    outer loop
      vertex 12.4042 117.368 76
      vertex 11.5 114.5 76
      vertex 12.1699 117 76
    endloop
  endfacet
  facet normal 0 0 -1
    outer loop
      vertex 11.5 16.5 76
      vertex 11.576 15.6318 76
      vertex 11.519 16.0642 76
    endloop
  endfacet
  facet normal 0 0 -1
    outer loop
      vertex 16.5 11.5 76
      vertex 11.5 18 76
      vertex 11.5 24 76
    endloop
  endfacet
  facet normal 0 0 -1
    outer loop
      vertex 16.5 11.5 76
      vertex 11.5 16.5 76
      vertex 11.5 18 76
    endloop
  endfacet
  facet normal 0 0 -1
    outer loop
      vertex 12.1699 117 76
      vertex 11.5 114.5 76
      vertex 11.9685 116.613 76
    endloop
  endfacet
  facet normal 0 0 -1
    outer loop
      vertex 11.9685 116.613 76
      vertex 11.5 114.5 76
      vertex 11.8015 116.21 76
    endloop
  endfacet
  facet normal 0 0 -1
    outer loop
      vertex 11.8015 116.21 76
      vertex 11.5 114.5 76
      vertex 11.6704 115.794 76
    endloop
  endfacet
  facet normal 0 0 -1
    outer loop
      vertex 11.6704 115.794 76
      vertex 11.5 114.5 76
      vertex 11.576 115.368 76
    endloop
  endfacet
  facet normal 0 0 -1
    outer loop
      vertex 11.576 115.368 76
      vertex 11.5 114.5 76
      vertex 11.519 114.936 76
    endloop
  endfacet
  facet normal 0 0 -1
    outer loop
      vertex 119.5 24 76
      vertex 109.5 52.2223 76
      vertex 109.933 53.5943 76
    endloop
  endfacet
  facet normal -0.991438 -0.130577 -6.2549e-18
    outer loop
      vertex 111.325 69.5092 76
      vertex 110.801 73.4878 84
      vertex 110.801 73.4878 76
    endloop
  endfacet
  facet normal -0.991438 -0.130577 -6.2549e-18
    outer loop
      vertex 110.801 73.4878 84
      vertex 111.325 69.5092 76
      vertex 111.325 69.5092 84
    endloop
  endfacet
  facet normal -0.999049 -0.0436081 8.14474e-19
    outer loop
      vertex 111.5 65.5 76
      vertex 111.325 69.5092 84
      vertex 111.325 69.5092 76
    endloop
  endfacet
  facet normal -0.999049 -0.0436081 8.14474e-19
    outer loop
      vertex 111.325 69.5092 84
      vertex 111.5 65.5 76
      vertex 111.5 65.5 84
    endloop
  endfacet
  facet normal -0.976326 -0.216302 2.92192e-18
    outer loop
      vertex 110.801 73.4878 76
      vertex 109.933 77.4057 84
      vertex 109.933 77.4057 76
    endloop
  endfacet
  facet normal -0.976326 -0.216302 2.92192e-18
    outer loop
      vertex 109.933 77.4057 84
      vertex 110.801 73.4878 76
      vertex 110.801 73.4878 84
    endloop
  endfacet
  facet normal -0.953635 -0.300965 1.73042e-18
    outer loop
      vertex 109.933 77.4057 76
      vertex 109.5 78.7777 84
      vertex 109.5 78.7777 76
    endloop
  endfacet
  facet normal -0.953635 -0.300965 1.73042e-18
    outer loop
      vertex 109.5 78.7777 84
      vertex 109.933 77.4057 76
      vertex 109.933 77.4057 84
    endloop
  endfacet
  facet normal -0.300965 -0.953635 0
    outer loop
      vertex 77.4057 109.933 76
      vertex 78.7777 109.5 84
      vertex 77.4057 109.933 84
    endloop
  endfacet
  facet normal -0.300965 -0.953635 -0
    outer loop
      vertex 78.7777 109.5 84
      vertex 77.4057 109.933 76
      vertex 78.7777 109.5 76
    endloop
  endfacet
  facet normal 0.216302 -0.976326 0
    outer loop
      vertex 53.5943 109.933 76
      vertex 57.5122 110.801 84
      vertex 53.5943 109.933 84
    endloop
  endfacet
  facet normal 0.216302 -0.976326 0
    outer loop
      vertex 57.5122 110.801 84
      vertex 53.5943 109.933 76
      vertex 57.5122 110.801 76
    endloop
  endfacet
  facet normal 0.0436081 0.999049 -0
    outer loop
      vertex 65.5 19.5 76
      vertex 61.4908 19.675 84
      vertex 65.5 19.5 84
    endloop
  endfacet
  facet normal 0.0436081 0.999049 0
    outer loop
      vertex 61.4908 19.675 84
      vertex 65.5 19.5 76
      vertex 61.4908 19.675 76
    endloop
  endfacet
  facet normal 0.953715 -0.300712 -3.11576e-18
    outer loop
      vertex 21.0674 77.4057 84
      vertex 21.5 78.7777 76
      vertex 21.5 78.7777 84
    endloop
  endfacet
  facet normal 0.953715 -0.300712 -3.11576e-18
    outer loop
      vertex 21.5 78.7777 76
      vertex 21.0674 77.4057 84
      vertex 21.0674 77.4057 76
    endloop
  endfacet
  facet normal -0.216445 0.976295 0
    outer loop
      vertex 77.4057 21.0674 76
      vertex 73.4878 20.1988 84
      vertex 77.4057 21.0674 84
    endloop
  endfacet
  facet normal -0.216445 0.976295 0
    outer loop
      vertex 73.4878 20.1988 84
      vertex 77.4057 21.0674 76
      vertex 73.4878 20.1988 76
    endloop
  endfacet
  facet normal -0.991438 0.130577 3.04564e-18
    outer loop
      vertex 110.801 57.5122 76
      vertex 111.325 61.4908 84
      vertex 111.325 61.4908 76
    endloop
  endfacet
  facet normal -0.991438 0.130577 3.04564e-18
    outer loop
      vertex 111.325 61.4908 84
      vertex 110.801 57.5122 76
      vertex 110.801 57.5122 84
    endloop
  endfacet
  facet normal 0.999049 0.0436081 4.8802e-19
    outer loop
      vertex 19.675 61.4908 84
      vertex 19.5 65.5 76
      vertex 19.5 65.5 84
    endloop
  endfacet
  facet normal 0.999049 0.0436081 4.8802e-19
    outer loop
      vertex 19.5 65.5 76
      vertex 19.675 61.4908 84
      vertex 19.675 61.4908 76
    endloop
  endfacet
  facet normal 0.953715 0.300712 3.11576e-18
    outer loop
      vertex 21.5 52.2223 84
      vertex 21.0674 53.5943 76
      vertex 21.0674 53.5943 84
    endloop
  endfacet
  facet normal 0.953715 0.300712 3.11576e-18
    outer loop
      vertex 21.0674 53.5943 76
      vertex 21.5 52.2223 84
      vertex 21.5 52.2223 76
    endloop
  endfacet
  facet normal -0.976326 0.216302 -2.92192e-18
    outer loop
      vertex 109.933 53.5943 76
      vertex 110.801 57.5122 84
      vertex 110.801 57.5122 76
    endloop
  endfacet
  facet normal -0.976326 0.216302 -2.92192e-18
    outer loop
      vertex 110.801 57.5122 84
      vertex 109.933 53.5943 76
      vertex 109.933 53.5943 84
    endloop
  endfacet
  facet normal -0.0436081 0.999049 0
    outer loop
      vertex 69.5092 19.675 76
      vertex 65.5 19.5 84
      vertex 69.5092 19.675 84
    endloop
  endfacet
  facet normal -0.0436081 0.999049 0
    outer loop
      vertex 65.5 19.5 84
      vertex 69.5092 19.675 76
      vertex 65.5 19.5 76
    endloop
  endfacet
  facet normal -0.300712 0.953715 0
    outer loop
      vertex 78.7777 21.5 76
      vertex 77.4057 21.0674 84
      vertex 78.7777 21.5 84
    endloop
  endfacet
  facet normal -0.300712 0.953715 0
    outer loop
      vertex 77.4057 21.0674 84
      vertex 78.7777 21.5 76
      vertex 77.4057 21.0674 76
    endloop
  endfacet
  facet normal 0.300965 -0.953635 0
    outer loop
      vertex 52.2223 109.5 76
      vertex 53.5943 109.933 84
      vertex 52.2223 109.5 84
    endloop
  endfacet
  facet normal 0.300965 -0.953635 0
    outer loop
      vertex 53.5943 109.933 84
      vertex 52.2223 109.5 76
      vertex 53.5943 109.933 76
    endloop
  endfacet
  facet normal 0.0436081 -0.999049 0
    outer loop
      vertex 61.4908 111.325 76
      vertex 65.5 111.5 84
      vertex 61.4908 111.325 84
    endloop
  endfacet
  facet normal 0.0436081 -0.999049 0
    outer loop
      vertex 65.5 111.5 84
      vertex 61.4908 111.325 76
      vertex 65.5 111.5 76
    endloop
  endfacet
  facet normal -0.216302 -0.976326 0
    outer loop
      vertex 73.4878 110.801 76
      vertex 77.4057 109.933 84
      vertex 73.4878 110.801 84
    endloop
  endfacet
  facet normal -0.216302 -0.976326 -0
    outer loop
      vertex 77.4057 109.933 84
      vertex 73.4878 110.801 76
      vertex 77.4057 109.933 76
    endloop
  endfacet
  facet normal -0.999049 0.0436081 -1.50611e-18
    outer loop
      vertex 111.325 61.4908 76
      vertex 111.5 65.5 84
      vertex 111.5 65.5 76
    endloop
  endfacet
  facet normal -0.999049 0.0436081 -1.50611e-18
    outer loop
      vertex 111.5 65.5 84
      vertex 111.325 61.4908 76
      vertex 111.325 61.4908 84
    endloop
  endfacet
  facet normal 0.991445 -0.130528 2.49149e-18
    outer loop
      vertex 19.675 69.5092 84
      vertex 20.1988 73.4878 76
      vertex 20.1988 73.4878 84
    endloop
  endfacet
  facet normal 0.991445 -0.130528 2.49149e-18
    outer loop
      vertex 20.1988 73.4878 76
      vertex 19.675 69.5092 84
      vertex 19.675 69.5092 76
    endloop
  endfacet
  facet normal -0.130528 0.991445 0
    outer loop
      vertex 73.4878 20.1988 76
      vertex 69.5092 19.675 84
      vertex 73.4878 20.1988 84
    endloop
  endfacet
  facet normal -0.130528 0.991445 0
    outer loop
      vertex 69.5092 19.675 84
      vertex 73.4878 20.1988 76
      vertex 69.5092 19.675 76
    endloop
  endfacet
  facet normal 0.130577 -0.991438 0
    outer loop
      vertex 57.5122 110.801 76
      vertex 61.4908 111.325 84
      vertex 57.5122 110.801 84
    endloop
  endfacet
  facet normal 0.130577 -0.991438 0
    outer loop
      vertex 61.4908 111.325 84
      vertex 57.5122 110.801 76
      vertex 61.4908 111.325 76
    endloop
  endfacet
  facet normal 0.976295 -0.216445 -5.49864e-18
    outer loop
      vertex 20.1988 73.4878 84
      vertex 21.0674 77.4057 76
      vertex 21.0674 77.4057 84
    endloop
  endfacet
  facet normal 0.976295 -0.216445 -5.49864e-18
    outer loop
      vertex 21.0674 77.4057 76
      vertex 20.1988 73.4878 84
      vertex 20.1988 73.4878 76
    endloop
  endfacet
  facet normal 0.130528 0.991445 -0
    outer loop
      vertex 61.4908 19.675 76
      vertex 57.5122 20.1988 84
      vertex 61.4908 19.675 84
    endloop
  endfacet
  facet normal 0.130528 0.991445 0
    outer loop
      vertex 57.5122 20.1988 84
      vertex 61.4908 19.675 76
      vertex 57.5122 20.1988 76
    endloop
  endfacet
  facet normal -0.0436081 -0.999049 0
    outer loop
      vertex 65.5 111.5 76
      vertex 69.5092 111.325 84
      vertex 65.5 111.5 84
    endloop
  endfacet
  facet normal -0.0436081 -0.999049 -0
    outer loop
      vertex 69.5092 111.325 84
      vertex 65.5 111.5 76
      vertex 69.5092 111.325 76
    endloop
  endfacet
  facet normal 0.976295 0.216445 5.49864e-18
    outer loop
      vertex 21.0674 53.5943 84
      vertex 20.1988 57.5122 76
      vertex 20.1988 57.5122 84
    endloop
  endfacet
  facet normal 0.976295 0.216445 5.49864e-18
    outer loop
      vertex 20.1988 57.5122 76
      vertex 21.0674 53.5943 84
      vertex 21.0674 53.5943 76
    endloop
  endfacet
  facet normal 0.991445 0.130528 8.06311e-19
    outer loop
      vertex 20.1988 57.5122 84
      vertex 19.675 61.4908 76
      vertex 19.675 61.4908 84
    endloop
  endfacet
  facet normal 0.991445 0.130528 8.06311e-19
    outer loop
      vertex 19.675 61.4908 76
      vertex 20.1988 57.5122 84
      vertex 20.1988 57.5122 76
    endloop
  endfacet
  facet normal 0.216445 0.976295 -0
    outer loop
      vertex 57.5122 20.1988 76
      vertex 53.5943 21.0674 84
      vertex 57.5122 20.1988 84
    endloop
  endfacet
  facet normal 0.216445 0.976295 0
    outer loop
      vertex 53.5943 21.0674 84
      vertex 57.5122 20.1988 76
      vertex 53.5943 21.0674 76
    endloop
  endfacet
  facet normal -0.953635 0.300965 -1.73042e-18
    outer loop
      vertex 109.5 52.2223 76
      vertex 109.933 53.5943 84
      vertex 109.933 53.5943 76
    endloop
  endfacet
  facet normal -0.953635 0.300965 -1.73042e-18
    outer loop
      vertex 109.933 53.5943 84
      vertex 109.5 52.2223 76
      vertex 109.5 52.2223 84
    endloop
  endfacet
  facet normal 0.999049 -0.0436081 2.03618e-19
    outer loop
      vertex 19.5 65.5 84
      vertex 19.675 69.5092 76
      vertex 19.675 69.5092 84
    endloop
  endfacet
  facet normal 0.999049 -0.0436081 2.03618e-19
    outer loop
      vertex 19.675 69.5092 76
      vertex 19.5 65.5 84
      vertex 19.5 65.5 76
    endloop
  endfacet
  facet normal -0.130577 -0.991438 0
    outer loop
      vertex 69.5092 111.325 76
      vertex 73.4878 110.801 84
      vertex 69.5092 111.325 84
    endloop
  endfacet
  facet normal -0.130577 -0.991438 -0
    outer loop
      vertex 73.4878 110.801 84
      vertex 69.5092 111.325 76
      vertex 73.4878 110.801 76
    endloop
  endfacet
  facet normal 0.300712 0.953715 -0
    outer loop
      vertex 53.5943 21.0674 76
      vertex 52.2223 21.5 84
      vertex 53.5943 21.0674 84
    endloop
  endfacet
  facet normal 0.300712 0.953715 0
    outer loop
      vertex 52.2223 21.5 84
      vertex 53.5943 21.0674 76
      vertex 52.2223 21.5 76
    endloop
  endfacet
  facet normal -1 0 0
    outer loop
      vertex 109.5 21.5 76
      vertex 109.5 52.2223 84
      vertex 109.5 52.2223 76
    endloop
  endfacet
  facet normal -1 -0 0
    outer loop
      vertex 109.5 52.2223 84
      vertex 109.5 21.5 76
      vertex 109.5 21.5 84
    endloop
  endfacet
  facet normal -1 0 0
    outer loop
      vertex 109.5 78.7777 76
      vertex 109.5 109.5 84
      vertex 109.5 109.5 76
    endloop
  endfacet
  facet normal -1 -0 0
    outer loop
      vertex 109.5 109.5 84
      vertex 109.5 78.7777 76
      vertex 109.5 78.7777 84
    endloop
  endfacet
  facet normal 1 -0 0
    outer loop
      vertex 21.5 78.7777 84
      vertex 21.5 109.5 76
      vertex 21.5 109.5 84
    endloop
  endfacet
  facet normal 1 0 0
    outer loop
      vertex 21.5 109.5 76
      vertex 21.5 78.7777 84
      vertex 21.5 78.7777 76
    endloop
  endfacet
  facet normal 1 -0 0
    outer loop
      vertex 21.5 21.5 84
      vertex 21.5 52.2223 76
      vertex 21.5 52.2223 84
    endloop
  endfacet
  facet normal 1 0 0
    outer loop
      vertex 21.5 52.2223 76
      vertex 21.5 21.5 84
      vertex 21.5 21.5 76
    endloop
  endfacet
  facet normal 0 -1 0
    outer loop
      vertex 21.5 109.5 76
      vertex 52.2223 109.5 84
      vertex 21.5 109.5 84
    endloop
  endfacet
  facet normal 0 -1 -0
    outer loop
      vertex 52.2223 109.5 84
      vertex 21.5 109.5 76
      vertex 52.2223 109.5 76
    endloop
  endfacet
  facet normal 0 -1 0
    outer loop
      vertex 78.7777 109.5 76
      vertex 109.5 109.5 84
      vertex 78.7777 109.5 84
    endloop
  endfacet
  facet normal 0 -1 -0
    outer loop
      vertex 109.5 109.5 84
      vertex 78.7777 109.5 76
      vertex 109.5 109.5 76
    endloop
  endfacet
  facet normal 0 1 -0
    outer loop
      vertex 52.2223 21.5 76
      vertex 21.5 21.5 84
      vertex 52.2223 21.5 84
    endloop
  endfacet
  facet normal 0 1 0
    outer loop
      vertex 21.5 21.5 84
      vertex 52.2223 21.5 76
      vertex 21.5 21.5 76
    endloop
  endfacet
  facet normal 0 1 -0
    outer loop
      vertex 109.5 21.5 76
      vertex 78.7777 21.5 84
      vertex 109.5 21.5 84
    endloop
  endfacet
  facet normal 0 1 0
    outer loop
      vertex 78.7777 21.5 84
      vertex 109.5 21.5 76
      vertex 78.7777 21.5 76
    endloop
  endfacet
  facet normal -1 0 0
    outer loop
      vertex 129 18.0526 0
      vertex 129 23.9474 50
      vertex 129 23.9474 0
    endloop
  endfacet
  facet normal -1 -0 0
    outer loop
      vertex 129 23.9474 50
      vertex 129 18.0526 0
      vertex 129 18.0526 50
    endloop
  endfacet
  facet normal -1 0 0
    outer loop
      vertex 129 107.053 0
      vertex 129 112.947 50
      vertex 129 112.947 0
    endloop
  endfacet
  facet normal -1 -0 0
    outer loop
      vertex 129 112.947 50
      vertex 129 107.053 0
      vertex 129 107.053 50
    endloop
  endfacet
  facet normal 0 0 -1
    outer loop
      vertex 3.5 18 50
      vertex 6 20.5 50
      vertex 5.99049 20.2821 50
    endloop
  endfacet
  facet normal -0 0 -1
    outer loop
      vertex 6 20.5 50
      vertex 3.5 18 50
      vertex 6 21.5 50
    endloop
  endfacet
  facet normal 0 0 -1
    outer loop
      vertex 3.5 18 50
      vertex 5.99049 20.2821 50
      vertex 5.96202 20.0659 50
    endloop
  endfacet
  facet normal 0 0 -1
    outer loop
      vertex 3.5 24 50
      vertex 6 21.5 50
      vertex 3.5 18 50
    endloop
  endfacet
  facet normal 0 0 -1
    outer loop
      vertex 3.5 18 50
      vertex 5.96202 20.0659 50
      vertex 5.91481 19.853 50
    endloop
  endfacet
  facet normal 0 0 -1
    outer loop
      vertex 6 21.5 50
      vertex 3.5 24 50
      vertex 5.99049 21.7179 50
    endloop
  endfacet
  facet normal 0 0 -1
    outer loop
      vertex 3.5 18 50
      vertex 5.91481 19.853 50
      vertex 5.84923 19.6449 50
    endloop
  endfacet
  facet normal 0 0 -1
    outer loop
      vertex 5.99049 21.7179 50
      vertex 3.5 24 50
      vertex 5.96202 21.9341 50
    endloop
  endfacet
  facet normal 0 0 -1
    outer loop
      vertex 3.5 18 50
      vertex 5.84923 19.6449 50
      vertex 5.76577 19.4435 50
    endloop
  endfacet
  facet normal 0 0 -1
    outer loop
      vertex 5.96202 21.9341 50
      vertex 3.5 24 50
      vertex 5.91481 22.147 50
    endloop
  endfacet
  facet normal 0 0 -1
    outer loop
      vertex 3.5 18 50
      vertex 5.76577 19.4435 50
      vertex 5.66506 19.25 50
    endloop
  endfacet
  facet normal 0 0 -1
    outer loop
      vertex 5.91481 22.147 50
      vertex 3.5 24 50
      vertex 5.84923 22.355 50
    endloop
  endfacet
  facet normal 0 0 -1
    outer loop
      vertex 3.5 18 50
      vertex 5.66506 19.25 50
      vertex 5.54788 19.0661 50
    endloop
  endfacet
  facet normal 0 0 -1
    outer loop
      vertex 5.84923 22.355 50
      vertex 3.5 24 50
      vertex 5.76577 22.5565 50
    endloop
  endfacet
  facet normal 0 0 -1
    outer loop
      vertex 3.5 18 50
      vertex 5.54788 19.0661 50
      vertex 5.41511 18.893 50
    endloop
  endfacet
  facet normal 0 0 -1
    outer loop
      vertex 5.76577 22.5565 50
      vertex 3.5 24 50
      vertex 5.66506 22.75 50
    endloop
  endfacet
  facet normal 0 0 -1
    outer loop
      vertex 3.5 18 50
      vertex 5.41511 18.893 50
      vertex 5.26777 18.7322 50
    endloop
  endfacet
  facet normal 0 0 -1
    outer loop
      vertex 5.66506 22.75 50
      vertex 3.5 24 50
      vertex 5.54788 22.9339 50
    endloop
  endfacet
  facet normal 0 0 -1
    outer loop
      vertex 3.5 18 50
      vertex 5.26777 18.7322 50
      vertex 5.10697 18.5849 50
    endloop
  endfacet
  facet normal 0 0 -1
    outer loop
      vertex 5.54788 22.9339 50
      vertex 3.5 24 50
      vertex 5.41511 23.107 50
    endloop
  endfacet
  facet normal 0 0 -1
    outer loop
      vertex 3.5 18 50
      vertex 5.10697 18.5849 50
      vertex 4.93394 18.4521 50
    endloop
  endfacet
  facet normal 0 0 -1
    outer loop
      vertex 5.41511 23.107 50
      vertex 3.5 24 50
      vertex 5.26777 23.2678 50
    endloop
  endfacet
  facet normal 0 0 -1
    outer loop
      vertex 3.5 18 50
      vertex 4.93394 18.4521 50
      vertex 4.75 18.3349 50
    endloop
  endfacet
  facet normal 0 0 -1
    outer loop
      vertex 5.26777 23.2678 50
      vertex 3.5 24 50
      vertex 5.10697 23.4151 50
    endloop
  endfacet
  facet normal 0 0 -1
    outer loop
      vertex 3.5 18 50
      vertex 4.75 18.3349 50
      vertex 4.55655 18.2342 50
    endloop
  endfacet
  facet normal 0 0 -1
    outer loop
      vertex 5.10697 23.4151 50
      vertex 3.5 24 50
      vertex 4.93394 23.5479 50
    endloop
  endfacet
  facet normal 0 0 -1
    outer loop
      vertex 3.5 18 50
      vertex 4.55655 18.2342 50
      vertex 4.35505 18.1508 50
    endloop
  endfacet
  facet normal 0 0 -1
    outer loop
      vertex 4.93394 23.5479 50
      vertex 3.5 24 50
      vertex 4.75 23.6651 50
    endloop
  endfacet
  facet normal 0 0 -1
    outer loop
      vertex 3.5 18 50
      vertex 4.35505 18.1508 50
      vertex 4.14705 18.0852 50
    endloop
  endfacet
  facet normal 0 0 -1
    outer loop
      vertex 4.75 23.6651 50
      vertex 3.5 24 50
      vertex 4.55655 23.7658 50
    endloop
  endfacet
  facet normal 0 0 -1
    outer loop
      vertex 3.5 18 50
      vertex 4.14705 18.0852 50
      vertex 3.93412 18.038 50
    endloop
  endfacet
  facet normal 0 0 -1
    outer loop
      vertex 4.55655 23.7658 50
      vertex 3.5 24 50
      vertex 4.35505 23.8492 50
    endloop
  endfacet
  facet normal 0 0 -1
    outer loop
      vertex 3.5 18 50
      vertex 3.93412 18.038 50
      vertex 3.71789 18.0095 50
    endloop
  endfacet
  facet normal 0 0 -1
    outer loop
      vertex 4.35505 23.8492 50
      vertex 3.5 24 50
      vertex 4.14705 23.9148 50
    endloop
  endfacet
  facet normal 0 0 -1
    outer loop
      vertex 4.14705 23.9148 50
      vertex 3.5 24 50
      vertex 3.93412 23.962 50
    endloop
  endfacet
  facet normal 0 0 -1
    outer loop
      vertex 3.93412 23.962 50
      vertex 3.5 24 50
      vertex 3.71789 23.9905 50
    endloop
  endfacet
  facet normal 0 0 -1
    outer loop
      vertex 2.5 18 50
      vertex 3.5 24 50
      vertex 3.5 18 50
    endloop
  endfacet
  facet normal 0 0 -1
    outer loop
      vertex 2.5 18 50
      vertex 2.5 24 50
      vertex 3.5 24 50
    endloop
  endfacet
  facet normal 0 0 -1
    outer loop
      vertex 2 18.0526 50
      vertex 2.5 18 50
      vertex 2.28211 18.0095 50
    endloop
  endfacet
  facet normal 0 0 -1
    outer loop
      vertex 2.5 18 50
      vertex 2 18.0526 50
      vertex 2.5 24 50
    endloop
  endfacet
  facet normal 0 0 -1
    outer loop
      vertex 2 18.0526 50
      vertex 2.28211 18.0095 50
      vertex 2.06588 18.038 50
    endloop
  endfacet
  facet normal 0 0 -1
    outer loop
      vertex 2 23.9474 50
      vertex 2.5 24 50
      vertex 2 18.0526 50
    endloop
  endfacet
  facet normal 0 0 -1
    outer loop
      vertex 2.5 24 50
      vertex 2 23.9474 50
      vertex 2.28211 23.9905 50
    endloop
  endfacet
  facet normal 0 0 -1
    outer loop
      vertex 2.28211 23.9905 50
      vertex 2 23.9474 50
      vertex 2.06588 23.962 50
    endloop
  endfacet
  facet normal 0 0 -1
    outer loop
      vertex 3.5 107 50
      vertex 6 109.5 50
      vertex 5.99049 109.282 50
    endloop
  endfacet
  facet normal -0 0 -1
    outer loop
      vertex 6 109.5 50
      vertex 3.5 107 50
      vertex 6 110.5 50
    endloop
  endfacet
  facet normal 0 0 -1
    outer loop
      vertex 3.5 107 50
      vertex 5.99049 109.282 50
      vertex 5.96202 109.066 50
    endloop
  endfacet
  facet normal 0 0 -1
    outer loop
      vertex 3.5 113 50
      vertex 6 110.5 50
      vertex 3.5 107 50
    endloop
  endfacet
  facet normal 0 0 -1
    outer loop
      vertex 3.5 107 50
      vertex 5.96202 109.066 50
      vertex 5.91481 108.853 50
    endloop
  endfacet
  facet normal 0 0 -1
    outer loop
      vertex 6 110.5 50
      vertex 3.5 113 50
      vertex 5.99049 110.718 50
    endloop
  endfacet
  facet normal 0 0 -1
    outer loop
      vertex 3.5 107 50
      vertex 5.91481 108.853 50
      vertex 5.84923 108.645 50
    endloop
  endfacet
  facet normal 0 0 -1
    outer loop
      vertex 5.99049 110.718 50
      vertex 3.5 113 50
      vertex 5.96202 110.934 50
    endloop
  endfacet
  facet normal 0 0 -1
    outer loop
      vertex 3.5 107 50
      vertex 5.84923 108.645 50
      vertex 5.76577 108.443 50
    endloop
  endfacet
  facet normal 0 0 -1
    outer loop
      vertex 5.96202 110.934 50
      vertex 3.5 113 50
      vertex 5.91481 111.147 50
    endloop
  endfacet
  facet normal 0 0 -1
    outer loop
      vertex 3.5 107 50
      vertex 5.76577 108.443 50
      vertex 5.66506 108.25 50
    endloop
  endfacet
  facet normal 0 0 -1
    outer loop
      vertex 5.91481 111.147 50
      vertex 3.5 113 50
      vertex 5.84923 111.355 50
    endloop
  endfacet
  facet normal 0 0 -1
    outer loop
      vertex 3.5 107 50
      vertex 5.66506 108.25 50
      vertex 5.54788 108.066 50
    endloop
  endfacet
  facet normal 0 0 -1
    outer loop
      vertex 5.84923 111.355 50
      vertex 3.5 113 50
      vertex 5.76577 111.557 50
    endloop
  endfacet
  facet normal 0 0 -1
    outer loop
      vertex 3.5 107 50
      vertex 5.54788 108.066 50
      vertex 5.41511 107.893 50
    endloop
  endfacet
  facet normal 0 0 -1
    outer loop
      vertex 5.76577 111.557 50
      vertex 3.5 113 50
      vertex 5.66506 111.75 50
    endloop
  endfacet
  facet normal 0 0 -1
    outer loop
      vertex 3.5 107 50
      vertex 5.41511 107.893 50
      vertex 5.26777 107.732 50
    endloop
  endfacet
  facet normal 0 0 -1
    outer loop
      vertex 5.66506 111.75 50
      vertex 3.5 113 50
      vertex 5.54788 111.934 50
    endloop
  endfacet
  facet normal 0 0 -1
    outer loop
      vertex 3.5 107 50
      vertex 5.26777 107.732 50
      vertex 5.10697 107.585 50
    endloop
  endfacet
  facet normal 0 0 -1
    outer loop
      vertex 5.54788 111.934 50
      vertex 3.5 113 50
      vertex 5.41511 112.107 50
    endloop
  endfacet
  facet normal 0 0 -1
    outer loop
      vertex 3.5 107 50
      vertex 5.10697 107.585 50
      vertex 4.93394 107.452 50
    endloop
  endfacet
  facet normal 0 0 -1
    outer loop
      vertex 5.41511 112.107 50
      vertex 3.5 113 50
      vertex 5.26777 112.268 50
    endloop
  endfacet
  facet normal 0 0 -1
    outer loop
      vertex 3.5 107 50
      vertex 4.93394 107.452 50
      vertex 4.75 107.335 50
    endloop
  endfacet
  facet normal 0 0 -1
    outer loop
      vertex 5.26777 112.268 50
      vertex 3.5 113 50
      vertex 5.10697 112.415 50
    endloop
  endfacet
  facet normal 0 0 -1
    outer loop
      vertex 3.5 107 50
      vertex 4.75 107.335 50
      vertex 4.55655 107.234 50
    endloop
  endfacet
  facet normal 0 0 -1
    outer loop
      vertex 5.10697 112.415 50
      vertex 3.5 113 50
      vertex 4.93394 112.548 50
    endloop
  endfacet
  facet normal 0 0 -1
    outer loop
      vertex 3.5 107 50
      vertex 4.55655 107.234 50
      vertex 4.35505 107.151 50
    endloop
  endfacet
  facet normal 0 0 -1
    outer loop
      vertex 4.93394 112.548 50
      vertex 3.5 113 50
      vertex 4.75 112.665 50
    endloop
  endfacet
  facet normal 0 0 -1
    outer loop
      vertex 3.5 107 50
      vertex 4.35505 107.151 50
      vertex 4.14705 107.085 50
    endloop
  endfacet
  facet normal 0 0 -1
    outer loop
      vertex 4.75 112.665 50
      vertex 3.5 113 50
      vertex 4.55655 112.766 50
    endloop
  endfacet
  facet normal 0 0 -1
    outer loop
      vertex 3.5 107 50
      vertex 4.14705 107.085 50
      vertex 3.93412 107.038 50
    endloop
  endfacet
  facet normal 0 0 -1
    outer loop
      vertex 4.55655 112.766 50
      vertex 3.5 113 50
      vertex 4.35505 112.849 50
    endloop
  endfacet
  facet normal 0 0 -1
    outer loop
      vertex 3.5 107 50
      vertex 3.93412 107.038 50
      vertex 3.71789 107.01 50
    endloop
  endfacet
  facet normal 0 0 -1
    outer loop
      vertex 4.35505 112.849 50
      vertex 3.5 113 50
      vertex 4.14705 112.915 50
    endloop
  endfacet
  facet normal 0 0 -1
    outer loop
      vertex 4.14705 112.915 50
      vertex 3.5 113 50
      vertex 3.93412 112.962 50
    endloop
  endfacet
  facet normal 0 0 -1
    outer loop
      vertex 3.93412 112.962 50
      vertex 3.5 113 50
      vertex 3.71789 112.99 50
    endloop
  endfacet
  facet normal 0 0 -1
    outer loop
      vertex 2.5 107 50
      vertex 3.5 113 50
      vertex 3.5 107 50
    endloop
  endfacet
  facet normal 0 0 -1
    outer loop
      vertex 2.5 107 50
      vertex 2.5 113 50
      vertex 3.5 113 50
    endloop
  endfacet
  facet normal 0 0 -1
    outer loop
      vertex 2 107.053 50
      vertex 2.5 107 50
      vertex 2.28211 107.01 50
    endloop
  endfacet
  facet normal 0 0 -1
    outer loop
      vertex 2.5 107 50
      vertex 2 107.053 50
      vertex 2.5 113 50
    endloop
  endfacet
  facet normal 0 0 -1
    outer loop
      vertex 2 107.053 50
      vertex 2.28211 107.01 50
      vertex 2.06588 107.038 50
    endloop
  endfacet
  facet normal 0 0 -1
    outer loop
      vertex 2 112.947 50
      vertex 2.5 113 50
      vertex 2 107.053 50
    endloop
  endfacet
  facet normal 0 0 -1
    outer loop
      vertex 2.5 113 50
      vertex 2 112.947 50
      vertex 2.28211 112.99 50
    endloop
  endfacet
  facet normal 0 0 -1
    outer loop
      vertex 2.28211 112.99 50
      vertex 2 112.947 50
      vertex 2.06588 112.962 50
    endloop
  endfacet
  facet normal 0 0 -1
    outer loop
      vertex 128.718 18.0095 50
      vertex 129 18.0526 50
      vertex 128.934 18.038 50
    endloop
  endfacet
  facet normal -0 0 -1
    outer loop
      vertex 129 18.0526 50
      vertex 128.5 18 50
      vertex 129 23.9474 50
    endloop
  endfacet
  facet normal 0 0 -1
    outer loop
      vertex 129 18.0526 50
      vertex 128.718 18.0095 50
      vertex 128.5 18 50
    endloop
  endfacet
  facet normal 0 0 -1
    outer loop
      vertex 128.5 24 50
      vertex 129 23.9474 50
      vertex 128.5 18 50
    endloop
  endfacet
  facet normal -0 -0 -1
    outer loop
      vertex 128.718 23.9905 50
      vertex 129 23.9474 50
      vertex 128.5 24 50
    endloop
  endfacet
  facet normal 0 0 -1
    outer loop
      vertex 129 23.9474 50
      vertex 128.718 23.9905 50
      vertex 128.934 23.962 50
    endloop
  endfacet
  facet normal 0 0 -1
    outer loop
      vertex 127.5 18 50
      vertex 128.5 24 50
      vertex 128.5 18 50
    endloop
  endfacet
  facet normal 0 0 -1
    outer loop
      vertex 127.5 18 50
      vertex 127.5 24 50
      vertex 128.5 24 50
    endloop
  endfacet
  facet normal 0 0 -1
    outer loop
      vertex 125 20.5 50
      vertex 127.5 18 50
      vertex 127.282 18.0095 50
    endloop
  endfacet
  facet normal 0 0 -1
    outer loop
      vertex 127.5 18 50
      vertex 125 20.5 50
      vertex 127.5 24 50
    endloop
  endfacet
  facet normal 0 0 -1
    outer loop
      vertex 125 20.5 50
      vertex 127.282 18.0095 50
      vertex 127.066 18.038 50
    endloop
  endfacet
  facet normal 0 0 -1
    outer loop
      vertex 125 21.5 50
      vertex 127.5 24 50
      vertex 125 20.5 50
    endloop
  endfacet
  facet normal 0 0 -1
    outer loop
      vertex 125 20.5 50
      vertex 127.066 18.038 50
      vertex 126.853 18.0852 50
    endloop
  endfacet
  facet normal 0 0 -1
    outer loop
      vertex 127.5 24 50
      vertex 125 21.5 50
      vertex 127.282 23.9905 50
    endloop
  endfacet
  facet normal 0 0 -1
    outer loop
      vertex 125 20.5 50
      vertex 126.853 18.0852 50
      vertex 126.645 18.1508 50
    endloop
  endfacet
  facet normal 0 0 -1
    outer loop
      vertex 127.282 23.9905 50
      vertex 125 21.5 50
      vertex 127.066 23.962 50
    endloop
  endfacet
  facet normal 0 0 -1
    outer loop
      vertex 125 20.5 50
      vertex 126.645 18.1508 50
      vertex 126.443 18.2342 50
    endloop
  endfacet
  facet normal 0 0 -1
    outer loop
      vertex 127.066 23.962 50
      vertex 125 21.5 50
      vertex 126.853 23.9148 50
    endloop
  endfacet
  facet normal 0 0 -1
    outer loop
      vertex 125 20.5 50
      vertex 126.443 18.2342 50
      vertex 126.25 18.3349 50
    endloop
  endfacet
  facet normal 0 0 -1
    outer loop
      vertex 126.853 23.9148 50
      vertex 125 21.5 50
      vertex 126.645 23.8492 50
    endloop
  endfacet
  facet normal 0 0 -1
    outer loop
      vertex 125 20.5 50
      vertex 126.25 18.3349 50
      vertex 126.066 18.4521 50
    endloop
  endfacet
  facet normal 0 0 -1
    outer loop
      vertex 126.645 23.8492 50
      vertex 125 21.5 50
      vertex 126.443 23.7658 50
    endloop
  endfacet
  facet normal 0 0 -1
    outer loop
      vertex 125 20.5 50
      vertex 126.066 18.4521 50
      vertex 125.893 18.5849 50
    endloop
  endfacet
  facet normal 0 0 -1
    outer loop
      vertex 126.443 23.7658 50
      vertex 125 21.5 50
      vertex 126.25 23.6651 50
    endloop
  endfacet
  facet normal 0 0 -1
    outer loop
      vertex 125 20.5 50
      vertex 125.893 18.5849 50
      vertex 125.732 18.7322 50
    endloop
  endfacet
  facet normal 0 0 -1
    outer loop
      vertex 126.25 23.6651 50
      vertex 125 21.5 50
      vertex 126.066 23.5479 50
    endloop
  endfacet
  facet normal 0 0 -1
    outer loop
      vertex 125 20.5 50
      vertex 125.732 18.7322 50
      vertex 125.585 18.893 50
    endloop
  endfacet
  facet normal 0 0 -1
    outer loop
      vertex 126.066 23.5479 50
      vertex 125 21.5 50
      vertex 125.893 23.4151 50
    endloop
  endfacet
  facet normal 0 0 -1
    outer loop
      vertex 125 20.5 50
      vertex 125.585 18.893 50
      vertex 125.452 19.0661 50
    endloop
  endfacet
  facet normal 0 0 -1
    outer loop
      vertex 125.893 23.4151 50
      vertex 125 21.5 50
      vertex 125.732 23.2678 50
    endloop
  endfacet
  facet normal 0 0 -1
    outer loop
      vertex 125 20.5 50
      vertex 125.452 19.0661 50
      vertex 125.335 19.25 50
    endloop
  endfacet
  facet normal 0 0 -1
    outer loop
      vertex 125.732 23.2678 50
      vertex 125 21.5 50
      vertex 125.585 23.107 50
    endloop
  endfacet
  facet normal 0 0 -1
    outer loop
      vertex 125 20.5 50
      vertex 125.335 19.25 50
      vertex 125.234 19.4435 50
    endloop
  endfacet
  facet normal 0 0 -1
    outer loop
      vertex 125.585 23.107 50
      vertex 125 21.5 50
      vertex 125.452 22.9339 50
    endloop
  endfacet
  facet normal 0 0 -1
    outer loop
      vertex 125 20.5 50
      vertex 125.234 19.4435 50
      vertex 125.151 19.6449 50
    endloop
  endfacet
  facet normal 0 0 -1
    outer loop
      vertex 125.452 22.9339 50
      vertex 125 21.5 50
      vertex 125.335 22.75 50
    endloop
  endfacet
  facet normal 0 0 -1
    outer loop
      vertex 125 20.5 50
      vertex 125.151 19.6449 50
      vertex 125.085 19.853 50
    endloop
  endfacet
  facet normal 0 0 -1
    outer loop
      vertex 125.335 22.75 50
      vertex 125 21.5 50
      vertex 125.234 22.5565 50
    endloop
  endfacet
  facet normal 0 0 -1
    outer loop
      vertex 125 20.5 50
      vertex 125.085 19.853 50
      vertex 125.038 20.0659 50
    endloop
  endfacet
  facet normal 0 0 -1
    outer loop
      vertex 125.234 22.5565 50
      vertex 125 21.5 50
      vertex 125.151 22.355 50
    endloop
  endfacet
  facet normal 0 0 -1
    outer loop
      vertex 125 20.5 50
      vertex 125.038 20.0659 50
      vertex 125.01 20.2821 50
    endloop
  endfacet
  facet normal 0 0 -1
    outer loop
      vertex 125.151 22.355 50
      vertex 125 21.5 50
      vertex 125.085 22.147 50
    endloop
  endfacet
  facet normal 0 0 -1
    outer loop
      vertex 125.085 22.147 50
      vertex 125 21.5 50
      vertex 125.038 21.9341 50
    endloop
  endfacet
  facet normal 0 0 -1
    outer loop
      vertex 125.038 21.9341 50
      vertex 125 21.5 50
      vertex 125.01 21.7179 50
    endloop
  endfacet
  facet normal 0 0 -1
    outer loop
      vertex 128.718 107.01 50
      vertex 129 107.053 50
      vertex 128.934 107.038 50
    endloop
  endfacet
  facet normal -0 0 -1
    outer loop
      vertex 129 107.053 50
      vertex 128.5 107 50
      vertex 129 112.947 50
    endloop
  endfacet
  facet normal 0 0 -1
    outer loop
      vertex 129 107.053 50
      vertex 128.718 107.01 50
      vertex 128.5 107 50
    endloop
  endfacet
  facet normal 0 0 -1
    outer loop
      vertex 128.5 113 50
      vertex 129 112.947 50
      vertex 128.5 107 50
    endloop
  endfacet
  facet normal -0 -0 -1
    outer loop
      vertex 128.718 112.99 50
      vertex 129 112.947 50
      vertex 128.5 113 50
    endloop
  endfacet
  facet normal 0 0 -1
    outer loop
      vertex 129 112.947 50
      vertex 128.718 112.99 50
      vertex 128.934 112.962 50
    endloop
  endfacet
  facet normal 0 0 -1
    outer loop
      vertex 127.5 107 50
      vertex 128.5 113 50
      vertex 128.5 107 50
    endloop
  endfacet
  facet normal 0 0 -1
    outer loop
      vertex 127.5 107 50
      vertex 127.5 113 50
      vertex 128.5 113 50
    endloop
  endfacet
  facet normal 0 0 -1
    outer loop
      vertex 125 109.5 50
      vertex 127.5 107 50
      vertex 127.282 107.01 50
    endloop
  endfacet
  facet normal 0 0 -1
    outer loop
      vertex 127.5 107 50
      vertex 125 109.5 50
      vertex 127.5 113 50
    endloop
  endfacet
  facet normal 0 0 -1
    outer loop
      vertex 125 109.5 50
      vertex 127.282 107.01 50
      vertex 127.066 107.038 50
    endloop
  endfacet
  facet normal 0 0 -1
    outer loop
      vertex 125 110.5 50
      vertex 127.5 113 50
      vertex 125 109.5 50
    endloop
  endfacet
  facet normal 0 0 -1
    outer loop
      vertex 125 109.5 50
      vertex 127.066 107.038 50
      vertex 126.853 107.085 50
    endloop
  endfacet
  facet normal 0 0 -1
    outer loop
      vertex 127.5 113 50
      vertex 125 110.5 50
      vertex 127.282 112.99 50
    endloop
  endfacet
  facet normal 0 0 -1
    outer loop
      vertex 125 109.5 50
      vertex 126.853 107.085 50
      vertex 126.645 107.151 50
    endloop
  endfacet
  facet normal 0 0 -1
    outer loop
      vertex 127.282 112.99 50
      vertex 125 110.5 50
      vertex 127.066 112.962 50
    endloop
  endfacet
  facet normal 0 0 -1
    outer loop
      vertex 125 109.5 50
      vertex 126.645 107.151 50
      vertex 126.443 107.234 50
    endloop
  endfacet
  facet normal 0 0 -1
    outer loop
      vertex 127.066 112.962 50
      vertex 125 110.5 50
      vertex 126.853 112.915 50
    endloop
  endfacet
  facet normal 0 0 -1
    outer loop
      vertex 125 109.5 50
      vertex 126.443 107.234 50
      vertex 126.25 107.335 50
    endloop
  endfacet
  facet normal 0 0 -1
    outer loop
      vertex 126.853 112.915 50
      vertex 125 110.5 50
      vertex 126.645 112.849 50
    endloop
  endfacet
  facet normal 0 0 -1
    outer loop
      vertex 125 109.5 50
      vertex 126.25 107.335 50
      vertex 126.066 107.452 50
    endloop
  endfacet
  facet normal 0 0 -1
    outer loop
      vertex 126.645 112.849 50
      vertex 125 110.5 50
      vertex 126.443 112.766 50
    endloop
  endfacet
  facet normal 0 0 -1
    outer loop
      vertex 125 109.5 50
      vertex 126.066 107.452 50
      vertex 125.893 107.585 50
    endloop
  endfacet
  facet normal 0 0 -1
    outer loop
      vertex 126.443 112.766 50
      vertex 125 110.5 50
      vertex 126.25 112.665 50
    endloop
  endfacet
  facet normal 0 0 -1
    outer loop
      vertex 125 109.5 50
      vertex 125.893 107.585 50
      vertex 125.732 107.732 50
    endloop
  endfacet
  facet normal 0 0 -1
    outer loop
      vertex 126.25 112.665 50
      vertex 125 110.5 50
      vertex 126.066 112.548 50
    endloop
  endfacet
  facet normal 0 0 -1
    outer loop
      vertex 125 109.5 50
      vertex 125.732 107.732 50
      vertex 125.585 107.893 50
    endloop
  endfacet
  facet normal 0 0 -1
    outer loop
      vertex 126.066 112.548 50
      vertex 125 110.5 50
      vertex 125.893 112.415 50
    endloop
  endfacet
  facet normal 0 0 -1
    outer loop
      vertex 125 109.5 50
      vertex 125.585 107.893 50
      vertex 125.452 108.066 50
    endloop
  endfacet
  facet normal 0 0 -1
    outer loop
      vertex 125.893 112.415 50
      vertex 125 110.5 50
      vertex 125.732 112.268 50
    endloop
  endfacet
  facet normal 0 0 -1
    outer loop
      vertex 125 109.5 50
      vertex 125.452 108.066 50
      vertex 125.335 108.25 50
    endloop
  endfacet
  facet normal 0 0 -1
    outer loop
      vertex 125.732 112.268 50
      vertex 125 110.5 50
      vertex 125.585 112.107 50
    endloop
  endfacet
  facet normal 0 0 -1
    outer loop
      vertex 125 109.5 50
      vertex 125.335 108.25 50
      vertex 125.234 108.443 50
    endloop
  endfacet
  facet normal 0 0 -1
    outer loop
      vertex 125.585 112.107 50
      vertex 125 110.5 50
      vertex 125.452 111.934 50
    endloop
  endfacet
  facet normal 0 0 -1
    outer loop
      vertex 125 109.5 50
      vertex 125.234 108.443 50
      vertex 125.151 108.645 50
    endloop
  endfacet
  facet normal 0 0 -1
    outer loop
      vertex 125.452 111.934 50
      vertex 125 110.5 50
      vertex 125.335 111.75 50
    endloop
  endfacet
  facet normal 0 0 -1
    outer loop
      vertex 125 109.5 50
      vertex 125.151 108.645 50
      vertex 125.085 108.853 50
    endloop
  endfacet
  facet normal 0 0 -1
    outer loop
      vertex 125.335 111.75 50
      vertex 125 110.5 50
      vertex 125.234 111.557 50
    endloop
  endfacet
  facet normal 0 0 -1
    outer loop
      vertex 125 109.5 50
      vertex 125.085 108.853 50
      vertex 125.038 109.066 50
    endloop
  endfacet
  facet normal 0 0 -1
    outer loop
      vertex 125.234 111.557 50
      vertex 125 110.5 50
      vertex 125.151 111.355 50
    endloop
  endfacet
  facet normal 0 0 -1
    outer loop
      vertex 125 109.5 50
      vertex 125.038 109.066 50
      vertex 125.01 109.282 50
    endloop
  endfacet
  facet normal 0 0 -1
    outer loop
      vertex 125.151 111.355 50
      vertex 125 110.5 50
      vertex 125.085 111.147 50
    endloop
  endfacet
  facet normal 0 0 -1
    outer loop
      vertex 125.085 111.147 50
      vertex 125 110.5 50
      vertex 125.038 110.934 50
    endloop
  endfacet
  facet normal 0 0 -1
    outer loop
      vertex 125.038 110.934 50
      vertex 125 110.5 50
      vertex 125.01 110.718 50
    endloop
  endfacet
  facet normal 1 -0 0
    outer loop
      vertex 2 18.0526 50
      vertex 2 23.9474 0
      vertex 2 23.9474 50
    endloop
  endfacet
  facet normal 1 0 0
    outer loop
      vertex 2 23.9474 0
      vertex 2 18.0526 50
      vertex 2 18.0526 0
    endloop
  endfacet
  facet normal 1 -0 0
    outer loop
      vertex 2 107.053 50
      vertex 2 112.947 0
      vertex 2 112.947 50
    endloop
  endfacet
  facet normal 1 0 0
    outer loop
      vertex 2 112.947 0
      vertex 2 107.053 50
      vertex 2 107.053 0
    endloop
  endfacet
endsolid OpenSCAD_Model
